date,vint_01Q1,vint_01Q2,vint_01Q3,vint_01Q4,vint_02Q1,vint_02Q2,vint_02Q3,vint_02Q4,vint_03Q1,vint_03Q2,vint_03Q3,vint_03Q4,vint_04Q1,vint_04Q2,vint_04Q3,vint_04Q4,vint_05Q1,vint_05Q2,vint_05Q3,vint_05Q4,vint_06Q1,vint_06Q2,vint_06Q3,vint_06Q4,vint_07Q1,vint_07Q2,vint_07Q3,vint_07Q4,vint_08Q1,vint_08Q2,vint_08Q3,vint_08Q4,vint_09Q1,vint_09Q2,vint_09Q3,vint_09Q4,vint_10Q1,vint_10Q2,vint_10Q3,vint_10Q4,vint_11Q1,vint_11Q2,vint_11Q3,vint_11Q4,vint_12Q1,vint_12Q2,vint_12Q3,vint_12Q4,vint_13Q1,vint_13Q2,vint_13Q3,vint_13Q4,vint_14Q1,vint_14Q2,vint_14Q3,vint_14Q4,vint_15Q1,vint_15Q2,vint_15Q3,vint_15Q4,vint_16Q1,vint_16Q2,vint_16Q3,vint_16Q4,vint_17Q1,vint_17Q2,vint_17Q3,vint_17Q4,vint_18Q1,vint_18Q2,vint_18Q3,vint_18Q4,vint_19Q1,vint_19Q2,vint_19Q3,vint_19Q4,vint_20Q1,vint_20Q2,vint_20Q3,vint_20Q4,vint_21Q1,vint_21Q2,vint_21Q3,vint_21Q4,vint_22Q1,vint_22Q2,vint_22Q3,vint_22Q4,vint_23Q1,vint_23Q2,vint_23Q3,vint_23Q4,vint_24Q1,vint_24Q2,vint_24Q3
1970-06-30,,,,,,,,,,,,,,,,,,,,,,,,,,,,,,,,,,,,,,,,,,,,,,,,,,,,,,,,,,,,,,,,,,,,,,,,,,,,,,,,,,,,,,,,,,,,,,,
1970-09-30,,,,,,,,,,,,,,,,,,,,,,,,,,,,,,,,,,,,,,,,,,,,,,,,,,,,,,,,,,,,,,,,,,,,,,,,,,,,,,,,,,,,,,,,,,,,,,,
1970-12-31,,,,,,,,,,,,,,,,,,,,,,,,,,,,,,,,,,,,,,,,,,,,,,,,,,,,,,,,,,,,,,,,,,,,,,,,,,,,,,,,,,,,,,,,,,,,,,,
1971-03-31,,,,,,,,,,,,,,,,,,,,,,,,,,,,,,,,,,,,,,,,,,,,,,,,,,,,,,,,,,,,,,,,,,,,,,,,,,,,,,,,,,,,,,,,,,,,,,,
1971-06-30,,,,,,,,,,,,,,,,,,,,,,,,,,,,,,,,,,,,,,,,,,,,,,,,,,,,,,,,,,,,,,,,,,,,,,,,,,,,,,,,,,,,,,,,,,,,,,,
1971-09-30,,,,,,,,,,,,,,,,,,,,,,,,,,,,,,,,,,,,,,,,,,,,,,,,,,,,,,,,,,,,,,,,,,,,,,,,,,,,,,,,,,,,,,,,,,,,,,,
1971-12-31,,,,,,,,,,,,,,,,,,,,,,,,,,,,,,,,,,,,,,,,,,,,,,,,,,,,,,,,,,,,,,,,,,,,,,,,,,,,,,,,,,,,,,,,,,,,,,,
1972-03-31,,,,,,,,,,,,,,,,,,,,,,,,,,,,,,,,,,,,,,,,,,,,,,,,,,,,,,,,,,,,,,,,,,,,,,,,,,,,,,,,,,,,,,,,,,,,,,,
1972-06-30,0.9166537240676903,0.9168832985736413,0.9181167265213017,0.9197337519204114,0.9200753871653463,0.9208644608896785,0.9215691923269129,0.9219091696096597,0.9221853357447282,0.9221910474946081,0.922256059875025,0.9225729280067657,0.9222117673032804,0.9230103880199942,0.9230943821030954,0.9232703565722385,0.9229294807375561,0.9238651369981266,0.9233720739036947,0.9242575551770313,0.9249701173929175,0.9253560724357308,0.9262173881738571,0.9272571674459943,0.9287865012683298,0.9288436006550074,0.9292729650629579,0.9299860193509142,0.9299386717358855,0.9303521554683063,0.929209404692362,0.9291794252343102,0.9284173637361677,0.9280758196794758,0.9277049159090117,0.9271718078526572,0.9272384732256773,0.9272713539927874,0.9265827777097508,0.9264868201331156,0.9269073735377293,0.9261361281043767,0.9263295628747747,0.9260470070506515,0.925874207919985,0.9251580275324366,0.9250933451371148,0.9244044209357398,0.9238587568478872,0.9242088073361839,0.923711072986347,0.9236174218567179,0.9234381783861869,0.9230715831705838,0.9231667950371705,0.9229540787127285,0.9230695240763948,0.9234964949321032,0.9228575079018659,0.9233910342324905,0.9238272371011439,0.9237937280543623,0.9238277089655014,0.9232687857141533,0.9236237212450689,0.9241327727728648,0.9238121353267676,0.9242491734762862,0.9247774506679449,0.9247662701473269,0.9249802455221017,0.9252140190163496,0.9260927720674041,0.9259418051484221,0.9255765018433615,0.9262703718044373,0.9262564808560807,0.9262585241569523,0.9262166561527643,0.9234104643645177,0.924227813830016,0.925400696800419,0.9247674966120861,0.9249551930715709,0.9257422990306488,0.9257266050621296,0.9251795130929469,0.925243134911408,0.9263003292666085,0.9260329195903635,0.9257246027748827,0.9257677273383516,0.925669064458681,0.9255725539583252,0.9256486536939845
1972-09-30,0.9533595443677041,0.9535821658775,0.9548425347836224,0.9564947311857848,0.9568360133615771,0.957654460730875,0.9583738898477735,0.9587208662528942,0.9589928926140858,0.9590137424623083,0.9591109201839039,0.9594196518008984,0.959056778622779,0.9598721034241855,0.9599521469558757,0.9601251644319644,0.9597774627317759,0.9607414788605946,0.9602278450435205,0.9611445457286742,0.9618620781845266,0.9622458196363853,0.9631229067934817,0.9641870977331509,0.9657407253935693,0.9657852904452162,0.9662284512752767,0.9669568370043095,0.9669134608555187,0.9673169394927787,0.9661571548651524,0.9661090899990465,0.9653132377016848,0.9649792364677382,0.9646260876620183,0.9640861347848892,0.9641543724054654,0.9642056402731869,0.9634879819550038,0.9633874324815396,0.9638343682201265,0.963041079492975,0.9632298915056485,0.9629431240877767,0.9627638529670666,0.9620333339115461,0.961969042783941,0.9612695350381196,0.9607202663177823,0.9610938140355978,0.9605891547410131,0.9604941494307065,0.9603226843721429,0.9599448269334494,0.9600589369827764,0.9598390961781005,0.9599642109120976,0.9604026186671172,0.9597352721323673,0.9602975561745447,0.960735926351338,0.9606980691532866,0.9607405089634763,0.9601665598547804,0.9605324594822421,0.9610517440580679,0.9607182989333666,0.9611757428936608,0.9617086000900029,0.9616945820888311,0.9619198869066093,0.9621472352766608,0.9630448675150753,0.9628959153146869,0.962512997281644,0.9632252545293595,0.9632116953335803,0.963212172346448,0.9631725538172077,0.9603537853809891,0.9611877204844821,0.962373027458414,0.9617188158073928,0.9619075625213315,0.9626907314253396,0.9626484988296328,0.9620779355968382,0.9621329459637242,0.963208934516607,0.9629217071189189,0.9626121089290656,0.962665450288909,0.9625634993824865,0.9624722057269582,0.9625496419160575
1972-12-31,1.0355038422623408,1.035720664456209,1.0370057704512472,1.0386901045813155,1.0390300505047738,1.0398750587922574,1.0406079103992583,1.0409617090090664,1.0412308135127155,1.0412652581465025,1.0413924212114627,1.0416930733882745,1.041328485369787,1.0421585331508287,1.042234367463744,1.0424050750929719,1.0420512102720756,1.043041294147615,1.0425090504745251,1.0434549265286628,1.0441766772949337,1.0445584824064773,1.0454499738589322,1.0465363390258715,1.0481115350778174,1.0481460620540908,1.0486016156910174,1.0493446259824681,1.0493055713394308,1.0496992492622073,1.0485241801144363,1.048458906397792,1.0476320348519335,1.0473045038229145,1.046967014624959,1.0464207921617188,1.0464906552001054,1.0465582030351337,1.045813859449431,1.0457089745950812,1.046179758838058,1.0453659731963014,1.0455500169622316,1.0452589895750508,1.0450734189364062,1.0443292509066702,1.0442648266010752,1.043555249691764,1.0430021021743892,1.0433967256934087,1.042885538393662,1.0427891206832796,1.0426239540099314,1.0422360104781863,1.042366936080039,1.0421406750278845,1.042273743973403,1.0427223507097159,1.0420291868437932,1.0426170276575473,1.0430574125728327,1.0430154906582487,1.0430653016977034,1.042477915494787,1.0428536018578045,1.0433818004009745,1.0430368412477913,1.043512982340757,1.044049451032299,1.0440332825175036,1.0442685938068141,1.0444899972015236,1.045404647875296,1.0452574791770273,1.0448590309197043,1.045587348391245,1.0455741665935292,1.0455732518297425,1.0455357510438985,1.0427018025196877,1.0435504839034238,1.044748864008857,1.044076296319658,1.044265147081273,1.0450444768214058,1.0449777028387754,1.0443857158500451,1.0444324738234703,1.0455253617480016,1.0452201180652179,1.0449095402020123,1.044971934862945,1.044867469308831,1.0447807289384965,1.0448593545348053
1973-03-31,1.054204476930737,1.0544165940295203,1.055724383915601,1.0574380031619672,1.0577756859276999,1.0586446266846605,1.0593897127326146,1.0597501684646096,1.0600174945720138,1.0600640864349025,1.0602191956926221,1.060511808650971,1.0601454944634514,1.0609884014347344,1.0610597713366021,1.0612287721044047,1.0608693634425996,1.061883359505435,1.061334343024139,1.0623074999665088,1.063032747832705,1.063412880433277,1.0643174991758704,1.0654239446071379,1.0670181491677746,1.0670449944965887,1.067511628224447,1.0682686032105368,1.0682342103781557,1.0686182697489295,1.0674295637954885,1.0673478977704234,1.0664925438049657,1.0661704719359504,1.0658466724476086,1.0652947196675127,1.065366257843601,1.0654481002272023,1.0646793163980868,1.064570329699266,1.0650625934716336,1.064229754341755,1.0644088840145174,1.0641135432966533,1.063921826423635,1.0631646510908213,1.0630995982260827,1.062380427775612,1.0618231456480482,1.062236574471507,1.061719228032704,1.0616213426646237,1.0614610855551239,1.061064163692207,1.0612099480216124,1.0609779312488494,1.0611173434380121,1.0615749747133465,1.060858390587585,1.0614687772989742,1.0619110386741313,1.061865316646188,1.061921474121866,1.0613221427082773,1.061706510407954,1.0622423776922088,1.0618871278073327,1.0623803715757467,1.0629195264529276,1.0629018591064823,1.0631459304801631,1.0633618359354977,1.064291761133898,1.0641461518844744,1.0637341382627037,1.0644763166312479,1.0644635559687239,1.0644614132947336,1.064425907866827,1.0615743329825351,1.0624360369236954,1.0636481040761017,1.062959672738181,1.0631477327825678,1.06392330298236,1.063833847206161,1.0632223513702048,1.0632611904028526,1.064369191713256,1.064047618408813,1.063736347567665,1.0638067059149463,1.0637004548256963,1.0636176466525074,1.0636973214826715
1973-06-30,1.1187371622080315,1.1189456132834228,1.120274166922036,1.1220143788396224,1.1223489258219495,1.1232393343119926,1.1239955461585822,1.1243625035696412,1.1246291282569327,1.124686502453677,1.1248676331833256,1.1251522398185658,1.1247841771224412,1.12563818936872,1.1257048469330089,1.1258727054954425,1.1255083314820684,1.1265442090823021,1.1259801463541421,1.1269788210433123,1.127706882222821,1.1280855983431999,1.1290021526593292,1.1301267181117667,1.1317375327779398,1.1317589246976427,1.1322354091221407,1.1330057325956173,1.1329763260756023,1.1333509415728535,1.1321501459754622,1.132052856291907,1.1311713385660536,1.1308537661175766,1.1305417919929925,1.1299846122557595,1.1300578711836113,1.1301521293717276,1.12936101503313,1.1292481408481718,1.129759661303543,1.1289091197423882,1.1290831951359734,1.128783483442601,1.128585758657925,1.1278161737039265,1.1277500247742784,1.127021699518271,1.12646004175439,1.1268901399805513,1.1263669757764783,1.1262675706180845,1.1261109165828813,1.1257060607892946,1.1258648581040305,1.125627713774696,1.1257719552665642,1.126237496610817,1.1254997595965521,1.1261298537104356,1.1265738701451855,1.1265245971311342,1.1265861327298898,1.125976257408385,1.1263682677809574,1.1269106301379912,1.12654624868415,1.127055101661044,1.1275960641790268,1.1275775160476236,1.1278291710371038,1.1280400007602962,1.1289835671319135,1.1288392976496866,1.1284155738827275,1.129169535247171,1.1291572370374632,1.129154021039981,1.1291203954027043,1.1262488846707939,1.1271219980723894,1.128348333100645,1.1276463778831207,1.1278328058170786,1.1286046910711587,1.1284942988318427,1.127865090577254,1.1278963269674813,1.129017761275,1.1286814442081554,1.128369749384934,1.128447047504824,1.1283396969870838,1.1282602368524897,1.128340827486885
1973-09-30,1.1950317667198673,1.1952375376277096,1.1965850563922151,1.1983493156639682,1.1986799075518408,1.1995894698271734,1.200355773465388,1.2007290852549772,1.2009960238420214,1.2010628898518225,1.2012682142520439,1.2015448469899246,1.2011750009585085,1.2020384705271139,1.2021001780498624,1.2022674244924867,1.2018986242636867,1.2029544711283213,1.202376986407927,1.2033995353392963,1.2041297691357546,1.2045073208516053,1.2054347018617806,1.2065755555123179,1.208200742625755,1.2082187875740207,1.2087039722365005,1.2094870698448896,1.2094629534627295,1.2098283029937233,1.208616863663598,1.208504679073389,1.2075991074507655,1.2072851193974523,1.206983199031066,1.2064212593688677,1.206496280012042,1.206601172719259,1.2057897123198427,1.2056731484406518,1.2062018372643737,1.2053348584523054,1.2055037495659706,1.2051996055501553,1.2049959992077741,1.2042145607286643,1.2041468756930827,1.203409798474509,1.2028435364896,1.2032882928995208,1.2027596249329822,1.202658651162457,1.2025043708439624,1.2020925648158296,1.2022626314692957,1.202020953232676,1.2021686033554142,1.2026409987928193,1.2018842556583464,1.2025313808637899,1.2029770498371437,1.202924461711117,1.2029904598671117,1.2023713546164823,1.2027700329111872,1.203317787693377,1.202945373128878,1.2034684345615059,1.2040103764246237,1.2039915325046937,1.2042496608296371,1.204455817858439,1.205411499577997,1.2052683527205015,1.2048346699039103,1.205598455199028,1.2055866579213348,1.2055825147581012,1.2055506584142508,1.2026570267665673,1.2035400450548197,1.2047811965388522,1.2040679099112084,1.2042519200013952,1.2050201995016692,1.2048905173320952,1.2042452832250774,1.2042692220430062,1.2054025137935354,1.2050529467220168,1.204741076973776,1.204824351675629,1.2047165450535027,1.2046398822532987,1.2047212620362018
1973-12-31,1.2460982854632314,1.2463023096653765,1.2476671081316106,1.2494530072013934,1.2497788774546026,1.2507054215422422,1.251480854269787,1.2518603800733679,1.2521285891910698,1.252203725323704,1.2524315002907995,1.2527001960045907,1.2523285183154875,1.2531999007685501,1.2532564330026572,1.2534235652816799,1.2530508395428388,1.2541248574814738,1.253535478200968,1.2545803693404416,1.2553121824064346,1.2556888204557919,1.2566260005409002,1.2577814355876449,1.2594189182586064,1.2594356045734432,1.259928415126864,1.260723753050371,1.2607052061564101,1.2610614786591396,1.2598407394525108,1.2597143543996447,1.258786635548362,1.258475357228698,1.2581818031884582,1.2576155339582649,1.2576923521530974,1.257806189509715,1.256976248932137,1.2568561784476735,1.25740007414109,1.2565178418790002,1.2566814322508928,1.2563727914127532,1.2561634201197305,1.2553706444200068,1.2553010106588032,1.2545555492177554,1.2539844654959813,1.2544419870540735,1.2539081020686256,1.2538055143890219,1.2536524524312007,1.2532346208009857,1.25341430937601,1.25316865755271,1.2533183868322286,1.25379663807998,1.25302292103806,1.2536845567372725,1.2541317960311966,1.254076116972191,1.2541457125240738,1.253518605961139,1.2539230396046384,1.2544751551375604,1.2540957474016319,1.2546317036505064,1.2551738495807074,1.2551552619730189,1.25541881722582,1.255620689359819,1.2565870663392107,1.2564448262434718,1.2560028347464125,1.256774602489824,1.256763341455594,1.2567584094163688,1.2567282157004094,1.2538103957591342,1.254701921826486,1.255958405852072,1.255235836007967,1.2554167002684142,1.2561814646192617,1.2560340509393377,1.2553743734408584,1.2553913128159235,1.2565349910888048,1.256173581497472,1.2558617642595862,1.2559501098672479,1.2558424475302328,1.2557680625618517,1.2558501116539305
1974-03-31,1.2833916586864282,1.2835948176261214,1.2849753169515172,1.286780578289747,1.2871010127060016,1.2880425019706405,1.2888261696877008,1.2892117749429208,1.2894821543548969,1.2895644037983287,1.2898129619341043,1.290073765394531,1.2897001936080748,1.2905780459696734,1.290629191738029,1.2907966772398511,1.2904204890471684,1.2915109903849191,1.2909111512766884,1.291976957789367,1.292709806892815,1.2930857824081112,1.294031813740534,1.2952002455744076,1.2968481071946454,1.2968653075019527,1.29736474358081,1.2981718271546476,1.2981591017664567,1.298506502820046,1.2972777054163886,1.2971377842005685,1.2961896252477785,1.2958802194355807,1.295593422524767,1.2950232173844984,1.2951018634038478,1.2952230426305347,1.2943763743335297,1.294252967001768,1.2948102292665034,1.293913849598772,1.2940720387195908,1.2937588339701134,1.293543806310519,1.2927401716161504,1.292668204041836,1.2919146919360573,1.2913385794608296,1.2918070865885212,1.291268244385762,1.2911640012705865,1.2910110743766676,1.2905880840328257,1.2907758391630355,1.2905267417064041,1.29067731057021,1.2911604762296631,1.2903717076763468,1.2910454842203178,1.291494232808971,1.2914356764590305,1.2915080530073901,1.2908740899609257,1.2912834272172924,1.2918389426126022,1.291453524879093,1.2920011452434044,1.2925427747793519,1.2925249627377715,1.2927929606748272,1.292990923214377,1.2939666795328688,1.2938251307064979,1.2933763827021212,1.2941544078677447,1.294143714973215,1.294138124875501,1.2941094900635401,1.2911655296095053,1.29206427286183,1.293336571836397,1.2926066248807153,1.2927836747176245,1.2935450304990979,1.2933813633115134,1.2927087251051776,1.2927189594047623,1.293871657328304,1.2934997306986047,1.2931881706693193,1.293280736794964,1.293173776002155,1.2931011790596183,1.293183784421839
1974-06-30,1.3401822669360723,1.340385390301631,1.3417801124519366,1.3436025813810644,1.3439169176349743,1.344871445271678,1.3456625199867425,1.3460540747586738,1.346327468437416,1.3464157362518934,1.3466834789034843,1.346936445091413,1.3465609023485774,1.3474438809285165,1.347489444212466,1.3476577206886442,1.3472784962713071,1.348383900250318,1.3477749468213334,1.3488603417958434,1.3495937351618297,1.3499693007385651,1.3509233135602814,1.3521032768534396,1.353759759557076,1.35377923255771,1.3542843658953159,1.3551027379206448,1.3550960566689858,1.3554348124137663,1.354199097191507,1.3540462772714237,1.3530791884669526,1.3527708533869411,1.3524892784023137,1.3519154947048146,1.3519959928426541,1.3521229948482585,1.3512612423383639,1.3511346556206094,1.3517035608737107,1.3507940654240411,1.350946770391845,1.3506289326559595,1.350408350582494,1.34959429893141,1.3495196401518514,1.3487583779581522,1.3481770403207622,1.3486548630625195,1.348111297111832,1.3480053610846496,1.3478515567839833,1.3474242182137428,1.3476185733124488,1.347366526764951,1.3475167845588885,1.34800397898042,1.3472019758328058,1.347885670414123,1.3483358888797703,1.3482746592555555,1.348349047854681,1.3477092909947506,1.3481227396759887,1.3486807642274172,1.3482902646369428,1.3488483979272734,1.3493888462092347,1.3493722962369121,1.3496438132620874,1.3498382308892887,1.3508221529576006,1.3506810795889777,1.3502270313557918,1.3510097038089617,1.3509996073590553,1.350993482847591,1.3509663055150192,1.3479943682555764,1.3488991433290705,1.3501877039605739,1.349452145980555,1.3496247733281317,1.350382845828124,1.3502043284710832,1.3495201161252397,1.3495239383569995,1.3506843917315192,1.350303194970921,1.3499920735252873,1.35008806339645,1.349982318185798,1.3499110481332133,1.3499941034227863
1974-09-30,1.3809867478567353,1.381190613887484,1.3825981762616877,1.384435813797439,1.3847434409079744,1.3857092250082568,1.3865069423469267,1.3869043200536413,1.3871815167325585,1.3872747674280597,1.3875601590423696,1.3878053545699685,1.3874277495516558,1.3883146074272859,1.3883544080213999,1.388523884053263,1.3881420137529836,1.3892608425514652,1.3886440342800508,1.3897477859578797,1.390481283326428,1.3908566935817976,1.3918178940873562,1.3930080395118833,1.3946715414319395,1.39469493343547,1.395204906012753,1.396034144650872,1.3960336993931037,1.3963640591327333,1.3951224671060423,1.3949573618816549,1.3939726587422163,1.3936646267450932,1.3933868093834927,1.392809768998866,1.3928921371600635,1.3930235236342174,1.3921482257345508,1.392018605587523,1.3925975430878614,1.3916758924033303,1.3918230489691732,1.3915005078413782,1.391274467840903,1.3904504072659902,1.3903727277594689,1.3896039846083716,1.3890172367013323,1.3895028113213261,1.388954729681619,1.3888470676324405,1.3886914435031767,1.38826051231166,1.3884600867902184,1.3882055573361929,1.3883544414398492,1.3888448331381191,1.388031311223908,1.3887228439086463,1.3891745144519236,1.3891108067003943,1.389186484697133,1.3885419164113824,1.3889587424824297,1.3895184545565251,1.3891237481183512,1.389691319612336,1.390229977214654,1.3902151432677163,1.3904893149084607,1.390680542929963,1.3916715171945833,1.3915307026007988,1.3910727168965946,1.3918585391746072,1.3918490637664593,1.3918425215547865,1.3918167021151717,1.3888150711792815,1.3897247961667434,1.3910300266748554,1.390290486012088,1.390458143986932,1.3912130784357026,1.3910210440205293,1.3903265513808265,1.3903242550397166,1.3914913000441425,1.3911020044651934,1.3907914795371832,1.3908901486465788,1.3907860898983508,1.3907157135682233,1.3907991189391105
1974-12-31,1.3109848618728246,1.311190197762907,1.3126093079821108,1.3144601834316172,1.3147605411677015,1.3157359200738639,1.316539576701789,1.3169426527092862,1.317224386028518,1.3173216415212632,1.317623204867964,1.3178607087010963,1.3174809357984971,1.318370519895483,1.3184043937136298,1.3185754487997023,1.3181912881489093,1.3193221623827633,1.3186986758206236,1.3198196430648255,1.3205528546326686,1.3209283663652092,1.3218960341621167,1.3230951246477298,1.3247641960161112,1.3247930423650944,1.325307064501155,1.3261467807215972,1.32615273169214,1.3264749694691014,1.3252284452232739,1.3250516465093871,1.3240504516475038,1.3237419883715171,1.3234665329571564,1.3228865234931735,1.322970772774487,1.3231051835504726,1.3222177786943492,1.322085260182256,1.322672728498186,1.3217398155397313,1.321881378671771,1.3215540631329994,1.3213226572384107,1.3204889642842346,1.3204079625805774,1.3196319780277652,1.319039647252998,1.3195315130322958,1.3189790995724615,1.3188696831144684,1.31871136633671,1.3182775449938244,1.3184810417527286,1.318224466405764,1.3183710013692742,1.318863810967724,1.318040389673748,1.318737819344272,1.3191909454560888,1.3191249465101738,1.319201236441329,1.318552761015686,1.3189722870390892,1.319532932470664,1.3191348432085384,1.3197108517988712,1.3202471637215643,1.3202344675298017,1.320510486823788,1.3206988719267838,1.3216958820745703,1.3215551082345227,1.321094456862185,1.3218820412676278,1.3218732077218223,1.3218663577967864,1.3218417981759392,1.3188088819746424,1.3197225761448879,1.321044842744957,1.320302812566803,1.320465015716112,1.321216977295133,1.3210126922183902,1.3203091237257985,1.3203010042419807,1.3214735742458001,1.3210772783019722,1.3207674846649886,1.3208681396239068,1.3207661952740741,1.3206963070028301,1.3207799688144135
1975-03-31,1.2319357541976383,1.2321432366004998,1.2335726873426098,1.2354349705497414,1.2357275488115913,1.236710976623054,1.2375199275551,1.237928577623292,1.2382155259256722,1.2383158637593055,1.238632175732246,1.2388620793705651,1.2384800190235508,1.2393712668173023,1.2393990659281577,1.2395720502501006,1.239185921181901,1.2403275548634571,1.2396984867238416,1.2408356145836326,1.241568198999526,1.2419440710329461,1.2429175562076626,1.2441244627460706,1.245797800977916,1.2458335273948127,1.2463508757558313,1.2472007103435097,1.247213185719852,1.247527601100142,1.2462769966077087,1.2460890769395685,1.2450723216349096,1.2447627255473332,1.2444883033811927,1.2439055797546736,1.2439917140036647,1.244127864580405,1.2432296952299524,1.243094402998632,1.2436890066849609,1.2427456605210294,1.2428816045976008,1.2425494438007398,1.242312760502354,1.2414697830822878,1.2413851859632166,1.2406021721801859,1.2400041001219086,1.2405008962530455,1.2399443121443812,1.2398331180158082,1.2396713052035058,1.2392352450180737,1.2394414481059848,1.2391832360367743,1.2393265327363254,1.2398210304690653,1.2389892377273921,1.2396907578630545,1.2401453637205542,1.2400772528906532,1.2401535214046828,1.239501967497386,1.2399235709156196,1.240484460964698,1.2400837643208111,1.240667279760046,1.2412007437080692,1.2411905751959469,1.24146769096811,1.2416535715983434,1.2426556952975245,1.2425147424344494,1.2420526090227775,1.2428406740879296,1.2428324994158748,1.242825445216238,1.242802048627734,1.2397363888652901,1.2406531699305487,1.241992792603987,1.241249633759112,1.2414059579995642,1.2421551308486731,1.2419397976298725,1.2412282716506986,1.2412146275550837,1.2423917491246954,1.2419894810091003,1.241680530885543,1.2417825284238904,1.2416830837959292,1.2416133051475946,1.2416971355898831
1975-06-30,1.2258333529614647,1.226043608569408,1.2274822723934233,1.2293542255959993,1.2296385638248237,1.2306286060022658,1.2314422618007372,1.2318563603664328,1.23214914616098,1.2322516979310572,1.2325813857304597,1.2328037929744802,1.232419312142138,1.2333112480400015,1.2333328405030946,1.2335080744005134,1.2331202665706114,1.2342714615503951,1.2336378318081547,1.2347901471021525,1.235521808673141,1.2358983014474172,1.23687702128925,1.2380907183392922,1.2397671622782693,1.2398110861039375,1.2403311016417384,1.2411907217802867,1.2412098175526287,1.2415167358145276,1.240262814996961,1.2400643298670488,1.239032755356574,1.238721357610673,1.2384467058228497,1.2378614921313575,1.2379495074697815,1.2380861866462778,1.2371785038690362,1.2370405525122448,1.2376409989419836,1.2366879886615478,1.2368183073894186,1.2364812315219549,1.236239356620134,1.2353874172074644,1.2352989799503757,1.2345091242106707,1.2339051687408187,1.2344056312868998,1.2338450167378536,1.233732027255237,1.2335659845596003,1.2331282878550718,1.2333360602545682,1.233076594249527,1.2332158491000358,1.2337113519203267,1.2328726295447923,1.2335765638501623,1.2340326934920363,1.2339626430177044,1.2340382998165806,1.2333844231817732,1.2338075344612514,1.2343680434078463,1.2339654688896298,1.2345556290886546,1.2350857931672592,1.2350785109451996,1.2353560259875451,1.235539732429702,1.2365461376775109,1.236404783865587,1.2359422668385935,1.2367296332604019,1.236722130657006,1.2367149692315116,1.23669264002818,1.233592921763477,1.234512002781327,1.2358692503196391,1.2351261944043699,1.2352762767563141,1.2360228621630667,1.235797621774846,1.2350791739710436,1.2350603078700852,1.2362410960835362,1.2358338162401534,1.2355258001753238,1.2356285462674916,1.2355319444775301,1.2354619241302571,1.235545840775532
1975-09-30,1.2357850221836615,1.2359986283419642,1.2374454524763645,1.2393254217720018,1.2396011084481218,1.2405964375056926,1.241414261383768,1.241833679666077,1.2421328687501851,1.2422368187021093,1.242578556256056,1.2427935826694068,1.2424065354034954,1.2432982668822496,1.2433135364489794,1.2434913096157396,1.2431020818115448,1.2442617217478593,1.2436244767484959,1.2447910836234497,1.2455215688704249,1.2458989438278882,1.2468823792691448,1.2481019398342448,1.2497804633393557,1.2498337945963827,1.2503558804447763,1.2512249758922238,1.2512507559346742,1.251550527824695,1.2502939717280968,1.2500854618295554,1.2490396202475598,1.2487257848186744,1.2484497056559993,1.2478621973025965,1.2479520816003222,1.2480881492125584,1.2471721174161927,1.247031611756216,1.2476367080958184,1.246674746939663,1.2467994530816007,1.2464573943160455,1.2462104117502213,1.2453498108958527,1.2452573175918307,1.244460785031752,1.243850822832318,1.244353781756093,1.2437892579628196,1.2436744615334399,1.243503525038687,1.2430647474948275,1.2432730290296823,1.243012667064194,1.2431471613503886,1.2436430297002545,1.242798739056565,1.2435035369882312,1.2439612533165283,1.2438894288957207,1.243963925709561,1.2433084121136693,1.2437325127858627,1.2442920752434552,1.2438883092859014,1.2444843176509113,1.2450107775962664,1.2450067094858044,1.2452839786682577,1.2454658328888293,1.2464757740469108,1.2463337948232376,1.2458719105076645,1.2466574966664128,1.246650675517817,1.2466434976647802,1.2466221412462226,1.243487205000069,1.2444078910064138,1.2457829752891965,1.2450411278249551,1.2451846660473742,1.2459288799674144,1.2456948137725101,1.2449704005110478,1.2449466199456738,1.2461302731312516,1.2457188766969622,1.2454118646397259,1.2455148137564565,1.2454213561407872,1.2453507699262854,1.2454346952168422
1975-12-31,1.2686933095216968,1.2689107948285785,1.2703647959125066,1.2722512023390022,1.2725178746328702,1.273517265932704,1.2743387707840532,1.2747633746940394,1.2750694749056581,1.2751740586965772,1.275526563215763,1.2757343353735326,1.275344563472096,1.276235277047879,1.2762441227858243,1.276424693186291,1.2760342747980433,1.2772013187008495,1.276561334261016,1.2777414096995414,1.2784705033785972,1.2788490221802171,1.2798367140081113,1.281061304459864,1.2827410095028478,1.2828048516950163,1.2833284710592279,1.2842067499245717,1.284239246174385,1.2845322473680003,1.283273659834748,1.2830556533728523,1.2819959082457122,1.2816790323306406,1.281400392847599,1.2808107588785997,1.2809024911630393,1.281036875935433,1.2801135777462491,1.279970613045709,1.2805792633873636,1.2796090130919606,1.2797281380772976,1.2793810316231813,1.2791290243086642,1.2782600444836985,1.2781633084651418,1.2773602451047328,1.2767441746078807,1.2772485508974452,1.2766802221896536,1.2765636138929335,1.2763871903449806,1.2759478434676508,1.276155648848092,1.2758947257569209,1.2760238251574076,1.276519459450172,1.2756708874318885,1.2763751196952033,1.2768345033422288,1.2767610646514727,1.276833894268169,1.276177362539426,1.2766019831785047,1.2771600912039993,1.2767557802168656,1.2773569030247502,1.2778792990758563,1.2778787426292126,1.278155170977186,1.2783354862744707,1.2793482998721193,1.2792054678398865,1.2787451536504788,1.2795279708250389,1.2795218367221106,1.2795147271103258,1.2794942498706319,1.2763231058620472,1.2772447903306676,1.2786378597704862,1.2778982033813877,1.278034955610979,1.2787770256370576,1.2785351570112,1.2778056587967672,1.2777772770487634,1.2789630710527895,1.2785483902308161,1.2782424327711503,1.2783450872708346,1.2782550337824186,1.2781835848790832,1.2782674455594663
1976-03-31,1.2848126461981568,1.2850344910372709,1.2864947498074626,1.2883860800399216,1.2886434236832796,1.2896457513593769,1.290470496734266,1.2909001445656534,1.2912136041205564,1.2913181077492164,1.2916801363320973,1.291880790931832,1.2914881246562642,1.2923770817601365,1.2923794176536425,1.2925630101453225,1.2921716026758243,1.2933450780636178,1.2927031625389307,1.2938959517963666,1.2946234724797365,1.29500339607601,1.2959949409641136,1.2972238156799865,1.298903925103064,1.2989792756475396,1.2995039497245005,1.3003911338420777,1.30043034650137,1.3007169768845825,1.2994568906219488,1.299229905746909,1.2981564319308236,1.2978359466107423,1.2975536787587836,1.2969620643831705,1.2970556141677982,1.297187311704946,1.296257752971862,1.2961124150899177,1.2967236177689816,1.2957456931194664,1.2958592866025829,1.2955070718774166,1.2952501225794277,1.2943730323502844,1.29427189676711,1.2934624327867446,1.292840177549211,1.2933449804789672,1.2927729366481548,1.2926545188977392,1.2924720868216786,1.2920326405047007,1.2922390575405256,1.2919778867690006,1.2921010411566554,1.2925958780172762,1.2917442432997364,1.2924465973953885,1.2929077454859146,1.2928328467022046,1.2929035420800064,1.2922465472341846,1.29267126541019,1.2932274654814124,1.2928232190526385,1.2934287828721411,1.2939467963752578,1.2939500193488316,1.2942250601256104,1.2944041406191928,1.2954192409972927,1.2952753254092773,1.2948174430481423,1.2955965904335678,1.2955911451822588,1.2955841824516308,1.2955644917546325,1.2923563364320105,1.2932784976496778,1.2946896297081694,1.2939530271854816,1.2940828116799707,1.2948229735488754,1.2945742692442197,1.2938404941536261,1.2938078310544388,1.294995113127544,1.2945779194827383,1.2942730492043466,1.2943749588859512,1.294288528405833,1.294215947694691,1.2942996741951904
1976-06-30,1.3532838369279534,1.3535104738765567,1.3549761297921417,1.3568709264483474,1.3571186758957523,1.3581229089412798,1.3589504979867595,1.3593850378580146,1.3597062432120288,1.3598100021308501,1.3601803483516721,1.3603740312517545,1.3599782900963198,1.3608648229224372,1.3608605774983311,1.3610473821363909,1.3606551607284583,1.3618341564246743,1.3611910537177432,1.362395865668983,1.3631216609577024,1.3635032485291083,1.364498294926529,1.3657307908004843,1.3674106408630826,1.3674983910395362,1.368023697006768,1.3689195168917063,1.3689654145717292,1.3692460974424856,1.3679849804090296,1.3677495278197918,1.3666623107567442,1.3663376819377258,1.3660507830700066,1.3654573123385763,1.3655526388524826,1.3656807098065524,1.3647458247132294,1.3645981902166853,1.3652110353517362,1.364226008946852,1.3643341383712675,1.3639767603121926,1.3637149525859478,1.3628300111411726,1.362724349728488,1.3619086030071088,1.3612801155516117,1.3617844401242878,1.3612087589300117,1.3610885422305634,1.3608996535064908,1.3604605386532584,1.3606647266741567,1.3604036020963277,1.360520345705578,1.3610138540051442,1.360160313554471,1.3608595894583255,1.361322614289469,1.3612464046231085,1.3613145381183847,1.3606575745082732,1.3610820127531267,1.3616359026772984,1.3612322969078148,1.3618416860775313,1.362355035900154,1.3623622766402497,1.3626354294732541,1.3628135694549242,1.3638304443138716,1.3636852106277528,1.3632305492341088,1.3640052088576518,1.3640004504779781,1.3639937073171577,1.3639747114889864,1.3607289466056747,1.3616511440436576,1.3630803366925202,1.3623475338326274,1.3624702289164277,1.3632087226175258,1.3629540939031082,1.362216780998174,1.3621801637894406,1.3633683461624897,1.3629493528230667,1.3626455857364665,1.3627463475831543,1.3626637180920362,1.3625897646916476,1.3626732904679681
1976-09-30,1.3769155385100085,1.3771473525631275,1.3786175983561886,1.3805144498863435,1.3807523888409046,1.3817575873964294,1.3825876637738017,1.3830269307844592,1.3833562039460587,1.3834586023776676,1.3838360927998354,1.384022958040071,1.3836239515482653,1.3845074589339617,1.3844965749580136,1.3846867449465776,1.3842938599105092,1.3854775184904529,1.3848339109718646,1.386050113346113,1.3867740547652558,1.3871575625387376,1.3881558064443773,1.3893913373179512,1.3910703701383977,1.3911713044283023,1.3916968735379536,1.3926010628906913,1.3926535826233526,1.3929287638972279,1.3916670259488593,1.391423611716011,1.390322445872643,1.3899931755300117,1.3897007093577407,1.3891054879896305,1.3892025392878633,1.389326107744036,1.3883867640166878,1.3882369002544706,1.3888505675536835,1.3878589747940673,1.3879617250140175,1.387599135556409,1.3873325547826505,1.3864400168436912,1.3863297349275334,1.385507814860248,1.3848730810328946,1.3853761056530163,1.3847968555114283,1.384674859326773,1.3844791413063833,1.3840407524836398,1.3842419410130629,1.3839811388060688,1.3840910908645143,1.3845827675755553,1.3837284233985243,1.3844235294584513,1.3848885571118583,1.384811181358821,1.3848763641042292,1.3842198685464668,1.3846436923672094,1.3851949181754908,1.3847924991261857,1.385405153301485,1.3859135921189902,1.3859250598174275,1.386195868906673,1.386373352065878,1.3873915579698257,1.3872447673686175,1.3867940465570094,1.3875634781777118,1.3875594008833565,1.3875529440807588,1.3875345524114353,1.3842508069796682,1.3851726777331335,1.3866198397015286,1.3858914678058123,1.386007012114659,1.386744077640157,1.386484381241901,1.3857442039388133,1.3857039682299563,1.3868925214315433,1.3864723851782252,1.3861697222068754,1.3862689803548507,1.3861902889095212,1.3861147509122687,1.3861980117444201
1976-12-31,1.4256730132060582,1.425910341753289,1.4273844178873978,1.4292819480072845,1.4295099103889597,1.4305152222719397,1.4313474670602118,1.431791280115966,1.4321288753190422,1.4322293458071007,1.4326128363718116,1.432793045222552,1.4323905738499008,1.4332705172397897,1.433252951527217,1.4334466007713997,1.4330531790978238,1.4342406889811183,1.4335972002960844,1.434824214772856,1.4355461923801325,1.4359318723199257,1.4369330529583997,1.4381711040084173,1.4398488599857389,1.4399636546622792,1.44048917047571,1.4414014601873562,1.441460507231533,1.4417306547238988,1.4404686544815375,1.4402177831382472,1.4391022694798914,1.4387678972450026,1.4384689952999459,1.4378721136538626,1.4379708255857777,1.4380890777150253,1.4371460819189912,1.4369940470667701,1.4376078039501052,1.4366101482710816,1.4367076212777867,1.436339781032428,1.4360685155789081,1.4351686367411132,1.4350536725337375,1.434225684158747,1.4335847280685137,1.4340857125019664,1.4335029553700567,1.4333792091221615,1.4331763673824243,1.4327390654832548,1.4329365532191645,1.432676333786418,1.4327791997160901,1.4332685656059492,1.432414471735976,1.4331044208699166,1.4335715897637735,1.4334931888855307,1.4335550703572837,1.4328994251956848,1.4333223411667455,1.433870594042487,1.4334698812796645,1.4340852930611405,1.4345886035664919,1.43460447834214,1.4348725307890768,1.4350496293177137,1.436068787196793,1.4359201960693118,1.4354740687956244,1.4362376048626917,1.4362341990133933,1.4362280894771327,1.4362102122246325,1.4328883677718482,1.4338096231302802,1.435274562744647,1.434551140670281,1.43465953379211,1.435395406546592,1.435131445397443,1.4343890147722624,1.4343455056379124,1.4355339515865064,1.4351132748072977,1.4348117033057184,1.4349091492785426,1.4348344917361788,1.4347571871747637,1.4348401204262866
1977-03-31,1.404334940596044,1.404578073083721,1.4060552620952578,1.4079521187022626,1.4081699901434037,1.4091746476605984,1.4100087762493805,1.410456934501433,1.4108030341320739,1.410901057362711,1.4112894296059082,1.4114631496858945,1.4110570057136096,1.4119329052529657,1.4119086286353424,1.4121058288371404,1.4117119756835381,1.4129025628497696,1.4122597605842389,1.4134970577169628,1.4142169744370874,1.4146050728009258,1.4156089682060002,1.416849090313887,1.418525200595291,1.4186544214109977,1.4191796182079668,1.4200997298011673,1.4201651771720993,1.4204307800201015,1.4191688319399887,1.4189110098925035,1.4177805522319105,1.4174406573711553,1.4171345210458193,1.4165360572425139,1.4166363522525054,1.4167485352867324,1.4158026382122126,1.415648481292982,1.4162616813839353,1.4152584397650536,1.4153507545618444,1.4149776347279355,1.4147017772696573,1.4137948198348425,1.4136751460763346,1.4128411945537886,1.412194084177699,1.4126923678553547,1.412106162333471,1.4119807065548795,1.411770528399497,1.4113346432972895,1.4115277974590215,1.4112684073982718,1.411363980700929,1.4118505758708917,1.4109977455964562,1.4116816518761057,1.4121511112577676,1.4120718229968385,1.412130090812872,1.4114756268828912,1.4118973808466064,1.4124423941281132,1.4120438843597758,1.4126615970149885,1.4131595880908374,1.4131800208511294,1.4134449451455993,1.4136219187199965,1.4146417094018522,1.4144910687791583,1.4140501239751786,1.414807164711056,1.4148044167299554,1.414798709471483,1.4147812578629217,1.4114214775079004,1.4123418997119577,1.4138243120966296,1.4131062477467944,1.4132075513583953,1.4139424572254273,1.4136749810271316,1.4129308490401968,1.4128844222993697,1.4140723271850302,1.4136516596721878,1.413351154960516,1.4134465282144562,1.4133759586455283,1.4132967367246498,1.4133792805614176
1977-06-30,1.3696364564956647,1.369885633701795,1.3713652543910964,1.3732600978821228,1.373467817842322,1.374471134929069,1.37530689389967,1.3757591727334044,1.3761138823867218,1.3762089873239534,1.3766011443771924,1.3767685488746895,1.376358517383411,1.3772299481802857,1.377198945671085,1.377399722900336,1.3770055230421703,1.3781984423297295,1.3775568405103304,1.3788039344365044,1.3795217001156834,1.379912455860023,1.3809188783610384,1.3821606824778432,1.3838348615196303,1.38397896032216,1.3845036217181947,1.385431260139857,1.3855029477894116,1.385764516069415,1.384502897715719,1.384238637028792,1.383092437073046,1.3827466409213502,1.3824325441762795,1.3818325673882246,1.3819343531196155,1.382039774711163,1.381091676855712,1.3809354377410477,1.3815475197873814,1.3805391485824365,1.3806264412508908,1.3802480258084966,1.3799676748422884,1.379053914220275,1.3789295402297472,1.378089735728588,1.377436589285197,1.3779315900130538,1.3773419946977237,1.3772148823636754,1.3769972411993048,1.3765630743788186,1.3767513304865036,1.3764930046021642,1.3765811695541195,1.3770645488228952,1.3762139621757554,1.3768910378818338,1.3773629462554067,1.3772829057949625,1.3773372857899597,1.3766842852536745,1.3771046606562278,1.3776462069489868,1.3772503777501508,1.3778699830397758,1.3783624859219703,1.3783875979555182,1.3786490626589172,1.3788261572898033,1.3798463170821886,1.3796933720269817,1.3792581369444197,1.380008145610836,1.3800060378587276,1.380000781934022,1.3799836681597286,1.3765864301286415,1.3775058693624622,1.3790053217272233,1.3782929128669037,1.3783872524704155,1.3791214025138758,1.378851108103184,1.3781057707277091,1.3780567944467275,1.3792437613995245,1.3788236019632962,1.3785241288681092,1.3786172177002154,1.378550747427072,1.3784694900619978,1.3785515826280788
1977-09-30,1.3890327879110798,1.3892882007544751,1.390769602185134,1.3926610930733498,1.3928586576750623,1.3938600274073147,1.394697191395692,1.3951533378928387,1.3955166804166694,1.3956084448023354,1.3960033071331537,1.3961645741609694,1.3957504340785944,1.3966170226688104,1.3965792938705819,1.396783624529696,1.3963891437696603,1.3975836696997825,1.3969437311025399,1.3982001739905048,1.3989156991481968,1.3993093421590945,1.400318133755396,1.401561285266116,1.4032333235190688,1.40339263360759,1.403916591412605,1.404851437075589,1.4049291706490896,1.4051872352395485,1.403926194776768,1.4036560173946175,1.4024930682962378,1.402141037219599,1.401818330065377,1.4012169039988496,1.4013200716680017,1.4014180997024497,1.40046845686572,1.4003101662618298,1.4009206535499528,1.3999075946936306,1.3999900186917784,1.399606306924471,1.3993215685169882,1.398401300290476,1.3982722744974383,1.3974267375601652,1.3967677307739095,1.3972589439167933,1.3966660210456718,1.3965373191160966,1.3963121798479412,1.3958800070037318,1.3960628691640387,1.395805832526519,1.3958865678210692,1.3963662959420957,1.3955189074743564,1.3961884607117763,1.3966629841886102,1.3965823248651676,1.3966325814926996,1.3959812805179697,1.396400096906363,1.3969379853343902,1.3965452989653917,1.3971664350840052,1.397653299536345,1.39768318178414,1.3979408944476457,1.398118341182414,1.3991386575193512,1.3989831464660039,1.3985540886706336,1.399296587068878,1.3992950976669716,1.3992903360683517,1.3992734732654712,1.3958396095767354,1.396757981238982,1.3982738959347358,1.3975673302142244,1.3976548975835712,1.3983884823425297,1.398116013847052,1.3973699140901317,1.397318770352346,1.3985044318773876,1.3980852297492732,1.3977867441451186,1.397877387022269,1.397814983216113,1.3977316069268555,1.3978131854729816
1977-12-31,1.3930081049296996,1.3932698927271023,1.3947524479823747,1.3966392336865152,1.3968266993838578,1.3978255919119031,1.398663960442183,1.3991236882282356,1.3994955965891602,1.3995836478654713,1.399980148711717,1.4001354608237082,1.3997169860659442,1.4005784071110121,1.4005339669090968,1.4007417729967322,1.400347059527851,1.4015424765768965,1.4009046148198758,1.4021699909926915,1.402883180231192,1.4032799293502565,1.4042909569485897,1.4055351700295282,1.4072049267651998,1.4073796567779993,1.4079027901297438,1.4088444900799246,1.4089280391713244,1.4091831519071893,1.4079229158471245,1.4076473583170446,1.4064664365138155,1.4061078854889049,1.4057759983697065,1.405173184973852,1.4052776074770628,1.405367670416235,1.4044170994305458,1.4042567788527178,1.4048652791869771,1.4038479668475385,1.403925693581389,1.4035367029873793,1.4032476927999809,1.4023212405657108,1.4021876536007516,1.4013365210709634,1.4006718954717305,1.4011588936833863,1.400562713124246,1.4004325043302295,1.4001999299416255,1.3997700035378893,1.399947045318271,1.3996915153764808,1.399764898867237,1.4002405455604348,1.3993972924514608,1.4000587254168921,1.400536035970841,1.4004548900498077,1.4005008271671198,1.3998514184281299,1.4002685301326316,1.4008026037545627,1.4004135110821385,1.4010358607228603,1.4015169512348926,1.4015516631829028,1.4018053695410628,1.4019833829963133,1.4030036901519731,1.402845344195568,1.4024228731502606,1.4031574374020137,1.4031565399942794,1.4031523094848253,1.4031356117078442,1.3996663528749183,1.4005836351676206,1.4021152701407795,1.4014146242026206,1.4014956806585412,1.4022288639759632,1.40195481273782,1.4012083435448357,1.4011554305325666,1.4023394406747338,1.401921596670988,1.4016240470214072,1.4017121343957781,1.4016537181588933,1.4015681763763763,1.4016491763348362
1978-03-31,1.3322232698638756,1.332491517940326,1.33397461757573,1.335855318230927,1.3360328064370715,1.3370287673931522,1.3378681616656576,1.3383311450409527,1.33871145382487,1.3387954705457816,1.3391925509955833,1.3393420948903045,1.3389190556174344,1.3397750288622017,1.3397239084527504,1.3399350520169577,1.3395401377371319,1.3407357299610114,1.340100311355957,1.3413742310221857,1.342084976038548,1.3424850368463261,1.3434981873262406,1.3447432192797981,1.346410615560605,1.346600841660279,1.3471230764671205,1.3480712345303467,1.3481603303520497,1.3484130645146217,1.3471538457692356,1.3468734645428977,1.3456731196469283,1.345307816559735,1.3449662657855397,1.344362129232368,1.3444676589431523,1.3445492467842637,1.3435983314127045,1.343435993151456,1.344042199476669,1.3430210672379452,1.3430942869488458,1.3427000566075218,1.34240690224656,1.3414746263650845,1.3413366147986752,1.3404800464118831,1.3398101188372704,1.3402925524162836,1.3396931960626663,1.3395615809768329,1.3393217404793352,1.338894292268603,1.3390651582517046,1.3388113470079666,1.3388775617237365,1.339348696493745,1.338510507040231,1.3391633150398836,1.3396435886431544,1.3395620881680583,1.3396035502650734,1.3389561852442566,1.339371480270371,1.3399016136825532,1.339516558218975,1.3401398467704408,1.3406150387828877,1.3406546069133676,1.340904090395595,1.3410828670917323,1.3421030419583457,1.3419415840915518,1.3415260522644659,1.3422523089154237,1.3422519723608413,1.3422483032424666,1.3422316854185146,1.3387287121490152,1.339644944020116,1.3411913702417435,1.3404966077782798,1.3405714884212565,1.341304400728477,1.3410293049675301,1.340282812003378,1.3402285464407568,1.3414105726258811,1.3409944400396667,1.3406977689402357,1.3407832456249884,1.3407286894779866,1.340640975326847,1.3407213293247198
1978-06-30,1.3466842804815267,1.34695901702909,1.3484420621496167,1.350315255262486,1.3504829580755988,1.35147560751189,1.3523158671247162,1.3527817343628041,1.3531701696965217,1.3532498835030866,1.3536464871682492,1.3537904536043586,1.3533626176225066,1.3542129051367386,1.3541551534404141,1.3543694300958262,1.3539743318734547,1.3551693717677984,1.3545367169051843,1.3558188094149597,1.3565269815433232,1.3569305438551527,1.357945718917185,1.3591913644590203,1.3608563762427184,1.3610620323377165,1.3615833410668428,1.3625375068065906,1.3626318391834702,1.3628827903683458,1.3616247966768118,1.3613401740731859,1.3601187165423632,1.3597464873231326,1.3593948817195587,1.3587894927086004,1.358895958917473,1.358968624863952,1.3580179219065558,1.3578535689886109,1.3584572607423697,1.3574327494132363,1.357501672425567,1.3571022668956623,1.3568051106423469,1.3558674180500778,1.3557251688791272,1.3548633546340767,1.3541885281270787,1.3546661260857273,1.35406369273297,1.3539307921686494,1.3536839701334944,1.3532592136349542,1.3534236217552265,1.3531717380152126,1.3532310796367086,1.3536972663407596,1.3528650688959858,1.3535088402184288,1.3539922548277408,1.353910532555186,1.3539474064959907,1.3533021975696995,1.3537155967236418,1.3542416938696966,1.353861115951025,1.354485109834299,1.354954285990166,1.354998701722408,1.3552437833277005,1.3554234997909727,1.356443457709657,1.3562786020066842,1.3558703054370327,1.356587927922772,1.3565881159069721,1.356585031711975,1.3565684095792374,1.3530339125900328,1.3539491920631566,1.3555092674489067,1.3548202360671224,1.3548893551098855,1.3556220860702963,1.355346430252099,1.3546002145552412,1.3545450345647823,1.3557247490474513,1.3553106342353274,1.355014779965071,1.3550976481527952,1.3550467728386604,1.3549569224702258,1.355036559271088
1978-09-30,1.3951977010217163,1.3954788930902442,1.3969612879693432,1.3988254917119887,1.3989836788965109,1.3999727108149325,1.4008136903932376,1.4012820160741786,1.4016781837264063,1.4017533819708392,1.4021484491967238,1.4022870331443646,1.4018541674846423,1.4026985712110653,1.4026342567285044,1.4028513880949092,1.4024561089865655,1.4036498454452442,1.4030202304862913,1.4043101370184776,1.4050155792148264,1.405422814236515,1.4064399249779482,1.4076860104427658,1.4093486618004625,1.409569527510648,1.4100899293599598,1.4110495856512169,1.4111487992398546,1.4113985866460168,1.4101420294605747,1.4098537803846845,1.4086092666784085,1.4082300014065243,1.4078680503748209,1.407261490826222,1.407368696768887,1.4074320597198389,1.4064821053769807,1.4063157315241586,1.4069167768147766,1.4058893429801556,1.4059542013568298,1.405549715192707,1.4052487171733854,1.4043060724331284,1.4041598284272783,1.4032929968729462,1.4026137731950261,1.4030863451371098,1.4024809559244316,1.4023469137144293,1.402093521623222,1.401671654564233,1.401829399340765,1.40157965105438,1.4016325370652751,1.40209332818523,1.4012680606267367,1.4019024773844122,1.4023892107408595,1.402307401174682,1.4023396185276238,1.401696640819604,1.4021080970917554,1.4026300892963373,1.4022544304263524,1.4028789355788145,1.4033419819923798,1.4033911990361756,1.4036317376200564,1.4038125482111334,1.404832238837499,1.4046636895847104,1.4042628678335143,1.4049715733455321,1.4049722439002494,1.4049697609948866,1.4049530510227684,1.4013898002449994,1.4023042831687607,1.403876622439853,1.4031930491770883,1.4032569065334162,1.4039894969298796,1.403713710797232,1.4029680313046533,1.4029123997355106,1.4040894705671954,1.4036776331926073,1.4033825312832637,1.4034628543000707,1.403415424806995,1.4033235213659885,1.4034023647281983
1978-12-31,1.435915601221197,1.4362031497119532,1.437684293857161,1.4395379487646678,1.439686976163479,1.4406721587046036,1.4415137244066432,1.4419840206353762,1.4423873920245267,1.442457921138148,1.4428503826865615,1.4429837837396526,1.4425456564537598,1.4433840160842193,1.443313229254748,1.4435328541555978,1.4431373845784052,1.4443290297906213,1.4437026874383672,1.4450000530111091,1.44570257117597,1.4461136282587232,1.4471325894112748,1.4483789668345461,1.450039323250881,1.4502750092903853,1.4507945707852175,1.4517591197827198,1.4518628094067914,1.4521120775914445,1.4508571815236384,1.4505659610470418,1.4492961759336378,1.4489098360635502,1.448537359268474,1.4479297274786445,1.4480374468918267,1.448091194868961,1.4471425114207146,1.4469741010099137,1.4475724597260604,1.4465425851705134,1.4466036348278395,1.446194197811485,1.4458895396764082,1.4449424774673871,1.4447925435004223,1.4439209710930179,1.4432379651021758,1.4437054040157107,1.443097208532624,1.4429621947447981,1.4427027844267872,1.4422839911541612,1.442434947946595,1.4421875446589445,1.4422345254088982,1.4426894559729078,1.441872075791821,1.4424969158548753,1.4429871430546815,1.4429053835944476,1.4429329236354709,1.4422922166234295,1.442701714855246,1.4432195590983474,1.442849266490596,1.4434741270031588,1.443930929533713,1.4439848605702865,1.4442207535971434,1.4444027880187187,1.4454221911983842,1.4452496419713363,1.4448564773787353,1.4455560241678496,1.4455571290853517,1.4455552561726175,1.4455383754625422,1.4419498000779438,1.4428636993267203,1.4444466391904152,1.443768124509526,1.4438273138130027,1.4445597465442288,1.4442842037650103,1.443539279708487,1.4434836880005428,1.4446577694149692,1.4442484223079284,1.4439540071439612,1.4440319140428703,1.4439876347372678,1.4438938130562728,1.44397178049402
1979-03-31,1.3933846399241203,1.3936783734425964,1.3951576530003662,1.39699910180489,1.397139421378388,1.3981205977436517,1.3989626236079038,1.3994343299488432,1.3998442257516577,1.3999099954636152,1.4002987655990866,1.4004271886741302,1.3999835708905968,1.400815762091515,1.4007386182229986,1.4009602824620937,1.4005646013246325,1.4017533164278726,1.4011304365473911,1.4024349012301691,1.403134254747732,1.4035492576734705,1.4045699814266612,1.4058165224510948,1.4074746841653583,1.4077246147777855,1.4082434508370538,1.4092121980870786,1.4093199030686838,1.4095693242144607,1.4083163371602718,1.4080228490814404,1.4067252847259888,1.4063319116047466,1.405948850535684,1.4053402668807107,1.4054482400173482,1.4054921346622187,1.4045452375313823,1.4043747655588967,1.404970493528989,1.403938695681712,1.403996219019587,1.4035820022180707,1.4032738914047285,1.4023230306790242,1.4021697811857043,1.4012938028904967,1.4006077590655606,1.4010700451479907,1.4004592283165611,1.4003234429706217,1.4000587224263747,1.3996431762963024,1.3997873067254387,1.3995424621604564,1.3995842341050124,1.4000328151953103,1.3992243103145128,1.3998394504729292,1.4003333412595718,1.4002517734803173,1.4002746669639201,1.399636235824992,1.4000437926864435,1.4005574701338868,1.4001930014898658,1.4008180984038345,1.4012685389160333,1.401327051511597,1.4015582363309091,1.40174159675982,1.402760718382615,1.402583851069633,1.4021984672327723,1.4028886523877706,1.4028901365161266,1.402888874023388,1.4028717401892072,1.3992620211200122,1.4001756062785695,1.4017671652293306,1.4010931753042617,1.4011483935495588,1.4018805835803985,1.4016055999572479,1.4008616131327931,1.4008065857872958,1.4019773078828974,1.4015706164708777,1.4012768229360535,1.4013525140458096,1.4013110227946977,1.4012154749221257,1.4012924763533814
1979-06-30,1.5442093621294488,1.5445090295380823,1.5459858079160234,1.5478132732163103,1.54794544492742,1.5489225351160152,1.5497648992082016,1.550237371146834,1.550652942165545,1.5507139306910742,1.5510978995917108,1.551221555941168,1.5507722242319244,1.5515981572408744,1.5515148000859613,1.5517379445987183,1.5513420203954646,1.5525268996767119,1.5519076295325585,1.5532188187219618,1.5539147100772148,1.554333752796769,1.5553561421199493,1.5566027316667665,1.558258827004706,1.5585222190443082,1.5590404945647878,1.5600126309781341,1.560123828331648,1.5603741050770907,1.5591233091566836,1.5588283156739493,1.557500147093271,1.5570998719599802,1.5567063036394164,1.5560969169225949,1.5562048459502034,1.556238728238839,1.5552941335159853,1.5551215655697677,1.555714819901378,1.554681663470855,1.554735972580172,1.5543171953514716,1.5540058700175317,1.5530519300783199,1.5528958177932284,1.5520158391278316,1.551327650554509,1.5517848561999037,1.5511716460587874,1.551035323416293,1.5507661753624347,1.550354041120603,1.5504913998107301,1.5502493346134762,1.5502867560261486,1.5507284678000453,1.549929868243908,1.5505352887470263,1.5510330044686862,1.5509517755509146,1.55097010935344,1.5503339260347087,1.550739590341193,1.5512491051469548,1.5508909337145846,1.551516183983757,1.551960136572294,1.5520230482188655,1.5522495039292488,1.552434261711877,1.5534531295072742,1.5532716132795839,1.552894072657171,1.553574730397937,1.553576530801332,1.5535758701368145,1.5535584011638628,1.5499325778339235,1.550846175399752,1.5524440073579147,1.5517738644410604,1.551825923462048,1.5525577065523293,1.5522835377339081,1.5515406346485447,1.5514867343843879,1.5526536919662655,1.552249773227226,1.551956538416445,1.5520302919748254,1.5519911531232944,1.5518941348030335,1.5519700710663236
1979-09-30,1.5646920894951832,1.564997350989274,1.5664709585601586,1.5682825179893518,1.5684072237779574,1.5693802272285298,1.5702228075422457,1.5706953032624562,1.571115508169072,1.5711717684996769,1.571549793906045,1.571668902475997,1.5712136415892584,1.5720332602050051,1.5719438662666438,1.5721678134189099,1.5717716052943924,1.5729516587062993,1.5723361027823357,1.573653616387576,1.5743456797045754,1.5747688214418858,1.5757927628063646,1.5770392924427301,1.5786934710794318,1.5789693092865957,1.5794872412985104,1.5804618226692049,1.5805759190101976,1.5808277878980581,1.5795795113642082,1.5792838440086678,1.5779219004341705,1.5775149561141415,1.5771111092594579,1.5765011038115713,1.5766086475087395,1.5766324448471691,1.5756906773659982,1.5755159696097314,1.5761070153535848,1.5750731253403192,1.575124565855457,1.574701503939583,1.574387238659879,1.57343105744684,1.5732726235993784,1.572389134338502,1.5716998645094047,1.5721521606013995,1.5715368371325134,1.5714002506403146,1.5711277541481636,1.5707191903138071,1.570849933131173,1.5706108777984733,1.5706449872829236,1.5710792714242967,1.570291661978371,1.5708874526161627,1.571389142785069,1.5713084071161534,1.571322329867728,1.5706883338677948,1.5710921872677837,1.5715975656639143,1.5712461856264983,1.5718715412503492,1.5723088684018112,1.5723759405684632,1.5725976905401615,1.5727838823820446,1.5738025416120551,1.5736160318407204,1.5732463323808887,1.5739173329072533,1.5739193778739233,1.5739193005343075,1.5739014146161865,1.570265508011179,1.5711795021500485,1.572780843064773,1.5721137137058219,1.5721635537276029,1.5728946737418505,1.572621512367655,1.5718798062689145,1.5718276399517284,1.5729903803770904,1.5725893012604395,1.5722965662785597,1.5723687462937783,1.5723314423487487,1.5722332805831183,1.5723080418028208
1979-12-31,1.6770607697606232,1.677371186272241,1.6788409090086711,1.6806344675256004,1.6807525276424613,1.6817215268787857,1.682564196937977,1.683035862180709,1.6834594417154503,1.6835111091574924,1.6838820071625455,1.683996796327589,1.6835354023490854,1.6843486833392638,1.6842534669974925,1.6844774047799167,1.6840808635696285,1.685254997301476,1.684643216665176,1.685966617031942,1.6866544053583974,1.6870816649844158,1.6881070203758333,1.6893533813012556,1.6910058073875665,1.691292815358528,1.691810675811159,1.6927865995301576,1.6929029215363385,1.6931571571400192,1.6919117874269198,1.691616359419178,1.6902170910589125,1.6898038255880334,1.689390099565495,1.688779703218657,1.68888647087551,1.6889002057566493,1.687961807818794,1.6877849069920514,1.6883741252900732,1.6873402015873116,1.68738915725871,1.686962152105977,1.686645264438423,1.6856878193372955,1.6855277054958488,1.684641295281914,1.6839522031014842,1.6843998667702746,1.6837827719247453,1.6836462399009509,1.683371695542081,1.6829668568120026,1.6830912507921534,1.682855448824699,1.6828874869903578,1.683313738499192,1.6825382725144633,1.6831246404215894,1.68363043880491,1.6835503597754076,1.6835600886090512,1.6829281874558475,1.6833303455235311,1.6838316352144682,1.6834875674664875,1.68411301480018,1.6845435634615502,1.68461449452673,1.684831609660109,1.685019233233323,1.6860377422333612,1.6858458793532642,1.6854839500310517,1.6861451989719458,1.6861474068504048,1.6861478833597978,1.68612949871185,1.6824906529883528,1.6834054868816826,1.6850070933291739,1.6843419741910948,1.6843906797187849,1.6851207742970238,1.6848487465009678,1.684108319296124,1.6840585447371188,1.6852165545899975,1.6848183298460562,1.6845260417180843,1.6845971072171635,1.6845610290725972,1.6844621309145733,1.6845355946920892
1980-03-31,1.7383360191288153,1.7386510398436765,1.740116106716306,1.7418893656050574,1.7420017576036486,1.7429669229934226,1.7438095470993242,1.7442793978431377,1.7447048449997289,1.7447521461228215,1.7451146809956777,1.7452253907071125,1.7447576747183058,1.7455646276706283,1.7454638472318493,1.7456868110712835,1.7452898803273786,1.74645687514204,1.7458488863119523,1.747177684694659,1.7478606558385115,1.7482920054083593,1.7493186035072978,1.7505646790727578,1.7522155241492101,1.7525121304481264,1.7530302496895307,1.754006228265272,1.7541240115095424,1.7543814313038182,1.7531394294075753,1.7528452496194893,1.7514046892574084,1.7509855816970101,1.7505625686422945,1.749952061711346,1.7500576061297748,1.750061406550647,1.749126947410467,1.7489477908495648,1.7495356887426947,1.748502522557525,1.7485494206270238,1.7481188901314464,1.7477997481675906,1.7468421796948217,1.7466811414733014,1.7457925176034015,1.7451050860301156,1.7455485100478811,1.7449300591448298,1.7447939513056459,1.7445189102608167,1.744117949951548,1.7442363851279112,1.7440040964409627,1.7440355311431626,1.7444530893600916,1.743691003874145,1.7442682832554917,1.744778303419626,1.7446990554406239,1.7447048840004284,1.744074953409673,1.7444755671798495,1.7449728370588895,1.7446366354316676,1.745262194678782,1.7456857921977322,1.7457602091200337,1.745972811925419,1.7461618208090024,1.7471802463210642,1.746982654642054,1.746628349781727,1.7472797882926085,1.747282066134843,1.7472830547934828,1.7472640894418334,1.7436307345733149,1.7445469123990627,1.7461449911044034,1.7454806920965527,1.7455295104306914,1.7462580947768456,1.7459872559671452,1.7452481600405876,1.74520149377215,1.7463541841736334,1.7459587735264246,1.745666887246329,1.7457374030857626,1.7457018386075456,1.7456027013434288,1.7456747307491332
1980-06-30,1.6893863516809584,1.6897052994322403,1.6911648683881837,1.6929152905096945,1.6930231712240156,1.693984766970586,1.694827195030165,1.6952940977087851,1.6957196233933087,1.6957628865657168,1.6961157594909233,1.6962226438780554,1.695748436186629,1.6965491038319649,1.6964430686119396,1.696663920494036,1.6962665375045574,1.697425024523851,1.6968207977950172,1.6981544391688415,1.698831939873359,1.6992672972100873,1.7002949236068527,1.7015405812719642,1.7031900168867202,1.7034943156940698,1.7040130867154577,1.7049876176748016,1.7051059936328405,1.7053674636818368,1.7041293800823343,1.70383756880332,1.702351287618258,1.7019269663460703,1.701495476862028,1.7008852022807779,1.700989011759966,1.7009831236173012,1.7000532098482775,1.6998717255330096,1.7004589476214504,1.6994274399720157,1.699472757441774,1.6990392082638448,1.6987182392912623,1.697761878039299,1.6976008009002408,1.696710808586605,1.6960267773874333,1.6964664813933767,1.69584717608196,1.6957119210176474,1.695438218650298,1.6950412911985593,1.6951542945653117,1.69492579919882,1.6949583547840188,1.6953664935364974,1.6946191259011618,1.6951877898969534,1.6957021201197018,1.6956238908899266,1.6956261987537258,1.694998082451073,1.695397340437181,1.6958906806446525,1.695562938651284,1.6961886635454966,1.696605113444401,1.6966825620150383,1.6968908316073839,1.697081129468084,1.6980995417050733,1.6978958281703007,1.6975489204156102,1.6981905259767704,1.6981927679649917,1.6981942133838692,1.6981745849286862,1.6945566231212807,1.695474712714212,1.6970648398195467,1.69639996424035,1.696450326937526,1.6971767754581166,1.6969071052833198,1.6961693652215524,1.696126591367458,1.6972732817083993,1.6968805863004661,1.69658906704851,1.6966597164796766,1.6966238372504079,1.6965250601499666,1.6965955014882792
1980-09-30,1.7023006254264827,1.7026226797081838,1.7040758220291705,1.7058005928259607,1.7059053236930732,1.7068637151907808,1.7077057770578925,1.7081684260031702,1.7085919196055395,1.7086315873099434,1.7089734239121985,1.7090767543803558,1.7085959094050245,1.7093903684433562,1.7092794470055401,1.7094968515740006,1.7090989483852366,1.710247381976016,1.709646839154122,1.7109846851385924,1.7116559333623684,1.7120951535600222,1.7131235398571463,1.714368622481663,1.7160168124211967,1.7163265180564613,1.7168464015781724,1.7178177332813034,1.7179357142976859,1.7182021558401397,1.7169686481939763,1.7166804549202084,1.7151435118488942,1.7147147756380021,1.7142758685181363,1.7136662432912622,1.7137677324733978,1.7137525341755402,1.7128278210518022,1.7126439276836645,1.7132312698499468,1.7122024524182682,1.7122467233127767,1.7118107649931007,1.7114884654086788,1.7105348626734411,1.7103747800836775,1.7094844255123576,1.7088058286488423,1.7092424724125364,1.708622915405559,1.7084890091236988,1.7082188035659258,1.7078260671096754,1.70793431897313,1.7077099211461002,1.707745612183821,1.708143528929579,1.707412335153252,1.707973010081423,1.7084917075385557,1.7084147005927441,1.7084139642793024,1.707787473467698,1.7081856042075385,1.7086751265517945,1.7083564847277226,1.7089824624100731,1.7093915399516977,1.7094714734576333,1.7096756515680291,1.7098670854800162,1.7108855528542435,1.710675305745444,1.7103354775286812,1.710967265501348,1.7109693511326554,1.710971182528021,1.7109508078795632,1.7073598267456878,1.7082804629871178,1.709857491778881,1.7091904131321023,1.7092439607591696,1.7099674862602063,1.709698882663373,1.7089624968983577,1.708924477267621,1.710064377130756,1.7096742351624044,1.7093830607235516,1.7094546599231668,1.7094175059285033,1.7093198037559705,1.7093884840733178
1980-12-31,1.7729505267119188,1.773274704032744,1.7747203868560222,1.7764163705689322,1.7765195466855834,1.7774752093807074,1.7783167086356708,1.7787736004079555,1.7791925846777485,1.779229227816777,1.7795585643294165,1.7796586332023643,1.7791710351006635,1.7799593975637458,1.779844027244887,1.7800564245147807,1.7796579289669046,1.7807945563507999,1.7801975678416335,1.7815388774884675,1.7822029425372974,1.782645808245688,1.783674619889727,1.7849189362472728,1.786566028281658,1.7868784228822576,1.787399953364903,1.788366046228418,1.7884825082067533,1.7887549052261067,1.7875267580789398,1.787243581562994,1.7856504654730851,1.7852183076968546,1.7847733241603665,1.7841648523053921,1.7842633517456181,1.7842393712984448,1.7833205753362829,1.7831341824540767,1.7837226078771644,1.7826976665208831,1.7827414902501793,1.7823038513323046,1.7819807979572435,1.781031760504975,1.780873874721694,1.7799843512614542,1.7793135594706047,1.7797479584199736,1.7791288702246701,1.778996885889066,1.7787327022344632,1.7783443212985977,1.77844867429274,1.7782287068504998,1.7782698768746314,1.778656680707468,1.7779432557381676,1.7784967379718095,1.7790198220972275,1.77894425967003,1.778941065414827,1.7783159778668742,1.7787132530445249,1.7791990918089255,1.778890245731053,1.779516596830046,1.7799180443297977,1.779999810441802,1.7802002085563662,1.7803925613504512,1.7814111447940828,1.7811939323832293,1.7808607657312945,1.7814827917335698,1.7814845837346593,1.7814867129543388,1.7814655080399877,1.7779150237706705,1.7788389127625965,1.7803968684612803,1.779725703580901,1.779784314141118,1.7805039442670294,1.780236216522031,1.7795011589044325,1.7794688444492164,1.7806010334682327,1.7802132149470786,1.7799223783656808,1.7799958931593318,1.7799563551788693,1.7798605736745694,1.7799272979774219
1981-03-31,1.8203415036188881,1.8206666348966962,1.8221037016654975,1.823767392180219,1.8238708755131077,1.8248244054230514,1.8256651125109995,1.8261145167532669,1.826526096325364,1.8265604307419823,1.826875698665587,1.8269728234241243,1.826478392558075,1.8272608077457513,1.8271415056109963,1.8273470799057292,1.8269479166924794,1.8280707438733963,1.8274771250700672,1.8288210332493575,1.8294768134881711,1.8299230238316881,1.8309518465044095,1.8321951608985503,1.83384127793703,1.8341531515206473,1.8346769441918194,1.8356354267757329,1.835749089340061,1.8360284972146503,1.8348066439995585,1.8345300548169017,1.832874618698118,1.8324402550242573,1.8319908579847353,1.8313841451511468,1.8314788894655025,1.8314468243091224,1.8305347371244625,1.8303457452637333,1.8309364029698445,1.8299167042189555,1.8299607551599646,1.82952230155733,1.8291991645162444,1.8282567939816041,1.8281024997679909,1.827215217707827,1.8265549868841144,1.8269881301414672,1.8263703680300551,1.8262409670333848,1.8259857477765777,1.8256018960892333,1.8257033971517016,1.8254882264585777,1.8255375922810768,1.8259122906534984,1.8252183908467114,1.8257656666040178,1.8262931115155718,1.8262192377580369,1.826214296255792,1.825590355008924,1.8259870932052367,1.8264694063664628,1.8261711154403937,1.826797994362813,1.8271915161991426,1.827274341884979,1.8274713496301593,1.8276643311550458,1.828683077955581,1.8284584471017777,1.8281314116051282,1.8287437747746427,1.8287451167166062,1.8287474359677907,1.8287253154080703,1.8252310494325967,1.8261589735162609,1.827690933625255,1.8270135117153266,1.8270793331543864,1.827793883729532,1.827526744346176,1.8267929656607285,1.8267674094501574,1.8278908148345923,1.827505015345099,1.827214527853238,1.827291092877562,1.8272478923247126,1.827155025883039,1.8272195740306532
1981-06-30,1.968855328563413,1.9691800332421665,1.9706071818386215,1.97223464754398,1.9723406047391019,1.973292730792171,1.9741323754359346,1.9745723018655654,1.974973104741014,1.975006010192294,1.9753055192791118,1.9754000474512652,1.9748987477908533,1.9756754048208662,1.9755527801992434,1.975749424896775,1.9753495166602586,1.97645627023903,1.9758657771455606,1.9772112702485451,1.9778574681050565,1.9783066260795792,1.9793349504689581,1.9805769713247456,1.982222201872419,1.9825297839622085,1.9830565429550333,1.9840046623360224,1.9841140661948293,1.984401621530503,1.983187169134538,1.9829189350401961,1.9811943213702061,1.9807592213290275,1.9803074402501406,1.97970321021388,1.9797933246496355,1.9797540645391587,1.9788495681865217,1.9786578690893515,1.9792521153006548,1.9782392361852015,1.978284274605835,1.9778460304619514,1.9775235877984523,1.9765903252359052,1.9764412368241264,1.9755578570405858,1.9749113830627492,1.9753444542475374,1.9747290337244003,1.9746029782414758,1.9743601406440796,1.973981004110821,1.9740809197336548,1.9738709510668313,1.9739316532621234,1.9742931372701897,1.9736207053012782,1.9741629736424824,1.9746946995197492,1.9746227841077981,1.974616947431873,1.9739938590623363,1.9743904301900137,1.9748694010748586,1.9745824981857758,1.9752100936269157,1.9755953508987747,1.9756783251494343,1.975872420049953,1.9760656572213087,1.9770845942913728,1.9768520689809064,1.9765305077407849,1.977133354955282,1.9771340685364858,1.977136447782938,1.9771133245341703,1.9736935173710113,1.9746263410549099,1.9761242996717296,1.9754381268421755,1.97551361406803,1.9762216589812902,1.975954714359236,1.975222143794953,1.9752045156666713,1.9763178871054685,1.9759337205025564,1.9756436147613856,1.9757245553257434,1.9756762212650458,1.975587433048403,1.9756495562827165
1981-09-30,1.9952899607400765,1.995612617298865,1.9970283756026581,1.9986151976170516,1.998726142872399,1.999677741236976,2.0005160040371575,2.000944165173548,2.0013302764328027,2.0013628182648495,2.0016447376562976,2.001737052417132,2.0012288999847403,2.002000030997956,2.0018747997554773,2.0020600774122377,2.001659345884105,2.002747430311687,2.0021597543388374,2.0035056430046256,2.0041407369650472,2.004592335151161,2.0056195399162453,2.006859907216275,2.0085042950199234,2.0088031769783488,2.009333704682842,2.01026827051241,2.010371751745242,2.010668683498343,2.0094629396900485,2.0092050540517064,2.0074036104546593,2.006969533281711,2.006517815194714,2.005916928433605,2.0060014136998876,2.005956066934738,2.005060150900002,2.004865627781609,2.005465050335081,2.004460811903664,2.0045076963600597,2.0040708676610395,2.003750021869302,2.0028286980011036,2.0026866796339915,2.0018091516052205,2.001180132278301,2.001614533345922,2.001002652378427,2.0008808195529415,2.0006543206441076,2.0002801005084794,2.000379945590505,2.000175629093439,2.000251289277441,2.000598317345915,1.9999495098390652,2.0004882091768885,2.0010240724738138,2.000954414650012,2.0009486955672386,2.0003261280170763,2.000722958499031,2.001198797908478,2.000924200035772,2.001552735718671,2.0019293404968663,2.0020113946451374,2.0022031533859757,2.002396178894604,2.003415305393358,2.0031743852197277,2.00285749858162,2.003451029711446,2.003450911675202,2.003453195670525,2.003428980631522,2.0001047467886797,2.001043423655371,2.00249813808183,2.0018003569422143,2.001888313811795,2.002588151070794,2.0023208907777352,2.0015894373655545,2.00158104042478,2.0026829220700844,2.002299911997039,2.00201024569156,2.0020971026111267,2.0020419456695,2.001958590407886,2.0020180074811997
1981-12-31,1.9391356346698243,1.9394543471938996,1.9408570458098264,1.9423982489298053,1.9425170923966015,1.94346920296855,1.9443057061034745,1.9447194753287942,1.9450863623533763,1.9451198161248089,1.9453821534663789,1.945472680005703,1.9449577524631678,1.9457236365267323,1.9455966372341762,1.9457677346537081,1.9453661018536703,1.9464325516728431,1.9458473135415586,1.9471922021156844,1.9478144154115777,1.948267819843062,1.9492931525873978,1.9505314240215728,1.9521749567942321,1.952460004009648,1.9529952117389047,1.953912533383427,1.9540081943695498,1.9543158363702462,1.9531203403811728,1.9528750539783328,1.950988238285758,1.9505572734388503,1.9501085406962342,1.9495120152515444,1.9495897304472853,1.9495396537523688,1.9486534337723533,1.9484559616502666,1.949062407760265,1.948068912649545,1.9481186139879205,1.9476846151865876,1.9473664118386398,1.9464603035438375,1.9463275039276389,1.9454581085110414,1.944850813296326,1.9452881916828901,1.9446812579624673,1.9445646558808525,1.9443590658029928,1.9439899820221016,1.944091552649729,1.9438933899042823,1.9439881754342894,1.9443193552382452,1.9436965733873819,1.9442334118173306,1.9447731941942743,1.9447061272844497,1.9447017211838433,1.9440793011143627,1.9444768798646455,1.944949828693956,1.9446885485916925,1.945318284245841,1.9456857933640967,1.9457656787749187,1.9459557900984001,1.9461480296491402,1.9471673088741615,1.9469174674527623,1.9466042943347115,1.9471887686003093,1.9471875872538473,1.9471895921774238,1.9471641937572945,1.9439599215515346,1.9449055022150947,1.9463063201976625,1.9455936640678597,1.9456972907960202,1.9463869043774993,1.9461186889268705,1.9453882429565237,1.9453905320940321,1.9464792313266213,1.946096801457145,1.9458076612844701,1.9459022189578565,1.9458383018450949,1.9457619515717282,1.9458183444324622
1982-03-31,1.8961666432171316,1.8964792037273597,1.8978669456443749,1.8993569214142692,1.8994870235581154,1.9004408687620065,1.9012751657067413,1.9016715302866336,1.902013958818852,1.9020498381006066,1.902290416466458,1.9023796291784283,1.9018580766480475,1.9026190443963777,1.902491256536655,1.902644934380862,1.9022423238822013,1.903283750538907,1.9027004932309757,1.9040427456868794,1.9046500113932348,1.905104443433241,1.9061269995171095,1.9073626352259665,1.9090052323510416,1.9092704854835243,1.9098114055510231,1.9107072217538397,1.910792898482705,1.9111127034638478,1.9099292599947542,1.9096991164580446,1.9077173903340667,1.9072920030539282,1.9068497183484991,1.9062587531612574,1.9063283966485378,1.9062752289857312,1.905399967855495,1.9051994139450974,1.9058150215648306,1.9048346959533817,1.9048883130397494,1.9044587969309656,1.904144445566161,1.903257339115635,1.9031362300931673,1.9022776274513686,1.9016969756097364,1.9021392549332883,1.9015389164124494,1.90142870200782,1.9012492863684387,1.9008855812305652,1.900990991688753,1.9007995429619653,1.900918239640775,1.9012320081082872,1.9006379315510324,1.9011749212843334,1.9017183171559036,1.901654213599746,1.9016525232365438,1.9010298328822404,1.9014287181453802,1.9018990505270144,1.9016522095679829,1.9022834421589596,1.9026413504929032,1.9027176134217956,1.9029068927804849,1.9030976507439372,1.9041170012216126,1.9038576845303017,1.9035470811703523,1.9041228246704607,1.9041203159739843,1.9041218256388714,1.9040951492827707,1.9010389491738695,1.9019925903590111,1.9033272564076658,1.9025959977320355,1.9027189441480994,1.9033959612989753,1.9031260083113644,1.9023964427367308,1.9024110453278231,1.9034845980274022,1.9031020609390805,1.9028135670264448,1.9029178850122364,1.9028429893852183,1.9027754623410054,1.9028284713399723
1982-06-30,1.863627485177673,1.8639313314976462,1.8653019585029622,1.8667343799512401,1.8668796121941567,1.8678366182111774,1.8686681824149765,1.8690436912011534,1.8693556317439932,1.8693957192614827,1.869612151753376,1.8697005822873036,1.8691726394684631,1.8699290785117952,1.869801642832642,1.8699341794736868,1.8695305177424886,1.870543050649946,1.8699612313601515,1.8712989334869772,1.8718888558190023,1.8723433719369784,1.8733620710051286,1.8745944168278341,1.876235915972605,1.8764744806689015,1.8770222799518268,1.8778916805974974,1.8779649061679815,1.8782984613834552,1.8771291782377424,1.876917053344629,1.8748297638245877,1.8744128460109688,1.8739810850480907,1.8733970859079556,1.8734571740157668,1.8734028745259539,1.8725400050158412,1.8723362291919163,1.8729634621663456,1.8719991023607996,1.872057879632663,1.8716347706569774,1.871325668057319,1.8704619294722535,1.8703553491489049,1.869510632107716,1.8689622797267984,1.8694116942312116,1.8688198731169061,1.868717372110873,1.868570183837248,1.8682121258432587,1.8683238500782817,1.8681397422886763,1.8682878355120942,1.8685824367835135,1.8680200609366107,1.86855955704207,1.8691061596709972,1.8690454365967173,1.8690480997992829,1.8684246733005616,1.868825500392278,1.8692935273803637,1.8690623696444517,1.8696954348665056,1.8700431680565135,1.870114121526988,1.8703035275795798,1.8704919709708743,1.871511256697222,1.8712418813276916,1.8709324973248866,1.8714999117776074,1.87149577497998,1.8714965365901128,1.8714684842597191,1.868592688398621,1.8695556632028305,1.8708101028223945,1.8700559954711538,1.8702024204453518,1.8708640641773284,1.8705914328384265,1.8698626046751112,1.869891343586195,1.8709474756990239,1.8705640203091303,1.8702763310874462,1.8703927793718915,1.870304368841996,1.870247761723765,1.8702969803111018
1982-09-30,1.8096384572885518,1.8099306264317758,1.8112816822541502,1.8126494102070894,1.8128142218977663,1.8137760423286662,1.8146042548396109,1.8149549606114816,1.8152294850969282,1.8152758672295353,1.815465529199578,1.815553775374158,1.81501977494705,1.8157721360507892,1.8156463770718774,1.8157535066318746,1.8153487244397308,1.8163279462316464,1.8157469273129383,1.8170778451502607,1.8176476569129116,1.818101126354664,1.8191146865688892,1.8203429557830673,1.8219830984203549,1.8221870234104587,1.8227430184193771,1.8235803583269006,1.8236383226089736,1.823987367069836,1.8228346964483748,1.8226438413438932,1.8204390901092096,1.8200340165448545,1.8196175484087806,1.8190421565290245,1.8190910000643634,1.819037890150232,1.8181890400580447,1.8179818953720823,1.8186235824196681,1.817678406110063,1.8177437529709453,1.8173292839695745,1.8170270398382198,1.8161916924338222,1.8161028927981555,1.8152756456713561,1.8147660816624565,1.8152252144316965,1.8146441446548929,1.8145508735578058,1.8144428543436193,1.8140907423606343,1.8142116599193803,1.8140355953390892,1.8142193597677616,1.8144928210661038,1.813965497995715,1.8145102414689582,1.8150595276161088,1.8150026529667604,1.8150115733211265,1.8143868925268754,1.8147903824860097,1.815256456280876,1.815042363923832,1.8156776379674981,1.816014544561704,1.8160782372465196,1.816268890202082,1.816454030978647,1.817473050819138,1.8171930021116547,1.8168832537570343,1.8174428264397022,1.8174367192564165,1.817436438710617,1.8174069083163653,1.8147486217815954,1.8157223311531725,1.8168804127783853,1.8160986281641023,1.816273265268816,1.8169163020064125,1.8166398758043294,1.815911627510948,1.8159565464502392,1.8169926318168383,1.816607309370149,1.8163206269041252,1.8164519248972097,1.8163471041424604,1.8163038277262546,1.8163487966290845
1982-12-31,1.7573465483004647,1.7576236258245097,1.7589523163252003,1.7602472980474464,1.760436789179431,1.7614053309110267,1.7622294670498806,1.762550863992142,1.7627800336232187,1.7628351379307183,1.7629951369758108,1.763083872474428,1.7625442596230356,1.763293063600237,1.7631705140632716,1.7632473591603652,1.7628413930551496,1.7637822695464604,1.763201308525073,1.7645228434298492,1.7650693599578782,1.7655204405270029,1.7665273507502146,1.767750604464441,1.769389020456554,1.7695491650975588,1.7701148384464136,1.7709136439143802,1.7709531497288347,1.771319592955121,1.7701863760618746,1.770020464129808,1.7676849654386588,1.7672956548459378,1.7669000293077062,1.7663351522562283,1.766370831011102,1.7663216401370563,1.7654886592783718,1.7652779925007294,1.7659373697035998,1.7650150714414445,1.7650885833494514,1.7646853354408334,1.7643918002581214,1.7635906087101287,1.7635233073521728,1.7627176696990783,1.76225431996601,1.7627261445720823,1.7621584123870169,1.762076102376052,1.762015192872112,1.7616693605372986,1.7618028065571352,1.7616355721995482,1.7618621692119176,1.7621122747632694,1.7616237573491322,1.7621769220975452,1.7627282354191665,1.7626757345859712,1.7626931148092004,1.7620666045700224,1.7624735736553945,1.7629380923205664,1.762742602153686,1.7633805037593682,1.7637058468012339,1.7637600291991902,1.7639532308276893,1.7641339066760509,1.765152383059707,1.7648610130688986,1.7645490542416256,1.765101368987484,1.7650929023609785,1.765091239147175,1.7650601239304615,1.7626618230165887,1.76364780841322,1.7646910850382342,1.7638761425391007,1.7640843714169048,1.764705054255694,1.7644235221414837,1.7636956829494603,1.763759073989234,1.7647720887853708,1.7643837975185406,1.7640983732381106,1.7642476321787575,1.7641231024952793,1.7640959203360973,1.7641361212528204
1983-03-31,1.696117595941466,1.6963756627531412,1.6976788142515074,1.6988919770384356,1.6991119747320635,1.7000894252395553,1.7009086406769147,1.7011955986962661,1.7013703460518574,1.7014369807261662,1.7015641250489537,1.7016541096233921,1.7011094571573464,1.701855302278274,1.701737728834963,1.7017787298331903,1.7013715236192026,1.7022683302932726,1.7016865692237624,1.7029957108568266,1.7035152816394095,1.703962394312012,1.7049608850620714,1.706178011807034,1.7078142035478368,1.7079200984598613,1.708497116345249,1.7092499869512996,1.7092674039783802,1.709653345869424,1.7085428596192627,1.7084060359577502,1.7059249666158443,1.7055559458074923,1.705187585050548,1.7046354291347494,1.70465576505168,1.7046136788686574,1.7037986673127195,1.7035843194231233,1.7042650751029265,1.7033698844766691,1.7034533651976305,1.703064309657687,1.7027816039451404,1.7020211625984298,1.7019795971472251,1.701200330658791,1.7007916676639314,1.701279592096225,1.7007281786449324,1.700658800689872,1.700654056494174,1.7003148767785312,1.7004646945941142,1.7003071720876082,1.7005847524251414,1.7008090159813758,1.700363504427962,1.7009287467974237,1.7014812805812611,1.7014337433822921,1.7014621204173155,1.7008331434597546,1.7012445132533303,1.7017079257723111,1.7015327467468029,1.7021737395499426,1.7024866877420974,1.7025287766276167,1.7027260313359043,1.702900885513855,1.7039184528361453,1.703615078022697,1.703298769549681,1.7038445183734963,1.703833250954779,1.7038298127805365,1.7037970006469179,1.7017071621377524,1.7027071191715184,1.7036145565852236,1.7027602500329397,1.7030081716141536,1.7036021807552375,1.70331401723082,1.702586404330464,1.7026708369578878,1.7036573119726013,1.7032647808820576,1.7029809215354739,1.7031516891879916,1.703003701651348,1.7029957708221817,1.7030306197727543
1983-06-30,1.7073950727654115,1.7076296531540764,1.708903671675937,1.7100248181770232,1.7102819518341286,1.7112708059664672,1.7120841231153563,1.7123308233692751,1.7124408366927333,1.7125222291288376,1.7126129958551184,1.7127050853440615,1.7121561081207557,1.7128996775373695,1.7127891058790867,1.7127879512696793,1.7123794573751647,1.7132257070969834,1.7126421619536245,1.7139354424686408,1.714423903549219,1.7148652077564575,1.7158532230124148,1.7170629189295008,1.7186962462951878,1.71873595644083,1.7193261861079985,1.7200246982041554,1.7200159177243317,1.7204236684940657,1.719339671215772,1.719236601958579,1.7165934521772654,1.7162499188578846,1.7159162071814404,1.7153793089870963,1.7153818396951066,1.7153505469588675,1.7145558827185172,1.714337689168751,1.7150440082505929,1.7141807468446881,1.7142762304966728,1.7139047697815526,1.713635312801071,1.712923132357729,1.7129121140863812,1.7121646679863647,1.7118203185632281,1.7123282284828396,1.7117965513520232,1.7117423409627106,1.7118040468234947,1.711471936514205,1.7116425292200366,1.7114957046368655,1.7118335095670512,1.712029147001858,1.7116313351814945,1.712212842523869,1.7127656232398012,1.7127237108227007,1.712765990187274,1.7121338418133756,1.7125506493097404,1.7130134605986378,1.7128604913601777,1.713505086521999,1.7138047053373033,1.713831748976224,1.714034784423156,1.7142022460997666,1.7152184398647448,1.7149023382947761,1.7145792180483679,1.7151192123429024,1.7151046450531409,1.7150989825854484,1.7150643553970486,1.7133380754531846,1.7143538679741595,1.7151015774056604,1.7142009022001399,1.7144954129689491,1.7150577973489556,1.714761242782582,1.7140336621471637,1.7141420121574404,1.7150979860589852,1.7146997588675883,1.7144178322418053,1.714614136998131,1.7144384462558724,1.7144533574548095,1.7144821981553524
1983-09-30,1.7160621838138241,1.7162682035498276,1.7175090415392738,1.7185267627601295,1.7188285259431513,1.7198316076224789,1.720637904489286,1.7208377863916646,1.7208714146486292,1.7209712425668844,1.721021749808217,1.7211169043475931,1.7205644699813014,1.7213065379872694,1.7212052732122136,1.7211548420015406,1.7207450224508145,1.7215334054627318,1.720946957206877,1.72222041432582,1.7226730487535646,1.7231064226208155,1.724081597351431,1.7252823502568182,1.7269120192765928,1.7268720314316726,1.7274775562084552,1.7281121832477004,1.728072580994809,1.728504678667314,1.7274514475068634,1.727387362447409,1.7245638085077364,1.724251682313457,1.7239610387319206,1.7234422904334143,1.7234242471837886,1.7234079772144768,1.7226363391746977,1.7224141295289348,1.723150730574568,1.7223248585294757,1.7224346281816825,1.722084629384523,1.7218311626447025,1.7211757414636808,1.7212006997128664,1.7204912638620056,1.720222098463397,1.720754392842474,1.7202463396498964,1.7202098174211131,1.720349581819427,1.7200250053460504,1.7202213777366826,1.7200863501136778,1.7204947954153318,1.7206587008942071,1.7203138165425496,1.7209163466273998,1.7214682217153645,1.7214326723895637,1.7214921560012022,1.720856059200479,1.7212794654192232,1.7217422403990557,1.7216135849109686,1.7222623439994766,1.7225475876392367,1.7225562376101609,1.722767021291702,1.7229252897602882,1.723939538847509,1.72360994643498,1.7232772054808976,1.7238123843357789,1.723793955850857,1.7237855584391124,1.7237489912900676,1.7224484967257063,1.7234821700098883,1.724043187034002,1.7230882786430697,1.7234371326506452,1.7239622622004545,1.7236553064283546,1.7229275527831476,1.723063027022825,1.723984008014927,1.7235784299089665,1.7232988692580016,1.7235252568567518,1.7233170826605737,1.7233588934066009,1.723380991543308
1983-12-31,1.6852058117336055,1.685377586207726,1.6865807315048436,1.6874823736247717,1.6878371456134424,1.688857614119966,1.6896556204659565,1.6898013634069735,1.6897455841768443,1.6898679844488496,1.6898739757463983,1.689973262501553,1.6894183915749093,1.6901598260286292,1.6900704587407775,1.6899627994763127,1.6895516258303735,1.6902739870839893,1.6896833781244307,1.690932544471564,1.6913440672961921,1.6917671025290897,1.6927267569478135,1.6939168416856956,1.6955419034946455,1.6954070877921061,1.6960302141956352,1.6965902981669947,1.6965147217716607,1.696973941531902,1.6959562850430794,1.6959369986805322,1.6929128449119575,1.6926387831354295,1.6924006827696034,1.6919033390435794,1.691861638177306,1.6918651702178003,1.691119546750314,1.6908931428289224,1.6916652922862911,1.6908829236761462,1.691009519159605,1.690685324723408,1.6904509198181357,1.6898617686540367,1.6899287671608039,1.6892642884068145,1.6890824537076763,1.6896440571428482,1.6891639954076672,1.6891479746965858,1.6893787644115488,1.6890622357072274,1.6892900071928896,1.6891679928675436,1.6896587000783716,1.6897874337745198,1.6895012589258556,1.6901301516622058,1.6906797892633905,1.6906514210045973,1.690731815415067,1.6900909177325192,1.690522211531679,1.6909855762360473,1.690883552896723,1.691537090917186,1.691806797180973,1.691793300007748,1.69201404374587,1.6921610841385526,1.6931727115593231,1.692828816348492,1.6924832931427995,1.693014723276303,1.6929918083446283,1.6929801027032738,1.6929414632377884,1.6921362949791185,1.6931900849491743,1.6935342894480683,1.6925163976969135,1.6929282307034557,1.693409780585938,1.6930901567292533,1.6923620115688136,1.6925281594574617,1.6934091120870767,1.6929943250456394,1.6927176298368878,1.6929791773148892,1.6927331899009945,1.6928064365951387,1.6928209769877909
1984-03-31,1.6436727296491407,1.6438040264351201,1.64496454642505,1.6457363118088915,1.6461532787028688,1.6471945965963721,1.647982908198422,1.6480664996420535,1.64790704335637,1.648056565543957,1.6480134259553911,1.64811800822001,1.6475618489511388,1.6483036039176617,1.648228980935993,1.6480553821460737,1.6476428330019517,1.6482902425524393,1.6476940868688863,1.648914044161736,1.6492786486582105,1.6496886816002423,1.650629856590478,1.6518073581500952,1.6534267327845564,1.6531804887858526,1.6538237334643313,1.6542975836593774,1.6541804013146557,1.6546697439943931,1.653692953204711,1.6537248310562522,1.6504781269182904,1.650249452573677,1.6500743210484217,1.6496019605559993,1.649533228816979,1.6495618318820704,1.6488454938983788,1.6486147045015103,1.6494281737957264,1.648696014621907,1.648842213211932,1.648548595162064,1.6483366226558547,1.6478241735256873,1.6479398565948302,1.6473279640126095,1.6472467741759957,1.6478430909447357,1.6473958192524627,1.6474033817161233,1.647739406531167,1.6474314860116261,1.6476968313890126,1.6475891577381343,1.6481748535732794,1.6482646587031138,1.6480435000212954,1.6487046203037554,1.6492505380233193,1.6492302426254102,1.649335618628777,1.6486889937919202,1.6491295834876265,1.6495942187090018,1.6495213527484425,1.6501803410765705,1.650433233762443,1.65039347170373,1.6506266061194226,1.6507601735715949,1.6517684176041794,1.6514093499132745,1.6510475691974495,1.6515764242871775,1.6515483391293686,1.651532695372736,1.6514918432834138,1.651258222302765,1.652334553899317,1.6524289418995604,1.6513384953632881,1.6518227541171797,1.652253768407561,1.6519189723160128,1.651190197552947,1.6513908891770555,1.6522262835625272,1.6518002432244554,1.651526970897728,1.651829243553294,1.651539608703243,1.6516492659229425,1.6516553570136754
1984-06-30,1.5650239989104975,1.565108272010431,1.5662209850711033,1.5668483437152934,1.5673371872660464,1.5684029996519446,1.5691801343124236,1.5691931375250958,1.5689149730377918,1.5690964053479597,1.5689992514699829,1.5691103462577556,1.5685540906808444,1.5692971762573202,1.569240289646451,1.5689915617836172,1.5685776147477364,1.5691406533954404,1.5685374784612882,1.569723061144909,1.5700346067097335,1.5704288327340425,1.571348420003777,1.5725113205043122,1.5741238774210435,1.5737487068445188,1.5744147365038847,1.5747900227204048,1.5746253133701718,1.5751479451431831,1.5742176026221277,1.57430740004084,1.5708149643882492,1.5706393918901052,1.5705382066491336,1.5700945888430322,1.569995267080681,1.5700544795683182,1.5693708714234937,1.5691354794388956,1.5699963695298818,1.569321477056162,1.5694902111888869,1.5692321949400667,1.569046203257081,1.568621450490495,1.5687928267864693,1.5682415466755792,1.5682750475985539,1.5689117808831217,1.5685023446633723,1.568536741399484,1.5689929919743024,1.5686942722318924,1.569003695802907,1.568911770307725,1.5696058808357924,1.5696527690284736,1.5695033114301693,1.5702028328464772,1.570743492958359,1.570732210811033,1.5708668507892432,1.570213511695344,1.5706648882658523,1.5711315058860067,1.5710904826007084,1.5717556512530453,1.5719903602419216,1.571920005553856,1.5721680852562183,1.5722858146597622,1.573289896384451,1.5729147100895786,1.5725330248736398,1.5730605175462264,1.57302654165245,1.5730062963087406,1.572963083323566,1.5733813854198297,1.574482844976281,1.5742926145716312,1.573119494193448,1.5736861458731175,1.5740592847214174,1.573706653832366,1.5729769758025705,1.573216302246643,1.5740003074265259,1.573560849873532,1.573291586993493,1.5736404633266998,1.5733010256780855,1.5734523433532213,1.5734490387550302
1984-09-30,1.582241543215098,1.5822725484758051,1.5833324780946132,1.583801269216905,1.5843713394157666,1.5854651562246656,1.586229702474321,1.5861639678654416,1.5857525909405492,1.585970502873773,1.5858144379896268,1.5859332036132967,1.585377874355367,1.5861232755881263,1.5860869703040972,1.5857541979151542,1.5853388094143002,1.5858083328404018,1.5851966924252427,1.5863430229376823,1.5865955379689813,1.5869713107773191,1.5878663930912693,1.5890128003941029,1.5906175643434908,1.5900965920635115,1.5907880585081324,1.5910528586984443,1.590834916739834,1.5913939998130926,1.5905154733931135,1.5906698900561707,1.586908742771255,1.5867936541017225,1.586776894887512,1.5863655845416678,1.5862322057766116,1.5863272594351079,1.5856797073100692,1.585439440190623,1.5863537111941337,1.5857428564588218,1.5859369912548384,1.5857193897058603,1.585562784064686,1.5852363302018126,1.585470195470962,1.584987199492001,1.585149005985742,1.5858316772963694,1.585464884043276,1.5855292712913296,1.5861202858228733,1.5858313522352594,1.5861910916986515,1.586116315992046,1.5869318819434794,1.5869318710505234,1.5868607710425606,1.5876046060121811,1.5881386576409713,1.5881373093807534,1.5883053053134162,1.5876442426213582,1.5881078795343158,1.5885771603088776,1.5885706907376795,1.5892428287325453,1.5894579496589842,1.5893528708713078,1.5896183257829688,1.5897179671169994,1.5907172603550328,1.5903248952082132,1.5899198576001996,1.5904470665100199,1.59040650090644,1.5903810176477684,1.5903352886778912,1.59148331505283,1.5926125639693751,1.5921040111382598,1.5908382897709301,1.59149704230866,1.591805236700668,1.591432161105529,1.5907012335935056,1.5909832339490586,1.5917102313537068,1.5912552509465248,1.5909905387314258,1.591391741694016,1.5909965155873145,1.591194584643883,1.5911809427316566
1984-12-31,1.542477466798916,1.5424507072316027,1.5434541516161258,1.5437531888612444,1.5444115519392976,1.5455360011609311,1.5462869687819323,1.5461363115229079,1.5455807822126877,1.545838450338087,1.545619180129796,1.5457464512789767,1.5451924070676826,1.5459408917685644,1.5459271783391022,1.5455034967273023,1.5450865554514004,1.5454555008147832,1.5448342423977737,1.5459379883175723,1.5461268593752444,1.5464823927638247,1.5473510413175506,1.5484797258227678,1.5500763550370626,1.5493969157765939,1.5501160620580916,1.5502613356607862,1.5499858607518593,1.5505841459998706,1.5497613958093563,1.5499860097974714,1.5459367825512476,1.5458875245440877,1.5459627067091657,1.5455861928444883,1.545416040312855,1.5455505100126508,1.5449415327427973,1.544695997069509,1.5456683550057715,1.545126521160289,1.5453483262904493,1.5451746429894397,1.5450499288303008,1.544829734130294,1.5451313071905348,1.5447221439329992,1.5450226928074342,1.545755508198492,1.5454347883268897,1.5455316026818104,1.5462685531959042,1.545989889877983,1.5464045139096791,1.5463480777777716,1.5472951905403605,1.5472448751251182,1.5472577861696708,1.5480502460200127,1.548577086759047,1.5485864109008722,1.5487907194128319,1.5481209962819644,1.5485981110326834,1.5490705583484115,1.549101053650561,1.549781004756708,1.54997524521656,1.5498324621931636,1.5501170138381937,1.5501969844114263,1.5511914079812303,1.5507806113849472,1.5503498416386734,1.5508773103445235,1.550829615329995,1.5507984278392624,1.5507500247370558,1.5526871130852473,1.5538466726576055,1.5529940303271215,1.551627728190698,1.5523861845554758,1.5526241787668102,1.5522286004235193,1.551495922453193,1.551823932738333,1.5524897268184574,1.552017596057407,1.5517577567081782,1.5522157449083593,1.5517600754516687,1.5520088018295046,1.5519840283374076
1985-03-31,1.4866995583030094,1.4866157184958717,1.4875627955774278,1.4876900768168606,1.4884368676847122,1.4895919203506625,1.4903295747875254,1.4900937685555318,1.489393940650154,1.4896907958647774,1.4894061089674429,1.4895417664100274,1.4889875337812932,1.489739194010638,1.4897476146384903,1.489232442444902,1.4888136595791783,1.4890813510543546,1.4884502540278188,1.4895126152709808,1.4896374215541688,1.489973455845146,1.4908166232112152,1.4919282933373859,1.4935182102342972,1.4926803868882315,1.4934281044748996,1.4934535833123626,1.4931205122412579,1.4937593609864477,1.492992100393304,1.4932888142466443,1.4889439068384416,1.4889597421375735,1.4891255532177932,1.4887831563408047,1.488575832468719,1.4887484305165533,1.4881780975438343,1.4879266277893852,1.488957869979513,1.4884846793634992,1.488734568110184,1.4886043881343336,1.4885113706723228,1.4883973951338152,1.4887670678975784,1.4884309579703958,1.488870963705337,1.4896541140705841,1.4893788134795152,1.4895082829279558,1.4903920333439844,1.4901237980692663,1.4905928711991727,1.4905552586682511,1.491634950014402,1.4915328698341324,1.4916321055094703,1.4924727147910428,1.4929938175081738,1.4930139826905056,1.4932541787455313,1.492575160415903,1.4930661444253694,1.4935417367096788,1.4936105235357122,1.4942991705189699,1.494471704148901,1.4942916583859347,1.494594933200549,1.4946556295017144,1.4956465718550367,1.495215724056977,1.4947599735882107,1.4952867628448434,1.4952318862235774,1.4951950379404906,1.495143809528564,1.49787298854435,1.4990647152776226,1.4978664449019312,1.496397720935791,1.4972569777920026,1.4974249997844684,1.4970066028546807,1.496271328521138,1.4966464240187822,1.4972511239831623,1.4967616936975918,1.4965064189872406,1.4970217434080468,1.4965050742432962,1.4968047346198565,1.4967685243406295
1985-06-30,1.4875985774805325,1.4874959201525795,1.4884146078864635,1.4884359586455247,1.4892205452257243,1.4903867971103868,1.4911205575012443,1.4908430135460724,1.4900777448492337,1.4903852964033937,1.4900490697773319,1.4901861140216042,1.489617383150166,1.490367327076771,1.4903795528220674,1.489818540721029,1.4893964037150116,1.4896091977928085,1.4889749979883609,1.49002988871829,1.490121179058778,1.4904567145182173,1.4912961011374066,1.492405460160807,1.4940025446606664,1.4930997317303265,1.4938666518291512,1.493836443410574,1.4934766486411588,1.4941468079019489,1.493403682891121,1.4937465671809518,1.4891871559472383,1.4892230570376532,1.4894140424747668,1.489082178637854,1.488854414245067,1.4890287635469583,1.4884791981703125,1.4882194486532578,1.4892814021633334,1.4888374083339324,1.4891020395132402,1.4889864117000822,1.4889052108983942,1.4888388533073993,1.4892415211947383,1.4889316912345516,1.4894403790325308,1.4902445641969697,1.489984407560717,1.4901304988476816,1.4910860928675564,1.490825986815975,1.49131260658966,1.4912889232153437,1.4924355098529891,1.492295103615795,1.4924575358452585,1.4933109938355127,1.4938424022242494,1.4938693494800466,1.4941204450789423,1.4934339697430556,1.4939330075463806,1.4944079373845487,1.4945078216771357,1.4952059123662107,1.4953597647368497,1.4951677195216022,1.4954741788179358,1.4955303595840008,1.4965293870723957,1.4960748867948122,1.4956174747699422,1.4961322674817557,1.4960737400126825,1.4960349897060596,1.4959808835550603,1.4990917476123151,1.5003118606712422,1.498944379785339,1.49741710220705,1.4983302229378646,1.4984686428060117,1.498040125070795,1.4972992950824147,1.4977055863621123,1.4982808157485514,1.4977848629499708,1.4975293256958866,1.4980736749931567,1.497525663484278,1.497849834270677,1.4978056052209932
1985-09-30,1.455253891087965,1.4551352866381264,1.4560272360606454,1.4559443410500008,1.4567639073043042,1.45794015871893,1.4586707568282504,1.4583537517940197,1.4575274092466106,1.4578434625511054,1.4574542857870503,1.4575921202568984,1.4570065957307865,1.4577545733678274,1.4577690615789218,1.457164217638026,1.4567383912594225,1.4568982360519498,1.4562610891530998,1.4573116445889218,1.4573706504929045,1.4577074501456717,1.4585452003694064,1.4596537144788577,1.4612600468447192,1.460297672042223,1.4610841608793594,1.4610016237639218,1.4606168909825068,1.4613190973735128,1.4605981452792511,1.4609876933787782,1.4562109124428926,1.4562636045647128,1.4564747446267698,1.4561513821360872,1.4559037390623109,1.4560764687940932,1.455546706424352,1.4552778398593946,1.4563697194843246,1.4559522745658469,1.4562312661125114,1.4561281266830983,1.4560573971344855,1.4560352727736254,1.4564693112738043,1.456182302658341,1.4567563604720415,1.4575801090793914,1.457332706466249,1.4574947290308982,1.4585187410611407,1.4582668025991214,1.458768433354476,1.4587588989000433,1.459969614258762,1.4597901223522558,1.4600167934799089,1.46088057212056,1.4614246845839918,1.4614583354132962,1.4617184531832217,1.461024001659578,1.461531142336732,1.4620051082911991,1.4621370479442715,1.4628455649864986,1.4629799644563173,1.4627778585889537,1.4630862137367446,1.463139076528616,1.464148233038355,1.4636682169805153,1.4632112845333973,1.4637123825167135,1.4636503628200788,1.4636099661665054,1.4635528477426731,1.4670248950426388,1.4682750221023166,1.4667469467762395,1.4651617928688976,1.4661271207014681,1.4662383642496168,1.465799994814052,1.4650525349081174,1.4654901468462311,1.4660377583014914,1.4655357101057862,1.4652793661928567,1.4658516961658377,1.465273513093447,1.465620975358263,1.465568599342073
1985-12-31,1.3956232844154406,1.3954905600828913,1.3963565993409865,1.3961690552663444,1.3970222385062754,1.3982078169337189,1.3989357046741615,1.3985802520003698,1.3976949201932358,1.3980180525563841,1.397573919828588,1.3977121177735692,1.3971077896394104,1.3978536833843767,1.3978693725020148,1.3972213303742098,1.396791513007841,1.3968989500078093,1.3962587937588098,1.3973072638256137,1.397334267898389,1.397673588597962,1.3985112852331607,1.3996200253926234,1.4012373654967019,1.400218160130321,1.4010249352624826,1.400891535594552,1.4004827781470381,1.401218128558397,1.4005183047415062,1.400955964594019,1.3959560002664944,1.39602345904526,1.3962515212405175,1.3959352476192795,1.3956677697091413,1.3958364466585662,1.395326044128709,1.3950472207060918,1.3961691330883501,1.395776693972672,1.396070081175896,1.3959781722692544,1.3959171254987977,1.3959375455865093,1.396402379311869,1.3961360162376488,1.396774250329346,1.3976169584464126,1.3973807354976864,1.3975584829715697,1.3986497323155405,1.3984060831599134,1.398921220144465,1.398926244288958,1.400200300969332,1.399980423866201,1.4002732692978803,1.4011458082792994,1.4017046947379386,1.4017450989665654,1.4020130389116001,1.4013099843355936,1.4018254776533492,1.4022982681939018,1.402463561158784,1.4031835609855148,1.4032975396410894,1.4030866365916042,1.403396007082561,1.4034463459937037,1.4044674645579713,1.4039600154591954,1.4035051140674872,1.4039910287951687,1.4039255712352103,1.403883678469869,1.4038234066047979,1.407648264255054,1.40893030680045,1.4072450291528211,1.4056012423380402,1.406618558189137,1.4067038724590923,1.4062554834667045,1.4055003108271806,1.4059699145068345,1.406490837057073,1.4059827837368108,1.4057252124067001,1.4063253552748414,1.4057172716010538,1.406087600568805,1.4060268171392951
1986-03-31,1.3193592772108755,1.3192158493143755,1.3200579314324472,1.3197679962727615,1.3206513259110153,1.3218447245442908,1.3225707135817706,1.3221796219744864,1.321240641796142,1.3215682444156536,1.3210676799488659,1.3212055027071368,1.3205797465104965,1.3213232211359391,1.3213382783192362,1.3206495384239287,1.3202153765633207,1.32027283760875,1.3196298803636297,1.3206799209645022,1.3206764297653695,1.321020302438947,1.3218604207729423,1.3229710433296817,1.3246017048572534,1.323532243747965,1.324359654707697,1.3241794786808965,1.3237489037520889,1.3245181143295828,1.3238371135844074,1.3243233375960664,1.319097647490986,1.3191759940275447,1.3194150357405432,1.319103452069136,1.3188168653347025,1.318977533690996,1.3184853119581603,1.3181955721314742,1.3193464843409648,1.3189758751554173,1.3192831476891036,1.3192000175765162,1.3191470431563772,1.3192059107691958,1.3196995260130342,1.3194496920126655,1.320148016600666,1.3210078801498162,1.3207800018410265,1.3209726126118777,1.3221268498022019,1.321891522663491,1.3224171355928647,1.3224369410926227,1.323770855730017,1.3235097984680566,1.3238698643719167,1.324748130249835,1.325324554136242,1.3253715939859425,1.3256451119103092,1.3249328925582942,1.32545675422712,1.3259279832101571,1.326127670443666,1.3268602730835466,1.3269529380937328,1.3267355652350425,1.3270444159237176,1.3270936291546107,1.3281290460787545,1.3275920532161245,1.327141726269268,1.32761045246294,1.3275417580955018,1.3274986745055248,1.3274351078922562,1.3315875584843502,1.332903297963769,1.3310714564364212,1.3293700484460067,1.3304372063572596,1.330499475105705,1.3300413759548082,1.3292772515069207,1.3297788769157788,1.3302753256973765,1.3297617871347918,1.329502373461402,1.3301290150600824,1.3294925185711228,1.3298842122370895,1.3298148896289133
1986-06-30,1.2646748462713684,1.2645247282555756,1.265345186910014,1.2649559772804109,1.2658652062139053,1.2670645874711859,1.2677896019164694,1.2673663255995493,1.266380212647566,1.2667092251155383,1.2661508540649278,1.2662874276931853,1.2656373399407261,1.2663779691844033,1.2663902583589168,1.2656639677356178,1.2652250904554376,1.2652356558747218,1.2645901934905408,1.2656460044750322,1.2656139281379577,1.2659646741279063,1.2668100333148442,1.2679244070844686,1.26957092414242,1.2684591662378193,1.269307466864797,1.269085521665645,1.2686358174700763,1.2694395026946512,1.2687745837778772,1.2693095695460692,1.2638565299157074,1.2639411987435052,1.2641842565023502,1.263874579716445,1.2635698399717827,1.263717943304815,1.2632424602263912,1.262940766277675,1.264119271651881,1.26376671287034,1.2640871768078454,1.2640099320523148,1.263963116099771,1.264055470506933,1.2645753514041305,1.264337200527407,1.2650905248759337,1.2659653176676102,1.265742467795108,1.2659488542003021,1.2671607613179576,1.2669337654521202,1.2674662593678252,1.2675010256299348,1.268890377412744,1.2685874507858712,1.2690155720976175,1.26989597363989,1.2704930111810722,1.270546512397122,1.2708229654062364,1.270101018673008,1.270633194265216,1.2711023977340772,1.2713374925003291,1.2720838892937223,1.2721543142551668,1.2719332118928457,1.2722397507797256,1.272289460874498,1.2733417499169069,1.272772956055692,1.2723301482443627,1.2727794302224036,1.2727077526376824,1.272663840598915,1.2725968357621693,1.2770457205352943,1.2783969702231313,1.276431757760303,1.274674299977227,1.2757884927095478,1.2758311736398955,1.2753638007797075,1.274589380371572,1.2751228643070434,1.2755975069368644,1.2750791424908146,1.2748171977334293,1.2754686407968372,1.2748056397187717,1.27521682409062,1.2751388594718287
1986-09-30,1.2267890251440325,1.2266362024799584,1.2274372796393858,1.2269516288769498,1.2278825694766469,1.2290860795681304,1.2298109986255188,1.2293589130484939,1.2283320470754933,1.2286594189461142,1.2280416935867904,1.2281761191088947,1.227498726470426,1.2282360717725236,1.2282434473760306,1.227482630591541,1.2270386714291672,1.2270052871922066,1.2263575877470023,1.2274233708663058,1.227364506046851,1.2277244329299333,1.2285778510957903,1.229697822514367,1.2313627406965737,1.2302164798998239,1.231086001109327,1.2308271443687635,1.2303609677627745,1.231199818541019,1.2305483237249428,1.2311324837457471,1.2254498956439883,1.2255363695923762,1.2257765210473988,1.2254659622649624,1.2251439694838122,1.225274929485193,1.2248147775967386,1.2245000388369662,1.2257048404738695,1.2253665967941236,1.2256996032870169,1.225625382170894,1.2255828339548391,1.2257038235730675,1.2262475424799522,1.2260162612462873,1.226819679724199,1.227707243837924,1.2274861150519436,1.2277052341904842,1.2289696864202075,1.2287510490909201,1.2292868690689143,1.2293368234307271,1.2307773633347547,1.2304317302332892,1.230928961588014,1.2318079256350076,1.2324287284354145,1.2324885305196136,1.2327652829417612,1.2320330026497788,1.2325734715117875,1.2330401685042605,1.2333118030025831,1.2340732629764166,1.234120417889568,1.2338983300068227,1.2342007582317962,1.2342525733437644,1.2353243805602236,1.2347214086936567,1.2342890952920127,1.2347165930001116,1.2346421789387185,1.2345977962719674,1.23452720607524,1.2392422990598257,1.2406310028360632,1.238545208512699,1.2367330672347103,1.2378916253872732,1.237918080755914,1.2374417760744032,1.2366556410310998,1.2372209111247146,1.2376763426127624,1.2371537679107243,1.2368886049188628,1.237563251069899,1.2368755713841302,1.2373044453546043,1.2372177013843135
1986-12-31,1.2596119768595866,1.2594602357393214,1.2602439455661183,1.2596640809645643,1.2606128268414791,1.261818676130056,1.2625442876189932,1.2620664924805416,1.2610047619815077,1.261327576799528,1.2606486971748327,1.2607800779546174,1.2600723911827396,1.2608060204515463,1.2608064052030694,1.2600137543073093,1.2595643580407567,1.2594896218995157,1.2588398945830004,1.2599197071377444,1.2598355952870461,1.2602069139517056,1.2610711145504987,1.2621984427881143,1.2638842621289665,1.2627107059517049,1.2636019045184814,1.263310552451959,1.262830389517873,1.2637052240897113,1.2630647220945344,1.263698816209095,1.257783481658404,1.2578674910304513,1.258098141211819,1.2577840071825765,1.2574455267809137,1.257554897824825,1.2571087850720397,1.256779863016082,1.2580099070813517,1.2576824631085832,1.2580274710644952,1.2579535719868535,1.2579135127239534,1.2580586601533628,1.258624039137107,1.2583950525315601,1.259244170578186,1.2601425503356345,1.2599199761025062,1.2601509041799386,1.2614633152418857,1.2612530933304598,1.2617888884288702,1.2618543323406055,1.2633422866313246,1.2629528889335466,1.2635206278013114,1.2643947546590615,1.2650424885344451,1.2651084640148111,1.2653829966777357,1.2646397199832182,1.2651885243529182,1.2656522325725936,1.265961701305939,1.2667395756261695,1.2667623044046323,1.2665418689504386,1.2668384477799357,1.2668938969038184,1.2679878988720417,1.2673482551032875,1.2669293434900701,1.267332674099397,1.2672557472814399,1.267211230538467,1.2671369036811464,1.2720907905889483,1.2735190541059005,1.2713242545114571,1.2694583780597757,1.2706589895554177,1.2706723029127514,1.2701872504464236,1.2693879128244423,1.26998506709494,1.2704236663327353,1.2698974023096752,1.2696283558940742,1.270324838804889,1.2696140862723588,1.2700590437777803,1.2699633302732272
1987-03-31,1.2574718027396088,1.2573247189198025,1.2580928297400358,1.257420338829685,1.2583832679286238,1.2595897279203765,1.2603167206246753,1.2598160297814303,1.2587248150730543,1.2590402950237591,1.2582981992289717,1.2584256383913253,1.2576846514204876,1.2584141360451775,1.2584055218853598,1.2575833845217976,1.2571282087686462,1.257014358303763,1.2563627521957392,1.2574605009549336,1.2573524195234937,1.2577372392847177,1.2586148461602198,1.2597511982188287,1.261460369306465,1.2602661172248144,1.2611795805581147,1.2608596922325794,1.2603678511043959,1.2612796203983514,1.2606479162385296,1.261333063783374,1.2551807406297237,1.2552582728376005,1.255473165945203,1.2551528625600588,1.2547985200430212,1.2548819937246458,1.2544487469899068,1.2541044534627628,1.2553589385273516,1.2550390070843973,1.255395586666564,1.2553194743052578,1.2552802416317408,1.255445457799324,1.2560305780435859,1.2557995586607547,1.2566905125590457,1.257597962363481,1.257370922172707,1.257612859202757,1.2589692021360888,1.2587674831399407,1.2593001144359284,1.259381426518126,1.2609135145532675,1.2604790641047507,1.2611190644385346,1.2619851344744901,1.2626629804620786,1.2627350359996006,1.2630049504917873,1.2622499553516182,1.2628072029353448,1.2632674382899514,1.2636162046633,1.2644119305214097,1.264408945134566,1.2641926904724734,1.2644817435197018,1.264542273080213,1.2656611786360201,1.264982246812663,1.2645795743590096,1.2649563097123304,1.2648770700127607,1.2648327336550853,1.2647545146146564,1.2699227017110577,1.2713927993069825,1.2690993118774496,1.2671802134245391,1.2684209372800492,1.2684239019607186,1.2679301201312012,1.2671160188522474,1.2677453324650378,1.2681692537308071,1.2676397222914004,1.2673661502844906,1.268083345328072,1.2673508968656928,1.2678105347799364,1.2677056063635574
1987-06-30,1.3470167046557546,1.3468776615132472,1.347631698372005,1.346867547693408,1.3478412830284197,1.3490466670458012,1.3497756297395678,1.3492545961998408,1.3481388161782792,1.3484443044694485,1.3476366725793798,1.3477592642691794,1.3469819432259098,1.3477068503930232,1.3476872847155967,1.3468376895876815,1.346376405626376,1.3462253445422716,1.3455719532000705,1.3466914145570166,1.3465603933311558,1.3469607313702663,1.3478542801087685,1.3490012369207518,1.3507361663823445,1.349527263355357,1.3504637058774729,1.3501188196068379,1.3496174480081198,1.3505672321877418,1.34994235230274,1.3506800207770984,1.3442854478979984,1.3443527217125024,1.3445459016235937,1.3442169192087083,1.343847208617805,1.34390059034271,1.3434791442341998,1.3431182382598077,1.3443966013369726,1.3440811003764377,1.3444489250868594,1.3443682136487527,1.3443282502650806,1.3445098014289418,1.345112983978029,1.344875824391817,1.3458052435029157,1.3467202120646395,1.3464858129763844,1.3467380743890696,1.348134841319904,1.3479417423159075,1.3484682618831205,1.34856589657603,1.350139294769007,1.3496582765896226,1.3503726414780903,1.3512275939546206,1.3519387607184117,1.3520168347269192,1.3522798380443541,1.3515123427406166,1.3520782042638197,1.3525344772992223,1.3529241730932677,1.3537392774804735,1.3537091551671876,1.3534995164231864,1.3537794198013384,1.3538464015505491,1.3549929614744485,1.3542719965043424,1.3538883464266207,1.3542360022448447,1.354154627771975,1.354110766313601,1.3540284954353266,1.3593891861022454,1.360903562869625,1.35852054240535,1.3565483197236463,1.3578275609701207,1.3578227005023584,1.357320044436846,1.3564895396536991,1.357151457766974,1.3575626474616471,1.3570301757467123,1.3567514565722314,1.3574884673395453,1.3567354867613142,1.3572085913919423,1.3570941481494185
1987-09-30,1.3808294730354957,1.3807016777488492,1.3814429214303916,1.38058747114787,1.381568841242952,1.3827714835197067,1.383502902765834,1.3829638426398945,1.3818280005790462,1.3821209437204114,1.3812452001260334,1.3813620215563125,1.380545294237773,1.3812651787075265,1.3812327513269738,1.3803574334771467,1.3798897273324158,1.3797030510147987,1.379047917936843,1.3801927558082163,1.380039594253905,1.380457384858531,1.381369333272963,1.3825283950668517,1.3842914508622504,1.3830734393816557,1.3840336985238082,1.383666967348742,1.3831580683305784,1.3841470749437639,1.3835272524308333,1.3843192463686458,1.377676167999957,1.3777296081996648,1.3778953791898965,1.3775552782943272,1.3771705702929342,1.3771897561402346,1.3767791427670888,1.3764003281299682,1.3777022299605277,1.3773882609465586,1.3777671004353866,1.3776795376846722,1.3776373808989955,1.377831856946384,1.3784516440853225,1.3782044304602032,1.3791694003657446,1.3800905146574345,1.3798459735859248,1.3801079821556024,1.381542144971147,1.381357811596408,1.3818754416608714,1.3819899278893462,1.383602234595759,1.3830729104936812,1.383864085094022,1.3847049973396164,1.3854527331295154,1.385536793670743,1.3857906832891773,1.3850098460945695,1.385584552793076,1.3860363655553938,1.3864687902076844,1.387304892631465,1.3872460741867794,1.3870454087999808,1.3873145815813368,1.3873893207759,1.3885663369337924,1.387800458462615,1.3874385751360463,1.3877546011210113,1.3876712501581423,1.3876281402964183,1.3875416536948042,1.3930755315655983,1.3946368051934181,1.392172337074426,1.3901466918618948,1.3914631777947748,1.3914527668734873,1.390940932291151,1.3900923007249124,1.390787432178759,1.3911876453831358,1.3906524706088035,1.390368000601728,1.3911241454767524,1.3903515985464538,1.3908371322883046,1.3907128204906594
1987-12-31,1.3675041851935013,1.3673906768938147,1.3681201505866905,1.3671731515324117,1.3681591609564299,1.369357392180032,1.3700916462001866,1.3695366535962668,1.3683848709954485,1.368662801584155,1.3677161034599554,1.3678262152748184,1.3669669629307635,1.3676813598806568,1.3676341972507207,1.3667346179480846,1.3662601919010782,1.3660392031969166,1.3653823305251132,1.3665560995952266,1.3663813865193783,1.3668184898440072,1.3677512242326775,1.3689238122421132,1.3707173306602038,1.3694952869021564,1.3704803185240493,1.3700945339555024,1.3695799699363607,1.3706095435269352,1.3699932046189234,1.3708416634519849,1.363942846883645,1.3639790631663793,1.364111954939562,1.3637583554828463,1.3633589019702408,1.3633398582706235,1.3629392054565463,1.362541131485194,1.3638664398246783,1.3635512771475689,1.3639409970795162,1.3638444546492354,1.3637987324434155,1.3640030270398027,1.3646381705554993,1.3643771654936803,1.3653752018481788,1.366301251245705,1.3660438826934829,1.3663151635880022,1.367784145680888,1.367608751666002,1.3681148660870353,1.3682468068439895,1.3698960185700257,1.3693164306794787,1.370187201445688,1.37101127133921,1.3717988741438507,1.3718889191706625,1.3721315716492524,1.3713364906360677,1.3719203321323077,1.3723671781622293,1.3728442990224932,1.3737031083129982,1.3736139024142056,1.3734244996109293,1.3736813965130636,1.3737651419420063,1.3749754739829463,1.374161660755599,1.3738242611920997,1.3741060365537137,1.374020848329746,1.3739787508632066,1.3738878788570505,1.3795779582955086,1.3811889219019264,1.3786500827993784,1.3765703331373393,1.3779231020179679,1.3779091897458375,1.3773877268305215,1.3765191630641411,1.3772482816451368,1.3776390960688705,1.3771013737335314,1.3768105625471412,1.3775853634014614,1.376794026288994,1.3772911167842596,1.3771565296118626
1988-03-31,1.2881126220464827,1.2880162573292946,1.2887346739942496,1.287695211826215,1.2886830510478893,1.289875158393078,1.290612498907681,1.290043430866464,1.2888794450670185,1.289139960776517,1.288119128207453,1.2882216111034905,1.2873166664694187,1.288025090830538,1.2879613788160615,1.2870387305197004,1.2865573052980694,1.286302996129149,1.2856443672707212,1.2868504610602576,1.286654608772785,1.2871128224780177,1.288068651672507,1.289256098185435,1.291082403169645,1.2898609228569442,1.2908717930649471,1.2904693698430094,1.2899508237958748,1.2910225030369076,1.2904082518955853,1.2913156852505783,1.2841529306496797,1.2841687053442365,1.2842634430864577,1.2838940224968018,1.2834799496262963,1.2834186963431513,1.2830272592135472,1.2826085341849756,1.2839572935272823,1.2836384129716654,1.2840390035784526,1.2839314882856647,1.2838809391774295,1.2840922691657173,1.2847417415693438,1.2844633963738148,1.2854924509576355,1.28642236641407,1.286149586937256,1.2864297730065108,1.2879314539750226,1.2877652027663733,1.2882573105136368,1.2884073856925735,1.2900919096187526,1.2894598852310584,1.2904134033163674,1.2912179383631384,1.2920487626471844,1.2921448297176974,1.2923741990668232,1.2915639125582266,1.2921572354494713,1.2925986125573719,1.2931225688952832,1.2940058552852136,1.2938844690014284,1.2937085385413023,1.2939516486765643,1.294045614141607,1.2952921789843144,1.2944272644080836,1.2941170385088305,1.2943618879595926,1.2942749790521875,1.2942341406862303,1.294138699780087,1.2999703835038163,1.3016340131733184,1.299026827168456,1.296891898497364,1.2982803329109958,1.2982647844945567,1.297733157657045,1.2968428002150003,1.29760687592236,1.2979897012273323,1.2974495301686315,1.2971517866584894,1.297944960955641,1.2971354061110696,1.2976433408012276,1.297498019660219
1988-06-30,1.2948764495156155,1.294799931295323,1.295507718663706,1.2943742643252572,1.295361225238692,1.2965454446984566,1.2972860019990125,1.2967045288158363,1.2955317693250425,1.2957725231554436,1.2946741054126312,1.2947680123378325,1.293814146532108,1.2945160742260602,1.2944340159475445,1.293489260208599,1.2930005768296047,1.2927136873645297,1.2920532594342915,1.2932949800157651,1.2930782262498615,1.2935592876510538,1.2945404609540887,1.2957440234627098,1.2976054134561275,1.2963887075784362,1.2974265915549217,1.2970096396263897,1.2964886702130756,1.2976041362755653,1.296990746283222,1.2979599781442448,1.290524140975675,1.2905164005221352,1.2905678689796074,1.2901803428701313,1.2897516698435245,1.2896442593360953,1.2892613759775793,1.2888205535738975,1.290192985921836,1.2898680074558957,1.290279545838008,1.290159165390154,1.2901026057321112,1.2903184445321452,1.290981399208516,1.290682303789486,1.2917407003547132,1.2926735463490662,1.2923828441385987,1.2926716586003488,1.2942043071871003,1.2940474285809358,1.2945231560263806,1.2946921173234593,1.296410703320678,1.2957238588095459,1.296763605337043,1.2975460001456995,1.298423467608256,1.2985256219190568,1.2987397182305134,1.297913204655517,1.2985164092379808,1.2989518035080467,1.2995248998247237,1.3004345216968562,1.300279032739318,1.3001187383506803,1.3003465720322975,1.3004519299191404,1.3017377145072029,1.300818382570887,1.3005380159189643,1.3007431816648278,1.300654652208293,1.3006153072966926,1.3005151071082066,1.3064757946966097,1.3081952433855588,1.3055248669913315,1.3033333319383713,1.3047570918327152,1.3047415850998845,1.3041991276100424,1.3032850299900014,1.3040851912857894,1.304461286794015,1.3039186951785748,1.303613435848128,1.3044248821755924,1.3035975144548506,1.3041157242850405,1.3039591590312067
1988-09-30,1.3336029348178373,1.3335488614281974,1.3342462227085865,1.3330167318032837,1.3340000757312191,1.335174599118284,1.335918397768585,1.335326085142591,1.3341477886352395,1.3343664844268133,1.333186892262733,1.3332711590594872,1.3322650628683075,1.3329599024561167,1.3328576441409223,1.3318915658192705,1.3313953874302378,1.3310765033474932,1.3304141853118048,1.3316948722531947,1.331457266876729,1.3319628504129364,1.3329715870148995,1.334192473975631,1.3360911927118222,1.3348832373110655,1.335949421502394,1.3355198609650756,1.3349980031822932,1.3361589754307186,1.3355453836813518,1.3365794515592646,1.3288604688877734,1.3288262471718528,1.3288294513022185,1.3284215455762114,1.327978215976161,1.327820709191641,1.3274457191897553,1.3269812718950034,1.3283777924370077,1.3280443812118008,1.328466961188472,1.3283318675474902,1.3282681331990787,1.3284861020876066,1.3291618083983738,1.3288386107105634,1.3299249463693883,1.330859918898645,1.330548806282473,1.3308460343670585,1.3324082061552864,1.3322609504932321,1.3327180229851168,1.332906684946981,1.3346583180567073,1.3339140623950216,1.335043785396834,1.335801493339627,1.3367291057076949,1.3368374175484417,1.3370342758932023,1.3361904533461133,1.3368039894014792,1.3372328451287232,1.3378575392548417,1.3387954965092468,1.3386037970670672,1.338461311776361,1.3386723814370773,1.3387902427314828,1.3401183232979526,1.3391411045767827,1.3388933123499387,1.3390559045306918,1.33896584921417,1.3389282214825462,1.3388230789561657,1.3449015552428842,1.3466801400553305,1.3439511593225297,1.3417013013948313,1.343160208117152,1.343146208148018,1.3425920255317736,1.3416521003532402,1.3424895627986662,1.3428600593678552,1.3423149716731626,1.3420016401069936,1.3428314204583778,1.3419865378067986,1.3425145755780579,1.342346204188601
1988-12-31,1.3197942381524512,1.3197650638921439,1.3204518814270871,1.3191236809667495,1.320100676963562,1.3212635946663822,1.322010521717215,1.3214087886403332,1.320227964835961,1.3204223333737533,1.3191577194628992,1.319231231582532,1.3181695200692298,1.3188566146669238,1.318732292616299,1.317745492590309,1.31724160810118,1.3168911135403851,1.316226802735505,1.3175497311970998,1.317291185094655,1.317822915282897,1.3188613856951126,1.3201007351912422,1.322038999473742,1.3208434777362594,1.3219393475342267,1.321498860497156,1.3209775474203655,1.3221858823581247,1.3215711737072582,1.3226733919340172,1.3146602804377525,1.3145967148982907,1.3145467550318224,1.3141162129708683,1.3136580775870499,1.3134465316770605,1.3130788364936334,1.3125891811737316,1.3140103551464992,1.313666285137105,1.314100069917501,1.3139484894333362,1.31387647694807,1.314094399131403,1.3147822734213725,1.3144317189489416,1.3155448982034557,1.3164812994194284,1.316147333008397,1.3164528362229255,1.318043406935693,1.3179060483748166,1.318342276247046,1.3185515215512162,1.320335465645358,1.3195310079219955,1.320754764682796,1.3214852935898909,1.3224666347212144,1.3225811973422643,1.3227588853616141,1.3218966131552325,1.3225209788367653,1.322942722584787,1.3236216315860003,1.3245900150069985,1.3243598661333418,1.3242373421339062,1.3244301669827019,1.324561612234648,1.3259351459957318,1.3248964158261378,1.3246839322261268,1.3248009639787444,1.324709464630624,1.3246737688139647,1.3245634946672462,1.330750170380013,1.3325913825006848,1.329807677021332,1.3274974638445012,1.328991572236476,1.3289803887241427,1.3284134588998096,1.3274455264559304,1.3283216496074852,1.3286875545763468,1.3281398314097632,1.327817876138676,1.3286662109024967,1.327803970537322,1.3283415102499154,1.3281607208708808
1989-03-31,1.3811444627809744,1.3811424992144987,1.3818183123697707,1.3803880896174865,1.3813559595217626,1.3825052348892848,1.3832550303047295,1.3826451704493543,1.38146464416183,1.3816324311974912,1.3802787056425367,1.3803402816063715,1.379219488749496,1.3798980996275243,1.3797498235493144,1.3787427434754058,1.3782309710377136,1.3778490776903738,1.3771826669409,1.378551064385897,1.3782713667609907,1.3788308211216904,1.3799011511570551,1.3811600327894478,1.38314002733074,1.3819603783472993,1.3830874122968628,1.3826374800203718,1.3821180560101545,1.3833757389561416,1.3827591370270484,1.3839330687124924,1.3756139347016072,1.3755182475509065,1.3754102903709982,1.3749548634478377,1.3744816883298046,1.3742121410053976,1.3738511897560426,1.3733346872787553,1.3747812173984886,1.3744243516850356,1.3748695611547013,1.3746997804576349,1.3746184369975416,1.3748343080403418,1.3755338947443332,1.3751528059701936,1.3762920064953055,1.3772292323190907,1.3768699997899927,1.37718370812149,1.3788018372089508,1.3786746720199363,1.379087936387151,1.3793187131159614,1.38113447600734,1.38026683278642,1.3815889739245226,1.3822898713914809,1.3833286121502752,1.3834495382819645,1.3836061451275128,1.3827242250624856,1.383359963854306,1.3837740003819043,1.3845098952087478,1.3855108890184238,1.3852399182879132,1.3851394999582929,1.385312599459619,1.3854586818093626,1.3868809107075353,1.385776888778787,1.385602477655203,1.38567085782672,1.3855779855970756,1.3855444289236765,1.3854288288533234,1.391715545627294,1.3936230458722358,1.3907878753947065,1.388414980187951,1.3899445523516034,1.389937351742986,1.3893565218023802,1.3883583050383144,1.389274581188097,1.3896367910142882,1.3890862303902172,1.3887551051713634,1.389622361879959,1.3887427956056717,1.3892896214763821,1.389095753527524
1989-06-30,1.3824535974474483,1.382481009040786,1.3831449831349802,1.381608763412891,1.3825646268400529,1.3836980676478947,1.3844503119084273,1.3838335116584717,1.382655961000134,1.3827949159263389,1.381347759012952,1.3813961357413187,1.3802127109411857,1.3808819998001356,1.380707838179216,1.3796807842041865,1.3791609752748963,1.3787477493341957,1.3780791361585605,1.3794961931890346,1.379195031039404,1.3797837421047017,1.380888014233061,1.3821674291950843,1.3841913004885218,1.383030763111638,1.3841905260471694,1.3837324632559513,1.3832161921979385,1.3845253324084523,1.383906191252663,1.38515561937355,1.376517665872934,1.3763871472334106,1.376216398951038,1.375733839616016,1.375245313130069,1.3749137688593853,1.3745590465158535,1.3740140033454504,1.3754867157485033,1.375114991017169,1.3755718905621257,1.375382244788447,1.3752905604469938,1.3755025226391662,1.3762134772684298,1.3757987372072353,1.3769633786477165,1.377900906260488,1.377514015720788,1.3778359207618414,1.379481018098903,1.3793643629791426,1.379752602863527,1.3800059216467895,1.3818532231915743,1.380919227376704,1.3823443807306313,1.383013221211868,1.3841131222675789,1.3842405412780003,1.3843741682775499,1.3834713464885513,1.3841190439782987,1.384524753346011,1.3853205524503194,1.38635643394074,1.3860421360952626,1.3859659703822254,1.386117858977208,1.3862796073914132,1.387753859706749,1.3865806114403263,1.3864470747271667,1.386463603535944,1.3863694207080945,1.386338204265204,1.3862170797628877,1.3925969368345514,1.3945745498747557,1.3916906305678427,1.3892524527017152,1.3908179352786525,1.3908157534560186,1.3902197401399587,1.3891888624171362,1.3901469070688655,1.3905062190048494,1.3899525588343247,1.3896117225400233,1.3904984049919382,1.389601432591961,1.3901574287908731,1.3899497743437057
1989-09-30,1.3846239384795114,1.3846827329091371,1.3853336199742694,1.3836867347783683,1.3846275517531912,1.385742779173325,1.3864968783167835,1.3858742326287978,1.384702224878402,1.384810090382029,1.3832649655996943,1.3832987838834494,1.382049090361041,1.3827080996947285,1.3825060659258255,1.381459232127236,1.380931276165453,1.3804866648306797,1.3798157623280423,1.3812846398002276,1.38096161921773,1.381581075325278,1.3827213276576769,1.3840222073870436,1.3860920557467833,1.3849537097256572,1.386147844787084,1.3856828330361033,1.3851709032195678,1.386533730276494,1.3859115268118147,1.3872404219142203,1.3782699531532896,1.3781019458886457,1.3778636276643788,1.3773516839460973,1.3768474233744188,1.3764498415419621,1.3761008580418552,1.3755255294804518,1.3770253585939822,1.3766367723196358,1.37710566176822,1.3768945242875446,1.3767915258530294,1.3769978448552356,1.3777199177974393,1.377268456588463,1.3784581708886416,1.3793955462995673,1.3789786177209704,1.3793087662531192,1.3809804604347584,1.3808746507066765,1.3812358515766316,1.3815127823518873,1.3833915238426582,1.382387835368977,1.3839208880746967,1.3845552616820211,1.3857201739939715,1.385854229243974,1.3859629820320194,1.3850379515162394,1.3856982318770361,1.3860949672268936,1.3869537286426028,1.3880268657165824,1.3876666054223976,1.3876168503054709,1.387746033252296,1.3879244553670425,1.3894541451688651,1.3882075852415163,1.3881177694352713,1.3880791365066951,1.3879836981283509,1.387955018099754,1.3878281671798791,1.3942953608902753,1.396347067528137,1.3934166424159837,1.3909103283092834,1.3925123312134693,1.3925160858447672,1.39190347783054,1.390837462621454,1.3918390052092489,1.392196128177055,1.3916390492614803,1.3912879658495307,1.392194703383936,1.3912801451163408,1.391845285974298,1.3916230914500083
1989-12-31,1.4340114817283158,1.4341034946304625,1.4347395857720842,1.4329766311828127,1.4338991410941673,1.4349935561638438,1.4357487242241946,1.4351212507523574,1.4339572765187514,1.4340317794078716,1.4323839482283258,1.4324017375759892,1.4310820528419552,1.4317296839612355,1.4314977227062928,1.4304312146978404,1.429895044554967,1.4294189029390472,1.4287456523378075,1.4302694854852545,1.429924154868699,1.4305757995462718,1.4317540224031022,1.4330772259195745,1.4351950951717178,1.434081900528589,1.435312119895774,1.4348412409207454,1.4343347670484021,1.4357536275887908,1.4351279548471036,1.4365404377691144,1.4272228612833806,1.4270147474792951,1.4267040732019232,1.4261604851797625,1.4256400431135565,1.4251723283217879,1.4248286079331378,1.424221203021959,1.425749175382264,1.4253417751478121,1.4258229771508257,1.4255887504848277,1.4254734962840718,1.425672539361114,1.4264055599910526,1.4259143442779543,1.4271289468232196,1.42806577254401,1.427616431165656,1.4279549189861749,1.4296530264842637,1.42955841410124,1.4298905979116174,1.4301922661262902,1.4321025001540593,1.431025618897979,1.4326716966348,1.4332691996970564,1.4345030623636694,1.4346439085644276,1.4347258906497824,1.4337772946079501,1.434450816694196,1.4348379025354463,1.4357628139993626,1.436875660780984,1.436466677334965,1.4364455085620618,1.4365504789189716,1.4367465632090424,1.4383351874305133,1.43701108584106,1.436967886469544,1.4368706712177646,1.43677402663014,1.436748075397198,1.4366152933672256,1.4431649655828818,1.445294892565986,1.442319798100922,1.4397422632128483,1.441381538881568,1.44139204111382,1.4407613024822612,1.4396575748085105,1.4407044489370058,1.4410600136816294,1.4404991429686347,1.4401372817477336,1.441064818497789,1.4401324071620212,1.440706747706781,1.4404692159647532
1990-03-31,1.4770289855627163,1.477155859221139,1.4777749278885137,1.4758897126792019,1.4767903685670598,1.4778611159742328,1.4786163546477091,1.4779850062707793,1.4768315122470337,1.4768703556090097,1.475114894975444,1.475115057424764,1.4737215760796172,1.4743565644078327,1.474092537918879,1.4730063969427067,1.4724619950161546,1.4719541140026946,1.471278499016087,1.4728603987485593,1.4724922742130522,1.4731775039874735,1.474395633871412,1.4757419437963573,1.4779098082139823,1.4768246433695447,1.4780927174913578,1.4776169871360596,1.4771170095118569,1.4785943638424586,1.4779649250234956,1.479465223314157,1.4697850498154978,1.4695342389411796,1.4691463955113055,1.4685688938191392,1.4680317644930492,1.4674897592329799,1.467150829844421,1.466509518088435,1.4680667349528738,1.467638609750196,1.4681324571860046,1.467873565010992,1.467745140708481,1.4679353562278674,1.4686792170313812,1.4681452421547858,1.4693847032793927,1.470320626065066,1.4698364978415448,1.4701834637114775,1.471907958438412,1.4718249097368976,1.4721261265750814,1.4724537086729426,1.474395608955319,1.4732418903145184,1.475006332869402,1.4755645603770016,1.4768713954622834,1.477019195932141,1.4770725037771169,1.4760989399193274,1.47678639287688,1.477163123845065,1.4781574905304777,1.479312580928382,1.4788519950501606,1.4788616111170896,1.4789408479588984,1.4791555650687738,1.480806697884276,1.4794006890191997,1.4794070529215002,1.4792477274863014,1.479149921787159,1.4791268888845484,1.4789879692245438,1.485616062654416,1.4878284695123534,1.4848101992929932,1.4821581518109466,1.4838355744526266,1.4838535398310342,1.4832030145726103,1.4820589042759416,1.4831530370358659,1.4835076056064171,1.4829425196486192,1.4825693559575954,1.4835185399173116,1.482567932752117,1.4831515994673286,1.4828978923717293
1990-06-30,1.4192208729778792,1.4193840282860652,1.4199832635075074,1.4179687460433354,1.4188436433065026,1.4198875722229072,1.4206416475223818,1.420007323283965,1.4188667437487181,1.4188676005968042,1.4169994239132153,1.4169802165249603,1.4155090557120646,1.4161299429518603,1.4158316172070646,1.4147258450041926,1.4141732502331184,1.4136333857331247,1.4129554489516565,1.4145985002581944,1.414207093631635,1.4149272540941613,1.416187164813383,1.4175572820171936,1.4197770301090458,1.4187227290913733,1.4200304741407688,1.419550877342762,1.4190583580854472,1.4205967763991207,1.4199633797111544,1.4215557764348479,1.4114966175913475,1.4112005364144644,1.4107306667190902,1.4101169733011423,1.4095625989796978,1.4089420789410596,1.4086074610684653,1.407930381229416,1.4095179997412015,1.4090672732644947,1.4095740953427058,1.4092889755533802,1.4091464908780162,1.4093263888953431,1.4100810293804034,1.409501314550231,1.410765731059705,1.4117004296438236,1.411179138901168,1.411534758525109,1.4132857414459945,1.4132146345850027,1.4134829560462272,1.4138376740757221,1.4158115048579383,1.4145771785189718,1.416465510827055,1.416982050930089,1.4183659548159104,1.4185208785663295,1.418543598306755,1.4175436242981336,1.418245722579865,1.4186113626953263,1.419678592095077,1.4208785310657381,1.420363354059313,1.4204059793032584,1.4204579473018222,1.4206922504111277,1.4224095345218337,1.4209171297386627,1.4209760549002557,1.4207509899750863,1.4206520654350894,1.4206321383510865,1.4204868737459049,1.4271899928473168,1.4294892551947287,1.4264290214707422,1.4236989882704383,1.425415532735698,1.4254415913114744,1.4247695089407544,1.4235822560102775,1.4247256560117223,1.4250797306068945,1.4245099592405983,1.424124975627839,1.4250967473590634,1.4241275379575222,1.424720719668359,1.4244499612351305
1990-09-30,1.433007049262611,1.433207650164775,1.433783578612111,1.4316317914129935,1.4324765900092387,1.4334902116480206,1.4342416272586487,1.4336051816643347,1.4324799688193348,1.4324404774013948,1.4304543597896544,1.4304138755871998,1.4288610834764663,1.4294661862152473,1.4291312167608976,1.4280058015114268,1.4274451173017106,1.4268730213401062,1.4261928829482131,1.4279001402065101,1.4274849900826503,1.428241370028858,1.429544860658557,1.4309393974543418,1.433212812197107,1.4321922011972543,1.433541464442051,1.4330589917324954,1.4325748077490579,1.4341769657248022,1.4335395199862238,1.4352282935099918,1.4247728577708871,1.4244289421290586,1.4238721309342708,1.4232199623245574,1.422647739840267,1.4219444121788494,1.421613607525478,1.4208988787877148,1.4225180913952913,1.42204291742512,1.422563024182268,1.4222501230369455,1.4220927094562008,1.4222608432734836,1.4230262334644184,1.4223978201669254,1.4236873865507451,1.4246205592857297,1.4240597288082153,1.4244242087674293,1.4262018772315563,1.4261430992578599,1.4263766136962657,1.4267597288636693,1.428765813531127,1.4274470060134252,1.4294649037735718,1.4299373345418667,1.431402465285811,1.4315646838777822,1.4315548898536712,1.4305270300995263,1.4312445077647218,1.4315982902490767,1.4327418736911612,1.4339893258621372,1.4334164715258384,1.4334943571382364,1.4335175076692166,1.4337723317725737,1.435559466136705,1.4339760704572586,1.4340906030835925,1.433796077062,1.4336960745065308,1.4336794393158543,1.4335276228751488,1.4403028993416669,1.442693488026822,1.4395922814794624,1.436780636962669,1.43853735691484,1.4385720625381673,1.4378765449955528,1.4366433072589413,1.4378380510423505,1.4381920822500889,1.4376171125499329,1.4372198005300514,1.438215181321215,1.437226911722931,1.4378298505124583,1.4375411307542114
1990-12-31,1.4586173962813698,1.458856305768788,1.459404701338404,1.4571066619839508,1.457916501134937,1.45889594266683,1.4596429096734624,1.4590051602412033,1.457897813431279,1.4578155743990482,1.4557061830307958,1.455642330161826,1.4540038979006291,1.4545912721784604,1.454217189590533,1.453072133229411,1.4525035364044148,1.451898990478493,1.4512168696325802,1.4529913485409836,1.4525520549303692,1.4533458783718316,1.4546946576884066,1.456114129470338,1.4584428645370462,1.4574587980415874,1.458851440777834,1.45836712676011,1.457892059128574,1.4595607327190068,1.4589192436905911,1.4607085969074787,1.4498386835071946,1.4494443720679497,1.4487956351032445,1.4481027085493978,1.447511996090821,1.4467215010233874,1.4463939804474464,1.445639716315278,1.4472917280988327,1.4467902881347112,1.4473239530070952,1.446981720403059,1.4468085297939064,1.4469634784113126,1.4477396017244835,1.4470595556902734,1.4483745347009256,1.449305887001695,1.4487031408243354,1.4490767123870236,1.450881328851146,1.4508352723230198,1.4510320821517446,1.4514448871221042,1.4534835756644549,1.452076337308489,1.4542295861798211,1.454655474873874,1.4562060349763466,1.4563757190915996,1.4563314743955225,1.4552742283930904,1.4560078325546264,1.4563489602865918,1.4575724505005323,1.458870125741118,1.4582364254848623,1.4583518481963056,1.4583446221651561,1.4586208821412143,1.4604816056136496,1.458802539201961,1.4589757676546702,1.4586079796049933,1.458506939770025,1.458493781584941,1.4583352082837122,1.4651801702504623,1.467666625650297,1.4645252738671135,1.4616282723359675,1.4634262774081503,1.463470116217429,1.4627491863106707,1.461467049867176,1.4627152663399006,1.4630696607966145,1.4624889413866322,1.462078803851874,1.4630988831214424,1.4620910562355132,1.462704038291655,1.4623964178946225
1991-03-31,1.4015472606587775,1.401824987264374,1.4023407666823864,1.3998863735421256,1.4006557778713518,1.4015967322935472,1.4023371349088976,1.4016988678291102,1.4006119616577153,1.4004845373262809,1.3982464677105955,1.398156946603926,1.3964288242357012,1.3969962255472979,1.396580420436579,1.3954157676724486,1.3948395185561582,1.3942023697369887,1.3935186089910307,1.3953632747692672,1.394899537961935,1.3957319537815704,1.397127620748386,1.3985724359561065,1.4009579874441347,1.4000133841598459,1.4014512618080968,1.4009662261073599,1.4005009454431465,1.4022390046544997,1.4015935720694166,1.4034875493292853,1.392184040604341,1.3917367707751336,1.3909910473354425,1.3902550901403397,1.389645214392417,1.3887631305485142,1.388438321295193,1.3876426466356735,1.3893286501458337,1.388799153494244,1.3893465936300151,1.3889734795798936,1.3887836839680263,1.3889240353708667,1.3897108706623942,1.3889762877893304,1.3903169800509172,1.3912462115294582,1.390599180762627,1.3909820934933261,1.392813953297408,1.392781012392577,1.3929392336371909,1.3933830433618102,1.395454678313918,1.3939550154701759,1.3962494627387425,1.3966263678846342,1.3982665817834794,1.3984438974537832,1.3983632567421493,1.3972751092568942,1.398025592523234,1.3983532392350004,1.3996602233120605,1.4010108587688577,1.400313080475035,1.4004683386146177,1.400429171227094,1.4007277585589972,1.4026658288266294,1.4008863540196659,1.4011213991775497,1.4006764862396142,1.4005744511081533,1.4005649543309358,1.4003994227040146,1.4073118668780462,1.4098987675496617,1.4067179925779718,1.4037318048748828,1.4055722364919758,1.4056256346165146,1.4048772263146452,1.403543219154465,1.4048470716725916,1.4052021991630885,1.4046151449840567,1.404191699353313,1.4052376210688196,1.4042097135839737,1.4048330598708085,1.4045055758562854
1991-06-30,1.389835109170632,1.390151742759725,1.390628845527557,1.3880067565944536,1.3887295325232079,1.3896272040356923,1.3903585609147284,1.3897205346387165,1.3886567459629582,1.388481661926699,1.3861094811325647,1.3859917594105426,1.384169876332166,1.3847147144748742,1.3842544219644322,1.383070291356506,1.3824867451068292,1.3818169453949851,1.3811320386113781,1.3830497900502878,1.3825614543819982,1.383433523375459,1.3848775431997988,1.3863479914741768,1.38879166457832,1.3878895433585088,1.3893744822719574,1.3888899734875229,1.3884350207934117,1.3902454222523257,1.3895962375085456,1.391598627313925,1.3798414794675067,1.379338685649085,1.3784908350996208,1.3777095976112357,1.3770798613573396,1.37610171538363,1.375778987433978,1.3749400591380634,1.3766612063020176,1.3761018928729225,1.3766632468120465,1.3762576992123825,1.3760504916704717,1.3761748269080307,1.3769723294702119,1.3761803461647486,1.3775470584521914,1.3784738496206348,1.3777801816875157,1.378172696773046,1.3800320946084828,1.3800126606334995,1.380130424977547,1.3806065657988553,1.382711446259565,1.38111535953418,1.3835568570016066,1.3838823336114454,1.3856164191269762,1.3858015235609815,1.3856825384145872,1.3845619717735118,1.3853300835135212,1.3856433958481578,1.387037462852774,1.3884438008951712,1.387678672140145,1.3878760787196944,1.3878034064573828,1.3881251844499563,1.390144351562705,1.3882597063270923,1.3885597078663863,1.3880337677535484,1.3879307818778237,1.387925130234553,1.3877524443607103,1.3947303103184199,1.3974222351131396,1.3942027104627495,1.391123465688919,1.3930074712128389,1.3930708017076383,1.3922927726558039,1.3909038819796269,1.3922655476555759,1.392621747671,1.392027745321196,1.391590527518052,1.3926634753761862,1.3916149513231075,1.392249007961928,1.391900680505328
1991-09-30,1.3853872939262784,1.3857424294224427,1.3861736802110534,1.3833711730945506,1.3840402942011645,1.384889338604057,1.3856087592836936,1.3849717058199627,1.3839338395799827,1.3837085889934764,1.381196886904687,1.3810481717929899,1.3791284624008058,1.3796477505130165,1.3791400341184787,1.3779366515987144,1.377346270920615,1.3766439204172447,1.3759585446562208,1.3779521935308745,1.3774392968294062,1.378351975841297,1.3798456510571426,1.3813418894364444,1.383844759445892,1.382988275427131,1.384522045903672,1.3840394891455592,1.3835952515672671,1.3854810296502156,1.384828374127554,1.38694259540666,1.3747108278565263,1.3741499422681756,1.3731947449036146,1.3723660176470267,1.3717157079515991,1.3706369889387635,1.3703156403180046,1.3694316721177575,1.3711890427144624,1.3705981888258356,1.371173491135538,1.370733954938847,1.370508551752866,1.3706154297775566,1.3714235110422213,1.370571319516941,1.371964331318701,1.372888329728061,1.3721457014548504,1.3725480846577216,1.374435279341184,1.3744297355494495,1.3745051951503333,1.3750149919029206,1.3771533352006473,1.3754568647253633,1.378051201413498,1.378322809747108,1.3801549425931907,1.3803479795350249,1.380188706700193,1.379034215533362,1.379820691770648,1.3801187923408416,1.3816034947338043,1.3830682561761896,1.3822324925166365,1.382474364934549,1.3823666350348214,1.3827124323528273,1.3848164060536097,1.3828218448597793,1.3831899428734706,1.3825790622615086,1.3824751740753796,1.3824735504076786,1.382293522222443,1.3893347681306039,1.3921362507593513,1.388878658221704,1.3857024914443672,1.3876311962719046,1.3877047853021836,1.3868949319825665,1.3854481258096207,1.386869771577735,1.3872273593449331,1.3866257731283578,1.3861743424905093,1.3872755235749545,1.3862058487183826,1.3868509769543478,1.3864808175579333
1991-12-31,1.3701050961297878,1.370497743638546,1.370874695010412,1.367877505902272,1.368484985814065,1.3692794453959676,1.369983581348567,1.369348205004786,1.36833921881208,1.3680612696922414,1.3654047195298065,1.3652219274833932,1.3632003627456304,1.3636906598043343,1.363132394647738,1.3619101299126608,1.3613134992941622,1.3605788938059147,1.3598939457481136,1.3619661910386722,1.3614290206207258,1.3623831434469076,1.3639275794063468,1.3654496163949468,1.3680124833173073,1.3672049644781004,1.3687892494046345,1.3683102980534838,1.3678769788786669,1.3698412351554305,1.3691854791167912,1.3714144486074595,1.3586861320546386,1.3580645883983342,1.3569967511826126,1.356118386698522,1.355446783800713,1.3542629631864291,1.3539422040613507,1.3530114961124267,1.3548060622594764,1.3541819897992304,1.354771142204038,1.3542960601266287,1.3540517043581595,1.354139647604231,1.354958153288637,1.354043022435641,1.3554625503786704,1.3563833560492387,1.3555894911132826,1.356002005255701,1.3579171823891591,1.357925898003869,1.3579572334010785,1.358501994191635,1.3606738947277635,1.3588731735470365,1.3616259966336417,1.3618413149576,1.3637755853142612,1.3639766798612556,1.3637751927530275,1.3625853015580414,1.3633908532773051,1.3636728448872604,1.3652516528122733,1.366777504693633,1.3658678438181167,1.3661564897160432,1.366012172499063,1.3663827748267368,1.368575184775767,1.366466028013667,1.3669053393062112,1.3662056289996247,1.366100892124884,1.366103477912341,1.3659159298930184,1.3730184089120372,1.3759338838184725,1.3726389704728936,1.3693620774419522,1.3713365546496916,1.371420686939942,1.3705767629643315,1.3690690166994746,1.3705527716156023,1.3709120436069044,1.370302222441156,1.3698361676765713,1.3709667942776895,1.3698754515313738,1.3705320171502828,1.3701390383916139
1992-03-31,1.3482575342640661,1.3486860138613976,1.348998766946056,1.345790906103646,1.346327657338671,1.3470608896787977,1.347745879412428,1.3471128526748641,1.3461358800506795,1.3458026860105816,1.3429961155144872,1.342775838751622,1.3406484645437007,1.3411058105054907,1.3404936657928188,1.3392530720308768,1.3386509136595306,1.337884597421497,1.3372012349463893,1.3393546312346936,1.33879378742848,1.3397900421135955,1.3413861061896724,1.3429337835132678,1.3455571195446787,1.3448021039017386,1.3464384623877677,1.3459650547833784,1.3455426369285823,1.3475885276422124,1.3469301296753968,1.3492761076397584,1.3360283509966746,1.335343591270628,1.3341577590675935,1.3332276991009475,1.3325340861628192,1.3312406438581807,1.330919579237245,1.3299405531559854,1.3317731391851653,1.3311142285342301,1.3317169670246736,1.3312047819454158,1.3309407485381384,1.3310082292296745,1.3318369156352365,1.3308562181856112,1.332302377862348,1.3332195278497618,1.33237221916357,1.3327951160357958,1.3347383480962918,1.3347616714217456,1.3347471029090212,1.335328101217199,1.337533485974756,1.3356248027834436,1.3385415249822,1.3386981668502007,1.3407385268581853,1.3409477796573548,1.3407021835622133,1.339475467515304,1.3403007671361342,1.340565738352392,1.3422419857148045,1.3438315028206371,1.3428447454738937,1.3431824442113107,1.343000048645341,1.3433961882395344,1.3456805361072934,1.3434522293171083,1.3439658176175366,1.3431734555055979,1.3430679300552986,1.343074904636929,1.3428796729083625,1.3500410095336508,1.3530747477827079,1.349743383567043,1.3463620835868428,1.3483833206764668,1.3484782442352388,1.3475979823212876,1.3460263110431407,1.3475742342298267,1.3479354731577857,1.347316758513216,1.3468357048332769,1.3479969740769144,1.346883480152824,1.3475518421998158,1.3471350693071034
1992-06-30,1.3067161014871274,1.307177920721478,1.3074149211887698,1.3039784621829411,1.3044341391882406,1.3050987392438316,1.3057601468212363,1.3051301030120805,1.3041884751301946,1.3037974900159246,1.3008359648556094,1.300574434461626,1.298337417611317,1.2987572602867887,1.2980876809784787,1.296829538445901,1.29622272997915,1.2954255542539366,1.2947452438725982,1.2969821631983631,1.2963986314840876,1.297437533596384,1.2990858073112153,1.3006587791527124,1.3033426681181437,1.3026439417815232,1.304333767059457,1.303868188897955,1.3034563910242907,1.3055871122963438,1.3049266192490363,1.3073910303858238,1.2935999667042588,1.2928494515246223,1.291540224524253,1.2905565332951707,1.2898402071631023,1.2884326647551991,1.2881102755868032,1.2870815157208337,1.2889527527462126,1.288257459926782,1.2888733172683153,1.2883224764987011,1.2880380790994548,1.288083506288889,1.2889220144333926,1.2878732612143118,1.2893460259069316,1.290258977834319,1.28935611552504,1.2897896271014169,1.291760830461549,1.291799080952365,1.2917368838408338,1.2923553375372636,1.2945939176927612,1.2925737903158252,1.2956594816866378,1.295755118341377,1.2979053192275258,1.2981227999614524,1.2978312514397927,1.2965663609319742,1.2974120266752003,1.2976590589585744,1.2994358800875498,1.3010914992917404,1.3000245579992349,1.3004135371343626,1.3001916300850056,1.3006139729631427,1.302993575230388,1.3006417595893989,1.301232598820913,1.3003438817725688,1.3002376356538563,1.3002491751121061,1.3000461130275491,1.307263578617164,1.3104196123395682,1.3070528485722355,1.3035636568148694,1.3056325190655214,1.3057384491925397,1.3048195874495696,1.303181084784073,1.3047951283601953,1.3051586076565969,1.3045303427202533,1.3040339602969007,1.3052270311883172,1.3040909547124306,1.3047714533499533,1.304329937888119
1992-09-30,1.3499298906639923,1.350421602576814,1.3505694089379914,1.3468842485815355,1.3472470730244486,1.3478347878186077,1.3484675340987575,1.3478410563946772,1.3469383221412308,1.3464870191119322,1.3433659402949916,1.3430589855237403,1.340708668637499,1.341085781283718,1.3403549688864207,1.3390803328968761,1.3384699272776204,1.3376431156717157,1.3369676865975464,1.3392902729640312,1.3386855059554286,1.3397673673683785,1.3414680905604213,1.3430658000492688,1.3458098678314268,1.3451715041460979,1.346915974926006,1.3464609282296058,1.3460591525116958,1.3482779229234279,1.3476159702795316,1.3501991963035003,1.3358399678445627,1.3350211906884637,1.3335831488397494,1.3325440532285788,1.331804336383513,1.3302782983855652,1.329953420829123,1.3288737226408438,1.330783997041301,1.3300508756219318,1.3306791386151275,1.3300881002492289,1.3297826999387172,1.3298044072894264,1.3306522345206,1.3295331167352062,1.3310322724823749,1.3319403868541815,1.3309799925894916,1.3314243214234573,1.3334232097559795,1.3334766688976838,1.3333651931595343,1.334022239985643,1.3362934580064816,1.3341587191897157,1.3374179811097577,1.3374503696920998,1.3397138870639558,1.3399396271265762,1.3396003581858398,1.3382960476243668,1.3391626254618316,1.3393908021026866,1.3412710576328726,1.3429950240168682,1.341844980772005,1.3422873868516452,1.3420246165217615,1.3424737469905714,1.3449516671411574,1.342472262836474,1.343143192462796,1.3421545984630652,1.3420477086813736,1.3420639843466127,1.3418529666046746,1.3491233533325586,1.352405387077646,1.349004516329203,1.345404227034469,1.3475214169158236,1.3476385394930617,1.346678852726281,1.3449707372853115,1.3466527035367977,1.3470186913096496,1.346380231591739,1.3458682455048065,1.3470942129469785,1.345935194297559,1.3466281376236098,1.3461609736118318
1992-12-31,1.3056947825718734,1.306211821768641,1.3062548426842273,1.3022984281874224,1.3025549943430574,1.3030566295061772,1.303654915336475,1.3030325216670493,1.3021724657836704,1.3016583614523864,1.2983735787276545,1.2980165820907128,1.2955495483725745,1.2958779368703464,1.295081829277213,1.293792083229901,1.2931793307580897,1.2923245521902733,1.291656257926564,1.2940663735403186,1.2934423841778688,1.2945672768290712,1.2963202828613607,1.2979419355649229,1.300745270421107,1.3001716704298405,1.3019716947955318,1.3015303744136126,1.3011376448556449,1.3034476850122818,1.3027849976526187,1.3054861375630653,1.2905328801543428,1.2896433859985472,1.2880711213802771,1.2869750589709912,1.28621131286248,1.2845625171165902,1.2842338197374867,1.2831022462932715,1.2850516412390067,1.2842793696040176,1.2849190303678641,1.2842862719522607,1.283959288108154,1.2839555224486578,1.2848119911495306,1.2836204317326945,1.2851455281273119,1.2860480492235116,1.2850283177381094,1.285483626393927,1.2875096598598568,1.2875785606965893,1.2874162555491286,1.288112924545362,1.2904158960923644,1.2881637933732337,1.2916006121108659,1.291567630458695,1.2939475761144972,1.294181560365888,1.2937929080547674,1.2924480695398108,1.2933360123799202,1.2935444295126024,1.295530619946837,1.2973249235178042,1.2960890977460082,1.2965869606100966,1.2962820847461147,1.2967584869373594,1.2993374555573831,1.2967267598870515,1.2974804312229065,1.2963886932266269,1.2962812471922605,1.296302423719569,1.2960833510856404,1.3034028435480534,1.306814150685417,1.3033807684109457,1.2996665505969687,1.3018325626368639,1.3019610366992151,1.30095837353455,1.2991780440288565,1.3009295359843787,1.3012982984400918,1.3006490240683346,1.3001212259305146,1.3013810912234862,1.300198864374671,1.3009045140038333,1.300410856826888
1993-03-31,1.1739416615649156,1.174478155561454,1.1743983524391104,1.1701453719245716,1.1702804297624203,1.1706857471104948,1.171242967612151,1.1706250908844573,1.169811749908469,1.1692324342491642,1.165780377756835,1.1653682254484405,1.1627813748816278,1.163054173231492,1.1621884235374083,1.160885337675019,1.1602717105682963,1.1593911609306442,1.1587327493616204,1.161231911571811,1.1605913790648843,1.1617590930960302,1.1635637339806415,1.165208268119497,1.1680693296515812,1.1675652641219587,1.1694214149413311,1.168997593648344,1.1686124836934615,1.1710169923296962,1.1703543856138863,1.1731709791682252,1.1575968059978914,1.1566342148967326,1.15492237309322,1.153768049146329,1.1529796891270396,1.1512040676161057,1.1508700262294211,1.14968597391518,1.1516742029635951,1.150861617640033,1.1515113181003667,1.1508353478999682,1.1504862714463837,1.1504551821392948,1.1513194050937656,1.1500536203413563,1.151603916383796,1.1524999515143766,1.151419300307754,1.15188569967142,1.1539380292300399,1.1540225443546963,1.153807988424334,1.1545451667274875,1.1568786166113583,1.1545069282657383,1.1581245052731057,1.1580241942015437,1.16052321258458,1.1607653700609273,1.160325812225071,1.15893951479012,1.1598491585080297,1.1600369385185012,1.1621311037352748,1.1639974054116888,1.1626734336977056,1.1632286233947324,1.1628805429130784,1.1633845789476425,1.1660669000498052,1.1633217023355287,1.1641605145581462,1.1629627077330136,1.1628548045703253,1.1628810375333654,1.1626538422422563,1.170017885932152,1.1735611880026737,1.170097256361191,1.1662667638721493,1.168481834304987,1.1686217938799377,1.1675741206176058,1.165719220900248,1.1675415853707931,1.1679133896818483,1.1672527196600035,1.1667089811311975,1.1680036183994933,1.1667980350831977,1.1675165902721842,1.1669956787949336
1993-06-30,1.127683402413299,1.1282319551337636,1.1280085058498908,1.1234305378906044,1.12342675118964,1.1237243564435564,1.1242330054347072,1.1236199684478627,1.1228576441046785,1.1222108169305391,1.1185886496452506,1.1181156768030598,1.1154063152454465,1.1156156679656384,1.114675622183173,1.1133614188476881,1.112748638549277,1.1118451322219032,1.1111999253164793,1.1137892330831431,1.1131356233279255,1.1143456189336722,1.116200679103136,1.117866732181092,1.1207832475706772,1.1203539008379395,1.122266341530254,1.1218644649076794,1.121485012918856,1.123987139047321,1.1233255201469026,1.126253229479594,1.1100302144864607,1.1089922507115173,1.1071355824155484,1.105922036986346,1.1051085490886743,1.1032023005866234,1.1028611704442173,1.1016244451740866,1.1036507768414392,1.1027969126746708,1.1034548813379037,1.1027342525144297,1.1023626618476048,1.102302291034543,1.103173132973554,1.101831705807676,1.103406110065909,1.1042946069437904,1.103151735252845,1.103629271547057,1.1057066776567903,1.1058069054560045,1.1055388432522701,1.106317237607793,1.1086794289673385,1.1061865982857886,1.1099871539544748,1.1098177680335846,1.112437915212091,1.1126881086523204,1.1121963066946279,1.1107678418888827,1.111699377760481,1.1118656854446825,1.1140692881890213,1.1160088335471543,1.114594762807819,1.1152089380925474,1.1148167368686686,1.115348621219363,1.1181360628895365,1.1152537785584222,1.1161798029856764,1.1148734472397592,1.1147651990982448,1.1147966320369571,1.1145612839630652,1.1219644498120123,1.1256417764556927,1.1221496907597965,1.1182011887078689,1.1204652391529542,1.1206167943512302,1.1195222465767374,1.117590742040547,1.1194850040622577,1.11986012065243,1.1191875293948796,1.118627817825171,1.1199579357523726,1.1187289922861585,1.1194605723615871,1.1189117547096348
1993-09-30,1.0457060298163545,1.0462574737194028,1.0458663927797969,1.0409315100883194,1.0407691865939694,1.0409464062504907,1.0413979697370215,1.0407899540567294,1.0400832236935869,1.0393667386260752,1.0355725324769338,1.0350324627241114,1.0321984056779396,1.0323353355141278,1.031316009115523,1.0299934353585984,1.029383502880385,1.028460575400247,1.0278325597787412,1.030512608341228,1.029850310759986,1.0311016629855765,1.0330052602752597,1.0346911317780232,1.0376599777216793,1.0373109936091898,1.0392793929618944,1.0389046853911414,1.0385282963885216,1.0411311069282492,1.0404714763333835,1.0435037199988904,1.026602881034317,1.0254874084897592,1.0234808327332456,1.0222075193176303,1.021368479142927,1.0193281553313152,1.0189779403126822,1.0176888456656539,1.019752017743343,1.0188561558251878,1.0195201358006054,1.0187534638680726,1.0183590437895789,1.018267317594161,1.0191433523877593,1.0177253188102118,1.019322323054162,1.0202020450195293,1.018996003322443,1.0194846436304799,1.0215854685291177,1.0217014174485661,1.0213788029825122,1.0221988952312708,1.0245875510079028,1.0219728414525255,1.0259573886486757,1.0257174566378695,1.0284600594067639,1.0287180734404096,1.0281729230468097,1.0267018577411204,1.0276553007828664,1.0277993626634745,1.0301131538004162,1.0321266728738123,1.0306210688843815,1.0312956161255422,1.030858607790416,1.0314183773550953,1.0343120445628171,1.031290871071099,1.032305762074829,1.0308889420209733,1.0307804753862984,1.0308172362361043,1.0305737499284113,1.0380095940973433,1.0418221208707503,1.0383047791296456,1.0342372890538156,1.0365498633841084,1.036713100715438,1.0355700438359734,1.033560310781208,1.0355270982635294,1.0359058024736196,1.0352208389688262,1.0346452354409679,1.036011333612272,1.034759200780451,1.0355038255991733,1.0349265891303367
1993-12-31,0.9697201195501954,0.9702632323921181,0.9696769422359572,0.9643492640080702,0.9640060542706476,0.9640488005219168,0.9644336380479062,0.9638306460026256,0.9631843695789705,0.9623962865600401,0.9584292255082507,0.9578151041581513,0.9548547972207114,0.9549090563738472,0.9538051095842717,0.9524775180946237,0.9518727477190676,0.950934771067389,0.9503287008471323,0.9530994830755375,0.9524339660795542,0.9537253017028204,0.9556747739110096,0.9573783836816954,0.9603954522519054,0.960132982342099,0.9621564168929986,0.9618150001495103,0.9614383319627595,0.9641447742088023,0.963488227322652,0.96661576026929,0.949007042239177,0.9478121069740016,0.9456507875959286,0.9443176648807061,0.9434527589053999,0.9412753658176263,0.9409137842451053,0.9395732231615836,0.9416713453837685,0.9407330697698671,0.9414002368677888,0.9405862208459828,0.940168784884535,0.9400435056807428,0.940922968576931,0.9394279190858388,0.9410455244646904,0.9419150232637739,0.9406452947505829,0.9411449108304429,0.9432669834891511,0.9433985540533301,0.9430206025565483,0.9438825982545165,0.9462948139276396,0.9435584880686425,0.9477265712632635,0.9474149675289358,0.9502804598961412,0.950545987717242,0.9499466786470174,0.948432916065616,0.9494080687153722,0.9495291959831453,0.9519530589893874,0.954040650177217,0.9524427236239222,0.953178684781604,0.9526964674901626,0.9532839468182399,0.9562841339338991,0.9531232315748035,0.95422812226725,0.9526996270776347,0.9525910840794817,0.9526332808989043,0.9523817235907325,0.9598426416697834,0.9637905026980869,0.9602513787400684,0.9560648451147061,0.958425038573222,0.9586000204521865,0.9574071204892236,0.9553180503030125,0.9573575075239042,0.9577400806104615,0.9570423906140324,0.9564511106932809,0.9578534297555186,0.9565784861770418,0.9573360543171571,0.9567300603805609
1994-03-31,0.9525431102489383,0.9530642919300822,0.9522511393382844,0.9464903260051273,0.9459408870826492,0.9458335095344312,0.9461407220101037,0.9455425308431007,0.9449618539099776,0.9441005014678785,0.9399611152992267,0.9392652355264901,0.9361778938263063,0.9361377966588651,0.9349435084269111,0.9336149478663895,0.9330180045768681,0.9320703167485618,0.9314918302840904,0.9343526229641619,0.9336906105524302,0.9350200360581045,0.9370118112109471,0.9387306530501731,0.9417906994514775,0.9416214539928867,0.9436982962796637,0.9433973224143737,0.9430161541366853,0.9458290123413705,0.9451767410680596,0.9483871731271347,0.9300394313828212,0.9287633121517533,0.9264427493631096,0.9250503878908114,0.9241594375348142,0.9218425544693051,0.9214670011211152,0.920076593028531,0.922207036500931,0.9212263009146939,0.9218931704860212,0.9210306182427601,0.9205901348073017,0.9204289746917153,0.9213097089259601,0.9197379069386258,0.9213735416515728,0.9222311274357423,0.9208977230960123,0.9214080732382754,0.9235486259700456,0.9236955902522356,0.923261839098445,0.9241656083068313,0.9265977547213995,0.9237412802705606,0.9280906754801539,0.9277067039231653,0.9306944378432196,0.9309670661715308,0.930313152376307,0.9287570025014835,0.9297534129949491,0.929851028611169,0.9323838004159897,0.9345447962719986,0.932854548821023,0.9336525369520232,0.9331250572316343,0.9337398182649869,0.93684583846785,0.9335455395479659,0.9347409201033728,0.9331004060682171,0.9329919457800935,0.9330396616811129,0.9327801623998292,0.9402572371512548,0.9443393091182372,0.9407825298064934,0.9364780109043491,0.938884390401806,0.9390711537987497,0.9378274599636444,0.9356585802230831,0.9377702686218364,0.9381569980286866,0.9374463497447417,0.9368397672881654,0.9382782320273424,0.9369811014991524,0.9377513658412866,0.9371164900070675
1994-06-30,0.9971680983802511,0.9976510026180065,0.9965747132441625,0.9903353964532431,0.9895510160788851,0.9892761388169313,0.9894934212119091,0.9888995282695028,0.9883898802770226,0.98745392894933,0.9831443621316533,0.9823581833155712,0.9791439526128229,0.9789961874841633,0.9777054280569568,0.9763807440632066,0.9757946851337478,0.9748437359029802,0.9742994882867311,0.9772487212885848,0.9765983936823415,0.977963413173277,0.9799928613172195,0.9817239512710445,0.9848204211349412,0.9847517228848327,0.9868795135951498,0.986627314031721,0.9862363943240902,0.9891582395477403,0.9885115337730049,0.9917887781093124,0.9726697624682331,0.9713110304570319,0.9688271696731691,0.9673768755207471,0.966459864374779,0.9640017827672479,0.9636092866044815,0.9621715021371005,0.9643307736880488,0.9633079796107322,0.9639703005952359,0.9630581589583553,0.962594781844914,0.9623952774925661,0.9632746744967219,0.9616271941567374,0.9632776214211669,0.964121329584388,0.9627248988296545,0.9632456074782012,0.9654011830397303,0.9655631612296538,0.9650735413418648,0.9660185504748084,0.9684661654249676,0.9654924522028279,0.9700188222103516,0.9695623144776537,0.972670341198942,0.972949533300367,0.9722410148408585,0.9706432755173635,0.9716601902147995,0.9717338607980776,0.9743731256317297,0.9766059379514312,0.9748243312195016,0.9756844317191347,0.975112058684417,0.9757533742720566,0.978963362587902,0.9755254130045345,0.9768109891359614,0.9750591681878984,0.9749509679121773,0.9750042550818686,0.9747370150023125,0.9822198567505964,0.9864335101825285,0.9828639372707774,0.9784438238448449,0.9808943382203956,0.9810928924005614,0.9797979332233338,0.9775495481691332,0.9797323326518439,0.9801235114788901,0.9793998252602872,0.9787784996924105,0.9802526539939379,0.9789342473660045,0.9797167876770075,0.9790531662261253
1994-09-30,1.033565355474964,1.0339904701236395,1.032609532905215,1.0258406723282505,1.024788848358272,1.0243271906195672,1.0244406675859246,1.0238502252294013,1.0234173123959371,1.0224058609600044,1.0179301816856947,1.0170442390015018,1.013704381624261,1.013433799096212,1.0120400011303519,1.0107249494675692,1.0101532707313488,1.0092067858591656,1.0087045993774921,1.011739705249254,1.011110926971963,1.0125083486414463,1.0145696125798522,1.0163094312521945,1.0194342646764862,1.0194741059942065,1.0216494076953997,1.021455660785984,1.0210485331387331,1.0240816653835059,1.023441914243464,1.0267655557457758,1.0068418957287304,1.005399484777259,1.002748845290315,1.0012428032360807,1.0002999079119224,0.9976997931109581,0.997286970162311,0.9958052860267759,0.997988885311423,0.9969249731250905,0.9975776075222795,0.9966149978652377,0.9961291017501157,0.9958886508907683,0.9967635832076415,0.9950424693925565,0.9967036843237017,0.9975312387309158,0.9960731978175889,0.9966037326286958,0.9987700804694541,0.9989465141220376,0.9984014333820893,0.9993866668045516,1.0018443338161171,0.9987580061656554,1.0034545045249899,1.0029259345998514,1.0061507523474589,1.006435828848035,1.0056732473428283,1.0040352976417475,1.0050716064294374,1.0051210796625671,1.0078629319820835,1.0101648731435833,1.0082940239689102,1.0092156794338387,1.008599290885749,1.0092660812000227,1.0125767673285782,1.0090046052904058,1.0103791339594324,1.0085179920052851,1.008410248534048,1.008469121216117,1.0081944254253252,1.01567100416201,1.0200118172505095,1.0164351344658176,1.0119034003088336,1.014395279140714,1.0146056024213226,1.013259497519464,1.010932850781749,1.0131847694521343,1.0135806950259962,1.012844077718075,1.0122087852506407,1.0137177177334107,1.0123792799579499,1.0131734720279415,1.012481555629129
1994-12-31,1.054898981197075,1.0552431497514132,1.0535101211730225,1.0461542780426134,1.0447982468818702,1.0441284251341791,1.0441224671427143,1.0435342058179065,1.0431839976739843,1.0420966741659918,1.0374612297542702,1.0364650339043684,1.0330021433787013,1.0325915174585627,1.0310876456049902,1.029789019264304,1.0292357067142683,1.0283028733080863,1.0278519085049211,1.030969149439508,1.0303737289596375,1.0317995584335362,1.0338853602496632,1.0356297882762258,1.0387731971914558,1.0389303007136146,1.0411485303467414,1.041024450057796,1.0405932515083414,1.0437396329527,1.0431083257906437,1.0464528973873954,1.0256900896350445,1.0241633785962567,1.0213432052111333,1.0197846443775966,1.0188162695382266,1.01607434905312,1.0156373498051816,1.0141164268768468,1.016318683601788,1.015215238825928,1.0158520244622085,1.014838284645113,1.0143305063573016,1.0140463661943504,1.0149131120379122,1.013121565990672,1.0147886797481669,1.0155974518127757,1.0140801328093971,1.0146197787662694,1.016791738823943,1.016981860282736,1.0163823007805215,1.0174061705826534,1.0198673830295673,1.0166750931165567,1.0215319091206592,1.020932526822735,1.0242687896563498,1.0245589068327918,1.0237434565363073,1.022067364256993,1.0231215379690395,1.023146786415106,1.0259855581703554,1.0283526350470036,1.026396041164689,1.0273779173179047,1.0267189995622943,1.0274097703648963,1.0308162166639678,1.0271152942672503,1.0285763930998897,1.026609442795797,1.0265023736343344,1.0265667999119106,1.0262850307847753,1.0337414990166802,1.0382029282530794,1.0346257342424,1.0299882234924718,1.0325178627826754,1.0327398982214504,1.0313434882307497,1.0289409512830017,1.0312590661026597,1.0316600375265197,1.0309108222084036,1.0302625915787895,1.0318048504584039,1.0304480135711416,1.0312529943721795,1.0305336100598224
1995-03-31,1.034345640062209,1.0345815149859532,1.0324422304826464,1.0244347452612979,1.0227329512716268,1.0218312597683654,1.0216882765859383,1.0211004141316975,1.0208391227113154,1.0196762026856858,1.01489002904848,1.0137719547510062,1.0101902039960573,1.0096199622308915,1.007998481145917,1.0067242536802512,1.0061938412700948,1.0052855176922257,1.0048964683671966,1.0080907365813538,1.0075427226770288,1.0089920410561493,1.0110934604033757,1.012837705894128,1.0159879204004025,1.016271803643846,1.0185270402367614,1.0184855892560238,1.0180208181722428,1.021281996043827,1.020660722974922,1.023994874991549,1.002357274506199,1.0007461838323763,0.997754625388264,0.9961480110932552,0.9951548293560681,0.9922726120562118,0.9918070625635859,0.9902529510792724,0.9924668390243733,0.9913262162427522,0.9919398102245915,0.9908745440456862,0.9903458306597837,0.9900151186885078,0.9908692768517583,0.9890118717499026,0.9906789809340629,0.9914659438581465,0.9898927675983972,0.9904405977157713,0.9926119697870208,0.9928147671422555,0.9921623985657819,0.9932226405545839,0.9956796487910181,0.9923904375805975,0.997394272455473,0.9967262590136768,1.0001664404190023,1.0004605655752248,0.9995942227078177,0.9978828683585959,0.9989528869044509,0.9989541593433351,1.0018821056740996,1.0043087815057095,1.0022715827581803,1.0033114122334845,1.0026121759158033,1.0033249473619807,1.0068202462024947,1.002998400978939,1.0045423269864657,1.0024749007442106,1.0023687452783456,1.0024386374605891,1.0021502898915844,1.0095707952243447,1.0141437957071182,1.010573703545131,1.0058384607732602,1.0084012934565414,1.0086349433650585,1.007189941188125,1.0047152318676027,1.0070954571657735,1.0075017716858945,1.0067405637527191,1.0060807171952284,1.0076542125930499,1.0062810555472312,1.007095683763688,1.006350106599748
1995-06-30,1.018871912944433,1.0189673285078096,1.016360004047661,1.0076280617405318,1.0055335569461339,1.0043737225809748,1.0040739296779504,1.0034840644346716,1.0033181149187047,1.0020806601087704,0.9971559553255419,0.9959031167448572,0.9922085462823793,0.9914564631803305,0.9897093039415494,0.9884687920879291,0.9879664269597306,0.9870953817551227,0.9867806982736571,0.9900452843731398,0.9895613059972528,0.9910281296673452,0.99313434844664,0.9948728646406473,0.9980158424675128,0.9984368867153417,1.0007216496303122,1.0007777811321836,1.0002680282953489,1.0036450454972816,1.0030354975515243,1.0063210408593057,0.9837718589584382,0.9820769643171193,0.9789132842414843,0.977264540932596,0.9762475385486326,0.9732280706968532,0.9727290064294012,0.9711493833490654,0.9733663067794163,0.9721917747256075,0.9727734742410261,0.9716566099938446,0.9711082751877491,0.9707279730928853,0.9715643665446334,0.9696472987034622,0.9713073374173691,0.9720690146763695,0.970444692214053,0.9709995342446289,0.9731629303918237,0.9733771071240255,0.9726744193033642,0.9737679726619409,0.9762116111477468,0.9728373259203092,0.9779707875677501,0.9772374373947741,0.9807714402010821,0.9810683236283058,0.9801539973878988,0.9784112176946075,0.9794944871773974,0.9794723689139545,0.9824793045680457,0.9849582227386854,0.9828475045313437,0.9839419043262648,0.9832054192880042,0.9839376435601199,0.9875125664953375,0.9835804521967693,0.9852018440613345,0.9830414348404126,0.9829364554196383,0.9830116587756239,0.9827173575800322,0.990083844007693,0.9947564301211493,0.991202174151456,0.9863798250474047,0.9889701737122931,0.9892152928615536,0.9877244603659416,0.985182897121366,0.9876198019910716,0.9880317499555253,0.9872594807772289,0.9865896811550048,0.9881915725555874,0.9868046890723461,0.9876275001747432,0.986857536387754
1995-09-30,0.9343842512865004,0.9343014987807403,0.9311556986749414,0.9216172589698542,0.9190770179304673,0.9176299230747844,0.9171510744602687,0.916556058931532,0.916492050338322,0.915182072000476,0.9101347477963597,0.90873285839107,0.9049337135825977,0.9039745596509595,0.9020930846076278,0.9008971345158765,0.9004286514924367,0.8996098375509358,0.8993839845504121,0.9027103060108874,0.9023099650613634,0.9037870830757012,0.9058850888844309,0.90761147928271,0.9107305700679971,0.9113000938885056,0.9136050850681154,0.913776018884622,0.9132076538826692,0.9167009448212164,0.9161049137421158,0.919295710487849,0.8957970245930702,0.8940196914775724,0.8906845174853579,0.8890012894669095,0.8879618190169579,0.8848099852783275,0.8842717764189735,0.8826762219777358,0.88488576826774,0.8836816809633699,0.8842212169466468,0.8830530774140233,0.8824868682124183,0.8820538299064915,0.8828663958476504,0.8808977794927066,0.8825423505858323,0.8832747573542572,0.881605526168858,0.8821659245315564,0.8843126010772113,0.884536529195924,0.8837869879559622,0.8849098550753002,0.8873293453339031,0.8838851259364143,0.8891260248377821,0.88833195918279,0.8919466602436357,0.8922448030844431,0.8912865130628889,0.8895172681901432,0.8906105246573687,0.8905660087979171,0.8936388846694121,0.8961605460175167,0.8939856942711439,0.8951299510892125,0.8943603043913854,0.895108769817289,0.8987513581648124,0.894722947491394,0.8964145235309613,0.8941711838062559,0.894067666698998,0.8941479461885437,0.8938484660941162,0.9011404629927403,0.9058971966860183,0.9023687475557932,0.8974729408690193,0.9000838491937189,0.900340236543682,0.8988075924143443,0.8962063920639332,0.8986929712829124,0.8991108293669012,0.8983288192313512,0.8976511245974694,0.8992776903400326,0.8978802663177876,0.8987094210701266,0.8979175051183663
1995-12-31,0.9144564451234363,0.9141514252957155,0.9103868605562587,0.8999494194425276,0.8969035466925743,0.8951369099923528,0.8944539874076132,0.8938497779283869,0.8938944321717148,0.892515085224365,0.8873654163113227,0.8857986293892922,0.8819057599755378,0.8807108950166983,0.8786858611968812,0.8775470647091159,0.8771190729419651,0.8763699460124622,0.876249703426164,0.8796269811790313,0.8793333119396025,0.8808120946529947,0.8828863316422273,0.8845932381827821,0.8876687901414244,0.8883991278559351,0.8907129284505387,0.8910184698733612,0.8903752711323699,0.8939845391079613,0.8934039170922066,0.896444581384023,0.8719573657491659,0.8700999109895332,0.8665955342804101,0.8648874939656894,0.8638273358710231,0.8605502171717188,0.8599664835918452,0.8583668072905267,0.8605564566251719,0.8593284578468344,0.8598137551554474,0.8585951426181966,0.8580133197939912,0.8575242853155302,0.8583059485338359,0.8562961657943844,0.8579153463304082,0.8586139218947989,0.8569078259597844,0.8574719978001986,0.8595916619661279,0.8598233268845811,0.8590315592436217,0.8601786406757973,0.8625613640378651,0.8590662155639749,0.8643867367027185,0.8635381574045816,0.8672168702782609,0.8675144873251273,0.8665175741848623,0.8647281447251162,0.8658273411318055,0.8657619137237977,0.8688843181441046,0.8714366995879996,0.869209820635217,0.8703976357189804,0.8696001188582851,0.8703608371246658,0.8740559188681007,0.8699490965101565,0.8717012969060405,0.8693881108729796,0.8692863670237108,0.8693713915209984,0.8690676803452976,0.8762620782876025,0.8810834664690009,0.8775921553239237,0.8726400813778014,0.875263119346245,0.8755305080799399,0.8739615751304939,0.8713102054109546,0.8738376112435836,0.8742616334470332,0.8734716662767272,0.8727885936929269,0.8744350780458601,0.8730309806832631,0.8738642055151399,0.8730535145941435
1996-03-31,0.8439102928639102,0.843331507011148,0.8388566089147413,0.8274157408617088,0.8237965357605341,0.8216745345388377,0.8207593769021824,0.8201408526479146,0.820300949903069,0.8188567669853588,0.8136301684366407,0.8118808927187294,0.8079082350384316,0.8064451282459693,0.8042666496050147,0.8031996005962211,0.8028195870523573,0.8021604825675702,0.8021653036184815,0.8055801677531044,0.8054201840330738,0.8068903530938912,0.8089223025950503,0.8106012695211131,0.8136101591552715,0.8145147444923817,0.8168234511155114,0.8172863646550512,0.8165490753127967,0.8202731460482171,0.8197099260883662,0.8225342781464778,0.7970184715337398,0.7950843608577659,0.7914151005353933,0.7896943189697445,0.7886157545406862,0.7852230608493556,0.7845865741963983,0.7829972058430099,0.7851519839203819,0.7839072562513008,0.7843241509344223,0.7830564528748334,0.7824618902254943,0.781913508334025,0.782656033160373,0.7806181571216618,0.7822002706808369,0.7828597987917701,0.7811270263737905,0.7816928101603768,0.7837733939319773,0.7840103283687946,0.7831823462395979,0.7843472431442652,0.7866784740915715,0.7831559528039092,0.7885216656149042,0.787626661395439,0.7913484916390519,0.7916434676196291,0.7906148474206649,0.7888130703055956,0.7899132415084928,0.7898289849265918,0.7929805464368213,0.7955486423120026,0.7932850681486132,0.7945082488604911,0.7936895833232612,0.794457654663314,0.7981862647988581,0.7940235385426224,0.7958240945633006,0.793457746387343,0.7933581118599169,0.7934474351119287,0.7931406410073035,0.8002114537793367,0.8050732268707188,0.8016318798191092,0.79664488862498,0.7992699242252966,0.7995479697905815,0.7979500743542156,0.7952606783390468,0.7978179018141119,0.7982483074553681,0.7974527210858774,0.7967673224536561,0.7984277536148467,0.7970216354038062,0.7978561523234609,0.7970307436120361
1996-06-30,0.8454154691269296,0.8445027879642801,0.8392129687050707,0.8266505692652272,0.8223813921377253,0.8198641993936695,0.8186850462836593,0.8180457874796134,0.8183280852421165,0.816825264798811,0.8115532445516365,0.8096019257266291,0.8055670997980215,0.8037987490424268,0.8014562581102601,0.8004778648516706,0.8001543223332557,0.7996089125616361,0.7997613602398742,0.8031973541747118,0.8032027172446506,0.8046520610887418,0.8066197239129989,0.8082610250778702,0.8111760790383109,0.8122695340713131,0.8145563113874347,0.8152027686116436,0.8143485502771861,0.8181851931953779,0.817641471339115,0.8201706573903957,0.7935852954360881,0.7915793916272197,0.7877520489657808,0.7860334516742922,0.7849393519572349,0.7814439583432065,0.7807465273690233,0.779184997687704,0.7812870491211986,0.7800346254634593,0.7803665246303173,0.7790518493225871,0.7784481602899642,0.7778370244649454,0.7785308380916858,0.7764811570157383,0.7780125014109365,0.778627013696504,0.7768803146419425,0.7774451088644432,0.7794724985492258,0.7797117011672097,0.7788551778867123,0.7800299500715441,0.7822925357737092,0.7787715902061199,0.7841402372605668,0.7832091619813666,0.7869482153785237,0.7872380524878109,0.786186530911677,0.7843820885375281,0.7854771862172102,0.7853769076437698,0.7885325628706332,0.7910978197767558,0.7888167306259051,0.7900648088342463,0.7892334243049418,0.7900028726714493,0.7937415412224813,0.7895509144128969,0.7913843176769391,0.7889857914297007,0.7888886273464106,0.78898166448855,0.7886731686102152,0.7955912812614354,0.8004635092591875,0.7970865934408762,0.7920909482059695,0.7947058744055682,0.7949941401451504,0.7933767833226801,0.7906647023961604,0.7932381864343955,0.7936751438972792,0.7928769418603407,0.7921928960544922,0.7938598647688543,0.7924572871690682,0.7932897296441075,0.7924547085198028
1996-09-30,0.818986244033001,0.8176693548080367,0.8114448103784854,0.797626908580288,0.7926207557207328,0.789663946153327,0.7881848515789788,0.7875168608053535,0.7879279931250044,0.7863747642100132,0.7810961269644634,0.7789209804868299,0.7748460545497812,0.7727302596923165,0.7702124696750119,0.7693423494801318,0.7690849421118092,0.7686808095658939,0.7690071066909231,0.7724440389122156,0.7726519001826276,0.7740659088371773,0.7759431430389675,0.7775355518260632,0.7803248100479548,0.781623039208647,0.783867550788975,0.7847276830549978,0.7837294219369367,0.7876751257150939,0.7871531077113746,0.7892932441088427,0.7615967047212429,0.759525590271131,0.7555500328305977,0.7538519783864226,0.7527459157190727,0.7491645478034186,0.748396880838613,0.7468844315444081,0.7489124774332037,0.7476636443288374,0.7478911054162773,0.7465324627038697,0.745924168464983,0.7452468742950844,0.7458808498532505,0.7438395384434884,0.7453040505074857,0.7458667049027993,0.7441219227974593,0.7446826109023308,0.7466403137851804,0.7468781455436985,0.7460027684835051,0.7471776287736391,0.7493515914159555,0.7458676266934516,0.7511875950963097,0.7502335494587189,0.7539579288338305,0.7542396819128363,0.7531763547431792,0.7513811404637638,0.7524638248309188,0.7523512209374289,0.75548028858089,0.758019886224717,0.7557451023137921,0.7570048472045539,0.7561712356761157,0.7569348009666563,0.7606546506207168,0.7564707260855676,0.7583175541807327,0.7559130232628377,0.7558187149159817,0.7559147126434321,0.7556061694081398,0.7623390731575733,0.7671850484667644,0.7638888313487204,0.7589166551658671,0.7615070542597564,0.7618049940078699,0.7601803269220018,0.7574647655827859,0.7600379216504325,0.7604815258292006,0.7596845203090751,0.7590062485472157,0.7606706307482192,0.7592782151837434,0.7601045242720532,0.7592662567895632
1996-12-31,0.755410378906571,0.7536067341553566,0.7463095312094526,0.7310834403869395,0.7252410632690358,0.7217948052042156,0.7199748426264875,0.719268181279028,0.7198145329078739,0.7182216363882428,0.7129840727039515,0.7105607418452857,0.7064732576712613,0.7039616678228191,0.7012565374210472,0.7005175402753642,0.700337329971882,0.7001067204726092,0.7006374755226894,0.7040505270419197,0.7045046409168154,0.7058660132189206,0.7076216448491124,0.7091521084552433,0.711777837782584,0.71329812561706,0.7154757755852488,0.7165843853167684,0.715409770047993,0.7194594491686455,0.7189614664269041,0.7206005602510127,0.691751012438911,0.6896234293759251,0.6855133756286211,0.6838584228733113,0.6827448172352701,0.6790989675198104,0.6782505018369119,0.6768128957061468,0.6787415104588567,0.677510355706509,0.6776105449428682,0.6762120999160085,0.6756048645942041,0.6748581034615697,0.67541928281712,0.6734113019663613,0.6747901276739241,0.6752930475119361,0.6735698293017875,0.6741226842658183,0.6759914000673297,0.6762234458271228,0.6753413861218986,0.6765042972181776,0.6785663181475887,0.6751626033354712,0.6803709101423643,0.6794103823134192,0.6830808596152795,0.6833510527413164,0.6822898391178838,0.6805184398242394,0.6815798049832446,0.6814596824409509,0.6845246395502407,0.6870105335681731,0.6847715677314835,0.6860263358350963,0.6852035226546745,0.6859523872878659,0.689617938380229,0.6854833770755435,0.6873193985880623,0.6849414065181985,0.6848503610350984,0.6849483580904707,0.684641746757654,0.6911532656621326,0.6959280283143816,0.6927307513872691,0.6878212682380904,0.6903699827860967,0.6906769194585212,0.6890603794348329,0.6863652882264164,0.6889178672467631,0.6893681069400094,0.6885771100337907,0.687909926608642,0.689560521138866,0.6881861403434153,0.6890014312054212,0.6881678241501887
1997-03-31,0.7417143704674631,0.7393262773894476,0.7307961931480684,0.7139865272358009,0.707193758924746,0.703201616910232,0.7009937105668393,0.7002359943465676,0.7009235405732657,0.699304906506165,0.6941672360686675,0.6914683230165364,0.6874027727152254,0.6844395439244038,0.6815342507957227,0.6809532072543575,0.6808629905293808,0.6808438740375683,0.6816151097843519,0.6849735052394084,0.6857258066083604,0.687013733001631,0.6886102699374625,0.6900634066436548,0.6924806783619748,0.6942417850117613,0.6963226327286487,0.6977201697879442,0.6963303755137602,0.7004769624395952,0.7000055087148893,0.7010091568154505,0.670965407231347,0.6687929022807441,0.6645670507374231,0.6629830486483401,0.6618673728619213,0.6581846138503012,0.6572432927357168,0.6559119673813063,0.6577105418740068,0.6565147553473032,0.6564607058990362,0.6550281637985583,0.6544291509592377,0.6536098729468107,0.654083089995289,0.6521394821350804,0.6534103898425422,0.6538444341600251,0.652167245029753,0.6527078009043146,0.6544648344891975,0.6546857044462232,0.6538122873852802,0.6549483929230013,0.6568710969754077,0.6536007581402891,0.6586202094002274,0.6576739873460734,0.6612421213116455,0.6614966335616379,0.6604550367312817,0.6587254148731434,0.6597546010819316,0.659633193034693,0.6625879434570126,0.664985498862902,0.662819056435356,0.6640478621100845,0.6632520774764342,0.6639754815921556,0.6675429569652392,0.663510540633947,0.6653054433784096,0.6629945829207233,0.6629072240330591,0.6630059952486792,0.6627036900895718,0.6689537223365658,0.6736019760986284,0.6705240391183142,0.6657253120659892,0.6682118626483312,0.6685269612119742,0.6669381854915155,0.6642935171914359,0.6668007368296256,0.6672574439907875,0.6664785423943147,0.6658288650242172,0.6674518886301812,0.6661049232664701,0.6669033027368199,0.6660841982473105
1997-06-30,0.7709034385906577,0.7678134752809473,0.7578613863840845,0.7392638734451998,0.731387402193332,0.726784343653999,0.7241333468003177,0.7233089753441342,0.7241430694104676,0.7225168674205689,0.7175525321112449,0.7145468866061376,0.7105470706783713,0.7070667656078498,0.7039477046987017,0.7035566121432143,0.7035714812968432,0.7038092056551386,0.7048639770646998,0.7081287768965334,0.7092418604702568,0.7104308610614267,0.7118224239721888,0.7131796531403627,0.7153340618559809,0.7173562951850312,0.71930333295167,0.7210373692508505,0.7193849733185391,0.7236187994560602,0.7231766169250072,0.7233813788020518,0.6921045714019979,0.6899025471641664,0.6855863735210113,0.68410817420215,0.6829972705979526,0.6793133371928839,0.678265295590936,0.6770791839711189,0.6787102749491166,0.6775724519563973,0.6773319484195703,0.6758732059691692,0.6752916823998947,0.6743974083260502,0.6747647283754968,0.6729246868079947,0.674061189525764,0.6744155880025247,0.6728153194415332,0.6733381832177489,0.674956561068012,0.6751595748669986,0.6743143385951228,0.6754050764618058,0.6771559375005587,0.6740850785965272,0.6788198447005043,0.6779144531688017,0.6813196390442825,0.6815535330283476,0.6805538414288701,0.6788884001883557,0.6798719887518913,0.6797574578336889,0.6825446239059116,0.6848104535989483,0.6827627983116503,0.6839388417100855,0.6831905801501484,0.6838752238963414,0.6872898894013756,0.6834257433382627,0.6851411359170094,0.6829486904280989,0.6828654466376265,0.6829634154237161,0.6826682900134681,0.6886126458277041,0.6930655044419893,0.6901296367025747,0.6855012519039282,0.6879009742931922,0.6882232063411842,0.6866874870168194,0.684131174134712,0.6865623882444483,0.6870251498029101,0.6862661424173307,0.6856418156629913,0.6872201280303322,0.6859118408180003,0.6866861344407736,0.6858939236800299
1997-09-30,0.6925125393794511,0.688575634799672,0.676971983606666,0.6563428881918768,0.6472229220845792,0.6419316817135574,0.6387709164247277,0.6378597842689364,0.6388448597706906,0.637235279502701,0.632538289997028,0.6291898210033255,0.6253129646996082,0.621236940512725,0.617889782850307,0.6177278672215456,0.6178662325022045,0.6184163489940098,0.6198075361084919,0.6229276348777837,0.6244790285458737,0.6255368938270072,0.6266655723419323,0.6279034800814063,0.6297271378446239,0.6320323517780467,0.6337985129056077,0.6359261842482418,0.6339515464014842,0.6382593205798938,0.6378495975617176,0.6370518066638844,0.6045089233899934,0.6022985072098069,0.5979273878842097,0.596599794171951,0.595502408367476,0.5918648077336983,0.5906938908645846,0.5897025670720357,0.591119019052573,0.5900689795140276,0.5896027212187416,0.5881290645305814,0.5875775130264091,0.5866069647386722,0.5868467718066499,0.58516125821258,0.5861311776054661,0.586392893569618,0.5849096520756489,0.5854082035522694,0.5868552191794154,0.5870318561601493,0.5862403807275776,0.5872619707412732,0.5888014778644167,0.5860145306043565,0.5903426031153758,0.589512779778459,0.592677187692101,0.5928844282169291,0.5919557903317276,0.5903831948051624,0.5913041739668469,0.5912074866883044,0.5937537721826158,0.5958319942175064,0.5939630328011551,0.5950511490780153,0.5943769987411773,0.5950060260846005,0.598197622969423,0.594586727273997,0.5961727026560444,0.5941651932119192,0.5940864713338044,0.5941815599517761,0.5938971563822191,0.5994876913869589,0.603657117114679,0.6008884723425415,0.5965060750413975,0.5987887246056106,0.5991168199131742,0.5976676390129071,0.5952490009814102,0.597565481165577,0.5980334729519249,0.5973046340098818,0.5967154735509712,0.5982272760908329,0.5969714058063065,0.5977127115378871,0.5969633789782338
1997-12-31,0.6850687792592112,0.6800990513005555,0.6665545663311965,0.6435932128111783,0.6330312423507932,0.6269560874120481,0.6232014564284496,0.6221768572857655,0.6233160110832803,0.6217561830151955,0.6174509106612369,0.6137166442316693,0.6100402716386448,0.605270690114476,0.6016805338508755,0.6017976904776482,0.6020830306521326,0.6030159623387781,0.6048109079119697,0.6077162121722458,0.6098054661101682,0.6106897861490933,0.6114795205586454,0.6125670169845714,0.6139718340705322,0.6165833151400396,0.6181064893174324,0.6206984562760761,0.6183236932736166,0.6226868495564676,0.6223135971564315,0.6202510286550783,0.5864212406574936,0.5842324353786326,0.579856845368022,0.5787394914379029,0.577667147187499,0.5741411602904839,0.5728281797834438,0.5720970821395857,0.5732372210797619,0.5723159209347919,0.5715745558409757,0.5701027166425757,0.5695987487964902,0.5685529775055392,0.5686385086120082,0.5671762961623332,0.5679394494094523,0.5680921138850215,0.566779858441528,0.567245774488427,0.5684806353691185,0.5686196175793781,0.5679165593368578,0.5688375110306993,0.570116170760748,0.5677247368338812,0.5714854996759209,0.5707782967168927,0.5735985033451733,0.5737715035758362,0.5729533699722691,0.5715115525737513,0.5723476108731489,0.5722839924447156,0.5744925237849314,0.5763085410889038,0.574698599206612,0.5756510198397596,0.5750866969508792,0.5756380238940825,0.5785132123572425,0.5752684964281296,0.576657945324034,0.5749246609401656,0.5748507970019324,0.5749401796297537,0.5746709795093272,0.5798561761931037,0.5836258033318386,0.5810519414236779,0.5770146729734066,0.5791421930707927,0.5794745714606468,0.5781578262654956,0.5759432144839143,0.5780945415828724,0.5785662407617114,0.5778815926312107,0.5773402758511605,0.5787569864821085,0.577570686984496,0.5782676570629247,0.5775824986049698
1998-03-31,0.630706710808548,0.6255453075439296,0.6113029923755569,0.5870564273946646,0.5757963901177574,0.5693778325772414,0.5654406580217393,0.5644354571802606,0.5657584431503344,0.5640622292765527,0.55954960876834,0.5555186586838956,0.5515726568086134,0.5464715079221141,0.5425883633312631,0.542770490960482,0.543076393653481,0.5441184490031501,0.5460220496423647,0.5492357019576926,0.5514127548746559,0.552364965208388,0.5532374906761143,0.5544017930852616,0.5558365880345584,0.5588378148678631,0.5604477549767289,0.5633073047928517,0.5609404664707938,0.5654446041991688,0.5650684068007003,0.5628271875737003,0.5270611369068183,0.5246598076530917,0.5199149515279998,0.5186870398987941,0.5175907205619574,0.5137680516330727,0.5123271472445334,0.5115123897089942,0.5126954407740816,0.5116104410504835,0.5107443163733028,0.5091054743588899,0.5084929979927139,0.507248180770898,0.5072439809321548,0.5055826916405849,0.5062445117260296,0.5063547245255156,0.5048979779173511,0.5053497158785489,0.5064817468805325,0.5066435264850124,0.5058240433072075,0.5068003390652954,0.5079725451550294,0.5054124662773225,0.5093780023919371,0.5085184594863167,0.5115342849365463,0.5116943504379023,0.5107541166209495,0.509252623972479,0.510110283255027,0.5099768891362554,0.5123338802378531,0.514304444871027,0.5125017876900191,0.513609361230211,0.5129520631933826,0.5135278321944924,0.5165758439491355,0.513117453941345,0.514685986409128,0.5127288952324902,0.5126669509822362,0.5127669226778266,0.5125008373188429,0.5169921988553449,0.5209414469437743,0.518683598123169,0.5145480476252912,0.5166162948527062,0.5169522759961509,0.5154702165764602,0.5130837766883254,0.5152705794499848,0.5157737393992758,0.5150437223195781,0.5144994649576278,0.5159444975527614,0.5147936123565316,0.5154805100154322,0.5147515342093156
1998-06-30,0.5932097480730063,0.5877863642255701,0.572707537245799,0.5470136542541023,0.5349405516499829,0.528119673229326,0.5239554793757044,0.5229689917631826,0.524497136566236,0.5226657051859029,0.5179808750390353,0.5136181434740962,0.5094145239371409,0.5039281441636714,0.49972847558702466,0.5000014586627919,0.5003400269573084,0.5015282150120187,0.5035680169606148,0.5070837710432698,0.509387077433314,0.5103930738048387,0.5113259433650447,0.5125562627257471,0.513986186493975,0.5174146856524853,0.5190941979545962,0.5222655051093082,0.519889253177417,0.5245280940396058,0.5241522466051357,0.521637001087407,0.48385896238785553,0.4812424484497435,0.4761218616021496,0.47479397426771186,0.47367902857768546,0.46956402586126567,0.46797750970883917,0.4670947803042927,0.4683005073028729,0.46705073949591175,0.46603421857887684,0.46422335110710633,0.46350041269030184,0.4620394000453304,0.461927168089175,0.4600736381084517,0.4606071274089458,0.4606654127919164,0.45907059440627523,0.4595024816486275,0.4605031559812154,0.4606841369132164,0.45975131821104703,0.4607747029233713,0.4618075413595201,0.4591074482782971,0.4632312105581047,0.4622232958579585,0.46541230337613726,0.46555456644893645,0.4644954990789683,0.46294366350008204,0.463816008996751,0.4636114250495454,0.46609169607670076,0.4682036802735679,0.4662204629565496,0.46748080577585605,0.4667354488689591,0.46732860555794786,0.4705292181013794,0.4668819741883352,0.4686207522197573,0.4664527531975916,0.4664044019954372,0.46651479094805526,0.4662546861358974,0.4699421831053834,0.47404095654127765,0.47215170828664693,0.46795048451594035,0.4699342513190773,0.4702728596041923,0.46862471623455765,0.46607462968263635,0.46827724254970726,0.46881520299170637,0.4680400056978711,0.4674983287988815,0.4689620999693735,0.4678592225857687,0.46852958439353665,0.46776119029838004
1998-09-30,0.6069377104062822,0.6011804187473488,0.5851197002861965,0.557808522123748,0.5447983061250042,0.5375125870299282,0.5330744227993964,0.5321075530142169,0.5338659066760867,0.5318993935040559,0.527079591999121,0.522346169065856,0.5178957385971193,0.5119668320485331,0.5074238786790142,0.5078159668682005,0.508200002926088,0.5095749455515959,0.5117794184358496,0.5155942150596764,0.5180636800403317,0.5191089902590502,0.5200799255508965,0.5213655820602274,0.5227539656104678,0.5266534615243809,0.5283851978236591,0.5319172738713456,0.5295162548756267,0.5342816926397145,0.5339095926952973,0.531020231736471,0.49114795398989547,0.488311655642969,0.48280578730916623,0.4813874283035467,0.48026005559731855,0.47585515961774494,0.474102698974716,0.47316718543625685,0.47437480330358966,0.4729562563666316,0.47176114283515425,0.4697712249746466,0.4689341760354664,0.4672359183767501,0.46699485669964036,0.46495329388631734,0.46532757531826685,0.4653235965014295,0.4635954562478316,0.46400086576614163,0.4648374856422935,0.46503389215159063,0.46398967406121894,0.46505165765848444,0.46590775690809616,0.46309651862092605,0.4673301409408489,0.466176233890766,0.4695166027178461,0.46963549397575544,0.4684594554762511,0.46686666108505614,0.4677464725485595,0.4674681707178079,0.4700461917831804,0.4722878605870783,0.47013450017511427,0.47154733932840165,0.47071796286601336,0.4713210690375796,0.4746546728778668,0.4708429852522245,0.4727447642501517,0.4703768185261507,0.47034411081156047,0.4704648457027637,0.47021403620177316,0.4729641410814269,0.4771818615315244,0.47572490204797846,0.4714929345397221,0.4733630287691771,0.4737030862031899,0.4718853477140742,0.4691780486909439,0.4713747208923671,0.47195172799253476,0.47113078545106385,0.4705977783072992,0.4720698929507187,0.47102976209050706,0.4716761594145572,0.47087267168097036
1998-12-31,0.5674166691778341,0.5612521077020991,0.5440576381298002,0.5149516429077938,0.5008694973522876,0.49305346100747083,0.48829235512614766,0.48734803979212304,0.4893661663015541,0.48726376248803344,0.4823501655465365,0.47720232695531933,0.47251447927747486,0.46608164101224764,0.46116448251924924,0.461706943970397,0.46214980092009705,0.4637569808661196,0.46615546952451803,0.4702712609880555,0.47294843776654394,0.47401834900649426,0.47500569680790095,0.4763368381059892,0.47764501638433754,0.4820676417283955,0.48383404101163097,0.48778249756572956,0.4853443628322658,0.4902251798252612,0.4898600313790988,0.48648930888237174,0.4444327559845823,0.44136950631912886,0.4354651823103691,0.4339645801812053,0.43283227018703074,0.42813776936363845,0.42619532220545303,0.4252215781799509,0.4264097461555375,0.4248142247213189,0.4234086295083104,0.4212297771641298,0.420272423984266,0.41831039313054613,0.4179161898945548,0.41568722935246005,0.41586592389614263,0.41578833448018493,0.41392947166477867,0.4143003663500061,0.4149343984301398,0.4151422011395922,0.4139871269684672,0.415078722810099,0.41571460305404484,0.4128218223897909,0.4171136855450489,0.415814280505175,0.4192846035675022,0.41937354462496973,0.4180806727587847,0.41645653610384314,0.41733611336833853,0.41698014125722077,0.41962951071421434,0.42199090065682804,0.41967572300447537,0.42124346823372477,0.4203330596522042,0.42093804212526365,0.4243855262321367,0.42043382811167607,0.4224931776781321,0.4199340217573022,0.4199195326196457,0.420050656632215,0.4198131132411969,0.4214593387245653,0.42576426503791653,0.42481890206595996,0.42059490221999485,0.4223163310165361,0.42265630579119834,0.4206618493447417,0.41780167228597875,0.4199673509297343,0.4205889225453918,0.41972065687178145,0.4192032471775599,0.42067197868783807,0.41971245882079444,0.42032604223388054,0.4194918335406523
1999-03-31,0.5331314560549858,0.5264836664035288,0.5079924882838177,0.47690403019345706,0.4615972029349904,0.4531794166788825,0.4480422358216416,0.44712711445572395,0.4494425021204329,0.44720194450651163,0.4422426678531054,0.43662920772084424,0.43171195334987517,0.424707342034192,0.419378920223703,0.42010826548534175,0.4206245950240637,0.42251753020657434,0.42514079281155215,0.42956604585538016,0.4324952841436649,0.4335741201419242,0.4345564893178103,0.4359235731025,0.43710881420640213,0.44211943586260866,0.4439021298763126,0.44833274329441375,0.44584989823990223,0.4508296132800781,0.4504746017376362,0.44650455750423124,0.40216796590290804,0.39886707910225727,0.39254594355374545,0.39096945630630703,0.3898418702784813,0.3848552192922151,0.3826930630930055,0.3816948973823297,0.3828409327310369,0.38105401889164003,0.37940052004808983,0.3770188455574276,0.37593140052852375,0.37367078582448965,0.3730936639070494,0.37067272325728123,0.3706107867483719,0.3704465344640516,0.3684563862199004,0.3687825207811426,0.3691661556665017,0.3693807998922915,0.3681133620411196,0.3692246966742729,0.36958703554293715,0.36664387078735866,0.37093674527232606,0.369489519010726,0.3730687063654678,0.37311952072835586,0.3717073730111632,0.3700619767983939,0.37093279533186174,0.3704930096412857,0.37318561337534,0.3756592191859439,0.3731875714954225,0.3749166920693968,0.37392672458537124,0.3745244502457643,0.3780671800032897,0.37400024684062577,0.37621439680257324,0.37346955973961427,0.37347668676807916,0.37361842190987726,0.37339914681403974,0.37372338150968515,0.3780815998107022,0.3777515977021704,0.37358040093153627,0.3751090522504612,0.3754468978660932,0.3732630822225239,0.37025124325737707,0.37235565994182923,0.37302931505822345,0.3721106037821441,0.3716170669380082,0.37306857497485335,0.37221242062819404,0.3727821072862073,0.37192166093082335
1999-06-30,0.5347667037037069,0.5277297419957219,0.5082647340326141,0.47528562543909797,0.4594274823148972,0.45066304543853103,0.44530956819092365,0.44420767050404236,0.4464398873934453,0.4441036004401453,0.43874518940475854,0.4329340750151984,0.42777314685625767,0.42040369456908533,0.4148607622054973,0.4155391128563424,0.41605824214350395,0.4178948633261797,0.42070840681127014,0.425266972523667,0.4283476567619071,0.4295079049169123,0.4305111582467531,0.43195766147351916,0.4332305616173838,0.43837056026272403,0.440235050100356,0.44477296864107385,0.44202973514575694,0.4473727416150123,0.4470181796452838,0.4428165108955494,0.39579647760269676,0.39235353355070685,0.38575987795812616,0.38417058771666573,0.38294520813929395,0.37772210906706405,0.3755531488499376,0.37454550697159683,0.37572740931373555,0.37397732430425945,0.37227205159831833,0.36981082931057224,0.3687119314151315,0.366458595928167,0.3659105277041512,0.3634790622073153,0.36352393350391066,0.3633425052577112,0.36133005654176065,0.36170131967726443,0.3622111831855086,0.3624630764353432,0.36115074398785735,0.3623285739956355,0.3628223356374637,0.3597318934095449,0.36429885465051665,0.3627987104098493,0.3665053236949825,0.36658327685965725,0.36514078985508197,0.36344569911680913,0.3643459378185713,0.3639032902107863,0.3667384948492877,0.36925027651143344,0.36671340388614143,0.3684579111472692,0.36743570000876313,0.36807456499946645,0.3717206642868691,0.3674912486336762,0.36977605405121144,0.36694343199405405,0.36693945762257296,0.3670852227524367,0.3668424668855882,0.3679013921155307,0.37243246577735095,0.3717430268414247,0.36735587810005155,0.36906184169780154,0.3694167675806072,0.3672489516900897,0.364190778560861,0.36645328367155666,0.36709797995546684,0.36618686852014026,0.3656606935743397,0.36718551620821965,0.36623570503889613,0.3668525730222977,0.3659555201528262
1999-09-30,0.5553050208338615,0.5477988358681629,0.5271766201672509,0.4921003003791467,0.47551033071289084,0.46631910630893414,0.4606888476588919,0.4594096576296327,0.46160542660422194,0.4591691868373476,0.45346936824960526,0.4473985707584193,0.44199971585386394,0.43418766104254003,0.4283841074567274,0.42905495469086957,0.4295931853613739,0.4314379921414001,0.43447515842247997,0.43918499999399785,0.4424660135547325,0.4436908481520088,0.4446939779420229,0.4462113021357803,0.4475236742347074,0.45287603653140557,0.45480297395712255,0.45952860218374425,0.4565230935610433,0.4622063578134653,0.46185535283646717,0.45728731226090036,0.4074717777276348,0.40387086416566226,0.396978689501201,0.3953805486241174,0.39406985562063845,0.3886034842476739,0.38638996504072554,0.3853857978992627,0.3865790029600848,0.3848427922277623,0.38304018584946037,0.3804796919332276,0.3793544283583806,0.37706192574212366,0.3765054305718799,0.3740517515655498,0.37414631529705883,0.37393223964526023,0.37189266813091554,0.37229576662129343,0.3728711845391892,0.3731551085279252,0.3717935636920208,0.3730267740040088,0.37358500795471633,0.3703807277496198,0.37515664518444763,0.373597410494215,0.37741063857395163,0.3775053435416997,0.37602655679744923,0.37429257522880954,0.37521251977046244,0.37475784976805776,0.37770507633687156,0.3802508040800371,0.37765003738524794,0.3794219307009513,0.3783668867756247,0.3790362657594679,0.38276759198080007,0.37840110559081414,0.3807573830611586,0.37783817768196143,0.37782763211749504,0.37797788372356467,0.37771808922084743,0.3792223653733424,0.3838891838388677,0.3829778304959754,0.3784281943788819,0.38025470778276205,0.380623936702739,0.3784519601113915,0.3753445009767955,0.37772753996809005,0.37835350981042903,0.37744479317430724,0.37689614399581606,0.37847746104904434,0.37746353451128345,0.3781133946725478,0.37718440496397754
1999-12-31,0.5496334148764611,0.5415805710687822,0.5196227657051078,0.4822430113546323,0.4647564044541764,0.4550658372702998,0.4491016111665092,0.44764602466220993,0.4498395434487472,0.44730020050667163,0.4413067910740428,0.4349211831037736,0.42928866466584414,0.4209616095050695,0.41485596518393064,0.4155556736036004,0.4161268948953892,0.4180345629822003,0.4213278031049113,0.4262038435918544,0.4297312003707771,0.4310064355514271,0.4319900296985466,0.43357192543164064,0.43488233359122286,0.4405185059831531,0.44249103791296307,0.4474750404553516,0.44419951270049585,0.4502077871893333,0.44986297086403104,0.44480319272105406,0.392059431064423,0.38828638903202695,0.3810725487625049,0.3794708672490714,0.3780843666470254,0.372368398748739,0.3700780502982219,0.36909029186529646,0.3702729029401324,0.36853318492296816,0.36659258647343773,0.3639157120277605,0.36275180260783507,0.360381354670635,0.359784509492303,0.3573011221841789,0.35739751513167506,0.35713726578502897,0.35506824891252126,0.35549227976983117,0.3560826806394676,0.356394401746039,0.3549808331469174,0.3562597540885803,0.35682650636511937,0.35353851732180097,0.35846650149823456,0.3568441631505157,0.3607443365764032,0.3608471634234263,0.35932817278551915,0.3575651526848818,0.3584962112029346,0.3580223638114196,0.3610543124545269,0.36362835061105037,0.36096683896091564,0.36277461038130604,0.36168711224651906,0.3623777876056323,0.366176985607025,0.36169691863753795,0.3641237131229901,0.36112107998360776,0.36110763577225674,0.3612626622570256,0.3609911738130854,0.36270536869463466,0.3674746432443664,0.366453349038763,0.36178715837076275,0.36368728167667475,0.36406850504030586,0.3618773058820673,0.35871999646450703,0.3611919616536238,0.3618072811580112,0.36089721130660674,0.3603347104082323,0.3619581782332766,0.36090448752708615,0.36157556812385233,0.36061892924796923
2000-03-31,0.5591535768415774,0.5504710029917108,0.5269894466810947,0.4870931998229515,0.4685428228979028,0.45828124666323156,0.4519239823720873,0.4502863467065638,0.452505354892962,0.44986034330738156,0.44361881828945005,0.43686434396141843,0.43100149132940635,0.4220871672217369,0.41563843373519604,0.41640091271231994,0.4170181024185034,0.419040251357248,0.4226226244990776,0.42767968562725445,0.43149946208778966,0.4328119687200893,0.4337571624896345,0.4353987949294754,0.4366680354757558,0.44265693332590134,0.44465917812058187,0.4499702180850103,0.4464140750468619,0.4527354364232731,0.4523992419511498,0.44672247417842126,0.39089963200680766,0.38694022583525894,0.37938158233931707,0.37778224062790805,0.3763283071549896,0.3703559249680393,0.36795780613028345,0.36699956144508694,0.36815044966551347,0.36639148593371057,0.3642729794200267,0.3614629025014369,0.36024857680471034,0.35776331547044143,0.35709559013384684,0.3545762658876367,0.3546291652484468,0.3543096793581387,0.3522096993777881,0.3526444587240818,0.35320212069810203,0.3535377925437708,0.35206979561089957,0.3533851908679815,0.35390764391730667,0.3505651782570918,0.35559069400519977,0.35390183879339393,0.35786951857921734,0.35797234714892107,0.3564098436923946,0.354627433029632,0.35556128359318623,0.35506166427640656,0.3581519561631693,0.3607481756856795,0.3580296267015169,0.3598807216229259,0.35876141464013933,0.35946456326227966,0.3633143764042294,0.35874375410779336,0.36123957754798136,0.35815725306450086,0.3581443323435558,0.35830436085163087,0.3580262249105643,0.35973046167333,0.36456985732036634,0.36354323440087216,0.35880439172905415,0.36073396333213287,0.36112498922698816,0.35890106358290047,0.35569414318677156,0.3582250834768743,0.35883713735770995,0.35792244755660857,0.357354299588662,0.35900622972172647,0.3579356678672425,0.3586168687748464,0.3576367772930917
2000-06-30,0.5582673129180539,0.5492167561069743,0.5247771189356328,0.48286151114758724,0.46379763454315703,0.4531888932556901,0.44659078115956474,0.44480503040547503,0.4469880126587069,0.44423798833490763,0.4376738785205384,0.43068820430952814,0.4246045215606795,0.41526929114328914,0.40857125885727574,0.4093259454732463,0.40995382529459323,0.4119909887454174,0.41578788004276834,0.42100180506283946,0.42502042888247094,0.4263970660382117,0.4273434274102843,0.42906868384751495,0.43037928063940145,0.4365733037624646,0.4386301455416766,0.4441324913174877,0.440316782544402,0.4469532189328856,0.44661231964493975,0.4405268668339859,0.38198824697577916,0.3778822620449793,0.3700561210784805,0.36846086269309736,0.3669274507297561,0.3607388430753928,0.3582907425273431,0.3573447055767639,0.35850750538401366,0.35676293712282964,0.3545385323880416,0.3516309768551324,0.3503876115931079,0.34786192315651376,0.34718186914616606,0.34465063735217205,0.3447457419722007,0.34439954662241307,0.342283442374261,0.34274650071789015,0.343364656870421,0.34372950296831095,0.34222492288833833,0.34358634805684446,0.34416999544016014,0.3407394489183847,0.345930700897055,0.3442004686813758,0.3482493435355033,0.3483663073839472,0.34677969533509034,0.3449663431953587,0.345916523261193,0.3454104972253949,0.3485887968252913,0.35120754785812663,0.34844331040474963,0.3503088817833434,0.3491669719299242,0.3498935817014708,0.3538084984882056,0.3491315751910544,0.3516779041810497,0.3485340160144743,0.3485147265729022,0.34867802736718806,0.34838470571998276,0.3505205617552979,0.3554686138366615,0.35422955406967166,0.3493540912313158,0.35139160706381867,0.35179249057434336,0.34957106692903084,0.3463293300446509,0.3489619066800723,0.349556206054554,0.3486439689077295,0.34805675220467935,0.34975752628082085,0.3486288410302898,0.34934037672122975,0.34833513354235124
2000-09-30,0.5846776818323598,0.5756588730901417,0.5502655275952744,0.506504246430212,0.48691189799753826,0.4759669711087284,0.46909263473086993,0.46715721205701677,0.4693238953362671,0.46646734485175734,0.4596516734874956,0.4524175783983558,0.44612477468057965,0.4363694657247645,0.42940890918844243,0.4301797128644047,0.4308211934660504,0.43291064170491267,0.4369130426018235,0.44230781209809894,0.44652621278439697,0.44795886345229174,0.44890876535102453,0.4507174133428364,0.4520488070197398,0.45849532842836493,0.4605995185998408,0.46633112192218523,0.4622943138798436,0.4691984634130526,0.4688517281278201,0.46232374662684045,0.40120553734656306,0.39694633981128447,0.3888483490920342,0.3872495455021196,0.38565241477333967,0.3792506565779865,0.3767267654017452,0.3757894241410944,0.3769583259499292,0.37519678633391396,0.3728446487024415,0.369826032619034,0.3685372529919594,0.36593323247479465,0.3652148845000255,0.36264841126421915,0.36274082441871336,0.362362986963377,0.360217824164562,0.3606964257875019,0.36132679089587383,0.36171603765841387,0.36016948407716726,0.3615686163976805,0.36216269345837615,0.3586600539139231,0.363974236326262,0.36219464285562164,0.36631816261262673,0.36644029211786666,0.36482042789971886,0.36298090325316573,0.36394233813972143,0.36342060231970796,0.36667025323085034,0.369321337366946,0.3665018899659257,0.3683988973595585,0.367230014496947,0.3679723536488609,0.37194864607403766,0.3671773831871131,0.36978087631313117,0.3665670945919631,0.3665458130907503,0.36671281492735064,0.36641054335322476,0.36870332584707105,0.373740023710328,0.3724198853291715,0.3674481691813688,0.36954165202758416,0.3699481437949024,0.36770231575306445,0.364414020339171,0.36711424272047166,0.3677017412466591,0.3667837515870721,0.3661856204186088,0.3679215258242641,0.3667624266335293,0.3674916471958032,0.3664641707899411
2000-12-31,0.6298348079240403,0.6220762356058187,0.5957346063423532,0.5502702820242226,0.530177279330132,0.5188931020250155,0.5116770270244415,0.5095654603193933,0.5117178798974326,0.5087502682008131,0.5017289082170584,0.49422213606722715,0.48772551896348415,0.47752330379336155,0.4702791940935109,0.4710852157683195,0.4717449330269755,0.47391662852790517,0.4781346551907125,0.48372519720934654,0.4881621650913715,0.4896442782349169,0.49059214786622396,0.49248413997600327,0.49381610422416056,0.5005576018988095,0.5027016305986145,0.5087017774487358,0.5044503093009371,0.5116046535326384,0.5112523843697743,0.5042198036694163,0.44048471924691635,0.4360635962922056,0.42768197188910645,0.4260795131980092,0.424426281128489,0.4178083782064461,0.41518829437009014,0.41426350456345057,0.4154291018045499,0.4136344581827145,0.41113146662779176,0.4079901021296133,0.4066456204184847,0.4039366440723826,0.4031599403161225,0.4005482182673585,0.40060647809384475,0.4001904804955804,0.39801148682499526,0.3984977529367642,0.3991070730677942,0.399517969752171,0.3979266809553971,0.39935750996404357,0.3999261888517577,0.39636726257807325,0.40177065617291347,0.39993776282628934,0.4041267292048808,0.4042480951851559,0.40259072593441236,0.40073011197582237,0.4016980614891198,0.4011551294952169,0.4044611637151898,0.40714559449676113,0.40426906940217056,0.4062057836952002,0.4050086645590801,0.40576099158878964,0.4097911383824086,0.4049377782542839,0.40760010822404796,0.40431498549586414,0.4042943853536658,0.40446529133681175,0.40415797405068976,0.40643774416986533,0.4115447605806107,0.4102246399044944,0.4051858885909066,0.40730221668683775,0.4077120885177248,0.40542813127525823,0.4020895394271155,0.4048353452209469,0.4054222476616911,0.4044946598107925,0.40389129101808263,0.40565283063836033,0.4044807526990706,0.4052194651957079,0.40417223619764986
2001-03-31,0.6140544434430794,0.612006438552652,0.5851487280454202,0.5385163517277046,0.5181245710079985,0.5065266143861038,0.4988504558062683,0.4965021421370822,0.4986268379927898,0.4955447072939076,0.4883736511855061,0.4805609482782933,0.47386586857489066,0.4631780046095887,0.45562283158558525,0.4564847071755173,0.45716862841827666,0.4594548647962874,0.46390577181792814,0.469706948287644,0.4743891832764241,0.4759136144593745,0.4768508537133124,0.47882583999610984,0.48013467727008874,0.48721998974062053,0.4893954354838004,0.49571038931765304,0.4912431420430341,0.49863625403714384,0.4982796221160897,0.4906636627599049,0.424216221009447,0.41962184129523783,0.4109393611916342,0.40933457308022125,0.407631719497098,0.4007913239795441,0.3980527764840462,0.39714663780553705,0.3982969321670474,0.3964542771184931,0.39377325167021265,0.390495798562972,0.3890851967938815,0.38624302927109155,0.3853861403553387,0.38272053497706393,0.38271156265980083,0.38224905199727416,0.3800323408920301,0.380518431635702,0.38107184796464477,0.3815018409816835,0.3798627110638681,0.38131915983780096,0.3818244701207408,0.3782266714378746,0.3836838982670572,0.381793386757552,0.3860373262702536,0.3861518231225064,0.3844527388029532,0.382576767950322,0.3835458445138556,0.3829760292398501,0.3863223069963128,0.3890394251132796,0.3861048515557677,0.3880892086358557,0.3868627455485517,0.3876191373102813,0.3916940762960329,0.3867717948659989,0.38949446959739437,0.3861370769447299,0.38611984024530244,0.38629487078995217,0.38598641916010223,0.38808177244916187,0.39323909838152027,0.39200061088679555,0.3869251768018855,0.38903091378106247,0.38944224543354533,0.3871072564363409,0.3837155244690763,0.3864849001841892,0.38707715909077467,0.38613662869554755,0.38553391142218435,0.38731133436221477,0.3861438211410776,0.3868836758802683,0.385819214673477
2001-06-30,0.6110669182282107,0.6187281606177939,0.5939173915193141,0.5476267365800475,0.5282034843236626,0.5165174492172859,0.5083344581943949,0.5057554330991509,0.5078323276886109,0.5045998672460927,0.4971838105555204,0.4891143011155896,0.48220942257406485,0.4710379418990591,0.46318394965021337,0.4640789152528614,0.46477896550711145,0.4671480999563824,0.47184121760098097,0.47783905226781975,0.48277115208391874,0.4843480180507469,0.48527426806557944,0.4873434370745606,0.4886504874348252,0.49604013801129054,0.4982510557826963,0.504854871247765,0.5001308384444505,0.5078014938209578,0.5074365784907334,0.499230149917048,0.4299005355379258,0.4251400561450178,0.416168881847826,0.4145760561150428,0.4128101111563806,0.4057523557096226,0.40291413391967,0.4020350993525969,0.4031759000184123,0.40131416806052245,0.3984664031830135,0.39506264310382655,0.39359781528124366,0.3906542553083726,0.3897378040737234,0.3870446101555628,0.38700554622350547,0.3865030451496291,0.3842659195142964,0.38476199136356737,0.3853016636632746,0.3857545214471145,0.38407789115474855,0.3855635058588113,0.38605110211408444,0.3824118341067876,0.38794213419985124,0.38600953526076365,0.39030242000879145,0.39041681461608524,0.388690296826679,0.38679832731859354,0.38777139043751213,0.38718602635673055,0.39057661799825183,0.39331162627577826,0.39033646030200675,0.39234623268532853,0.39109927374729553,0.39186362807390285,0.3959770238055787,0.3909892355739335,0.39375597650573985,0.3903461360384549,0.39032823655601856,0.39050642411176456,0.39019180258155395,0.39235387543492095,0.39756726360819855,0.3962916154825096,0.39115414366962636,0.3932920500410807,0.3937067805341649,0.391349414536204,0.38792264219960837,0.3907385349223133,0.39132628151833826,0.3903806498966804,0.3897725438410036,0.39157500868757567,0.39038891691581185,0.3911404942877113,0.39005931251279524
2001-09-30,0.6082131679536329,0.6174052853133895,0.6102312047213898,0.5700267344376916,0.5546423117184318,0.5433811523049991,0.5343926502304687,0.5314914126176589,0.533485933991421,0.5300656569628506,0.5223868833406855,0.5140707024814606,0.506952879594414,0.4952729050577111,0.4871069155135994,0.4880403819203394,0.4887564860247734,0.4912181112446736,0.4961681802084829,0.5023683764845006,0.5075714811493794,0.5092004606916756,0.5101102610747201,0.5122787524792025,0.5135771424880293,0.5212899683008994,0.5235324809322754,0.5304473852254433,0.5254487623394306,0.5334051623153093,0.5330308215354242,0.5241753920905219,0.45182241410130247,0.4468901775225986,0.43762254097709746,0.4360481399847005,0.43421806419084574,0.42693984586735845,0.4239937616730258,0.423149246774873,0.42427491268460804,0.42239491502584836,0.41936564940207083,0.41582965062459554,0.4143077874769978,0.4112555149210289,0.41027240725452585,0.4075556489111695,0.4074782761044432,0.40693273563509125,0.4046791296411534,0.4051838751793747,0.4057023771068186,0.4061779578007268,0.40446569974457536,0.4059778863781205,0.4064396503569313,0.40276953706001883,0.4083567302597215,0.4063850030435475,0.41071763360840124,0.4108306327984169,0.4090791970865105,0.40717487929773566,0.4081495198411591,0.40754907828103504,0.4109749126655818,0.4137218127045803,0.4107120333951917,0.412744237318857,0.4114793463742461,0.4122491838650969,0.4163927141208682,0.41134952256540613,0.4141553050265704,0.4106997478362613,0.41068145390099653,0.4108625809093631,0.4105424912805995,0.41275159350111607,0.41800990435078905,0.4167067632136915,0.411517979106814,0.41368185144933933,0.4140994236292622,0.4117219057131226,0.4082650421713919,0.4111214002503566,0.41170486259690664,0.41075487581048076,0.4101430243033978,0.41196744827207854,0.41076577671113246,0.41152748250845234,0.410431461385658
2001-12-31,0.6054309546748116,0.6160518775205447,0.6103829931256693,0.5934509502946419,0.5915779801696863,0.5822142442500456,0.5715983580891666,0.5681219723133403,0.569932205292574,0.5662570007653112,0.558285043325176,0.5497492600474354,0.5424165712079869,0.5302048653164453,0.5217181752620377,0.5226966422900176,0.5234251326283875,0.5259900007218932,0.531207429038723,0.5376160813887035,0.5431160836138368,0.5447971079083044,0.5456845111887493,0.5479586719508929,0.5492452874911552,0.557297614091249,0.5595678348045179,0.5668151795696583,0.561517614324488,0.5697712522176475,0.5693848455957903,0.559818354549454,0.48428965254872613,0.47917993767256717,0.46960945845996405,0.46806083541515925,0.46616472632166567,0.45866292979069756,0.45560150133807353,0.45479973120762995,0.45590509964747,0.45400893867763537,0.45078318428144803,0.4471089781254062,0.4455282805454199,0.442361461463738,0.4413051790620326,0.4385700031607972,0.43844779269635337,0.4378575011250717,0.4355922760126293,0.4361055991460375,0.4365971512206936,0.43709552162095167,0.4353510736748676,0.4368879496100857,0.4373173480023561,0.4336271242419356,0.43925678434087617,0.437249856328742,0.44161308129772514,0.44172559345855045,0.4399520351445245,0.4380393979554019,0.43901430852241075,0.4383997081024499,0.44185274389670814,0.4446049686349979,0.4415679346591758,0.44361957594243917,0.44233968806064405,0.44311262268917817,0.44727859153104654,0.44219048783928055,0.4450303913516608,0.4415358349129801,0.441517263659999,0.44170107616809995,0.4413760308347232,0.4436218284438813,0.44891439145833845,0.44758903349345075,0.4423585756727717,0.4445438232698489,0.4449637384490827,0.44256927263746226,0.43908782048215034,0.44197947459111886,0.4425585077461623,0.44160518172819835,0.44099097697701406,0.44283463218522273,0.44161952231871104,0.4423901627847396,0.4412811768937771
2002-03-31,0.6026746915766642,0.6146127129499293,0.610241999717799,0.5947715112954332,0.6213973844951888,0.6181658296256394,0.6034930987714637,0.5987273101683674,0.6000400585378503,0.5959877969193303,0.5876823204693754,0.5789828447307154,0.5714344690475055,0.5586706124897433,0.5498591369285821,0.5508907664767011,0.5516244553289726,0.5543050448955239,0.5597958230363298,0.5664197085765957,0.5722473708954962,0.5739805110240798,0.5748391712566454,0.5772265034518518,0.5785013992533292,0.586908275637392,0.5892021832405285,0.5968033683121464,0.5911768368028123,0.5997416301198398,0.5993390942917539,0.588995248823991,0.5101289392665865,0.504835714403928,0.4949570144959933,0.4934421849902695,0.4914775865207537,0.483748953073201,0.4805648311992179,0.47981473003803654,0.4808949433877352,0.4789853210980597,0.4755473773186954,0.4717286266376235,0.47008792739169786,0.4668013393979312,0.465665362042784,0.4629174767398919,0.46274459505341403,0.46210897344306634,0.45983757385113433,0.4603602968871662,0.4608196933928729,0.46134104133256515,0.4595691729624353,0.46112941178496797,0.46152035878707054,0.4578211007027507,0.4634797802712064,0.46144225393698524,0.4658269331892705,0.4659418143044387,0.46414894739656976,0.4622324586838683,0.4632072947973568,0.46257965906432774,0.4660525990281289,0.46880327037891006,0.4657473956558405,0.4678158852942693,0.46652415343059106,0.4672977576187385,0.47147906806151774,0.46635703683769103,0.4692264809832585,0.46569933919036477,0.46568055319325685,0.46586677669644727,0.4655372288052121,0.46781267076458555,0.4731289497054162,0.4717851452381505,0.4665223505752061,0.46872489690118413,0.4691466473726311,0.4667387966485282,0.4632384911811138,0.4661604954845061,0.46673481439512843,0.46577926117261215,0.4651640124150599,0.4670242551615017,0.46579758004933913,0.46657609067670097,0.4654560383313766
2002-06-30,0.5999122197045754,0.6130495792366342,0.6097834786233306,0.5954930416199944,0.623853475033834,0.6491147739224961,0.6230780288809437,0.6150559675018841,0.6149626795462171,0.6103169355289145,0.6016293091445779,0.5928795029380726,0.585095305023038,0.5717689385337111,0.5626132606411671,0.5636931383676824,0.5644383844727555,0.5672275118451519,0.5730207744147323,0.5798640559918922,0.5860251061583506,0.5878152459639804,0.5886459773977455,0.5911550872346316,0.592405754235112,0.6011907138107548,0.6035073813864839,0.6114845616736796,0.6055265323830974,0.6144086851278416,0.6139924861934373,0.602819037059563,0.5204397474251303,0.5149562349412231,0.5047557185744713,0.5032803301136881,0.5012459141557064,0.49328552485233224,0.4899705985448216,0.48927733897735004,0.49032812352575306,0.4884052252038843,0.4847415189904275,0.4807717888723567,0.4790647326341281,0.4756499803308182,0.4744286619771526,0.47167148470444753,0.47144058638942965,0.470753195480465,0.4684786931291718,0.4690068285437365,0.4694291661546976,0.46997392912287606,0.46817202244651646,0.46975139803559096,0.4700998930276865,0.46639979962650696,0.47207021380771597,0.47000394809053814,0.4744006317991478,0.4745094767726262,0.47270116525586486,0.47078256084293146,0.4717514622521252,0.4711116654999354,0.4745935411173667,0.47733709724352036,0.4742654249852598,0.47634384912947647,0.4750426675496297,0.47581510259685633,0.48000078985186784,0.4748531231329707,0.4777440100460711,0.47419407087148846,0.4741751126963506,0.4743634577941528,0.47402984712054097,0.4763290987644184,0.4816584671399172,0.48029925744075164,0.47501344998489003,0.47722940358031984,0.4776523943633647,0.47523487568263406,0.4717216267828917,0.4746690914680355,0.475238320336671,0.4742816861520075,0.4736666949228491,0.4755409046419975,0.4743044572197078,0.475089796663257,0.47396060911460564
2002-09-30,0.5971221136992853,0.611338027630409,0.6089965756903832,0.5956405492333656,0.6256983228124905,0.6510704646189471,0.5709251917425946,0.5540517809177883,0.5501934036920204,0.5444201635441333,0.5354072446756937,0.5268546972581039,0.5188364068829481,0.5049486895845376,0.4954493253150119,0.4965832745669026,0.497332528564817,0.5002368369131874,0.5063408354545859,0.5134098695632721,0.5199326488704086,0.5217823004275386,0.5225814934165725,0.5252223386039669,0.526448222275963,0.5356287764964696,0.5379652186202353,0.5463408001509638,0.5400245262853356,0.5492379914609982,0.5488046196854224,0.5367339865096019,0.450659337876071,0.4449785022468956,0.4344485991883996,0.4330205627755851,0.4309136660324382,0.4227172127416787,0.41926363372801995,0.41863556326126183,0.4196527193074642,0.4177186562682059,0.41381292592514274,0.40968500411526004,0.40790893362004943,0.40435982349922284,0.40304663833524546,0.40028540877660296,0.3999904780065998,0.39924991220257355,0.3969774350935108,0.3975110152351435,0.39789144635629314,0.3984600617987788,0.39663169004994137,0.39822842005006864,0.39852926694684665,0.394838861894942,0.40050698545882146,0.3984162955354301,0.4028157119258795,0.40291948742491174,0.40109885610031426,0.399182168399842,0.4001438735961888,0.39949310340263094,0.4029760530379068,0.40570586626926586,0.4026259707036875,0.40471080201423626,0.4034032440712962,0.4041721814642744,0.40835443577133756,0.40319181603017185,0.40609875041253835,0.4025332001166681,0.4025140993349238,0.4027042616869231,0.4023670266550341,0.40468485726319825,0.410016745471079,0.40864505998693024,0.40334559868395364,0.40557106661049125,0.4059946889472881,0.40357129622839416,0.40005107394629935,0.4030189987269429,0.4035827410895588,0.4026261900911137,0.4020127386565897,0.40389823845608946,0.40265381413967893,0.40344495765993155,0.40230860646035127
2002-12-31,0.5942914351597838,0.6094646245781314,0.6078814676241521,0.5952460424513131,0.6269705245319186,0.6524597306506533,0.5733717028644465,0.5150211133776597,0.5014609980959469,0.4932003630284149,0.48424740407408284,0.4764768120062213,0.4682593331158047,0.45384758383711143,0.44401292829527533,0.4452053711801697,0.44595033833879455,0.44897266319964874,0.4553966181459162,0.4626968891564837,0.4696086470252925,0.4715218367461824,0.4722876197491406,0.4750715575225819,0.4762716212802822,0.48586683658453345,0.4882206266032134,0.4970176222644911,0.49031852504731305,0.49987709375829903,0.4994234164679111,0.4863874657518573,0.3964242701179736,0.3905385157350813,0.3796703664810906,0.3782974812979618,0.3761153788439091,0.3676779684209779,0.3640775630431678,0.3635226569628626,0.3645023326655604,0.36255879884694847,0.3583944771120915,0.35410065791679113,0.3522520242029278,0.3485617266776046,0.34715010569859817,0.3443897246931724,0.3440245372797457,0.34322886534861896,0.3409633051242694,0.3415018546120673,0.3418356237998078,0.3424286551168977,0.3405766422046757,0.3421886520599865,0.3424370455902158,0.3387665380575636,0.34441792515591846,0.3423069096347144,0.3466997173113766,0.34679822364977564,0.3449685470497965,0.3430575462283143,0.3440102277222556,0.34334967789083576,0.34682547337472097,0.3495350989941758,0.34645400386037284,0.3485412088676111,0.34723027897393816,0.3479934378105577,0.35216402882194464,0.34699694809131953,0.34991408603351304,0.3463405276831858,0.34632130587575294,0.3465129667169238,0.3461725509841366,0.3485041018396196,0.3538278970562865,0.3524464998786093,0.347142826893858,0.3493739072341,0.349797490028977,0.3473720742336232,0.3438509372374139,0.34683422901076094,0.34739205247310945,0.3464367572276038,0.34582612947918673,0.34772019983910707,0.34646961040114865,0.347265528155708,0.34612402606129755
2003-03-31,0.5914138652149914,0.6074246334215359,0.6064469279291137,0.5943466041500186,0.627710365972834,0.6533307549844263,0.5752346454490971,0.5171917916238109,0.3603184808767061,0.34583113981114827,0.33822905146632026,0.3327235415972521,0.3244680502063569,0.3096649611039195,0.2995231140502398,0.30077651595226257,0.3015060659229732,0.3046453386665212,0.31139770501667385,0.3189331914457098,0.3262618928081973,0.328244217350194,0.32897642288235646,0.33191637464822327,0.33308978521908217,0.3431200169548613,0.3454891583501442,0.35473119428155414,0.3476255859544999,0.35754329204660285,0.35706623284647043,0.3429954613285812,0.24893940099113682,0.2428405594051737,0.2316243392081622,0.2303144076175226,0.22805424975407623,0.21937043818044583,0.2156147169289967,0.21514073978938916,0.21607943748492486,0.21412779957630815,0.20968787344738465,0.20521991556279384,0.20329446974719248,0.19945562735080302,0.1979389075378596,0.1951840221935734,0.19474220545572987,0.19388923832731322,0.19163535153456868,0.19217809636548921,0.1924605307560818,0.19307866526158346,0.1912054111663229,0.192830462055043,0.1930219112087051,0.18938131746686807,0.19500126954183308,0.19287393601086694,0.19725073744666272,0.19734310271420857,0.19550776074732934,0.19360607544852693,0.19454758341451167,0.19387846670079897,0.19733867800640129,0.20002180635495298,0.19694621693177902,0.19903144428778127,0.19772011051275126,0.1984752302283045,0.20262567894521016,0.1974645628706315,0.20038576105663705,0.19681206862811285,0.19679274022586712,0.19698556581283636,0.19664242031303622,0.19898314400398404,0.2042881935507994,0.20289972187924282,0.19760137214442225,0.19983413804463407,0.20025694559653212,0.19783340617298895,0.19431749644579036,0.19731095425183665,0.19786239353766794,0.19690953197564331,0.19630301448998977,0.19820288726872726,0.19694796964986178,0.19774762385861433,0.1966030267518358
2003-06-30,0.5884881585099868,0.6052200664472405,0.6047082668895944,0.5929827549727394,0.627959074052451,0.6537298873032481,0.5765632414149335,0.518920452336366,0.36360928934857195,0.2756025427997981,0.27289495949412657,0.2736243887290033,0.26587444245704717,0.25107569215735026,0.24070275443063682,0.24201350865117544,0.24270933888907714,0.2459593629058213,0.25304526768703156,0.26081735821100843,0.26859403682529576,0.2706527812170037,0.27135295523211633,0.27446361795275936,0.27561056767534947,0.28609715368584265,0.28847992715536735,0.29819123821200033,0.2906548225178669,0.30094642420082285,0.3004425884726011,0.2852651798264657,0.18690045764481175,0.1805797777907852,0.16900508098323677,0.16776604533207673,0.16542478240456404,0.15648861815575876,0.15256879360031142,0.1521834897495998,0.15307807197021248,0.15111948320984475,0.14638633747065882,0.14173542100113593,0.13972844444299515,0.13573330866172542,0.1341046797283135,0.13135978985976682,0.13083490221056268,0.12992250660353472,0.12768503688358548,0.12823115155472758,0.12845765939028855,0.1291017061389094,0.12720956921579382,0.12884540872980113,0.1289756567870121,0.1253749410923913,0.13094870944508566,0.1288091237345984,0.13316048064791858,0.13324574016182006,0.13140816893138785,0.12951942693710183,0.13044757475135207,0.12977113998507137,0.13320732938970095,0.13585772611185917,0.13279430411762277,0.13487310023313387,0.1335643340986059,0.13430914388978932,0.13843092281586517,0.13328627484741207,0.13620526251466253,0.132639413691175,0.13261998603083508,0.1328136269172774,0.132468210913063,0.13481385905366694,0.14008947670600014,0.13869645769540298,0.1334130626125065,0.13564355452318727,0.13606478499046876,0.1336470664039012,0.13014260651484102,0.1331409109280063,0.13368546918344928,0.13273622299865434,0.13213510470044684,0.13403795886846456,0.13278057954426054,0.13358292382071238,0.13243733255464962
2003-09-30,0.585516869592446,0.6028580558461036,0.6026855988563753,0.5911970760965494,0.6277581555580196,0.6537015369216536,0.5774052766956562,0.5202427964100933,0.36684711865636166,0.2796502431215208,0.31176250876731615,0.3298630219561106,0.32418046846947424,0.3105238296341644,0.30011549908243196,0.3014576214076543,0.30208455835777953,0.30542821576966783,0.3128460413853065,0.32085143343729033,0.32911204247151793,0.3312566029871628,0.3319284057230742,0.33522652535534053,0.33634857194223483,0.3473138854031593,0.3497088042184717,0.35991423740594775,0.35192173262807225,0.3626028664059234,0.3620684363760758,0.3457099437983331,0.24280873999074137,0.23625686648930058,0.2243127793468791,0.22315275895151404,0.2207271206870172,0.21153213730431597,0.20743911926823455,0.20715025191187286,0.20799795939032645,0.20603337620518794,0.2009887415355452,0.19614543891931432,0.1940517783151482,0.1898922288116363,0.18814471841423525,0.18541419306342705,0.18479974192616277,0.18382591631442502,0.18160961998214595,0.1821582815900306,0.1823243568702575,0.18299525017770774,0.18108663291146182,0.1827310288508271,0.18279604623161014,0.1792451479423755,0.18475798109532202,0.18261030335130626,0.1869267411207012,0.18700396582969964,0.1851676479091285,0.18329550695268323,0.1842081356288667,0.18352567276551823,0.1869294407915525,0.18954093919447487,0.18649636143291193,0.18856421710467158,0.18726100210676339,0.1879932139105382,0.19207779344316145,0.18696022838006954,0.18987064277338206,0.1863206828814006,0.18630115606615244,0.18649524631850437,0.18614802821142334,0.18849465501757398,0.19373012386927302,0.19233497693413187,0.1870762672968568,0.18930048940511515,0.18971927146463008,0.18731136178556623,0.1838246551109454,0.18682236096400398,0.18735950936165424,0.1864150628505014,0.18582063491657666,0.1877235938724959,0.18646565139135424,0.18726963023400617,0.18612519248679837
2003-12-31,0.5825053099929615,0.6003494991164898,0.6004023953547317,0.5890330636995469,0.627148823484909,0.6532880680891064,0.5778068620061303,0.5211938514884473,0.3700165910885487,0.2837464309439341,0.31495162012996175,0.36245340848248064,0.363023336031833,0.3537789680807323,0.34384363153854597,0.345116528984871,0.34559631791721207,0.34898783437224656,0.356721031735153,0.3649475856744939,0.3737353203172367,0.37597792614221565,0.37662781966463227,0.38013255962350523,0.3812328897411804,0.39270054734296866,0.3951063424309539,0.40583135805635434,0.397356447192102,0.40844369481994963,0.40787440096875927,0.3902576038916624,0.2825794428832352,0.2757863902714177,0.26346147211353865,0.2623887717049691,0.2598752638456657,0.2504144570517529,0.24613884106481915,0.24595418636105928,0.24675265987623343,0.24478282984950048,0.23940776211993717,0.2343620130453815,0.23217605747958192,0.22784358677881128,0.2259700573940196,0.22325812479359655,0.2225475666457608,0.2215104471323147,0.21932009029383157,0.21987047542055602,0.21997170485901194,0.2206705095652616,0.21874785668960078,0.22039859611737656,0.22039459547947604,0.2169034224930468,0.2223405674156868,0.2201890549787969,0.224461063545883,0.22452935476559596,0.22269782142063507,0.22084596751954627,0.2217409446136163,0.22105378636128664,0.2244167736805126,0.22698328250363162,0.22396423561503928,0.22601658227002083,0.22472191326668878,0.2254392216931335,0.2294780707270736,0.22439831584276473,0.2272936968404195,0.22376774202418925,0.22374810870414022,0.22394226506310105,0.22359372315196535,0.22593769514355003,0.2311222692179427,0.2297273034256102,0.22450311233941755,0.22671703028126267,0.2271324191332804,0.22473834949181304,0.22127578162780637,0.22426731150047471,0.22479648823929602,0.22385802733116936,0.2232715831695699,0.22517171241005868,0.2239151393895587,0.2247196877198383,0.22357859996950252
2004-03-31,0.5794607004172139,0.5977079403505087,0.5978842871331872,0.5865341889768083,0.6261715091126792,0.6525297070354805,0.5778122187647471,0.5218077064464447,0.3731054088054405,0.2878820772899376,0.31821518394649206,0.3657263742476288,0.36631871700566454,0.3709907229213199,0.3628897186601391,0.3637557258547225,0.36389339566040074,0.36720565622498197,0.3752004450646561,0.3836179261940496,0.3929866194319465,0.39534354532062027,0.39598184206716186,0.3997152962900174,0.40079910958232595,0.41279427634205584,0.41520988184896934,0.42648054570735777,0.4174958414767762,0.4290068083342456,0.428397900171579,0.40944265750480147,0.2967337223224296,0.2896888482280546,0.2769711071198413,0.27599422474409496,0.2733891288517741,0.2636549321293554,0.259186987616173,0.259114325492253,0.2598616283417039,0.2578870764280461,0.2521619387746168,0.24690302540066486,0.24461867918820596,0.24010437565289877,0.23809752276974064,0.23540825861582693,0.23459499850827242,0.2334928604239977,0.23133321437579424,0.23188449203985245,0.23191656296920046,0.23264447987158154,0.23071027085326876,0.23236515661678508,0.2322886105237678,0.22886703040863707,0.23421373044055166,0.232062738965926,0.23628077314370186,0.23633924812853102,0.23451608273661578,0.23268822638477937,0.23356344040742072,0.23287296384859416,0.2361868500335462,0.23870236224345268,0.23571553334246342,0.23774773538930738,0.23646461755804304,0.23716470027348338,0.24114928337044583,0.23611817781942793,0.23899195921703467,0.23549820284409395,0.23547844795616585,0.2356722689422507,0.23532289220196945,0.23766090062892228,0.24278380611060602,0.2413912162558119,0.23621148233497058,0.23841102109885925,0.23882199425562023,0.2364458387299178,0.23301387943693047,0.2359935169071021,0.2365141260216152,0.23558283740794006,0.23500567263730993,0.2368999773026116,0.23564674236393457,0.23645078507889408,0.23531529475059848
2004-06-30,0.5763914876320795,0.594948653879738,0.5951580823435652,0.5837431393371307,0.6248654559608722,0.6514644667277116,0.5774634973579671,0.5221172786161385,0.3761039921651735,0.29204646145465407,0.32156078132305405,0.3690936781300135,0.36979925342400344,0.41724889818247557,0.41478355575876374,0.4141533155428807,0.41342451344831477,0.41629591449208503,0.4243980800719609,0.43293465636776624,0.4429536877917016,0.44544755579692596,0.44609012932252545,0.450078060178796,0.4511531756110351,0.46370299504610796,0.4661275328317158,0.47797049358904076,0.4684474726110375,0.4804008990735005,0.4797471019253232,0.4593701758877444,0.34136257122766583,0.33405454867480167,0.32093142441914857,0.3200590628069133,0.317358438057516,0.30734269875811493,0.30267235805134335,0.3027194656744888,0.30341410619283615,0.3014351230458262,0.29533956709887976,0.2898560893080941,0.2874667485556126,0.28276128262932915,0.28061363285952134,0.2779509504198769,0.27702834352229644,0.27585960843965635,0.273735447193817,0.27428677558017134,0.2742454845618615,0.2750038557225675,0.273060603609988,0.2747174529631721,0.27456511120766147,0.2712229446173442,0.2764644402151993,0.27431842764301495,0.27847290722556073,0.27852069371049293,0.2767095348108002,0.27490940946810294,0.2757627687016916,0.2750703973947011,0.2783269024287768,0.2807855030081207,0.2778375748948664,0.2798449250024534,0.2785763736365603,0.27925689122486425,0.28317866851259044,0.27820716556423497,0.2810526684727246,0.2775993855146527,0.2775794860030891,0.2777725509639168,0.27742283988438365,0.2797519145243483,0.28480235066467485,0.2834142129727448,0.27828898401459934,0.2804700256879227,0.280875478573285,0.27852135436034414,0.2751265599181723,0.27808844227395846,0.2785998523437381,0.2776769226616659,0.27711033510856836,0.27899575727075615,0.27774786708730786,0.27855031857458235,0.27742272639015864
2004-09-30,0.573306800007022,0.592087901087225,0.592250971667132,0.580701218229382,0.6232683904014127,0.6501280927392448,0.5768006313851666,0.5221541175950336,0.3790051411216686,0.2962278448668025,0.3249896775215902,0.37256064035337855,0.3733095813422334,0.4204004716338299,0.41934998138472634,0.41368967764324766,0.4106053028003077,0.41200321094643155,0.4197687187252135,0.4282462558175091,0.4390075712801157,0.4416724584467664,0.4423438268292793,0.44661677663981236,0.4476945905802131,0.4608287982878213,0.463261565325558,0.4757040081282313,0.4656129246461198,0.4780288398586876,0.4773242966227995,0.4554391547382076,0.3318501113253868,0.3242668995329428,0.3107252509467917,0.3099663311783476,0.3071660199217452,0.29685997543656023,0.29197682369204264,0.29215147000630615,0.2927924240376367,0.29080905553284364,0.28432200357001536,0.27860185481488087,0.2761003860509986,0.2711939990318601,0.2688979086979057,0.26626554983456857,0.26522690453601194,0.263990150624545,0.2619062496181025,0.262456774741792,0.262338036940279,0.26312835082778024,0.2611786047896562,0.262835248953553,0.2626041562122602,0.2593511715414102,0.2644727022837526,0.26233623466645206,0.266417544189118,0.26645377970425466,0.2646583240673076,0.2628896859469567,0.2637191196162493,0.2630263260619462,0.2662172131731093,0.26861308644417403,0.2657107353742243,0.267688451132271,0.26643749199873956,0.26709608749515124,0.270946515841245,0.2660456870088507,0.2688561140668636,0.26545166469243386,0.2654315892224933,0.26562345731774195,0.26527392483082846,0.26759144855628775,0.27255858812805467,0.27117685582919654,0.2661162931292751,0.268274674343811,0.2686734156455872,0.2663454834620292,0.26299449945947684,0.26593260973771393,0.2664341525062611,0.26552076755480125,0.26496605729963135,0.26683947293980964,0.2655989744864234,0.26639873805569464,0.2652814006142933
2004-12-31,0.5702160194040151,0.5891423349390108,0.5891898944451043,0.5774478828632417,0.6214162628292574,0.6485540317132575,0.5758612289457563,0.5219482468276935,0.3818037217342918,0.3004140079526235,0.32849825644062314,0.3761257710785545,0.37686806459967515,0.42354184059550554,0.4228528534760206,0.37032543645364724,0.36045452032235425,0.35742341651167886,0.3635174506557909,0.3714683009528186,0.3830965150679312,0.3859908567258066,0.38673024145772866,0.3913253705409338,0.39242239450855215,0.4061741789953941,0.4086146362201797,0.4216841959512594,0.4109939833023929,0.4238939184717233,0.4231321128946952,0.39964871818951087,0.2701797304934076,0.2623085430775606,0.24833463653135915,0.24769831264749764,0.24479395180831612,0.23418820530256423,0.22908147160522585,0.2293914115504945,0.22997814465744548,0.227990181916711,0.2210898118389571,0.21512015628786235,0.21249887590245048,0.20738137087094116,0.20492902567488597,0.20233055203283035,0.20116913432387715,0.1998631083730673,0.197824243590001,0.1983730983486661,0.19817295779964142,0.1989968541913421,0.19704320356145863,0.19869748722423355,0.1983850016886588,0.195230910107235,0.20021771663505752,0.19809547503912325,0.20209396302848984,0.2021177954884992,0.20034180156658615,0.1986084298937731,0.19941188998042472,0.19872019837772079,0.20183727697704998,0.20416471389654742,0.20131460826077713,0.20325782889785501,0.20202749894811448,0.2026617972067953,0.20643233142232384,0.20161337175362343,0.20438180102654055,0.2010346344864088,0.20101434315971098,0.20120455227766493,0.20085572479765987,0.20315944859644489,0.20803243776239458,0.2066589366583905,0.20167332012317282,0.2038048290911829,0.2041955758079806,0.20189804050936672,0.19859760512469135,0.20150576334769232,0.2019967322471899,0.20109407622560266,0.20055254572281309,0.20241076134289548,0.20117974441308628,0.2019757116071548,0.2008710442321554
2005-03-31,0.5671284503032915,0.5861285300480193,0.5860010427858989,0.5740204008778456,0.6193430527976276,0.6467734224904592,0.5746805002007067,0.5215280422934147,0.38449637863418007,0.3045926729035714,0.3320792266932799,0.37978238880160675,0.3804840610158409,0.4267028920080739,0.42630496554049163,0.3736353558605901,0.3187657169715239,0.30267795127149727,0.30291996303147933,0.30906995292040246,0.3217346010894013,0.32497576814969104,0.32584970341494474,0.330814397915294,0.3319547915597446,0.3463619308046201,0.3488096680952326,0.36253426831698315,0.35121242779423684,0.36461971941012056,0.36379337260987477,0.33861797464926807,0.2029538647794356,0.19478113351908036,0.1803606304463364,0.17985630359282068,0.1768433442185452,0.1659278394895604,0.16058638979470585,0.16103935758422794,0.16157184656030504,0.15957881636574547,0.15224255120661445,0.1460098030244399,0.14326045738621418,0.13792119273316136,0.13530460901789798,0.13274339312778516,0.1314524324166878,0.13007606314661113,0.12808701040730866,0.12863331349317467,0.12834795443069333,0.12920722894144976,0.127252308189108,0.12890208853935636,0.12850590184864596,0.1254603524580558,0.1302976778313298,0.12819446616955915,0.13210044374619034,0.13211103219997922,0.13035832414505025,0.1286640216485076,0.1294394848049416,0.12875047410024842,0.13178560236721104,0.13403900793365287,0.13124780737313832,0.13315159006374666,0.1319449384747372,0.13255254540624434,0.13623463901285607,0.1315088734318577,0.13422825154948645,0.1309469107852271,0.13092635486383014,0.13111442046141664,0.13076683906619557,0.1330548973139538,0.13782285476162548,0.13645927889450052,0.13155901312819507,0.1336593861556195,0.13404075828319842,0.13177786971353322,0.1285348175632794,0.1314066710188995,0.13188631959512398,0.1309955743605402,0.13046852865711678,0.13230827745696438,0.13108887751705245,0.13187992726749853,0.13079040716446913
2005-06-30,0.5640530697957629,0.5830626189323103,0.5827094832469312,0.5704536087515881,0.6170806313209973,0.6448151089651548,0.5732912191816614,0.5209201463706103,0.387081273450302,0.30875183137876827,0.33572262977819484,0.3835199794727935,0.3841598729636391,0.42990229187128715,0.4297418039985532,0.377081930109079,0.322887998864274,0.3107382691106909,0.2918544302784782,0.2926721629593981,0.30658026971136426,0.31043653896751805,0.3115667542018933,0.316967199087435,0.31818706053875667,0.33329317303716594,0.33574773953191217,0.3501552791560534,0.3381677442865545,0.3521079775006574,0.3512089029445895,0.3242438507282041,0.18205175308417085,0.17356308407309728,0.15868102420900376,0.15831835409603642,0.15519209192351185,0.14395608667821086,0.13836841961193375,0.13897212071749704,0.13945087372175452,0.13745202948896368,0.1296565334050378,0.12314633922090867,0.12026008587778333,0.11468797236244499,0.11189900052132576,0.10937821676533593,0.10795091351320973,0.1065033263489597,0.10456886073765578,0.10511171528172247,0.10473747473364,0.10563408277826392,0.1036805775022715,0.10532372260633069,0.10484188130785171,0.1019144564196508,0.10658754666578563,0.10450830060121286,0.10831203928129579,0.10830855467167436,0.10658302705772676,0.10493162070128953,0.10567709019003446,0.10499239746694869,0.10793748440931236,0.11011138519619576,0.10738574017137434,0.10924505579405974,0.10806514540559503,0.10864364706615898,0.11222875245226002,0.10760764332864944,0.11027077766340224,0.10706390483946965,0.10704302648578651,0.10722844034165965,0.10688266212604311,0.1091535879723077,0.11380560313277127,0.11245351065731135,0.10764913223596637,0.1097140495853178,0.11008456438130704,0.10786061848523965,0.10468188514753946,0.10751089752452206,0.10797843775177005,0.10710078209869864,0.10658952917769665,0.10840746671123319,0.10720186816781027,0.10798686575720984,0.10691503553958498
2005-09-30,0.560998344436433,0.5799600176293251,0.5793388780582021,0.5667797564211374,0.6146586735682966,0.642705673041732,0.571723716997983,0.5201494141324189,0.3895578486103727,0.3128799930813412,0.3394166768439413,0.3873253291097977,0.38789239098875633,0.4331497779551487,0.4331866400756684,0.3806683890590177,0.32718802994798685,0.3122745492700385,0.19162932792395404,0.17718624234290326,0.19242529586507762,0.19755174890216545,0.199185434543306,0.2051288299683527,0.206483565103265,0.22233858733657613,0.22479877098625728,0.239916459017043,0.22722739493216668,0.24172907110059022,0.24074796258477305,0.21189157499717123,0.06281984049464134,0.053999957309822266,0.03864073182521077,0.03842964163584034,0.03518526241448272,0.023617298634795114,0.017771545665602906,0.018533647166920908,0.018959721477671165,0.01695403508993104,0.008675218319938893,0.0018724442287205156,-0.001160165176757877,-0.006976662578717652,-0.009946331857062951,-0.012423716427341636,-0.013994180724953065,-0.01551364707596059,-0.01738875162626441,-0.016850259733439732,-0.017316877813513598,-0.016380817873414666,-0.018330163644430963,-0.01669577729904076,-0.017264848509860653,-0.020064637904610383,-0.015570534253093404,-0.01762073708918216,-0.013929008590134684,-0.013947382604952263,-0.01564175919654992,-0.017246417172266215,-0.016532909491366488,-0.01721158521327426,-0.014364578368597725,-0.012275526580454,-0.014928974614977442,-0.013119246364381998,-0.014269337110467573,-0.0137223756127689,-0.010242807795542319,-0.014747651563365438,-0.012148101862976102,-0.015271758711799421,-0.015293026672165755,-0.015110797804478993,-0.01545419816615401,-0.013201457370560665,-0.00867632725317835,-0.010015517910433758,-0.014713331716208145,-0.012688250756911601,-0.012330185003570693,-0.014510844750445173,-0.017618217394650637,-0.014838778242233563,-0.01438417777323675,-0.015247568803302358,-0.01574171752246234,-0.013949018317184647,-0.01513857835018284,-0.014360782562609975,-0.015412310908787807
2005-12-31,0.5579721019937579,0.576835226026553,0.5759112899944802,0.5630284241743108,0.6121046153528628,0.6404694856189301,0.57000590309942,0.5192388888440163,0.3919266155285429,0.3169663686425961,0.34314843719970783,0.3911834592189035,0.3916744700862974,0.4364481015065157,0.4366530168322061,0.3843904545816933,0.33165715019995334,0.3140993575774048,0.1950248885302059,0.13592133029862374,0.1516179622387032,0.15965490482275704,0.16238019132902554,0.16906941166789333,0.1706460615280378,0.18730262829888047,0.18976369965590645,0.2056164832325622,0.1921879015835957,0.20728347680737905,0.2062095851827575,0.17535613614451262,0.01903316425644097,0.00986582938136743,-0.005986866371195165,-0.006036198220553679,-0.009403553742957593,-0.021315684782817756,-0.027431752588473635,-0.0265036336972313,-0.026128617768148454,-0.028142462846508676,-0.03692942682980771,-0.044040702031771906,-0.04722973633469574,-0.05330259020389505,-0.056461415995319786,-0.058892651009175456,-0.0606131008307339,-0.06220487559001264,-0.06401584653107478,-0.06348265071397918,-0.06404495943459293,-0.0630671642754902,-0.06500953912838114,-0.06338603014821786,-0.06404350308442097,-0.06670622156841888,-0.06240585520335784,-0.06442178337470517,-0.06085188358854593,-0.0608859496947432,-0.06254512202084395,-0.06409915266003441,-0.06341954427192403,-0.06409043773956236,-0.06134949701067682,-0.059350501547344225,-0.0619251191670675,-0.06017019544202229,-0.06128736992467165,-0.06077440574932663,-0.05740892814647136,-0.06178574017645311,-0.059257274538904614,-0.06228885349065927,-0.06231058777601972,-0.06213210363118116,-0.06247253207021625,-0.060238599270661664,-0.0558513335116968,-0.05717634716356762,-0.061756767902444,-0.05977597090239101,-0.05943206168811899,-0.06156504244705807,-0.06459389986579567,-0.061870975793635874,-0.061430191841826964,-0.06227814760629258,-0.0627538765730773,-0.060989931095097705,-0.062161158434609176,-0.061391730571755065,-0.062420271195458676
2006-03-31,0.5549814478948052,0.5737016902074651,0.5724470569351998,0.5592264993911711,0.609443647129942,0.6381287732743506,0.568163311007325,0.5182098031942536,0.39418896592355923,0.3210009981911289,0.3469043988802682,0.39507839120875754,0.3954960737639007,0.4397946620702085,0.44014684764144185,0.38823816425733004,0.3362808248368824,0.31620328623721866,0.19878571598588474,0.13950997222075853,0.19956484830789478,0.2147543772098587,0.22025397164416755,0.2281032878637388,0.23003927257017284,0.24753425609422192,0.24997817874783845,0.26658465784255914,0.2523755022048403,0.26810305849281013,0.26692367879743056,0.23396358255272787,0.0699966094778417,0.06046451035687439,0.044101259028546114,0.04422408688597668,0.04072894191554277,0.028459639572780193,0.02206068417895274,0.02316237316078834,0.02348852201351176,0.021464908251726478,0.012144267249056429,0.0047077840051886755,0.0013516244054599946,-0.004989979496765273,-0.008346555947516598,-0.010729117280442013,-0.012606366255834112,-0.014270625094552014,-0.016012691292299208,-0.01548574685662435,-0.01614685805826155,-0.015124878902454897,-0.01705739301684922,-0.015446879958127657,-0.01619349507138329,-0.01870978667630996,-0.014617910828359504,-0.016594165262840188,-0.013155965981868134,-0.013206512102482915,-0.014826336269591178,-0.016325831964755788,-0.015682027553530875,-0.01634330236839293,-0.013716361573993752,-0.01181248519541439,-0.014301644989952789,-0.012606846429405183,-0.013687986460818646,-0.013211500630013362,-0.009968671958787867,-0.014205515121429313,-0.011755803606743997,-0.014686319134178616,-0.01470860617766212,-0.014534454578040035,-0.01487129551548555,-0.012656348156434238,-0.008417968803027698,-0.009727676714241573,-0.01417971213534397,-0.012247720519500627,-0.01191979864128162,-0.014000655856288458,-0.016943723267399347,-0.014284481667958815,-0.013858438503374149,-0.014689793337856805,-0.015145781938557812,-0.013414200541774723,-0.014564738879123462,-0.013804863439188408,-0.014807651496042351
2006-06-30,,0.5705717158218182,0.5689647238943359,0.5553982021239118,0.6066987395998382,0.6357036982120386,0.5662191648663769,0.5170816027351047,0.3963470048426962,0.32497483527428406,0.3506709191251685,0.398993763146556,0.3993452170299323,0.4431828748282448,0.4436681772566603,0.39219740387134555,0.3410403252034223,0.31857158018779336,0.20287868668555226,0.14360242381607616,0.20025398196924432,0.22799776092676782,0.2417033021758236,0.25154408121793564,0.2540512495641656,0.27234086128067725,0.27470401604433237,0.29206517358934225,0.27702886646926206,0.2934348404749971,0.29213446311997204,0.25695477361168123,0.08492868886421784,0.0750132686578876,0.05812144623207122,0.05842698435473773,0.05479940871535119,0.04215907420495135,0.035464345848553847,0.03674707609134653,0.03702711910185841,0.03499183079350365,0.025111334782285888,0.01733216327988707,0.013797539982877804,0.007174398796809589,0.00361136319055555,0.0012797635437664656,-0.0007610657106417729,-0.0024977060174556365,-0.004166097557082027,-0.0036463848634854523,-0.004409187912907786,-0.0033404120329632025,-0.00526008359312119,-0.0036646914967813915,-0.004500726930286414,-0.0068613185193793225,-0.0029926942310037896,-0.004923691931612795,-0.001627126175068494,-0.0016949241394113579,-0.0032711559451219507,-0.0047121778822907245,-0.004106047078038022,-0.00475579002121812,-0.0022507327122302523,-0.0004468860441855238,-0.002843963262650351,-0.0012147218513597347,-0.0022566832622638033,-0.0018191825905964354,0.0012924280510322461,-0.0027923222667246006,-0.00042921972121712226,-0.003249550851034788,-0.003272486931820917,-0.003103285548262835,-0.0034358994253431696,-0.0012396528205873558,0.0028387669509279956,0.0015453439834720584,-0.002767134900072854,-0.0008885522174513216,-0.0005785801258023637,-0.0026028144795570696,-0.00545268769030216,-0.00286453962488209,-0.0024542114475487042,-0.0032678051472788128,-0.003702726488925945,-0.0020072221591305173,-0.00313464721309642,-0.0023855293442593406,-0.0033597151015936078
2006-09-30,,,0.5654810218732702,0.5515651498251228,0.603890695456209,0.6332124490351139,0.5641944632413035,0.5158719880723857,0.3984034038720392,0.32887979436261183,0.35443458050228227,0.40291331963559485,0.40320873588455886,0.44660330558017414,0.44721265059211834,0.39625118418164074,0.34591411922768717,0.3211854618422548,0.20726859491286503,0.148137130156627,0.20160178584690872,0.2294347992022388,0.26345381986181815,0.276930785471846,0.2803259447726588,0.29908724479320775,0.3011624661545989,0.31922989164690013,0.30330733331216325,0.3204507512249341,0.31900956493145094,0.2814948782106824,0.10097124125057352,0.09065244739582495,0.07321285451489323,0.07371166055185197,0.06994735723607726,0.056921182459605396,0.0499175360546118,0.051388676419112045,0.05162593019192191,0.04957676687959012,0.03910967306090468,0.030969586092288726,0.027244522262236615,0.020326703724123873,0.016548414357661412,0.014269817934989437,0.012058687480023367,0.010250075236941991,0.00866012748698236,0.009171599111457651,0.008304462115704736,0.009422807337955752,0.007519068893791725,0.009097199892410757,0.008171963056512799,0.005976259022755004,0.009606855249035706,0.007726900525161617,0.010871828125445626,0.010786024210274248,0.009257741029747857,0.00787916618544382,0.00844579119751987,0.007809576796678708,0.010184913701536624,0.011883979503373054,0.0095856120194725,0.01114374352703923,0.01014413660172192,0.01054011717466874,0.01351192407688534,0.009591596997873209,0.01186003418577719,0.009159158365904085,0.009135467028378419,0.009299068723760628,0.008971348321632655,0.011149659555947267,0.015056984327766865,0.013780672612001332,0.009619118623408696,0.011439597052516404,0.011729515888739994,0.009766462445345958,0.007017328153778923,0.009526707136475743,0.00992029342515649,0.009125615265969667,0.008713095902377677,0.010368698639142693,0.009266885832116878,0.01000401764243597,0.009061375622145151
2006-12-31,,,,0.5477464527540903,0.6010382222915382,0.6306713399840085,0.5621080767496714,0.5145969725103925,0.4003612729732236,0.3327087689490391,0.35818246653542024,0.4068212932605237,0.40707290770770604,0.4500446046088349,0.45077272901028076,0.4003806942082221,0.3508790102108398,0.3240232681937667,0.21191919195137954,0.15305505801423247,0.203542820620647,0.231530174445214,0.2645374643699792,0.29346138897052176,0.29825866778477145,0.3163210233772674,0.3174837465772824,0.33607019058901094,0.3191692727442048,0.3371270706971857,0.33551802714709067,0.2955515004224611,0.10606814321554436,0.09532406361391743,0.07731591080915523,0.07801829991117631,0.0741135518792132,0.06068564268263177,0.053359758600124374,0.055026550916471184,0.055224852862260254,0.05315932592783196,0.042078446579670026,0.033558513364341236,0.029630400751881225,0.022404469637176294,0.01840208322800735,0.016178273993878056,0.013790216808642508,0.01191038235484082,0.010403647438597952,0.010905834932395941,0.009931998502506367,0.01110283835527548,0.009218252947689909,0.010776956513970981,0.0097632738391637,0.0077415572516018605,0.011119323048815688,0.009296423851612334,0.012279623711602239,0.012175079499192387,0.010699227653900911,0.009387111987361751,0.009912439050223376,0.009291841159519032,0.01152966170300479,0.013119361882530545,0.010926340940005996,0.012407677561909969,0.011453640038088131,0.011805534639642068,0.014628926879762638,0.010885583600777182,0.013051077514942666,0.010479095662179305,0.0104545328316627,0.010611851382256399,0.010289721044254463,0.012451365905223777,0.016176383682675044,0.014917851976215313,0.010918809930961282,0.01267638604612592,0.012943996539067915,0.011046746034518884,0.008406049480693734,0.010828695499066232,0.011204457009096447,0.010429842864775662,0.010041069933168778,0.011652824728757172,0.01057920536868634,0.01130309620938219,0.010395038981381277
2007-03-31,,,,,0.5981580221569971,0.6280949164160321,0.5599768563526694,0.5132709520721614,0.4022240493866008,0.3364556262119931,0.36190236904159334,0.4107026939302204,0.4109239440875242,0.453494267166602,0.4543386891747062,0.4045661602173921,0.35591105840882153,0.3270614175589478,0.21679404063475372,0.1583000575002364,0.2060140835857444,0.23420581059367823,0.2663255060643316,0.29319220979063754,0.2951220299611883,0.30886160213562036,0.3073468872222831,0.32587567922489674,0.3078119231770632,0.32668169637531763,0.3248639936750666,0.2823262253975595,0.08339821004109704,0.07220459574430965,0.05360491137185336,0.05452054809127982,0.05047254443814009,0.03662570120717401,0.02896421770302199,0.03083374825837698,0.03099739260856843,0.028912738859481646,0.017190606528644903,0.008271255600919791,0.004126869971760816,-0.0034208267618432986,-0.007656154129544346,-0.009823662163941316,-0.012395131860979958,-0.014345060049386238,-0.0157638121788497,-0.015271991209502178,-0.016354580573078037,-0.015128178919405766,-0.01699023683908718,-0.015453167076199481,-0.01655395724572739,-0.018392675631976108,-0.015282581520902117,-0.017042158714225597,-0.014230877862292102,-0.01435487430138016,-0.01577366796688784,-0.017015268383513138,-0.016532988485834066,-0.017135781179859644,-0.015043239770517913,-0.013567317272737744,-0.015648335309633443,-0.014249624986780618,-0.015154829747118237,-0.014849621240950461,-0.012183291142353614,-0.0157368313995756,-0.01368280416030554,-0.016116263775646344,-0.016141824491746393,-0.015991508988047798,-0.016307318793465142,-0.014160533812094311,-0.010629129359136125,-0.011869378773696981,-0.01569407839253867,-0.014004316915207593,-0.013761433614675411,-0.015588188052362895,-0.018112577298163568,-0.015784943248022654,-0.015428149562853488,-0.016181556968346167,-0.01654522706725714,-0.014981399942694484,-0.01602415443236438,-0.0153147891333551,-0.01618511175173809
2007-06-30,,,,,,0.6254960644748011,0.5578157493963324,0.511906785073238,0.40399540206993184,0.3401151833148256,0.3655829379121532,0.4145435205299238,0.4147483750778882,0.4569392451459716,0.4578994353220257,0.40878753666316303,0.36098631598785286,0.33027522270544374,0.22185720826702982,0.16381913536663836,0.20895521448929505,0.23738845371628187,0.26872778231504524,0.29373682934778267,0.29399621869767467,0.3008040444318464,0.2917801561263862,0.30857520809818856,0.2889069678207708,0.30879861974414463,0.3067023562840705,0.2614582796265033,0.052581393590179215,0.0409112894172135,0.021694231567464195,0.022831515680062753,0.018638816538077307,0.004354177061149378,-0.0036561118720435104,-0.0015769423036468,-0.0014433111627379924,-0.0035501063257284415,-0.015941025351604243,-0.025279927962235993,-0.029654405256468785,-0.0375376424918471,-0.04201469754104109,-0.044124675187525275,-0.04688584832537379,-0.04890431940862472,-0.05023031652417226,-0.049749989517187454,-0.050943029069562384,-0.049657870018440686,-0.05149384166112925,-0.0499806678104453,-0.051166588025541304,-0.052813388856775334,-0.04998585954246615,-0.051675561544709314,-0.04904651226509238,-0.04919064666866507,-0.05054758949609606,-0.05171456867906882,-0.051277038541315156,-0.05185972510292214,-0.049920200957243366,-0.04856229002987966,-0.05052461652100404,-0.049214528491252074,-0.05006757694770625,-0.049811692534752594,-0.047311122298726305,-0.050661749204033435,-0.048727986024798664,-0.051013079160467545,-0.05103977481494626,-0.05089722149086706,-0.05120594277761825,-0.04907160782191505,-0.04574523698172328,-0.046966891302107405,-0.050605149530164706,-0.04898823783431017,-0.048772678452112084,-0.05052416240315849,-0.05292418371172819,-0.050700183414702726,-0.05036356681808085,-0.05109462981238605,-0.05143182666811258,-0.049920151993956496,-0.05092927348748366,-0.05023575025000371,-0.05106506949507883
2007-09-30,,,,,,,0.5556379207888733,0.5105158787029562,0.4056791501922487,0.34368316963817497,0.3692137827582921,0.41833090755697333,0.4185333415827401,0.4603664316366241,0.4614431520660499,0.41302505262357647,0.36608140244278886,0.3336395664079627,0.22707381850355302,0.1695626490659609,0.21230868809356407,0.2410095936707881,0.27166131109546493,0.295000096156253,0.29374169955850027,0.3007191642367821,0.3423850666328492,0.35257707157767376,0.3301782868823873,0.35119587999418833,0.3486886021120942,0.30052957299746985,0.08118735249031148,0.06901218107673629,0.04914888465927447,0.05051415711961027,0.04617739791449371,0.031433831103030996,0.023061962181220697,0.0253574638020877,0.025465909115010066,0.023333741175295464,0.0102466733894504,0.00046758807142466274,-0.00415138012369809,-0.012383956361549042,-0.01711141052822046,-0.01916293429844579,-0.022119841192300316,-0.0242048369784702,-0.025433302919638356,-0.024965645261957436,-0.02627041684226855,-0.02492318697390211,-0.02672929740287766,-0.025242350153283133,-0.026510708814744932,-0.027956772471207758,-0.025426754697661924,-0.027039704543111942,-0.024603339041185057,-0.024768264767028758,-0.026058372504207006,-0.027146569755809424,-0.02675543956631582,-0.027315592404688838,-0.02553680215130294,-0.024300953618450416,-0.02613785366933552,-0.024922572704515977,-0.025720067506822375,-0.025516185918210033,-0.02319013613352383,-0.02632441765890947,-0.02452002222429206,-0.026646659205592726,-0.026674639331772165,-0.026540649656435433,-0.026841475049187713,-0.024716416871401692,-0.02160662773398636,-0.022809630240310574,-0.02624906589811915,-0.024710155656159305,-0.02452471144071655,-0.026196053311459966,-0.028463431211950163,-0.026352049209770967,-0.026036895933610027,-0.02674448025979792,-0.02705381924672584,-0.02559867402385585,-0.026571299304762874,-0.0258949642317578,-0.026679882564703883
2007-12-31,,,,,,,,0.509108280350189,0.4072791942679941,0.3471561785694367,0.3727855346656999,0.4220532178443588,0.4222668105109311,0.4637630374919662,0.4649578215184962,0.41725963473626265,0.3711739444178069,0.337129454647519,0.2324104807308613,0.17548443039751663,0.21601998144875467,0.24500539627524798,0.2750498151758226,0.2968939843851317,0.2942689121869604,0.3016829582287869,0.3421665593016037,0.32266183677742477,0.29468797094345617,0.316982612147909,0.3138146657786566,0.2622695092584247,0.03194402991121237,0.019241928393523622,-0.0012964216352649993,0.0003005017496688911,-0.004176414543402784,-0.019403374025044717,-0.028148822682502406,-0.02563049432231035,-0.025542475651720742,-0.027703419259422157,-0.041513651197939594,-0.0517540767412446,-0.05663255003011347,-0.06522823911183917,-0.0702146199303722,-0.07220710801171348,-0.0753654473346358,-0.07751444757863662,-0.07864060105026338,-0.07818682872444055,-0.07960411325334821,-0.0781913732758156,-0.07996360668443353,-0.07850528219514197,-0.07985256212226999,-0.08108919667737768,-0.07887165263859941,-0.08040061290430112,-0.07816752788010439,-0.07835385448889565,-0.07957192305539734,-0.08057712427555896,-0.08023398078326816,-0.08076902734481017,-0.07915864739812911,-0.07804872326394041,-0.07975340599744646,-0.07863933936809714,-0.07937779616910967,-0.07922863601419056,-0.07708593163404104,-0.07999010208610191,-0.07832451652694089,-0.08028233543491281,-0.08031176745011476,-0.08018718851354406,-0.08047927544410394,-0.0783591597903564,-0.07547761566491518,-0.07666234447398051,-0.0798903214118516,-0.0784346308899565,-0.07828230733463859,-0.07986851150711982,-0.08199473058118723,-0.08000530447275328,-0.07971299938625093,-0.08039597079368088,-0.08067605907062836,-0.07928196356373762,-0.08021515998554257,-0.07955737282923564,-0.08029435843467325
2008-03-31,,,,,,,,,0.40879945859231087,0.3505316118890319,0.37628987524965307,0.4257000910597897,0.42593772550457326,0.4671168767067587,0.4684316255487616,0.42147322529651554,0.37624290102835106,0.3407204617497055,0.23783561364996528,0.18154184726658762,0.2200377084753785,0.24931663225418393,0.2788233218743152,0.29933707905302437,0.29549329282874204,0.30353984729477074,0.34281714668372004,0.3208661094554904,0.33922597138185767,0.3633985980983138,0.35918016905408,0.3030215772089826,0.06121805281125092,0.04800942959887944,0.026783325556162363,0.028613943690783294,0.024006441851375626,0.00826651745930529,-0.0008633269637909335,0.001884196088282608,0.0019561059847231776,-0.00023713285211057755,-0.014797197469636758,-0.025520881976398124,-0.03067462808321514,-0.039647251137147954,-0.044900983237834535,-0.04683425990023582,-0.050199330886089855,-0.05240930319270326,-0.053428357660472436,-0.052989700615336865,-0.054519651938599034,-0.053037788812955566,-0.05477188215452111,-0.0533446067231792,-0.05476629332377647,-0.05578499809593257,-0.053894793285834686,-0.055332134515793274,-0.05331304881547222,-0.0535213218530029,-0.05466189772500085,-0.055579848230674855,-0.05528619472437962,-0.055793393276559855,-0.05435899945494177,-0.05337866503303679,-0.05494428373830046,-0.053938110301067765,-0.05461394746314324,-0.05452225917906628,-0.05257176866751556,-0.0552317537725,-0.05371478753159287,-0.05549313516145282,-0.0555242163127907,-0.055409944258259514,-0.055692430660936876,-0.053570943560807716,-0.050929359855450995,-0.0520970063856841,-0.05510073644557856,-0.0537334213256051,-0.05361746202177475,-0.05511336252896648,-0.05708964148690876,-0.05523179660491839,-0.05496386398045794,-0.055621081443417486,-0.055870535602279725,-0.05454211476868831,-0.05543294956897138,-0.05479504334396723,-0.05548043311918338
2008-06-30,,,,,,,,,,0.3538076192851763,0.3797195392575951,0.4292624563931575,0.4295361043959981,0.47041657532186204,0.47185325136904727,0.4256490120294233,0.38126879322215357,0.34438908078260594,0.24331967810452265,0.18769581172815347,0.22431371797320449,0.25388859423141247,0.28291781317135617,0.3022541696598815,0.297335100820922,0.30615166941956373,0.34420357243783767,0.32005791955889057,0.3398601297923325,0.3336699934450756,0.32812863863949465,0.2643123018674207,0.010689895821529904,-0.002844123373130669,-0.024693915916003784,-0.022621354851982134,-0.027338305195349744,-0.043627901195830265,-0.05315094627983097,-0.05016792666921355,-0.0501088372184354,-0.05233789928092991,-0.06767387922688028,-0.0789036657438712,-0.08434932409786233,-0.09371273794174273,-0.0992421387150137,-0.10111650050174531,-0.10469308885382889,-0.10696044534883598,-0.107867595365431,-0.10744527401282611,-0.10908724883829946,-0.10753243660951894,-0.10922384298209431,-0.10783005266580264,-0.10932040365661333,-0.11011292020201702,-0.1085647387401234,-0.10990236983559931,-0.10810813720074253,-0.10833881285338431,-0.10939613332571885,-0.11022253774951418,-0.10997977372379097,-0.11045617313436973,-0.10920519849100141,-0.10835792885221951,-0.10977755211417789,-0.10888630456086623,-0.10949581477814918,-0.10946437789018659,-0.10771502256157067,-0.1101164173275253,-0.10875831672206038,-0.11034618625568893,-0.1103791579526977,-0.11027614431347577,-0.11054816402632661,-0.10841601820235613,-0.10602613202779643,-0.10717915524353444,-0.10994577345665624,-0.10867179115714082,-0.1085957150878088,-0.10999589866973514,-0.11181312599642435,-0.11009673071046899,-0.10985488771136759,-0.11048518933485313,-0.11070265198541418,-0.10944460750086143,-0.11029021960054641,-0.10967345862449074,-0.11030344877160642
2008-09-30,,,,,,,,,,,0.38306829612099264,0.4327325167013074,0.43305309307531337,0.47365171670110573,0.4752121162867979,0.4297715840792966,0.38623385341074346,0.3481129915302411,0.24883533267144728,0.19391074207321357,0.22880315380830146,0.258670996776986,0.28727490830252295,0.30557591632939013,0.2997193185496036,0.3093957163311717,0.3462083311004943,0.32009006094023884,0.3410882781148144,0.33394527517893935,0.4127411919662074,0.334331355587475,0.06938240745297619,0.05619032628955978,0.03405488679696145,0.0364137041637661,0.03163668856729096,0.014755446480752776,0.004835716930019884,0.00805991399197925,0.008107379576279328,0.005839417270461389,-0.010294391191690122,-0.02205182341188694,-0.027805907487668313,-0.03757222940243282,-0.04338450208858463,-0.04520050720381358,-0.04899230403352689,-0.051312383938190764,-0.052102664733137516,-0.051698033592603165,-0.05345036135900849,-0.051818935472450534,-0.05346238811692522,-0.052104882814460185,-0.05365671458867777,-0.05421471660705335,-0.05302373786419917,-0.05425269966647028,-0.052694796421772994,-0.05294824237583651,-0.05391595350810424,-0.05464629516996422,-0.05445575965380639,-0.05489808646932931,-0.053838239732496185,-0.053127452486410265,-0.05439374160299759,-0.05362501688525256,-0.05416417414811314,-0.054195891299652244,-0.052657055015015386,-0.054784470167042576,-0.05359631601431475,-0.0549819048815704,-0.05501703364249233,-0.05492631206113663,-0.055186916832480004,-0.053032736581245854,-0.05090690956614913,-0.05204854157662753,-0.054564410304196564,-0.05338893580146842,-0.053356649463500605,-0.05465531355987574,-0.05630371230013309,-0.05473940553845491,-0.05452556816128468,-0.055127733431970416,-0.0553117893939733,-0.054129167510479026,-0.05492652906497253,-0.0543322373867447,-0.05490272121808881
2008-12-31,,,,,,,,,,,,0.4361037103552917,0.43648098413575714,0.47681293435052235,0.478498525382576,0.4338270269669591,0.3911221095280868,0.35187125734548713,0.2543575241259728,0.20015448624823495,0.23346447795886366,0.26361785725989484,0.2918415664658081,0.3092385624709967,0.3025755906102118,0.31316306380460407,0.34872779275858523,0.3208341105843863,0.34278818392784716,0.33486868164386446,0.41468506868330923,0.42714918187010875,0.14586775160298332,0.13508333250353013,0.11402858055954523,0.11661549258240367,0.11199621832660184,0.09490492327312097,0.08482795700376375,0.088221259907041,0.08822972811697147,0.08594670787588754,0.06938670034408112,0.057379675776560446,0.05144275036048224,0.04146595182245577,0.035479048040032046,0.0337477913666277,0.029772871711510662,0.027454621961054027,0.026792070731444573,0.027152327467877546,0.025271020880117123,0.0269271521927249,0.02537732468433518,0.026647920340721,0.025005923455338752,0.024737163243534643,0.02545545631733198,0.024372243908913405,0.02563162262661317,0.025347932566303022,0.02449176586291074,0.02388223179845872,0.02400944182471182,0.023606323049399414,0.024408842188942403,0.02497107005758309,0.023892185726917092,0.024531274262460212,0.02408008366711062,0.023971052178360652,0.025247714992535975,0.02347898741191562,0.02445998160504098,0.023320714581798352,0.023289737621312534,0.02336567033897613,0.02313162994651513,0.024916397587121664,0.026688606964794637,0.025750643119426153,0.02360368738460117,0.02458466263498066,0.024565862622507706,0.023366878852019657,0.02191640002406703,0.023239992746258376,0.023439311352042747,0.0228660369133033,0.02273134231476487,0.023792587764979667,0.02309725101894966,0.023639601963208967,0.023149541090595083
2009-03-31,,,,,,,,,,,,,0.4398132074934208,0.47989196195381856,0.48170377402178743,0.4378029676397787,0.3959194158108027,0.35564446118525544,0.2598635235921124,0.20639821338639905,0.23825945846851515,0.2686873572301167,0.2965698014117894,0.31318367553731685,0.30583817803554847,0.3173571357229854,0.35167060548307133,0.3221778657681228,0.34485689496112376,0.3363176991702896,0.4168499888185516,0.4337238444085303,0.04302789184507105,0.0398236006678781,0.023661777272516615,0.0270077237709877,0.022927154190824195,0.005861717992949544,-0.004197432678441859,-0.0006775333980917342,-0.0007111841122187101,-0.0029701522556412896,-0.019719351136908092,-0.0318077562135729,-0.03785077550652416,-0.04788727133414661,-0.05395874456975869,-0.05556821388191413,-0.05965464580488655,-0.061920426713083565,-0.0624308125129166,-0.062118848133073556,-0.06408032699824329,-0.062421843651787046,-0.0638354706629577,-0.06267514812140007,-0.06435745008958876,-0.06431980859036807,-0.06411030073088603,-0.06500578069668478,-0.06408652901274475,-0.06439659729908015,-0.0651103868080889,-0.06558471586438169,-0.06552214291503095,-0.06587272893510021,-0.06535331489694468,-0.06495394000114829,-0.0658165974736431,-0.06533624660996329,-0.06568008631956235,-0.06587437672430974,-0.06489552995872222,-0.0662532874611087,-0.06551967343478787,-0.06637082251126791,-0.0663985041933533,-0.06634062951006742,-0.0665440925273253,-0.06502344786744257,-0.06364808739656169,-0.06442303825034629,-0.06616252848376769,-0.06538425787833385,-0.06547044580071326,-0.06654835079669558,-0.06776555362694642,-0.06671327221269951,-0.06654024693712579,-0.0670794597782825,-0.06715983405056375,-0.06623371728342464,-0.06682176499802817,-0.06633305603460682,-0.06673004636361207
2009-06-30,,,,,,,,,,,,,,0.48288164896464214,0.4848202054686175,0.4416885792708607,0.4006134409259315,0.35941479015416333,0.2653329179840519,0.21261627968545288,0.24315312528018002,0.2738416854273887,0.3014164027463485,0.3173579031825148,0.3094459111664729,0.3218924555272741,0.35495632283799905,0.3240231984127148,0.347207930906859,0.3381882020076997,0.41914687471028433,0.4392053071699654,0.05691469295688173,0.03509702990184349,0.030851140370287744,0.03664324137799024,0.03325849517983037,0.014391464192721859,0.0034360879747535322,0.007392836650347956,0.007320883291013214,0.00491156881253868,-0.013624359157522026,-0.027027846220699314,-0.03377064439616023,-0.04481013526374028,-0.051510699396609905,-0.05318625759484885,-0.057683211962363534,-0.06014718852628537,-0.06059008090969781,-0.060258970579973425,-0.06238843359849433,-0.06052561053147254,-0.06201270578427631,-0.060786628612094606,-0.06255006297152432,-0.06236020215654986,-0.0623348920774453,-0.06321532689827575,-0.06240732573882163,-0.06273878599187199,-0.06342812269225312,-0.06385298693287195,-0.06382767533045741,-0.06416361594693631,-0.06372123974911137,-0.06341698639207982,-0.06420504202493482,-0.06380795245098658,-0.06412833335888862,-0.06436222387624047,-0.06348467690449311,-0.0647267675155957,-0.06407784839335728,-0.06482402238081009,-0.06486139090995213,-0.06481074446969726,-0.06502569895752464,-0.0631363588725774,-0.06186306107433803,-0.06280760198851154,-0.06447775465067668,-0.06367765506369782,-0.0637839481086091,-0.06478328568275621,-0.06590626532252863,-0.06487466425654548,-0.06473058333434012,-0.06525091431105534,-0.06532341377815176,-0.06440507261167056,-0.06501247635919816,-0.06450948579491061,-0.06488306566748869
2009-09-30,,,,,,,,,,,,,,,0.4878412324193362,0.44547455414269244,0.4051936225819146,0.36316607694252323,0.2707475652284023,0.21878607430457833,0.24811369750037648,0.279046864426019,0.306342661007822,0.3217127364309899,0.31334213056169136,0.3266935491849755,0.35851421484990137,0.3262842480310954,0.3497688841190996,0.3403918119602261,0.42150436426383303,0.44362520534797767,0.0693513121650555,0.04759192999882084,0.020332714973154697,0.03287809314599793,0.0321107754969987,0.011402905565027377,-0.0004887131946893497,0.003945096214978128,0.0037889669486199096,0.0012065313312707993,-0.019308275757158766,-0.034192288002186766,-0.04172584687331754,-0.05390512431430683,-0.06131861078141798,-0.06309047699611603,-0.06806396132127251,-0.070755659278046,-0.07113914344140682,-0.07079042815838199,-0.0731264294683347,-0.07103604699058402,-0.07261651514958833,-0.0713150810615521,-0.07318857085969288,-0.07283909437059555,-0.07300832306621097,-0.07388688768021107,-0.07318647308999876,-0.07354392511493463,-0.07421927465281636,-0.07459400633561719,-0.07460952765923196,-0.07493578317127869,-0.07457057347698359,-0.07435820342818916,-0.07507850775589026,-0.0747567579321401,-0.07506022137698426,-0.07533521368766966,-0.07455561387968923,-0.07568528749076564,-0.07511360550351981,-0.07576251928823868,-0.07580875906925494,-0.0757653051526549,-0.0759909759586288,-0.07383001814731516,-0.07265904560882797,-0.07372877780914355,-0.075321002107131,-0.07451312565519552,-0.07463691551421497,-0.07556461561022804,-0.07659911898476413,-0.07559419099796055,-0.07547432857735942,-0.07597718430400874,-0.07604045930968334,-0.07513339275711794,-0.07575254256267838,-0.07523927422990717,-0.07558963921649742
2009-12-31,,,,,,,,,,,,,,,,0.44915305176705483,0.40965109643055475,0.36688380564818657,0.2760915207272044,0.22488785038369413,0.25311248595134167,0.28427256348442675,0.31131409517536035,0.32620427466297675,0.3174746096928591,0.3316939719470329,0.3622822295519251,0.32888589040583655,0.35247936608209457,0.34285365247268484,0.4238660542680685,0.4470289110068013,0.08041205572089419,0.058783540864208256,0.03178545623917267,-0.02266257325725718,-0.01521433174138026,-0.037238604633723305,-0.050063248810899796,-0.045109437074354275,-0.04542736879021697,-0.04819841601582747,-0.07091939973231798,-0.08749013478957618,-0.0959269904439316,-0.10941438050647856,-0.11764382696668724,-0.11954790890144712,-0.12507490148491712,-0.1280313727678663,-0.12836442911153062,-0.12799782178106828,-0.1305814522266729,-0.1282333367642104,-0.12993184947651776,-0.12854090896615483,-0.13055325442342014,-0.1300383323240205,-0.13040742249396148,-0.13129987489045014,-0.13070027909886595,-0.1310882607116562,-0.1317616457806608,-0.13208677038327138,-0.13214642992296988,-0.1324681807656159,-0.1321767832720363,-0.13205292457343049,-0.13271394996717784,-0.13245980436235494,-0.13275400988445346,-0.13307115669175862,-0.13238350301360047,-0.1334083741886251,-0.13290485698470422,-0.13346605370251519,-0.13352084389987445,-0.13348449139222174,-0.13372116176682391,-0.13136042104195889,-0.13028711259887105,-0.13145001096427633,-0.13296241384843582,-0.13215489640441408,-0.13229313647827984,-0.13315547790929666,-0.13410846216984879,-0.1331310399636686,-0.13303145383680187,-0.13351823680637104,-0.1335718983028062,-0.1326768700527567,-0.13330354243248982,-0.13278211332013928,-0.13311051374955374
2010-03-31,,,,,,,,,,,,,,,,,0.41397860588857105,0.3705550886254854,0.2813509415736886,0.23090454572449642,0.25812377497053507,0.28949190046076245,0.31630018237190727,0.33079298956347347,0.32179545637378504,0.3368354374607881,0.3662060790974755,0.3317624316619273,0.3552892471768632,0.34551043290400507,0.42618811791943195,0.44947231511068947,0.09017772320998085,0.0687740891813248,0.04221081117194281,-0.011916801306135205,-0.00942120671714547,-0.030378249758562015,-0.0439867371277875,-0.0384833415114087,-0.039103642449995424,-0.04205091779244269,-0.06720233502010864,-0.08569268297494731,-0.09516171938371226,-0.11014881324040998,-0.11931224171331345,-0.12138945007785529,-0.1275568455168582,-0.13082061884176643,-0.13111265713452674,-0.13072708633160757,-0.13360251581031157,-0.13096149445321753,-0.13280558672789367,-0.13130844371060568,-0.1334890641047064,-0.13280230894041495,-0.13337603633051132,-0.1342991197863519,-0.1337931541892768,-0.13421638287951365,-0.1349003641467706,-0.13517649078168048,-0.13528381442409165,-0.13560623801380817,-0.13538442324909522,-0.13534618101122542,-0.13595660203909382,-0.13576298503865225,-0.1360559587686367,-0.13641647191441109,-0.13581442858608833,-0.13674289936454265,-0.136298497543621,-0.13678148965557968,-0.13684477381146515,-0.13681550381388558,-0.137063897047203,-0.13456370789060446,-0.13358227409624657,-0.13481182775556427,-0.1362443850980532,-0.13544316214981345,-0.1355928408196619,-0.13639533548207372,-0.1372735305287764,-0.1363228720271238,-0.13624011871764763,-0.13671210416518664,-0.136756046856649,-0.13587294799642907,-0.13650421056653927,-0.1359759799435118,-0.13628384673383565
2010-06-30,,,,,,,,,,,,,,,,,,0.3741686202126587,0.28651397416432667,0.23682159712249345,0.2631246873656192,0.294681235750317,0.32127409026044257,0.33544348685816366,0.32626099218322624,0.34206703267022415,0.3702384298567894,0.33485648738662077,0.35815714596784726,0.34830881019807786,0.4284372486698408,0.4510190038711361,0.09873370295782644,0.07766241015181805,0.05173373049291863,-0.0018095124281136132,0.0011147338470648416,-0.015151735732992777,-0.029020888394028332,-0.022982790891871996,-0.024179032511096932,-0.02720630260335688,-0.054947742859422666,-0.07560756453575668,-0.0862527386987883,-0.10295227991209055,-0.11318257588248093,-0.11547969746108866,-0.1223854579840033,-0.12600452509652177,-0.1262655341431434,-0.1258595235235656,-0.12907481333609033,-0.12610102246491606,-0.12812080403100456,-0.12649871086856457,-0.12887821005372707,-0.128011934987249,-0.1287960317877202,-0.12976713810461982,-0.12934798353498056,-0.1298114794977832,-0.13051895605283648,-0.1307464218418284,-0.13090535124177144,-0.13123360665935557,-0.1310770760030281,-0.13112218801988068,-0.13169051645735846,-0.13155108076470495,-0.13185105685253945,-0.13225651632187085,-0.13173409976908146,-0.1325742779823052,-0.13218039891358635,-0.1325941710291343,-0.13266607803225966,-0.13264398598728233,-0.13290506281924852,-0.1303195494725543,-0.1294242604035004,-0.13069686995503993,-0.13204982648041114,-0.13125994193632917,-0.13141820635081242,-0.13216563409715304,-0.13297515086857659,-0.13205012625796597,-0.1319811264825208,-0.13243943704504924,-0.13247361283184222,-0.13160208260600814,-0.13223555809048826,-0.13170152267725055,-0.13199019518497845
2010-09-30,,,,,,,,,,,,,,,,,,,0.29157063005873135,0.2426267518116312,0.26809503626957254,0.2998199611503612,0.3262124130874565,0.3401242658277868,0.330831610761203,0.34734450567774566,0.37433818017157405,0.33811801441948763,0.3610491313529095,0.3512039844385791,0.43058888887736535,0.45173781147783226,0.10616823134590792,0.08554374143739196,0.06046322298344414,0.0077437439481847226,0.01115491989522105,-0.006280880349413986,-0.06284090662972064,-0.05641934029979817,-0.05877614152583144,-0.06153794684676084,-0.09180731376165213,-0.11488217511265442,-0.1268613241368619,-0.14550451857539937,-0.15695060701655994,-0.1595222035154158,-0.1672775940305668,-0.17130621902357707,-0.17154719783838118,-0.17111903576661375,-0.17472715563266694,-0.17137576403013033,-0.1736042094173103,-0.17183634545960313,-0.1744470290085281,-0.1733919527085288,-0.1743936349727193,-0.17543089161421793,-0.17509226474769718,-0.17560143492512015,-0.17634571547005196,-0.17652447642440644,-0.17673947061597017,-0.17707874901723208,-0.17698334204772898,-0.17711019267611228,-0.17764475650431438,-0.17755383120524137,-0.17786928914354122,-0.17832172378683842,-0.1778734559982479,-0.17863289489127437,-0.17828144814794095,-0.17863439962439104,-0.1787152177915688,-0.1787005288793666,-0.1789754263188732,-0.17635485700612136,-0.17554036566581283,-0.17683421336729555,-0.17810756065522415,-0.17733365879089397,-0.1774978264772653,-0.1781943065948015,-0.17894058074971658,-0.17804005715062016,-0.17798201802854136,-0.17842762832452091,-0.17845197067829882,-0.17759160074832075,-0.17822519267648496,-0.17768613177198223,-0.1779567835414973
2010-12-31,,,,,,,,,,,,,,,,,,,,0.2483098789831146,0.27301716739942516,0.30489028640637733,0.3310949125747158,0.34480747737099915,0.33547161694696337,0.3526296166116896,0.3784698127896877,0.34150346930048836,0.3639376067739528,0.3541584922957536,0.4326257071361923,0.45170072572778885,0.11257083624292086,0.09250947956074265,0.06849461668349316,0.01681362902348993,0.020763991860426934,0.0020646420121461784,-0.051622432824664055,-0.06178791988712318,-0.06671112843231697,-0.06811868347518868,-0.10019427571497358,-0.12586288990567002,-0.13934339514544086,-0.1601688597096957,-0.17299678541401153,-0.17590855183900556,-0.1846410949292846,-0.1891410998475891,-0.18937470591845074,-0.18892256609239666,-0.1929826473339175,-0.189203351300973,-0.191676834031834,-0.18974010050973322,-0.19261650213655696,-0.19136158526142133,-0.1925897735089171,-0.19371227983986905,-0.1934483985285328,-0.19400910900531143,-0.19480407324574173,-0.19493367158241598,-0.19520978242464165,-0.19556537733333135,-0.1955270839471514,-0.1957346808741675,-0.19624371105052613,-0.19619622202806458,-0.19653598857032384,-0.19703791956306815,-0.19665881313481737,-0.19734451308871792,-0.19702783784375022,-0.19732785906710915,-0.1974180300970363,-0.19741110750305113,-0.19770112676508156,-0.19509321058443496,-0.19435459599413957,-0.19564904245921266,-0.1968423528807799,-0.19608889008687364,-0.1962564267639687,-0.19690549052128603,-0.1975933259561482,-0.19671628532996854,-0.1966666464232607,-0.1971003953196201,-0.197114793802865,-0.19626519312658758,-0.19689697041713405,-0.19635350421941822,-0.19660713169245714
2011-03-31,,,,,,,,,,,,,,,,,,,,,0.27787579492904285,0.30987702597308353,0.3359042649553979,0.3494686818695947,0.3401490494090825,0.35788954373335125,0.38260281162430376,0.3449750724471202,0.36680035051367743,0.3571411684892046,0.43453629276387956,0.4509811197172194,0.11803097324395895,0.09864693400355529,0.07591144761403243,0.025459272145845535,0.0299946909531007,0.00998592061982595,-0.040894647556904806,-0.05267793736397508,-0.008017718812333652,-0.004765476905153498,-0.036014681088576195,-0.06420279579452959,-0.07934818153240764,-0.1025635858064552,-0.11695570560514668,-0.12029108513856263,-0.13014787169117226,-0.13519038441026204,-0.1354318720226803,-0.1349539521823041,-0.13953286006076493,-0.1352692740961039,-0.13802825015576858,-0.1358969947137436,-0.13907644657912988,-0.13760875449226478,-0.13907420903308282,-0.1403023369056638,-0.14010782127542248,-0.14072646740465633,-0.1415867613079086,-0.14166631280363406,-0.14200925744282183,-0.14238664136682144,-0.14240155170699254,-0.14268949932489694,-0.14318124836672563,-0.14317263916750128,-0.14354601334079592,-0.14410049067439384,-0.1437859851280775,-0.14440447418690905,-0.14411523541634252,-0.1443698192560069,-0.14446994081931508,-0.14447129333124248,-0.1447779060829542,-0.1422286802614876,-0.14156140305253018,-0.1428365853366954,-0.14394896144622016,-0.14322031883578012,-0.14338880751471017,-0.14399346220630738,-0.1446270984929835,-0.14377266707900388,-0.14372905813445774,-0.144151661722688,-0.14415595295852457,-0.14331676568326335,-0.14394490400222637,-0.14339752017386148,-0.14363495000654897
2011-06-30,,,,,,,,,,,,,,,,,,,,,,0.3147673882609332,0.34062581543669196,0.35408660837326045,0.34483548979285455,0.3630963386788551,0.38671113453261086,0.3485001611914776,0.3696196901002251,0.36012625037839824,0.43631403986727524,0.44965228103761984,0.12263685498868113,0.10403910297575225,0.08278704448107033,0.033730166985303844,0.038889945676257864,0.017564840868021514,-0.03058967426573772,-0.043753433122510677,-0.00019190012344222351,0.018344989306640358,-0.003902770995957039,-0.03372345098620333,-0.05065453230385841,-0.07631622205678734,-0.09246404761110039,-0.09633924486366313,-0.10748938103463002,-0.11315724348440881,-0.1134259308091572,-0.11292065700575515,-0.11809500892088598,-0.11328400429717911,-0.11637383421259917,-0.11401954849172691,-0.11754282472099342,-0.11584738062907185,-0.11756282303310073,-0.11891856049359151,-0.11878831124074613,-0.11947188853456847,-0.12041313835561185,-0.12044132099230676,-0.12085755980833307,-0.12126246414693953,-0.12132669930870044,-0.1216951789718082,-0.1221780484610614,-0.12220420878189342,-0.12262109824174205,-0.12323174040292234,-0.12297762780410437,-0.12353506238260309,-0.12326614222021676,-0.12348250067108335,-0.12359333381627158,-0.12360362489363774,-0.12392848755428021,-0.12148302811334039,-0.12088286128676679,-0.12211937631190733,-0.12314943555787194,-0.12244999459023698,-0.12261710355373778,-0.1231798865634921,-0.12376306697306627,-0.12293051564444452,-0.12289072110513255,-0.12330278438587106,-0.12329674818114911,-0.12246765544655303,-0.12309040030885948,-0.12253946765162727,-0.12276136828364559
2011-09-30,,,,,,,,,,,,,,,,,,,,,,,0.3452473412825079,0.35864291672248794,0.34950586155648566,0.3682264259836826,0.39077273540811047,0.3520506180492022,0.3723817921600338,0.3630926048721524,0.43795619680450043,0.4477862093885686,0.12647446779315077,0.10876448626830376,0.08918586462322581,0.041667763813724334,0.04748462540768983,0.02486715450942001,-0.020653031330053973,-0.034980016290992955,0.0074883064181908154,0.02655704420531302,-0.0062303140906623256,-0.034265725677444236,-0.05293951631111893,-0.08058923374107468,-0.09866732273457085,-0.10326893284651267,-0.1159009627533612,-0.12229232144765173,-0.1226142093106316,-0.12208057454995075,-0.12793938042277092,-0.12251041398149848,-0.1259823479652331,-0.1233733636381536,-0.12728542892342104,-0.1253450440258631,-0.12732528469471494,-0.1288326231600656,-0.12876168653999448,-0.1295178628082595,-0.13055690652237956,-0.1305319439508253,-0.1310287676598041,-0.13146726621447996,-0.13157690294217184,-0.13202666294649462,-0.1325093343174712,-0.13256653683190017,-0.13303760352324728,-0.13370864395624632,-0.13351099513562853,-0.1340132631858585,-0.13375765421683167,-0.1339428324111553,-0.1340653125025304,-0.13408537158278444,-0.13443034431138567,-0.13213339162785126,-0.1315963462047935,-0.13277497465119364,-0.13372084245549404,-0.1330550458409922,-0.13321849746524655,-0.13374152109259396,-0.1342775548344184,-0.13346629029963913,-0.13342821825983348,-0.13383024510454195,-0.13381360188243013,-0.1329943179790974,-0.1336099570774295,-0.13305573301248236,-0.13326262596698762
2011-12-31,,,,,,,,,,,,,,,,,,,,,,,,0.3631219642128007,0.3541382216466642,0.37326014297491217,0.39476913012429915,0.355602363178776,0.3750760518249336,0.36602306019477576,0.43946305980025135,0.44545265385731014,0.1296267656376228,0.11289694415484663,0.09516462586425659,0.04930680603993698,0.05580701016798614,0.03194511969428343,-0.011041201892372676,-0.02633291266073723,0.015067171830205561,0.03462618190294103,0.004701135799773382,-0.03318589634928726,-0.052967964931290634,-0.08055535675835868,-0.10064093427402154,-0.10632525071480342,-0.12062638464837311,-0.12786066165795384,-0.12827387697881037,-0.1277120636064582,-0.1343602225750023,-0.12823472462927127,-0.1321471004642964,-0.12924831114694357,-0.13359921337473285,-0.13139428724236252,-0.13365635892184935,-0.135341732223142,-0.13532514993400196,-0.13616233768834612,-0.13731747741672767,-0.1372371146498303,-0.13782274277807788,-0.13830134023506907,-0.13845233300114973,-0.1389846889906763,-0.1394762574509935,-0.1395611018814133,-0.14009791814434663,-0.14083426000559468,-0.1406893540356547,-0.14114217627485826,-0.14089287738233053,-0.1410538641504288,-0.14118911496197623,-0.14121995135021825,-0.14158712071137847,-0.1394836614382004,-0.1390059125890601,-0.1401073634148528,-0.14096666540897784,-0.14033907192218414,-0.14049661253910634,-0.1409816007358658,-0.1414734183540161,-0.14068297192598228,-0.14064462623081347,-0.14103702764939574,-0.14100943584320053,-0.14019970229867357,-0.14080654225329098,-0.1402491766154394,-0.14044144621111343
2012-03-31,,,,,,,,,,,,,,,,,,,,,,,,,0.35871354802461314,0.37818131681213396,0.39868500183223116,0.3591349020518743,0.37769456811226676,0.36890382780019004,0.4408372920284982,0.44271836207055837,0.13217302878282972,0.11650560651773711,0.10077327040310113,0.05667645141967348,0.06388001886737932,0.03883976614117379,-0.0017195979674625717,-0.017795106691633977,0.02257638882681967,0.042584798737930585,0.015027273322307688,-0.021026327986857385,-0.1051846734441827,-0.12589730121257037,-0.14774015023259313,-0.15530204575514678,-0.17137930613363705,-0.1796080105711808,-0.18017568658655508,-0.17958836132112188,-0.18715130276332692,-0.18024227491813644,-0.18466201565030005,-0.1814346650019908,-0.18628062084531405,-0.18378890672222492,-0.18635219211619092,-0.18824497972980292,-0.18827761699993406,-0.18920504375866287,-0.19049632516949577,-0.19035779501619937,-0.19104148766717677,-0.19156721478224903,-0.19175531537885426,-0.19237216147213054,-0.19288227456865903,-0.19299163749989434,-0.19360685484513906,-0.1944141349456842,-0.1943183918037239,-0.19472742087785844,-0.1944773343994115,-0.1946211706521312,-0.194770521597184,-0.19481334118382493,-0.1952050463226983,-0.1933408745302706,-0.19291868915226174,-0.19392335414966866,-0.19469320430096493,-0.1941085413320668,-0.19425791180515317,-0.1947062298669845,-0.19515643228043245,-0.19438644846715858,-0.19434590310967853,-0.19472900396172632,-0.19469005686258,-0.19388963567635664,-0.19448598112726012,-0.193925517282993,-0.19410341846112122
2012-06-30,,,,,,,,,,,,,,,,,,,,,,,,,,0.382976875970114,0.4025078418612672,0.36263092099878835,0.38023169363807036,0.3717240019982071,0.4420833517097951,0.4396465148059434,0.13418837261139938,0.11965483288087883,0.106055790003176,0.06380121191694568,0.07172223239399525,0.045582833918382526,0.007339140151481738,-0.009355763532162276,0.030037435883332853,0.0504551635105665,0.024828622642826315,-0.009738714531326798,-0.09290342899890891,-0.12370944303395354,-0.1460999904571586,-0.15751450924573795,-0.1751410995548353,-0.18456787628598242,-0.18541131714219194,-0.1848067279072355,-0.19343647356229576,-0.18564866930165858,-0.19065325100715835,-0.1870548497341571,-0.19245958212389447,-0.18965591260071912,-0.19254224261952424,-0.19467535240117156,-0.19475169419346322,-0.19577946652274758,-0.19722899319787923,-0.19702897211385872,-0.19782115711807557,-0.1984016745058529,-0.1986223481542876,-0.199326179236873,-0.19986518200181702,-0.1999961708862692,-0.2007037041252533,-0.20158836681793835,-0.2015382823734706,-0.20190920114327415,-0.20165102959582304,-0.20178491634862206,-0.2019499229898809,-0.20200614804101047,-0.20242501052480621,-0.20084728356869574,-0.2004769488127014,-0.20136466025314448,-0.2020416435835306,-0.2015048595068457,-0.20164376605979462,-0.2020564441067868,-0.20246734612784434,-0.2017175717761872,-0.20167294696852434,-0.20204699125874148,-0.20199621309131832,-0.2012048795218807,-0.20178901349429845,-0.20122538722105654,-0.20138905149313935
2012-09-30,,,,,,,,,,,,,,,,,,,,,,,,,,,0.40622762304908877,0.36607592460138666,0.38268364865839344,0.3744751267388649,0.4432070147290681,0.436296321314265,0.13574339144817893,0.12240422155035807,0.11105093620285877,0.07070174081245703,0.07934874276646492,0.05219842831398469,0.016156559741811072,-0.0010088964731119754,0.037463591706200394,0.058251460775964714,0.03417167945954175,0.0007917577710631063,-0.08135225950311487,-0.10982698726318252,-0.18465934101476789,-0.20515807608811598,-0.2230147750002589,-0.23393304388765013,-0.2353212410696155,-0.23472158745328453,-0.24460417324496453,-0.2358358529888014,-0.24151612809656497,-0.23750059601619145,-0.24353698393254386,-0.2403929571503095,-0.24362664128362344,-0.24603719048292239,-0.24615109181003225,-0.24729024627359497,-0.24892253954075916,-0.2486570914245223,-0.24956950938568756,-0.25021322194811857,-0.2504615584479888,-0.2512555044254583,-0.2518345930524222,-0.25198450284169693,-0.2527997325739175,-0.2537691143450056,-0.25376119662168906,-0.25409981713324714,-0.25382595765757077,-0.25395736561326254,-0.25413983369572657,-0.25421112599616935,-0.25466008362871306,-0.2534178851698923,-0.25309563697711734,-0.253845422940451,-0.25442557215781547,-0.25394188992833433,-0.2540679747462986,-0.254445725625161,-0.2548193947817279,-0.2540896689854355,-0.2540391084057787,-0.2544042632793766,-0.254341104370188,-0.2535586393818452,-0.2541288042566814,-0.25356184057718156,-0.2537112801665391
2012-12-31,,,,,,,,,,,,,,,,,,,,,,,,,,,,0.3694579099473083,0.385048190816104,0.3771508205643905,0.4442149790033088,0.43272275243752883,0.13690392189923012,0.1248086643687677,0.115792834799186,0.07739549115155608,0.08677185512726418,0.05870442801468065,0.024749570065397686,0.007247751378456901,0.04486164419418204,0.06598151393328122,0.0431113080820863,0.010662284601463123,-0.07042775020343917,-0.09682068331101457,-0.17025488275983447,-0.27050841513423274,-0.2840041961306996,-0.2968807699155833,-0.2994791183834533,-0.29894492488170754,-0.310307483436402,-0.3004564978826746,-0.30692133472564265,-0.302439512761537,-0.3091915835333994,-0.3056752305028261,-0.30928296190048865,-0.31201308064860334,-0.3121574510217655,-0.3134199810383238,-0.3152623993278403,-0.314926905552947,-0.3159727759562343,-0.3166889601022136,-0.3169595781716832,-0.31784745142487514,-0.31847883726710935,-0.31864510800633905,-0.3195851048121572,-0.3206475303614287,-0.3206782360033298,-0.32099060081656683,-0.3206930354640479,-0.3208298180746316,-0.3210318314001801,-0.32112011907778926,-0.3216024640816124,-0.320747385400203,-0.32046933598495353,-0.32105916865851936,-0.3215379341796385,-0.32111290730020536,-0.321223718430635,-0.32156695050063044,-0.32190524189228054,-0.32119548669493836,-0.3211371354888888,-0.3214934940146157,-0.32141732494169295,-0.3206435073033227,-0.32119788590038845,-0.320627293941505,-0.3207624041882984
2013-03-31,,,,,,,,,,,,,,,,,,,,,,,,,,,,,0.3873243331435213,0.3797464520416596,0.4451145393501408,0.42897639052713854,0.1377309105007265,0.1269184425004613,0.12031152024947822,0.08389726584800924,0.09400166551148009,0.0651136792080794,0.03313141243722095,0.015413639215945518,0.05223333290382037,0.0736482304699684,0.051692756388655,0.0199552310654193,-0.060044251559338346,-0.08456912236688757,-0.15669282000080453,-0.25671878652343305,-0.2669988742921465,-0.2827319265381223,-0.2883102667704991,-0.28801280807071983,-0.3011227519676486,-0.2901048026475651,-0.29748998981651,-0.29249074965958255,-0.30005591198061143,-0.29613143732919,-0.3001419982486977,-0.30323979061548356,-0.303406182133215,-0.30480502286200606,-0.30688825973954204,-0.30647733348179373,-0.30767154595909496,-0.30847049184116737,-0.30875743432514047,-0.30974379214761205,-0.31044087752268656,-0.31062105100886217,-0.31170482513879805,-0.31286971572551336,-0.3129353856025373,-0.31322787322274714,-0.3128980531585063,-0.3130485651069219,-0.3132725176411051,-0.31338002605761817,-0.3138994480835857,-0.3134861984361018,-0.31324826160797836,-0.3136547941337109,-0.31402700697863395,-0.3136665788726597,-0.3137595389583484,-0.31406836408422134,-0.31437295190269865,-0.3136831637595541,-0.31361514692403936,-0.3139627297273462,-0.31387283434145286,-0.3131074323140217,-0.3136441286845467,-0.31306949455082167,-0.31319005462610194
2013-06-30,,,,,,,,,,,,,,,,,,,,,,,,,,,,,,0.38225885907869883,0.4459133229544634,0.42510337710804313,0.13828037105774002,0.12877935804037777,0.12463340272364115,0.09021967658799049,0.10104653401068137,0.07143500418719109,0.041312457694387184,0.02348619945506225,0.059576559553562614,0.081250806763779,0.059953345511312234,0.02874047916920469,-0.05013091984717455,-0.07297157299529322,-0.1438489596312641,-0.2435147433171747,-0.2519409508259187,-0.25452281051865633,-0.2680209300235301,-0.26845365882358374,-0.2835859173977666,-0.2713879619431616,-0.2798754452916026,-0.274307838379237,-0.28279877158065925,-0.27842669349317783,-0.2828703965281396,-0.28639112101126474,-0.2865691686660632,-0.288118109919823,-0.2904767969618537,-0.28998417969930823,-0.29134351583320695,-0.29223668678393566,-0.29253330369282227,-0.29362352814830284,-0.29440109489615485,-0.29459276808447266,-0.29584154902394555,-0.29711954378150196,-0.297216336654625,-0.29749577291712836,-0.2971244945184195,-0.29729771763091084,-0.29754635030819987,-0.2976756374673375,-0.2982362719463687,-0.29832332889579427,-0.29812114207761153,-0.29831942958895297,-0.2985792565699008,-0.29828982436325546,-0.2983621977374984,-0.2986364346993611,-0.2989088409622056,-0.29823908289715706,-0.2981594837075716,-0.2984982394956879,-0.29839380669509197,-0.29763656921011317,-0.29815358878403686,-0.29757436637478696,-0.2976800383219358
2013-09-30,,,,,,,,,,,,,,,,,,,,,,,,,,,,,,,0.4466190767245271,0.4211454411499116,0.13860341787717514,0.13043289596494814,0.12878167818985614,0.09637352601031035,0.1079134700931691,0.07767404949712081,0.049300858219454735,0.03146146970513697,0.06688639713423006,0.08878572542258462,0.06792388318959527,0.03707740353589056,-0.04062922271680597,-0.0619444816920961,-0.13162154439841822,-0.23079442788596316,-0.23754290334110406,-0.2414152022928321,-0.2618880606659113,-0.26446220547683896,-0.2817764845604722,-0.268614952134829,-0.2784769103335938,-0.272294565064918,-0.28183838926436444,-0.2769771454355918,-0.28188506357868603,-0.2858926685124177,-0.286069284248071,-0.2877827581664023,-0.2904562075812842,-0.28987464546257746,-0.29141803821571044,-0.2924182492746429,-0.29271706452277013,-0.2939174629914517,-0.29479187380636906,-0.29499264598696984,-0.29643019706001617,-0.29783328779556295,-0.29795711091460275,-0.29823088833914346,-0.2978081590198116,-0.2980138377470072,-0.2982902805257226,-0.29844427752714964,-0.29905075992302455,-0.2997010712158805,-0.299529912961238,-0.2994931133502954,-0.2996340038945621,-0.2994224876250845,-0.29947134528705543,-0.29971051872368315,-0.2999521397084287,-0.2993025340892763,-0.2992093722509168,-0.2995391772553351,-0.29941929138335677,-0.29866993858626967,-0.29916516734721277,-0.29858066699223784,-0.2986709930877871
2013-12-31,,,,,,,,,,,,,,,,,,,,,,,,,,,,,,,,0.417139992661244,0.13874636207873203,0.13191641092930034,0.13277669001979597,0.10236812539030041,0.11460844437979206,0.08383399555805124,0.05710307772460799,0.0393346054957589,0.07415592467094581,0.09624757419892802,0.0756298428309781,0.045016533341785736,-0.03149084025626192,-0.0514185401547112,-0.11992738104831041,-0.21847766767192656,-0.22369213774268515,-0.22887521973905933,-0.2495359188793963,-0.3035230784585532,-0.32275136805553284,-0.3095548576630158,-0.32125772777007255,-0.31442957296655494,-0.3251553681785634,-0.31976778514069204,-0.32517129916667475,-0.32974065836810984,-0.3298987629769503,-0.3317914041383465,-0.334824534086811,-0.33414563126587593,-0.3358944711418277,-0.33701608780726766,-0.33730864386255177,-0.33862657463115164,-0.3396159856117529,-0.33982339538029604,-0.34147636961098526,-0.3430180492427486,-0.3431644846596118,-0.3434406920375903,-0.34295558342869115,-0.34320437222217404,-0.34351219204083494,-0.3436942492045265,-0.3443517757560387,-0.3456335254222235,-0.3454882271614278,-0.3451872768739168,-0.34520190071836887,-0.3450758190428931,-0.345098001010411,-0.3453013359351511,-0.3455134667592914,-0.3448841886088563,-0.3447753978246916,-0.34509605417473477,-0.3449596838927005,-0.34421789689823,-0.3446890792720966,-0.3440984540098113,-0.34417285241044526
2014-03-31,,,,,,,,,,,,,,,,,,,,,,,,,,,,,,,,,0.13875085924015185,0.1332633335896381,0.13663624906991684,0.10821155815805339,0.12113663905478173,0.08991614697049174,0.06472431860972402,0.04710029115368697,0.08137691154661947,0.10362971200373364,0.08309234431736554,0.052600949650127515,-0.022675902083342248,-0.04133623115071772,-0.1086985934736277,-0.2065020241440515,-0.21030041430203505,-0.2167796084051692,-0.23763669251311936,-0.29154360289647285,-0.351829529669335,-0.3417577961238686,-0.35621974322614947,-0.3487610888000656,-0.36074471719671064,-0.35481999158793787,-0.36075277802479433,-0.3659735581964334,-0.3660898227976651,-0.368175585867739,-0.3716200696001568,-0.37083411304476543,-0.37281261172021074,-0.37407176849924184,-0.3743484406900498,-0.3757924694210508,-0.3769170496377513,-0.37712849620935385,-0.37902684109150764,-0.38072226523603536,-0.38088649047418754,-0.3811740552995413,-0.3806145411669577,-0.3809181663322492,-0.38126142174213806,-0.38147536115178626,-0.3821897566964767,-0.38417720964865554,-0.38405206029189964,-0.383455320067561,-0.3833354949447205,-0.3833030484972477,-0.3832951230061157,-0.3834615348705551,-0.3836453926375021,-0.38303666339834175,-0.3829100680498402,-0.3832213010838008,-0.38306728655147193,-0.382332696230155,-0.3827774113745852,-0.38217964064475995,-0.38223739926307676
2014-06-30,,,,,,,,,,,,,,,,,,,,,,,,,,,,,,,,,,0.13450339143600387,0.140375917961778,0.11391089797953902,0.1275026472679235,0.09592042031016873,0.07216886378902093,0.05475306413305653,0.08854037250150396,0.11092480441639582,0.09032896739821003,0.05986745979678937,-0.01415150957314526,-0.0316497781922182,-0.09787990448785766,-0.19481947690035278,-0.19729930870629386,-0.2050326548321102,-0.22608381211963102,-0.2797585662453276,-0.33928303044097896,-0.4076611383858145,-0.4269326017850493,-0.4190026606098586,-0.43207236768344515,-0.425696377960154,-0.4322060053292992,-0.43819065144160985,-0.43823087898374735,-0.44052122312396547,-0.4444368624711479,-0.44353260329882804,-0.4457682242047658,-0.4471830597030374,-0.447432828372765,-0.4490129234216158,-0.4502950729240214,-0.4505077141852991,-0.4526851349741028,-0.454551295121712,-0.45472799663007324,-0.4550368434675799,-0.4543896194552999,-0.4547610583875368,-0.45514436179340223,-0.45539453717361555,-0.4561723306073786,-0.4589467722073238,-0.4588354141051896,-0.4579082790580802,-0.4576448873610144,-0.4577150510325596,-0.4576732700167755,-0.457801350246299,-0.4579580961694657,-0.4573701778465069,-0.4572234684837667,-0.4575249230030768,-0.4573519611734217,-0.45662413575704375,-0.45703977193057277,-0.4564336423992028,-0.4564739109271112
2014-09-30,,,,,,,,,,,,,,,,,,,,,,,,,,,,,,,,,,,0.14400926429002653,0.11947238877464095,0.13371063031725855,0.1018457441089588,0.0794403473718108,0.06228756621585724,0.09563701192722229,0.11812524830564633,0.09735442401677832,0.06684758406904928,-0.005890499724709675,-0.02231943556211463,-0.08742636448029295,-0.18339364757359122,-0.18463641938902375,-0.19356123777683243,-0.21479583967966998,-0.26810471501804223,-0.3269605033762899,-0.3945931314027834,-0.3790569990877599,-0.37126662797920085,-0.3844066763015854,-0.3779798079511303,-0.385171689227947,-0.3920739030997825,-0.3919824747685079,-0.39448241444081467,-0.39893857191026405,-0.3979029180784299,-0.400426871719627,-0.4020177725145925,-0.4022279364072182,-0.40395571428831034,-0.40542026480176796,-0.40563088135608116,-0.408125375206041,-0.4101812801689748,-0.4103645576771867,-0.4107057862273248,-0.40995606819449215,-0.4104097493077016,-0.41083833795553226,-0.41112970302831764,-0.41197821084893094,-0.41562900082645915,-0.4155243154257874,-0.4142287831762007,-0.41381167644262806,-0.41399430200481635,-0.4139145522522387,-0.4140025491407465,-0.41413331006688514,-0.41356649968654535,-0.41339720702196325,-0.41368844250012793,-0.4134950703038959,-0.4127735015611037,-0.4131572282330067,-0.4125413114065609,-0.4125630913819056
2014-12-31,,,,,,,,,,,,,,,,,,,,,,,,,,,,,,,,,,,,0.12490159289995917,0.13976444005555766,0.10769038385973181,0.08654196642530687,0.06969873330625137,0.10265757384316992,0.1252235027014118,0.10418111204008865,0.0735683844596372,0.002129586474064027,-0.013312064887354147,-0.07730145758094975,-0.1721974824349094,-0.17227220668989918,-0.18231064803135832,-0.20371186106122696,-0.2565379045288947,-0.3147789450902202,-0.3814719833308948,-0.3673749208578684,-0.4194220273698952,-0.4291411700915714,-0.424037924777931,-0.4322215537769011,-0.44028110646543495,-0.4399553726562023,-0.442654296542496,-0.44773065828903935,-0.4465481412235992,-0.449395899991337,-0.451185740122535,-0.45134154889777234,-0.4532305870227784,-0.4549049578951797,-0.4551097677838313,-0.4579642448052964,-0.46023110429779235,-0.46041436373210665,-0.46080045127296143,-0.4599317486705279,-0.46048377582236866,-0.4609635929545244,-0.46130177975040787,-0.4622291979168629,-0.46685496187815045,-0.4667489432078833,-0.46504313290954646,-0.46446102280664014,-0.4647669534914456,-0.46464470282642767,-0.46469049765753934,-0.4647963874392508,-0.46425101178940364,-0.46405647888772017,-0.46433696366312494,-0.46412153881908047,-0.46340562650752526,-0.4637543638417423,-0.46312699005919766,-0.4631291228480363
2015-03-31,,,,,,,,,,,,,,,,,,,,,,,,,,,,,,,,,,,,,0.14566771280900065,0.11345220324470845,0.09347664419291885,0.07698193402629733,0.1095931119487811,0.13221234085920136,0.11081956952589672,0.08005316063997892,0.009927362867229006,-0.004599952662159124,-0.0674755264457717,-0.16121132456733078,-0.16017736681889994,-0.17124106595275257,-0.19278760031114994,-0.2450293046785832,-0.30267953396721026,-0.36828381698792223,-0.35578454116946323,-0.4069783573202659,-0.44398332720972655,-0.44451932375598235,-0.45466659468928605,-0.46432054293468905,-0.4635473587615,-0.4663962692136838,-0.47218038305370014,-0.4708319690244117,-0.47404362499172037,-0.47605798755798934,-0.4761421685742545,-0.4782084141195606,-0.4801226770442454,-0.4803170791671081,-0.4835800915957983,-0.48608149127338907,-0.4862573232126912,-0.4867023573848164,-0.4856962178422435,-0.4863646236393544,-0.4869024116299394,-0.4872938207105586,-0.4883093246608955,-0.4940193114971194,-0.4939029253631274,-0.49174053937727746,-0.4909808737026281,-0.4914220725852271,-0.4912523103862598,-0.49125338865175117,-0.4913355298712887,-0.4908119405284206,-0.49058929289082964,-0.49085839740523596,-0.4906190765405777,-0.48990811078564367,-0.4902184960935254,-0.4895777244031255,-0.4895588769477248
2015-06-30,,,,,,,,,,,,,,,,,,,,,,,,,,,,,,,,,,,,,,0.11912887134348679,0.10024715354825264,0.08413306596790837,0.1164351923623344,0.1390850365065992,0.11727884579161288,0.08632203436095104,0.017518311141342724,0.003840169894634704,-0.0579244656612653,-0.15042131659874447,-0.14833065821422015,-0.16032460192325138,-0.18199215081603815,-0.23356220885887002,-0.2906229261822142,-0.35502700605144544,-0.3442214514808397,-0.3944758159410401,-0.431273991719868,-0.4011374842457205,-0.4162727073666286,-0.4284428836067157,-0.42673912557329297,-0.4295910679962466,-0.43616420572245496,-0.43462403140582306,-0.4382439424838226,-0.44051133851648383,-0.44050350553238604,-0.4427658366924925,-0.44495261151480503,-0.44513082606128185,-0.4488574334810731,-0.4516194834664713,-0.4517795230958285,-0.45229947280886307,-0.451135193959158,-0.4519402270016343,-0.45254363484433113,-0.45299554010870813,-0.45410939211814627,-0.4610250323364582,-0.4608880587805221,-0.45821777737769886,-0.45726659942680326,-0.45785629374564063,-0.4576334650665287,-0.45758688268852554,-0.457646429316513,-0.45714499803420183,-0.4568911112927522,-0.4571481004925402,-0.45688281418942267,-0.4561759553666156,-0.45644430607119413,-0.45578788939984394,-0.45574653756091943
2015-09-30,,,,,,,,,,,,,,,,,,,,,,,,,,,,,,,,,,,,,,,0.1068562080968814,0.09114861725208848,0.12317604006368554,0.1458354955310181,0.12356680308802989,0.0923924401544618,0.02491537101941399,0.012027937328716432,-0.0486286413146379,-0.13981808356059677,-0.1367171101884972,-0.14954281850035056,-0.17130523388830038,-0.22212936097305314,-0.2785852906944033,-0.34170921622055983,-0.3326424557362325,-0.38190137715848826,-0.4186705452356053,-0.39250455710556587,-0.45611799336789227,-0.4729990949720939,-0.4691964379611592,-0.4716442130410844,-0.47902858082861555,-0.47725370284695023,-0.48132778451260816,-0.4838800186106177,-0.48375601638953114,-0.48623708392944054,-0.4887311357432609,-0.4888856955625006,-0.49313850215651134,-0.49618992915451743,-0.4963246921262452,-0.4969377269547568,-0.49559203166231214,-0.49655648353132886,-0.4972341918620852,-0.49775486368197164,-0.49897852566109624,-0.5072352345922548,-0.5070660907551477,-0.5038308885007847,-0.5026726780019917,-0.5034255219002257,-0.5031434544345244,-0.503045798981334,-0.5030839606739914,-0.5026050753139827,-0.5023165402961027,-0.5025605654022163,-0.5022669896924102,-0.5015632452943013,-0.501785517878403,-0.5011108627777892,-0.5010452720803095
2015-12-31,,,,,,,,,,,,,,,,,,,,,,,,,,,,,,,,,,,,,,,,0.09802569997821542,0.12980863863560546,0.1524583428345489,0.1296903605703501,0.09827953738634654,0.03212942719805062,0.0199800184210856,-0.039572000688682996,-0.1293956527337664,-0.12532655415793037,-0.13888466446145042,-0.16071490828848822,-0.21073072727781372,-0.2665549793587588,-0.3283449486019673,-0.32102136889176225,-0.36925329593597966,-0.4061139814340349,-0.3837522938526675,-0.4405392670485724,-0.4312186749317295,-0.42232157767090894,-0.42324429663531227,-0.4312293328128809,-0.4291256558585458,-0.43369149101933735,-0.43656478035212043,-0.4362962435847847,-0.4390239188142916,-0.4418612369299546,-0.4419822610194988,-0.4468326676572998,-0.4502048007723023,-0.45030348706360723,-0.45103035923870083,-0.4494770310496077,-0.4506266096099282,-0.4513884776341429,-0.4519873296855652,-0.4533335777861581,-0.46308285960622275,-0.46286839959487514,-0.4590047698896891,-0.45762226359906777,-0.4585545221989854,-0.4582063453207471,-0.4580536923590699,-0.45807176126841664,-0.45761582262438505,-0.4572889076356834,-0.45751899762667947,-0.45719452132376603,-0.4564927191634619,-0.45666446347786027,-0.4559685835728494,-0.4558767871491842
2016-03-31,,,,,,,,,,,,,,,,,,,,,,,,,,,,,,,,,,,,,,,,,0.13632679162975264,0.1589489727267351,0.1356556904523806,0.1039965563244955,0.03916970964947397,0.027710665988786798,-0.030741341495651386,-0.11915057356564185,-0.11415242656771918,-0.12834476066935985,-0.15021566508012874,-0.19937164968144716,-0.25452974278406015,-0.3149535142671005,-0.30934546978127786,-0.35653842419606663,-0.39356509305461096,-0.3748191491111166,-0.42509755774197533,-0.4195138803998031,-0.45407193727220485,-0.45034580438571636,-0.4579562186621037,-0.4552659858519955,-0.4603216007175277,-0.46356043337908415,-0.4631154785618007,-0.4661257865073962,-0.46934176476845213,-0.469415902904031,-0.47494561312201833,-0.4786721787068001,-0.4787224332387673,-0.4795869417784736,-0.47779641898429703,-0.4791601752520732,-0.48001741569807765,-0.4807051833140774,-0.482188217979617,-0.4936001426985288,-0.49332543034296894,-0.4887625017982383,-0.4871364918201022,-0.4882662500649184,-0.4878443052113488,-0.48763217019501937,-0.48763155140595293,-0.48719897153579694,-0.48682958187176584,-0.4870446352370911,-0.48668632230384834,-0.4859850792318211,-0.486101387405527,-0.48538084946234117,-0.4852606229777582
2016-06-30,,,,,,,,,,,,,,,,,,,,,,,,,,,,,,,,,,,,,,,,,,0.16530357002920762,0.14146837468515458,0.10955508887011306,0.04604412139734537,0.03523216772191612,-0.02212571470664071,-0.10908120606426663,-0.10319080012730336,-0.11792198598080439,-0.13980685141543336,-0.18806132560842037,-0.2425144147762477,-0.3015573782594436,-0.2976125182140078,-0.3437699762538736,-0.3810005054420442,-0.36566573380023737,-0.4097819177071059,-0.407956862322882,-0.44107760404779695,-0.44854455003081806,-0.45249014891343065,-0.4484364995845349,-0.4538472342549038,-0.457517071324015,-0.45686472976463266,-0.4602086674570821,-0.46383469747820116,-0.4638435403629939,-0.47014631502831117,-0.4742628925109975,-0.47425050714204775,-0.4752800715344251,-0.473219001403382,-0.47482981759463105,-0.475795208407761,-0.47658417000267184,-0.4782197108416141,-0.4914858585467271,-0.4911339079721364,-0.4857924326973494,-0.4839015407181716,-0.4852489410583827,-0.4847446828195501,-0.4844679693274576,-0.48445021636936836,-0.4840414194692737,-0.48362505445130666,-0.4838238320960011,-0.48342837796205784,-0.482726063031528,-0.48278151203428654,-0.4820323732878943,-0.4818812066349062
2016-09-30,,,,,,,,,,,,,,,,,,,,,,,,,,,,,,,,,,,,,,,,,,,0.14713352918228148,0.11496533289875677,0.05275950572804455,0.042555214671079256,-0.013715938986764042,-0.09918715063665018,-0.09243960636381943,-0.10761831852879211,-0.12949137467281863,-0.17681156681718702,-0.23051899857611502,-0.28818081934945894,-0.2858282585491876,-0.33096568085919653,-0.3684093322422388,-0.3562706510710134,-0.39459063051387167,-0.39647749232502216,-0.42814003245259025,-0.4351049108607521,-0.43701397797946173,-0.42923063242716264,-0.43446286042258786,-0.4386910164582357,-0.4378165543027184,-0.4415773770922834,-0.4456345199419338,-0.44555203976646907,-0.4527355220619964,-0.4572783910801571,-0.4571869295214239,-0.4584133116043708,-0.45604407228902555,-0.4579392182781924,-0.45902736359509666,-0.45993162234068974,-0.461736970606652,-0.4770739677160777,-0.47662544534216966,-0.47041663451897686,-0.46823706051791325,-0.4698245743146935,-0.4692284618057896,-0.46888140758882413,-0.4688482649320145,-0.46846369244166586,-0.4679954007564221,-0.4681765214297531,-0.4677402017495592,-0.4670348924301361,-0.46702347905515207,-0.4662412140554639,-0.46605627962254814
2016-12-31,,,,,,,,,,,,,,,,,,,,,,,,,,,,,,,,,,,,,,,,,,,,0.12023629772318445,0.05932186296476011,0.0496892013748218,-0.005504208114075371,-0.08946879625503601,-0.08189801796624002,-0.09743789382312229,-0.1192746450514795,-0.16563579583867238,-0.2185570969673274,-0.27484885876849807,-0.2740043423879106,-0.3181462651994523,-0.3557903673721259,-0.3466269174201815,-0.379528648097465,-0.3850265952516879,-0.4152413548075333,-0.42164497833231807,-0.42509146517877927,-0.4073546597420439,-0.4107362114537666,-0.41584628792621336,-0.41479823285099304,-0.4191377493277265,-0.4236245893247921,-0.4234126655165358,-0.43159954776102893,-0.43660340832022015,-0.436413741338998,-0.4378739700330392,-0.4351541785864951,-0.4373759420419885,-0.438603600578093,-0.4396394519633837,-0.44163349325892676,-0.45928730775496496,-0.4587201875171598,-0.4515443634110744,-0.4490496082011387,-0.45090234671411167,-0.45020372519767016,-0.4497798484955846,-0.44973330358325925,-0.44937342624601906,-0.44884776117256264,-0.4490097015366675,-0.44852831122953873,-0.44781774079806813,-0.4477328074072745,-0.44691222211703363,-0.4466903394827927
2017-03-31,,,,,,,,,,,,,,,,,,,,,,,,,,,,,,,,,,,,,,,,,,,,,0.06573652536611538,0.05664246938990686,0.0025162243696733033,-0.07992696720310477,-0.0715659640700661,-0.08738624638827153,-0.10916372046530498,-0.1545482441475769,-0.206644635958115,-0.2615864171824932,-0.2621566118467099,-0.30533422327902204,-0.3431497390814915,-0.3367389009972188,-0.3646055330847756,-0.37357190660317086,-0.40237357420462583,-0.4081641510245545,-0.41312316416587713,-0.3945566016344587,-0.38506285755182623,-0.3920289546805652,-0.39106538250179934,-0.39635473174423264,-0.40122206281777795,-0.4008222319758111,-0.41014843462800954,-0.41564192653038456,-0.4153317066812722,-0.4170692847249323,-0.4139513292837652,-0.41654771970482296,-0.41793422672217995,-0.41912065016116395,-0.4213237543153403,-0.4415749756244015,-0.44086413667402546,-0.4326091618795319,-0.42976972427932336,-0.43191579637598054,-0.4311027697906329,-0.43059481992242565,-0.4305371681710912,-0.4302025094115216,-0.4296134868497056,-0.4297545894286665,-0.4292233688371083,-0.4285048624125791,-0.4283390111261659,-0.4274741412630484,-0.4272117382541213
2017-06-30,,,,,,,,,,,,,,,,,,,,,,,,,,,,,,,,,,,,,,,,,,,,,,0.06342250409995265,0.010351296582868319,-0.07056265155416097,-0.061443755641580555,-0.07746970622123728,-0.09916662252220998,-0.14356332091639123,-0.19479883833566364,-0.24841766443338975,-0.2503036924303703,-0.29255282718151887,-0.33049896180214644,-0.32661971634021614,-0.3498338208668208,-0.36209465824744613,-0.38953626014280496,-0.39466947170818667,-0.40108349491399253,-0.3816894097936574,-0.37298798649166875,-0.39679828613278867,-0.3968670855332731,-0.40408036513054424,-0.40917100501281334,-0.408489229402332,-0.4190922939332987,-0.4250888548229862,-0.4246321321468477,-0.4266986461212542,-0.4231293145585042,-0.42615483084904726,-0.4277226510884756,-0.42908198192677194,-0.43151573273834964,-0.45468614341511504,-0.45380289600072,-0.4443423292993677,-0.4411253811838036,-0.4435963065805346,-0.44265560281214733,-0.4420555214185119,-0.4419894488268298,-0.44168062642280237,-0.4410216908218473,-0.44114018477105343,-0.4405537281913693,-0.4398241239511611,-0.4395691159077664,-0.4386531054732511,-0.4383461756750856
2017-09-30,,,,,,,,,,,,,,,,,,,,,,,,,,,,,,,,,,,,,,,,,,,,,,,0.01800633702479726,-0.061376797031736596,-0.051531801561068125,-0.06769492530873289,-0.08929179664931125,-0.13269512533688987,-0.18303740912121247,-0.23536553119416714,-0.2384658510334735,-0.27982534500947776,-0.31785332988810944,-0.31628902110181567,-0.33522772983569127,-0.35058670406719217,-0.3767346377779677,-0.38117355175907475,-0.3889604180661601,-0.36875372811813356,-0.36081684100135236,-0.3866521297585721,-0.44914026303803567,-0.46111126859412543,-0.46599411254997203,-0.4648716826416728,-0.47685023178192487,-0.4833280464092734,-0.48269586733458525,-0.48515318070557045,-0.4810735194161212,-0.48458995149528616,-0.4863654155435695,-0.4879242791862253,-0.49061092862315336,-0.5170717875470312,-0.5159833077652934,-0.5051742200672822,-0.5015432665125338,-0.5043744556449113,-0.5032912883387065,-0.5025901912987318,-0.5025188809386563,-0.5022366781609178,-0.5015006850413793,-0.5015947272350612,-0.5009468665603651,-0.5002024173897999,-0.49984905197017127,-0.4988740064191616,-0.49851806347781935
2017-12-31,,,,,,,,,,,,,,,,,,,,,,,,,,,,,,,,,,,,,,,,,,,,,,,,-0.05237016205712253,-0.041830398958168424,-0.058068512880052436,-0.07954769312984833,-0.1219570791113081,-0.17137789994857056,-0.2224513557432204,-0.2266640802504335,-0.267174433912191,-0.3052306045634334,-0.3057711659252823,-0.32080215971415504,-0.3390481099380336,-0.36397801360285553,-0.36769286556043856,-0.3767525088606992,-0.35575837653450537,-0.34854451165529243,-0.37629334729587227,-0.43498369862387,-0.4280214309792547,-0.43147204942442396,-0.4296118347158676,-0.44290223650948923,-0.4497564908274312,-0.44892165147020324,-0.45184476368292825,-0.44719044673697095,-0.4512676540213466,-0.45328195047216147,-0.45507257309443394,-0.45803405283612997,-0.48821666496617044,-0.4868853118892762,-0.4745656730195331,-0.47048021105485516,-0.4737115258776916,-0.4724694596667669,-0.4716576551658547,-0.4715849259865754,-0.4713304101060213,-0.47050963975802507,-0.47057738748184363,-0.4698610397102382,-0.46909728883788193,-0.46863525483161195,-0.4675920612648734,-0.4671820907184434
2018-03-31,,,,,,,,,,,,,,,,,,,,,,,,,,,,,,,,,,,,,,,,,,,,,,,,,-0.03233958388945263,-0.04859676106099209,-0.06994244903747926,-0.1113616588848399,-0.15983722375568082,-0.20969464263999416,-0.21491937510328396,-0.2546216806608309,-0.29264995162388463,-0.2950936536315303,-0.3065719274692761,-0.3274851430098987,-0.3512784882345833,-0.3542463616228345,-0.3644664868073261,-0.3427181677545048,-0.3361758132483834,-0.36570688809854945,-0.42061150478531784,-0.4133688934547448,-0.39321936591764295,-0.3899106851127192,-0.4039263391940978,-0.41084940327748865,-0.40980677391292164,-0.41328607173186016,-0.4079891146069836,-0.412705703488524,-0.41499622843691897,-0.41705827387535876,-0.420314491284396,-0.45472385663070847,-0.453106335148893,-0.4390918484184828,-0.43450704766073733,-0.43818346225895166,-0.43676429246629034,-0.43583135825701025,-0.43576184717593436,-0.4355365639993535,-0.43462279051752073,-0.43466252239772585,-0.43386948346889487,-0.4330811056942312,-0.43249879134479585,-0.4313768954059648,-0.43090730540075683
2018-06-30,,,,,,,,,,,,,,,,,,,,,,,,,,,,,,,,,,,,,,,,,,,,,,,,,,-0.03928544519620697,-0.06048365385526533,-0.10092021117178374,-0.14843129500596247,-0.19711291323696445,-0.2032521726156632,-0.2421872657925711,-0.28013109285136417,-0.2842858683759881,-0.2925511982940101,-0.3159086041264184,-0.338649913677449,-0.34085434396062264,-0.35211514321129256,-0.32965210213683205,-0.3237228879409402,-0.3548909573085718,-0.40606465601351693,-0.3985855400328211,-0.3819188026720637,-0.38825568499106544,-0.4008368699182038,-0.4070183142278795,-0.40586008233427506,-0.40999453124342644,-0.4039896078742238,-0.40943347994416535,-0.4120457094281029,-0.41442880927855663,-0.4179947558309014,-0.45722739405121526,-0.4552737156665826,-0.4393539214434917,-0.4342203626965554,-0.43839275049005044,-0.4367764126096735,-0.4357113643162345,-0.4356507638858238,-0.4354570548445714,-0.4344417104303271,-0.4344520188594957,-0.4335726758993448,-0.4327532749483056,-0.4320375143136198,-0.4308246406168881,-0.4302892136683727
2018-09-30,,,,,,,,,,,,,,,,,,,,,,,,,,,,,,,,,,,,,,,,,,,,,,,,,,,-0.05117818400753937,-0.0906428347675518,-0.13717477401458417,-0.1847216307448843,-0.19168192845918508,-0.22988973048809946,-0.26769363882595365,-0.2733780395028229,-0.27875307585602016,-0.30433245471308235,-0.3261070581608727,-0.3275375832071513,-0.33971561504676484,-0.31658188873987636,-0.31120320213862995,-0.34385413227782413,-0.3913861603512191,-0.38370416870436896,-0.37044428258141726,-0.3748532719452252,-0.36026261135691984,-0.3636714565815119,-0.3628469349782186,-0.3676927114692471,-0.36094088656333323,-0.36720994343437763,-0.370200215170426,-0.37296729959781405,-0.3768480754517276,-0.42161544134987783,-0.41926764360481805,-0.4012010014959072,-0.3954645114766162,-0.40019060880886825,-0.39835513672631284,-0.39714672670312745,-0.39710208270446534,-0.39694360596910594,-0.3958181093880926,-0.39579819335007005,-0.3948211063205673,-0.3939629631142534,-0.39309867451076597,-0.39178047666639426,-0.39117232502324084
2018-12-31,,,,,,,,,,,,,,,,,,,,,,,,,,,,,,,,,,,,,,,,,,,,,,,,,,,,-0.08053831778035964,-0.1260808969050956,-0.17253418502149576,-0.18022680824607562,-0.2177458281237843,-0.2553565749639366,-0.2624004085186754,-0.26518932167934817,-0.29277269585834875,-0.3136649465939263,-0.31431662215834166,-0.32728795939956445,-0.3035307467170427,-0.2986378861588659,-0.3326129042294381,-0.3766196053380749,-0.3687602798082288,-0.35879073343746115,-0.3612618479749894,-0.3484827725061225,-0.34626005660650927,-0.34743661585744334,-0.3527941027162691,-0.3453685468027483,-0.35257304261850164,-0.35601352151319343,-0.3592447711936154,-0.3634265982260476,-0.4145851112028338,-0.4117758135563703,-0.3912831986798502,-0.3848847392642675,-0.3902304279661686,-0.38815199752243945,-0.3867891939813308,-0.3867692214877907,-0.38665184804765873,-0.38540823442550276,-0.38535831970787693,-0.38426956553734914,-0.383363356109484,-0.38233296690343943,-0.38089260182488194,-0.3802041265079942
2019-03-31,,,,,,,,,,,,,,,,,,,,,,,,,,,,,,,,,,,,,,,,,,,,,,,,,,,,,-0.11516137531408233,-0.16056192441549244,-0.1689034739980818,-0.20577044489514396,-0.24313787625399774,-0.25138257097173955,-0.2518701783239877,-0.2812464628063147,-0.30133834895862655,-0.3012112450098279,-0.3148539878205737,-0.2905224466306118,-0.2860503711772491,-0.32118959746429987,-0.3618080107455306,-0.3537905500996861,-0.3469637432446907,-0.34752698915374847,-0.3366041714812009,-0.33365017965235855,-0.3914693065156518,-0.39615995356633926,-0.3885276519321942,-0.39680028372689713,-0.4007909341217082,-0.40458732242588025,-0.4090198363005253,-0.46760408866572456,-0.4642554366615339,-0.4410107676077809,-0.4338859433495251,-0.4399273413021788,-0.43758055291289755,-0.4360533074655756,-0.4360685253552735,-0.4360020436828411,-0.4346342313441959,-0.4345561232211276,-0.4333381183199656,-0.4323727035010967,-0.43115506679541926,-0.42957272600540886,-0.4287955681415748
2019-06-30,,,,,,,,,,,,,,,,,,,,,,,,,,,,,,,,,,,,,,,,,,,,,,,,,,,,,,-0.14881422389993987,-0.15772694893424744,-0.1939765760794318,-0.2310542293754273,-0.24035296808890327,-0.2388042751045275,-0.26977130283259965,-0.28914139268833905,-0.28824008358159514,-0.30243632452712466,-0.27758055611014987,-0.2734652829028289,-0.30961062235292625,-0.34699294199270303,-0.33883163032351604,-0.3349770522536899,-0.33369363533245,-0.32462968357085287,-0.3210248200415462,-0.37975699168040467,-0.3839807813296433,-0.3778492197762304,-0.3873875673359939,-0.3920936241976347,-0.3965769838894959,-0.4011341018897532,-0.4683707110712717,-0.46439542109551857,-0.43801045529677995,-0.4300870207523698,-0.4369148845426891,-0.43427391848498187,-0.4325746038136655,-0.4326367000764031,-0.43263846637836534,-0.4311450726594981,-0.431042787248472,-0.42967183503895134,-0.42863446049059617,-0.4272024367937819,-0.42545498637941936,-0.4245799346628871
2019-09-30,,,,,,,,,,,,,,,,,,,,,,,,,,,,,,,,,,,,,,,,,,,,,,,,,,,,,,,-0.14671054603009204,-0.18237534642385483,-0.21912084371725205,-0.22933850582095971,-0.22599859855831517,-0.25836460860927635,-0.2770872783262267,-0.2754203373756102,-0.2900576565202816,-0.2647278586186316,-0.2609075559346655,-0.2979050221191273,-0.3322138438271265,-0.3239192151880368,-0.32285043511517486,-0.31980526567317435,-0.3125692894326587,-0.30839323784853223,-0.36782620454602555,-0.3749715975373843,-0.48976992852213597,-0.5010033307899661,-0.506787704447381,-0.5120903947994534,-0.5164733575754448,-0.5936954150458913,-0.5890025030106936,-0.5589999985352114,-0.5501897303862149,-0.5579196839303422,-0.5549622441614197,-0.5530889655555153,-0.5532083182318956,-0.5533113828270053,-0.5517024294527225,-0.5515827386430878,-0.5500237149550533,-0.5489015254330447,-0.5472161721979388,-0.5452773799418958,-0.5442942074782557
2019-12-31,,,,,,,,,,,,,,,,,,,,,,,,,,,,,,,,,,,,,,,,,,,,,,,,,,,,,,,,-0.17097606483948308,-0.20735133532133698,-0.21836428149635867,-0.21345851282987072,-0.24704318277763315,-0.2651880806007624,-0.2627675874456209,-0.2777401474019894,-0.2519859179662557,-0.24840173684000943,-0.28610327700299776,-0.3175075589032612,-0.3090873417199105,-0.31060792605540355,-0.3059032685691133,-0.30043824081255177,-0.2957688030737877,-0.3557159337647501,-0.3656685866217253,-0.4759430209777621,-0.43786020987906094,-0.44576468852354856,-0.4519979502405024,-0.4554727740734589,-0.5437115673891324,-0.5382106876397986,-0.5039798444814321,-0.49416296943754245,-0.502955979590648,-0.49967452395206313,-0.497639703122038,-0.49782158218465267,-0.4980909400234945,-0.4964037990037995,-0.49627660414434516,-0.494473206341254,-0.4932579543883828,-0.49125522249871123,-0.48909779991346514,-0.4879954231472292
2020-03-31,,,,,,,,,,,,,,,,,,,,,,,,,,,,,,,,,,,,,,,,,,,,,,,,,,,,,,,,,-0.1957576699846134,-0.2074534006066553,-0.20118781765921856,-0.23582291261557853,-0.25345461954348547,-0.25029568682291703,-0.2655049900193237,-0.23937476467574703,-0.23597144769934086,-0.2742363327772367,-0.3029080003797815,-0.2943678780573701,-0.2982763446090325,-0.29202647772396984,-0.28825552197220916,-0.28316769303184197,-0.34346465408330873,-0.35607801736321854,-0.46169863702592506,-0.429414885815382,-0.4308848314099005,-0.4396187860087565,-0.4400097657199854,-0.5658481893304818,-0.5577157601161479,-0.5175766484315778,-0.5057543372848712,-0.5168321062546627,-0.5133222930815823,-0.5109785676937812,-0.5112653481085205,-0.5120194000779164,-0.5108686288158508,-0.5101018297849093,-0.5081706772055716,-0.5077565138934762,-0.5044786916991233,-0.5026894914905453,-0.501523972344021
2020-06-30,,,,,,,,,,,,,,,,,,,,,,,,,,,,,,,,,,,,,,,,,,,,,,,,,,,,,,,,,,-0.1966268683586203,-0.18918883381071527,-0.22471853647225848,-0.2418963884559081,-0.2380167126795244,-0.25337207607139967,-0.22691268339458792,-0.22363898521592462,-0.26233482377643236,-0.2884459516508757,-0.2797901699866485,-0.28588408367125306,-0.2782108489995342,-0.27604257121409115,-0.27060782101428127,-0.33110980620388575,-0.34621370478167757,-0.44713814715922473,-0.4205298489467102,-0.421711705409352,-0.42163415066470156,-0.41222862667771853,-0.5595814893976082,-0.5497002883893628,-0.5040173245787948,-0.49074838962302636,-0.5035195733796788,-0.499542356784635,-0.49683430392120465,-0.49723730639057595,-0.49817826717660274,-0.49705395193557056,-0.4959987798658333,-0.49390053246263543,-0.4937033825385104,-0.4897536408829838,-0.4879253123040267,-0.48663745376796885
2020-09-30,,,,,,,,,,,,,,,,,,,,,,,,,,,,,,,,,,,,,,,,,,,,,,,,,,,,,,,,,,,-0.17746250760961152,-0.2137434860962829,-0.23052152744433563,-0.22594096755823811,-0.24135976351816912,-0.21461608330608317,-0.21142503351551623,-0.25042846358278525,-0.2741489698838422,-0.265380817078293,-0.2734601254954374,-0.2644892553414204,-0.26382223000496297,-0.25810796617841836,-0.318687369355101,-0.3360953361166066,-0.4323519311088825,-0.41122621125325165,-0.4121818778837323,-0.41156112470836803,-0.39831768132086864,-0.5547010481606562,-0.5439078045464505,-0.4928554893501996,-0.47863644488165336,-0.49251968690317194,-0.4875719167723135,-0.4841366708403756,-0.4845248681975084,-0.4852668914016648,-0.4835493546938654,-0.48242665302181986,-0.4801696407141629,-0.4796855433080407,-0.4756712481469889,-0.47346141393015995,-0.47197148724158766
2020-12-31,,,,,,,,,,,,,,,,,,,,,,,,,,,,,,,,,,,,,,,,,,,,,,,,,,,,,,,,,,,,-0.20290979114753716,-0.21933683291701,-0.21407701888779074,-0.22948472505875128,-0.2024994359446899,-0.19934847149196777,-0.23854557929375209,-0.2600413732018195,-0.2511635542440219,-0.2610332548036811,-0.2508913796377219,-0.25161789019115044,-0.24568707738654427,-0.30623152136538667,-0.3257470024850926,-0.41742022975789916,-0.4015311851540002,-0.40231812982829585,-0.4013118153745546,-0.38891581550504206,-0.5547922276725847,-0.5438519446307464,-0.486696522591457,-0.4718343055054991,-0.4862608461800587,-0.4792032479298596,-0.4740291824835968,-0.47383366541251337,-0.4740654100832099,-0.4711145524272706,-0.46994228385050996,-0.46743473381798895,-0.4663212731557289,-0.4627328659220886,-0.45990982100732636,-0.45809198662025463
2021-03-31,,,,,,,,,,,,,,,,,,,,,,,,,,,,,,,,,,,,,,,,,,,,,,,,,,,,,,,,,,,,,-0.20834779490411948,-0.202431767660185,-0.2177618631237429,-0.19057526700095467,-0.18742625800997886,-0.2267127678803057,-0.2461442941669777,-0.23715921799652429,-0.24863144142517335,-0.2374436877401529,-0.23945281264723972,-0.2333637264199515,-0.2937743793345734,-0.3151959253712565,-0.40241393693120875,-0.3914766142952182,-0.39214773909680944,-0.3909004602861287,-0.37914351879432595,-0.5408453277848545,-0.576998865644091,-0.5166105991016811,-0.5008350932512793,-0.5172786981803155,-0.5087600839935619,-0.5023657326162325,-0.5019633561621543,-0.5023401183329509,-0.4990878973862076,-0.49760790553850576,-0.49476019230127966,-0.49365898699544886,-0.48948931098583215,-0.4864106182353941,-0.48435656574997354
2021-06-30,,,,,,,,,,,,,,,,,,,,,,,,,,,,,,,,,,,,,,,,,,,,,,,,,,,,,,,,,,,,,,-0.19101053859993894,-0.2062042787740277,-0.1788541906339714,-0.17567338048007475,-0.21495465553331983,-0.2324757847207073,-0.22338577972246998,-0.2362813678558653,-0.22416946607540755,-0.22734959338742367,-0.2211556885680086,-0.2813458130445803,-0.3044713648812767,-0.3873953418343252,-0.38109766716494653,-0.3817012546363514,-0.3803445293716834,-0.36904194553089664,-0.5276283060444493,-0.5636186282375102,-0.44299452539357076,-0.4270607934068503,-0.44607932157427266,-0.43578846029738505,-0.42777468115483197,-0.4270936382117413,-0.42762484614334473,-0.42402185004026605,-0.4221630361324781,-0.41896151138243964,-0.4178951484836205,-0.4130844963393242,-0.40973228420155694,-0.40741283493850977
2021-09-30,,,,,,,,,,,,,,,,,,,,,,,,,,,,,,,,,,,,,,,,,,,,,,,,,,,,,,,,,,,,,,,-0.19482328363806278,-0.1673449765181953,-0.16410285429339544,-0.2032937430953219,-0.21905095995374912,-0.20985843092938228,-0.22400807986179172,-0.21108891029305266,-0.2153297556850513,-0.2090796310159122,-0.2689733228343988,-0.29360369540948283,-0.37241882925489966,-0.3704316921395042,-0.3710114214288298,-0.36966382382333096,-0.3586525988001793,-0.5149161255696421,-0.5506610917943858,-0.433310673296452,-0.44038026062050584,-0.4632947529356287,-0.4510921794181705,-0.4409058351235935,-0.4398610960914856,-0.4406124758383282,-0.4366587408016277,-0.43437098727071355,-0.43080645056894284,-0.42980231136672264,-0.4242859594757882,-0.42063940101623387,-0.4180265848920627
2021-12-31,,,,,,,,,,,,,,,,,,,,,,,,,,,,,,,,,,,,,,,,,,,,,,,,,,,,,,,,,,,,,,,,-0.15605464135858826,-0.15272576236437246,-0.1917503226928129,-0.20588217003827758,-0.19658970774680495,-0.21183474074560493,-0.19821925323806622,-0.20341344908665704,-0.19715089170954392,-0.2566819736346776,-0.28262363376625455,-0.3575315420746965,-0.35951722843230327,-0.3601122509298328,-0.35887969464193603,-0.3480167368191809,-0.5025343346829291,-0.5379567086020484,-0.42317415233455835,-0.42974022456051175,-0.44584410957506915,-0.43223853633935994,-0.4181739460505267,-0.41653997211634686,-0.4173650630442237,-0.411112337090903,-0.4069142685424454,-0.40257327529318576,-0.40157338873595383,-0.3949945842237932,-0.3908271333241178,-0.3877517073752552
2022-03-31,,,,,,,,,,,,,,,,,,,,,,,,,,,,,,,,,,,,,,,,,,,,,,,,,,,,,,,,,,,,,,,,,-0.14155132559604905,-0.18034245252730308,-0.19297919138002134,-0.1835896439901244,-0.19978247217581224,-0.18557492220489907,-0.1916192383714287,-0.18538333345447772,-0.24449437709793154,-0.27156160473796864,-0.34277400888217746,-0.3483931645649744,-0.3490382291438603,-0.3480143739394731,-0.3371748528701449,-0.4903503038554975,-0.5253784034278804,-0.412612135894708,-0.4185427809706076,-0.4338335975196346,-0.3793353718992265,-0.3596548375869465,-0.35605176541327044,-0.3538111384174534,-0.34557943712209416,-0.3400132600458484,-0.33438116984876964,-0.33340227378738807,-0.3256173708511376,-0.3208944721338648,-0.31732640021083425
2022-06-30,,,,,,,,,,,,,,,,,,,,,,,,,,,,,,,,,,,,,,,,,,,,,,,,,,,,,,,,,,,,,,,,,,-0.1690859784601106,-0.18034942956391653,-0.170865943865885,-0.18787026655533245,-0.17316771693327399,-0.17996396749814048,-0.17378925990896366,-0.23243071418403238,-0.260447229343143,-0.3281807383140819,-0.33709803411932016,-0.3378236527510181,-0.3370904108869086,-0.3261662321368475,-0.4782657778052176,-0.5128339204319723,-0.40165918126292743,-0.40686396760082855,-0.4216272118260517,-0.3687676373371066,-0.26421185460272123,-0.2575417090654277,-0.252434842964013,-0.24196788675894065,-0.23503186467151016,-0.22828749225960843,-0.2269904331167234,-0.21797326359129465,-0.212701197840932,-0.2086418507906339
2022-09-30,,,,,,,,,,,,,,,,,,,,,,,,,,,,,,,,,,,,,,,,,,,,,,,,,,,,,,,,,,,,,,,,,,,-0.16799812799203118,-0.15842416693879413,-0.17611495779257708,-0.16100700115159994,-0.16846268540407205,-0.16237938186067874,-0.2205087911020921,-0.24930892161129536,-0.3137807810267287,-0.3256694374236816,-0.3265020826844536,-0.3261302034762724,-0.31502858500009046,-0.46621055423771474,-0.5002593273137039,-0.3903550544860501,-0.39477748607723817,-0.4092320940547225,-0.3579385263943734,-0.25410484719295323,-0.19190147791659395,-0.18179716445175553,-0.167713912276851,-0.15930438635480781,-0.15154914707445644,-0.1499419596012464,-0.13953715362945618,-0.13373020930853807,-0.12918023170577897
2022-12-31,,,,,,,,,,,,,,,,,,,,,,,,,,,,,,,,,,,,,,,,,,,,,,,,,,,,,,,,,,,,,,,,,,,,-0.14626791931899275,-0.1645312390467769,-0.14909990167137183,-0.15712862218069684,-0.15116282374084278,-0.20874412211997084,-0.23817358045876968,-0.2995982597815384,-0.3141435772967833,-0.3151059040770886,-0.31515561696449645,-0.30379775372166296,-0.45413712966467323,-0.48761351371141426,-0.3787428993515132,-0.3823539595047323,-0.39666440991963614,-0.3468706092376883,-0.24389104568800324,-0.1821787047418415,-0.19550182020059337,-0.17272026155631792,-0.16294840987426068,-0.15440980298818802,-0.15256182028226922,-0.1409072539841012,-0.13432407487478343,-0.1292895010520949
2023-03-31,,,,,,,,,,,,,,,,,,,,,,,,,,,,,,,,,,,,,,,,,,,,,,,,,,,,,,,,,,,,,,,,,,,,,-0.15313171756122546,-0.1374515100952835,-0.14597320565658278,-0.14014716173576547,-0.19715003339485737,-0.22706636410514824,-0.28565286793239975,-0.3025548968734779,-0.3036659814166164,-0.3041876798738292,-0.2925074877022842,-0.4420161764333833,-0.4748735450371906,-0.3668677130537933,-0.36966035810617504,-0.3839468468747641,-0.33559176289938286,-0.23357976553581827,-0.17241344965202904,-0.18499806615834763,-0.14408115550481965,-0.13375892727081345,-0.12475313249762127,-0.12288843142216105,-0.11013785180643954,-0.10276671629418821,-0.09710253175342692
2023-06-30,,,,,,,,,,,,,,,,,,,,,,,,,,,,,,,,,,,,,,,,,,,,,,,,,,,,,,,,,,,,,,,,,,,,,,-0.12606508313283282,-0.13500610977737448,-0.12933848611406285,-0.18573778262649315,-0.2160105354154136,-0.271960336555477,-0.2909358077570955,-0.29221139796308815,-0.2932463486548138,-0.2811892814196142,-0.429832734679636,-0.46203075283996986,-0.3547750934110988,-0.3567595753569731,-0.3711065547497625,-0.3241333817449802,-0.2231858903937637,-0.16262146263691224,-0.17432404230168297,-0.13851240328041792,-0.11790015198687281,-0.10828358047397041,-0.10701524144731067,-0.09331234639281927,-0.08524569543146898,-0.07897992277123245
2023-09-30,,,,,,,,,,,,,,,,,,,,,,,,,,,,,,,,,,,,,,,,,,,,,,,,,,,,,,,,,,,,,,,,,,,,,,,-0.12423532739451093,-0.11874148150805286,-0.17451668996898262,-0.20502736752917816,-0.25853287051357676,-0.27931649719420115,-0.2807692689113458,-0.2823503325065343,-0.2698722685670857,-0.4175830192308756,-0.44908745935355165,-0.3425102249351595,-0.34371013684428064,-0.35817346553310925,-0.3125289121053897,-0.21272813155429005,-0.15282069217505884,-0.16354159657938183,-0.13238611876572975,-0.11090095034997877,-0.06721239314269356,-0.06816679920272606,-0.05350330077744492,-0.045046952666984996,-0.03825115690411207
2023-12-31,,,,,,,,,,,,,,,,,,,,,,,,,,,,,,,,,,,,,,,,,,,,,,,,,,,,,,,,,,,,,,,,,,,,,,,,-0.10835951988049386,-0.16349427624451884,-0.1941361001196108,-0.2453795538586987,-0.2677248035796691,-0.2693646183564129,-0.271516970344869,-0.2585831656935982,-0.4052717551949062,-0.43605424779083923,-0.33011707356224895,-0.3305660244529156,-0.34517893694074997,-0.3008126659829595,-0.20222762016840157,-0.14303021501021929,-0.1527059704417525,-0.1257798972102278,-0.10335240897178755,-0.06012705203386681,-0.05073909141561561,-0.03433154061320465,-0.026378685844161975,-0.0192943805476003
2024-03-31,,,,,,,,,,,,,,,,,,,,,,,,,,,,,,,,,,,,,,,,,,,,,,,,,,,,,,,,,,,,,,,,,,,,,,,,,-0.15267640507375996,-0.1833539375900195,-0.2325067251202667,-0.2561861503186157,-0.2580203107925143,-0.26076215247371914,-0.2473462586878411,-0.39290996757917196,-0.42294770171983576,-0.3176377623656351,-0.3173765992656704,-0.33215467169820156,-0.289018874187281,-0.19170678019695558,-0.13326940282752514,-0.14186605877492048,-0.11876486266393094,-0.09536453087312924,-0.052492223664367954,-0.043811435555803635,-0.10841991390447958,-0.10327894561289908,-0.09671658061109023
2024-06-30,,,,,,,,,,,,,,,,,,,,,,,,,,,,,,,,,,,,,,,,,,,,,,,,,,,,,,,,,,,,,,,,,,,,,,,,,,-0.17269608144895643,-0.21991832318284887,-0.24472352885424076,-0.24675702860687332,-0.25010028011596996,-0.2361834256819143,-0.3805131601882532,-0.40978854690639277,-0.3051121030414333,-0.30418660762208083,-0.3191318707391527,-0.27718094402364124,-0.18118843764858905,-0.1235572851040404,-0.13106472739480923,-0.11140614445935748,-0.08703354294204918,-0.04442893591533703,-0.03647500338262932,-0.10064507829621078,-0.09543831556429205,-0.09207609399464933
2024-09-30,,,,,,,,,,,,,,,,,,,,,,,,,,,,,,,,,,,,,,,,,,,,,,,,,,,,,,,,,,,,,,,,,,,,,,,,,,,-0.2076162046115766,-0.2333575224838882,-0.23559328778700594,-0.2395442565781113,-0.22511419030851587,-0.36809982754896575,-0.3966001376476018,-0.29257726035747056,-0.2910362560005326,-0.3061405839630672,-0.26533089085927775,-0.17069512808986187,-0.11391207372267498,-0.12033917160241386,-0.10376327599939922,-0.07844342345859018,-0.03604186772507001,-0.02881665718849802,-0.0922544452146028,-0.08781497386123699,-0.08530716797377691
2024-12-31,,,,,,,,,,,,,,,,,,,,,,,,,,,,,,,,,,,,,,,,,,,,,,,,,,,,,,,,,,,,,,,,,,,,,,,,,,,,-0.22210636340430534,-0.22454548482145087,-0.22910550443731115,-0.21415579968834586,-0.35569025095346973,-0.38340723709251245,-0.2800675290522442,-0.2779613416950556,-0.2932092269374681,-0.2534989166185966,-0.16024856986545938,-0.10435082026140674,-0.10972130184485124,-0.09589054047453788,-0.0696672415765171,-0.027421267720931786,-0.020912564153281576,-0.08338622560864523,-0.07968645022305826,-0.07884714353428302
2025-03-31,,,,,,,,,,,,,,,,,,,,,,,,,,,,,,,,,,,,,,,,,,,,,,,,,,,,,,,,,,,,,,,,,,,,,,,,,,,,,-0.21362796852165733,-0.21879400373940394,-0.203323322015735,-0.3433055360804088,-0.37023504754513537,-0.2676142048503809,-0.2649934275922413,-0.2803642360842673,-0.24171311157395048,-0.14986927512085424,-0.09488918137631697,-0.09923814479924242,-0.08783728096961785,-0.060768341068498266,-0.018644640129464318,-0.012829329620046459,-0.0741592915976183,-0.07116070272189834,-0.07188874117304317
2025-06-30,,,,,,,,,,,,,,,,,,,,,,,,,,,,,,,,,,,,,,,,,,,,,,,,,,,,,,,,,,,,,,,,,,,,,,,,,,,,,,-0.20861834677156665,-0.1926297591241366,-0.3309668552035743,-0.357108452420707,-0.2552455333096876,-0.25216005067276526,-0.2676298385402238,-0.22999925875708482,-0.13957627471371253,-0.08554127152606883,-0.08891225021709825,-0.07964818706803056,-0.05180139337197692,-0.009778233812194337,-0.00462500079126027,-0.06467557602635154,-0.06233177476344548,-0.06452222143930292
2025-09-30,,,,,,,,,,,,,,,,,,,,,,,,,,,,,,,,,,,,,,,,,,,,,,,,,,,,,,,,,,,,,,,,,,,,,,,,,,,,,,,-0.18208616993041304,-0.31869486184891305,-0.34405143650110404,-0.24298672212573347,-0.23948495513675383,-0.25502791609678677,-0.2183807229591952,-0.1293869365422634,-0.07631958554824003,-0.07876209565241993,-0.07136356609463113,-0.042813339464502886,-0.0008783629705504392,0.0036500383348222476,-0.05502216268003879,-0.05328138937877097,-0.056827330286524425
2025-12-31,,,,,,,,,,,,,,,,,,,,,,,,,,,,,,,,,,,,,,,,,,,,,,,,,,,,,,,,,,,,,,,,,,,,,,,,,,,,,,,,-0.30650925001204343,-0.33108665550720495,-0.23086000428915343,-0.22698834226075004,-0.24257794546069844,-0.20687840864969398,-0.11931685979515005,-0.06723497638412979,-0.06880248276322021,-0.06301960423000469,-0.03384423592525565,0.008007417547313878,0.011952264476107533,-0.04527311551795388,-0.044080346358045475,-0.048874477118871607
2026-03-31,,,,,,,,,,,,,,,,,,,,,,,,,,,,,,,,,,,,,,,,,,,,,,,,,,,,,,,,,,,,,,,,,,,,,,,,,,,,,,,,,-0.3182351298552343,-0.21888474111773892,-0.21468713022392028,-0.23029699957895777,-0.1955107732537018,-0.10937983020674596,-0.05829667563171581,-0.05904492024120023,-0.05464862062476761,-0.0249280173799718,0.016839263723695153,0.020244292172106826,-0.03549108583812405,-0.03478975354538716,-0.04072574874038848
2026-06-30,,,,,,,,,,,,,,,,,,,,,,,,,,,,,,,,,,,,,,,,,,,,,,,,,,,,,,,,,,,,,,,,,,,,,,,,,,,,,,,,,,-0.20707755567212327,-0.20259521818318682,-0.21819979697916547,-0.18429388411089453,-0.09958782364160346,-0.04951234664570403,-0.04949798960403151,-0.04627931614934455,-0.016093185134202215,0.025584105352028763,0.02849422027445203,-0.025728728923710753,-0.025462117382642868,-0.03243578984730339
2026-09-30,,,,,,,,,,,,,,,,,,,,,,,,,,,,,,,,,,,,,,,,,,,,,,,,,,,,,,,,,,,,,,,,,,,,,,,,,,,,,,,,,,,-0.1907237498278614,-0.20629878802172985,-0.17324150911477038,-0.08995104727722292,-0.04088816164935205,-0.04016769109651286,-0.037937017382073945,-0.007363429987625014,0.034214807823011784,0.03667503963615748,-0.01602995596618506,-0.016142312903173417,-0.024052574212584388
2026-12-31,,,,,,,,,,,,,,,,,,,,,,,,,,,,,,,,,,,,,,,,,,,,,,,,,,,,,,,,,,,,,,,,,,,,,,,,,,,,,,,,,,,,-0.19460426867169234,-0.1623652325208314,-0.08047800934499122,-0.032428895815983017,-0.031057767806570657,-0.02964391575167835,0.001241804151867476,0.04270942202820205,0.04476409535680709,-0.006431042543030674,-0.006868449542159483,-0.015618085600438314
2027-03-31,,,,,,,,,,,,,,,,,,,,,,,,,,,,,,,,,,,,,,,,,,,,,,,,,,,,,,,,,,,,,,,,,,,,,,,,,,,,,,,,,,,,,-0.15167458873184964,-0.07117560985657023,-0.02413803255416047,-0.022170006825465882,-0.02141930132034159,0.009706810279812461,0.05105051326712251,0.05274259811721216,0.003038388633975986,0.002327353881145411,-0.007168923427044838
2027-06-30,,,,,,,,,,,,,,,,,,,,,,,,,,,,,,,,,,,,,,,,,,,,,,,,,,,,,,,,,,,,,,,,,,,,,,,,,,,,,,,,,,,,,,-0.06204924601591344,-0.016017875318385,-0.013504516883610984,-0.013279790452744744,0.018019157154533616,0.05922456128576492,0.06059518003374795,0.012354495804977828,0.011418274020221109,0.001263154974872449
2027-09-30,,,,,,,,,,,,,,,,,,,,,,,,,,,,,,,,,,,,,,,,,,,,,,,,,,,,,,,,,,,,,,,,,,,,,,,,,,,,,,,,,,,,,,,-0.008069662192967786,-0.0050599823876894545,-0.00523954651215186,0.02616927283732151,0.067221424563574,0.06830949114601342,0.021498444436149955,0.020382158570340703,0.009650746106428965
2027-12-31,,,,,,,,,,,,,,,,,,,,,,,,,,,,,,,,,,,,,,,,,,,,,,,,,,,,,,,,,,,,,,,,,,,,,,,,,,,,,,,,,,,,,,,,0.003166105815386566,0.002689507283155368,0.03415006922007591,0.0750338627625654,0.07587583317370733,0.03045572083836956,0.02920096489124885,0.017970358622786065
2028-03-31,,,,,,,,,,,,,,,,,,,,,,,,,,,,,,,,,,,,,,,,,,,,,,,,,,,,,,,,,,,,,,,,,,,,,,,,,,,,,,,,,,,,,,,,,0.010497483651799255,0.04195660421827668,0.08265711190271255,0.08328682758001077,0.039215523744770664,0.03786025518517061,0.026202012287401433
2028-06-30,,,,,,,,,,,,,,,,,,,,,,,,,,,,,,,,,,,,,,,,,,,,,,,,,,,,,,,,,,,,,,,,,,,,,,,,,,,,,,,,,,,,,,,,,,0.0495857786036763,0.09008850736670279,0.09053711528881547,0.04777022564977529,0.04634874265231059,0.03432887279691299
2028-09-30,,,,,,,,,,,,,,,,,,,,,,,,,,,,,,,,,,,,,,,,,,,,,,,,,,,,,,,,,,,,,,,,,,,,,,,,,,,,,,,,,,,,,,,,,,,0.09732715029102773,0.09762308564687577,0.05611489669077638,0.05465788378006317,0.04233691862042499
2028-12-31,,,,,,,,,,,,,,,,,,,,,,,,,,,,,,,,,,,,,,,,,,,,,,,,,,,,,,,,,,,,,,,,,,,,,,,,,,,,,,,,,,,,,,,,,,,,0.10454263241587669,0.06424688466779457,0.062781512511145,0.050214636696330195
2029-03-31,,,,,,,,,,,,,,,,,,,,,,,,,,,,,,,,,,,,,,,,,,,,,,,,,,,,,,,,,,,,,,,,,,,,,,,,,,,,,,,,,,,,,,,,,,,,,0.07216544548195372,0.07071551251298666,0.05795274436649006
2029-06-30,,,,,,,,,,,,,,,,,,,,,,,,,,,,,,,,,,,,,,,,,,,,,,,,,,,,,,,,,,,,,,,,,,,,,,,,,,,,,,,,,,,,,,,,,,,,,,0.07845752416098578,0.06554393533826003
2029-09-30,,,,,,,,,,,,,,,,,,,,,,,,,,,,,,,,,,,,,,,,,,,,,,,,,,,,,,,,,,,,,,,,,,,,,,,,,,,,,,,,,,,,,,,,,,,,,,,0.07298264777807217
