date,vint_01Q1,vint_01Q2,vint_01Q3,vint_01Q4,vint_02Q1,vint_02Q2,vint_02Q3,vint_02Q4,vint_03Q1,vint_03Q2,vint_03Q3,vint_03Q4,vint_04Q1,vint_04Q2,vint_04Q3,vint_04Q4,vint_05Q1,vint_05Q2,vint_05Q3,vint_05Q4,vint_06Q1,vint_06Q2,vint_06Q3,vint_06Q4,vint_07Q1,vint_07Q2,vint_07Q3,vint_07Q4,vint_08Q1,vint_08Q2,vint_08Q3,vint_08Q4,vint_09Q1,vint_09Q2,vint_09Q3,vint_09Q4,vint_10Q1,vint_10Q2,vint_10Q3,vint_10Q4,vint_11Q1,vint_11Q2,vint_11Q3,vint_11Q4,vint_12Q1,vint_12Q2,vint_12Q3,vint_12Q4,vint_13Q1,vint_13Q2,vint_13Q3,vint_13Q4,vint_14Q1,vint_14Q2,vint_14Q3,vint_14Q4,vint_15Q1,vint_15Q2,vint_15Q3,vint_15Q4,vint_16Q1,vint_16Q2,vint_16Q3,vint_16Q4,vint_17Q1,vint_17Q2,vint_17Q3,vint_17Q4,vint_18Q1,vint_18Q2,vint_18Q3,vint_18Q4,vint_19Q1,vint_19Q2,vint_19Q3,vint_19Q4,vint_20Q1,vint_20Q2,vint_20Q3,vint_20Q4,vint_21Q1,vint_21Q2,vint_21Q3,vint_21Q4,vint_22Q1,vint_22Q2,vint_22Q3,vint_22Q4,vint_23Q1,vint_23Q2,vint_23Q3,vint_23Q4,vint_24Q1,vint_24Q2,vint_24Q3,vint_24Q4,vint_25Q1,vint_25Q2
1959-09-30,,,,,,,,,,,,,,,,,,,,,,,,,,,,,,,,,,,,,,,,,,,,,,,,,,,,,,,,,,,,,,,,,,,,,,,,,,,,,,,,,,,,,,,,,,,,,,,,,,
1959-12-31,,,,,,,,,,,,,,,,,,,,,,,,,,,,,,,,,,,,,,,,,,,,,,,,,,,,,,,,,,,,,,,,,,,,,,,,,,,,,,,,,,,,,,,,,,,,,,,,,,
1960-03-31,0.5689927649794326,0.5681335951396156,0.567695286714726,0.5674416047597521,0.5661621038493468,0.5664065565402774,0.5659507515653494,0.5647666160728131,0.5653298965729542,0.566268545918073,0.5661511502697976,0.5668734549765369,0.5645632821138227,0.565841530399552,0.5669449549020154,0.5663212435342755,0.5647383509592414,0.56476693503629,0.5651140106348086,0.5641013425885755,0.5652492871886733,0.563853302240137,0.5633461157965853,0.5655246271206832,0.5666058185104861,0.5651859746730021,0.564583799788329,0.5647137753966707,0.5652056569305832,0.5645023338585735,0.5632117331615012,0.562808117554138,0.5572532961973458,0.5581097250068511,0.5586763508152089,0.5568725047376119,0.5547850233363255,0.5558696641084494,0.5549814499975632,0.5538884849042252,0.5546304656075072,0.5526058489884799,0.5528972984980179,0.5507458414134717,0.551803891942691,0.5515269582624295,0.5507159726260143,0.5527574145561476,0.5500535164308603,0.5500052417201275,0.548424120869671,0.5474178845530299,0.5490610455362767,0.547712387638328,0.5470210603827953,0.5480018012563774,0.5484882701991982,0.5478191207315464,0.5481392130416494,0.5477580059660216,0.5475393440867206,0.5465579489722207,0.546344561499188,0.546297020320157,0.5463382679640715,0.5468113108071591,0.5468021886251103,0.5468057818596963,0.5463620596570109,0.5456835534748263,0.545713275229703,0.545434128028976,0.5467323625339647,0.5457773107861028,0.5449965201808772,0.545561866089019,0.5455867040636949,0.5464330718584048,0.5451357598795841,0.5450929363540576,0.5433518897507137,0.5420324861018775,0.5411655549133408,0.5404300384929701,0.5392626033390162,0.5372467987381532,0.536746670539521,0.5353204921702173,0.5356852704721913,0.5357978610030307,0.5356822364442414,0.5358058609208279,0.535977466092378,0.5351193419386113,0.5345471162610143,0.5338427801499397,0.5345476573384537,0.5343782600593914
1960-06-30,0.6024975518348842,0.6016411225417093,0.6011800445760175,0.6008460683755232,0.5996246746890314,0.5998430392178173,0.5993426498188654,0.5981967921261839,0.5987636004225685,0.5997679239627551,0.599765967126016,0.6004879618456107,0.5981713400788011,0.5995558786193078,0.6006511823176357,0.600056419536984,0.5985988610642539,0.5986186875793904,0.5989983869369813,0.5980211487962395,0.5992258149644148,0.5978024614257105,0.5972622794740633,0.5993666319674462,0.6004401185672661,0.5990764236312563,0.5984471998120751,0.5985527843631538,0.5989911349514907,0.5982986833074964,0.5970101672763427,0.5966149975836625,0.5910527101293055,0.5919741968377679,0.5925750548428027,0.5909223487564645,0.5888186254592742,0.589920922007783,0.5889862993688779,0.5879821349551436,0.5886418493706412,0.5867005341604514,0.587022994972503,0.5849056163688954,0.5859843451386428,0.5857019277024714,0.5848308781707372,0.5868431208818718,0.5842136412922947,0.5841873205009505,0.5826788682541169,0.5817397291732086,0.583354984598134,0.5820790150911724,0.5814414117466399,0.5823858098607249,0.5828812852684435,0.5822554825415933,0.5825717960905166,0.5821670149343504,0.5819607413298999,0.5810179565579189,0.5808390023466159,0.5808299918294533,0.5808870545246712,0.5813497700141971,0.5813573432958554,0.5814191802149569,0.5810008242613393,0.5803356338072778,0.5803669305694386,0.5800718560980461,0.5813786268937163,0.5804965715260137,0.579727394039512,0.5802542471252627,0.5801899131764587,0.5809964740368329,0.5797289620962867,0.5798368313025624,0.5781299225462118,0.5768296913271947,0.575954435987307,0.5752525152857191,0.5741992398416345,0.5722092029097583,0.5717775965159493,0.5703887718170595,0.5707682599954305,0.5709655812892944,0.5708546224100325,0.570977448846981,0.5712002164766019,0.5703670404239494,0.5698040672513021,0.5691281094738522,0.5698104593962371,0.5696269375920764
1960-09-30,0.5714891577854986,0.5706355364283036,0.5701521238593354,0.5697404762011311,0.5685759990900158,0.5687685755153326,0.5682248120616971,0.5671148121120457,0.5676839675463644,0.5687513138434293,0.568859753709525,0.5695821901268194,0.5672584325797865,0.5687446687613674,0.5698318057250047,0.5692634223695701,0.5679260806813933,0.5679359313387293,0.5683458538033676,0.5674020068442865,0.5686603402571447,0.5672097212624145,0.5666365757997214,0.5686699647564206,0.5697359302365995,0.5684256382636529,0.567770285976195,0.5678525163282903,0.5682394153757596,0.567556881690012,0.5662715111468275,0.5658858080730809,0.5603165934218712,0.561302663282292,0.5619363663472758,0.5604292276325962,0.558309231220512,0.5594282776136856,0.5584494478300771,0.5575294733411449,0.5581104439825886,0.5562478297358763,0.5565991245804711,0.5545132747930224,0.555611798472189,0.5553243267738707,0.5543958860278332,0.5563807238796954,0.5538216743432334,0.5538167288204257,0.5523777850251997,0.5515033205870223,0.5530919321481231,0.5518844830956348,0.5512981533524642,0.5522073391748262,0.5527124217702388,0.5521281302286982,0.5524404041687756,0.5520127607043857,0.551817682012608,0.5509116270976214,0.5507655026993434,0.5507936775934296,0.550865488489115,0.5513181897739393,0.5513420978904937,0.5514595188637483,0.5510651056151005,0.550412455252354,0.550445403399933,0.5501345529156638,0.5514503761990454,0.5506373082337701,0.5498790476216071,0.550369825388177,0.5502213239011227,0.5509900935021154,0.5497508144538157,0.5500051770366985,0.548329456188425,0.5470458223200035,0.5461632470069056,0.5454931104545332,0.5445467680499526,0.5425795930082341,0.5422132305053763,0.5408600000242962,0.5412521233628402,0.5415309080082251,0.5414249607069873,0.5415474414065969,0.5418198220119148,0.5410103473956459,0.5404559684936191,0.5398073280047125,0.5404675206546533,0.5402707455768303
1960-12-31,0.5865296241263709,0.5856791664523313,0.5851740538945234,0.5846874516096686,0.5835790682071498,0.5837462484163649,0.5831606304123567,0.5820845742472041,0.5826546149273191,0.5837818440717708,0.5839953002077383,0.5847186131223315,0.5823879832101919,0.5839706567723342,0.5850493087196311,0.5845048271785929,0.5832827774248621,0.5832815080590714,0.5837190260622717,0.5828070411626965,0.5841155215700176,0.5826384207741899,0.5820327224323631,0.5839976824774542,0.5850558831742684,0.5837965954904729,0.583116036341214,0.583175788442523,0.5835133321085592,0.5828398218570325,0.581559144835385,0.581183192159507,0.575609482684674,0.5766592065137929,0.5773242061080549,0.5759573964134337,0.5738219923073449,0.5749564486497731,0.5739363139328679,0.5730960394935287,0.5736018518168238,0.5718139337894352,0.5721917620664801,0.570135574659951,0.5712528346030348,0.5709609281453775,0.569978129142997,0.5719369898496902,0.5694451134080879,0.5694609607099987,0.5680886545491957,0.5672765935444634,0.5688394663109747,0.5676967354853264,0.5671593876635326,0.5680343103320847,0.5685494171038302,0.5680048857216834,0.568312696584525,0.567863116336725,0.5676780928209763,0.5668070427520155,0.5666920829818525,0.5667559555921288,0.5668414468075529,0.567284324906878,0.5673241264813587,0.5674942495462297,0.5671224129728238,0.5664817474567452,0.5665164756445169,0.5661902213211621,0.567515148870057,0.5667671146692492,0.566019239585155,0.5664762751637747,0.5662491338339101,0.5669819071324242,0.5657697626894775,0.5661661675435594,0.5645193507868784,0.5632502775940205,0.5623618333131863,0.5617218498252057,0.5608751591900393,0.5589286337414193,0.5586241587067629,0.5573050868775179,0.5577074970714234,0.558064020773806,0.5579633993336655,0.5580860259408233,0.5584062218898564,0.5576194245659631,0.5570731721743356,0.5564509878227935,0.5570891908625251,0.5568801490303916
1961-03-31,0.5963586972753888,0.5955119224535026,0.5949857015869715,0.5944264600537708,0.5933738893393333,0.5935159508539949,0.5928899023204912,0.5918462779491716,0.5924155480850637,0.5935995964219032,0.5939130455489208,0.5946375469658924,0.5923006943474702,0.593974719151085,0.5950443827122842,0.5945214201428057,0.593410430397826,0.5933968055060765,0.5938592745714522,0.5929780364292161,0.594333155925743,0.5928305108882397,0.5921926318789021,0.594091018280518,0.5951409500407654,0.5939306823051473,0.5932256659152584,0.5932636011820598,0.5935536328202998,0.5928882844116269,0.591614171760624,0.5912480021094275,0.5856731316743682,0.5867858006583271,0.5874806283162491,0.5862498474785267,0.5841002258459488,0.585248609538011,0.5841902312989394,0.5834255924434057,0.5838594822204635,0.582142883323058,0.5825449836049318,0.5805170251971127,0.5816519973143988,0.5813563603358168,0.5803221217579382,0.5822561699079658,0.579828861405673,0.5798650466159843,0.5785569755137981,0.5778054542314247,0.5793432052858412,0.5782618561164262,0.577771524125226,0.5786128553442959,0.5791384152446517,0.5786321354997627,0.5789349319832255,0.5784643192088689,0.5782882562739106,0.5774507173711196,0.5773653754164229,0.577463583452736,0.5775617422791486,0.5779948739257661,0.5780501835839302,0.5782702777358245,0.5779197759798336,0.5772906999180148,0.577327386026499,0.5769861087292405,0.5783200651419287,0.5776334206228092,0.5768955109997634,0.5773209593940986,0.5770206158360733,0.5777189112416011,0.5765331562504604,0.5770678900104571,0.5754480949439396,0.5741917950292333,0.5732991571991901,0.5726879198440152,0.5719339771611576,0.5700062480072376,0.5697605725471038,0.5684745388083825,0.5688847288723166,0.5693154586685201,0.5692205119949713,0.5693438192776152,0.569710192055145,0.568945263150475,0.5684067869243987,0.5678104442233558,0.5684265857684883,0.5682062698103584
1961-06-30,0.5991249959682252,0.5982825373392779,0.5977356533366089,0.5971054846184185,0.5961090670565475,0.5962260793265939,0.5955607578702281,0.5945483971545249,0.5951150729701689,0.5963531817134125,0.5967622352320313,0.5974882038034544,0.5951459208788585,0.5969067206189989,0.5979667376608491,0.5974629914766785,0.5964597219033148,0.5964323284849075,0.5969171598441572,0.5960659140152216,0.5974643600179204,0.5959370340118022,0.5952671219036283,0.5971001105339738,0.5981410773308489,0.5969782788537736,0.5962493170069401,0.5962658659082629,0.5965098665749574,0.5958518377570761,0.5945864273060053,0.5942300436094765,0.5886578445692563,0.5898332674988939,0.5905566317405658,0.5894587617889945,0.5872961946064587,0.588456997409398,0.5873633756216383,0.5866708429352346,0.5870355317762075,0.5853874963263672,0.5858117002782667,0.5838108527925477,0.584962627532344,0.5846640071231313,0.5835809467352469,0.5854911299899355,0.5831263898704635,0.5831826409487293,0.5819369397490186,0.5812446080182334,0.5827575947739276,0.5817347785395384,0.581289883615955,0.5820979749745323,0.5826345192290756,0.5821652874845104,0.5824624014103221,0.581971540798085,0.5818033771416333,0.5809981147538993,0.5809410329476308,0.5810724506912643,0.5811823361571672,0.5816056860627705,0.5816762339134315,0.5819438668738403,0.5816136044937672,0.5809958539016206,0.5810347238702196,0.5806787200464975,0.582021649215873,0.581393150293192,0.5806648742352196,0.5810606854342528,0.5806922529909464,0.5813572962177674,0.5801974848210045,0.5808679878921694,0.5792736042983114,0.5780283990341406,0.5771333824125225,0.5765497195050744,0.5758821414941748,0.5739715541502164,0.5737819921378569,0.5725281843200077,0.5729435203240099,0.5734453799825627,0.5733565254069954,0.5734810965414915,0.5738923371379434,0.573148676311187,0.5726177100343738,0.5720468589393951,0.5726406074906756,0.5724099752377882
1961-09-30,0.6188872606199814,0.6180498520826031,0.6174825638724034,0.6167825066282613,0.6158432433977216,0.6159350257060456,0.6152312584831356,0.6142493044080926,0.6148113917277428,0.6161011824864977,0.6166021760508308,0.617329896753696,0.6149830260151276,0.6168266403136682,0.6178762013481122,0.6173894290500217,0.6164914986721232,0.6164486976476025,0.616953369236209,0.6161316929192261,0.6175703972442954,0.6160190900803639,0.6153169885579959,0.6170850788275439,0.6181162145680337,0.616999769571621,0.6162471180591946,0.616242478847191,0.616441529199909,0.6157899899037045,0.614535681346826,0.6141891528806447,0.6086238289644121,0.6098624558451856,0.610613273785817,0.6096464650244717,0.6074722170386844,0.6086439416309002,0.6075179420290457,0.6068945462086126,0.6071921877130895,0.6056105642048224,0.6060548023659336,0.6040802106509748,0.6052480141501395,0.6049471878138022,0.6038175662289273,0.6057046327708806,0.6034010424421657,0.603477291459087,0.6022926552649082,0.6016587166446812,0.6031470444682199,0.6021803921458513,0.6017797593932974,0.6025546224496178,0.6031028255703499,0.602669763692395,0.602960409541285,0.6024499305769392,0.6022886260286582,0.6015146723290488,0.60148470406798,0.6016484825417554,0.6017692248662976,0.6021826446987173,0.6022683004861504,0.6025813848336616,0.6022704161717549,0.6016638462505501,0.6017051740337377,0.6013346178283814,0.6026865401292446,0.6021133619056483,0.6013944676124602,0.6017623878446938,0.601330592659354,0.6019633160420159,0.6008292794269019,0.6016343032303524,0.6000639310076173,0.5988281823012198,0.5979327197288805,0.5973756933429688,0.5967886342045654,0.5948936576622297,0.5947579628323498,0.5935358742600584,0.5939535895628985,0.5945240510187926,0.5944417928139607,0.5945682652479104,0.5950234567561709,0.5943006676388407,0.5937770154069929,0.5932315766533348,0.5938023276788236,0.5935622921594463
1961-12-31,0.6522261279842179,0.6513946066489067,0.650806974655363,0.6500373777049417,0.649156955666425,0.6492230572745693,0.648481322722315,0.6475292116116054,0.6480845305140905,0.6494240156046334,0.6500140205096951,0.6507438012778048,0.648393211139316,0.6503163046644636,0.6513544399409876,0.6508824381509812,0.6500884395947623,0.6500283341548948,0.6505503758948167,0.6497581630103668,0.6512342944396701,0.6496595151826785,0.6489247318345921,0.6506277457443159,0.6516480141016248,0.6505772385327457,0.649800897614045,0.6497750394786408,0.6499298107116276,0.6492839388341927,0.6480434118708843,0.647706912719042,0.6421530363440227,0.6434560073203234,0.6442334088392591,0.6433971045754936,0.6412124133568304,0.6423935743910048,0.6412379205731031,0.6406812449151769,0.6409134159133321,0.63939664065916,0.6398589287045483,0.63790998023349,0.6390931711162611,0.638790947574339,0.6376166666685166,0.6394811685966074,0.6372378802444967,0.63733427073909,0.636209961049953,0.6356341872084834,0.6370977064158266,0.636185311955469,0.6358281701155818,0.6365694647645832,0.6371301637436753,0.6367327234646772,0.6370159922939818,0.6364863606254845,0.6363308847267377,0.6355875395567401,0.6355837511116216,0.635779328365461,0.6359101219277892,0.6363133472029632,0.6364141293345267,0.6367709261819279,0.6364784517356157,0.6358830329654832,0.6359271413978067,0.6355420711187437,0.6369031008326858,0.6363828290049931,0.6356731438292356,0.6360147269449663,0.6355239171232298,0.6361249632734269,0.6350168038540539,0.6359564611110695,0.6344088813021773,0.6331809576925688,0.6322871074946277,0.6317560085204641,0.6312441274134777,0.6293633193683028,0.62927968487835,0.6280891152412522,0.6285062884569719,0.6291433895243373,0.6290683305445586,0.6291974022034041,0.6296960368369313,0.6289939250917185,0.6284774568575091,0.6279576251802246,0.6285044892992363,0.6282559218206419
1962-03-31,0.6865056299559062,0.6856809458826939,0.6850728301141146,0.6842333533048213,0.6834141677486714,0.6834538564119457,0.6826742830371384,0.6817517361482839,0.68229789978503,0.6836854684014972,0.6843622757136589,0.685094453876583,0.6827410437156338,0.6847408801798858,0.6857664453718918,0.6853070298369092,0.6846165289583629,0.684536939798127,0.6850739096863796,0.6843113652123772,0.6858223015536968,0.6842243665483094,0.6834560592543469,0.6850931341090025,0.6861013182395768,0.6850759579515551,0.6842756779463983,0.6842283438123804,0.6843390980200734,0.6836980763313525,0.6824743192107678,0.6821481417484079,0.6766107040018754,0.6779798703431217,0.6787831924279162,0.6780781367719497,0.6758842215900802,0.6770733324138657,0.6758906239158002,0.6753987878577887,0.6755664944469033,0.6741135806273948,0.6745919991959919,0.6726683194693281,0.6738663773725562,0.6735636029937819,0.6723462236826113,0.6741885136584062,0.672005250212245,0.6721221401091302,0.671057987590731,0.6705407252921012,0.6719790225572415,0.671119426932753,0.6708054042874549,0.6715124288076411,0.6720866336334057,0.6717245963357068,0.6719994468116988,0.6714509658611005,0.6713002874257002,0.6705871179225631,0.6706087834222688,0.6708358841302124,0.6709759787444805,0.6713686242813115,0.6714847032306627,0.6718838109302547,0.6716091720491737,0.6710249906589909,0.6710722531170796,0.6706725674303057,0.6720429139956456,0.6715735282132927,0.6708729609681959,0.6711895819443426,0.6706437628032964,0.6712134878092735,0.6701315822576681,0.6712073612269873,0.6696815232877446,0.6684597817902798,0.6675697473177716,0.6670640909726335,0.6666225048224219,0.6647544958058613,0.6647215413772876,0.6635626010002282,0.6639761273783227,0.6646784625763469,0.6646113130915858,0.6647437488866518,0.6652857285613263,0.6646043024749823,0.6640949540077778,0.6636012019200321,0.6641229924130068,0.663866730467876
1962-06-30,0.6831198629163959,0.6823030916841475,0.6816741524461447,0.6807637689267937,0.6800089491133386,0.6800212016756346,0.6792035710027167,0.6783105923320435,0.6788449831429761,0.6802793817323847,0.6810414816124346,0.681776426210956,0.6794211423845133,0.6814955508995841,0.6825072105690303,0.6820581975924702,0.6814717338274615,0.6813701765343083,0.6819196347656085,0.6811872754007258,0.6827305709895519,0.6811096103836998,0.6803065792940559,0.6818761537653102,0.6828708415059388,0.6818910738913087,0.68106636014139,0.6809970672889223,0.6810636586959584,0.6804266720041411,0.6792230145613072,0.6789075732642874,0.6733920534874269,0.6748299917650706,0.6756587708358591,0.6750870185612251,0.6728850995169292,0.6740806541782949,0.672873392851046,0.6724450365362127,0.672548721691576,0.6711592549233978,0.6716519286456087,0.6697533842745464,0.6709658971579617,0.6706634645133658,0.6694042282812291,0.6712244529841891,0.6691015154687051,0.6692394796917486,0.6682358890714746,0.6677780676824687,0.6691904543789785,0.6683826338571252,0.6681117556290158,0.6687834356442823,0.6693723371943223,0.6690458140981665,0.6693110619519596,0.6687438772287233,0.6685969548159578,0.6679137961405955,0.6679603915467955,0.6682190244531212,0.6683677169371043,0.6687492712590497,0.6688809716225501,0.6693213116328678,0.6690639857381384,0.668491246567313,0.6685420893199726,0.6681275464829207,0.6695075104181984,0.6690873679616451,0.6683959126264686,0.6686887799516169,0.6680916550145628,0.6686301294029138,0.6675751366684235,0.6687899106380292,0.6672849276382571,0.6660677023827521,0.6651838561354206,0.6647033793586683,0.6643276157379243,0.6624711016943716,0.6624878596696648,0.6613609766804096,0.6617675371758547,0.6625342425504417,0.6624758281843004,0.6626124668120025,0.6631981002941925,0.6625375736010533,0.6620353484734902,0.661568431986358,0.6620636507630326,0.6618005070992903
1962-09-30,0.708799102703868,0.7079914588636858,0.7073411569268524,0.7063581508412669,0.7056715897543495,0.7056550822657708,0.7047988306834927,0.7039357089869744,0.70445545386317,0.7059357681865317,0.7067823332356094,0.7075204459797626,0.7051643006642268,0.7073116455256205,0.7083078558506032,0.7078670451334484,0.7073861382217443,0.7072598008273582,0.7078192848725966,0.7071179441081369,0.7086912992115759,0.7070472646976297,0.7062079443205016,0.7077077386720796,0.7086873058834251,0.7077537452371677,0.7069038604046562,0.7068118985387697,0.7068337723663358,0.7062000045831248,0.7050201529718636,0.7047159854438508,0.699228425631681,0.7007384536916659,0.7015924190228199,0.701157354101494,0.6989486733382732,0.7001491280357457,0.6989197451482982,0.6985540185083778,0.6985935662438332,0.6972677061778025,0.6977727840818254,0.6958994895759237,0.6971261425759813,0.6968249995511219,0.6955248475144882,0.6973229396580947,0.6952612198946593,0.6954210542225625,0.6944790130011119,0.6940821553090707,0.6954676541429993,0.6947110134547267,0.6944837024546261,0.6951185779710862,0.695723555838293,0.6954329903459737,0.6956872969524526,0.6951013999512398,0.6949571731089726,0.6943041309556264,0.6943753292828363,0.6946657858963967,0.6948224126259914,0.695192231600432,0.695340034542621,0.6958208392676735,0.6955804363218833,0.6950194670209722,0.6950743721355699,0.6946445894232012,0.696034557610407,0.6956623803957325,0.6949801203415776,0.6952502862451657,0.6946052957600538,0.6951123028813423,0.6940851750995412,0.6954432191656121,0.6939583668140281,0.692743960294534,0.6918688692271631,0.6914135302219069,0.6910994856997115,0.6892532240523566,0.6893191286534426,0.6882250584527256,0.6886210883818424,0.6894518287516805,0.6894030983312209,0.6895448593147486,0.6901748611385738,0.6895356576536902,0.6890406301031622,0.6886015966204979,0.6890684185572568,0.6887991899122405
1962-12-31,0.7301315683692351,0.7293344187942712,0.7286620140757534,0.7276039726032992,0.7269903601929937,0.7269434569371847,0.7260476749050789,0.7252149884411605,0.7257169338489712,0.7272425750843674,0.728173450016609,0.7289151660448783,0.7265592554212748,0.7287784126810293,0.7297574043097406,0.7293225631180812,0.7289497267119339,0.7287954470047251,0.7293624487301502,0.728693284795688,0.730294519070238,0.7286271901175858,0.7277496397979448,0.729176631935873,0.7301392254410364,0.7292529313395667,0.7283768948286835,0.7282613219750154,0.72823751036428,0.7276061413810704,0.726454212820673,0.7261619808550306,0.7207090581000359,0.7222952551213717,0.7231743242454749,0.7228806873042333,0.7206665289265959,0.7218702846125727,0.7206211657229672,0.7203177224658923,0.7202924575270215,0.7190309441022898,0.7195465820935708,0.7176989082187475,0.7189394748207577,0.7186406335511804,0.7173002212337717,0.7190758911376348,0.7170768878864524,0.717259614273446,0.7163807049265818,0.71604694138557,0.7174042722950157,0.7166986420536073,0.7165157225051235,0.7171119332990147,0.7177345643137842,0.7174807366259179,0.7177225972451762,0.7171178279352752,0.7169752091205392,0.7163526638302529,0.7164483321601872,0.7167711875833394,0.7169351181642803,0.7172924182087589,0.7174569647578746,0.7179777687021766,0.7177540289611111,0.7172052848664812,0.7172647934923301,0.7168192458530757,0.7182196879276618,0.7178945533185785,0.7172216655907957,0.7174700340743771,0.7167803883559561,0.7172554206150098,0.7162574155030164,0.7177644329855677,0.716299150374728,0.7150858255153412,0.7142222758642673,0.7137922554505463,0.7135361606293216,0.7116989675566894,0.7118138482653016,0.7107536845130974,0.7111353428807317,0.7120303039642878,0.7119923374634833,0.7121402282896719,0.7128157208290147,0.7121984803335023,0.7117107984026182,0.7113009963466571,0.7117372524828209,0.7114627274450963
1963-03-31,0.7465578733852867,0.7457727497151578,0.7450772987566603,0.7439411003428149,0.7434059575427985,0.7433266996425326,0.7423901287415754,0.7415887512343622,0.7420694395705578,0.7436401343211085,0.7446558308262938,0.7454016196175974,0.743047139873767,0.7453374803296599,0.7462972422978187,0.7458660910739414,0.7456048504461497,0.7454190939332941,0.7459910392958606,0.7453555443155502,0.7469825746743999,0.7452915627471974,0.7443734560009747,0.7457238562188702,0.7466673775754049,0.7458298646804316,0.7449264500048611,0.7447860871717047,0.7447152031813279,0.7440854056387538,0.7429659612994548,0.7426864527746246,0.7372755454653779,0.7389427745997252,0.7398470504393182,0.7397009710802049,0.7374826784221813,0.7386880653521353,0.7374215719073579,0.737180567058136,0.7370892514241634,0.7358934135188784,0.7364177591409733,0.734596341321456,0.7358506767302474,0.7355552218676454,0.7341749299654863,0.7359276575697663,0.7339934936562782,0.7342003663888995,0.7333867802143018,0.7331188648661655,0.7344464313633633,0.7337920681876167,0.7336547714729141,0.7342100420956665,0.7348521092052317,0.7346361422586196,0.7348638746658342,0.7342399226661862,0.7340977898983134,0.7335064013517438,0.7336265992838448,0.7339827146599849,0.7341533466409748,0.734497198024226,0.7346792929184879,0.7352399267560362,0.7350327194430646,0.7344967884998985,0.734561504245476,0.7340995222392783,0.7355109884175965,0.7352323230034309,0.734569082276005,0.734796415371274,0.7340651226208855,0.7345073765768004,0.733540069881907,0.7352032247992946,0.7337571156112271,0.732543088126578,0.7316941084544009,0.7312898124487324,0.7310882031545867,0.7292589510848373,0.729423029283091,0.7283982151572169,0.7287613559367733,0.7297212407163354,0.7296952569839769,0.7298503799880399,0.7305728979444999,0.7299784824823581,0.7294983710186873,0.7291194600949047,0.7295226209021202,0.7292435867275674
1963-06-30,0.7540782385995397,0.7533068474374217,0.752587201050652,0.7513690048361245,0.7509187121418582,0.7508048079701377,0.7498258380573278,0.7490569436396849,0.7495125934162837,0.7511283758589127,0.7522300686085319,0.7529804349005114,0.7506286949034472,0.7529900707070268,0.7539283372616363,0.7534985373614236,0.7533534443453941,0.7531322856882328,0.7537065179107597,0.7531065256456697,0.7547573483480036,0.7530420999431917,0.7520807152345266,0.7533499452733956,0.7542720374051557,0.7534852835274924,0.7525530155366501,0.7523864419737047,0.7522666744414448,0.7516376106673265,0.7505556830213134,0.7502898142134857,0.7449290559266307,0.7466829839855726,0.747612752579452,0.7476217767983523,0.7454007661468371,0.7466060312291926,0.7453245183019168,0.7451466061559113,0.7449874359640491,0.7438591983629497,0.7443903782011865,0.7425961230171516,0.7438641591427055,0.7435732547253956,0.7421531974691236,0.7438822262515482,0.7420156622954956,0.7422481733142354,0.7415027217771948,0.741304045528592,0.7425999237148535,0.7419975102290007,0.7419074797574717,0.7424191071089474,0.743082607087724,0.7429059715093889,0.7431177064716495,0.7424741118182387,0.7423313024466874,0.7417720139233522,0.7419169923115072,0.7423075170505846,0.7424842715738329,0.7428135928932936,0.7430142078800077,0.7436147937312833,0.7434241158631325,0.7429017226070633,0.742972314463848,0.7424930823767857,0.7439162022318435,0.7436837765462515,0.7430305581175032,0.7432374811469917,0.7424673702542168,0.7428757426223317,0.7419410382342118,0.7437689835827217,0.7423418165624456,0.7411252480133409,0.7402941282870974,0.7399161893966606,0.7397658827568276,0.7379434976908484,0.7381573841292475,0.7371697214205044,0.7375098694986981,0.738535895709687,0.7385232589616437,0.7386868171450354,0.7394583117265396,0.7388878107381935,0.7384155736957898,0.7380695335113747,0.7384366949447554,0.7381539431653374
1963-09-30,0.7770541375192636,0.776298364127349,0.7755531695443876,0.7742484209979676,0.7738902222503108,0.7737390469250751,0.7727157204628265,0.7719807815852753,0.7724072798606918,0.774068480922269,0.7752579928104117,0.776013476585626,0.7736659041999869,0.7760986312406266,0.7770128775630221,0.7765820239560008,0.7765586484863112,0.7762977659586419,0.7768715356790421,0.7763092206208904,0.7779818978543915,0.7762416994484611,0.7752339210490293,0.7764166142598838,0.7773146571619929,0.7765811003148837,0.775618257658722,0.7754238119063923,0.7752529296195424,0.7746237496049583,0.7735848524025879,0.7733336684140282,0.7680319704348295,0.7698790668512177,0.7708347923537353,0.7710078755395524,0.7687856438561658,0.7699889435926869,0.7686947718355446,0.7685810955201128,0.7683517091819108,0.7672935863546156,0.767829697889651,0.7660637823813192,0.7673455231436066,0.7670604157906062,0.7656004512231536,0.7673047884722772,0.7655092203841174,0.7657690986401496,0.7650952096968445,0.7649697976902398,0.7662317348794838,0.7656823719143244,0.7656416589422529,0.7661065116336121,0.7667936565153344,0.7666581676668955,0.7668518458776149,0.7661880022044181,0.7660433093696506,0.7655173449369008,0.7656875415579821,0.7661139096851786,0.7662962281189893,0.766609785329515,0.7668300584007548,0.7674710014304522,0.7672969746802303,0.7667889804127785,0.7668661835887702,0.7663687407452113,0.7678042211676624,0.7676181398430568,0.766975419708726,0.7671624273261504,0.766356166206393,0.7667292566416706,0.7658293873356228,0.7678322576370752,0.7664239636459437,0.765202957422062,0.7643932571057612,0.7640425320501626,0.7639406053904132,0.7621240639263873,0.7623887501282285,0.7614403987931706,0.7617527396290228,0.7628466290026401,0.7628488506177549,0.76302214974223,0.7638449841372812,0.7632997137826918,0.7628357342416435,0.7625248643885111,0.7628527452491523,0.7625670753610108
1963-12-31,0.7907873799050531,0.7900492557493172,0.78927699179618,0.787880543051438,0.7876223936499097,0.787431046880635,0.7863611167556546,0.785661855684979,0.786054820958468,0.7877620230638445,0.7890417231892826,0.7898028922390772,0.787461012281514,0.78996580058839,0.7908532891025899,0.7904189287063295,0.7905236904302192,0.7902184390977985,0.7907889275488198,0.7902667477129648,0.7919594044243773,0.7901934089482069,0.7891357959204367,0.7902259311495676,0.7910970894527445,0.7904195523274771,0.789424209675192,0.7892000303849356,0.7889754512837293,0.7883452974391698,0.7873553362909184,0.7871199940974736,0.7818869020400283,0.783834298262424,0.7848165941252317,0.7851638635067101,0.782941971524918,0.7841413910698924,0.7828369173151535,0.7827890334000693,0.7824866013313885,0.781501602324153,0.7820407246264486,0.7803045528467649,0.7816000630743853,0.7813220655076543,0.779821833460477,0.7815002875699946,0.779779641744093,0.7800688124783894,0.7794704282769105,0.7794228326863482,0.7806483031507584,0.7801534446784876,0.7801644413668825,0.7805790332283268,0.7812922109138877,0.7811999721387967,0.7813733792283213,0.780688557478785,0.7805407407246683,0.7800495598960981,0.7802455704870538,0.7807094540200302,0.780896796880366,0.7811932298750511,0.7814344369464405,0.7821163825713147,0.7819592346511232,0.7814666144897057,0.7815512181744144,0.7810344835150215,0.7824830949647534,0.7823437475957273,0.7817120859509097,0.7818795593505192,0.7810396678154481,0.7813758273112386,0.7805132985954494,0.7827024576511341,0.781313105862605,0.7800857218992813,0.7793012179293017,0.7789787516700726,0.7789225158581554,0.7771108416889126,0.7774276413840933,0.7765210597101326,0.7768005059158962,0.7779644050044632,0.7779831168159023,0.7781675455057409,0.7790444266148182,0.7785258921603082,0.7780706192507492,0.7777974847020807,0.7780824933240937,0.7777947087952235
1964-03-31,0.8154243749199118,0.8147056612751044,0.8139050375558654,0.8124125266524707,0.8122612602012697,0.8120272570865501,0.8109088352470558,0.8102466707148789,0.8106022677996533,0.8123558639583274,0.8137275926845748,0.8144949525083067,0.8121600751727579,0.8147373595498655,0.8155957254259949,0.8151556440968545,0.8153938954407197,0.8150402268734733,0.8156049100772667,0.8151249385363109,0.8168358435027266,0.8150433438424103,0.8139329428028635,0.8149254257591266,0.8157672492892285,0.815148073862098,0.8141185835296418,0.8138630849685432,0.8135826583209409,0.8129507435146859,0.8120148664721031,0.8117964216439564,0.8066402244273134,0.8086940506185076,0.8097033832810587,0.8102333864777397,0.8080131949636483,0.8092070361391793,0.8078943957412266,0.8079134782140178,0.8075356919747427,0.8066262551992351,0.8071666497949779,0.8054613505831247,0.8067706635912771,0.8065009306810665,0.8049602132683642,0.8066118275310619,0.8049693490904488,0.8052894560275385,0.804769857676373,0.8048039127487874,0.8059907866089016,0.8055515431595341,0.8056162282746839,0.8059775937888904,0.8067188853301603,0.8066716433263313,0.8068228527298612,0.8061164548346207,0.8059643995367005,0.8055091865430752,0.8057314614266885,0.8062342500826486,0.8064261149833803,0.8067042605677608,0.8069674861491742,0.8076908885416882,0.8075507624101339,0.8070743334453834,0.8071670275216574,0.8066300805292903,0.8080925071419507,0.8080000782539711,0.807379926219107,0.8075282805167937,0.8066571178595403,0.8069549948932327,0.8061319165558987,0.8085170287578078,0.8071465781412956,0.8059110505151651,0.8051550486658691,0.8048616785963195,0.804848556478049,0.8030408130225877,0.8034107456179168,0.8025479888573243,0.8027900644609977,0.8040257009179337,0.8040623217575704,0.8042590960230748,0.8051923035963222,0.8047017617259794,0.8042555577035949,0.8040223414294103,0.8042613893171632,0.8039722171041465
1964-06-30,0.8514777442126371,0.8507703065743171,0.849949417877714,0.8483889199853735,0.8483080276554933,0.8480451957235441,0.8468916159637885,0.8462549735660441,0.8465887665576698,0.8483789689221868,0.8498195294438243,0.8505914455788788,0.84825742806301,0.8508922165125208,0.85173299022615,0.8512919281583744,0.8516239939379731,0.8512396949416785,0.8518048626774638,0.8513534301288919,0.8530830464385469,0.8512697065698929,0.8501227402915612,0.8510497608616495,0.8518740533813898,0.8512952480073603,0.8502412908706319,0.8499640872857185,0.8496440224481729,0.8490114629472513,0.8481074826216426,0.8479019518552519,0.8427858972110784,0.8449130256191616,0.84594297203617,0.8465994982522504,0.8443760085685321,0.8455695111691127,0.8442454455447364,0.8443141362094947,0.8438818389079448,0.8430254381567885,0.8435702873479896,0.8418851908454629,0.8432062418163384,0.8429405745176884,0.8413674484125244,0.8430014590001189,0.841411899276109,0.8417533219624591,0.8412881635655338,0.8413783952966994,0.8425403310317239,0.8421415719717157,0.8422442262208584,0.8425700600349955,0.8433301091012663,0.8433144738322996,0.8434520770585455,0.8427294284068413,0.8425758679429862,0.8421458309884838,0.8423877619141424,0.842918647147197,0.8431150309152728,0.843381362729128,0.8436599349475533,0.8444152528442708,0.8442878677234202,0.8438220390222441,0.8439198745932515,0.8433684016661247,0.844841808520603,0.8447851576129877,0.8441724188872117,0.8443054006516941,0.8434046194383724,0.8436756746610273,0.8428783865082091,0.8454001486467675,0.8440427937791604,0.8428026118793452,0.8420619954553404,0.8417892951620515,0.8418143382820018,0.8400095216085942,0.8404192554095321,0.8395858612974809,0.839807192269486,0.8410966170720175,0.8411446557691316,0.8413489113253314,0.8423226263211706,0.8418510336225598,0.8414106625281224,0.8412042762341609,0.8414135275285755,0.8411217144913263
1964-09-30,0.8510109492827558,0.8503128542989631,0.8494738874349008,0.8478529807472555,0.8478331872392517,0.8475450934763782,0.8463600515301037,0.8457456822319784,0.846061214589975,0.8478848428564236,0.8493871929178403,0.8501633146129519,0.847828750194069,0.850516101739917,0.8513420920617972,0.8509006872262919,0.8513155639896831,0.8509048495211685,0.8514714872219312,0.8510449206081141,0.8527925818214948,0.850960058923735,0.8497807245392265,0.8506508405731095,0.8514604668360233,0.8509170278894602,0.8498411738231023,0.849544812992265,0.8491896275629329,0.8485564755841073,0.8476792207496445,0.8474856942629203,0.8424012356058754,0.8445931457859347,0.8456417272181588,0.8464096026350458,0.8441818113058535,0.8453759527787941,0.8440403524277817,0.8441533257167073,0.8436725311325964,0.8428626926813502,0.8434122845069949,0.8417443546439534,0.8430764197822403,0.8428139230012883,0.8412110663252605,0.8428301072229807,0.8412864571089202,0.8416466695953037,0.841229222421439,0.8413687475313243,0.8425093638192378,0.8421465021418675,0.8422827048192344,0.8425776439260613,0.8433541919883758,0.843366427837505,0.8434924628863719,0.842755115959885,0.8426004858526556,0.8421925321344869,0.8424520865891516,0.8430080244840816,0.8432086990432879,0.8434648742916515,0.8437570160841638,0.8445412125324666,0.844425195765087,0.8439684618239642,0.844070746196614,0.8435062749319222,0.8449899554052275,0.8449654178250157,0.8443589362785895,0.8444779852656957,0.8435492240135842,0.8437967074619221,0.843021573811803,0.8456641960368043,0.8443180187205139,0.8430736296108595,0.8423454678356501,0.8420909810640121,0.8421513790575426,0.8403488013694675,0.840794279104494,0.8399863157052303,0.840190518517179,0.8415284014625176,0.8415862955894325,0.8417969264950795,0.8428067925338188,0.8423516749649324,0.8419162253400432,0.8417332310216934,0.8419167571429281,0.8416222120927056
1964-12-31,0.8454493771099334,0.844759200123522,0.8439038470211745,0.8422283685897968,0.8422626600882605,0.8419520155508968,0.8407383821709021,0.8401437759201719,0.840443644334794,0.8422981334686033,0.843856701377326,0.8446367673451656,0.8423006532144641,0.8450365747810227,0.8458498706272459,0.845408499806769,0.8458976797739115,0.8454636816214246,0.8460324060715364,0.8456278936586934,0.8473929186164993,0.8455425325277562,0.8443340335667311,0.8451537808702919,0.8459508703985532,0.8454389354715872,0.8443431630942023,0.8440295958916022,0.8436427888811452,0.8430090460436787,0.8421547087044163,0.8419725140201556,0.8369134076742252,0.8391636090271735,0.8402292506942735,0.8410968152273199,0.8388640447023934,0.8400594797136586,0.838712420686491,0.8388654672158438,0.8383408714181386,0.8375725623529924,0.8381270049827632,0.836473902033893,0.8378163784828747,0.8375564126643151,0.8359259946898322,0.8375320953224752,0.8360289569588268,0.836406028424977,0.8360311025971522,0.8362146336586102,0.8373366822912707,0.8370061074236415,0.8371724297563383,0.83744000477267,0.8382313577029615,0.8382685738289416,0.8383845514761326,0.8376337285999409,0.837478309135523,0.8370900360998685,0.8373656042040378,0.8379442270937614,0.8381489727908906,0.8383962439427314,0.8387005917020519,0.8395112391836521,0.8394054979555021,0.8389567092100121,0.8390629283757919,0.8384866374514728,0.8399800408529003,0.8399846809099973,0.839383567476317,0.8394898676132706,0.8385346206332336,0.838761053226916,0.838005302918942,0.8407566690617447,0.839420149354206,0.8381718213430627,0.8374539870325299,0.8372157974760144,0.8373091152111826,0.8355081932792743,0.8359862076061579,0.8352006609188624,0.8353903475367217,0.8367724876582476,0.8368390718993387,0.837055265520408,0.8380979084380742,0.8376573658384733,0.8372261367812388,0.8370639142998743,0.8372247845170411,0.8369274871776697
1965-03-31,0.8572905828943022,0.8566072232855005,0.8557368588807446,0.8540115236897862,0.8540943321271494,0.853763299795363,0.8525234128501025,0.8519465431598069,0.852232751031186,0.854115944342607,0.8557261278886528,0.8565099299688235,0.8541715243414316,0.8569526545993065,0.8577548855273157,0.8573137769599374,0.8578703742145684,0.8574155418799551,0.857986750706355,0.8576020387217257,0.8593837548639118,0.8575166090298907,0.8562815152102807,0.8570561230988352,0.8578423369082657,0.8573587877156611,0.8562446975800249,0.8559154909030312,0.8554998991627698,0.8548655434722966,0.8540311757357512,0.8538597887509197,0.8488212548727112,0.8511245510051797,0.8522059442240708,0.8531638084010593,0.8509255883950119,0.8521227722462632,0.8507644317851932,0.8509540826947811,0.8503895195255826,0.8496586529542955,0.8502179534343651,0.8485777974055889,0.8499301616562144,0.8496722462887062,0.8480160971582618,0.8496108872794891,0.8481439152442772,0.8485362966756029,0.8481997035727797,0.8484229852742466,0.8495286561062783,0.8492274049951299,0.8494210646831957,0.849664093831089,0.8504689124446256,0.8505287679747825,0.8506358658504798,0.849872574491793,0.8497165549301487,0.8493460130482372,0.8496362648988606,0.850235644629241,0.8504442534270408,0.8506836130867709,0.8509990690927571,0.8518341455966214,0.8517377748468089,0.8512960131729252,0.8514057653547276,0.8508186096334396,0.8523212800390246,0.8523526529989175,0.8517561946462366,0.8518507514592111,0.8508703878015411,0.8510778134263799,0.8503392354083896,0.8531895914664842,0.8518614815102153,0.8506093857352459,0.8499002557286501,0.8496768024688932,0.8498008904362858,0.8480011261495936,0.8485090315024302,0.8477434844376194,0.8479206421454983,0.8493435790743634,0.8494179391694563,0.8496390659897851,0.8507117464697485,0.8502842521445063,0.8498566814122054,0.849713137328558,0.8498537807240754,0.8495537502748156
1965-06-30,0.8633767252990203,0.8626992894430598,0.8618150848513784,0.8600438798038299,0.8601705648187329,0.8598209551859823,0.858556805717519,0.8579959667059931,0.85827014775112,0.8601801641444959,0.8618380100075975,0.8626253703212993,0.8602841017902435,0.8631075081457191,0.8639000096018625,0.8634593132153706,0.8640775067802251,0.8636038613432845,0.8641778266474605,0.8638110261183736,0.8656087827252941,0.863725841290771,0.8624663170451075,0.8632001636985276,0.863976863468412,0.8635190726510913,0.8623880227836971,0.8620444949899816,0.8616025204197417,0.8609675228377297,0.8601507183382221,0.8599897069474073,0.8549678978829234,0.8573199194289987,0.8584159334259367,0.8594561870178893,0.8572121795200224,0.8584114458744039,0.8570420502968356,0.8572653366613501,0.8566640685424078,0.8559671876249225,0.8565313007902914,0.8549025202586586,0.8562643014243086,0.8560080541157584,0.8543277738622124,0.8559126144763133,0.8544781594378958,0.8548845480050429,0.8545827576146006,0.8548422078648684,0.8559333229187412,0.85565886945854,0.8558775103520211,0.8560983500027284,0.856915517384074,0.8569960334542697,0.8570952189888277,0.8563203253435725,0.8561638441055579,0.855809385408548,0.8561131797280993,0.8567316767121649,0.8569439537318928,0.8571762266959353,0.8575018652500335,0.8583596234840425,0.8582718467777756,0.857836346190229,0.8579492997721307,0.8573520898736502,0.858863627456427,0.8589196265369317,0.8583272281505709,0.8584109190364952,0.8574066971660329,0.857596843538173,0.8568735931049155,0.8598147130009912,0.8584939557830913,0.8572382169300413,0.8565364826650502,0.8563264422375562,0.8564793761663569,0.8546803430281731,0.8552158711616401,0.8544682990202753,0.8546345303037017,0.8560952958722308,0.8561766760599862,0.8564022200198678,0.8575026123374998,0.8570868853395788,0.8566625034530466,0.8565358858407276,0.8566583211187211,0.8563555966928801
1965-09-30,0.8672030058240173,0.8665307416625516,0.865633727977259,0.8638201343120415,0.8639866923725961,0.8636200733866319,0.8623334108771246,0.8617871245141073,0.8620506669290209,0.8639858243554208,0.8656878443854641,0.8664786029262819,0.8641340195082832,0.8669970807554972,0.867780986643379,0.8673408113609368,0.8680155292984477,0.8675248047816275,0.8681017236807196,0.8677512011456914,0.8695643744220115,0.867666505820602,0.8663844385842376,0.8670813083017782,0.8678496510892881,0.867415338371092,0.866268520507975,0.8659118177672936,0.8654455562302639,0.86480988900013,0.8640086054568463,0.8638575983092457,0.8588493016124603,0.8612462440890305,0.8623558754808236,0.8634716401529082,0.8612215976953157,0.8624232012614484,0.8610429989027659,0.8612973134095838,0.8606621970579276,0.8599962947018164,0.8605651489263191,0.8589463945855025,0.8603171590081523,0.8600622618192961,0.8583592834037787,0.8599353416937294,0.8585302478082035,0.8589495105157692,0.8586794569916849,0.858971963963204,0.860050087232834,0.8598002212841033,0.860041788180307,0.8602424741135516,0.8610710217380506,0.8611704747658913,0.8612625737448123,0.860476844582417,0.8603200108511624,0.8599802025267003,0.8602965341755034,0.8609327117198318,0.8611484753452143,0.8613743704016141,0.8617093849036841,0.8625882768755928,0.8625084121592923,0.8620785138634616,0.8621943839939521,0.8615878311236366,0.8631078708703602,0.8631866383545802,0.8625977895365481,0.8626713937556807,0.8616444738587351,0.8618188441251492,0.8611093333203215,0.8641340485642712,0.8628197303599812,0.8615604532402878,0.8608650156250431,0.8606672346066045,0.8608472760691035,0.8590486096139913,0.8596097637708274,0.8588784182826619,0.859035073417864,0.860531049801185,0.8606188011756202,0.8608483210642597,0.8619743879133847,0.8615693205865651,0.8611477246250319,0.861036518640795,0.8611424830902388,0.8608371135574219
1965-12-31,0.8840301697203035,0.8833624295230069,0.8824535345899733,0.8806006563593006,0.8808035540938243,0.8804213142532263,0.8791137076323078,0.8785806694837037,0.8788347858682418,0.8807935557111867,0.8825366184026286,0.8833306263012028,0.8809823661660129,0.8838827023171306,0.8846589978548076,0.8842194310915272,0.8849461666907886,0.8844398900197499,0.8850199118242155,0.8846842259776857,0.8865122199143233,0.8846002220954823,0.8832972957805685,0.8839605277842737,0.8847215200630507,0.8843086683499515,0.8831471517228571,0.8827782920294462,0.8822896083936197,0.881653248943416,0.8808657077426625,0.8807243767375023,0.8757268463000363,0.8781653200719655,0.8792876630407944,0.8804728333892498,0.8782165754386517,0.8794207155951179,0.8780299632295671,0.8783129780756068,0.8776465615901688,0.8770089745826359,0.8775824850296589,0.875972578744578,0.8773519208452609,0.8770981014726869,0.8753737284910699,0.8769420220131096,0.8755635085998307,0.8759946383642321,0.8757536068035334,0.8760764113700595,0.8771429124670388,0.8769156681121599,0.8771783337012884,0.8773606625608218,0.8781997285134174,0.8783165879978823,0.8784023234243012,0.8776064505205654,0.8774493557689854,0.8771229294521089,0.8774508983037175,0.87810347271573,0.8783225539833917,0.8785426936928853,0.8788863661272535,0.8797849981943598,0.8797124372521152,0.8792875635135744,0.8794060988990997,0.8787908406592887,0.8803190405715626,0.8804189142557193,0.879833169793048,0.8798973872084714,0.878848841802364,0.8790087681549769,0.878311602253983,0.881413530782751,0.8801048521787112,0.8788421352668717,0.8781520455168552,0.8779655008448641,0.8781710698611714,0.876372460384091,0.8769574526726398,0.87624079455128,0.8763890457304803,0.8779178820829453,0.8780114332905125,0.878244541070002,0.8793944610250618,0.8789990768265155,0.878579915022299,0.8784827826726069,0.8785738060018469,0.8782658447538022
1966-03-31,0.8820652913935656,0.8814015096801496,0.8804815802954654,0.8785922221236604,0.8788282965582771,0.8784316827636214,0.8771045575002873,0.876583603325388,0.8768293715240973,0.8788103498345667,0.8805916126454578,0.8813887284536897,0.8790365023332779,0.8819719301769091,0.8827414833840358,0.8823026011461039,0.8830773005534494,0.8825568385495405,0.8831400795451956,0.8828179427014007,0.8846601878840361,0.8827348036177236,0.8814125425619614,0.882045121240399,0.8827996510557421,0.8824064549768365,0.8812312126046395,0.8808511123394944,0.8803416863744878,0.879704618924467,0.8789292460568308,0.8787972962228396,0.8738081522582275,0.876285092880994,0.8774193205874251,0.8786684069295234,0.8764058059996349,0.8776126402432752,0.876211596555991,0.8765212119249504,0.8758257946799716,0.8752141381781481,0.8757922134770676,0.8741901166064241,0.8755776531375872,0.8753246740442253,0.8735801046148709,0.8751415288109776,0.8737871176502916,0.8742292068654698,0.87401476401915,0.8743653883223362,0.875421481187378,0.8752150917600365,0.8754972117979498,0.8756627902811389,0.876511594709722,0.8766444851244035,0.8767245001321058,0.8759191152726609,0.8757618394526837,0.8754476598664251,0.8757864513007855,0.876454261356158,0.8766765030322083,0.8768914416395681,0.8772431241528095,0.8781602286690892,0.8780944240553101,0.8776740622429082,0.8777950374101997,0.8771716533523573,0.8787076877228757,0.8788271666715015,0.8782441344167154,0.8782995980094429,0.8772304212534608,0.8773770979657134,0.8766910368494479,0.8798644193399356,0.8785606764373427,0.8772946185522634,0.8766090436690819,0.8764328180075912,0.8766624726259065,0.8748636593357318,0.8754708715954539,0.874767529327798,0.8749084134877837,0.8764679743150419,0.8765668142560671,0.876803162458116,0.8779752858800549,0.8775887135805887,0.8771716757686226,0.8770874195243238,0.877164868008246,0.8768543703712142
1966-06-30,0.8385942317996278,0.837933911475625,0.8370037276546188,0.8350804448634133,0.8353468399889289,0.8349369816772771,0.8335916438264643,0.8330817276015982,0.8333201158681321,0.835322003904064,0.837138868045485,0.8379389556242663,0.8355825355756521,0.8385510384696614,0.8393146200655941,0.8388764921217557,0.8396954810200703,0.8391620695893631,0.8397486212530024,0.8394388743552404,0.8412948258436805,0.8393567526193322,0.8380165495102653,0.8386211627375123,0.8393700199993439,0.8389948522003091,0.8378067776732996,0.8374162686666569,0.8368876250074684,0.8362498410120374,0.8354852303490057,0.8353623937138529,0.8303795600168782,0.8328921713409778,0.8340375235157349,0.8353455501685106,0.8330765231849465,0.8342861751279416,0.8328750978383916,0.8332094072437624,0.8324870793914227,0.8318992035615524,0.8324817490518229,0.8308865413647114,0.8322819075370769,0.8320295593540582,0.8302659023577119,0.8318212488905266,0.8304887164993237,0.8309409401130926,0.8307508891178286,0.8311270902949723,0.8321738583018222,0.8319867261772608,0.8322868101047247,0.8324370865854069,0.8332949164595074,0.8334425923239135,0.8335174644690742,0.8327031492922583,0.8325457642041342,0.8322428084167047,0.8325916802174699,0.8332736672126639,0.8334989227601393,0.8337091576512794,0.8340682607122245,0.8350026768465124,0.834943132962988,0.8345268251509214,0.834650035660185,0.8340190572558621,0.8355626126626414,0.8357003336885938,0.8351196665115432,0.8351669513720212,0.834078067341014,0.834212572527936,0.833536505637016,0.8367761003216657,0.8354766716258076,0.8342073750451078,0.833525576575428,0.833358841948287,0.8336112620618743,0.8318120281751631,0.8324399857795071,0.8317487287521765,0.8318831735810569,0.8334715045357635,0.833575171557293,0.8338144455635074,0.8350072660242387,0.8346287228625385,0.8342135341443717,0.8341410735411766,0.8342061780553891,0.8338932000695235
1966-09-30,0.8208955410301051,0.8202382440526998,0.8192985289069763,0.8173436622861523,0.8176377857144128,0.8172157114024136,0.8158533643919448,0.8153535427452904,0.8155854263366256,0.817607016373574,0.819457094270442,0.8202600215296135,0.8178992332324966,0.8208989389839664,0.8216572358859906,0.8212199283673914,0.8220798604678075,0.8215346240313302,0.8221245577541995,0.8218261529359245,0.8236952877817669,0.8217451847110572,0.8203883196608677,0.8209673993473255,0.821711289577016,0.8213526769511905,0.8201525959564735,0.819752437277256,0.8192059664857922,0.818567464503524,0.817812353331614,0.8176983849773434,0.8127200467227307,0.8152657620853977,0.8164215361002484,0.8177839705457728,0.8155084731042688,0.8167210375155929,0.8153001823738099,0.8156574475532068,0.8149101180842941,0.8143440771957797,0.8149309963891092,0.8133418609615954,0.8147447076251627,0.814492804879036,0.8127110918526289,0.8142610617551052,0.8129484056597479,0.8134100095206046,0.8132423580582333,0.8136420959816555,0.8146805094520166,0.8145111841941721,0.8148278744004374,0.8149641607958746,0.8158303597618907,0.8159916880824516,0.8160619389010058,0.8152392318554076,0.8150818030263673,0.8147891456761438,0.8151474185509711,0.815842612269358,0.8160707448073268,0.8162767243882274,0.816642708600778,0.8175933683597125,0.8175396348983229,0.8171269705745293,0.8172522298478319,0.8166141473669396,0.818164920130739,0.8183196404141366,0.8177410304485822,0.8177806606951149,0.8166729307985016,0.8167962418506858,0.8161291707096334,0.8194301806567835,0.8181345172550888,0.8168620889977878,0.8161834090533374,0.8160254151338053,0.8162993890269543,0.8144995575341012,0.815146910503374,0.8144666301406172,0.8145954709296301,0.8162107744005084,0.8163188490552906,0.8165607620403244,0.8177728963875236,0.8174016762306823,0.8169880924488753,0.8169264479010591,0.8169803230507632,0.8166649209559771
1966-12-31,0.782639743010208,0.7819850836271381,0.7810365107383905,0.7790522125178717,0.7793717035781225,0.7789383530782346,0.7775601103287391,0.7770695307071454,0.7772957036798991,0.7793358679213651,0.78121695808969,0.7820225961806868,0.7796573132773278,0.7826864767976824,0.7834401019782486,0.7830036786457002,0.78390149678369,0.7833454622253503,0.7839388321628129,0.7836508196630152,0.7855326343416416,0.7835711273578797,0.782198781954366,0.7827545343788035,0.783494088735796,0.7831506944188995,0.7819393732749158,0.7815302600021611,0.7809672344837125,0.7803280197861524,0.7795812712439562,0.7794759465871086,0.7745005197860945,0.7770769734676269,0.7782425174362275,0.7796552172424478,0.777373239515996,0.7785887857241341,0.777158406456181,0.7775370378942194,0.7767664560451175,0.7762204848360018,0.7768116799595438,0.7752278915872207,0.7766378830212994,0.7763862611557422,0.7745874556201955,0.7761326693919993,0.7748380825360588,0.7753083747489882,0.7751613109768631,0.7755827240545743,0.7766136533918664,0.7764608148255436,0.7767928709206744,0.7769163589663156,0.7777903200596945,0.7779642670370949,0.7780303689334704,0.7771997705691185,0.7770423583421175,0.7767591603450763,0.7771262105768503,0.7778337186705128,0.7780645999715465,0.7782667295007176,0.7786390995062933,0.7796050168300434,0.7795566836256044,0.7791472941985123,0.7792744312533959,0.7786296988786894,0.780187393312705,0.780357976691887,0.7797811509285208,0.7798136053393672,0.7786878350215,0.7788008403589504,0.7781418654659928,0.7814998844306587,0.7802075021720885,0.77893205436393,0.7782559057100702,0.778105970835126,0.7784003836084727,0.7765998135601977,0.7772653219662337,0.7765950175042813,0.7767190089098279,0.7783596253144833,0.7784717251304168,0.7787160144888792,0.7799461878756144,0.7795816522789694,0.7791694565524685,0.7791177373021226,0.7791613954831108,0.7788436255667429
1967-03-31,0.7734328078047038,0.7727804473196984,0.7718236466296233,0.7698119011894344,0.7701546058186172,0.7697108398839526,0.7683177349331085,0.7678356260550382,0.7680568102790314,0.770114491678987,0.7720245581649472,0.7728327809117608,0.7704629205958914,0.773519909518011,0.7742694096983225,0.773833932528902,0.7747668373942466,0.774200944816576,0.7747977897164098,0.7745193074272232,0.776413315308853,0.7744410013664444,0.7730542697592746,0.7735886997452879,0.7743244828464213,0.7739950917227717,0.7727732441462549,0.7723558143372575,0.7717774011411391,0.7711374852227557,0.7703980747782398,0.7703011875582613,0.7653272954322258,0.7679323001680547,0.7691070072880057,0.7705661777073635,0.768277741345197,0.7694963156983168,0.7680566644261246,0.7684552053750332,0.767662977972524,0.767135472484602,0.7677308445543871,0.7661517603522869,0.7675685724178392,0.7673170855611101,0.7655020907587076,0.7670430965589878,0.7657649466846946,0.7662432907583838,0.7661151639590607,0.7665565497898907,0.7675807759565288,0.7674432203028694,0.767789506434801,0.767901280606443,0.7687824406193482,0.7689680609466106,0.7690304425194772,0.7681924197739844,0.7680350799766351,0.7677605793731305,0.7681358327911247,0.7688548322277959,0.7690883417727025,0.7692869879697813,0.7696652875970583,0.7706455493653045,0.7706022421382028,0.7701957965379675,0.7703246542461354,0.7696736941409905,0.7712380212296812,0.7714234268177307,0.770848143532626,0.7708738603267482,0.7697308051556213,0.7698343137308943,0.769182624089678,0.7725935934474379,0.7713040664234311,0.7700257162275107,0.7693515747374017,0.7692090786015238,0.7695229019796423,0.7677214852045445,0.7684040072274558,0.7677427743074489,0.767862599190942,0.769526991752845,0.7696427671793079,0.7698891918061554,0.7711362257001713,0.7707777967310041,0.7703667966476704,0.7703241911936445,0.7703585536453921,0.7700384722730338
1967-06-30,0.7756366744771093,0.7749863169759377,0.7740218797526698,0.7719845210126118,0.7723484709069577,0.7718950792636174,0.7704880743155176,0.7700137381163579,0.7702305905939394,0.772304794924518,0.7742419497201093,0.7750526331714371,0.7726781526027582,0.7757614348399094,0.776507296820642,0.7760728262572667,0.7770382500265256,0.7764633615567824,0.7770637060156065,0.77679397071972,0.7786996996256929,0.7767171502921986,0.7753170484412898,0.7758319795996582,0.7765644959509406,0.7762480024349321,0.7750162952122895,0.7745911357328427,0.7739984073533294,0.7733578074274963,0.7726248118475256,0.7725361725421314,0.7675626262584574,0.7701941545051307,0.771377458201495,0.7728796165669876,0.7705847722386309,0.7718063999911331,0.7703577278873728,0.7707748407028412,0.7699624468768413,0.7694519482181408,0.770051396874693,0.76847644833687,0.7698997668490997,0.7696482860326357,0.7678179516238464,0.7693552321899093,0.7680920444605108,0.7685778535795027,0.7684671578551163,0.7689269569807475,0.7699451802598026,0.7698218083042627,0.7701812824400214,0.7702823307467338,0.7711701655970997,0.7713665934274461,0.7714256438316538,0.7705806336780208,0.7704234180680294,0.7701569222698811,0.7705398490902092,0.771269578921051,0.7715056030155912,0.7717010978941842,0.772084906094399,0.7730786643930967,0.7730400410918936,0.7726362420815729,0.772766675746409,0.7721098814700178,0.7736805577757498,0.7738798301498022,0.773305875888677,0.7733252569030622,0.7721656281361361,0.7722603774729889,0.771615241824855,0.7750754144845233,0.7737883694234626,0.7725072387926194,0.7718346373495315,0.7716990148016534,0.7720312980161156,0.7702289562150866,0.770927437941697,0.7702744590263284,0.7703907355392402,0.7720774773179915,0.77219660839641,0.772444946479815,0.7737077485600732,0.7733549027632529,0.7729449280085576,0.7729106961101855,0.7729366020827313,0.7726142658206805
1967-09-30,0.7516203558899606,0.75097174461623,0.7500002278149299,0.7479389544010668,0.7483223490165285,0.7478600573202155,0.7464400507432204,0.745972855365892,0.7461859744549904,0.7482757632280224,0.750238250751799,0.751051272788079,0.748672166106405,0.7517802987531892,0.7525229548241221,0.752089549869752,0.7530851331980444,0.7525020405328704,0.7531058959173663,0.7528441956867513,0.7547611855357019,0.7527689502052555,0.7513564239248157,0.7518535162057581,0.7525832156985898,0.7522786130948609,0.7510376710383645,0.7506053226293673,0.7499992664386091,0.7493580049643698,0.7486305929249747,0.7485500274357504,0.7435758098120449,0.7462319774745453,0.7474233470898697,0.7489652918239718,0.7466641172272135,0.7478888040478902,0.7464313621110394,0.7468658162250309,0.7460346203028605,0.7455398004648216,0.746143223688299,0.7445719097998044,0.7460014290337601,0.7457498407018948,0.743904968745944,0.7454389473899229,0.7441893892794222,0.7446821213267093,0.7445874813945096,0.7450642631596218,0.7460771107251365,0.7459669174292849,0.7463386219887329,0.7464298453208293,0.7473238660579886,0.7475303071220613,0.7475863797976787,0.746734792464519,0.7465777490564462,0.7463186280764099,0.746708738352569,0.7474484933779398,0.7476869243290089,0.7478795685031947,0.7482684958109382,0.7492749610828655,0.7492407086598594,0.7488392896417302,0.7489711657804082,0.7483089052736294,0.7498856519544432,0.7500979124812461,0.7495250994432394,0.7495385138545639,0.7483629835591635,0.7484496467712196,0.7478104060022052,0.7513163149853092,0.7500314263395628,0.7487476417288648,0.748076165075308,0.7479469006919875,0.7482967622368774,0.7464934444209499,0.7472069108620074,0.7465614469183193,0.7466747344707061,0.7483824969391651,0.7485046904468664,0.7487547375854438,0.7500322929065771,0.7496845560630808,0.749275456361369,0.7492489221104413,0.7492671367693889,0.7489426025531626
1967-12-31,0.745208093058145,0.7445610072646329,0.7435829374713544,0.7414993263076602,0.7419005168937114,0.7414299929227727,0.7399978260085194,0.7395371995781677,0.7397471304557757,0.7418516144524168,0.7438377975424192,0.7446530374975435,0.7422693333185364,0.745400952516184,0.7461407851943901,0.7457085034473996,0.7467320749100312,0.7461415059923329,0.7467488711485636,0.7464945585973543,0.748422359122668,0.74642096799418,0.7449969001643968,0.7454776654413933,0.7462049481684441,0.7459113192028861,0.7446617296178242,0.7442226914176147,0.7436042181040216,0.7429623223680403,0.7422397462255981,0.7421670947433432,0.7371913461499041,0.7398703980129983,0.7410693348865719,0.7426481178421661,0.7403407160844446,0.7415684492879308,0.7401024891898134,0.7405531503117039,0.7397044133786873,0.7392240625940454,0.739831356355142,0.7382632375222353,0.7396986587920812,0.7394468635146739,0.7375882139391385,0.7391192598246655,0.7378821277085696,0.7383812808193756,0.7383014393556095,0.7387938892973189,0.739801921894028,0.7397039870993862,0.7400870405800806,0.7401692610086429,0.7410690102437878,0.7412847348096319,0.7413381507660695,0.7404803726585607,0.7403235459884692,0.7400712264061748,0.7404680659326138,0.741217191013944,0.7414579263588725,0.7416479919665906,0.7420416773332171,0.7430601121802928,0.7430299436989408,0.7426306658922615,0.7427638611570253,0.742096479431646,0.7436790212967412,0.7439034603274638,0.743331624058699,0.7433394117430139,0.7421486175424546,0.7422278095936028,0.7415938700128937,0.7451423003407136,0.7438592859364939,0.7425729780532423,0.7419022583077126,0.7417788815490882,0.7421455016630084,0.7403411819149692,0.7410687289249497,0.7404301120500185,0.7405409165193471,0.7422684592599541,0.7423934461836458,0.742645013720994,0.7439363767775717,0.7435933192529609,0.7431849625502132,0.7431655082172736,0.7431767296460541,0.7428500549739708
1968-03-31,0.7117627464757144,0.7111169986513237,0.7101328757320451,0.708028394468329,0.7084458696389065,0.7079677289163635,0.7065241921019741,0.7060696171241176,0.7062768566869475,0.7083951899245543,0.7104035369801135,0.7112208752502021,0.7088326345864333,0.7119864460893094,0.7127237923314422,0.7122926900142588,0.7133422474272073,0.7127448724923723,0.7133557343051788,0.7131082205087216,0.7150463890134673,0.7130363559345845,0.7116015731151843,0.7120673892410929,0.7127926097804304,0.7125091180496896,0.7112514348580311,0.7108061685174971,0.7101761197654849,0.7095336215339668,0.7088152099774534,0.708750325971786,0.7037723320042184,0.7064726283928443,0.7076786622225718,0.7092915635572039,0.7069780618722088,0.7082088114235209,0.7067345864195664,0.7072004067013266,0.7063352971372879,0.7058683124582332,0.7064793703277088,0.7049140629878476,0.7063550932531193,0.7061030045916742,0.7042313002953193,0.7057597331130059,0.7045339402144254,0.7050390487242997,0.7049728549135246,0.7054797633204472,0.7064834812320622,0.7063969612318868,0.70679055059737,0.7068645188674152,0.707769567497546,0.7079939039811881,0.7080449547478367,0.7071813511548268,0.7070247825140128,0.7067787420252958,0.7071818885912511,0.7079397734476817,0.7081827152280302,0.7083704485573497,0.7087685564609448,0.709798269942687,0.7097719219513677,0.7093745718674445,0.7095089720665315,0.7088367936833078,0.7104248582333067,0.7106607279916589,0.7100897253356235,0.7100921999303897,0.7088867494448227,0.7089590328147504,0.7083298601217638,0.7119178231555993,0.7106364403273108,0.7093477439659264,0.7086774566479371,0.7085595374750503,0.708942151234688,0.7071368267855499,0.7078776136788398,0.7072452404718795,0.7073540188584454,0.7091001800979946,0.7092277133504055,0.709480626862837,0.7107849143179664,0.7104461468769018,0.7100384177228509,0.7100254781979035,0.7100303437143601,0.709701586858759
1968-06-30,0.6964202766430054,0.6957757100567781,0.6947860106000823,0.6926620291658988,0.6930944016806728,0.6926092126551894,0.6911550513553129,0.6907060596316974,0.6909110609556495,0.693042434955844,0.6950715079612642,0.6958908255775917,0.6934981401676683,0.6966729104012614,0.6974080653781062,0.6969781973886422,0.6980518906150164,0.6974483277615668,0.6980626615918372,0.6978214105481637,0.699769509650835,0.6977513349109459,0.6963066135209058,0.6967587371460006,0.6974822084033323,0.6972080905741735,0.6959428382004114,0.695491771685127,0.6948509272602168,0.6942078625121022,0.6934930139249904,0.6934357632206524,0.6884549439092866,0.6911749482469015,0.6923876336514145,0.6940321386895374,0.6917126874845532,0.6929464067958495,0.6914641727122764,0.6919441816893666,0.6910637848991679,0.6906091597799608,0.6912238725004088,0.6896610443285963,0.6911073947840081,0.6908549382831691,0.688970869988303,0.6904969641006589,0.6892815295670635,0.6897921602601078,0.689738559319285,0.6902588107163137,0.6912586591341288,0.6911827789575031,0.6915861526317948,0.6916525550085901,0.6925624991432193,0.6927948282382151,0.6928437785520609,0.6919746962040122,0.6918184238599208,0.6915781863066736,0.6919872462255455,0.6927533206004192,0.6929983746698464,0.6931839985431192,0.693586216308293,0.6946265586190301,0.6946037887447128,0.6942081759125774,0.6943436751047223,0.6936670065019584,0.6952603229079157,0.695506930943739,0.6949366382165831,0.6949340899336761,0.6937145649865777,0.6937804548521347,0.6931555686753421,0.6967802783161392,0.6955003204776744,0.6942093744741702,0.6935392349438558,0.6934263798146764,0.6938242707406344,0.692017960362387,0.692771203076438,0.6921445286301309,0.69225169328484,0.6940153810609636,0.6941452333843462,0.6943993312799809,0.6957157151902444,0.6953808851961429,0.6949736833000946,0.6949667410086542,0.6949658329371897,0.694635053173893
1968-09-30,0.6721692297531785,0.6715257162807884,0.6705308969092373,0.6683886984289703,0.6688346929440961,0.6683429818293543,0.6668789020017591,0.6664350699879679,0.6666382464284135,0.6687818846599131,0.6708303278645605,0.6716515060072523,0.669254497064949,0.6724490444807341,0.6731822649698056,0.6727536849748199,0.6738497999117622,0.6732406203112946,0.6738583903185783,0.6736229138624787,0.6755805091724852,0.6735546823265737,0.6721007545235596,0.6725403328857364,0.6732623295514835,0.6729968881853079,0.6717245652943231,0.671268096447645,0.6706171808164139,0.6699735895696467,0.6692617659888653,0.6692120258992065,0.6642279263412877,0.666966193339212,0.6681851065459329,0.6698588842078661,0.6675336564636469,0.6687702829818547,0.6672802993124155,0.6677735954688793,0.6668789229817316,0.6664357377052355,0.6670539927161981,0.665493358378317,0.6669447429799407,0.6666918552683087,0.664796086231951,0.6663200743281404,0.6651141132807095,0.6656298618638303,0.6655878853683888,0.6661204487409073,0.6671168226060856,0.6670508688939116,0.667463330239578,0.6675227948248421,0.6684372528423785,0.6686770020668587,0.6687240923461304,0.667849861881199,0.6676939212973372,0.6674590521015972,0.6678736569538861,0.668647386057083,0.668894461410914,0.6690781773651441,0.6694842126394973,0.6705345700624015,0.670515154787546,0.670121109699138,0.670257609342054,0.6695767410668965,0.6711750390396016,0.6714317421434673,0.6708620535153103,0.6708547517458401,0.6696217124136974,0.6696816814295323,0.6690606503564547,0.6727195006303208,0.6714407942562892,0.6701477415952077,0.6694775018504313,0.6693693500321765,0.66978184411315,0.6679745868409888,0.6687395515229848,0.668118083944762,0.6682240064527167,0.6700041902363214,0.6701361522516142,0.6703912844497044,0.6717189858480463,0.6713877737902875,0.6709810127350263,0.6709795929417394,0.6709734439431151,0.6706407018052641
1968-12-31,0.667852055387663,0.6672094936007804,0.6662099942260689,0.6640507855189828,0.6645092271027836,0.664011482464002,0.6625381560312669,0.6620991005756582,0.6623008295710274,0.6644559819316356,0.6665225109659683,0.6673454303903246,0.6649442478131593,0.6681574343322134,0.6688889417651959,0.6684617023516372,0.6695786458235704,0.6689643786697942,0.669585538013992,0.6693553911101593,0.6713220487528595,0.6692890515694314,0.6678266109572855,0.6682546928170756,0.6689754544755553,0.668718051373921,0.6674391345511659,0.6669776344859668,0.6663173230892522,0.6656732493355821,0.6649639709262212,0.664921629416034,0.6599339118003196,0.6626890760238809,0.6639138116052337,0.6656146940261525,0.663283885097027,0.6645233406641871,0.66302587182745,0.6635316146458629,0.6626236127450355,0.6621910255589876,0.6628127064565391,0.6612540238842265,0.6627101577545544,0.6624567857459691,0.6605499564481152,0.6620720327271349,0.6608747471608059,0.6613952348957494,0.6613639917602916,0.6619079113538309,0.6629011597239105,0.6628444740915043,0.6632653752612061,0.663318477876622,0.6642370875401566,0.6644837261115233,0.6645291747542779,0.663650113151897,0.663494537216285,0.6632646391550507,0.663684442685657,0.6644653228221421,0.6647143309336054,0.6648963212268448,0.6653058995645476,0.6663656896003672,0.6663494221904174,0.6659567944433299,0.6660942025787591,0.6654094114731935,0.6670124199638272,0.667278618445844,0.6667094445182309,0.6666976402674003,0.665451628862832,0.6655061116126442,0.664888548650277,0.668579092237931,0.6673014942440201,0.6660064823569913,0.6653359281520026,0.6652321482965933,0.665658608335084,0.6638504625474477,0.6646264594469113,0.6640097548411616,0.6641147696238594,0.6659104722237706,0.6660443505903246,0.6663003772533156,0.6676386599563522,0.6673107762595437,0.666904382364531,0.6669080487903933,0.6668971468336283,0.6665625044008364
1969-03-31,0.676868556204606,0.6762268697142586,0.6752231168225524,0.6730480387340432,0.673517841945628,0.6730145191254203,0.6715325893921539,0.6710979638023986,0.6712985904364933,0.6734645276114206,0.6755479187934778,0.676372459131507,0.6739672812401492,0.6771980035364911,0.67792798672641,0.6775021396288188,0.6786384249038558,0.6780195622031782,0.6786440531074944,0.6784188294541376,0.680394113337552,0.6783544229886237,0.6768841302960971,0.677301676178637,0.678021410094445,0.6777714600665996,0.6764864075450866,0.6760202239360158,0.6753511492400732,0.6747066410107959,0.6739994809904063,0.6739644358370289,0.6689728729025164,0.6717436374323976,0.672973804998215,0.6746997679477225,0.6723635958408701,0.6736057867916053,0.6721011036222932,0.6726185059728703,0.6716980640272463,0.6712753028634881,0.6719002887650776,0.6703433559470516,0.6718039535833666,0.6715500537745644,0.6696327867264067,0.6711531096080405,0.6699637800384008,0.6704886504585483,0.6704673184284125,0.6710217049570519,0.6720121349326547,0.671964107714772,0.6723928437626885,0.6724401134943578,0.67336252904767,0.6736155629935092,0.6736595685371011,0.6727759815889084,0.6726208008610564,0.6723955101220869,0.6728201852276378,0.673607739513927,0.6738585936580976,0.6740390231281452,0.67445188562705,0.6755205521817662,0.6755072407305613,0.6751158973521233,0.675254127809143,0.6745656792103685,0.6761731248641555,0.6764482570958725,0.6758795236731554,0.6758634518647781,0.6746049969644956,0.674654394152415,0.6740399525675176,0.677759879799376,0.6764832753268317,0.6751864566360317,0.6745154048985773,0.6744156918299491,0.6748555120013566,0.6730465549069853,0.6738329324467236,0.6732205902985766,0.6733249979902545,0.6751352875441757,0.6752709031948838,0.6755276934843046,0.6768758579755918,0.6765510400505927,0.6761449513812212,0.6761533020624864,0.676138095119858,0.6758016163589748
1969-06-30,0.6450326898070967,0.6443918258615492,0.6433842359389634,0.6411943738058463,0.6416745321086762,0.6411660576009243,0.6396761448421693,0.6392456352260248,0.6394454756063943,0.6416214830911438,0.6437205626211707,0.6445466015057877,0.6421376354283843,0.6453848157291764,0.6461134332938117,0.6456890297224274,0.6468432623223246,0.6462202636466936,0.6468480172916296,0.6466273451620139,0.6486108138360894,0.6465649064888548,0.645087395398228,0.6454952873151676,0.6462141709132427,0.6459711358594435,0.6446803914271413,0.6442098517894865,0.6435326092626514,0.6428877188588192,0.6421822988099155,0.6421544567233275,0.6371589267717113,0.6399440516109851,0.6411792723386839,0.6429284159861233,0.6405871222416147,0.6418319391802036,0.6403203207594658,0.6408486414585013,0.6399166001594885,0.639502954801582,0.6401311195738661,0.6385757718800646,0.6400405450617869,0.6397860829261297,0.637858987784678,0.6393776821266377,0.6381956598857685,0.6387245755096481,0.6387123930046775,0.6392764150764538,0.6402642953137063,0.6402243595767254,0.6406603626979639,0.6407022872043207,0.6416281763480736,0.641887143748383,0.6419298869282521,0.6410420718362847,0.6408873148254353,0.6406662972808883,0.641095533009509,0.641889307057866,0.6421419215983613,0.6423209394000611,0.6427368403272997,0.6438138488144438,0.6438033143711683,0.64341313831153,0.6435521099061083,0.6428602599370856,0.6444718651903166,0.6447554022926233,0.6441870493530127,0.6441669310487449,0.6428965517113879,0.6429412341698124,0.6423296036624249,0.6460767213980627,0.6448010220258351,0.6435025548092953,0.6428308513417884,0.6427349229995023,0.6431875234945685,0.6413778511058366,0.6421739899774361,0.6415656488812204,0.6416697195372588,0.6434937013450232,0.6436308877563521,0.6438883185776505,0.6452456957830645,0.6449237052797232,0.6445178708049932,0.6445305341141937,0.644511434668346,0.6441731858492332
1969-09-30,0.6275791758478299,0.6269391041958077,0.625928087443633,0.6237244820960322,0.6242140573212199,0.6237008332333884,0.6222035406913893,0.6217768625129698,0.6219762070328838,0.62416157852963,0.6262752111723144,0.6271026231080423,0.6246901059851826,0.6279526819450718,0.6286800644360211,0.6282571555420334,0.6294280189256687,0.6288013162844874,0.6294322524864914,0.6292157907230219,0.6312069936195501,0.629155348655208,0.6276712320210386,0.6280702828778559,0.6287884659263827,0.6285518491106679,0.6272558463807613,0.6267812614482454,0.6260964156534737,0.6254512000913091,0.6247471855973518,0.6247264612456072,0.6197269449273399,0.6225252346856642,0.6237651375263116,0.6255356669698124,0.6231895183252332,0.62443683549394,0.6229185714698147,0.6234571077918796,0.6225142675584607,0.6221090820997015,0.6227402933884862,0.6211864014702893,0.6226550567163477,0.6224000061971124,0.6204636854430072,0.621980844215773,0.620805544295306,0.6213381832212812,0.621334441338286,0.6219073168552001,0.6228928806803836,0.6228605063615706,0.6233032400919821,0.6233402707998951,0.6242693114119866,0.6245337776406089,0.6245754233947121,0.6236836716199103,0.623529365112582,0.6233123127366478,0.6237458111990355,0.6245453686105675,0.6247996582148039,0.6249773994654687,0.6253961037857863,0.6264809359509353,0.626473010684279,0.6260838994692508,0.6262235351710277,0.6255285332242474,0.6271440138864006,0.6274354544160132,0.6268674352980084,0.6268434798867751,0.6255616902583152,0.625602002864726,0.6249929060274005,0.6287651156527677,0.627490258085738,0.6261903077786113,0.6255178252360013,0.6254254197087594,0.6258902412925834,0.6240799690089404,0.6248852760923007,0.6242806097641949,0.6243845859707604,0.6262213938436633,0.6263599952888931,0.626617949979006,0.627983894688861,0.6276645149062392,0.6272588938140266,0.6272755245454105,0.6272529140176155,0.6269129642376177
1969-12-31,0.6364152645034489,0.6357759765469736,0.6347619410997669,0.6325456009644261,0.6330437124394385,0.6325261212368194,0.6310220418622341,0.6305989366429354,0.6307980532145444,0.6329920829854534,0.6351191596802286,0.6359478145475242,0.6335320158265053,0.6368089288435953,0.6375351805829106,0.6371138181163594,0.6383000586648038,0.6376700617133706,0.6383040883182965,0.6380915223696532,0.6400899951139123,0.6380331003022617,0.636542977100179,0.6369339400544847,0.6376515465520408,0.6374208869012905,0.6361200542059007,0.6356417215631411,0.6349498126279436,0.6343043343767389,0.6336014309053799,0.6335877457684573,0.6285843250058316,0.6313946151991783,0.6326388325285466,0.6344290372923771,0.6320783284101782,0.6333280025143944,0.6318033961346431,0.632351475986543,0.6313986058993644,0.6310012712896267,0.6316353892629587,0.6300828576105584,0.6315550929684418,0.63129943607987,0.6293544916263274,0.6308701769589788,0.6297010712844407,0.630237123505764,0.6302411579246516,0.630822145128831,0.6318055932622708,0.631780281252637,0.6322292344013977,0.6322617917548856,0.6331936681608393,0.6334632209477913,0.6335039204276061,0.6326085209643744,0.6324546904279762,0.632241317764589,0.632678790816718,0.6334837082615814,0.6337395869959973,0.6339161743654261,0.6343374550526073,0.6354296032499692,0.6354241285914081,0.6350359931287424,0.6351762191544034,0.6344783107155876,0.6360973728026753,0.6363962372390644,0.6358285180729037,0.6358009255036373,0.6345082400905881,0.6345445057145709,0.6339376947241129,0.6377329681962712,0.6364589135140022,0.6351576546176527,0.6344842907618056,0.6343951633249498,0.6348716615863585,0.6330609255794972,0.6338748274094221,0.6332735409136419,0.6333776408896024,0.6352264275570985,0.6353662972719657,0.635624664164653,0.6369985477574893,0.6366815811579669,0.636276142346452,0.6362964177361862,0.6362706509804759,0.6359290728469218
1970-03-31,0.5501166911098168,0.5494781993904445,0.5484615563512516,0.5462334714811818,0.5467392842771366,0.5462176940884156,0.5447074185198522,0.5442876505915366,0.5444867879718789,0.5466887615337372,0.5488281851189111,0.549657946141455,0.5472391713729662,0.5505293524126594,0.5512545530294597,0.5508347902755186,0.5520352007601348,0.5514023026602665,0.552039314545704,0.5518303523968737,0.5538356107294887,0.5517739688507041,0.5502784323555305,0.5506620104928382,0.5513791402512732,0.5511540064557601,0.5498487727481078,0.5493669809434315,0.5486685317837199,0.5480228599150947,0.5473208088505186,0.5473140897885344,0.5423069494174034,0.5451280904126546,0.5463762527866458,0.5481844841452235,0.5458295418279008,0.5470814101121877,0.5455507823027768,0.5461077556432589,0.5451456034271251,0.5447555498335384,0.545392425505146,0.5438411917998676,0.5453166926387645,0.5450604191897664,0.5431074604668384,0.5446217039194152,0.5434583149121366,0.5439974781186757,0.5440086605555468,0.5445970482529527,0.5455785511371269,0.5455598270526639,0.5460145070424266,0.5460429860342099,0.5469773845408004,0.5472516286018543,0.5472915212753354,0.5463927646116846,0.5462394347149481,0.5460294752677534,0.5464706407635405,0.5472805023254418,0.5475378825593258,0.5477134278530622,0.5481370628103005,0.5492360233373306,0.5492328480227507,0.5488456115589664,0.5489863563328474,0.5482857863608981,0.5499081218272233,0.5502139465793661,0.5496465060140496,0.5496154691736743,0.5483124091950988,0.5483449328443406,0.5477401863210785,0.5515565387023122,0.5502832723075979,0.5489808911691008,0.5483065674084989,0.5482204874470129,0.5487081264165397,0.5468970861144404,0.5477190214942671,0.5471208475930766,0.5472252684121554,0.5490851943154285,0.5492261924742423,0.5494848632479907,0.550866065211389,0.5505513309684058,0.5501460527462108,0.550169668244955,0.5501410783119064,0.549797948856428
1970-06-30,0.5573325372048219,0.5566948752972776,0.5556760450671576,0.5534372043426211,0.5539499158286513,0.5534246867314478,0.5519088132615826,0.5514921664432851,0.5516915578309611,0.5539007400552107,0.5560514078802261,0.5568821287920019,0.5544607255725523,0.5577630770807631,0.5584872827264529,0.55806917585425,0.5592825761686422,0.558647160576244,0.5592870380993636,0.559081405877336,0.5610929374802246,0.559027075146456,0.557526723095989,0.5579035799554791,0.5586203098556448,0.5584002939448356,0.5570910962951088,0.5566061297726952,0.5559016546335125,0.5552558665672971,0.5545544412558348,0.5545546186178812,0.549544051674246,0.5523748888093247,0.5536266183065018,0.555451262731404,0.553092452284101,0.5543463295393263,0.5528100245396945,0.55337525342739,0.5524045572583983,0.5520212458436449,0.5526607187737629,0.5511107542620701,0.5525891875673697,0.5523322950330815,0.5503719493748817,0.5518847512020162,0.5507266454364029,0.5512686199514548,0.5512863486355635,0.5518814449006693,0.5528611446102945,0.552848551878939,0.5533084770098164,0.5533332533336637,0.5542698565896406,0.554548407446938,0.5545876234189201,0.5536858065765694,0.5535330018899931,0.5533262042507248,0.5537707815626286,0.5545851718615598,0.5548439628714846,0.5550185686763233,0.5554443370032776,0.5565496018991662,0.5565485797909211,0.5561621770203858,0.5563033699126683,0.5556003871042869,0.557225667929293,0.5575379984474675,0.5569708277566467,0.5569365351423018,0.5556236365820113,0.5556527099939574,0.5550498299426905,0.5588852860770767,0.5576128185699787,0.5563095174396667,0.555634177676225,0.555550925321256,0.5560491699810813,0.5542380121162278,0.5550674232793169,0.5544721187844801,0.5545770399063336,0.5564472593665047,0.556589250716248,0.5568481183806908,0.5582360158668916,0.5579233473480774,0.5575182173974748,0.5575448819267246,0.5575137853972549,0.5571691873348747
1970-09-30,0.44416450729975243,0.4435277302355894,0.44250715088171333,0.4402585643173638,0.44077738777424647,0.4402488797083226,0.43872802740221045,0.4383143014107536,0.4385141685839419,0.44072978774112065,0.44289056926537507,0.44372209026302933,0.4412984573422202,0.44461182903458946,0.44533507323384386,0.4449186832709894,0.4461438965480531,0.44550634646390297,0.44614895309761743,0.4459463900243389,0.44796364314408904,0.44589412300126,0.44438957092381787,0.44476034268154896,0.4454767275565704,0.445261437455958,0.44394873105453897,0.44346087643105314,0.44275089161388215,0.44210507575430663,0.4414040773642422,0.4414110823665149,0.4363975005045956,0.439236848096441,0.44049174944064134,0.44233119554200917,0.43996893032513257,0.4412246043208987,0.43968299767820807,0.44025584399834333,0.4392773473344593,0.43890026085539624,0.43954215591112145,0.4379934671710292,0.43947447355080715,0.43921696713378366,0.437249893761012,0.4387612207843471,0.4376080024660025,0.4381524847728911,0.43817617314946566,0.4387772914388337,0.4397553031240043,0.43974839482150035,0.44021308471407056,0.4402345220538687,0.44117300155676886,0.4414554779722673,0.44149414071407017,0.44058957398401444,0.44043731996023017,0.4402334433986693,0.4406811477391765,0.4414996430781426,0.44175974918491256,0.4419335106795752,0.44236118787911965,0.4434722342644164,0.4434732217745286,0.44308759810940934,0.4432291678125473,0.44252403026381865,0.44415190003910676,0.44447028239574354,0.44390338609876495,0.44386602501101097,0.44254384933652147,0.4425697563911748,0.4419685651023188,0.44582111679214786,0.4445494861354046,0.44324548914703144,0.44256909897214647,0.44248846119047613,0.4429967681445789,0.4411857131059196,0.44202203449841004,0.44142937644660657,0.4415349638457885,0.44341460703351576,0.44355745795027146,0.44381641424685075,0.4452103684781078,0.4448996105187206,0.4444946262115136,0.44452405649282717,0.4444907598417575,0.44414478335178575
1970-12-31,0.3813253021279247,0.3806894875525735,0.3796676264063648,0.377410355655189,0.37793449896832126,0.37740308230815917,0.3758779091383777,0.37546691544030003,0.3756674738627087,0.37788869927100516,0.3800584056148265,0.38089054742773276,0.37846514862732283,0.38178830360993743,0.38251059766947537,0.38209599344733347,0.38333181457604854,0.38269252423426725,0.3833377029774989,0.3831379551545996,0.3851603222463041,0.38308776045217874,0.3815796600424171,0.3819449706218611,0.38266104368591525,0.3824500939780271,0.38113436610956763,0.38064392063256247,0.37992895879329897,0.3792832185302363,0.378582471419805,0.3785962323587795,0.3735801838221328,0.376426789404105,0.3776844375747153,0.37953703235702196,0.37717178821159547,0.37842901273721713,0.3768825229488362,0.3774623323120736,0.3764768036546503,0.3761054349453044,0.37674955761025236,0.37520219032046453,0.37668537245499684,0.3764272654053905,0.3744541750735658,0.37596395653525394,0.3748152603853169,0.3753619343738203,0.37539099677277443,0.37599743774534694,0.37697385051535415,0.37697217905668473,0.3774411420911189,0.3774596013615812,0.3783996070196593,0.378685621124211,0.378723850915489,0.3778168672748238,0.3776651916700964,0.377464000752164,0.3779145355523732,0.3787366918844434,0.3789980098537479,0.37917101694485594,0.3796003684199707,0.38071664390398996,0.3807194967359793,0.38033460775671396,0.3804764800774496,0.379769463162578,0.3813995248030472,0.38172349473519257,0.3811568919577364,0.3811166525722283,0.37978580166527137,0.37980882521115744,0.3792091619398057,0.3830767098079704,0.38180598538309424,0.3805015474970531,0.3798240938123609,0.37974585953920087,0.3802636646836853,0.3784529763699771,0.3792956195792147,0.378705400960527,0.37881181231059013,0.380699960503883,0.3808435350964928,0.38110246695470273,0.3825018045849031,0.3821928103273682,0.381787979541585,0.38181989284887397,0.3817847005656946,0.3814374458787583
1971-03-31,0.4022088330338064,0.40157408343790413,0.4005514538794803,0.3982866560018927,0.39881529220017087,0.3982813626758666,0.3967525917349847,0.3963441483701241,0.39654561395832844,0.39877152339176825,0.400948863866361,0.4017814188441973,0.39935480450875493,0.40268636990862244,0.4034077027463191,0.40299496538610446,0.4042401170480071,0.40359950876639594,0.4042470766456372,0.40404988883469495,0.4060766823028136,0.4040017744012298,0.4024908400371307,0.4028513212095447,0.403567093887955,0.4033600935160909,0.4020418839083691,0.4015491674678807,0.4008297977500882,0.4001842576094104,0.39948360371343733,0.39950404030210174,0.3944862394660577,0.3973387322514718,0.3985986544583544,0.40046264205463733,0.3980949793771304,0.39935346354285384,0.3978025694692773,0.39838864882178127,0.39739690952874296,0.39703074635075997,0.39767687574460653,0.396130921475287,0.3976158269205734,0.3973571412316685,0.3953788249464232,0.396886945297629,0.3957424281870533,0.3962909526941709,0.3963247849131378,0.3969358111761082,0.3979106882582244,0.39791379149156425,0.3983865073098445,0.39840235917596956,0.39934350413315245,0.39963264775347757,0.39967056632992426,0.39876153515914,0.39861047016188655,0.39841172769371275,0.39886477382146723,0.399690109564397,0.39995252482997756,0.40012486487158444,0.4005556366477922,0.401676538388174,0.40168110713802596,0.4012969182624219,0.4014390129642885,0.40073042077833154,0.40236221809060024,0.4026912858601534,0.40212501280919294,0.40208209370844905,0.40074323154121216,0.4007636625976858,0.4001653797333464,0.4040456502425137,0.4027759397939891,0.4014713604202739,0.40079285161520767,0.40071680526512377,0.40124350656503466,0.3994335077196214,0.4002818401330241,0.3996938647408038,0.3998012563988136,0.40169690640766986,0.4018410610549473,0.4020998455156019,0.4035038318426937,0.4031964587820902,0.40279180146738536,0.40282590574322474,0.40278913139591277,0.40244071265494613
1971-06-30,0.3611598134066436,0.36052626001143573,0.35950344672788026,0.35723243973802676,0.3577646639619272,0.3572286647618878,0.3556971236948395,0.3552910482928171,0.3554936470029446,0.35772317739570775,0.35990669466247144,0.3607394130271589,0.3583122535929766,0.36165064591140095,0.3623709830652092,0.3619602129661996,0.36321328101121625,0.36257183023288336,0.3632215697444255,0.3630266737475186,0.3650570888643729,0.3629806493058925,0.3614676979036272,0.3618240178220786,0.36253947873081604,0.36233601353942946,0.36101594512813767,0.36052131812305777,0.3597981759246671,0.3591529911898509,0.3584522826155937,0.3584792972485215,0.35346067253033286,0.3563174860163315,0.3575791344698518,0.3594525658929735,0.3570831640402358,0.35834255556505756,0.35678782318564206,0.3573794080069792,0.35638237339142254,0.3560208771220842,0.3566687553172169,0.3551243630715884,0.35661045790035417,0.35635122557760646,0.35436859809564814,0.3558748849464377,0.3547342152015919,0.3552842054538257,0.3553221568245868,0.35593695594433816,0.3569103338249062,0.3569177150994992,0.3573936089310232,0.3574072518257625,0.35834908953702244,0.3586409142115854,0.3586786514439928,0.3577679992667811,0.35761758478100514,0.35742104190826807,0.35787624168310417,0.35870421206953496,0.35896759303740133,0.3591393545634463,0.35957125944950036,0.36069610280738673,0.3607022266557069,0.3603187130965648,0.36046093917979216,0.35975112180912494,0.3613841111000562,0.36171773941905494,0.3611518536080568,0.36110646974567245,0.3597603550597294,0.3597785060056128,0.359181464261841,0.363071885891981,0.3618033470489287,0.3604989912429466,0.3598194581594771,0.3597453704047526,0.3602803026054018,0.35847139897370117,0.3593247121164038,0.35873878780609564,0.3588473248442157,0.360749335680467,0.36089391097290435,0.3611524075895972,0.3625602064031416,0.3622543110413534,0.36184986195428104,0.36188584151837044,0.36184782374462765,0.36149837492718423
1971-09-30,0.33856082688979316,0.3379286361291839,0.3369063341574211,0.3346306980913416,0.33516546225482235,0.3346279178831288,0.33309459984564377,0.33269069958635433,0.3328946816851234,0.3351265526897806,0.3373145230692305,0.3381470913344463,0.335720230438885,0.339063539817159,0.3397828212374865,0.33937414912326513,0.34063348408896016,0.33999175782842117,0.34064340346036803,0.340450500855458,0.34248355790604385,0.34040658170149746,0.3388925943015657,0.33924550001286147,0.33996061267258043,0.33976021939397605,0.3384390460321837,0.33794293680651966,0.3372167693087891,0.33657214125333934,0.335871229788548,0.33590469380521615,0.3308864649551906,0.3337457173778297,0.3350084270877701,0.3368890225071975,0.33451873410399424,0.33577859291151696,0.33422071719817803,0.33481692163710347,0.3338156637963907,0.33345823788421225,0.3341075532361471,0.33256494855008556,0.3340515761453853,0.3337918413711811,0.33180600872611776,0.3333102130791349,0.3321730557368992,0.33272405483120704,0.33276538624177143,0.3333830145030862,0.3343549005666042,0.3343659988629968,0.3348444024480153,0.3348562896643058,0.3357982783543677,0.3360922649920889,0.3361299689269576,0.33521821157004683,0.33506850037822494,0.33487388195768003,0.33533081466598574,0.33616077228214025,0.3364249615183133,0.3365962396777369,0.3370289359790417,0.3381569062200296,0.338164403478521,0.3377815506075279,0.33792379903635666,0.33721317931374684,0.3388466848666477,0.3391842554495822,0.33861884270643716,0.3385712373700461,0.337218774233251,0.3372349985750501,0.3366390604486983,0.3405365732037277,0.3392694323193681,0.3379657642313167,0.33728526229488354,0.3372128763233152,0.3377552724808601,0.33594799119918417,0.336805452211569,0.33622138142856145,0.3363312527219523,0.33823826333731893,0.33838307176273785,0.33864111088460913,0.34005172252599625,0.3397471526762783,0.3393429659697679,0.33938045996379507,0.3393415865880489,0.33899127076263863
1971-12-31,0.3310443189174041,0.3304129435405878,0.32938777891313886,0.32709851314241334,0.3276414859460503,0.3270994017473098,0.3255589109929724,0.32515795768388367,0.32536215751916564,0.3276031282570092,0.3298042019332363,0.33063861669637196,0.32820718917863867,0.33156568020897936,0.332284151737568,0.33187651838130433,0.3331506236250652,0.33250518197284984,0.333159903686187,0.3329704193605971,0.3350112590343862,0.3329282098411647,0.33140771249876266,0.3317536927836433,0.3324687398467687,0.33227356282463466,0.330947016879492,0.33044699518919707,0.3297138366113393,0.3290683220114821,0.32836804548693443,0.32840924400324367,0.32338413122365384,0.32625647033581806,0.3275240369198662,0.32942373395828295,0.32704758664523464,0.3283103125434017,0.32674554207852446,0.3273505969099937,0.32633969530002616,0.32598887663191284,0.32664108146200294,0.32509832377523395,0.3265892058597507,0.32632876523921417,0.32433372540053707,0.325837823960227,0.32470516719454834,0.3252596885901802,0.32530791273687454,0.32593321055041685,0.3269039926640836,0.32692125594631033,0.32740552093235886,0.3274133585762838,0.32835870013290835,0.32865744001079533,0.32869423764290356,0.3277785053491592,0.3276289949521832,0.3274374757645793,0.3278982585052695,0.32873366829224027,0.328999432570222,0.3291697946397519,0.3296051598237932,0.330740481034141,0.33075012121638625,0.3303678214551873,0.33051074346394493,0.32979693153331746,0.33143502436828576,0.3317793331892148,0.3312136862104433,0.3311628994113005,0.32979972070785935,0.3298123765100896,0.32921798406429353,0.33313939085352523,0.3318717728907628,0.3305656662975312,0.3298839574258403,0.3298143910693158,0.33036740359398176,0.32855810671880026,0.32942390215768036,0.3288423602796551,0.32895221378065786,0.33087145076909,0.33101757852176306,0.33127622318143957,0.33269512120852507,0.3323924578342146,0.33198806413456305,0.33202890182666833,0.3319871032190282,0.3316351035100425
1972-03-31,0.37110190026151024,0.3704714888719132,0.36944390035701136,0.36714188873148174,0.3676925102892834,0.3671461677179334,0.36559908965079924,0.36520097532590656,0.3654055208201533,0.3676548018285629,0.36986791368751415,0.3707040008965241,0.36826853081216815,0.37164104232014394,0.3723586294997929,0.37195208237536825,0.37324000339516555,0.3725911309136851,0.3732487306809439,0.37306250398064905,0.3751105030195855,0.373021981017146,0.3714955354742338,0.37183500753562393,0.37254994185429413,0.3723597162764777,0.371028231108502,0.3705245311143397,0.3697848085777167,0.36913850695063144,0.3684388337456975,0.3684877844656959,0.36345660835983995,0.36634097227559625,0.3676129989218855,0.36953049505342617,0.36714900872102935,0.3684143108564274,0.36684308472743,0.3674564465348007,0.36643653830600764,0.3660919668927276,0.3667468413448277,0.365204054823133,0.3666987948357712,0.3664376875266635,0.36443410661324194,0.36593795452480526,0.36480960001133655,0.365367386150233,0.3654220719594965,0.36605449576725224,0.3670241683939599,0.3670472485405756,0.3675369807500733,0.36754101571478337,0.36848941245486333,0.36879260282803816,0.36882856005329134,0.3679091567484599,0.36775985899669483,0.36757127408679624,0.36803565080728085,0.3688761351176157,0.36914337006486636,0.3693128635373399,0.36975070344664407,0.37089288161642464,0.37090454930332584,0.37052279645841246,0.37066633574799424,0.3699495738588796,0.37159186815999196,0.37194252442316744,0.3713766903594943,0.3713228849022355,0.36994956758486147,0.36995886395510313,0.36936594385489097,0.37330950516463907,0.3720415200948871,0.37073321072150744,0.3700503643622909,0.36998346196240595,0.37054657608694824,0.3687355470523747,0.3696091787829173,0.3690300551497345,0.3691399467407408,0.37107060655806734,0.371217959064612,0.37147712169508196,0.3729037310756469,0.3726028883732011,0.3721983161695821,0.3722423007361585,0.3721977798867909,0.3718442046434527
1972-06-30,0.3912696828926213,0.390640386947288,0.3896107426346648,0.3872966620458368,0.387854526148224,0.3873041320635831,0.3857509342126815,0.3853555814745085,0.3855605613993359,0.3878175018593344,0.39004177810519436,0.39087940314060077,0.38844033268043493,0.39182591599380523,0.3925425329092016,0.39213709526133544,0.39343808962758775,0.392785983909983,0.39344627845581515,0.39326319389563846,0.3953178250767932,0.39322432059951495,0.39169236597974183,0.3920256394628976,0.3927404037255672,0.3925549293552331,0.3912188460257531,0.3907116432010092,0.38996568746754884,0.3893186701550162,0.3886196121558483,0.3886763684383591,0.38363986132098615,0.38653542949176445,0.38781159904473533,0.3897458887950459,0.3873594966462039,0.38862712224008544,0.38704981166358476,0.3876710400516395,0.38664263287904677,0.3863040264777316,0.3869613742249147,0.38541866104222366,0.38691693436408925,0.38665520072743637,0.3846436210703632,0.3861470975375025,0.38502289876259965,0.38558375162588165,0.3856445657647921,0.3862836955643328,0.38725224245579204,0.3872808578886608,0.3877757465862395,0.38777615972258805,0.3887273855235691,0.3890347899015023,0.3890699454234348,0.3881471142067916,0.38799802841778364,0.3878122492880297,0.3882800126024542,0.38912527310843664,0.38939388903740535,0.3895625449542103,0.39000270927703984,0.3911513428176231,0.3911649430209688,0.39078373623114215,0.3909278523880716,0.3902083305801032,0.391854520493687,0.39221120152176586,0.3916452196252481,0.3915885345795175,0.3902055682932709,0.39021166833616094,0.3896201731064223,0.39358454134492915,0.39231627184616247,0.3910059326708688,0.3903220297777875,0.39025766796773376,0.3908304380697756,0.3890178943718662,0.38989896146164915,0.38932217708713984,0.3894321171651567,0.3913735565381868,0.3915220678539305,0.39178168652812956,0.39321555589448426,0.39291647095077004,0.3925117440491099,0.39255873011333664,0.3925116306416827,0.39215657409036475
1972-09-30,0.3875623807189468,0.38693435836171997,0.38590297750833247,0.383577354673344,0.38414217263394934,0.38358787817641626,0.38202894454154507,0.38163630092864137,0.38184177230435556,0.3841058165404107,0.38634051809559417,0.3871795735702074,0.3847372932983127,0.38813514641695845,0.3888506940884047,0.38844637075643373,0.3897598527925662,0.38910464564459496,0.3897674583799178,0.3895874361545184,0.3916482351535018,0.38955016363407813,0.3880130509783758,0.3883403514743164,0.3890548766191366,0.3888740032730613,0.38753359735212867,0.3870230238194199,0.38627109481686933,0.38562341342834955,0.3849250209069102,0.3849896657803845,0.3799485169031576,0.38285464314279244,0.3841346937936484,0.3860849916969036,0.3836940711286314,0.3849637901043849,0.38338072246747035,0.38400945178658763,0.3829729592260377,0.3826400955485043,0.38329973393699457,0.3817571852167261,0.3832587157254984,0.38299639868537794,0.38097727709443363,0.38248027394463086,0.3813601280695512,0.38192389322989884,0.3819905765851776,0.38263608438108987,0.38360347692610075,0.38363739568396743,0.3841371915859726,0.38413411267694886,0.3850879931250727,0.38539942426373497,0.38543379500476393,0.38450773635062196,0.38435885202121184,0.38417577838096095,0.3846467556705202,0.3854965511651294,0.38576646794187885,0.385934303806273,0.3863766741492979,0.3875314265210014,0.38754687930174975,0.3871662233449866,0.38731088783548584,0.3865887589702169,0.38823859356353463,0.38860102573675215,0.38803493130860434,0.38797548887849587,0.3865833046187237,0.38658633655812147,0.3859962409974378,0.3899803537876543,0.3887118656397561,0.38739962530708794,0.3867147599701412,0.38665283993783217,0.38723486756286457,0.38542098233808414,0.3863091538227629,0.38573465625313635,0.3858446176146727,0.38779630729630626,0.3879459333763146,0.38820596524310513,0.38964673217522205,0.3893493607772466,0.3889445008430379,0.3889943826136092,0.3889448020399471,0.38858834964416566
1972-12-31,0.3697212207307866,0.36909463934572273,0.3680618063169584,0.36572505387988385,0.36629663168472204,0.36573854422849017,0.36417419717652166,0.3637842315260585,0.3639902241742224,0.36626088377019095,0.36850536994399113,0.3693457679717457,0.3669006361449887,0.37031006155784263,0.37102442680748743,0.370621207742447,0.37194671320404415,0.3712884839410864,0.37195363961820893,0.37177662957313695,0.37384317363193387,0.371740897904278,0.370198912111397,0.37052039611526394,0.37123460023569294,0.37105821848726367,0.36971371709613965,0.3691998713590535,0.3684421744548535,0.3677938661475223,0.3670962247387172,0.3671688674841539,0.36212375222914417,0.3650399222040585,0.3663236319025015,0.36828932343779364,0.3658942157689268,0.36716581081886923,0.36557728517554494,0.36621320631352655,0.36516897042665086,0.3648416756565942,0.3655034292428392,0.363961131948643,0.36546567703691085,0.3652028230055664,0.36317655525558534,0.36467896970204844,0.36356281227255055,0.36412936876484525,0.36420172138859164,0.3648533510707331,0.36581954723603816,0.3658585760294377,0.3663630772346794,0.3663565944942563,0.3673129943302289,0.3676283033618728,0.3676618878258215,0.3667327712023667,0.36658406963733625,0.3664036240773152,0.3668776685610895,0.36773180079430423,0.36800294449983684,0.3681699661086031,0.36861444841256696,0.369775030569297,0.3697922675423744,0.36941217302420737,0.369557366677729,0.3688327559975716,0.37048602336959224,0.37085396978488994,0.37028779665220957,0.3702257066770913,0.36882469529964607,0.3688247596213039,0.36823605849751484,0.37223907083164154,0.3709704193722518,0.36965637370912546,0.36897065435012744,0.36891109684873347,0.3695020163375482,0.36768693195047775,0.36858192939489437,0.3680096894080168,0.36811961201780874,0.3700811072528208,0.3702318217319429,0.37049223888330324,0.3719396078109023,0.37164392176321326,0.3712389499056943,0.3712916536604613,0.3712396517791957,0.3708818837196782
1973-03-31,0.5330051871074148,0.5323802251300616,0.531346198513958,0.5289986384893979,0.5295768621604984,0.5290150530104988,0.527445567567837,0.5270582676345563,0.5272647869415952,0.5295416223641537,0.5317953269045307,0.5326369940857727,0.5301893493799419,0.5336097262803062,0.5343227808358545,0.5339206432003294,0.5352578062437721,0.5345965901330435,0.5352639111246835,0.5350898888824153,0.5371617826321291,0.5350556275488992,0.533509001613159,0.5338247661689249,0.5345385536695488,0.5343665887941448,0.5330181816870727,0.5325011349230517,0.531737831520683,0.5310889223567212,0.5303921513991745,0.530472925721602,0.5254245252293424,0.5283503289181953,0.5296375050969597,0.5316181148213361,0.5292191382781164,0.5304923982050233,0.528898695603941,0.5295415439540133,0.5284898501278081,0.5281679913560325,0.5288316874870274,0.5272897289019188,0.5287970696349069,0.5285337291911472,0.5265006661196532,0.5280023960281022,0.5268901975133478,0.527459451272645,0.527537322561877,0.5281948768162174,0.5291598203895993,0.529203797345202,0.5297128401331623,0.529703006311861,0.5306618213391806,0.5309808906790289,0.5310136710359674,0.5300816425111077,0.5299330977836768,0.5297552222687244,0.5302322071154686,0.5310905115473431,0.531362812225813,0.5315290148181894,0.5319755344343627,0.5331416932602527,0.5331606552611332,0.5327811387544661,0.5329268501624673,0.5321998615078554,0.5338563784609135,0.5342296307120485,0.5336634128293625,0.5335987758325318,0.5321893004006701,0.5321864745345661,0.5315991811135876,0.535620421314905,0.5343516555302031,0.5330358748651763,0.5323494252231364,0.5322921672825109,0.5328916360333913,0.5310754728245696,0.5319770588797748,0.5314070683606699,0.5315168621630145,0.5334877833616005,0.5336395748827789,0.5339003617143323,0.5353540895361546,0.5350600749301431,0.5346550127182301,0.5347104919769334,0.5346560961933554,0.5342970897132676
1973-06-30,0.5232362518931768,0.5226131001873866,0.5215781188539005,0.5192199980370906,0.5198048242758255,0.5192393336467203,0.5176649469793579,0.5172803178824041,0.5174873463845544,0.5197699545953058,0.522032369578698,0.5228752436932176,0.5204254138234257,0.5238561793948612,0.5245677790974659,0.524166688459212,0.5255152264536361,0.5248510200476557,0.5255203236181522,0.52534928810506,0.5274261538662881,0.5253164160839447,0.5237653404485095,0.5240754293467256,0.5247886902121234,0.5246210982295076,0.5232689451060676,0.5227487452692107,0.5219799597874777,0.5213304668817451,0.5206347186967218,0.5207237819248758,0.5156727968731746,0.5186079105255075,0.5198983831733536,0.5218935538339,0.5194910123314488,0.5207657274191098,0.5191671180063225,0.5198166653662467,0.5187577521674173,0.5184412323627272,0.5191066980218512,0.517565168755888,0.5190751032545645,0.518811331683131,0.5167717900044972,0.5182727306935574,0.5171644942628593,0.5177363738324542,0.5178196560758542,0.5184829877931507,0.5194466077646469,0.5194953975352674,0.5200088502703275,0.5199956865694475,0.5209568383927926,0.5212795770607979,0.5213115203991333,0.5203767077135706,0.5202282871964857,0.5200529407364769,0.5205327551047938,0.5213950947780558,0.5216684848650457,0.5218338538197342,0.5222823522777185,0.5234538628114582,0.5234744983059127,0.5230955824811934,0.523241806980369,0.5225125268926432,0.5241721320983538,0.5245505046771307,0.5239842771943876,0.5239171865088331,0.5224995907718716,0.5224939321915705,0.5219080773379899,0.5259470181544524,0.5246781833079722,0.5233607171463164,0.5226736771804464,0.5226186699147632,0.5232263615674726,0.5214092235730295,0.5223171943391287,0.5217494649457426,0.5218590113868191,0.5238390312592144,0.5239919017963401,0.5242530533207411,0.5257129399168945,0.5254205960300531,0.525015466163566,0.5250736985942481,0.5250169072990883,0.524656738343472
1973-09-30,0.5284644045936294,0.5278432675783256,0.5268075547544517,0.5244390548948356,0.5250305052273448,0.5244613454352011,0.5228822632041514,0.5225003264404082,0.5227078245998833,0.5249958305288559,0.5272664953380475,0.5281105231367674,0.525658830873092,0.5290994674247209,0.5298094514621674,0.5294093623894762,0.5307690658796727,0.5301018302971577,0.5307729264842654,0.5306048984007679,0.5326863693438699,0.530573323998934,0.5290179527286928,0.5293223603901155,0.5300349694856619,0.5298717346041304,0.5285159699767362,0.5279926444660482,0.5272184689484646,0.5265684018366786,0.5258738616858034,0.5259713946634412,0.520918555436396,0.5238627297223883,0.525156346617501,0.5271658254782666,0.5247600147296919,0.5260359733904088,0.5244327214614011,0.5250887705036826,0.5240228362870532,0.523711590962976,0.5243786504111206,0.5228376465028068,0.5243499853961042,0.5240858431526382,0.5220401128658397,0.5235401548566156,0.5224359150315723,0.5230103687563501,0.523098992916286,0.5237679995633572,0.5247302095479213,0.5247836999850682,0.5253014590599714,0.5252849575831755,0.5262483901900392,0.5265747307227951,0.5266057897382675,0.5256683057406517,0.5255199703518553,0.5253471274618564,0.5258296737952974,0.5266959352402032,0.5269703484249552,0.5271348596455809,0.5275852925260127,0.5287619526394259,0.5287842166224641,0.5284059303906526,0.5285526694306093,0.5278211698826845,0.5294837192942355,0.5298670457039167,0.5293008457061884,0.5292313889985295,0.5278060033899171,0.5277975516611911,0.5272131833501131,0.5312694229316387,0.5300005622741922,0.5286814422653868,0.5279939690514923,0.5279411761960584,0.5285567757000423,0.5267387544357365,0.527652934305232,0.5270874966886232,0.5271966493546978,0.5291854842409548,0.5293394480812049,0.5296009688674722,0.5310668507969457,0.5307761894259653,0.5303710161962711,0.5304320016763993,0.5303727863092407,0.5300115307179208
1973-12-31,0.5098335387902141,0.5092146354290594,0.5081784014536677,0.5057996459282098,0.5063978032469786,0.5058249606918067,0.5042413613310652,0.5038621541907795,0.5040700605936692,0.5063631111547332,0.5086416048370649,0.509486740555185,0.5070335080620085,0.5104835340150411,0.5111917241328848,0.5107925803820755,0.512163306528191,0.5114929693382677,0.5121656592092223,0.5120006801574197,0.5140863953200376,0.5119703006648414,0.510410755496308,0.510709429248116,0.5114212456041187,0.5112623786326063,0.5099031150706876,0.509376672433058,0.5085971695623523,0.5079465310557665,0.5072534176144944,0.5073596250760688,0.5023056997056233,0.5052587520041587,0.5065553753706873,0.5085790054144755,0.5061702173154317,0.5074472035489584,0.5058395712774715,0.5065019517446722,0.5054291590842122,0.5051231541369985,0.5057916270574204,0.504251251516596,0.5057658147462776,0.5055013678875048,0.5034497174416187,0.5049487447963814,0.5038485667492036,0.5044255609668954,0.5045194939914318,0.5051941139901012,0.5061548116340885,0.5062129115224113,0.5067348986775133,0.5067150238737005,0.5076807014471909,0.5080105978868126,0.5080407111763594,0.5071006561756142,0.5069523604275931,0.5067820101342504,0.5072672022928689,0.5081372927891838,0.5084126631580349,0.5085762832349127,0.5090286187829133,0.5102102454859432,0.5102340987116254,0.5098564773928883,0.5100037381641,0.5092700783792483,0.5109354421172596,0.5113235721324693,0.5107574391775778,0.5106856995702599,0.5092528455859179,0.5092416236963815,0.5086588068347553,0.512732056335516,0.5114632122306685,0.5101424540077409,0.5094547226735407,0.5094041196218015,0.5100273195433646,0.5082084965285634,0.5091287346868765,0.5085656381172698,0.508674222740928,0.5106716267294505,0.5108267099069129,0.5110886134427357,0.5125603597660333,0.5122714048707292,0.5118662144931404,0.5119299739649733,0.5118682801719139,0.5115060145865395
1974-03-31,0.5447601325364414,0.5441436972605619,0.5431071414396222,0.5407181995280709,0.541323206324939,0.5407466426316563,0.539158680212853,0.5387822554914673,0.5389904866149394,0.5412882464268145,0.5435741823484112,0.5444203867014247,0.5419659387866005,0.5454249022453683,0.546131101907676,0.5457328363230974,0.547114504751803,0.5464409608783835,0.5471150350110868,0.5469531670970028,0.5490427676242111,0.5469238682985965,0.5453602412377747,0.5456530824344348,0.546363948484561,0.5462094859352462,0.5448468162069962,0.5443172471730962,0.5435324521835675,0.542881238878145,0.5421898051191285,0.5423049164193079,0.537250717168662,0.5402125266909836,0.5415120308111823,0.5435497453275544,0.5411382712148964,0.5424160625848617,0.5408043128886717,0.5414728789753454,0.5403933575972413,0.5400925879792114,0.540762287941603,0.5392226519516372,0.540739266476336,0.5404745870800509,0.5384172670352996,0.5399151560593463,0.5388191354079259,0.5393986533286367,0.5394978965433662,0.5401781070490576,0.5411371733863274,0.5411998109203269,0.5417259715163542,0.5417026609035875,0.5426705664782095,0.5430039931113857,0.5430330851791679,0.5420905485659115,0.5419422404751423,0.5417743857136414,0.5422621476760457,0.5431359934434254,0.543412254807609,0.5435749410123438,0.5440291592604255,0.5452155861070966,0.5452409945481653,0.5448640800735203,0.5450118753167161,0.5442761029673873,0.5459441631904671,0.5463369609033524,0.5457709374364242,0.5456969943557614,0.5442569878582775,0.544243003039885,0.5436618195306724,0.5477518952667608,0.5464831099417727,0.5451607141986439,0.5444729189252613,0.5444244921196146,0.5450549897778361,0.5432354382257957,0.5441616062858523,0.5436009185881632,0.5437087325837654,0.5457144935261073,0.5458707335742304,0.5461330419223184,0.5476105514764238,0.5473233390551823,0.546918159924511,0.546984734814791,0.5469204829590173,0.5465572855458609
1974-06-30,0.5380231138532154,0.5374093974607902,0.5363727092950866,0.5339735987719039,0.5345856566024224,0.5340053091592167,0.5324131152729921,0.5320395412085874,0.5322479908548414,0.5345501391270459,0.5368431612201034,0.5376904007288387,0.5352350673792409,0.538702541467696,0.5394065349509503,0.5390090691554585,0.5404016595292365,0.5397247714467314,0.5404000085406485,0.5402413343308653,0.5423344605288105,0.5402129899045761,0.5386453448076582,0.5389322090932763,0.5396419498504856,0.5394919535498934,0.5381259519987179,0.5375932300455032,0.5368031518534719,0.5361513544017397,0.5354618888164749,0.5355861589293917,0.5305325480725233,0.5335030529768949,0.5348053224564644,0.5368571420472144,0.5344432752166062,0.5357216411556982,0.5341060399955625,0.534780668566493,0.5336945172258184,0.5333990062334047,0.5340697393585082,0.532530963276021,0.5340494613819058,0.5337846279719767,0.5317218736332197,0.5332184917961393,0.5321267547949263,0.532708795867865,0.5328133841531577,0.5334991998369811,0.5344564985749851,0.5345236203690931,0.5350539223385168,0.5350270866986836,0.5359972214076123,0.5363341720418944,0.5363621530879259,0.5354172144526517,0.5352688353457565,0.5351034926450494,0.5355937576083335,0.5364713026469934,0.5367483879922894,0.5369100881427091,0.5373661803930152,0.5385572556479896,0.5385841901193285,0.5382080312688964,0.5383563792146391,0.5376185311903249,0.5392891806350477,0.539686523053269,0.5391206547483143,0.5390445845815015,0.5375977383825472,0.5375809825655391,0.5370015315693822,0.5411083503885623,0.539839666444674,0.5385156194875749,0.5378279745927909,0.5377817211733089,0.5384192163386955,0.5365990022872482,0.5375309927185857,0.5369728004527218,0.5370796120872924,0.5390935489309681,0.5392509948675065,0.5395137385322026,0.5409969382217407,0.540711516365769,0.5403063792675246,0.5403758313211584,0.5403089165157066,0.5399448675696075
1974-09-30,0.47340566366916237,0.4727949342289254,0.4717582941939382,0.469348982710461,0.4699683525808402,0.4693841346341129,0.46778781957240156,0.46741717996007465,0.46762571842415146,0.46993194665191307,0.47223172678999137,0.4730799733336708,0.4706240917825469,0.4740996712068203,0.47480122261849245,0.47440446654643753,0.4758080173889114,0.47512761479036625,0.47580378034587467,0.47564840309705114,0.4777446920321871,0.4756208739175296,0.4740492473425041,0.4743299442556199,0.4750383664169877,0.47489292350275236,0.473523646881163,0.47298772844971754,0.47219235021502814,0.47153995343164734,0.4708527815389865,0.47098649227134465,0.465934387424214,0.4689135833618221,0.47021851184929436,0.4722845432055664,0.46986858093910955,0.4711472812604769,0.4695280995655615,0.470208688977323,0.4691159765717645,0.4688257755991551,0.4694973393468056,0.4679595535871966,0.46947977161325605,0.4692148695987836,0.46714690293544053,0.46864210791957817,0.4675548119750097,0.4681393916087913,0.468249393164711,0.46894086573443095,0.46989624246024503,0.4699678129523602,0.47050224624615355,0.4704717694181576,0.4714441521654258,0.47178463980057855,0.47181140533980787,0.470864135237987,0.4707156194791096,0.4705528188662279,0.47104552862938165,0.4719267340267318,0.47220457504402036,0.47236522726531704,0.472823195831535,0.4740187811723865,0.4740472170742105,0.4736718697533169,0.473820794157622,0.47308089702668843,0.4747540380099603,0.4751558140506804,0.4745901501111681,0.4745120267275063,0.4730586526797229,0.4730391026711041,0.4724615010330471,0.4765850780048937,0.47531653877343993,0.47399081270169685,0.47330355381255335,0.4732594814590822,0.4739036744395709,0.4720828575014511,0.4730205826287044,0.4724649914693225,0.4725705387417516,0.47459249979866036,0.47475121228526546,0.4750144302336098,0.47650327404936366,0.4762197031393661,0.47581464143721913,0.4758870528638219,0.47581734464065034,0.475452527112679
1974-12-31,0.3190361665589506,0.31842871033351433,0.3173922903328625,0.3149726959110476,0.3155996993730836,0.315011499788117,0.3134111532192693,0.313043547667299,0.3132520206879171,0.3155620309175782,0.317868267104761,0.31871749763459284,0.31626141412221104,0.3197447125978219,0.3204435648169422,0.3200474161259402,0.3214620245867152,0.3207779036494176,0.3214547486769384,0.32130279278062185,0.323401876247156,0.3212759261433323,0.3197003276680698,0.3199746197305187,0.3206815107083232,0.32054073392567883,0.3191682218370622,0.3186290462936717,0.3178283255576166,0.317175308406305,0.3164907945075389,0.3166342558867486,0.31158463511635065,0.3145725748280455,0.315880064054843,0.3179605000628362,0.3155427453321656,0.316821528867242,0.3151990442141185,0.31588551358129296,0.3147862797018862,0.3145014683559606,0.3151736503865255,0.31363699625134006,0.31515877360131506,0.31489389573483606,0.31282092679756157,0.31431456561474,0.31323190007177676,0.3138190496170759,0.3139345661786584,0.31463178445646517,0.31558506575959805,0.3156610669117004,0.31619964331595823,0.31616538167684055,0.31714004912126953,0.3174841059179583,0.31750953626390926,0.31655999672899626,0.31641127138556985,0.3162510564605505,0.3167461610138868,0.3176310045920555,0.31790953126175236,0.31806906366270915,0.31852892180377046,0.31972889140749217,0.31975880855804445,0.31938433611059036,0.31953386636308484,0.31879193661299116,0.3204674803584721,0.32087359013246874,0.32030818357118623,0.32022807874490433,0.31876848949681713,0.31874610694792205,0.3181704897642841,0.32231093758337204,0.32104258738408437,0.31971514000477635,0.3190285253209493,0.3189866522437407,0.3196372422410023,0.3178158760928664,0.31875926751089056,0.3182064027929069,0.3183103920745811,0.3203402539666952,0.32050030560294723,0.3207640454018337,0.32225851397077665,0.32197686698962996,0.3215719168021153,0.3216473906648604,0.3215747323602584,0.32120923233692034
1975-03-31,0.3209824053826242,0.320378527779627,0.31934249135648063,0.3169124822188925,0.3175475030160738,0.3169551857812806,0.3153508770510353,0.31498642135181293,0.3151946488847487,0.3175081523872294,0.3198205675439077,0.3206707639112938,0.3182148352453361,0.3217054835428828,0.3224013570848313,0.32200570047341487,0.3234315228076383,0.3227434451468108,0.32342070488283914,0.32327231648244326,0.3253738192200659,0.32324594526117484,0.32166635740499705,0.321933958800526,0.32263908568197375,0.3225031139168124,0.32112738896941406,0.3205848783719994,0.3197787468742975,0.31912508236890824,0.3184436315138335,0.3185971833221093,0.3135510901714479,0.3165478838683533,0.3178578429188522,0.31995296377830157,0.31753372673244606,0.31881233004402343,0.31718682817240335,0.31787911696731064,0.31677337202673506,0.31649405852677576,0.31716663560435937,0.3156312660849282,0.31715444443947605,0.31688969129584166,0.31481191927321595,0.3163038274130015,0.31522601456921123,0.31581578149925366,0.3159369489024073,0.31664003932907786,0.3175910318434838,0.31767146307053373,0.31821421630386587,0.318175998003812,0.31915300477518993,0.31950068225121014,0.3195246418902837,0.3185728867639922,0.31842387122381,0.3182662993695802,0.3187637566364268,0.3196522328533212,0.3199313730659341,0.32008970334516673,0.32055147534292494,0.3217557152524799,0.32178709778889597,0.3214135713457976,0.3215637426334947,0.32081978674799705,0.3224976529424852,0.3229080072546953,0.3223429151653718,0.3222608989257518,0.3207954094421497,0.3207701406520397,0.32019666195641583,0.32435419163093737,0.32308607596924954,0.3217568505181544,0.3210711621619859,0.3210315172083213,0.32168820086593264,0.3198663335563964,0.32081534185553473,0.32026534925815153,0.3203674537373874,0.3224051208407581,0.3225665965631873,0.32283091460508406,0.3243310151352108,0.32405137807599327,0.3236465784503058,0.32372523924521934,0.3236494471609502,0.32328335431286037
1975-06-30,0.3656899458120852,0.3650899723649912,0.3640544747326362,0.3616138686324035,0.3622573547739844,0.3616607583075782,0.3600525364613578,0.3596913630544488,0.3598991379043418,0.3622158541440866,0.3645341953346091,0.3653853442020499,0.3629299391870005,0.3664275836258285,0.36712017543838127,0.3667248818919649,0.3681621344865648,0.36746982586769383,0.36814721848685766,0.36800256623170324,0.3701061043159221,0.3679765079826749,0.3663928858317539,0.36665346075999805,0.36735656920287485,0.36722556820153807,0.36584663594969247,0.3653006946657973,0.3644890579166563,0.3638347129598929,0.36315677308789013,0.3633207865179409,0.35827933502102244,0.36128515135280165,0.362597496101892,0.3647076712194129,0.36228727052878307,0.36356541666825226,0.36193719288633874,0.3626352607914457,0.36152298583303144,0.36124930763519975,0.36192204455426746,0.3603881251307984,0.3619125478009169,0.361648028275608,0.35956564229013394,0.36105564287855485,0.3599829391862968,0.36057538742717177,0.36070237644785874,0.3614115039143331,0.3623599932873863,0.36244487156292376,0.36299185758812197,0.3629494815919399,0.36392890068084033,0.36428027008221714,0.3643026069607586,0.36334868208949866,0.3631992876398777,0.36304443033902206,0.3635442060311951,0.36443632607162424,0.364716005273105,0.36487304026846645,0.36533676161404904,0.3665451693115174,0.366578005643183,0.36620550450199063,0.36635635801564065,0.3656103724311602,0.367290488945617,0.3677050089592737,0.36714029278694976,0.3670564337136596,0.3655853626291838,0.36555713821987856,0.36498597176835124,0.36916089427843857,0.36789306000565436,0.3665619847268746,0.3658775301701669,0.3658401530218645,0.3665026231134103,0.36468029724522694,0.36563489196971516,0.36508793831445113,0.3651877962828875,0.3672332005419295,0.3673961981046896,0.36766115990083104,0.36916692642141824,0.3688893987729875,0.36848479186010297,0.36856678624467143,0.36848764863274636,0.3681210566437323
1975-09-30,0.40479828957693664,0.4042025669518471,0.40316775489062384,0.40071631806823355,0.4013687842242494,0.40076772053170184,0.39915561413035905,0.3987978726366554,0.39900495898446176,0.40132461480428167,0.4036486527915388,0.404500745603392,0.4020462463819686,0.40555054765152465,0.4062395298545972,0.40584445584097895,0.40729341665227115,0.40659656552284074,0.4072737908453236,0.40713306674990396,0.40923824610569415,0.4071071227777795,0.40551939339290566,0.4057725541759387,0.40647336725297345,0.4063475304855031,0.4049653792150317,0.40441589342833895,0.403598630095994,0.4029435652736046,0.40226962948867345,0.4024445088973821,0.3974088886072937,0.40042395606366543,0.4017386087381535,0.4038642992013114,0.40144306330249774,0.40272046059534167,0.40108982110556096,0.40179364805657314,0.40067479432461384,0.40040691891964614,0.4010795674471932,0.3995472768908297,0.40107278827200543,0.40080862009473955,0.39872179980834394,0.400209702767813,0.3991424001844193,0.3997376105566996,0.39987062795774475,0.4005859968825099,0.40153174668454905,0.40162110678153606,0.40217240427813183,0.40212563925972533,0.4031075625345346,0.40346271533847283,0.40348326008379387,0.40252720341699777,0.40237733279633087,0.40222527603047864,0.40272734358876044,0.4036231355967406,0.4039032764520474,0.40405891164631735,0.4045246293071872,0.40573711344001373,0.4057713962422578,0.40540000827205136,0.4055515914439993,0.4048035624171961,0.4064858651458188,0.4069044821707559,0.4063402079837017,0.4062545734598978,0.40477824430901693,0.4047469788027863,0.40417831893712725,0.40837104761293996,0.4071035430642921,0.40577053068906516,0.4050876442399011,0.40505258568061947,0.4057205299048603,0.403897782729912,0.40485795251071927,0.40431422664859173,0.40441143966883264,0.4064645406848719,0.406629171201491,0.4068948517248098,0.40840634554544314,0.4081310408383036,0.4077266720708785,0.40781216970581724,0.4077294456199973,0.4073624526023186
1975-12-31,0.37905197350310893,0.3784608705224008,0.3774268821829633,0.3749643280571245,0.37562635816969697,0.37502061189631636,0.3734046286840928,0.373050486489223,0.37325661835860174,0.3755789473226692,0.3779084763589155,0.37876150935492947,0.37630831268502607,0.37981894490703977,0.3805039634952661,0.3801089501326306,0.3815699604149615,0.3808682163147001,0.38154495451826753,0.38140837489421403,0.3835147899049201,0.3813823292994693,0.3797903909736279,0.38003569599355647,0.38073391300507964,0.3806134626298322,0.3792280630342894,0.37867490017236805,0.377851861338904,0.37719603068418206,0.37652663961281835,0.37671282434660536,0.3716843053538122,0.37470891396568734,0.3760258027986761,0.3781675642548467,0.3757458325210136,0.3770221733772681,0.37538943653563206,0.37609902290401326,0.37497351124409783,0.3747116370788297,0.3753839349134696,0.3738534660888829,0.37537991118805014,0.37511622144420986,0.373025137524174,0.3745107387353256,0.3734491661760113,0.37404723691350616,0.3741865266367341,0.374908382214142,0.37585113280933297,0.3759450276396905,0.37650073859015765,0.37644932172638684,0.3774338605369129,0.3777929090476318,0.3778114741459727,0.3768533157638149,0.3767028626967384,0.3765537074051528,0.3770580480018604,0.37795755741322024,0.37823807948531585,0.37839219848285865,0.37885997122620185,0.3800764514457072,0.38011217768365935,0.37974199974673645,0.37989436650970504,0.37914426992257066,0.38082870270533203,0.3812513580793382,0.3806875968417858,0.38060025327378605,0.37911899562186313,0.37908458694883995,0.37851864951277914,0.38272970291453595,0.3814625780339231,0.38012752519308246,0.3794465695172479,0.3794138917498882,0.380086991614861,0.3782638550700024,0.37922960788386284,0.378689321643654,0.37878345264361074,0.38084423796061956,0.38101062648629735,0.3812771105473449,0.38279442087132814,0.3825214672650197,0.382117385537145,0.38220658000550145,0.3821199980633529,0.3817527069603191
1976-03-31,0.3784210729567484,0.3778349816240569,0.3768019462748793,0.37432793396850517,0.3750001839647123,0.37438951138910526,0.37276963786672646,0.3724192807287885,0.37262416044585334,0.374948902297371,0.37728374007345056,0.3781377143314293,0.3756862328060972,0.3792028827728547,0.37988355630884196,0.3794884285338932,0.3809618947394218,0.3802548666537806,0.38093077701046585,0.3807985834342665,0.3829058156349514,0.3807722021678096,0.3791759235984138,0.3794128751548117,0.38010817043810996,0.37999335832198616,0.37860466311216934,0.3780476712279134,0.3772186795650533,0.37656203030748464,0.37589777447241024,0.3760957407317546,0.3710756786028114,0.37411018181341327,0.37542924076955897,0.3775877265305147,0.3751658503760456,0.37644081013431,0.37480630764122697,0.37552167450947244,0.37438939466404897,0.3741337521339395,0.37480542189254484,0.3732769825490016,0.37480420656522406,0.3745411322135145,0.37244594669715414,0.37392902717279963,0.372873552011028,0.3734745993226147,0.37362044376008374,0.37434907330247724,0.3752885407109565,0.37538704172793647,0.37594729207073857,0.3758909277863812,0.37687821361407825,0.3772412916119542,0.3772576705708789,0.37629743266423027,0.3761462813939709,0.3760001439661228,0.3765067465498893,0.377410036487198,0.3776908559321221,0.37784332992443975,0.37831322867305106,0.3795336355518626,0.3795708065251165,0.3792019449035564,0.37935515595895014,0.37860295708535796,0.38028947168676286,0.38071611672347316,0.380152944565027,0.3800639575746028,0.3785781080596353,0.37854043702533735,0.3779774603025763,0.38220746538981326,0.3809407718453176,0.37960355844845317,0.3789249260885569,0.37889470308219464,0.37957263287261583,0.37774913357777484,0.37872049708865246,0.378183886251899,0.3782744576028229,0.38034294312246,0.3805112292539401,0.3807786118919517,0.3823018565239095,0.3820313974135541,0.38162765525911185,0.38172076502297453,0.381630022128214,0.3812625411013287
1976-06-30,0.4151492127103153,0.41456854921366953,0.41353658697333295,0.4110507197811649,0.41173392025007693,0.41111804827085763,0.409494249227125,0.4091478818782141,0.40935117859618936,0.41167807879517876,0.41401806647413647,0.41487298796979244,0.4124236511733525,0.4159460177115534,0.41662193604921643,0.41622650182093046,0.4177128975377232,0.41700015227224035,0.41767487194264813,0.4175473322137863,0.41965494907379075,0.41752036217405997,0.41591958161960607,0.41614762381547843,0.4168396455909559,0.4167307543309538,0.41533869782083216,0.4147777049634999,0.4139425538847714,0.4132850261974132,0.41262654831711726,0.41283681101754754,0.4078266515311142,0.410871468096457,0.4121926366520704,0.4143686008220752,0.41194694473558796,0.4132201805616946,0.4115842585667618,0.4123054480491594,0.41116625791737554,0.4109171103681892,0.4115878586210413,0.41006167214942096,0.41158952009556427,0.41132720846498827,0.40922807505348535,0.41070840014506527,0.4096594296894461,0.41026358832617327,0.41041630959315833,0.4111520438788805,0.41208791867236017,0.41219111629673383,0.4127560565946624,0.41269441532115425,0.4136846004320177,0.4140518638314627,0.4140658303617026,0.4131035271852234,0.41295155202058376,0.4128085647930196,0.4133174261566908,0.41422457784707845,0.414505607129169,0.4146562943724263,0.41512840256709777,0.4163526775657461,0.4163912989642891,0.4160238697748542,0.4161779928570653,0.4154236461151549,0.4171122022358425,0.4175427982143516,0.41698029668826947,0.41688973128147994,0.41539963456233847,0.41535856430920975,0.41479880994222734,0.41904850530037013,0.41778229659085486,0.41644278520784644,0.41576690004787553,0.4157392178905843,0.41642164372476514,0.41459780296096144,0.41557482489969344,0.4150421501581826,0.41512864181118125,0.417204872270543,0.4173752107355768,0.4176435976037265,0.41917292368844095,0.4189051183021348,0.41850177206596206,0.4185990414127788,0.4185038014990137,0.4181362442923858
1976-09-30,0.4291317864511752,0.42855699211130316,0.42752621371320537,0.4250280376342991,0.42572299629425003,0.4251016214743916,0.42347383953583556,0.42313168623838265,0.4233330346230199,0.4256618439346457,0.42800684619165796,0.4288627258640031,0.4264159814427986,0.42994377486099633,0.43061449795375417,0.43021854753982464,0.4317184153089466,0.43099947598311217,0.43167261891742936,0.4315500279487345,0.43365758176386576,0.43152219616943105,0.429916720672629,0.43013523746830123,0.4308236067781205,0.4307209506560144,0.42932544837360664,0.42876026199253225,0.42791871484878286,0.42726024161136444,0.42660823870341086,0.4268313532754731,0.4218326367678363,0.424888252520151,0.4262114754863467,0.4284057758676852,0.42598471835292967,0.4272558682288192,0.42561888831539396,0.4263459638716079,0.4251996888134062,0.4249573334751447,0.42562684986290467,0.4241031559837982,0.4256314723412328,0.4253700815834965,0.42326714589082454,0.42474446455961895,0.4237024474139564,0.4243098711959434,0.42446983230946717,0.4252130468291013,0.42614499311834647,0.42625299714238196,0.4268228032046284,0.42675552023252156,0.427748778280085,0.42812040574207133,0.42813171300488734,0.4271673508245123,0.4270144157246712,0.42687472744510613,0.4273858522964432,0.42829696546729745,0.42857811310244864,0.42872685843748914,0.42920127237503297,0.4304293678283554,0.4304694497891031,0.4301035793637428,0.43025868948342516,0.4295021382012423,0.4311927035002139,0.431627221670793,0.43106547798901457,0.4309733987037466,0.4294794082968121,0.4294347838018128,0.42887853763691913,0.43314877648590816,0.43188310803555696,0.4305411433227292,0.4298684619252853,0.4298434191538072,0.430529998148728,0.4287058318321428,0.4296885803648969,0.42916012820229194,0.4292419759834838,0.4313260254231701,0.4314985866237119,0.43176809434232255,0.4333036790624339,0.43303870301246006,0.4326358130055041,0.4327375129229062,0.4326374057974023,0.43226989206710237
1976-12-31,0.3780534510868587,0.3774849932051788,0.376455499854087,0.3739445023405346,0.3746521060706046,0.37402489382173953,0.37239304909180415,0.37205535409898954,0.3722543533034983,0.37458482740922444,0.3769347323883553,0.3777915861980575,0.3753479008083402,0.37888084239012854,0.37954589925888627,0.37914920466784696,0.38066315747920254,0.3799375022684005,0.38060865828363516,0.3804913388476091,0.38259836577949097,0.38046235184134697,0.3788519566207061,0.37906027023810873,0.3797445800533603,0.37964850583537807,0.378249454217086,0.3776798606522496,0.37683165005417707,0.3761721566529909,0.3755273817762502,0.3757639458266897,0.37077831087840635,0.37384528014486756,0.37517050752494396,0.3773841079886179,0.3749640423767888,0.3762327242325633,0.37459506422840044,0.3753281109070419,0.37417454318972415,0.37393931194408614,0.3746072684251663,0.3730863237580551,0.3746149521602177,0.374354651624623,0.37224805140572553,0.3737220956055551,0.37268752278812345,0.37329838503393564,0.3734659908732292,0.3742171068369756,0.37514476143083114,0.3752577013429439,0.3758325747237757,0.3757592492532587,0.37675577576560954,0.37713196919635067,0.3771403491776636,0.37617392623615087,0.376019884464287,0.3758836606752183,0.37639706168700465,0.3773122548847686,0.3775934252240933,0.3777400596796041,0.37821688878792425,0.37944876787949283,0.3794903250307056,0.3791261502317821,0.3792823298759855,0.3785235061034331,0.3802160562075225,0.3806544777847078,0.38009358501223,0.38000005604502773,0.37850253501583414,0.37845418267777015,0.3779017554635189,0.3821935081045256,0.3809284373387637,0.37958384556255964,0.37891485827912824,0.3788925661483752,0.37958294572560974,0.3777584643941298,0.37874702842062835,0.37822311184059315,0.37829970603938246,0.38039167817684677,0.38056664863899853,0.3808374050828011,0.38237945622684616,0.3821175019657159,0.3817151325916466,0.3818215614910904,0.3817161818817724,0.38134883747170756
1977-03-31,0.418597169124043,0.41803554166931184,0.41700742506568744,0.41448303417855104,0.4152042503197142,0.41457083433272174,0.4129348242094242,0.4126018520636608,0.4127980651641511,0.41512996426742377,0.4174846833473021,0.41834253231343377,0.41590239239061966,0.41944021389650016,0.42009910185777966,0.4197014165003574,0.42123013871131615,0.42049720000487856,0.42116593413321357,0.42105423736458175,0.42316025668411744,0.4210237807098264,0.4194082088493247,0.41960557876540333,0.42028539336357473,0.42019628083067545,0.4187935570720654,0.41821932120085176,0.4173641485751605,0.4167035527665618,0.4160668161828852,0.4163174709130907,0.4113466570092173,0.4144256034214345,0.4157527902957864,0.4179867622158548,0.41556809729469285,0.41683390835788037,0.41519596289503036,0.4159350874295199,0.4147739859405525,0.4145462457942988,0.41521229608990295,0.41369437453496205,0.415223157478804,0.41496412796529325,0.4128539933480385,0.41432447758378177,0.41329788324259087,0.4139123770276612,0.41408807491652333,0.41484755984610805,0.415770531688624,0.4158885568463493,0.41646872512199395,0.41638891964780633,0.41738893231404467,0.41776991716190104,0.41777508025406446,0.41680658678259064,0.41665128066945906,0.41651870394952295,0.4170344017607949,0.41795381252418823,0.41823490559578297,0.4183792461283312,0.4188586131293519,0.42009424981718746,0.4201373012950541,0.41977496972408535,0.4199323089844407,0.4191711333927705,0.4208656518667883,0.42130796797583514,0.4207480251606046,0.42065311047184717,0.41915243193092777,0.4191001593167707,0.4185518871593217,0.42286624242114085,0.4216018288137189,0.42025441753954107,0.41958964926015746,0.41957023190487114,0.42026404928631794,0.4184392581167977,0.41943374742509953,0.4189147064235027,0.418985390852534,0.4210854192564816,0.42126300192563954,0.4215351464009969,0.4230839026903871,0.42282517980724676,0.4224233996434459,0.4225348838285876,0.42242379076956177,0.4220567479080638
1977-06-30,0.42899963369177496,0.42844535774633846,0.4274187003747606,0.4248802845869789,0.4256161611364772,0.42497614319367844,0.42333584247663,0.42300787806199636,0.42320083217441895,0.4255339205701035,0.4278933878066976,0.4287522580044605,0.42631617027777163,0.4298586134169184,0.4305107977013155,0.4301118563889843,0.4316561037421394,0.4309152679327841,0.4315811201654137,0.43147542569213476,0.4335799393055214,0.43144316397648214,0.429822126576832,0.43000774941188113,0.43068260415653026,0.4306008662194413,0.4291943283735672,0.42861519350143656,0.427752729015227,0.42709094088666033,0.426463110358094,0.4267285416047221,0.4217743902863513,0.42486600664653856,0.42619511307995817,0.42845063532199656,0.426033795706952,0.4272963121671727,0.42565849288815466,0.4264038235485781,0.42523491392986806,0.42501506703179187,0.4256788463574745,0.4241642392002791,0.42569301778745705,0.4254354516201461,0.4233219053675402,0.4247885265140331,0.42377048802830297,0.42438882617939755,0.42457310588668684,0.42534147356749585,0.42625934359123596,0.42638262315157127,0.42696833985103205,0.42688158005630744,0.4278853187053513,0.4282713439444913,0.4282729788398606,0.42730239714943546,0.42714565802001947,0.42701692800444674,0.4275349511382738,0.4284587359400296,0.4287396473726001,0.4288814968127415,0.42936353771105906,0.430602916560967,0.4306474859789035,0.4302871560254932,0.43044575261759777,0.42968213453787496,0.43137861278413264,0.43182482431985314,0.4312659365269405,0.4311696999219234,0.42966624725477004,0.4296098430929656,0.42906608754418557,0.4334042526756235,0.4321405577527554,0.43079011578468,0.4301301261534648,0.4301137205815207,0.43081060254209974,0.4289855014195604,0.4299860466064408,0.4294722482558637,0.429536320013324,0.431644567950494,0.4318249822527554,0.4320986655085552,0.4336543965438186,0.4333991318183972,0.4329980136290012,0.4331149073755649,0.4329976241046917,0.43263102148756133
1977-09-30,0.4485189942553665,0.44797261812446365,0.4469474939232511,0.44439436285827844,0.4451460270995212,0.44449897743269084,0.4428542388526414,0.4425315870993116,0.4427207744484944,0.4450548200221298,0.44741899111221567,0.44827891361123134,0.44584740526835026,0.44939422109874555,0.4500391350192512,0.4496386544322024,0.45119925278095874,0.45044986094789147,0.4511123465276983,0.45101306207488734,0.4531155544312478,0.4509786393333318,0.44935181632242227,0.44952482699571805,0.4501942286798898,0.45012031090185933,0.4487097983345352,0.4481254864356973,0.44725536945175376,0.44659229152139635,0.4459742913953459,0.44625523012695006,0.4413196840392524,0.4444247308392064,0.44575572180665624,0.4480340786529271,0.4456195048063679,0.44687828191723006,0.4452410171990259,0.4459927032848712,0.4448156786753524,0.4446041616800845,0.4452652868738602,0.4437543025024716,0.4452829162145172,0.4450270170649415,0.4429101748966417,0.4443726123823346,0.4433637495943415,0.4439861643074949,0.4441795572184332,0.4449573667399746,0.4458696883047132,0.4459984108022512,0.4465899548418739,0.4464957302134007,0.4475034563554806,0.4478947940212973,0.447892568044825,0.44691987273730704,0.4467615210655563,0.44663685415029497,0.4471572388071074,0.44808557266095245,0.448366193718961,0.44850534100796124,0.44899020483010876,0.4502333207056871,0.45027943605311965,0.4499212767187735,0.4500812358479195,0.4493150735102141,0.45101351056105166,0.4514636279108584,0.45090590612243303,0.45080841130453514,0.44930257804705753,0.4492418125745081,0.44870296020109546,0.45306625854014604,0.45180334582391746,0.45044964349912203,0.44979502638280794,0.44978178222683907,0.4504813451888702,0.44865592885212346,0.44966268090009465,0.44915451888579283,0.44921122910230316,0.4513278889030816,0.45151137047668594,0.4517867544804558,0.4533497601385792,0.45309819725164246,0.4526978179051839,0.4528205029900867,0.45269651757010876,0.452330500287594
1977-12-31,0.47097809423297676,0.4704401931124151,0.46941666865250065,0.4668480750710844,0.4676167301415688,0.46696218851412213,0.465312843829114,0.464995828959391,0.4651807091960035,0.46751548281779526,0.46988433341496605,0.4707453441363451,0.4683189625329711,0.47186991074783563,0.47250695659210623,0.47210463636113764,0.47368247867879265,0.4729238284501962,0.47358243888130247,0.47348999917881107,0.47558993766908975,0.47345303997834515,0.4718200817953012,0.47197955635343836,0.4726429842829456,0.47257736361795327,0.47116269793831833,0.47057291036139165,0.46969475060080623,0.4690302781005167,0.4684230868033674,0.4687203088905822,0.4638054080757645,0.4669247102303808,0.46825755555852444,0.4705601318992352,0.4681482796938658,0.4694028524460387,0.4677665865003643,0.46852479734999464,0.4673393199387442,0.4671366025037656,0.46779467267164376,0.46628763578509136,0.4678159222981693,0.46756190468092473,0.4654418756839628,0.466899792153766,0.46590076545237247,0.46652750741209287,0.4667305846015661,0.467518438190907,0.46842473829255593,0.4685591107467533,0.46915678520565485,0.4690545506018877,0.47006654639195955,0.4704634905216223,0.47045705054122294,0.4694822088825083,0.4693220547451216,0.46920168337093177,0.469724473053364,0.4706575486745224,0.4709377664375688,0.4710739872469593,0.47156183544979624,0.4728086930048302,0.4728563864504074,0.47250057687592517,0.4726620109003392,0.47189319194040047,0.47359359410504265,0.4740476366846711,0.4734911975236451,0.4733925081149829,0.471884697376351,0.47181932315498326,0.47128578442318103,0.4756756501170666,0.47441358498845143,0.4730563749391562,0.47240775691596587,0.47239783586364437,0.473099686426611,0.47127394471619655,0.4722870741094322,0.471784967541372,0.4718335234195208,0.47395881519681654,0.4741456151887746,0.4744228725935928,0.47599348169436717,0.47574588048454913,0.4753463207461769,0.4754752052492239,0.4753439721428623,0.474978691403834
1978-03-31,0.4977230179291938,0.4971941930501368,0.496172329326801,0.4935874726088445,0.49437439161254604,0.49371186926701127,0.49205773103968475,0.49174669526900894,0.4919266992707546,0.4942619740565426,0.496635497306109,0.4974976367811429,0.4950769486126477,0.49863179668019486,0.49926034746452175,0.49885587198201875,0.5004519133180807,0.4996832621400204,0.5003374670477595,0.5002523319072273,0.5023491678411278,0.500212443197761,0.49857297352126795,0.4987179339610992,0.49937484191674875,0.49931802451115026,0.4978990110715093,0.49730342980097386,0.49641680935313814,0.49575083073032766,0.49515547636801077,0.49546980148060343,0.49057767639827854,0.49371211784541325,0.49504679216879055,0.4973750654268639,0.494966405171232,0.496216289643421,0.4945814808806116,0.4953464042989624,0.49415210784929603,0.49395869009590976,0.4946132878711288,0.49311053808314276,0.49463833312670513,0.4943864215062295,0.49226330865862655,0.4937163512070837,0.49272785824170995,0.49335919514449245,0.49357256413891004,0.4943711035526175,0.4952708849494236,0.49541113140679,0.4960152615137991,0.49590443986933397,0.4969210063806747,0.4973238712422535,0.4973128452671274,0.4963358177562011,0.49617366164177645,0.49605783307598206,0.49658307801034707,0.4975211044409166,0.49780080215340006,0.49793385996072265,0.4984248654442402,0.4996754783743939,0.4997247859536935,0.49937151459340895,0.4995345424462164,0.4987629447325804,0.5004653250677413,0.500923320628691,0.5003682858725252,0.5002684653985049,0.4987590887538253,0.49868884204884223,0.49816104939328587,0.502579018593184,0.5013178680589496,0.4999568865313541,0.4993149242154246,0.4993084990550402,0.5000122350346681,0.49818615326329657,0.4992058485487319,0.49871023991023805,0.49874980830139265,0.5008839778912277,0.5010743617358293,0.5013536749790858,0.5029322430758417,0.5026888782552514,0.5022902224296907,0.5024257386673506,0.5022866814494212,0.5019222940655879
1978-06-30,0.4842919473053152,0.48377282458148596,0.48275267940307287,0.4801507104687317,0.48095722822527165,0.48028621066319904,0.47862707469609,0.47832237641142555,0.47849691151966167,0.48083246196165863,0.4832106652791264,0.48407397831321103,0.48165956827231793,0.4852180904316138,0.4858374924830255,0.485430533418155,0.4870457838760797,0.48626635363763465,0.48691560344754503,0.48683825503944284,0.48893142517611865,0.48679502874262726,0.4851486482286241,0.4852780692433971,0.4859278882873561,0.4858804063804654,0.48445683632615816,0.4838551257782747,0.4829596019282105,0.4822919995593355,0.48170955369323665,0.4820418433519925,0.47717470474962076,0.4803252209898868,0.4816617037234751,0.4840172326274612,0.48161224757626797,0.48285694293927245,0.4812240616230918,0.4819959017472013,0.4807923950581333,0.4806088040342995,0.4812594974278811,0.47976138728811224,0.4812885245437974,0.4810389520670616,0.478912852872297,0.48036065482653917,0.4793834259010766,0.480019640404319,0.4802439406784708,0.48105384220389946,0.4819465864272246,0.48209294595790664,0.4827038763173891,0.4825838624432617,0.48360531727549116,0.48401443491015367,0.4839984343521899,0.4830191754795644,0.48285480944008774,0.48274378407390417,0.4832715404350973,0.4842147411527512,0.48449379873747894,0.48462344634212506,0.48511779208043826,0.4863721821413958,0.4864231433328299,0.48607260678824527,0.48623735316675015,0.4854628459372133,0.487167223546987,0.4876292072625465,0.4870757031548627,0.48697481499469825,0.4854642908698129,0.4853888935699947,0.48486729867595446,0.4893149973299541,0.4880548296969728,0.48668979840733195,0.48605517465117737,0.48605242794569276,0.4867576399006379,0.48493119934150314,0.4859576651529641,0.48546901741647364,0.4854987298790563,0.4876420460283514,0.4878362917259779,0.4881178517735869,0.4897047580983141,0.48946591744591117,0.4890682528766913,0.4892108544983929,0.48906336966441666,0.48870003730356054
1978-09-30,0.4837692069269482,0.48326043543405794,0.48224206604424286,0.47962209278830736,0.4804495967092823,0.47976954677010053,0.4781051947791788,0.4778072065295647,0.47797566234811534,0.4803112634047798,0.48269416497745277,0.48355870028227255,0.4811511695345415,0.4847131457502212,0.48532272158955064,0.4849129406780356,0.48654845766945676,0.48575743983428626,0.48640116876217987,0.4863321085977661,0.4884210368846637,0.4862851244773563,0.4846314148787704,0.48474423132242694,0.48538637291337816,0.485348781411866,0.4839204339360747,0.4833122429456716,0.4824073512990162,0.4817380022834622,0.48116957301745333,0.48152072833608833,0.4766808559408935,0.47984842580598164,0.48118670114168816,0.4835711133258389,0.48117029800075295,0.48240928876906003,0.4807788143949351,0.48155778935624904,0.48034466006949705,0.48017144584848903,0.48081779032539995,0.4793246831220778,0.48085099413561566,0.48060400122469155,0.4784750083823503,0.47991719129147076,0.4789519842679918,0.4795933717253407,0.4798292697293128,0.48065123866785625,0.4815364093660287,0.4816891338613326,0.48230722539647336,0.4821773901889165,0.4832040648263538,0.4836197823345772,0.48359840451838043,0.48261686359238865,0.48245007252395555,0.4823441219919784,0.48287445105813304,0.48382306189468754,0.48410135653028996,0.48422733773521726,0.484725215265518,0.4859834112085143,0.48603606846909364,0.4856884701944024,0.48585506466185485,0.48507750977414765,0.48678390904801355,0.4872499225217667,0.4866980790082436,0.48659618633017965,0.48508493818968657,0.48500409992820054,0.4844891707200095,0.4889683011024666,0.487709185618622,0.48633981381157276,0.4857132334851184,0.4857143561084595,0.48642062905634204,0.4845938074739643,0.48562726235833037,0.48514605578904696,0.48516501420561275,0.48731776548406647,0.4875161616921711,0.48780016665073384,0.4893958107461396,0.48916179310538926,0.48876520962058123,0.4889153683909488,0.4887588295770209,0.4883967179276676
1978-12-31,0.4831679090736588,0.48267016044079253,0.4816536251480925,0.4790147153125478,0.47986464034977105,0.47917499981790035,0.47750520094390414,0.47721430834836054,0.4773760601903261,0.47971148663794294,0.48209911325308685,0.48296492325673135,0.4805648888264845,0.48413010405014617,0.4847291538288555,0.48431620450592683,0.48597308845452114,0.4851696468715021,0.48580727453755396,0.48574702183327334,0.48783112021253283,0.4856958491325197,0.48403437570861496,0.48412948677038076,0.4847633444154146,0.4847362190488506,0.4833028627018687,0.4826878255603816,0.4817730817359889,0.4811018583324174,0.48054858648675214,0.48091954739700166,0.47610928397404195,0.4792949249160806,0.48063498186299014,0.48304996688264096,0.48065382627868863,0.48188658346149593,0.48025900329372284,0.48104534387429787,0.4798221606556774,0.47965989417731797,0.48030143374255485,0.47881370229568077,0.4803390163159612,0.48009484989637896,0.47796305175562137,0.47939922644432165,0.4784468239157009,0.4790936911001217,0.47934187746199963,0.48017664499834267,0.48105368977867524,0.4812130427042903,0.48183867091165944,0.48169836368287144,0.4827306019873874,0.4831532799950436,0.48312610953868984,0.4821422311741146,0.4819727935189314,0.4818721996609132,0.4824051673192158,0.4833594352769233,0.48363684170666915,0.48375889225330604,0.4842605008212417,0.4855225377517994,0.485576936252317,0.4852324858388933,0.4854010623216653,0.4846203149682378,0.4863287651209049,0.4867988557998848,0.48624880610884663,0.48614597185027664,0.4846344272144126,0.4845478465527754,0.48404006552751083,0.4885523986228086,0.48729440528141676,0.4859203908767477,0.48530257854416176,0.4853077688588722,0.4860146831992429,0.4841874551733443,0.4852281303516375,0.4847548607324895,0.4847621404190514,0.4869246334474998,0.4871274784212978,0.4874141327570152,0.48901893257028767,0.48879004673818216,0.488394636342349,0.4885528403519992,0.488386600686386,0.48802587900654326
1979-03-31,0.4779329609283083,0.4774469324350237,0.47643228804209825,0.4737734615309596,0.47464730205117,0.47394748718740737,0.4722719946976049,0.4719885991378725,0.47214300152824196,0.47447802836471664,0.47687041874187436,0.47773756012225466,0.47534565802358175,0.4789139026692901,0.47950169961883504,0.4790852237681461,0.4807646281188264,0.4799478921537632,0.48057881943194136,0.4805279152193577,0.48260658054000427,0.4804721091271976,0.47880241589349515,0.47887867555467367,0.47950362039427763,0.4794875624099886,0.4780489524676987,0.477426686050378,0.4765015814381728,0.4758283500024586,0.4752914181982488,0.4756831688373655,0.47090493663585464,0.4741097147114523,0.4754515472255929,0.47789887213358645,0.47550792460258956,0.4767339022458928,0.4751097147480119,0.47590366714706506,0.47466997511223996,0.47451925324608174,0.47515551737696926,0.47367354696716973,0.4751976904923235,0.4749566058744023,0.4728220860082814,0.4742518497223165,0.4733130656318735,0.47396573357230215,0.4742269293613247,0.47507525937564743,0.4759436053693371,0.47610986447996867,0.4767434231436021,0.4765919661250712,0.47763012756544876,0.4780601436076152,0.4780267490891595,0.4770404723025683,0.47686815833062796,0.476773215649948,0.47730889335056426,0.4782690791476174,0.4785454688548576,0.4786633142357111,0.4791688626753663,0.4804347831534703,0.48049097133719026,0.48014988621724614,0.48032058415404966,0.4795364913490126,0.48124702720934165,0.4817212494584381,0.48117313111992926,0.48106941816772586,0.47955801112057106,0.4794653728355003,0.4789652410068818,0.4835126332716603,0.48225583329184163,0.4808768602216061,0.4802685657546759,0.48027803145938297,0.4809851605540527,0.47915749694860055,0.4802056389634909,0.4797408217528032,0.47973546408242224,0.4819080272248957,0.48211563130779594,0.4824051475933592,0.4840195436516743,0.483796110988681,0.48340196858053147,0.483568726421191,0.4833921130758806,0.48303295535516816
1979-06-30,0.4413841147132399,0.44091054261668705,0.43989783011757444,0.4372180220355214,0.43811739071200045,0.43740677093071617,0.4357253055654686,0.43544983736876464,0.4355961898109916,0.43793059556570496,0.4403278189814317,0.44119635519984035,0.4388132539426514,0.44238432770198893,0.44296009696582705,0.44253970805185106,0.44424288900398406,0.44341191975872307,0.4440355085837874,0.4439945357808469,0.44606713588592156,0.44393361950633864,0.4422552045591863,0.4423113739110349,0.44292673346377287,0.44292239246690746,0.4414782573423998,0.4408483473915562,0.4399123284309434,0.4392369441821717,0.4387176218427987,0.43913121307913106,0.43438759252653586,0.4376126732475255,0.4389562805507749,0.44143786819138503,0.4390526585343669,0.4402712774360382,0.4386510093396162,0.43945284934944717,0.4382081467197842,0.43806961737903927,0.43870010639300416,0.4372243091908443,0.4387471047085737,0.4385093748440848,0.43637220919267383,0.43779513187371616,0.43687084439101004,0.43752966264294385,0.4378046508164421,0.4386673743374476,0.4395264063027131,0.4396998773576699,0.44034179743811597,0.4401784585232478,0.4412229345769705,0.44166070015481385,0.44162061766891825,0.440631871108515,0.44045643446636823,0.4403674623013755,0.44090593202842815,0.44187232300518753,0.44214756023001356,0.4422609048149294,0.44277062103076903,0.44404048100104,0.4440985134280222,0.44376102730756956,0.44393399739376355,0.44314639026939834,0.44485905653715674,0.44533747731895046,0.4447914371838261,0.44468690911764536,0.4431760925363362,0.4430770540761208,0.44258511051702876,0.4471695884042862,0.44591405658736805,0.4445297815361365,0.4439318078059838,0.44394577520418643,0.4446526736499976,0.4428245387119535,0.44388042287720536,0.4434246138657395,0.4434055897231478,0.44558859195811695,0.4458012899456421,0.4460938976331813,0.44771837412237586,0.44750074151101477,0.44710796845189127,0.447283829979891,0.44709611702975266,0.44673870764374246
1979-09-30,0.4519192569821844,0.451458954386332,0.4504481563529267,0.44774610964539024,0.4486729094694922,0.44795074548127883,0.446262946661934,0.4459959034937057,0.44613334938837623,0.44846692641428637,0.45086913813319957,0.45173914677325433,0.4493655858031181,0.4529393094685511,0.4535021669647963,0.45307740035450467,0.4548058621680551,0.45395955391434906,0.4545750684610611,0.45454471035015814,0.45661054411433855,0.4544781225464773,0.45279036540436446,0.4528249731643549,0.45342996956747406,0.4534381100016057,0.45198811128118094,0.4513500726155317,0.45040248042273007,0.44972477216000206,0.449224546985035,0.44966116022440494,0.44495511845350594,0.448201916020261,0.4495473033167931,0.4520654615802216,0.4496865986961703,0.4508971992320725,0.44928145546210485,0.4500915300921621,0.44883519968105773,0.4487096351725989,0.44933377774286143,0.4478646349213193,0.4493858977196071,0.4491518402088031,0.44701208837958484,0.4484276727684316,0.44751892035602553,0.4481843087916089,0.44847402625512095,0.44935214244321897,0.4502011388272519,0.4503821957757314,0.45103300082333775,0.45085691393193206,0.451908176196936,0.45235418674865746,0.45230687190443275,0.4513155597824684,0.451136712832641,0.451054090899949,0.4515954598040786,0.45256840776233875,0.4528423379081711,0.4529508331564266,0.45346499190326595,0.4547388782428608,0.4547988239333348,0.45446521142642454,0.4546406324207337,0.4538493036261312,0.4555641674721912,0.4560468831026223,0.4555030919904338,0.4553978151853518,0.45388809637370664,0.4537822482479048,0.45329912718064924,0.4579231347579597,0.4566689563568909,0.45527896999047873,0.4546922537132488,0.45471099484565736,0.45541716433847457,0.45358850709860155,0.4546524769504574,0.4542063326389689,0.45417243565115756,0.45636634197385334,0.456584529247782,0.45688050035043104,0.45851564687766405,0.4583042245950398,0.45791293913836856,0.45809855617428413,0.4578988852355033,0.457543435418409
1979-12-31,0.44336477318417655,0.4429187221945032,0.4419096573107653,0.4391836594526093,0.44014050638585245,0.4394057985371676,0.43771110434202326,0.4374531454161789,0.43758042272296815,0.43991300295595426,0.4423205812411065,0.4431921719895011,0.44082905534135935,0.4444053003481455,0.44495410308052963,0.44452429360628554,0.4462801456816366,0.4454169836983296,0.4460234459346741,0.44600462974806193,0.44806282939328756,0.44593159513516056,0.44423357770504107,0.4442445772703083,0.4448381757906853,0.4448598400984571,0.4434034741165066,0.4427566530834116,0.4417965752110989,0.44111630774790644,0.44063720885884766,0.44109831140761463,0.43643376286456764,0.4397043074687946,0.4410514874763945,0.4436094731344749,0.44123772207206846,0.442439448543371,0.4408290349929048,0.44164786491434477,0.44037900551319825,0.4402674827642835,0.4408845316864256,0.43942269688870494,0.44094222760175655,0.4407122710366704,0.438569954663017,0.439977538389285,0.4390857559122121,0.43975830750027023,0.44006407150202176,0.4409589960833303,0.44179697189432043,0.44198615571724176,0.4426465982336443,0.44245656758838814,0.44351528617834773,0.4439702440035623,0.44391495397421876,0.44292092140021455,0.4427382746323646,0.44266253036325653,0.44320696679975574,0.44418698109708404,0.444459402263619,0.44456256857598153,0.4450815597940464,0.44635963360270026,0.446421596566481,0.44609223374146695,0.44627035379279933,0.4454750018763143,0.44719218403125044,0.44767936147516874,0.44713805016339747,0.44703209890828566,0.445524127100229,0.4454108954981901,0.44493746660541394,0.4496044746360661,0.4483517622246212,0.4469554938718193,0.4463813042721487,0.4464052036424665,0.4471100091788267,0.4452807422341186,0.44635330661783806,0.44591773263686957,0.4458673167503643,0.44807282453877617,0.44829704588945246,0.44859675813298033,0.45024342165883086,0.45003877647315554,0.44964913939853096,0.4498454149488986,0.4496326000710386,0.44927938837092624
1980-03-31,0.4552406466154092,0.45480228606183704,0.45380345174811215,0.4510734010204253,0.4520281488569406,0.45129233977609423,0.4496000497087567,0.44934407897282336,0.44948047163158084,0.45180974351428876,0.4542117577742229,0.45508356741505684,0.4527241458089572,0.4563003226227057,0.4568461984276088,0.45642076524839786,0.45817676181299444,0.4573151255803401,0.45792342328980995,0.457905279557105,0.4599629786929486,0.4578356763045507,0.45614122251473993,0.45615477022837747,0.45674838170495474,0.45677120752166056,0.4553160728379676,0.45466782110538106,0.45370651661425354,0.4530265387363276,0.4525440292824716,0.45301847312565924,0.4483533178981626,0.4516194169378299,0.45296828186638105,0.4555229803354805,0.4531515637082609,0.4543530421216109,0.45273866381088235,0.45355833945623353,0.4522899262878663,0.4521787041991132,0.45279646360959386,0.45133408434795785,0.4528522727357576,0.452621390888641,0.450478324893032,0.45188528168527653,0.4509924909520944,0.4516643447737038,0.45196885187866004,0.452861560184622,0.4537004440340584,0.453890165727848,0.4545497773613021,0.45436069570123366,0.4554177981355469,0.4558722958674204,0.45581798174551297,0.45482392965050134,0.4546420728808675,0.45456655551546377,0.4551112601038813,0.4560911920778219,0.4563642403297269,0.4564680222839819,0.45698661538473995,0.45826547082587565,0.45832786691617977,0.45799815324529997,0.458175822138191,0.4573807217049897,0.4590977808479742,0.4595861867793502,0.45904462764666254,0.45893765713229917,0.4574248800741525,0.4573116971067581,0.45683729581651006,0.46150067605912404,0.4602481547061963,0.4588528690911539,0.4582761453692638,0.45830010124542747,0.45900980238178063,0.45718159038638606,0.4582552759822369,0.45781897720219866,0.4577719705821829,0.45997856100800105,0.4602020599546735,0.46050069478149086,0.46214722790883317,0.4619422745024259,0.4615523379041354,0.46174790915492914,0.4615368061308243,0.4611827870864786
1980-06-30,0.2968868506496025,0.2964574428366342,0.2954683882692156,0.2927318187888843,0.2936882536088684,0.292949913016284,0.29125913292556316,0.29100607366527015,0.2911496570434528,0.2934755156983185,0.29587270733103527,0.29674489911313673,0.2943903503832739,0.2979664120570862,0.2985077890476483,0.2980857388929722,0.299844985163903,0.29898268553585633,0.29959144186515924,0.2995752997633353,0.30163135498267213,0.2995080029627658,0.2978157066401833,0.2978288105800598,0.29842097800003875,0.29844646549954607,0.2969917870632032,0.29634117252015524,0.295377309807708,0.2946972802951027,0.29421427954169055,0.2947040208082251,0.29004373639966413,0.2933084320556251,0.2946590072769659,0.29721523560563196,0.29484517626155476,0.2960452261118147,0.2944280177473908,0.2952493452876019,0.29398001074095775,0.29387066695262787,0.29448809881447746,0.2930261118553641,0.2945427329428176,0.2943115365307678,0.29216768028346507,0.2935730751430643,0.2926813624311018,0.29335339597376414,0.2936585883789716,0.29455118002657243,0.29538955336685824,0.2955806285918405,0.29624053778504966,0.2960506667437322,0.2971071490599324,0.2975622292855876,0.29750782163864015,0.2965134980748748,0.29633187412896766,0.2962573543033392,0.29680259588152996,0.29778321407618435,0.29805660964504743,0.29816031199228954,0.2986790863634613,0.2999590066673191,0.3000219975950347,0.2996924760642592,0.2998700560416917,0.2990747508976985,0.30079189591822675,0.30128181360240847,0.3007403358871465,0.3006324332475375,0.2991157310384276,0.29900175241321847,0.29852763562468754,0.3031925469687169,0.30194037377203375,0.3005452343941456,0.2999677924168437,0.29999237444144017,0.3007061135135421,0.29887880960207924,0.29995439815007624,0.2995186901006794,0.2994727238912064,0.3016814774841088,0.3019050447444766,0.3022031531794025,0.30385082669241537,0.30364638946989986,0.30325638376603353,0.30345256733666465,0.30324145153687554,0.3028870143477945
1980-09-30,0.3572127035301821,0.35679192491594813,0.35581448347502864,0.35307394581109663,0.35402778286614023,0.35328838782128613,0.3516005956012415,0.35134965300407006,0.35150347777155966,0.3538252944434105,0.3562157010407805,0.3570880961393308,0.3547378580691454,0.3583132091179453,0.3588513658464045,0.3584341308580212,0.36019286131109496,0.3593324303159066,0.3599430834750349,0.3599275110495491,0.3619826399558038,0.35986389642625116,0.3581758695077846,0.35819218912375206,0.35878432601361937,0.35881086921043437,0.35735779096835474,0.356705732428974,0.35574085159228785,0.3550611743214675,0.3545743156905292,0.355078150410702,0.35041734411333403,0.35367651771573366,0.35502888450975345,0.3575805089814394,0.35521108056638034,0.3564107922391373,0.3547894820565708,0.3556112907523578,0.35434292818609203,0.3542335836482738,0.3548516984329293,0.35338903528448834,0.35490399079721646,0.3546718140509765,0.35252754469333425,0.353932356424326,0.3530392403015872,0.3537103402342437,0.3540137722708925,0.3549035302102337,0.3557430404934392,0.35593437378786597,0.35659306359620446,0.35640446372469947,0.3574590219610439,0.3579133322841863,0.3578600532512721,0.35686587154017807,0.35668510044458757,0.3566106607954158,0.35715601659496055,0.35813628674374254,0.35841030968960674,0.35851476330358123,0.35903297076093343,0.36031340114398547,0.36037674955271903,0.3600467819626993,0.360223831262497,0.35942894210123977,0.36114578159076216,0.361636695574518,0.3610949294945501,0.360986083587546,0.3594646629956201,0.3593509353832816,0.3588756345231199,0.3635354236215746,0.36228343045791633,0.36088945496396785,0.3603092477307974,0.3603337252288342,0.3610522438001218,0.35922609521530613,0.36030246638017105,0.35986577209716863,0.35982357884600413,0.3620329207550185,0.36225561682526275,0.36255253473713867,0.3641996658368884,0.36399475264983816,0.3636044137369173,0.36379961517294757,0.3635905565728113,0.3632353009764125
1980-12-31,0.31701520553895063,0.31660418621793895,0.31563809908178075,0.3128915428542962,0.31384585543761234,0.31310421703972835,0.3114187172946954,0.31117065578942193,0.3113332430550234,0.3136508600692767,0.3160349747082402,0.31690771041044435,0.314562821060685,0.31813736087011923,0.3186709596377495,0.3182577627224594,0.32001849050367537,0.3191581382150921,0.3197695528391583,0.31975564331767814,0.32180885877562887,0.3196948129873621,0.31800995764554174,0.31802708012995584,0.3186179811835314,0.318646812341289,0.31719472594479,0.31654044598355535,0.3155734534351878,0.31489384717368507,0.31440550504938064,0.31492520703494536,0.3102684364643782,0.31352450872546767,0.3148786965637761,0.31742958810887806,0.3150616640578387,0.3162600425942119,0.31463554886118195,0.3154584740541493,0.3141900003864006,0.3140819315604242,0.31469986088103497,0.31323728180026433,0.31475035232297777,0.3145176930574735,0.3123730055114107,0.3137764597316166,0.3128836284726876,0.31355449966119564,0.3138577317452023,0.3147463340988038,0.3155858263293316,0.31577806828709376,0.3164364362257123,0.316247695807011,0.31730112509712766,0.31775550214305004,0.317702479270099,0.31670824526104724,0.31652787110507963,0.31645413748648954,0.3169998159710754,0.31798035159835325,0.318254770275282,0.3183594110984568,0.3188775166557717,0.3201586691656728,0.3202225032133974,0.3198925307883299,0.32006934212880206,0.3192745055741397,0.3209911976412088,0.3214833233247293,0.32094153680077864,0.32083182507913455,0.31930640731238236,0.3191922485338074,0.31871678463818265,0.3233755896992837,0.3221239032275485,0.32073041262218005,0.32014892068600953,0.3201737520828817,0.32089634300139724,0.31907123898299516,0.3201490163421286,0.3197124023817505,0.31967205586159403,0.3218828434079448,0.322105310616058,0.3224014810965351,0.3240490890527643,0.32384436879241196,0.32345388269368086,0.323649169906443,0.3234407718469984,0.3230850183416497
1981-03-31,0.35916826985001205,0.35876697271446334,0.3578139336809617,0.3550632821044905,0.3560147566061317,0.3552719985622337,0.35359001908141113,0.3533442886503912,0.35351820603497464,0.35583103568702623,0.3582071686333602,0.35908010985211825,0.35674025056117203,0.36031345422478545,0.3608434144615079,0.36043544357824586,0.3621952130194988,0.36133694311330466,0.3619502445450533,0.3619368943664688,0.36398868314520905,0.36187994445248217,0.3602000001954102,0.36022083226177565,0.3608115534372629,0.3608414502308047,0.3593912875781825,0.3587354701659664,0.3577675708903867,0.35708836071215255,0.3565958717325385,0.3571305955290149,0.3524737181126964,0.35572336154390743,0.3570794850927248,0.3596247466886885,0.3572578179766248,0.3584557023233585,0.35682700605699746,0.35765010773800326,0.3563830415293521,0.35627478037672006,0.3568933109479077,0.3554299747264829,0.3569410340979197,0.3567073743291382,0.3545625957704499,0.3559654561201106,0.3550709508238409,0.35574070699414057,0.35604179166708366,0.3569270650204319,0.3577678461295418,0.35796012221216583,0.35861694996935084,0.3584296981955646,0.35948095191127305,0.3599343108630111,0.35988250760661733,0.35888855575952194,0.3587090657878596,0.3586353164074532,0.3591809768827586,0.36016095090590633,0.36043598556184214,0.36054147588499885,0.3610588812943988,0.3623402990182153,0.3624044273214713,0.3620739429147139,0.36225016453870007,0.36145587772394056,0.36317210177606063,0.3636650175590721,0.36312291873245445,0.3630123398022568,0.3614823180259206,0.36136856011360696,0.360891770999811,0.36554428158284236,0.3642927690144643,0.3629005700196965,0.36231617782291436,0.36234077813190213,0.36306800233773884,0.361244138923915,0.36232241549702704,0.36188462735586513,0.3618482891932292,0.3640592511110991,0.36428074363938273,0.36457564232351725,0.36622238027799175,0.3660170630558714,0.36562622143771695,0.36582032471355513,0.3656142319646033,0.36525766668196696
1981-06-30,0.3749253962166749,0.3745349706279819,0.3735947492686611,0.37083794506598855,0.3717896173771458,0.37104454899108646,0.36936540222302416,0.3691227603552204,0.3693065820612601,0.3716144544405581,0.37398306726081765,0.37485635435818243,0.372522575272424,0.3760943356458222,0.3766193136126931,0.3762158144868939,0.377977116656113,0.37711915294903486,0.37773321742612576,0.37772151308672264,0.37977088746000665,0.3776675669157873,0.37599146070469375,0.376013622830471,0.3766029675233797,0.3766351556669613,0.37518631882114395,0.37452818457240034,0.37355828645515554,0.3728791915807026,0.3723848992115379,0.3729364828671423,0.36828403052740805,0.37152962785318505,0.37288772570446904,0.3754311791460193,0.37306611787127697,0.3742625146207236,0.372630512387799,0.3734544182221898,0.3721876926284766,0.37208050232654266,0.37269876972665406,0.37123542482061267,0.37274424639367487,0.3725100769305598,0.37036520367798265,0.3717667007088459,0.3708721878278781,0.3715415248386549,0.3718420010943008,0.3727255973577623,0.37356652615254954,0.373759479300506,0.37441565033286067,0.3742284905452063,0.37527835114676,0.3757315180079135,0.375680071116828,0.37468620981678114,0.37450715292792364,0.3744340081122235,0.3749798561245561,0.3759598752186951,0.37623529715879706,0.37634107995330457,0.37685824454124117,0.37814013709311123,0.3782046868948414,0.3778741262054777,0.3780500470224286,0.3772559508793556,0.378971863638761,0.3794657827017095,0.37892363548223384,0.3788122653756473,0.3772783419708778,0.37716430986320565,0.37668720407406076,0.38133750688664064,0.38008629141297057,0.37869471098986524,0.37810887993948294,0.3781337024273968,0.3788648690267382,0.3770421374643409,0.3781215326018062,0.37768362382832243,0.37764939285477783,0.3798613798274063,0.38008253284568444,0.38037659565033954,0.38202347292595207,0.3818182200744593,0.3814272054580379,0.38162118115355365,0.38141601466694774,0.3810589537536888
1981-09-30,0.44991524555869833,0.44953582544631787,0.44861011241265175,0.44584878718991616,0.4467977728067061,0.44605135724136785,0.4443761746484125,0.44413619553055117,0.44433232988121707,0.446634663615235,0.4489941606609349,0.44986767916766773,0.4475397889752517,0.45110961134167743,0.451630356803682,0.4512324321138129,0.4529926634832527,0.45213679182972455,0.4527526168163682,0.4527415997663819,0.4547889386236821,0.45269164108210447,0.45102097212655967,0.4510470586281569,0.45163591823831895,0.4516693511263923,0.45022268735141624,0.44956280940453724,0.4485919716877472,0.4479132868199375,0.4474148163069733,0.4479825840943574,0.4433309514192383,0.44656949194487877,0.4479297102491066,0.4504669701136108,0.4481033689482714,0.4492990122736972,0.44766277973757895,0.44848664863444593,0.44722162444900926,0.4471142172507239,0.44773291723511993,0.4462688177367976,0.44777525472963453,0.447540120282092,0.44539545853496537,0.4467962647281518,0.44590000530845253,0.44656813168785153,0.4468662593169044,0.4477462286197308,0.44858847257124845,0.4487813223056474,0.44943574118970064,0.44925012217372684,0.4502976474668189,0.45074964689525776,0.4506994123864479,0.4497059423131028,0.4495277506739764,0.4494545723739489,0.4500003027197627,0.45097962714136924,0.45125563315892675,0.4513623024145572,0.4518786898785894,0.4531606420478775,0.453225441645726,0.45289435104207465,0.4530696561603872,0.4522761960040594,0.4539915071036746,0.4544860485224928,0.45394359288328867,0.4538314332902035,0.45229307440641037,0.45217951047717814,0.4517010521554928,0.4563443956412069,0.45509335819508634,0.4537031144192526,0.4531144054938078,0.45313892521520016,0.45387452319027605,0.45205309655181664,0.4531327921820578,0.4526936404518297,0.452663444397519,0.4548753134665774,0.45509546088825137,0.4553882216727773,0.45703403201544646,0.4568281366326413,0.4564367634713036,0.4566294752570369,0.45642670524779916,0.4560688693970305
1981-12-31,0.3642856327303197,0.36391841258231467,0.36300697782650093,0.36023899576780266,0.36118840388805107,0.36043940698887117,0.35876747631282463,0.3585309348184818,0.3587379467731723,0.3610345661431045,0.36338541216621667,0.3642593106834849,0.36193839867162364,0.3655061761299477,0.3660212982583226,0.3656281855985551,0.3673899094658218,0.3665343031812603,0.3671507383007064,0.367141526330807,0.369185814351206,0.3670946665232584,0.36542834085772374,0.36545591593436777,0.3660430619692494,0.3660790023991596,0.364633898826887,0.36397146924206353,0.36299856149953014,0.3623199963486089,0.3618197447448534,0.362405645402756,0.35775948904914684,0.3609934125551686,0.36235580072620466,0.3648907867165826,0.3625295420818291,0.36372340882857335,0.3620838525125468,0.3629083310454413,0.36164391407477825,0.36153758743155123,0.36215583159616804,0.3606917412572749,0.3621955566239856,0.36195995846773715,0.3598155009104781,0.3612148256799971,0.36031852630403394,0.3609861556967098,0.3612835113125987,0.3621615438300304,0.3630039343401519,0.3631973417399091,0.36385091316869445,0.36366540190501173,0.3647113922940467,0.3651630716356428,0.3651131644072031,0.3641198875755131,0.36394209893728324,0.36386952501659864,0.3644153496221576,0.36539460342424673,0.36567096027938684,0.3657779455741362,0.3662940273416331,0.36757625729200155,0.36764143836493385,0.36731026388058396,0.36748524917945846,0.36669205581423786,0.36840692846188616,0.368902313785297,0.3683598190899593,0.3682469460808667,0.3667048582867218,0.3665910690573457,0.3661122911078874,0.3707528690759979,0.3695021338506351,0.36811253471170013,0.3675224423461795,0.3675471248265469,0.36828645738495475,0.36646622352605146,0.36754685994975517,0.3671075446535229,0.3670794386491888,0.3692920691904638,0.36951186229043675,0.3698037662884502,0.37144954864830176,0.3712436888838113,0.3708521429148485,0.3710446746433159,0.3708428886493799,0.3704846003216181
1982-03-31,0.348190757450195,0.34783599943991944,0.346940589782688,0.34416742536948003,0.34511458195945743,0.34436388345982694,0.34269630283009955,0.3424628500664161,0.3426831247005664,0.34497343971779876,0.34731405876733323,0.34818823406245597,0.34587419202290504,0.3494394428989807,0.34994959703678985,0.34956238031649367,0.3513231599204785,0.3504695140526233,0.3510875044360921,0.35107921003326437,0.3531207667248688,0.3510363890812583,0.3493759622102585,0.3494074873813299,0.3499937235056412,0.3500312175681258,0.3485884895047227,0.3479240199078896,0.34695003241410993,0.3462718715336378,0.34576758332712154,0.3463710361236062,0.34172700032531333,0.3449534172768961,0.3463181536395856,0.3488466952531063,0.3464874562620985,0.3476802353251991,0.346036460353623,0.34686075264713434,0.3455982345023353,0.34549178790771085,0.3461102352620809,0.3446454501868836,0.3461464780152817,0.3459099890660522,0.3437660333156906,0.3451645079244311,0.34426652668868574,0.34493290835943247,0.34522784023765396,0.3461020785328779,0.34694572559683345,0.3471389526476335,0.3477906320564439,0.3476065991952346,0.3486501540034986,0.34910058255093607,0.34905181287940434,0.34805901475957,0.3478820379237125,0.3478094687129833,0.3483550988414769,0.3493335806085678,0.34961047651449656,0.3497183446122368,0.3502336102482608,0.3515157212953879,0.351581121123645,0.3512494309964193,0.35142379668099155,0.3506312930200758,0.3523454501955474,0.3528413174736867,0.35229853677236056,0.35218495234106134,0.3506386283309475,0.35052531752577365,0.3500452369082324,0.3546785357685103,0.353427988672221,0.3520397135419014,0.35144687113701356,0.35147121643665,0.3522147451047698,0.350395865899969,0.35147666296870117,0.3510361162346368,0.3510119319082437,0.3532242374894399,0.3534430433218805,0.3537336492701792,0.3553782580331244,0.3551717612523977,0.3547798662740961,0.3549711367407754,0.3547717329651613,0.3544127262277271
1982-06-30,0.35536204029125973,0.3550209827029517,0.3541413690154722,0.3513608113945082,0.3523088881561523,0.35155521185847427,0.3498912454449556,0.3496616703726208,0.34989377233633434,0.3521776008263514,0.3545084566011393,0.35538306561816785,0.35307702231178334,0.35663963810918897,0.3571433880503555,0.35676130080200413,0.3585237638094336,0.35767020591571197,0.35828857758211163,0.3582823467333215,0.36032013008959785,0.35824266816467193,0.3565870306845452,0.35662002246369173,0.35720409118134394,0.3572444356470945,0.35580345811517167,0.3551361132821323,0.35415987971056634,0.3534818239855981,0.35297594188467174,0.3535990100408194,0.3489618668308889,0.3521832640191862,0.3535504100103137,0.35607651059122675,0.3537201974238711,0.354910837406953,0.3532637567498884,0.35408852550554676,0.3528267894102465,0.3527215505076129,0.35333929032289224,0.35187458703409036,0.35337257870215155,0.3531357091625324,0.3509922455134713,0.35238906004244885,0.3514911380318719,0.35215700077527734,0.35245111737063706,0.353323283177724,0.3541669944617587,0.35436071786968104,0.3550114274072155,0.35482740809923324,0.3558693423689559,0.3563193856155385,0.35627084919735125,0.35527832649215135,0.35510168941700737,0.3550297784124326,0.3555754313144653,0.35655378005004135,0.3568309778391696,0.35693914682972,0.35745407809579566,0.3587362955071843,0.35880204968888446,0.35847029884893333,0.35864434672569057,0.3578521549423046,0.35956576528054823,0.36006234317577124,0.3595195504572528,0.3594053307115007,0.35785547907443893,0.3577419371044236,0.3572616078234989,0.3618919127269428,0.3606416785811592,0.3592540187832995,0.35865994918234956,0.35868443343064427,0.3594314574609693,0.35761381813136195,0.35869543456257186,0.35825475805924356,0.35823251312404253,0.3604453981552698,0.36066388198374966,0.3609536428049781,0.36259814267417934,0.36239170162862355,0.3619996459610978,0.36219076294033936,0.3619923002774097,0.3616329030174681
1982-09-30,0.30534213694654183,0.3050151555097908,0.3041531705517914,0.3013665941034736,0.3023130331052853,0.30155720783804735,0.29989794846312523,0.2996719600726697,0.29991831574908856,0.30219505188525914,0.30451455378043657,0.30538950043178664,0.3030914143916009,0.30665091827886864,0.30714885624265403,0.30677299489707627,0.3085347905422059,0.307682981581893,0.308302660967999,0.3082976452273108,0.31033193520936414,0.30826203611538466,0.30661274466843913,0.3066496114338926,0.3072322607218676,0.3072745594699522,0.30583613990858405,0.3051663904811715,0.3041888656945686,0.30351119900686996,0.3030015113055856,0.3036436780800539,0.29901019718620714,0.3022237172192221,0.3035934852780283,0.30611305667141414,0.303759356820988,0.30494852744368384,0.30329724602394936,0.3041217168388677,0.3028620245587913,0.30275683994908664,0.30337451862933895,0.30190921217540284,0.30340398175349775,0.3031663176850655,0.301023641250357,0.30241940725278993,0.30151994565249524,0.302184555365868,0.3024762406703341,0.3033445102579402,0.30418937464829854,0.3043828761407602,0.3050315897897517,0.3048489218305337,0.305888347917732,0.3063370906464172,0.30628957940486673,0.30529761079333095,0.30512171300268787,0.30504987905348957,0.30559527400588227,0.30657280475396614,0.3068504907136487,0.30695951854969267,0.30747361467596995,0.3087555497416874,0.3088214998188355,0.3084892643057684,0.3086626999197099,0.307871233729916,0.30958402574625976,0.3100809616465138,0.30953791475995174,0.3094230606992836,0.30786917990117235,0.30775609450951114,0.30727455365317663,0.3118974454554115,0.31064741132519336,0.309261029742451,0.3086643924179041,0.30868852502308775,0.3094394983926363,0.3076232550659469,0.3087049257649249,0.30826307145387144,0.30824456291829355,0.3104569653502869,0.3106745065797591,0.31096299101493935,0.3126062612408673,0.31239921586377073,0.3120068266976964,0.31219672915594027,0.31200057962044764,0.3116405298252276
1982-12-31,0.20328221653181844,0.20297058865996975,0.20212600630258104,0.19933113588913914,0.20027914806275338,0.1995198609971828,0.19786455315028084,0.19764294796735116,0.1979021378035298,0.20017159201454598,0.2024801949549541,0.20335564422128294,0.20106668136865083,0.2046229606031176,0.20511361097915012,0.2047432125980548,0.2065070149414376,0.20565504814805047,0.20627484476917496,0.20627221106333735,0.20830194271255725,0.2062397749996603,0.20459571532466345,0.2046339443363401,0.20521389496785933,0.2052594709682034,0.2038229779048094,0.2031499653550068,0.20216995358571566,0.20149236968830142,0.2009813475239374,0.20164479095565582,0.19701983471728637,0.20022799088314827,0.2016004557628461,0.2041175545840544,0.20176740888349062,0.20295403517992927,0.20129946531496995,0.20212431129327355,0.20086553312333122,0.20076175139399402,0.20137844041751096,0.19991331456508488,0.2014046008013273,0.20116665788338214,0.19902475845996256,0.20041865125187977,0.19951941325199507,0.20018350829740097,0.20047439032806225,0.20134050312332044,0.20218531270485338,0.20237927926939592,0.20302692891856305,0.20284412573175706,0.20388186659750507,0.2043301857346127,0.2042827821632697,0.2032911610929322,0.20311552382696976,0.20304443167951292,0.20358978915957546,0.20456715078273624,0.2048450852445613,0.20495438266412752,0.20546813202467876,0.20675001441736185,0.20681629880550184,0.20648403927835232,0.20665716813802643,0.20586604417405036,0.20757818997666075,0.20807571721018192,0.20753269290961535,0.20741728053833902,0.20586007646520643,0.20574672703115407,0.20526504244153398,0.20988486442742932,0.2086351548962401,0.20724933120214087,0.20665166711633487,0.20667593125244332,0.20743015362985925,0.20561519026711678,0.20669758707253075,0.20625567109760215,0.20623889303843274,0.208451734766554,0.208669008002583,0.2089566732171296,0.2105997960485577,0.2103928488237801,0.21000031568811367,0.21019012749768612,0.209994831686269,0.20963446063012844
1983-03-31,0.2833213443264275,0.28302574556497573,0.2821999577400389,0.2793972087483952,0.28034570644471685,0.2795832282431409,0.27793251083545534,0.2777152976077737,0.27798885690271924,0.28025051152302904,0.2825471043208216,0.28342302961845456,0.2811434931422997,0.28469615923300956,0.2851795655454643,0.2848152898808802,0.2865800228523102,0.2857286711070136,0.28634898642871637,0.28634840123150995,0.28837349890947755,0.28631961975044745,0.2846817076976,0.2847224837406363,0.2852999545149275,0.2853484894439513,0.28391437855230406,0.2832382211551504,0.2822561297001802,0.28157876858835185,0.28106536044049024,0.2817502872789891,0.27713267700480115,0.2803339277355156,0.28170929468832784,0.2842218548577742,0.2818752834865523,0.28305959674241876,0.2814012768604343,0.2822260875306527,0.28096888875727816,0.28086599356029746,0.28148194781044916,0.2800166848655328,0.28150426621681596,0.28126586373967655,0.2791249621553844,0.28051723098562087,0.2796174589835157,0.28028067187969974,0.28056994157451515,0.2814329551891554,0.28227822931450774,0.2824722955205146,0.28311833939837583,0.28293603354640645,0.28397162227070405,0.28441904569364923,0.28437211583994476,0.2833809995764415,0.2832058036689949,0.28313518639545576,0.28368035185305623,0.2846571926430564,0.2849354576106394,0.28504529948523594,0.285558446622286,0.2868400419974809,0.28690657701750816,0.2865740885588891,0.2867467646344523,0.28595619804685113,0.28766753670733813,0.288165450435106,0.28762233507630197,0.2875063827440949,0.2859456465794151,0.2858323694715359,0.28535008254119193,0.28996459444121614,0.2887151543749933,0.28733020564822936,0.28673088788462875,0.28675503462883695,0.28751267830499333,0.28569908215993095,0.286781798069347,0.2863393087528448,0.28632511651073245,0.28853783183968224,0.2887545379223363,0.28904117335597657,0.2906835773813246,0.29047640616979487,0.2900836457622826,0.29027284780448603,0.29007907626825924,0.28971826789820027
1983-06-30,0.3650379690422038,0.3647589893050556,0.3639539591791666,0.36114448884816364,0.3620911948288089,0.36132623930896596,0.35968117512179326,0.3594681829638556,0.3597585673769414,0.36201179450765403,0.36429478680848265,0.3651711060131086,0.362901090015364,0.3664496775761311,0.366926295998666,0.3665692411415314,0.3683327663681033,0.3674835920465625,0.36810529522870067,0.3681060038226431,0.3701266595103193,0.3680817582137539,0.36645152425672267,0.3664971023914236,0.36707271460683943,0.36712344395968244,0.3656924936429079,0.3650135734805989,0.3640302714126549,0.3633534113828372,0.36283553853579514,0.36354156368698487,0.3589283908924388,0.36211999341174783,0.363498533617363,0.3660027056910221,0.3636594827737604,0.3648420994313689,0.3631791566655071,0.36400321258157853,0.3627487734127798,0.36264572673953455,0.3632615533180989,0.3617955223922791,0.3632791740181558,0.36303993317313965,0.3609003185622254,0.36229152128602043,0.3613897345659509,0.3620513775282131,0.36233752058447266,0.3631957122943285,0.3640424747739938,0.3642359741867002,0.3648794416894417,0.3646988797826336,0.3657314706521655,0.36617713063138463,0.3661314142008151,0.36514106467637814,0.364966683118787,0.3648960071652654,0.3654407197276401,0.36641639873854154,0.36669517194590234,0.3668060874721443,0.3673181596369617,0.3685990994575695,0.36866573761861765,0.36833262068687506,0.3685045658038267,0.3677149453895745,0.36942521886912305,0.3699231896483632,0.36937975610486956,0.369263263759795,0.36769851980303986,0.3675859583938765,0.36710216552151337,0.3717072140725667,0.37045793606646016,0.36907448037343754,0.3684722484925717,0.3684958148707307,0.3692573062622459,0.36744522149957354,0.36852753368172975,0.36808348352562004,0.3680735685770233,0.370285160025654,0.37050071505997295,0.37078591744327305,0.3724265501311194,0.3722185330314691,0.3718253831097102,0.3720129750045605,0.37182202087788635,0.3714605271964575
1983-09-30,0.4467614350356871,0.44650039756003324,0.44571592232982576,0.442897402034263,0.44384550507894976,0.4430767278467142,0.441436550983312,0.4412285691915249,0.4415344417564821,0.44377903685324727,0.4460488424713489,0.44692573047996786,0.4446664455897794,0.4482108285924419,0.4486791487322562,0.44832858493580685,0.45009357954432405,0.44924467024936704,0.44986657401278046,0.4498697478180575,0.45188487772627906,0.4498491691663997,0.4482255306556381,0.4482734222028228,0.44884589016244464,0.4489001478160226,0.447471737367018,0.4467891765238908,0.44580345025113577,0.4451267818520368,0.44460689353774063,0.44533634885034973,0.44073251030521,0.44391694182004937,0.4452987550445488,0.44779856298194254,0.44545964697470675,0.4466394775951479,0.44497279704898096,0.44579676657047185,0.4445439720899035,0.44444212044755804,0.44505688370589425,0.4435908592495897,0.44507029882829524,0.4448307309013736,0.4426923979909381,0.44408170608947706,0.44317965522650915,0.44384046051856046,0.44412508927801664,0.44498017472523116,0.4458272254016584,0.44602084102403805,0.446662650797471,0.4464823517863805,0.4475127552195208,0.4479575208401462,0.44791210343703575,0.44692231630459306,0.44674827202222345,0.44667820249638207,0.44722268025885364,0.44819784257536455,0.44847688629806354,0.4485882909263731,0.44909977264385476,0.4503802839292631,0.45044716380186933,0.4501138756019175,0.4502853925170127,0.4494963378025414,0.45120571673142024,0.4517039763941512,0.4511604985387396,0.45104354121891915,0.44947547432807,0.4493629105668341,0.44887867284004945,0.453478566565652,0.4522295716071265,0.4508468899743643,0.45024327303850614,0.4502667394017573,0.4510313947017102,0.4492207076441796,0.4503032877002769,0.44985878501438725,0.4498511579336895,0.4520625458974443,0.45227762086992584,0.45256184132172034,0.45420178078371565,0.45399361633628155,0.45360026322295643,0.45378736321457397,0.4535977785123567,0.4532359279217868
1983-12-31,0.46136542820649995,0.46112366194095117,0.460359568738329,0.4575296916741311,0.4584823065711866,0.45770837549217497,0.4560723362677269,0.45587013867847065,0.4561902372625759,0.45842598657021794,0.46068298190179546,0.461560614335398,0.45931327419505286,0.4628533176121073,0.4633118399780671,0.46296707119148484,0.46473615619279035,0.46388563831745094,0.4645065808236851,0.4645133697575197,0.46652189840761266,0.4644956201481586,0.46287753694550826,0.4629253184203996,0.46349337681229186,0.4635524755952615,0.46212600488612654,0.461438933325277,0.4604495872843566,0.45977280681069677,0.45925329040644314,0.4600085324316081,0.4554188455668317,0.45859850801299057,0.4599837054158949,0.46248306747965945,0.4601494095810307,0.4613253794269954,0.4596558155293487,0.46048034860394144,0.4592281168550736,0.4591287775909936,0.4597415573739459,0.4582762937603346,0.4597512317144317,0.45951183585054234,0.4573747849681224,0.4587613849145244,0.45786077750095217,0.4585214582160449,0.4588061420484098,0.4596597871829307,0.4605059551099312,0.4607003523505117,0.4613413956190916,0.4611599128823226,0.4621889149391645,0.4626336316919595,0.46258761966483947,0.4615981970321934,0.4614240236360767,0.4613552115347025,0.46189966593833337,0.46287493986101497,0.4631540219722655,0.4632653461038714,0.463776709062532,0.4650570105718873,0.4651242673420985,0.46479125365389345,0.4649626372056852,0.46417377799836834,0.46588242720502376,0.46638120020166507,0.4658379449445559,0.4657205965339365,0.4641498704488595,0.46403660343234027,0.46355295618474135,0.4681518898540544,0.4669032949785682,0.4655206848944797,0.46491717461037596,0.46494100902893803,0.465708163319787,0.4638987643121889,0.46498226696709394,0.46453839230532207,0.46453111333131064,0.4667431945344155,0.46695844419289106,0.4672421214798631,0.4688824188007672,0.46867478841008925,0.4682814131480642,0.468469112217399,0.46827948569892536,0.4679175987720897
1984-03-31,0.5150844027850754,0.5148626063481797,0.5141209871204927,0.5112808679772498,0.5122356882567938,0.5114572963187607,0.5098264830092097,0.5096299241399019,0.5099668772087884,0.5121931243022997,0.5144356411665048,0.5153139416939065,0.5130787054722897,0.516613930647126,0.5170630778795876,0.516725275533942,0.5184962845053737,0.5176457657068899,0.5182666473725549,0.5182762914418402,0.5202783905157141,0.518262296259233,0.516651380290201,0.5167013791523144,0.5172656350207021,0.5173288242754706,0.5159051041969779,0.5152138831407426,0.5142217912462825,0.5135451893499752,0.513023890812379,0.5138046202177928,0.5092261424244509,0.5123981780284946,0.5137870808357778,0.5162820221628616,0.5139534196231025,0.5151261569600808,0.5134527819413525,0.5142771437601159,0.5130266890658544,0.5129288135575224,0.5135402360915102,0.5120750849790701,0.5135452638212624,0.5133056511524644,0.5111701813997477,0.5125546399464269,0.5116539556849762,0.512313802818295,0.512596979749929,0.513447399401948,0.5142937431450912,0.5144882406193934,0.5151275121416709,0.5149461273537499,0.5159728478170628,0.5164166171227582,0.5163707727828171,0.5153819834685401,0.5152080657646935,0.515139967693113,0.5156841323569802,0.51665885956976,0.5169381662747285,0.5170499592356494,0.517560714810668,0.5188404285879654,0.5189079121395431,0.5185747593805434,0.5187457212744471,0.5179574579812658,0.5196651121018871,0.5201640632262412,0.5196207952170414,0.5195030525628798,0.5179291594693152,0.5178158507333528,0.5173318602899094,0.5219255494238746,0.5206772416451811,0.5192953377896911,0.5186906277709687,0.5187143524296802,0.5194844594102002,0.5176764962961499,0.5187601794370599,0.5183159114612604,0.5183107336852864,0.5205224863403729,0.5207373072740088,0.5210200239991778,0.5226595968614085,0.5224518579078969,0.5220582918035992,0.5222455562191419,0.5220572265335217,0.5216950444039541
1984-06-30,0.5777394493877395,0.5775384505657731,0.5768215017036695,0.5739721561782931,0.5749270219724671,0.5741448110230474,0.5725203116820965,0.5723293228883832,0.5726858002742989,0.5749018744077465,0.5771282362046182,0.5780071318527874,0.5757842330974292,0.5793141672434716,0.5797542965588678,0.5794246456704042,0.5811955088308725,0.5803465686401985,0.5809682714078814,0.5809800548604911,0.582975851138049,0.5809707190780697,0.5793685867629339,0.5794230673872289,0.5799840585030868,0.5800506566078599,0.5786304916222589,0.5779354383816708,0.5769414424359944,0.5762653146974215,0.575740130082395,0.5765460683728624,0.5719759953127926,0.575137574767277,0.5765305403186636,0.5790171740555397,0.5766934710894676,0.5778635887729753,0.576185479144844,0.5770089593003027,0.5757614598532322,0.5756640567634612,0.576274739584196,0.5748090802459993,0.5762742185194272,0.5760340168394128,0.5739004270257957,0.5752832870843314,0.5743810583366514,0.5750393810457612,0.5753195305484726,0.5761649781933595,0.5770125318982549,0.5772064711548042,0.5778429867960597,0.5776629458174811,0.5786865178593372,0.5791284568468491,0.5790835231656039,0.5780956297344271,0.5779223427949476,0.5778544358340632,0.5783980533362783,0.5793715926677528,0.5796513079324578,0.57976410989098,0.5802737791074752,0.5815525344312931,0.581620099182806,0.5812864027611382,0.5814566603471801,0.5806693841793719,0.5823757816199406,0.5828745859130879,0.5823310759748735,0.5822129344620006,0.580635377698707,0.5805226720743344,0.5800374266802243,0.5846216863888861,0.5833735554563391,0.5819929755211982,0.5813857885056498,0.5814089352333714,0.5821824373856312,0.5803760533453803,0.5814591887968654,0.5810135280891561,0.5810121665913799,0.5832225924550832,0.5834363941382312,0.583717744393403,0.585355535038546,0.5851470584692648,0.5847531374069228,0.584938954152627,0.5847532319895528,0.584390500255783
1984-09-30,0.5044574631674118,0.5042786457652281,0.5035861484199367,0.5007251325266474,0.5016832431467526,0.500895795938224,0.4992767986493428,0.49909215719624267,0.49946691176565206,0.5016725996587763,0.5038831868941,0.5047628713256407,0.502553599600265,0.5060780991918423,0.5065076303425132,0.5061854346120658,0.5079588787805658,0.5071095611983562,0.5077308828256627,0.5077459999573652,0.5097343692139316,0.5077404818660018,0.5061460747191372,0.5062025418216317,0.5067589549670126,0.506830331817983,0.5054131050630037,0.5047132998907741,0.50371613817983,0.5030401645843932,0.5025135505641581,0.5033472947689597,0.4987906540001592,0.5019442463571933,0.5033414136904639,0.5058237845565031,0.5035059807356451,0.5046723497314981,0.502990365852757,0.5038136370249285,0.5025679813245069,0.502472415965812,0.5030813969463388,0.5016160028208694,0.5030757833299008,0.5028355057828034,0.5007037976333204,0.5020842114779454,0.5011821995967409,0.5018397333905489,0.5021184719460183,0.5029606573397736,0.5038082120652784,0.5040022817929171,0.5046369563087437,0.504456761457698,0.5054779907078351,0.5059189716295134,0.5058740234812542,0.5048868214131434,0.5047136827359223,0.5046466436643485,0.5051899322771504,0.5061629340044989,0.50644281898944,0.5065560424575652,0.5070651123063373,0.5083431360918946,0.5084109231918575,0.5080771429670587,0.5082470000235009,0.507460328454989,0.5091656403142122,0.5096645313617116,0.5091210538628395,0.5090025883494923,0.5074220338202972,0.5073092049261806,0.5068237737360577,0.511402933399073,0.5101550974330051,0.5087751128090292,0.5081669861270168,0.5081900392723391,0.5089662654024254,0.5071613485909829,0.5082446187076357,0.5077986807899675,0.5077991370262109,0.5100091694007579,0.5102226286984265,0.5105030623158261,0.51214016063061,0.5119316509573565,0.5115375598064394,0.5117230575867028,0.5115384874050062,0.5111755357964174
1984-12-31,0.46635676675274923,0.4662015181219957,0.465533280443052,0.4626581741650637,0.4636226425818925,0.4628285538872186,0.46121426162722695,0.46103672501406084,0.4614285980552002,0.46362367908900715,0.46581883218841974,0.4666995002883611,0.4645051496646939,0.46802406104510097,0.46844142642508396,0.46812602939089265,0.4699047170380529,0.4690531108232224,0.46967287874508057,0.46969249856490536,0.47167232599776066,0.4696899929421984,0.46810230266173214,0.46815833694898323,0.4687088816930239,0.46878638357149127,0.4673715024155649,0.46666603402174844,0.46566446528614297,0.4649883327732134,0.46446267339123715,0.4653268491806445,0.46078857790471933,0.4639365634637794,0.4653380866715958,0.467820115411659,0.46550920340131313,0.4666707116797403,0.4649856779432922,0.46580939120342707,0.4645645065017285,0.46447211084728823,0.4650784459391084,0.46361406735836563,0.465068163430519,0.4648283092504462,0.4626984916426126,0.46407562883887793,0.46317554542786266,0.46383300333716376,0.46411189720022383,0.46495247178601135,0.46579885276084,0.46599372109910187,0.46662743695572195,0.46644563071945677,0.4674652940213703,0.4679061612179451,0.4678602976679964,0.46687359014065444,0.4667001296757551,0.4666346189453109,0.4671777891130248,0.4681508837261764,0.46843070613937465,0.46854378123770063,0.4690527235523031,0.4703302326692217,0.4703983792505513,0.47006496170819856,0.47023471270342054,0.469448275368278,0.4711526656206938,0.471651868170053,0.4711086894339244,0.4709899735462355,0.4694070632798279,0.4692934048443158,0.468808826969673,0.4733870820905688,0.47213965475662467,0.4707595562258442,0.4701519836855864,0.47017541309670474,0.4709537133078583,0.4691501566397802,0.47023422346103677,0.4697890913069226,0.469789424750806,0.47199996859084103,0.47221374329394866,0.47249369578327766,0.47413115962695285,0.47392330122321163,0.47352921878078186,0.4737154941803167,0.47353066353510875,0.4731678126850493
1985-03-31,0.5424768862175107,0.542346150027462,0.5417044911288557,0.5388162560926123,0.5397848911416686,0.5389847711179389,0.5373762886133179,0.5372058126351906,0.537617674774516,0.5398014548996934,0.5419794183182876,0.5428610045120581,0.5406818883124931,0.5441947228546751,0.5446002393390947,0.5442929116707993,0.5460747458332973,0.5452224800380621,0.5458416111018451,0.5458650124430403,0.5478363990215027,0.5458664756936921,0.5442872142146341,0.5443451609975207,0.5448903544721186,0.544973319901686,0.5435616269700804,0.5428507858765347,0.5418456549117757,0.5411696741258372,0.5406427797484982,0.5415372135575323,0.5370144818898787,0.540153896510536,0.5415601941883216,0.5440378501561612,0.5417337071735516,0.542890979009129,0.5412019091266133,0.542025336370593,0.5407824401766772,0.540692213932688,0.5412965414627262,0.5398325401454679,0.5412806284198977,0.5410408149420474,0.5389132007089947,0.5402876117449098,0.5393879466136774,0.5400446133896063,0.5403220880931279,0.5411592332115629,0.5420055131482872,0.5422005050013925,0.5428322377331164,0.5426501049881922,0.5436672947976466,0.5441071293732267,0.5440611186103146,0.5430751769434945,0.542901782931503,0.5428372673014032,0.543380054995702,0.5443525809849907,0.544632534191082,0.5447460241521875,0.545254341351668,0.5465309528658383,0.5465993103201984,0.5462658351749878,0.5464351858032648,0.5456493877273934,0.5473525849273115,0.5478517668898583,0.5473086488211011,0.5471896745806499,0.5456038766222006,0.5454900541176324,0.545005384041765,0.5495783972666717,0.548331262444251,0.5469516866456403,0.546343339590268,0.5463666599726635,0.5471475067163376,0.545345458690388,0.5464295709627909,0.5459842069416108,0.545986202306984,0.5481962300433866,0.5484097074231551,0.5486887567663585,0.5503254933592763,0.5501176337440812,0.5497233887945361,0.549909390675315,0.5497256622374516,0.5493626456893075
1985-06-30,0.4854057916255455,0.48530065698164615,0.4846880061629015,0.48178748878904243,0.4827582717037075,0.4819526686860927,0.48035109574399276,0.48018772401507437,0.48062249303909477,0.4827942650184449,0.48495327792230447,0.48583572010347686,0.4836722403737192,0.4871785148585305,0.48757242272259177,0.487274451063914,0.48905744904306636,0.488206119543481,0.4888255085133844,0.48885202229601077,0.49081501528063676,0.48885838711151547,0.4872892726144405,0.48735140208622735,0.48789167880087814,0.48797952861892074,0.48657185973811196,0.4858558846409998,0.4848479983202343,0.48417248642166827,0.4836422270445294,0.4845667733716246,0.4800569203425582,0.4831848311092448,0.4845963633126519,0.4870657185860634,0.484768279697963,0.4859219200674795,0.4842278336044997,0.48505027509419035,0.4838105425431792,0.4837215536946271,0.4843245011226834,0.4828602730967559,0.48430199992311107,0.4840618643965755,0.48193676760778226,0.4833089728772844,0.4824082790326477,0.4830634605026212,0.48333799046552,0.4841699322483247,0.4850171539981195,0.48521162137010465,0.4858403708802206,0.4856591539792778,0.4866729776778429,0.4871108789050349,0.487065466175827,0.48608055515074344,0.4859076042756136,0.4858435748102702,0.4863857261516559,0.48735704169382016,0.4876373160717929,0.48775177321526825,0.48825897873238916,0.4895343173343525,0.48960274240722623,0.4892688003148236,0.48943746286547646,0.48865269872288125,0.49035443483948193,0.4908532758855041,0.49030998792922154,0.490190745568226,0.4886015409149992,0.48848820021120426,0.4880025183894654,0.4925660672042153,0.4913191121923788,0.4899406756738362,0.4893302602682112,0.4893529976707348,0.4901368506946341,0.4883364556413125,0.48941987842648316,0.48897327119431866,0.48897866815898045,0.4911871792658149,0.491399761882151,0.4916774991794667,0.49331244404665575,0.49310394705440536,0.492709373813343,0.49289407566181725,0.49271277922990786,0.4923493360315125
1985-09-30,0.526955447901019,0.5268773390114889,0.5262934167404274,0.5233780513724127,0.5243541586997619,0.5235415706949388,0.521946027781301,0.5217905032345582,0.5222470528845609,0.5244066095814073,0.5265470240857617,0.5274305388332184,0.5252840712982699,0.5287836219047906,0.5291642715508058,0.5288750068169501,0.5306619327823536,0.5298095444985343,0.5304279807238252,0.530458815988995,0.5324122515773446,0.5304692830716344,0.5289092969900124,0.5289731291121783,0.5295071528588362,0.5296012894105983,0.5281970387172502,0.5274749657541089,0.5264630129310759,0.5257876399545802,0.525256457466771,0.5262140172855319,0.5217221934003223,0.524841034323303,0.5262579917948794,0.5287230760461216,0.5264333873936717,0.5275822272361413,0.5258839472431137,0.5267060729611474,0.5254684096847819,0.5253820345869533,0.5259826147568514,0.5245189256890628,0.5259539306382655,0.5257139845818477,0.5235914188338042,0.5249605543079643,0.5240605906926168,0.5247150188449768,0.5249882096874621,0.5258166331805012,0.5266635882614369,0.5268582194383016,0.5274848856885819,0.5273030805637633,0.5283143291940248,0.5287511636334565,0.5287054189138133,0.527721336752789,0.5275483440419257,0.5274854856637382,0.5280272163026738,0.5289979707098965,0.5292783279358576,0.5293931669505649,0.5298997455408612,0.5311740335333639,0.5312426687032047,0.5309087184752963,0.5310769949710195,0.5302928841440153,0.5319933274983845,0.532492059396115,0.5319488743810317,0.5318294388423136,0.5302374684632893,0.5301238802656993,0.5296382561318126,0.5341966495465114,0.5329499885441817,0.5315719584588658,0.5309610090261483,0.5309836474625909,0.5317698528299416,0.5299710026973018,0.5310544221918486,0.5306076853539086,0.5306144920420396,0.5328224230207487,0.5330347883648865,0.5333116580456033,0.5349459029597216,0.5347374734517802,0.5343427536819403,0.5345272856023385,0.5343469703416914,0.5339834293794608
1985-12-31,0.46558224055167996,0.4655325816365295,0.4649771216714924,0.4620443605051158,0.46302888045431,0.4622078114683628,0.4606174257617362,0.4604704674882024,0.46094776648181773,0.46309489877798343,0.46521703105872414,0.46610183754592277,0.46397376644795846,0.46746641936355054,0.4678321716878856,0.4675510074136231,0.46934456347050574,0.46848916450809186,0.46910546720880064,0.4691418076119389,0.4710845301677907,0.4691556165954913,0.4676037931103004,0.46766692511584873,0.4681933807465948,0.4682951848926856,0.46689377157219203,0.4661646428860296,0.46514733046553425,0.46447177344280455,0.4639420349943034,0.4649355489674739,0.46046682012789153,0.46357893322203014,0.4650015261532731,0.46746624251149904,0.46518534672823136,0.4663282327069134,0.4646265440825628,0.46544900205455836,0.46421235369820796,0.46412993632522553,0.46472717960027865,0.46326477188231197,0.46469268219178816,0.46445342328328293,0.462333410408403,0.46369862873896234,0.46280110439987143,0.46345548826172794,0.463728894355447,0.4645554243746849,0.46540093904043184,0.4655964015725068,0.46622185103008884,0.46603799400872764,0.4670474285373829,0.4674840338661156,0.46743705144332975,0.46645360439280814,0.4662800973822354,0.46621907898593257,0.4667605965500985,0.4677314189129756,0.46801162736799806,0.46812628106178356,0.46863270186776357,0.4699061508528857,0.46997513453306794,0.46964162134250087,0.4698098042358677,0.46902597863149936,0.4707252898972131,0.47122413524744644,0.4706813178761105,0.470561762930306,0.4689676434146751,0.46885309877636067,0.4683685713343374,0.47292598104696737,0.4716797237392377,0.4703013868647514,0.4696913935545376,0.46971440216094495,0.4705023274378173,0.4687049191497706,0.46978900050006006,0.4693432144394973,0.4693494980975381,0.4715577562059334,0.47177056233256676,0.4720469942421546,0.47368159815348615,0.47347392044542225,0.47307922973795774,0.47326468900817886,0.4730839481592395,0.47272062907971074
1986-03-31,0.40298234372105457,0.4029623413044711,0.40243786680106564,0.39948847881779187,0.4004793713164608,0.3996503174108256,0.3980661832296414,0.3979278564221948,0.39842904497492104,0.40056303620861217,0.4026650580896578,0.40355110468986377,0.401441930653091,0.4049271865971852,0.4052782300579132,0.4050065479062293,0.40680473899778696,0.4059479697584133,0.4065630678555044,0.40660424293135844,0.4085362655956385,0.4066223825093825,0.4050805443168315,0.4051453247931979,0.4056646138104895,0.4057735396971143,0.40437584035400354,0.40363985730899715,0.40261798674436133,0.40194257960812774,0.40141206838521654,0.4024415253696162,0.39799323571265893,0.4010955439685012,0.4025243077835762,0.4049845837444031,0.4027124640567712,0.4038500078664383,0.40214386227701054,0.4029659361444989,0.40173151715201383,0.4016521251332187,0.40224667789885016,0.4007849336463822,0.40220534241272543,0.40196639935945233,0.3998492713989834,0.4012110953815894,0.4003145259265236,0.4009681469002291,0.40124018958661234,0.40206297768227384,0.4029081321614456,0.4031037630716705,0.40372695352274696,0.40354232349114877,0.4045490074826862,0.4049844452420396,0.4049369943798898,0.4039544569220107,0.4037808248507188,0.40372112983162356,0.40426217387828317,0.4052324019402,0.40551266148114135,0.40562770591246317,0.4061334629979551,0.40740568373147945,0.40747486992367665,0.4071413689680349,0.4073091585719625,0.4065260272580007,0.40822392670881513,0.4087225579684185,0.40817986923787114,0.40806018159307184,0.40646335790721305,0.4063485227442538,0.40586413936592775,0.4104161874222948,0.4091702154266134,0.4077922064333358,0.4071818247380699,0.4072047121393162,0.407994847295972,0.4061990316491396,0.4072830159032801,0.40683713124967646,0.40684470119057137,0.4090522556770354,0.40926488298993113,0.4095404520570963,0.411174314827741,0.41096672948758745,0.4105718950975559,0.4107572168332087,0.41057743279631387,0.4102140626301034
1986-06-30,0.28799262053859126,0.288003640304368,0.2875127872735848,0.28454741265947636,0.2855428309237745,0.2847062160764006,0.28312941709516426,0.28299988417076327,0.28352816133833775,0.28564828520102953,0.287728367173273,0.28861560563375976,0.28652593238371193,0.29000329707568767,0.29033973430020193,0.2900789372413076,0.2918798961678297,0.29102336293522396,0.29163816228677003,0.29168355948818525,0.29360483396709003,0.29170699364103303,0.2901769754126868,0.2902456709404948,0.29075809964198857,0.29087369607158775,0.2894805820803381,0.2887378868727673,0.2877122178381302,0.2870373038331799,0.2865038666189064,0.2875692877285221,0.2831389744196642,0.2862284274024625,0.28766394585712957,0.29011581681046017,0.2878525254334187,0.28898531758015517,0.28727367165663326,0.28809467593702187,0.2868636545830069,0.28678643314336794,0.28737893075989496,0.28591727217498386,0.2873297347374083,0.2870907586298856,0.2849768511755526,0.2863357682512474,0.2854387399436064,0.28609090172372953,0.2863600551446652,0.2871772995204649,0.28802314121938294,0.28821830744933513,0.2888382219229855,0.28865405157128554,0.28965706270613645,0.29009041274061975,0.290043238088331,0.2890618785868856,0.2888884982981859,0.28882963701038944,0.28936995789320175,0.29033895005725036,0.29061945731277783,0.29073545731806155,0.29124005584993684,0.2925106661889798,0.2925799147585394,0.2922460131393283,0.2924131165735923,0.2916310781192918,0.29332728832964505,0.2938253905847797,0.29328259986243604,0.2931627639425589,0.2915626943711522,0.29144821373109586,0.2909630494488074,0.29550547742264577,0.29425967618493454,0.29288260801354044,0.29227053062941233,0.2922928172955651,0.29308563951541855,0.29129156411950363,0.2923747092133048,0.29192770473979923,0.29193832268464304,0.2941441709256607,0.2943560159929326,0.2946303108575774,0.2962623617094011,0.29605422678618804,0.2956590818560646,0.2958432270721395,0.29566574789152344,0.29530205950461513
1986-09-30,0.275434414807176,0.2754778864914466,0.2750202260712941,0.27203615260561,0.2730392327320596,0.27219344282104885,0.2706229867520384,0.2705029271621665,0.2710573036278104,0.27316338890642333,0.27522188178442797,0.2761105586458641,0.2740418590788998,0.27751114974945806,0.27783125594518676,0.27758074894240237,0.27938728689208725,0.278528942686691,0.27914222272382083,0.2791930637910084,0.28110238440427987,0.2792210462940638,0.2777018741018754,0.27777202318971084,0.27827622958952264,0.278399936909389,0.277010814444865,0.27626039025136945,0.27522954942552685,0.27455478640190045,0.27402084415922295,0.2751254937081927,0.27071845732071886,0.27379744813417317,0.27523997949228984,0.2776874555107588,0.2754340973538006,0.27656092041846636,0.27484455271135766,0.2756651532439812,0.27443645760354185,0.2743627964932469,0.2749522213728498,0.2734914048080773,0.274895507239746,0.2746570080296226,0.2725463506476022,0.2739014775790681,0.273005746685444,0.27365717648673554,0.2739250324765896,0.27473838745943774,0.2755837090527819,0.27577909781364285,0.2763966175237321,0.27621139566441855,0.2772115065586014,0.27764362733584946,0.2775957931315347,0.27661541367273623,0.276441797243997,0.2763844643371737,0.2769242741794704,0.2778926776828549,0.278173194940376,0.27828956833336393,0.2787934897707073,0.2800627050084338,0.28013215966007876,0.27979831470898653,0.2799650316637201,0.27918370836060846,0.2808783931603198,0.28137619492147986,0.28083357340810305,0.2807136648357038,0.27911096367870614,0.27899610536353575,0.27851122980958043,0.2830483176460992,0.2818027971999231,0.28042593278782585,0.2798136906061343,0.27983585947216166,0.28063073239353975,0.27883829388717785,0.2799212882019932,0.27947427450050644,0.2794859568153039,0.28169103618724634,0.28190277674483444,0.2821762356568696,0.283807566628425,0.28359958678628383,0.28320430964792676,0.28338840893140194,0.28321179024002274,0.2828481117143019
1986-12-31,0.289683668148471,0.2897610126518675,0.2893361039028524,0.28633062877883286,0.287344416368566,0.2864878344323211,0.28492272194778434,0.28481278430072177,0.2853923711941209,0.287484254364037,0.2895214822934903,0.29041184865524206,0.2883656083247008,0.29182663332085906,0.2921286919920663,0.29188792501403943,0.2937027956842152,0.2928406331814582,0.2934512028928332,0.29350868415780595,0.2954048523626401,0.2935405103775998,0.2920312647249178,0.2921004831343533,0.29259512402890264,0.2927283641505875,0.29134266472254206,0.2905834974414615,0.2895461256486444,0.28887117824789615,0.28833907578517604,0.2894862722814461,0.2851077380283231,0.2881785659735904,0.2896283935063742,0.2920753577222991,0.28983303862233184,0.29095268885176573,0.2892323375941748,0.2900531783420418,0.28882577728770187,0.2887570357804449,0.28934238669476975,0.2878831454428933,0.289278458037185,0.2890409321746352,0.28693356381792107,0.2882840328874775,0.28739130663709994,0.288042708583931,0.288310807503636,0.28912186597724165,0.28996549487575707,0.29016177287931905,0.29077774470134693,0.2905899999554176,0.2915879521044735,0.29201967257297484,0.2919702670034298,0.2909906779327269,0.2908163497567754,0.2907612246033199,0.2913007274437968,0.2922691692007958,0.29254946552652167,0.2926656485225807,0.29316935845968817,0.2944373826098019,0.2945071830214283,0.29417383837504424,0.2943404588355739,0.2935594856912327,0.2952528007772993,0.2957505211984313,0.29520833202318786,0.2950884253206024,0.2934836821838428,0.29336773420690476,0.29288418670834215,0.2974200755796704,0.296174941427139,0.29479756317315875,0.29418664296359365,0.29420916192218577,0.295005470651775,0.29321457082413727,0.2942980812615991,0.29385213553396705,0.2938629579233102,0.29606817612253494,0.2962804704189221,0.2965535169936717,0.29818518702388885,0.29797804629690894,0.29758280909481005,0.2977679600028854,0.29759080185562414,0.29722745202281353
1987-03-31,0.36427740777479606,0.3643900951911856,0.36400060696852266,0.36097426382742914,0.36199690024296854,0.3611298696677312,0.35957114135147483,0.35947149908393544,0.36007973849309816,0.36215671025396656,0.36417080244971894,0.36506282504235477,0.3630397659402289,0.36649201732779524,0.36677606798587187,0.3665465483040277,0.36836789258446806,0.3675035536447855,0.36811235167089695,0.3681758631397467,0.37005878881908866,0.36821255866481967,0.3667151867460539,0.3667858144494834,0.36727114883924683,0.3674135198483944,0.3660321574287927,0.36526433905710143,0.3642211786449754,0.3635464084972556,0.36301390522564114,0.3642038411844203,0.3598513905439362,0.36291085332607464,0.36436865398371204,0.366810999797081,0.3645798386670388,0.3656929070936039,0.36396745536182146,0.36478783616310817,0.3635629364122684,0.3634982705429697,0.3640801989513301,0.36262194611819104,0.364007957371771,0.36377104997331783,0.3616673286903803,0.36301362307648455,0.36212245774677815,0.3627731116223447,0.3630398767752604,0.3638467607308786,0.364689779527784,0.3648863013019486,0.3654996647256261,0.3653106623353823,0.36630548646576383,0.3667358472782096,0.36668563698794143,0.36570711731174893,0.36553246574197945,0.36547905467136654,0.3660179945757537,0.3669858129475631,0.3672660944196822,0.36738267604799296,0.36788565970242665,0.36915209486865463,0.36922209861451616,0.3688888264927233,0.3690550454236229,0.368274835802813,0.3699664900240677,0.37046380712583676,0.3699218119402579,0.36980188780131346,0.36819452438206246,0.3680781506534388,0.3675949746166338,0.37212525021274634,0.3708803823567427,0.369503119750437,0.36889216534709773,0.3689145373957009,0.369712789314116,0.3679235834836496,0.36900684335400175,0.3685609072837778,0.3685726998342218,0.3707770236948578,0.37098924663889066,0.37126145358627805,0.37289235625227246,0.3726853900669873,0.3722900192608105,0.37247514485494637,0.3722988477167767,0.37193554764491715
1987-06-30,0.4456426266271747,0.4457922956408979,0.4454410021476416,0.4423941808940444,0.44342402237490885,0.442546801636745,0.4409954766382651,0.44090640813554893,0.44154681395766104,0.4436081636644854,0.445597257221511,0.4464909062309609,0.44449186882397274,0.4479348441118985,0.44820083141669265,0.44798409380056214,0.44981019569403524,0.4489452871759259,0.4495532285516821,0.449622223895064,0.4514917477770058,0.4496647891153994,0.44818125680810234,0.44825554466951567,0.44873172237242914,0.44888293089509956,0.4475068161325153,0.44673037124984327,0.44568211837441873,0.44500789984771627,0.444472822022079,0.4457057264142936,0.44137716048599696,0.4444220760596042,0.4458885836436992,0.4483223167031091,0.44610251441663035,0.44720956911687826,0.4454779034782866,0.44629715768607026,0.445075915859914,0.445014569721635,0.44559371625138483,0.4441359115840361,0.44551206335853083,0.44527544462927826,0.4431757348624976,0.4445182964692503,0.4436273270875345,0.44427653604432,0.44454044741639104,0.44534132684233674,0.446184782340028,0.44638093535049483,0.4469906556584711,0.4468016109959012,0.4477923505422644,0.44822041032821974,0.4481701357825461,0.44719295903326395,0.4470183592365605,0.4469661983823091,0.4475043308544987,0.44847088567383936,0.44875135494917756,0.4488689129510317,0.44937066648326335,0.4506351210525769,0.4507051920955693,0.4503715775514025,0.4505370968266539,0.4497580536338516,0.4514477566793788,0.45194436197426363,0.45140233166127336,0.45128236789108167,0.4496718193999413,0.4495556618310692,0.44907192980525507,0.45359230067258083,0.45234758333879727,0.45097104247759234,0.45035873705282464,0.4503804773648724,0.45118116720013646,0.4493938087364664,0.45047606851500016,0.4500291135870902,0.45004365668039803,0.4522460819194215,0.452457625303924,0.45272857953405177,0.4543576384450349,0.4541502007463014,0.45375452913263853,0.4539385793229349,0.45376450826725456,0.453400985110641
1987-09-30,0.46334967065179156,0.4635376922895681,0.4632238687772021,0.46015367833190257,0.4611937954597288,0.4603046195714882,0.4587595216810666,0.45868159695596755,0.4593533278027251,0.46139897071609104,0.4633634661031886,0.4642590278817613,0.46228559112761025,0.4657190944609544,0.46596521487139,0.46576072342140734,0.46759445727692817,0.46672685982148504,0.4673327113110105,0.4674084212794391,0.4692632964834989,0.46745617600108036,0.46598555503340244,0.46606106074235804,0.46652669151186543,0.4666882229039412,0.46531677301960783,0.46453062071811685,0.46347582142519195,0.4628017966204003,0.46226653840498955,0.46354611388101696,0.4592469199865026,0.46227963941013167,0.46375520026622163,0.4661843118737535,0.46397704719909283,0.4650768113311521,0.4633396579143831,0.46415844667112344,0.46293981820246766,0.4628831991750314,0.463458508230249,0.4620018974940773,0.46336771023100853,0.4631318890671345,0.4610362407090099,0.4623741629446749,0.46148514484747705,0.4621336307992401,0.4623962650455616,0.4631927586987632,0.4640354442881004,0.464231914870324,0.464838851099591,0.46464824320259657,0.4656356488501172,0.4660622562167782,0.4660109738672414,0.4650349469214642,0.4648599069139379,0.4648097033865415,0.4653472363651162,0.4663131724089395,0.4665935923163808,0.466711548120861,0.4672125490611581,0.46847522897142213,0.46854551232931074,0.4682120111987743,0.46837712785299446,0.4675988769271111,0.4692867864704246,0.4697829039747297,0.46924110829239163,0.4691211818888197,0.46750803443148414,0.4673913570512619,0.4669081399532147,0.47142285231481335,0.4701783911528634,0.4688018298355339,0.46818970198851634,0.4682112921148174,0.4690138008802159,0.4672281918857296,0.46831014110163893,0.467863274849062,0.4678785927411478,0.47008005624370397,0.4702915983694823,0.4705617316084957,0.4721900385916935,0.47198283398963015,0.47158703628888937,0.4717711423354444,0.47159785988672476,0.4712344412638055
1987-12-31,0.4051914292526789,0.40541914778898835,0.4051420144234614,0.40204556280056974,0.4030989311360365,0.40219602011423733,0.4006559444509045,0.40058969063990163,0.4012920098308008,0.40332188508830225,0.40526217279512267,0.40615994098480757,0.4042136999555596,0.40763752912126694,0.4078619861137883,0.40766925199483106,0.40951344094193776,0.4086410694284477,0.4092436269030625,0.40932725618737464,0.4111662429489532,0.4093795652552354,0.4079209826569098,0.4079953406369906,0.40844905080257415,0.4086223754661632,0.4072550328433456,0.4064580910327281,0.4053953001091282,0.4047211174713645,0.40418799515596027,0.4055180169483181,0.40125361863708026,0.40427639819088973,0.4057613907261941,0.40818974578161804,0.40599620375945294,0.4070874114976424,0.40534545358746604,0.40616441643637025,0.40494739832689275,0.4048968857359554,0.4054673164910389,0.4040126227085754,0.4053675969727432,0.40513306920785275,0.40304154282342075,0.4043739331212405,0.403488573916883,0.404137035657685,0.40439991797940195,0.4051935820309834,0.4060343256582555,0.4062317800792402,0.4068367560924828,0.4066431028631285,0.4076278930568469,0.40805386647429565,0.40800065614859804,0.40702559437685915,0.4068496341873282,0.40680208083511044,0.40733921415822216,0.40830515588455085,0.40858529609456473,0.40870308978703135,0.40920379957888453,0.4104648988623528,0.41053553560386224,0.41020259003175497,0.41036759128113776,0.4095897713367306,0.41127603637759746,0.4117718805976312,0.41123058133837304,0.4111107682710249,0.40949558290780114,0.4093776696793099,0.4088960084170169,0.41340916870648664,0.4121650648156502,0.41078775996525085,0.4101772944476947,0.41019920077644323,0.4110029308849142,0.40921897880683156,0.4103012851357251,0.40985558167389097,0.4098697579324147,0.4120711665815728,0.4122833663051547,0.41255309564866244,0.41418170929170955,0.41397542177705815,0.41357966652725325,0.4137649265896899,0.4135910398966446,0.41322804419998843
1988-03-31,0.4241262533535879,0.4243953734375443,0.42415762569942544,0.42103516173420763,0.42210012993567625,0.42118362349591987,0.41964948564970916,0.4195951681035095,0.42033185074146795,0.42234531050379026,0.4242595344550353,0.42515950069591146,0.42324143270842696,0.4266550780669299,0.42685774436434787,0.4266784155827228,0.42853137755331155,0.42765586084104146,0.4282560706628604,0.4283470778488498,0.43016996987877965,0.42840501105016543,0.4269605517715998,0.4270360797347955,0.42747795672522226,0.4276628486814935,0.42630056744135897,0.42549279552757696,0.4244226758525028,0.4237487295965069,0.4232154804148937,0.4245963951352237,0.4203646845829514,0.4233741836588515,0.4248694573873625,0.4272929241127439,0.4251133943333952,0.42619660672395765,0.4244486505070624,0.4252671086727934,0.424052894905932,0.42400775693654413,0.42457396246666224,0.42312064196608185,0.42446413666239363,0.42423056952952715,0.42214355718885604,0.42347084520961303,0.42258775900431855,0.42323547647926146,0.42349703894679813,0.42428596548251385,0.42512584641560963,0.4253236629518391,0.425925598936305,0.4257301433656269,0.42671131091157544,0.4271356681382052,0.42708128979322013,0.4261074784591594,0.425930983462302,0.4258856168432925,0.4264221001231392,0.42738738789369607,0.42766746047310317,0.4277856945027855,0.42828558870462263,0.42954469787177507,0.4296155502363003,0.4292827311262224,0.42944730650601404,0.42867033567542945,0.43035464977777554,0.4308499054065562,0.4303088666359356,0.4301891406975701,0.4285713153424106,0.42845282556945197,0.4279717628607403,0.43247892369510255,0.4312350560943591,0.4298576283019603,0.4292474616988531,0.42926918190175084,0.4300746582808366,0.4282925256704041,0.429374414322474,0.4289288092609276,0.42894369095458273,0.431144009709919,0.4313562378229235,0.431625134579771,0.4332529429930454,0.43304690471935586,0.43265101837130404,0.43283634498917295,0.43266327123517756,0.4323004140903507
1988-06-30,0.4546501808394439,0.45496257678754126,0.45476699023223544,0.4516186022552274,0.4526937557419508,0.45176369206621797,0.4502363670639623,0.450194360272053,0.45096926633803536,0.45296567738009325,0.45485200741658793,0.4557541672591343,0.4538653840073695,0.4572683433469856,0.4574489885535462,0.45728474728169066,0.45914496119404774,0.458267891557786,0.45886667626336197,0.45896458909856197,0.46077110370292906,0.459029191105344,0.4576009659051525,0.45767988452104374,0.4581098910862241,0.4583062486350089,0.45694998154582717,0.4561312621652983,0.4550544249197889,0.45438112603592407,0.4538455568081867,0.45527785219859845,0.45107697146837666,0.4540698623443035,0.45557633419743926,0.4579908974943261,0.4558257667167842,0.45690152003060497,0.4551463732283376,0.45596368441790536,0.4547534145564184,0.45471301948612786,0.45527564244045354,0.45382320580254515,0.4551545227015009,0.4549216115851941,0.45283951516381143,0.4541620824515935,0.45327997131449094,0.4539262489098008,0.45418498448800243,0.4549673147306969,0.4558073732124758,0.4560049664978981,0.4566028088274843,0.4564067400526687,0.4573832885399509,0.45780506464052517,0.4577502504324681,0.4567779701835538,0.45660131174090945,0.45655770142475227,0.4570932964046462,0.45805729281904783,0.4583375062322109,0.4584567718548881,0.45895533662034976,0.4602120513679695,0.4602829885612507,0.45994988064007103,0.46011372663394695,0.45933801276163244,0.4610200684996708,0.46151443464648934,0.4609734306210438,0.460853761983491,0.4592327081880728,0.4591142780521397,0.4586328872202238,0.46312972674230457,0.4618859790849087,0.4605090237131343,0.4598978341059098,0.45991887826836336,0.4607266134686836,0.45894646245611215,0.46002717589341496,0.45958063630920615,0.4595980187989245,0.4617962420813644,0.4620078869351328,0.4622755370753371,0.4639014588557306,0.4636950215333119,0.4632988373591195,0.46348317072381257,0.46331229088700115,0.4629492942269261
1988-09-30,0.4688768137301221,0.46923368654367453,0.46907900667477365,0.46590158564780315,0.4669898887079771,0.4660442986765325,0.46452231748784745,0.4644930095230273,0.46530544883151975,0.4672848947666854,0.46914386752603643,0.47004856076948925,0.4681907504269477,0.4715828275110787,0.47173957187547155,0.4715899440315762,0.4734603692701004,0.47257952546060045,0.47317563592689754,0.4732816863044995,0.4750705423085355,0.4733523601079935,0.4719394825888739,0.47201936833783265,0.4724360861036816,0.47264544651127405,0.4712946184339732,0.470463793724764,0.4693786792032922,0.4687056488100994,0.46817011866286895,0.46965802963829956,0.46549369684274555,0.4684722919405487,0.4699904230439874,0.47240005953463665,0.4702505980818092,0.47131754234759465,0.46955586905951324,0.4703726895816067,0.4691653521129956,0.4691311299834342,0.46968906706988045,0.4682382476517741,0.46955682742459737,0.4693250806950141,0.4672479751325656,0.46856488685383946,0.4676855077148557,0.4683310617064529,0.46858853082340657,0.4693658429068093,0.47020487228837715,0.47040292836594133,0.4709975102250717,0.4707992938445768,0.4717719481752164,0.4721919800992605,0.47213577596076073,0.47116483937624243,0.47098751996838517,0.4709463890536001,0.4714812988907263,0.47244464613874837,0.47272476367428884,0.4728444863807463,0.4733421947517231,0.4745967090950883,0.47466787762464774,0.47433493531985105,0.4744983460212385,0.4737235190613281,0.475403466137937,0.47589716105474855,0.4753564603716902,0.4752369281976037,0.47361320204625884,0.4734940905208485,0.47301344533419476,0.47750417222334596,0.47626064548373215,0.4748834137705163,0.47427272919028707,0.4742935772619752,0.47510296937471846,0.47332470829783757,0.47440493625932606,0.4739585668745586,0.47397648135262294,0.47617354442603876,0.4763852854670365,0.4766521139540226,0.47827724060189125,0.4780711091500399,0.47767479808580543,0.4778592706721866,0.47768915426167896,0.4773263456863223
1988-12-31,0.5377309488351547,0.5381334403049377,0.5380182875305565,0.5348087112044204,0.5359130241797688,0.5349499070337425,0.5334317386347797,0.5334154547348979,0.5342648436912908,0.5362274580863113,0.5380596282264045,0.538967205769782,0.5371420743770711,0.5405230713307292,0.5406540427819986,0.5405186027142242,0.5424021556448333,0.5415153426467612,0.542107558339127,0.5422229502038045,0.5439928754333441,0.5422991484810422,0.5409007870403445,0.5409792921783296,0.5413813177185616,0.5416052069515725,0.5402592670376055,0.5394151734792736,0.5383202233537834,0.5376470880927365,0.5371138758440905,0.5386617332516734,0.5345396166825891,0.5375061338888989,0.5390364264057586,0.5414449878310662,0.5393124785922074,0.5403692715182868,0.5386016899818256,0.539418655006179,0.5382132808831597,0.5381866365311991,0.5387387971175603,0.5372903058538755,0.5385955644895652,0.5383654779465317,0.5362934502857704,0.5376037838244808,0.5367288475770189,0.5373743711547653,0.5376320829736341,0.538405891268751,0.5392427191470059,0.5394419045963141,0.5400340231019524,0.5398321623135272,0.5408016138877303,0.5412207077920458,0.5411621822680988,0.5401924106718842,0.5400139443886178,0.5399760029909657,0.5405104227609112,0.5414737427933957,0.5417535346447123,0.5418731588406815,0.5423704675523542,0.5436229628948808,0.543694505431657,0.5433621695239977,0.5435254290993653,0.5427511320326662,0.5444291108526351,0.5449223431442305,0.5443822065846152,0.544262889081035,0.5426370211789279,0.5425165067789017,0.5420376514263506,0.5465263337627558,0.5452831243365944,0.5439048861500767,0.5432961912210825,0.5433173078865317,0.5441277763278178,0.5423513191008258,0.5434317291112645,0.5429866012954713,0.5430031380795053,0.5451999459423145,0.5454124432832088,0.5456788604861176,0.5473042502028761,0.5470991089981427,0.5467028358143948,0.5468885470084273,0.5467178082865511,0.5463555062172534
1989-03-31,0.5438640784217603,0.5443140486238041,0.5442409294992349,0.5409991047872241,0.5421179991152805,0.5411372226452005,0.5396235436342536,0.5396205992862912,0.5405110712103487,0.5424563590628309,0.5442599853556788,0.5451704735281935,0.5433792841985711,0.5467487046431028,0.5468535974948446,0.5467341480825727,0.548629373822932,0.5477381855999824,0.5483274590115296,0.5484517241279416,0.5502023887799479,0.5485345720163382,0.5471529598819065,0.5472323637278341,0.5476195827515857,0.547857986237188,0.5465179299247902,0.5456603679467585,0.5445561387163185,0.5438833304197488,0.543350150120042,0.5449587175618749,0.5408771052201036,0.5438280538346487,0.5453715689201358,0.547774909750313,0.5456598540093622,0.5467070156329182,0.544932244891044,0.5457487032133433,0.5445464682952599,0.544526809468072,0.5450738439157496,0.543627194409054,0.544918331814762,0.5446896012448388,0.5426230869018837,0.5439272021863534,0.5430554007442622,0.5437001759336111,0.5439565790691953,0.5447249449932514,0.5455606408524445,0.5457603650395277,0.5463489196747426,0.5461446253280259,0.5471098227319976,0.5475269707985468,0.5474668725434146,0.5464985595980323,0.5463193264439491,0.5462841498821726,0.5468178359486892,0.5477804726076376,0.5480601566151582,0.5481802989003272,0.5486766727211437,0.5499267243676973,0.5499985090801223,0.5496663510223394,0.5498291434008201,0.5490557998109047,0.5507314839567272,0.5512239462387645,0.5506841423163045,0.5505650052705113,0.5489363689322031,0.5488151034962501,0.5483370835638572,0.552819243521412,0.551576230083461,0.5501975927299527,0.549589521637659,0.5496103994273911,0.5504224870310126,0.5486480067429678,0.5497278152520079,0.5492828616507179,0.5492998808051456,0.5514953969101237,0.5517080186876553,0.5519735953588143,0.5535981314161519,0.5533933113678727,0.5529969033823642,0.5531827566791332,0.5530128284068038,0.552650743552907
1989-06-30,0.49808273552932036,0.49858220036334533,0.4985536469865876,0.4952793014383152,0.49641160595095496,0.49541291443423796,0.4939043286186864,0.49391514600240294,0.4948509305733495,0.496778439410314,0.49855183857942853,0.4994652687461991,0.49770943436726683,0.5010667939019974,0.5011451929593077,0.5010435778709472,0.5029492038518926,0.502055194608986,0.5026424545055704,0.5027751985404377,0.5045061905625704,0.5028657969674648,0.5015031999677518,0.501585675593557,0.5019578323088696,0.5022108774325642,0.5008777005040805,0.5000063832300973,0.4988933724840176,0.4982213443644569,0.49768598178565615,0.499356069718503,0.49531353423494684,0.49824542869270727,0.4998033080498365,0.5021974045894029,0.5001004185678632,0.5011384421580986,0.4993552003696183,0.5001705407089759,0.49897256157024306,0.49895940999978894,0.49950195876089193,0.498056727728964,0.49933287436586404,0.49910522719649464,0.4970446754141974,0.49834287629816665,0.49747300020770524,0.4981163346117371,0.49836994334292734,0.4991309785564361,0.4999665691956384,0.5001662818073878,0.5007501985653887,0.5005446231743238,0.5015045233416282,0.5019187340826422,0.5018577821779802,0.5008912180124904,0.5007115830686883,0.5006787833619171,0.5012115050002963,0.502172825145022,0.502452615358298,0.5025738813604848,0.5030687951372952,0.504315982189064,0.504387884867039,0.5040554910439072,0.504217507098806,0.5034455305728022,0.5051185903907889,0.5056099907248575,0.505070299249555,0.5049513039468777,0.5033192862331664,0.503197897292307,0.5027197905137348,0.5071910781200983,0.5059481444293857,0.5045696878823972,0.5039609186421433,0.5039810626798621,0.5047953002878194,0.5030229714725916,0.5041014121165219,0.5036555986332498,0.5036749064486402,0.5058681241755003,0.5060802567749654,0.5063445787993544,0.5079671752578958,0.5077620279431739,0.5073653198410982,0.5075502471292241,0.5073825251662462,0.5070203747616278
1989-09-30,0.46954970560323206,0.47009951139841044,0.4701133738118315,0.46680313399092194,0.4679516402891102,0.46693278721192133,0.465427368074446,0.46545204035507165,0.46643258797716763,0.4683426987732167,0.47008668407147464,0.4710034684345936,0.4692847786969835,0.4726299039521488,0.47267986675227824,0.47259567194091834,0.4745147713515297,0.47361557571226637,0.4741995535254032,0.4743419946055942,0.47605201600399516,0.4744398529374743,0.4730954148707457,0.4731785561876236,0.4735342094542919,0.47380349077429273,0.47247661858319845,0.4715902968841783,0.4704668050708269,0.4697951495596923,0.46925991656144017,0.4709964105699956,0.466998952409443,0.46991407697121446,0.47148693117274676,0.47387575357244166,0.47179821940516176,0.47282566491052,0.47103454240344017,0.47184941650990064,0.4706547217374717,0.47064953545893207,0.4711864351304831,0.46974334060908185,0.47100384118269867,0.4707777855924239,0.4687233013822052,0.4700146192996143,0.4691484301300426,0.46979103417034873,0.4700433918197391,0.47079862835560493,0.4716329061432915,0.4718332938413697,0.4724133759789617,0.472204967043637,0.4731602647676073,0.47357236155909765,0.47350958797221465,0.47254459177763203,0.47236405013334165,0.472334370728119,0.4728663257524948,0.4738269690801213,0.4741066291774799,0.47422844890088367,0.47472237066608347,0.4759668723524809,0.4760390412497859,0.47570686482947855,0.47586839544023574,0.4750974205786781,0.47676799579045914,0.477258545297264,0.4767192340684115,0.47660046274975637,0.4749655874737875,0.47484332726897216,0.4743662122745053,0.47883079526379385,0.4775880372273743,0.4762090042461453,0.47560106656747797,0.47562095502846974,0.4764367574406827,0.4746664954596837,0.47574425727193204,0.47529868628133143,0.47531831944101344,0.4775101714378844,0.4777224962644364,0.4779859816702957,0.47960772986847144,0.4794029610563676,0.47900611980189944,0.47919125559899767,0.4790243163077409,0.4786624284743167
1989-12-31,0.4507334473581741,0.45133432594653355,0.45138821807011265,0.4480386828615923,0.44920606228958326,0.4481647466466902,0.4466604549920217,0.4466989803245892,0.4477238454746375,0.44961703011169163,0.4513324779756639,0.4522530451888721,0.45057330610965696,0.45390603017402853,0.4539256260576391,0.4538584859039402,0.4557940995101949,0.4548873665717767,0.45546682175718034,0.4556201460775382,0.457307912991998,0.4557248297321105,0.4543977463060802,0.45447922151566156,0.45481694483877744,0.455104049062941,0.45378292925178265,0.45288034336911315,0.45174466226065163,0.45107297588434603,0.45054010044293913,0.4523480119145744,0.4484015982083265,0.45130214490846055,0.4528906370243513,0.45527803345292633,0.4532213531081172,0.4542367839482695,0.45243832158014885,0.45325336073903255,0.45206102252033087,0.4520652375550691,0.45259533457263584,0.4511550723858267,0.4523992413791681,0.4521752734790889,0.4501269755119385,0.45141045200100394,0.4505496673592005,0.45119222847064955,0.45144482746419345,0.45219573237769806,0.4530275234864478,0.45322925426281013,0.4538062680080378,0.45359350900169276,0.4545448641546395,0.4549556388829195,0.4548900972057345,0.4539264971839735,0.4537445550156629,0.4537187279531042,0.45425010615202777,0.455210692285535,0.45548999291427944,0.4556118155405666,0.45610519680351075,0.4573471789401192,0.45741975862340734,0.45708823921573083,0.45724956523261945,0.45647923980523997,0.45814746011277613,0.4586373601385522,0.4580986893382536,0.4579802233682018,0.45634298833619713,0.45621912812738963,0.45574405454693556,0.46020595945465237,0.4589634683594763,0.4575831196599491,0.4569775004781894,0.45699759618754376,0.4578143994378278,0.4560461255047429,0.4571238749522804,0.45667961564479054,0.45669766958746627,0.4588890580290768,0.45910223734161526,0.4593652896341037,0.46098724763653226,0.4607835427040022,0.4603867291250642,0.460573174963611,0.4604056395075588,0.4600443332645626
1990-03-31,0.5251883345370264,0.5258421405333491,0.5259380138949176,0.5225486825911981,0.5237337245407558,0.5226694498000717,0.521166544459706,0.5212192054178932,0.5222928908036946,0.5241689553074305,0.5258544055390812,0.5267788312717403,0.5251396130399902,0.5284594804332815,0.5284482255238289,0.5284001082710597,0.5303510702387512,0.5294383252208754,0.5300142151871958,0.5301780258588544,0.5318430880811669,0.5302907319570215,0.5289833885827468,0.5290654188715439,0.529384867177597,0.5296900293150435,0.5283756964942705,0.5274564583847247,0.5263090017513221,0.5256377584513506,0.5251049267743846,0.5269854165217595,0.5230888299654011,0.5259711509111666,0.5275766030485697,0.5299584305281386,0.5279233646163122,0.528927246378041,0.5271200637210879,0.5279346518417526,0.5267458221026983,0.5267590171567508,0.5272829532636947,0.5258451102435832,0.5270719544025112,0.526849805734069,0.5248081834073535,0.5260840897936484,0.5252275028658129,0.52586930738699,0.526120622153553,0.5268652254270252,0.5276955819709149,0.5278981050374905,0.5284709275657806,0.5282549855100857,0.5292012949897289,0.5296097110311505,0.5295421331549007,0.5285802339160923,0.5283972630128906,0.528374912460145,0.5289054784037694,0.5298653564098159,0.5301445209374982,0.5302669781251534,0.5307592714898416,0.5319982898563457,0.5320711559149628,0.5317398677292813,0.5319006672635704,0.5311314211461825,0.5327969345260418,0.5332858870763703,0.5327476320869229,0.5326294279098124,0.5309891808307498,0.5308643616748524,0.5303903820843893,0.5348451034897312,0.5336027583510625,0.5322216826383972,0.5316170194550487,0.5316368099653345,0.5324551752519967,0.5306890769800894,0.5317660209026579,0.5313220066106019,0.5313403497206469,0.5335302369212293,0.5337436379176813,0.5340058282670898,0.5356268751481422,0.5354235661406703,0.535026609446364,0.5352132614508673,0.5350465769299574,0.5346855586842152
1990-06-30,0.5300937772944773,0.5308024813881338,0.5309422103979551,0.5275123811778911,0.5287141493094072,0.5276262655333521,0.5261248795215159,0.52619205108008,0.5273191617016842,0.5291780010874676,0.5308321057402978,0.5317604730612513,0.5301635086304124,0.5334700845732494,0.533427382581767,0.5334003023849647,0.5353656557886605,0.5344483770991335,0.5350216354490829,0.5351956128683176,0.536837434947329,0.5353175161528856,0.5340323352777397,0.5341170236570919,0.5344176926747912,0.5347413093696097,0.5334347989992445,0.5324984214626325,0.5313395338898343,0.53066923377319,0.53013420604558,0.5320884905628449,0.5282408399228482,0.531101286669446,0.5327251176578354,0.5350973635394778,0.5330848082652155,0.534077576983374,0.532260290301741,0.5330738555434298,0.5318896209922734,0.5319115050558387,0.5324299121111735,0.5309941486553316,0.5322025911327287,0.5319820289890035,0.5299475900786039,0.5312161321263914,0.5303626477795906,0.5310030092079842,0.5312515860540291,0.5319879699326132,0.5328178966045699,0.5330207063960797,0.5335882421578264,0.5333702199751484,0.5343103865030845,0.5347154227460386,0.5346465085897633,0.5336866124171238,0.5335029684039618,0.5334837597520231,0.5340132919147867,0.5349718350123469,0.5352510826948955,0.5353747951712153,0.5358654628842929,0.5371010754983216,0.5371741119570144,0.5368426456134778,0.5370026038323152,0.5362348571215916,0.5378973057211209,0.5383850295253256,0.5378469784297334,0.5377289869753064,0.5360850897128017,0.5359599267359096,0.5354861280330749,0.5399292925949928,0.5386869780658738,0.5373057339474663,0.5367007114036005,0.5367196972385211,0.5375401739664375,0.5357764426017443,0.5368518051789821,0.5364070050064247,0.536427448730225,0.538614827780644,0.538827836962898,0.5390887523777146,0.5407077987106483,0.540504239903376,0.5401069773769396,0.5402927613356853,0.5401283366212466,0.5397673196866559
1990-09-30,0.5341813105437881,0.534945106947849,0.5351250828969092,0.5316510636121355,0.5328720697115584,0.5317579519655695,0.5302554544907766,0.5303367610328299,0.5315168537625696,0.5333593456892615,0.5349834161720096,0.5359162361536893,0.5343633903426661,0.5376565636704599,0.537580441245362,0.5375740346117208,0.5395570037918302,0.5386326215445896,0.5392019565434365,0.5393872788918661,0.5410045805830873,0.5395180268715432,0.5382541581247777,0.5383391135380546,0.5386195538761506,0.538963278663237,0.5376640036629138,0.5367091311160842,0.5355369268205774,0.5348671222669406,0.5343321446174868,0.5363659104287604,0.5325735375420464,0.5354143877321972,0.537057402730775,0.5394240445398228,0.5374355164252664,0.5384156209713584,0.536588732426186,0.5374019227071039,0.5362213611456272,0.536253425136063,0.536765063616415,0.5353320776598407,0.5365213490384999,0.5363028812460365,0.5342757660010488,0.5355359355593565,0.534687323252291,0.5353269460041369,0.5355743102817734,0.5363039546336594,0.5371322418334841,0.5373360268179261,0.5378990445415275,0.5376773659627374,0.5386120493385237,0.5390145134906358,0.5389432768285913,0.5379852104168814,0.5378003787156069,0.5377850810075047,0.5383137713189954,0.5392716170165895,0.5395507118896667,0.5396751146663533,0.5401646192541516,0.5413969873366518,0.5414703445212489,0.5411391521008607,0.5412985563948576,0.5405319488498364,0.5421914601704163,0.5426781576883349,0.5421405779202458,0.5420228855882887,0.5403758269097576,0.5402495635483615,0.5397770316641934,0.5442127628844539,0.5429705692790039,0.5415883886031129,0.5409845408310396,0.5410031982238003,0.5418252174400464,0.5400637761687335,0.5411382447647484,0.5406937593572836,0.5407143439901108,0.5429001439781702,0.5431134457435891,0.5433734971890984,0.5449916345397061,0.5447885332375692,0.5443911276494743,0.5445771811936904,0.5444135992183057,0.54405291287487
1990-12-31,0.461074916642191,0.461893794651738,0.4621100006111591,0.4585880549051522,0.4598306617995218,0.45868759935113307,0.4571811709284619,0.45727609124826357,0.4585088175861904,0.4603359936513809,0.4619314752277761,0.462869282894493,0.4613624296079786,0.4646421088193943,0.4645306144236413,0.46454456415327783,0.46654835424326807,0.465614296264252,0.4661784438753821,0.4663762499019129,0.46796777555648683,0.4665155551108958,0.46527219362003197,0.465355097617409,0.4656138767532484,0.46597935786668043,0.4646867498446197,0.46371201084073355,0.46252458182117606,0.4618548270435788,0.461322055911173,0.4634411532844312,0.4597103850690396,0.46253382912925783,0.46419690059639906,0.46656179790505203,0.4645988414836559,0.465564729099174,0.4637286868611276,0.464542130448541,0.4633643650091871,0.4634080810524903,0.4639117176899364,0.46248218479431025,0.46365147911850463,0.4634356018120114,0.4614159658208126,0.4626667625729964,0.4618247499642246,0.46246431549533845,0.46271194191959186,0.46343626003972915,0.4642617316277077,0.46446716248594677,0.4650263926425384,0.46479951561199023,0.465729338939253,0.4661300062852374,0.46605548144048836,0.46509908082295864,0.4649125573711166,0.46490193004805125,0.4654299624705869,0.4663877283347434,0.4666664415186327,0.4667909891764396,0.4672797763276751,0.46850904670878357,0.4685828714199746,0.4682523914917398,0.4684115190655759,0.4676457038285251,0.4693023944653069,0.46978825821064035,0.4692514097938178,0.4691341021847639,0.4674843441045913,0.4673562422889738,0.46688603469513135,0.4713183136171479,0.4700763265504146,0.46869245837793067,0.46809127729451033,0.46811006695722635,0.4689330809334822,0.46717385914921483,0.4682480980558449,0.46780499493732874,0.4678238193394239,0.47000893852114145,0.470223198261087,0.47048278220669915,0.4721010687526185,0.47189911196095435,0.47150171995585893,0.4716891477056673,0.47152503645611094,0.4711650009274021
1991-03-31,0.46095540540507984,0.4618309215755709,0.46208415415976456,0.4585132975819499,0.4597764713494877,0.45860347651043465,0.45709268122370855,0.457201316153344,0.45849153060832715,0.4603037319678979,0.4618697129740785,0.462812655448171,0.4613536746865732,0.4646194925736086,0.4644719846241034,0.46450842598084596,0.466532238461393,0.4655899072119311,0.466149828086229,0.4663597798298147,0.4679249798577955,0.4665089354065356,0.4652886086736386,0.46537159803041767,0.4656081157913505,0.4659958772483377,0.46471100128559656,0.4637157869102181,0.4625133535146682,0.46184416694366726,0.4613112522688413,0.4635173455348065,0.4598475761382501,0.46264981421961054,0.4643345873552369,0.4666936271468793,0.46475731700599265,0.4657093812538752,0.4638626916167325,0.46467581727821794,0.4635019691573234,0.46355712284663886,0.4640533815373726,0.46262697976270645,0.46377507177847277,0.4635615603954431,0.46154995869398396,0.46279154320901555,0.4619550533049008,0.4625938555281986,0.46284025675450663,0.46355724820486455,0.46438092902816375,0.46458750573277147,0.4651418023248007,0.46491083500938835,0.4658346356503693,0.46623243786263135,0.4661553326809854,0.4652009161602875,0.46501306072424,0.46500678916621146,0.46553393841989543,0.4664909814181005,0.46676954130033504,0.4668948810595126,0.46738239008061616,0.4686080941974481,0.4686822713171699,0.46835208386604865,0.46851060707171543,0.4677460209387737,0.46939950682991144,0.46988425012270807,0.4693479184095283,0.46923094111483654,0.4675778051107645,0.46744849060703136,0.4669796726283177,0.47140397352337093,0.47016207318782294,0.4687770805921341,0.46817721515575944,0.4681956202841255,0.4690202085345577,0.4672634130069515,0.4683366190962559,0.4678938376167261,0.4679127711259086,0.470096171966368,0.47031075859650695,0.47056944816353796,0.4721867604978755,0.4719852848528544,0.47158773888748773,0.47177543259699434,0.4716122507480476,0.4712525691727323
1991-06-30,0.5166326441026118,0.5175663818788071,0.5178571676518905,0.5142361838554191,0.5155191769919591,0.5143150638253599,0.5127992487706756,0.5129217539218857,0.5142743960779707,0.5160721296976379,0.5176079049238518,0.5185561422283842,0.5171470830315285,0.520398709002421,0.5202144347640927,0.5202755448894171,0.5223188315312013,0.5213695597439241,0.5219261852096503,0.5221480253283457,0.5236862663714413,0.522308302258496,0.5211135664461173,0.5211986347897036,0.5214121137635155,0.521822863868281,0.5205467803150544,0.519530368194068,0.5183130618375683,0.517644990007969,0.5171096677168262,0.5194045025667611,0.5157955159044769,0.5185727603584118,0.520280995061232,0.5226302259664275,0.5207217962889048,0.5216603925528767,0.5198015605944475,0.5206138492618743,0.5194449632381694,0.5195114923019701,0.5200009816496479,0.5185774764083689,0.5197030426862568,0.5194917145929329,0.5174887245939009,0.5187211783961903,0.5178892674773196,0.5185266327060081,0.5187704077203334,0.519478135217381,0.5203009917788403,0.5205082679734978,0.521056517844663,0.5208224910840313,0.5217391138745453,0.5221330018669317,0.5220539852195976,0.5211018689547275,0.5209130215095408,0.5209108401330858,0.5214368969523013,0.5223926026327058,0.5226712319376995,0.5227979970983571,0.5232836789785089,0.5245053502119627,0.5245797746250576,0.524249479904277,0.5244070798117426,0.5236441481002915,0.5252940376253472,0.5257773930748386,0.5252413789176548,0.525124671262359,0.5234674963179694,0.5233375636920167,0.5228692424838817,0.5272811977349904,0.5260392710737282,0.5246536805223869,0.5240538378395507,0.5240713574867824,0.5248980850666801,0.5231439280481736,0.5242153193744029,0.523771842901298,0.523792684740755,0.5259733662385503,0.5261876724757902,0.5264450594684731,0.5280603119400308,0.5278586815068464,0.527460823718027,0.5276477118593776,0.5274868712050343,0.5271272556596873
1991-09-30,0.5045282859920613,0.505519322739258,0.5058417491284732,0.5021665694320758,0.5034714377705606,0.5022330664985584,0.5007085350471706,0.5008438043129061,0.502258476123756,0.5040434177885338,0.5055511341421037,0.506505312295959,0.5051480586414318,0.5083855067898714,0.5081625251903374,0.5082479741824497,0.5103141517107403,0.5093550868558107,0.5099071027930737,0.5101419234816041,0.511652005222469,0.5103131540312221,0.5091431273220486,0.5092279031428546,0.5094169158144041,0.5098523604506557,0.5085844513820436,0.5075453655428636,0.5063110551263119,0.5056435958526848,0.5051080100251599,0.5074982559017673,0.5039567885831392,0.5067113369953831,0.5084440937797362,0.5107875073114824,0.5089086330079895,0.5098320769875755,0.5079614953180088,0.5087735902276571,0.5076088089401893,0.5076882379053139,0.5081696253313821,0.5067496852630562,0.5078518213066832,0.5076431816781654,0.5056489847306574,0.5068712562456577,0.506045699758817,0.5066823236595288,0.5069249733823373,0.5076248514466233,0.5084456754512274,0.508654340754369,0.5091972693449967,0.5089585813623759,0.50986864212171,0.5102594020343675,0.5101774676054808,0.5092274875787107,0.5090371227856556,0.5090398304765822,0.5095649796577397,0.5105199814771385,0.5107984455268612,0.5109260789985054,0.5114103883297872,0.5126281650622376,0.5127029890709203,0.512373036608009,0.5125299956677689,0.5117683653036247,0.5134147702254064,0.5138969290269594,0.5133614991147948,0.5132451526308537,0.5115843869506019,0.5114530709640092,0.5109863388106767,0.5153900080489928,0.5141481387211551,0.5127611706435493,0.5121628870756572,0.5121799934482948,0.5130083092008094,0.5112567230737007,0.5123269813975431,0.5118839055146422,0.5119047045285625,0.514083587530054,0.5142982995202438,0.5145547862038632,0.5161690669700706,0.5159679888127369,0.5155699769121622,0.5157571972310617,0.5155972923441943,0.5152380728039316
1991-12-31,0.4699384062647577,0.47098547595425394,0.4713329730522291,0.46759947131871793,0.4689280681371499,0.46765217379638746,0.46611493378268964,0.4662616407854799,0.46773803025921873,0.46951210310226205,0.470994144211204,0.4719549426119827,0.4706513721168579,0.47387469643683017,0.47361110975394893,0.47372061406185817,0.47581308876655737,0.4748413612217631,0.47538748619096616,0.4756363246631211,0.47711709103279054,0.47581842179509454,0.4746722636523437,0.47475445519449966,0.47491759797986777,0.4753794370485478,0.4741191008870221,0.4730558455288489,0.4718023641290341,0.471135016038558,0.4706012025668278,0.4730937299289665,0.4696265098047704,0.4723605683595433,0.4741189962282682,0.47646045466507214,0.47461284732095266,0.47551945133741935,0.47363744877603464,0.4744499721472115,0.4732884900191724,0.47338232474259795,0.47385428363950066,0.47243855262433376,0.4735163090258975,0.47331085013337243,0.4713256456310862,0.47253669097622414,0.47171921925182286,0.4723557715381537,0.4725987402636625,0.47329210762044016,0.47410972865610446,0.4743204535711809,0.474858742576702,0.4746138294906256,0.47551790124166643,0.4759062815556155,0.47582044600192486,0.47487244899180053,0.474680053259939,0.4746884391728483,0.475212856801593,0.4761677656939277,0.47644583807709195,0.4765738054935359,0.47705717740154735,0.4782711811028771,0.47834655312271174,0.4780173771104422,0.47817396605711365,0.477413299343045,0.47905631827597606,0.47953746051366963,0.47900287336824177,0.4788869784906165,0.4772230401484149,0.477089596459787,0.476625513393709,0.4810247935286498,0.4797830599626165,0.4783939539513478,0.47779871801317086,0.4778158654032265,0.47864524189695845,0.4768961663521009,0.47796594646684903,0.4775243290214577,0.47754320075369033,0.4797211705670337,0.47993695272868764,0.48019292511710077,0.4818072839348565,0.48160744194130983,0.4812094268421495,0.48139807908038,0.4812377562084839,0.48087925225437633
1992-03-31,0.5373771416994497,0.5384809962525315,0.5388522390268489,0.5350588549065236,0.536410218883587,0.5350951448191308,0.5335436377971201,0.5337014479011144,0.5352446853643013,0.5370091294752066,0.5384655562073414,0.5394332273772016,0.5381854985666569,0.5413944980896815,0.5410895597065344,0.5412254031844694,0.5433438489106241,0.5423606469280973,0.5429018387723152,0.5431643878981007,0.5446152399756501,0.5433587734407946,0.5422391136334439,0.5423207314668366,0.5424571354615768,0.5429462204523867,0.5416945304706198,0.540606240614089,0.5393335404060646,0.5386668627413816,0.5381324279607362,0.5407295561859349,0.5373367358465793,0.5400463896177037,0.5418325341235364,0.5441680113742868,0.5423531212276045,0.5432431801803093,0.5413481377215484,0.5421605775313517,0.5410034745035892,0.5411117496943197,0.541574868536368,0.540163136593546,0.5412150139645483,0.5410125650667974,0.5390369852246373,0.5402368269840467,0.5394265313966023,0.5400623204570503,0.5403041802096622,0.5409890153415362,0.5418044146607139,0.5420167651864365,0.542549248855257,0.5422991364611676,0.5431959922308512,0.5435808938920681,0.5434918285668908,0.5425461485680769,0.5423520631375738,0.542365890612821,0.5428893647547763,0.5438435516146841,0.544121464091071,0.544250426031002,0.5447322875770282,0.5459420211266813,0.5460178380712778,0.5456890297415282,0.5458449166665028,0.5450856562456257,0.5467248667561808,0.5472047202682364,0.5466707759180123,0.5465552660365343,0.5448874521859541,0.5447524829366109,0.5442901382871368,0.5486805111124963,0.5474387960263365,0.5460480781840416,0.5454545664049468,0.5454712365862081,0.5463022688427034,0.5445559345947655,0.5456244262932957,0.5451832237620403,0.5452020211298974,0.5473780461939518,0.5475942752784343,0.5478493120992943,0.5494626300079097,0.5492633725399987,0.5488651922452401,0.5490541723806652,0.5488948920518986,0.5485368062328158
1992-06-30,0.5285325095550395,0.5296923285956079,0.5300821612913172,0.5262258362915481,0.5276002978735581,0.5262432941712081,0.5246741694209839,0.5248419315747062,0.526454441591794,0.5282112945398812,0.5296438321569765,0.5306189011548013,0.5294290696429755,0.5326237565085434,0.5322761515244975,0.5324393539193302,0.5345854784211129,0.5335898246734224,0.5341259101600975,0.5344025146143393,0.5358226017232512,0.5346099242434272,0.5335176454216695,0.5335985064236808,0.5337069877809776,0.5342246772064161,0.5329818520150025,0.5318672646232226,0.5305741101889945,0.5299081242874818,0.5293728671101853,0.5320795635982295,0.5287648590203382,0.5314492657329782,0.5332648725253089,0.5355943429225865,0.5338138701711868,0.5346866307312848,0.5327778589457736,0.533590287707518,0.5324376986587278,0.5325612532087609,0.5330151282287213,0.5316076348395786,0.5326323206118377,0.5324330562918008,0.5304675411680071,0.5316556245772239,0.5308529660141428,0.5314879872182804,0.5317287655596529,0.5324047213122434,0.5332177869636059,0.5334319011240645,0.5339583307911153,0.5337027167035651,0.5345920118522975,0.5349732542323398,0.534880784878748,0.5339375162389864,0.5337416454728445,0.5337612185672833,0.5342837344377899,0.5352371968304297,0.5355149515481237,0.5356449718193732,0.5361252529864237,0.5373305191596227,0.53740680772705,0.5370783848748096,0.5372335392775291,0.5364757378622698,0.5381109673108275,0.5385894887051265,0.5380562214612559,0.5379411071697879,0.5362692663520593,0.5361326887186784,0.5356721707686287,0.5400533429770982,0.5388116269896018,0.5374191647210735,0.5368274763891601,0.5368436394329642,0.5376763638713951,0.535932862804698,0.5369999901034839,0.5365592198978716,0.5365779119860268,0.5387519249264254,0.5389686280613694,0.5392227141701557,0.5408349638859118,0.5406363143146402,0.5402379647801498,0.5404272789911745,0.5402690878299321,0.5399114333837531
1992-09-30,0.47519825358700796,0.4764127603486691,0.47681509194409377,0.4728926273979217,0.4742903950282486,0.47288850503861984,0.4712979767306853,0.4714742828346588,0.4731584986691495,0.47491014977545476,0.4763209092289987,0.47730394468756937,0.47617407703504067,0.4793545305991944,0.4789629666589643,0.4791545625736053,0.48133017786026916,0.48032100306886083,0.48085180801943894,0.48114278576909014,0.48253128983036037,0.48136401208898083,0.4802999899613942,0.480379896418654,0.4804592497241068,0.48100695016514033,0.47977319784922307,0.4786309970391097,0.47731606551184425,0.47665078772083463,0.4761144735436263,0.4789359659499648,0.4757032601191409,0.47836157488208836,0.4802084977512427,0.4825319516766093,0.4807876757632231,0.4816423494639338,0.47971912154989216,0.48053161957750745,0.4793836861259726,0.4795233982648508,0.4799676054091788,0.47856460023899705,0.47956072057851257,0.4793648218279313,0.47740982912908636,0.47858557350897835,0.4777910370283328,0.47842528550628505,0.4786650132881608,0.47933172721899675,0.48014234257362354,0.48035836781347196,0.480878483925953,0.4806170512888699,0.48149842336039744,0.48187581633952137,0.4817797612319439,0.48083900253601974,0.48064124689728205,0.48066688530628576,0.48118842878267837,0.4821411647454323,0.4824187648935401,0.4825499114977974,0.4830285383581763,0.4842291313396464,0.48430592009596884,0.4839779012191056,0.4841322907507017,0.4833760037344057,0.48500707054112546,0.48548421637360445,0.4849516624373392,0.48483695322643716,0.4831609239582287,0.4830226513622417,0.4825640514952356,0.486935714082477,0.48569397708119894,0.48429963132646525,0.48370986835913354,0.48372549261774933,0.48455995086735365,0.4828193803004296,0.4838850636841328,0.48344474345572896,0.48346330078646077,0.48563523183074,0.4858524365995365,0.4861055558512011,0.4877167081630742,0.48751869055424046,0.4871201676525745,0.48730982092014596,0.48715276984452327,0.4867955596468986
1992-12-31,0.46079516558594286,0.4620625577015922,0.4624702423932079,0.45847829226611514,0.4598994298213632,0.4584494723103377,0.4568332697233977,0.45701642000889126,0.4587747686403051,0.460524001199971,0.4619155289450928,0.4629071472719881,0.4618393116236793,0.46500568805414433,0.46456890488731745,0.46478993892536435,0.46699696957841513,0.4659731007484116,0.46649844911862903,0.4668040861183238,0.4681602305275876,0.467039982687161,0.46600507811604414,0.4660838143089201,0.4661328157384749,0.46671198187906493,0.4654874962710811,0.4643163117178529,0.4629781846424621,0.4623136244558582,0.46177598381622587,0.46471777845053064,0.46157113135970634,0.4642025145280046,0.4660827218891163,0.4684001726595601,0.4666939553926246,0.46752971558445583,0.4655912666762013,0.46640392315773826,0.4652607934261309,0.4654175825275455,0.4658516748843157,0.46445341817304403,0.46541953596485247,0.46522719056909045,0.46328319598310397,0.4644459932651263,0.4636600904756006,0.4642935618264934,0.4645322749301246,0.4651893705612648,0.46599741298104846,0.4662155071956454,0.4667290398620342,0.4664614552934677,0.46733452421177046,0.46770786873275555,0.46760803741455054,0.4666698914162767,0.46647014680606314,0.46650218712141517,0.46702274499066876,0.46797475371235286,0.4682522033190167,0.46838454800330137,0.46886144307708855,0.4700571483498696,0.47013446793271496,0.46980687272314536,0.4699604634340844,0.46920574860980896,0.4708324620696148,0.4713081890424783,0.47077638686506634,0.4706620911781626,0.46898170225632824,0.4688416434979285,0.46838505739677283,0.47274688935769027,0.47150511057769084,0.4701087347998985,0.46952100343648434,0.46953605595779,0.47037229432625105,0.46863475713622227,0.4696989140849078,0.4692590628749268,0.46927745540076693,0.47144723317838966,0.4716649683339772,0.4719171039938892,0.47352712875386777,0.473329768614472,0.47293106831765874,0.4731210655237994,0.4729652084380978,0.47260845534053664
1993-03-31,0.42871356271763544,0.43003143499772895,0.4304361414083836,0.4263712055648801,0.4278156051977553,0.42631415556352525,0.424667469108144,0.42485543398336867,0.4266903208102891,0.4284403584165016,0.4298156907086452,0.4308165605091777,0.4298128158290927,0.4329653586852399,0.4324821394044781,0.43273366146116554,0.43497415220641034,0.43393430109135145,0.43445401475580603,0.4347745584746022,0.4360976183703825,0.4350260447097768,0.43402109592986887,0.4340984259139828,0.4341158372301144,0.434727971280518,0.4335129283452651,0.4323113339811317,0.43094848920700013,0.43028464752345624,0.42974537306824845,0.4328132730629355,0.4297569297899243,0.4323605537707409,0.43427613586098807,0.4365876246196364,0.434921413194518,0.43573739246551774,0.4337829183010672,0.43459583206471636,0.4334576610904357,0.4336324889552995,0.43405599461083344,0.4326627572171681,0.4335973698993866,0.43340877258661686,0.4314762702153841,0.432625483803206,0.43184875445681636,0.43248144505579367,0.4327191852908654,0.43336627237391034,0.4341716125193643,0.43439194476935766,0.4348986137594951,0.4346245260398852,0.4354888937661034,0.43585798183804514,0.43575417432984165,0.43481874802657483,0.4346169053645076,0.4346557020484446,0.4351752621439048,0.4361265442829601,0.4364038481506657,0.4365374663141133,0.43701254862972705,0.4382031426716171,0.43828102592039725,0.43795387550716197,0.43810663191726906,0.4373535494277934,0.43897570936145164,0.43944997438434197,0.4389189648956052,0.4388050901414867,0.4371201606137758,0.43697821939826376,0.4365237476679763,0.4408754172006719,0.4396335752429594,0.43823501478213134,0.4376494264585172,0.43766387311070165,0.43850194237422246,0.43676754721186306,0.4378300922873448,0.4373907310592311,0.4374089272487014,0.439576479018255,0.43979477482035645,0.44004590973918045,0.44165477620905547,0.4414581008417619,0.4410592193125646,0.44124956568870477,0.4410949590074259,0.4407386759956011
1993-06-30,0.42352555880825293,0.42489081650545657,0.42528288337080333,0.42114130085566504,0.4226086509742685,0.4210520211621389,0.41936944334011517,0.41955982113004914,0.4214736134091761,0.42322817093133214,0.424590893488302,0.42560174029677345,0.42466412399467013,0.427803175944088,0.42727236010945796,0.4275554204021287,0.4298315434734312,0.42877429462416805,0.42928819357302506,0.42962384544609694,0.43091315943239455,0.4298919122589746,0.4289177266578804,0.42899339266100234,0.4289779660500972,0.42962461663337376,0.42841917070010227,0.42718568363432197,0.42579648689161065,0.42513335423199095,0.4245920965463844,0.42779222052417304,0.42483061826766755,0.42740567416796743,0.4293588508887418,0.43166445058843905,0.4300402805420813,0.4308355683258889,0.428864223525373,0.4296775036527093,0.428544454201802,0.4287383260049571,0.42915074605928505,0.42776280926172117,0.42866434658289443,0.4284796990218097,0.42655920185254526,0.42769416568022267,0.42692717882916076,0.42755908591459446,0.427795901461573,0.42843257570360466,0.4292350771949152,0.4294578282539707,0.42995734269620844,0.42967638185260604,0.43053163174088205,0.43089624613861177,0.4307882523949838,0.4298556571794547,0.42965160211148856,0.4296975283259409,0.4302160796054777,0.43116663741314637,0.43144380113064146,0.4315787719277621,0.4320519569189223,0.4332372067881088,0.43331568883457505,0.432989005891197,0.4331408909623786,0.4323895033774442,0.43400689968712364,0.4344796598614153,0.433949486628576,0.4338360391712348,0.4321463781218846,0.43200245279828303,0.4315502012770433,0.43589136561557185,0.4346494384311023,0.4332485300507898,0.4326652018318864,0.4326790072674447,0.43351896263197487,0.4317878241890576,0.432848668874696,0.43240982071004264,0.4324277872274794,0.43459303878595257,0.43481192713368255,0.4350620437941397,0.4366697206375181,0.43647375928134774,0.4360746929148524,0.4362653941335526,0.436112096761997,0.4357562970166363
1993-09-30,0.44201921925024235,0.44342798018696394,0.4437962563204632,0.43957419828707905,0.44106394615384625,0.4394481629601563,0.4377236234484924,0.4379135934487338,0.4399086017048418,0.4416719414739221,0.4430262553346115,0.44404786672151614,0.44317838045381597,0.4463043962758927,0.4457248947986824,0.4460405383238495,0.4483546010008562,0.4472783989080069,0.44778630165413835,0.4481372084896728,0.449392191914322,0.4484229245624162,0.44748026958743636,0.4475539906140989,0.44750447440267715,0.4481872349344134,0.4469915145730467,0.4457245941916469,0.4443072900848875,0.4436448446457867,0.44310120730969693,0.44644000910150683,0.44357778377839924,0.4461234885593232,0.44811661792887314,0.4504164371840723,0.4488364352983578,0.44961007547206977,0.4476209716020525,0.4484347379969976,0.4473069816172145,0.44752094664018177,0.4479217531867488,0.44653940830749395,0.4474062300645366,0.4472257407666712,0.4453177811364279,0.44643779882886325,0.44568115378878326,0.44631227545658614,0.4465482211203773,0.4471740636852781,0.44797358291743083,0.44819894575644137,0.448691003704187,0.448402780247679,0.44924847626791553,0.44960839009937115,0.4494959895579874,0.4485663414013573,0.44835995405441886,0.4484134024422577,0.44893093504443704,0.4498807724091587,0.45015780239758924,0.45029420892671335,0.4507654082600676,0.4519450711272026,0.45202418946974304,0.45169799826430557,0.4518489733322746,0.45109934578014943,0.4527117579576796,0.45318297052563217,0.45265367988535476,0.45254066502631557,0.45084607128089144,0.45070005466694185,0.4502501346091127,0.4545804392694527,0.45333840412660736,0.45193497563242535,0.4513540304655909,0.4513671580150025,0.4522090591425988,0.45048129844430385,0.45154035087408123,0.4511020410278984,0.4511197426580038,0.4532826181102583,0.45350213259044947,0.4537512131015324,0.4553576682230511,0.4551624521048855,0.45476319754962025,0.45495425966511965,0.45480233317418783,0.4544470300922889
1993-12-31,0.5086426043100758,0.5100900880935599,0.5104217544856733,0.5061152164866255,0.5076265246287991,0.5059473061554514,0.504174000275741,0.504360270537791,0.5064387273960236,0.5082157211466095,0.5095665154944381,0.5105997465943679,0.5098003400091886,0.5129139010337008,0.5122847130677856,0.5126339732820111,0.5149884258061007,0.5138915608268958,0.5143932849268056,0.514759529226078,0.5159796891588857,0.5150640479172303,0.5141536408214501,0.5142251112586038,0.514140256583936,0.5148607631256246,0.5136748665371554,0.5123729137758318,0.5109256160243779,0.5102638214905345,0.5097173555204505,0.5132016452756654,0.5104436379641362,0.5129592424945915,0.5149948297164832,0.5172890169359081,0.51575540408573,0.5165063924518262,0.5144985959617503,0.5153129799305095,0.5141906981682085,0.5144258503666271,0.5148144843294288,0.513438032204246,0.5142684259979666,0.5140923101485355,0.5121974401746368,0.5133017842683278,0.5125561115049418,0.5131864466735839,0.5134215840823185,0.5140361610267037,0.5148325470401167,0.5150607272989931,0.5155450152537384,0.515249119448577,0.5160848053618075,0.5164397815905928,0.5163227427351206,0.5153961623774039,0.5151873171200719,0.5152487005864668,0.5157652058831872,0.5167143283548429,0.5169912319269384,0.5171291614477266,0.5175982828289336,0.5187721054847091,0.5188519000579407,0.5185262264850505,0.5186762511785159,0.5179284514950079,0.5195356481075353,0.5200052703868214,0.5194769115719639,0.5193643335331587,0.5176645953354397,0.5175163745658395,0.5170689027895209,0.521387980623178,0.5201458140674923,0.5187396839366586,0.5181612508584262,0.5181736623988359,0.5190175734447581,0.5172933181529701,0.5183504827978334,0.5179127387115171,0.51793013835266,0.52009055983026,0.5203107357420818,0.5205587618188364,0.5221639621519902,0.5219695245113798,0.5215700786845856,0.5217615080254119,0.5216110168885829,0.5212562240941179
1994-03-31,0.5554918444785362,0.5569722467680246,0.5572526185713464,0.552857411937848,0.5543891072906828,0.5526418373438369,0.5508121471868982,0.5509908964183345,0.553154932411951,0.5549511295490528,0.556304062264005,0.5573498417540045,0.5566223939306401,0.5597242240642065,0.5590444560862833,0.5594283476660497,0.5618257916397165,0.5607063844966167,0.5612017471480489,0.5615833362510187,0.5627682883385996,0.56190790316091,0.56103039937796,0.5610992875072475,0.5609778560443889,0.561737784579908,0.5605617744093041,0.5592231312142222,0.5577438120195553,0.557082615082344,0.5565328127973657,0.5601697797166365,0.5575210430493138,0.5600058413044587,0.5620865484812467,0.5643752964930454,0.5628903904230108,0.563617672020663,0.5615902020879313,0.5624053469554808,0.5612887327115242,0.561546211123471,0.5619220798930936,0.5605518301852839,0.5613440092200478,0.5611724884428313,0.5592912804016514,0.5603791916135015,0.559645153598754,0.5602747019732083,0.5605090997810038,0.5611119614974505,0.5619050558619145,0.5621362723307861,0.562612464761161,0.5623084658719162,0.563133664398174,0.5634834553610969,0.5633615352622152,0.5624381483985377,0.5622267135892478,0.5622964661039321,0.5628119367578566,0.5637603515783253,0.5640371370013341,0.5641766811560301,0.5646436281361814,0.5658113464877678,0.5658918597323295,0.5655667313441592,0.565715763504407,0.5649698623825453,0.5665716005472294,0.5670395898594671,0.5665122151300246,0.566400077041396,0.5646949717263585,0.5645444280961768,0.564099527136507,0.568406997368376,0.5671646751781679,0.565755652172767,0.5651798665282354,0.5651915223472719,0.5660375119821404,0.5643168967026686,0.5653720740442194,0.5649349253599927,0.5649519840071118,0.5671098713759644,0.5673307457590151,0.5675776987050969,0.5691816099939031,0.5689879861089768,0.5685883462124957,0.5687801492722708,0.5686311611055512,0.5682768924628716
1994-06-30,0.5852446648628589,0.5867510142832758,0.5869633202059772,0.5824750621981609,0.5840255766214351,0.5822052768552515,0.5803106842963539,0.5804774972009492,0.5827291131336545,0.5845508159266047,0.5859124026658753,0.5869717392129207,0.5863180375203145,0.5894090210234262,0.5886779083445579,0.5890974189049366,0.591540616230645,0.5903966009115874,0.5908854196215901,0.5912822735610666,0.592431760963046,0.5916282348143033,0.5907842147817961,0.5908501611601461,0.5906909340272345,0.5914919970922621,0.5903258945883108,0.5889488435920782,0.5874353220333521,0.5867746495729695,0.5862209378613665,0.5900181747326255,0.5874839792512305,0.5899373188348346,0.5920659753704776,0.5943495266538308,0.5929157446598006,0.5936182108758259,0.5915700371711202,0.5923860989450576,0.5912753579708611,0.5915563469493841,0.5919188217826082,0.590555092125703,0.5913071930757892,0.5911404951278901,0.5892735417686716,0.5903442283162456,0.589622520364395,0.5902512824095512,0.5904850165245361,0.5910756972217683,0.5918653339198553,0.5920998190367528,0.5925675779094987,0.5922550234065529,0.5930692354024706,0.5934135823382591,0.5932865261586482,0.5923664636158621,0.5921523013312142,0.592230878758691,0.5927453087887549,0.5936930249392147,0.5939697014982381,0.5941109565266869,0.5945756283180742,0.5957369668800265,0.5958182438141266,0.5954936898567188,0.5956416854627781,0.5948977565963788,0.5964937814493447,0.5969600950452832,0.5964337598269808,0.5963220637211137,0.5946113573937788,0.5944583661865371,0.5940161644703363,0.5983116317887708,0.5970691289277293,0.595657011681234,0.595084015378996,0.5950948740412774,0.5959430154468177,0.5942261820370912,0.5952792682397514,0.5948427468330564,0.5948594235193467,0.5970146940907515,0.5972363057671344,0.5974821664669241,0.5990847530585932,0.5988919802835091,0.5984921438226747,0.5986843271667277,0.5985369129487017,0.5981831825838999
1994-09-30,0.6066349895316839,0.6081589843378189,0.6082841206349969,0.603698222953325,0.6052655234428649,0.6033668230424142,0.6013978138196022,0.6015476091241526,0.6038886445476623,0.6057429908972631,0.6071207035658748,0.6081946927515731,0.607616408818959,0.6106976100093469,0.6099145409967893,0.6103706216552681,0.6128625040471615,0.6116916089504938,0.6121737022834676,0.6125856402097204,0.6136995548473283,0.6129544515290636,0.6121444057859435,0.6122070214822987,0.6120088094629306,0.6128527520431402,0.6116965304936146,0.610279294941834,0.6087292243065019,0.6080689801982407,0.6075107131285151,0.6114762428314422,0.6090620832678458,0.6114833774143983,0.6136629911579546,0.6159416437527653,0.6145615052388294,0.6152379906994223,0.613168031072266,0.6139851791580494,0.6128805317059475,0.6131862609466139,0.6135346741038536,0.6121777890498301,0.6128878700146116,0.6127262284018107,0.6108741431834731,0.6119267801681992,0.6112181312446671,0.6118461081705436,0.6120792620118894,0.6126572792418816,0.6134432845513741,0.6136812849164532,0.6141402592443809,0.6138186739639763,0.614621377617128,0.6149600102117487,0.6148275506708614,0.6139109485717167,0.6136939143125903,0.6137817952707756,0.6142951801267207,0.6152422083947325,0.6155187864558774,0.6156618534013895,0.6161241447057486,0.6172788160874886,0.6173609043801701,0.6170369558360416,0.6171838689370794,0.6164419891559825,0.6180320333179057,0.618496628299082,0.6179713913302557,0.6178601381455384,0.6161435853689189,0.6159880156669868,0.6155486477124419,0.6198317014292972,0.6185889919958607,0.6171735685702568,0.616603510378851,0.6166135285968951,0.6174638994301939,0.6157509973054864,0.6168018838894834,0.6163660239231376,0.6163822756120206,0.6185348438602056,0.6187572334933834,0.6190019824156505,0.6206032070684453,0.620411324884762,0.6200112896907806,0.6202038598829784,0.6200580941488704,0.6197049164806878
1994-12-31,0.6146448589739896,0.6161766799336856,0.6161929357527094,0.6115045908613714,0.6130860973964503,0.6111032000790657,0.6090491580235018,0.6091761083410441,0.6116082056627182,0.6135032601386265,0.614905635689791,0.6159954674077622,0.6154941298636614,0.6185668149369249,0.6177313582618551,0.6182249129309414,0.620768592023228,0.6195683191886271,0.6200435076124089,0.6204702326322222,0.6215486390075524,0.6208634692913538,0.6200877816660479,0.6201466463531753,0.6199083015910185,0.620796896193257,0.6196504735613306,0.6181912175313568,0.61660207148479,0.615942132988524,0.6153785836914063,0.6195208878380116,0.6172324892630019,0.6196212304749831,0.6218549996647127,0.624129113816766,0.6228052426934771,0.623454521921589,0.6213616400012392,0.6221800579700613,0.621081740618745,0.6214134849454167,0.6217471265429609,0.6203974162878193,0.6210634548594445,0.6209071083600171,0.6190705255985981,0.620104254467865,0.6194094279554176,0.620036621713048,0.6202692864932495,0.6208341407272618,0.6216163331080463,0.6218581100112741,0.6223079354188831,0.6219768206807536,0.6227674707238177,0.6231001066734871,0.6229619634720545,0.6220489633850775,0.6218289057603882,0.6219265925052633,0.6224389291511796,0.6233852822175423,0.6236617732914889,0.6238067581975237,0.6242665590475304,0.6254142634381701,0.6254972134835424,0.6251739031194239,0.6253196857745713,0.624579935171184,0.626163718210854,0.6266265514462803,0.6261024749324688,0.6259916645260429,0.6242690080187954,0.6241107224971985,0.6236743291372839,0.6279445424149032,0.6267015995877083,0.6252826470018706,0.624715682886675,0.6247248153954936,0.6255774977191546,0.6238686841558863,0.6249172576697245,0.6244820956683252,0.6244978770964661,0.6266476543808429,0.6268708645508589,0.6271144817639828,0.6287143054690416,0.6285233555500006,0.6281231198054977,0.6283160833541983,0.6281720443648156,0.6278194341451808
1995-03-31,0.6035817760672717,0.605109871212247,0.6049926215009441,0.6001967860184994,0.6017892745206226,0.5997159226151607,0.5975650130205867,0.5976624555821688,0.600187019252499,0.6021318731541827,0.6035686337508497,0.6046756000554967,0.60425256364804,0.6073182248231332,0.6064301600895419,0.6069620333744528,0.6095608114466382,0.60832841370423,0.6087965205577931,0.6092376028147868,0.6102807646886028,0.6096569705697384,0.6089158992602787,0.6089705591647264,0.6086909885024882,0.6096260292920177,0.6084892599740452,0.606986088933195,0.6053551464238002,0.6046953601123546,0.6041257118492611,0.608453761739982,0.6062970855078152,0.6086528609946973,0.6109441870673737,0.6132141926657794,0.6119493195508174,0.6125701033743243,0.6104531060793419,0.6112729924890086,0.6101812601684327,0.6105403390350155,0.6108584535883148,0.6095162524430315,0.6101361439129491,0.6099853359959325,0.6081649109091585,0.6091788390160817,0.6084986334188603,0.6091250467045345,0.6093573217304113,0.6099084959836304,0.6106866859768614,0.6109325159347521,0.6113728142408846,0.611031646929034,0.6118096738759444,0.6121360184676824,0.6119918976732786,0.6110826467466481,0.6108594071352722,0.6109674264678794,0.6114787134744183,0.6124244060187987,0.6127008228258036,0.6128478369243404,0.6133050325384686,0.6144454571894358,0.6145293221808257,0.6142066845985583,0.6143512868239306,0.613613748871252,0.6151909767683137,0.6156520048042426,0.6151291545794535,0.6150187857512445,0.613289756094868,0.6131286108008213,0.6126953394274182,0.6169522685627287,0.6157090645411751,0.6142863482723057,0.6137226417694093,0.613730841203237,0.6145859213794022,0.6128813618140483,0.6139275035038854,0.6134930784451023,0.6135083419202766,0.6156552362089943,0.6158793115025778,0.6161217767007074,0.6177201585148058,0.6175301848003285,0.6171297470674516,0.61732311038764,0.6171808802763343,0.616828852640134
1995-06-30,0.5769705760911181,0.5784814119227957,0.5782027734214127,0.573294147566216,0.5748936348708513,0.5727230702110443,0.570462111208468,0.5705224483538663,0.5731405985021025,0.5751454797584464,0.5766276654312403,0.5777531687936048,0.5774095794546368,0.5804699616695994,0.57952931382432,0.5801002773926252,0.582757658730303,0.5814901145877855,0.5819509671989596,0.5824058250041085,0.5834142352530929,0.5828531721161747,0.5821468284433818,0.5821967941578077,0.5818749743109878,0.5828582701963522,0.5817309358134639,0.5801818975696843,0.5785062263561003,0.5778464035335006,0.5772697398585709,0.5817930299501058,0.5797742793577219,0.5820967884605488,0.5844492897962944,0.586715694665856,0.5855126588433903,0.5861035905378407,0.5839612254873665,0.584782794756513,0.5836979229991472,0.58408569966024,0.5843874822920948,0.5830531268634502,0.5836246825974981,0.5834796607198849,0.5816760693537479,0.5826692696356097,0.5820045191992295,0.5826301554645765,0.5828621484497829,0.5833991079544113,0.5841730981025893,0.5844232733990157,0.5848536522159906,0.5845018838288394,0.5852666932355632,0.5855864389452883,0.5854360323404362,0.5845306834178854,0.5843040956093493,0.5844229998009505,0.5849332374458299,0.5858782862701106,0.5861546428075513,0.5863038027000249,0.5867582733509757,0.5878910920570748,0.5879759280599225,0.5876539997483313,0.5877973694710195,0.5870621311322752,0.5886324957406155,0.5890916747012308,0.5885701203947145,0.5884601909240001,0.5867245062794998,0.5865603504002079,0.5861303552255968,0.590373538980908,0.5891300449197864,0.5877033183799524,0.5871430410032179,0.5871502577727202,0.5880078263186264,0.5863076946405132,0.5873512801136889,0.5869176335327784,0.5869323286906734,0.5890762442818012,0.5893012313957571,0.5895425239352572,0.5911394208212779,0.5909504696012855,0.5905498288516859,0.5907435982401384,0.5906032631411158,0.5902518336647784
1995-09-30,0.5768554595316857,0.5783332318873291,0.5778616768548629,0.5728346785693137,0.5744362856016334,0.5721612069436319,0.5697755276036806,0.5697901157493734,0.5725026355373547,0.5745790293278401,0.576119144380784,0.5772647062755207,0.5770014616315768,0.5800585920334628,0.5790656700088185,0.5796764072886159,0.5823961101973504,0.5810900962712723,0.581543527258266,0.5820114060601504,0.5829858200717835,0.582488736537963,0.5818170611297745,0.5818618052920612,0.5814968000680268,0.5825301666026499,0.5814119657298165,0.5798150518341023,0.578091490509504,0.5774314020645859,0.5768466959794376,0.5815752800804967,0.5797009056519938,0.5819899794582197,0.5844075061369158,0.5866709052568293,0.5855326563464793,0.5860923074941322,0.5839232603141307,0.5847467436503955,0.5836690310978637,0.584086911396345,0.5843715036806503,0.5830453307227915,0.5835662767384732,0.5834272915043259,0.5816412305246367,0.5826127413231501,0.5819643165473318,0.5825891800129134,0.5828210073948317,0.5833431993226663,0.5841127841195559,0.5843676133453644,0.5847876656946706,0.5844247213707462,0.5851756931243935,0.5854885192332815,0.5853315036272614,0.5844302153436027,0.5842001051579448,0.5843304728888961,0.5848396632653965,0.5857840874339841,0.5860603990475088,0.5862118268788388,0.5866634477761535,0.5877883203560729,0.587874186378336,0.5875530057639294,0.5876950887829359,0.5869622406126689,0.588525419126372,0.5889827046031637,0.5884625198105251,0.5883530265067313,0.5866103923410745,0.586443067962191,0.5860165102948656,0.5902454692668484,0.5890016552039274,0.5875706591936012,0.587013990871625,0.5870201730400963,0.5878803244421873,0.5861848032780775,0.5872257021582992,0.5867928782624728,0.5868069517856905,0.588947789022658,0.5891737368791997,0.5894138358249353,0.5910092024972509,0.5908213225010901,0.5904204781471314,0.5906146597678712,0.5904763099285474,0.5901254946971823
1995-12-31,0.561580137738884,0.5630064337105749,0.562306354923024,0.5571550868082282,0.5587528752732522,0.5563653919189038,0.5538386756319783,0.5537977012236922,0.5566049770707515,0.558765758126746,0.5603779326722311,0.5615452023763194,0.561362907139236,0.5644191276311357,0.5633745677317752,0.5640256567846023,0.5668116262724986,0.5654634870561597,0.5659093358534224,0.5663892848163345,0.5673307578220577,0.5668987730222569,0.5662615091618743,0.566300464005645,0.5658914438008233,0.5669766937567728,0.5658672304833894,0.5642203781503065,0.5624455165260023,0.5617848871607034,0.561190989152488,0.5661355195859405,0.5644122238839889,0.5666678472605373,0.5691544969120359,0.5714155826424144,0.5703451819227482,0.5708720479672014,0.5686749394853354,0.5695005858685015,0.5684303570649207,0.5688797877791822,0.5691462731872369,0.5678286170808672,0.5682965928648129,0.568163897027706,0.5663960833574351,0.5673449084063107,0.5667137164247084,0.5673378120950875,0.5675695993492527,0.5680764525863213,0.5688414184658133,0.5691012270517013,0.5695105309971492,0.5691358085222911,0.5698722961635645,0.5701778683943103,0.5700139048993715,0.569116841752732,0.5688830266396947,0.5690254639473459,0.5695336110805963,0.5704774320773407,0.5707537155366162,0.5709075391623872,0.5713561803503797,0.5724727521281181,0.5725597101868953,0.5722393176813206,0.5723800576356645,0.5716496938717588,0.5732053482961006,0.5736606952236194,0.5731419576811093,0.5730328964507932,0.5712830052740195,0.5711123471309081,0.5706893956630841,0.5749036316840238,0.5736594664594521,0.5722239285997254,0.571671058140112,0.5716761512974309,0.5725389837802469,0.5708482647681843,0.5718863403402508,0.5714543861299772,0.5714677814313819,0.5736054364097652,0.5738323962828098,0.5740712804641015,0.5756650692366843,0.5754783117267208,0.5750772636533035,0.5752718635312225,0.5751355934104356,0.5747854090934885
1996-03-31,0.5830662097438445,0.5844196096472407,0.583450828763989,0.5781690352899634,0.5797558120953148,0.5772473933719671,0.5745615048464963,0.5744538455418253,0.5773557992337819,0.5796153768646644,0.5813155450153663,0.5825063084400149,0.5824052240257984,0.5854632271526268,0.5843680417688976,0.5850599361735946,0.5879163573148017,0.5865220720624138,0.5869601867201293,0.5874510326543978,0.5883609614503365,0.5879950394412344,0.5873917032841207,0.5874242580659472,0.5869705218986339,0.5881094543528811,0.5870082255586433,0.5853093201793407,0.5834794778757928,0.5828179796406476,0.5822136044843618,0.5873853744787201,0.5858201163343196,0.5880424526322112,0.5906025874692841,0.5928621608778273,0.5918627822026827,0.5923552776758156,0.5901286609990175,0.5909567382204957,0.5898943467264031,0.5903768134139832,0.5906242123264257,0.5893154021380906,0.5897279597465426,0.5896018070349525,0.5878529773158181,0.5887780859237228,0.5881650707235079,0.588788404402036,0.5890202863474281,0.5895112113248272,0.5902713366981316,0.5905364674348994,0.5909345857349674,0.5905474545368954,0.5912687846222673,0.5915667547978496,0.5913954880700847,0.5905028204673901,0.590265109084844,0.5904202503154644,0.5909273602864155,0.5918706021882016,0.5921468757681784,0.5923032289145563,0.5927487551872404,0.5938566564764178,0.5939447716594305,0.5936252097016776,0.5937645480461603,0.5930367666918958,0.5945845433224367,0.5950379058380256,0.5945206975988595,0.5944120635311363,0.5926545946455254,0.5924804298692368,0.5920612609738254,0.5962602565418653,0.5950157077081804,0.5935753418531358,0.5930264674321972,0.5930304145655463,0.593896029810774,0.5922103138601823,0.5932454227024977,0.5928143880972501,0.5928270449686746,0.5949614092318566,0.5951894348836639,0.5954270829600191,0.5970192435957051,0.5968336624634111,0.5964324110598389,0.5966274350809551,0.5964933434339705,0.5961438073695731
1996-06-30,0.627362699868568,0.6286183050681219,0.6273355145713511,0.6219165261271671,0.623483608401664,0.6208450286167595,0.617979822575849,0.6177928915733522,0.6207889031010239,0.6231633800912241,0.6249694765023932,0.6261856647993221,0.6261656524221982,0.6292285208947315,0.6280841532089803,0.6288171607836287,0.6317484727697292,0.6303036192653225,0.6307338585832715,0.6312341769456928,0.6321143465061968,0.6318152675147672,0.6312451148495728,0.6312706131595874,0.630771613523329,0.6319660012801501,0.6308723824990754,0.6291192608303405,0.6272304639084082,0.626567708970295,0.6259514211653294,0.6313624107652334,0.6299624088051967,0.6321518275165824,0.6347900926468604,0.6370490760393365,0.6361240062778241,0.636580459673083,0.6343228171422332,0.635153612902597,0.6340994447662939,0.6346164690339785,0.6348437332771977,0.6335440893461987,0.6338986928366992,0.6337793365799592,0.6320502464341258,0.6329505738940939,0.6323567163453522,0.6329792946471317,0.6332114157356918,0.6336858043222993,0.6344408596733007,0.6347116732131242,0.6350981529950545,0.6346979531311827,0.6354034246426197,0.6356934303711167,0.6355144878158736,0.634626392087537,0.6343845838588249,0.6345530926181315,0.6350591736951946,0.6360018633626388,0.636278146931209,0.6364371693467198,0.6368794401819434,0.6379782857754747,0.638067626295952,0.6377489393873086,0.6378868153766779,0.6371617182715421,0.6387012471850115,0.6391525784699806,0.6386369860814991,0.6385287735544825,0.6367633928177224,0.6365855406774397,0.6361703387125749,0.6403535564500178,0.6391085901714858,0.6376630958020624,0.6371184254786337,0.63712116683921,0.6379896696494133,0.6363091671839272,0.6373411587873804,0.6369110967536764,0.636922950980007,0.6390539112016062,0.6392830590294563,0.6395194495664388,0.6411099291263087,0.6409255809893724,0.6405241271807037,0.6407195810980459,0.6405877710484877,0.640238901336888
1996-09-30,0.6370930938998758,0.6382219620149446,0.6365740884108344,0.631010747545085,0.6325476794342241,0.6297689578894461,0.6267020672181347,0.6264216382301977,0.6295104580010434,0.6320178046476819,0.6339499812929964,0.6351936788677499,0.6352541352319625,0.6383253854042779,0.6371337708571329,0.6379080300384828,0.6409189409169658,0.6394186558880737,0.6398408919594936,0.6403489746122665,0.641201610166302,0.6409699383141825,0.6404319275102948,0.6404496644752622,0.6399050353283283,0.6411566104830786,0.6400698402169971,0.6382602943403863,0.6363082497888353,0.6356437823477991,0.6350139800462143,0.6406769058608736,0.6394496411984008,0.641606748876607,0.6443280919977264,0.6465875427678514,0.6457401816905995,0.6461588299538386,0.6438685699702485,0.6447023930368053,0.6436568706633159,0.6442100067862752,0.6444160136476456,0.6431258436426008,0.6434198688909619,0.6433075604211288,0.6415989834860478,0.6424734317457764,0.6418997494078016,0.6425215797694326,0.6427540943529749,0.6432113198171707,0.6439610678664239,0.6442379431982004,0.6446123156571735,0.6441983568017828,0.6448872406132956,0.645168905003227,0.6449818959446351,0.6440985543238003,0.643852438973502,0.644035009069822,0.644540071848212,0.6454822391342193,0.6457585542471204,0.6459203918449945,0.6463592613605237,0.6474486500286607,0.6475392872720478,0.6472215220017634,0.6473578726842569,0.6466355655618823,0.6481664601232099,0.6486157122227401,0.6481018269031609,0.6479940297143341,0.6462203893191463,0.6460386609627599,0.6456276185821749,0.6497945007229652,0.648549081662875,0.6470981432635239,0.6465578955160294,0.6465593684811348,0.6474308663818185,0.6457557975607748,0.6467845139328171,0.6463554806126313,0.6463664635504316,0.648493901201679,0.6487242303945387,0.6489593419503669,0.6505480846426568,0.6503650289417772,0.649963374219104,0.6501592636636454,0.6500298427617985,0.6496816583684369
1996-12-31,0.6445415075939893,0.6455099708147255,0.6434394433893847,0.6377240069634493,0.6392182172914972,0.636288552908205,0.6329951535820444,0.6326051634079637,0.6357848122300647,0.638445056947668,0.6405259222319101,0.6417993736503816,0.6419391582085173,0.6450227878358116,0.6437864232411371,0.6446018769352926,0.6476973790234234,0.6461363149551449,0.6465504362155805,0.647064255599223,0.6478920808150614,0.6477281279354007,0.6472208786848185,0.6472300980761775,0.6466396863166788,0.6479501237458776,0.6468692860765939,0.6450010682336911,0.6429811361106497,0.642314423373535,0.6416693206433908,0.6475976897841759,0.6465509077216792,0.648676582507175,0.6514862750980039,0.6537474010248796,0.6529812605498367,0.6533602431559691,0.6510356968745954,0.651872878301212,0.650836464762858,0.6514272955670153,0.6516108412384853,0.650330435619427,0.6505611705825638,0.6504561573850144,0.648768884091329,0.6496163227225771,0.6490638693906965,0.6496849600754997,0.6499180326428162,0.6503574496917703,0.6511016456404555,0.6513849805315378,0.6517467606590126,0.6513183210963026,0.6519898595081298,0.6522627909197279,0.6520673057336761,0.6511889062947122,0.650938263362187,0.6511356197356111,0.6516396772844755,0.652581355261702,0.6528577252655178,0.6530225302549026,0.653457847189719,0.6545373611900283,0.6546293697507841,0.6543125748103042,0.6544473350317794,0.6537279275630126,0.6552497839535858,0.6556969075724219,0.6551848253858246,0.655077436909628,0.6532951751828167,0.6531093733772784,0.652702691844947,0.6568526597542383,0.6556067509486543,0.6541500373680893,0.6536144416543294,0.6536145805843658,0.6544891833571196,0.6528197782710333,0.6538450535239958,0.6534171083617495,0.6534271464808665,0.6555509374813098,0.6557825101866572,0.6560163214103185,0.6576032684386504,0.6574215675327482,0.6570197139818219,0.657216044478232,0.6570891247445518,0.6567416456135162
1997-03-31,0.672668545223729,0.6734373795528588,0.6708792843223262,0.6650032931350403,0.6664396804162176,0.6633473804937842,0.6597999300687092,0.6592822550174284,0.6625499099573372,0.6653853480826397,0.6676402306535141,0.6689458457303996,0.6691631982845511,0.6722637388937804,0.6709857602393736,0.6718421269547461,0.6750275129023375,0.6733997910087948,0.6738057059100723,0.6743228752490449,0.6751291772609987,0.6750329623770188,0.6745547098005089,0.6745546010646913,0.6739185018788887,0.6752894004192267,0.6742134057558711,0.6722842341795295,0.6701913971853722,0.6695218192939216,0.6688594265449712,0.6750675951390446,0.6742093057137454,0.6763047358440776,0.6792083959742587,0.6814725721089231,0.6807912748097125,0.6811286273902846,0.6787680452748149,0.6796089396864079,0.6785821435232697,0.679212275435775,0.6793720678301371,0.6781016946452355,0.678266340137641,0.6781688637203899,0.6765036997794076,0.6773229672889773,0.6767928322415896,0.6774131923390301,0.6776469977154218,0.6780679426219216,0.678806334488115,0.6790965458838747,0.6794452322299305,0.6790015578600685,0.6796549642129085,0.6799187560516584,0.679714365261396,0.6788411018116498,0.6785857001415905,0.678798599771665,0.6793016677891046,0.6802428929976253,0.6805193431417608,0.6806872741457077,0.6811188818703293,0.6821880864737564,0.6822815441803277,0.6819657703638022,0.6820988727838863,0.6813824786026472,0.6828948753756433,0.6833398196463669,0.6828296416744151,0.6827226550507406,0.6809313962751479,0.6807413151482975,0.6803392046557873,0.6844716583860845,0.683225221102423,0.6817623848998713,0.6812316822392166,0.6812304183292126,0.6821082374677381,0.6804447363024336,0.6814663962252878,0.6810396020916683,0.6810486164776384,0.6831686308276869,0.683401512328828,0.6836340020706912,0.6852190914817234,0.6850388107403126,0.6846367610678998,0.6848335380551632,0.6847092360072913,0.6843624831860416
1997-06-30,0.6781388279587242,0.6786622302876544,0.6755433222972583,0.6694974269052429,0.6708578549196411,0.6675902575250758,0.6637582032375818,0.6630924047133089,0.6664442685644171,0.6694796912753986,0.6719369312070104,0.6732772872986716,0.6735697344771152,0.6766923086783887,0.6753765788322477,0.6762733209070275,0.6795542003618127,0.6778533594817687,0.6782510009439142,0.6787687300625345,0.6795574321776044,0.6795286361631483,0.6790771798100157,0.6790668750447917,0.6783854715586226,0.6798183326129726,0.6787458963978986,0.6767534622752257,0.6745822925120771,0.6739091313119309,0.6732272336929263,0.6797304703995364,0.6790689475810302,0.6811356743010459,0.6841392911912095,0.686408078488196,0.6858153552565126,0.6861090027399729,0.6837105509751271,0.6845555379193929,0.6835389184826712,0.684209975645006,0.6843446265235562,0.6830845254620367,0.6831801965216321,0.6830904899702271,0.6814482545336997,0.6822381600632228,0.6817314669642541,0.6823511063822691,0.6825858298830088,0.6829876207112472,0.6837199497720835,0.6840174741437308,0.6843525486190172,0.6838928519850586,0.6845273103684923,0.6847815409282624,0.6845677942616669,0.683699866179721,0.6834394633888579,0.6836686961724223,0.6841707931485276,0.6851116058652433,0.6853881634237866,0.685559385581531,0.6859871221417208,0.6870455651795334,0.6871405531053755,0.6868258532939496,0.6869572284158736,0.6862439651250873,0.6877464627945797,0.6881891750149315,0.6876810075236635,0.6875744158813867,0.6857737701447686,0.6855791949304344,0.6851818749153804,0.6892961928051986,0.6880491863838312,0.6865798631623337,0.6860543067401599,0.6860515678655328,0.6869327159453539,0.6852753691087011,0.6862932307215979,0.6858676540324222,0.6858755598469467,0.687991661240859,0.6882259201452174,0.6884570675812927,0.6900402341121692,0.6898614420035956,0.689459199560887,0.6896564284180704,0.6895348650791582,0.6891888608555576
1997-09-30,0.6758828207763857,0.676107135505424,0.6723446734317011,0.6661184012670093,0.6673810842879075,0.6639244737650349,0.6597739253081392,0.6589369586165787,0.6623681102639318,0.6656310559199856,0.668322326318903,0.6697001664839307,0.6700644153141153,0.6732147993610109,0.6718660071303902,0.6728022958734042,0.6761846126765532,0.6744035538814671,0.6747928847179449,0.675307930998061,0.6760836740439595,0.6761215889308058,0.6756942361580536,0.6756728070671445,0.6749468147786246,0.6764430180602308,0.6753726372432945,0.6733146129645183,0.671059235612869,0.6703816621373616,0.6696777956938421,0.6764923506944165,0.6760361300190418,0.6780760953494667,0.6811860558253435,0.6834612216905821,0.6829609084312951,0.6832086576541361,0.6807704144107583,0.681619899779863,0.6806140731764083,0.6813276905031751,0.6814357068473758,0.680186082461883,0.68020981038979,0.6801280955711657,0.6785096190219706,0.679268944489015,0.6787868498959604,0.6794057793448469,0.6796416168731817,0.6800235538164336,0.680749555171156,0.6810548488010775,0.6813757765247772,0.6808992358692609,0.6815139009403783,0.6817581333044958,0.6815345587119751,0.6806721707248402,0.6804065126438555,0.6806529022335442,0.6811540496215647,0.6820944941531133,0.6823711885575543,0.6825458736082026,0.6829695718070217,0.6840167832441202,0.6841133857023934,0.6837998148295424,0.6839293910455578,0.6832193802000575,0.6847115208715269,0.685151946206888,0.6846459008066953,0.6845396975268656,0.6827292606022646,0.6825299673905981,0.6821376668546019,0.6862332051769748,0.6849855868538706,0.6835093945823996,0.6829892503766671,0.6829849609329859,0.683869550884564,0.6822186190889705,0.6832324901799989,0.6828082010082444,0.682814906904504,0.6849269523224593,0.68516266076144,0.6853924455326125,0.6869736204588249,0.6867963886329983,0.6863939574353273,0.6865916435129717,0.6864729443986431,0.6861277124514786
1997-12-31,0.6933947442544747,0.6932568597268536,0.6887572134045314,0.6823386578538241,0.6834774093198379,0.679816924418944,0.6753102851201946,0.674276163847936,0.6777803862531393,0.6813014170220674,0.6842620795776586,0.6856803047831059,0.6861121211783408,0.6892968130426125,0.687920585318869,0.6888952628965039,0.6923853127015086,0.6905162394422565,0.6908972590094704,0.6914058729694871,0.6921741063933318,0.6922775787268671,0.6918710818970666,0.6918375367663604,0.6910680532901098,0.6926288293866498,0.6915587564640002,0.6894328053326811,0.6870868589481527,0.6864039194767371,0.685675344835172,0.6928185248184991,0.6925763992175431,0.6945919990855388,0.6978151160808623,0.7000986570239323,0.6996946902472286,0.6998942219903292,0.6974141735391324,0.698268591064206,0.697274236766267,0.6980320518200392,0.6981118263731688,0.6968728403756653,0.6968215755442054,0.6967480599190425,0.6951541812467834,0.6958816839856683,0.6954253754077612,0.696043606374185,0.6962807644534336,0.6966421302981576,0.6973615335686588,0.6976750727612178,0.6979813019622851,0.6974870603234045,0.6980810572536917,0.6983148392634332,0.6980809418953835,0.6972243037861529,0.6969531238758016,0.6972175284684907,0.6977177508642542,0.6986578758654031,0.6989347388492463,0.6991130651935595,0.6995325527173661,0.7005680442582087,0.7006663487775013,0.7003539637723808,0.7004816674269094,0.6997750344897924,0.7012563415407016,0.7016944226874312,0.7011906164841057,0.701084795507942,0.699264148770747,0.6990599042659585,0.6986728620900631,0.702748954759604,0.7015006794678205,0.7000172177942456,0.6995027652241446,0.69949684596071,0.7003849902345047,0.6987407445274392,0.6997504231711431,0.6993274953501141,0.6993329028392135,0.7014407421171208,0.7016779759582503,0.7019063783259899,0.7034854893104985,0.7033098926746306,0.7029072774166694,0.7031054260744529,0.7029897211552667,0.7026452867195929
1998-03-31,0.675333286380174,0.6747585907186466,0.6694155524554612,0.6627909595466293,0.6637742710348633,0.6598938052138708,0.6549893534999993,0.6537287594733657,0.6572983412922004,0.6611113487340007,0.6643808473321124,0.6658425002263504,0.6663365696767881,0.6695628628260241,0.6681658919110927,0.6691774298362367,0.6727818779995746,0.6708162316788793,0.6711889840736347,0.6716868489899669,0.6724539329951018,0.6726213005675721,0.6722317874555891,0.672185068208695,0.6713736289243889,0.6730000283313549,0.671928242731223,0.6697320303361132,0.6672886234387527,0.6665992239740263,0.6658428972921684,0.673333147012876,0.6733141605598948,0.6753083038449456,0.6786518471204652,0.6809460137172448,0.6806424248761569,0.6807912852765016,0.678267321946695,0.6791271347680908,0.6781450029586883,0.6789486464972632,0.6789984473948376,0.6777702099200293,0.6776408254540789,0.6775756984529822,0.6760072621634756,0.6767016781307105,0.676272371575486,0.6768899162850631,0.6771286120131454,0.6774686727457826,0.6781812029330563,0.6785034841373098,0.6787944461171767,0.6782816104756912,0.6788540350464878,0.6790768993476657,0.678832160490398,0.6779814867269007,0.6777045054672814,0.6779878185303567,0.6784871438600317,0.6794270026797615,0.6797040684361508,0.6798862211726572,0.6803013207673391,0.6813245855015774,0.681424682779693,0.6811135424851438,0.6812392979580805,0.68053617222655,0.6820061500467871,0.6824418268516502,0.6819403825860979,0.6818349387735323,0.6800036491610849,0.6797942104490021,0.6794126757046783,0.6834686340533116,0.6822196542009027,0.6807285037581626,0.6802200363547157,0.6802124042018123,0.6811042138125505,0.6794669355463855,0.6804722096036612,0.6800507208190565,0.6800547235834238,0.6821581989591139,0.6823970380312616,0.6826240390514857,0.6842010099961662,0.6840271267818675,0.6836243328473706,0.683822949498844,0.683710373134639,0.6833667631834343
1998-06-30,0.6758361765788801,0.6747359178661119,0.6684286183711243,0.6615818419739949,0.6623717499400897,0.6582538434987074,0.6529052539787339,0.6513850795359681,0.6550105854651527,0.6591531299066912,0.6627754271983675,0.6642836640797641,0.6648334311446799,0.6681094940836394,0.6666996827592435,0.6677461368737955,0.6714720364073814,0.6694004273574451,0.6697650115816673,0.6702471765073886,0.6710204967322233,0.6712495179393775,0.6708724146865817,0.6708113940961472,0.669960034361434,0.6716528925990569,0.670577069183808,0.6683082766617157,0.6657599402558128,0.6650628292451766,0.6642753701389728,0.6721323611925423,0.6723458004587608,0.6743219745614866,0.6777937038206181,0.6801010282119055,0.6799019366156722,0.6799975278991619,0.6774274398786833,0.6782931421950736,0.67732406192636,0.678175146963269,0.6781931063631925,0.6769756660823522,0.676764962531197,0.6767083914453401,0.6751662439473757,0.6758262915638775,0.6754252285034243,0.6760420998701795,0.6762825607835391,0.6766005663581697,0.677305944875122,0.6776374847042432,0.6779125938701966,0.6773802343597137,0.6779301532290374,0.6781416174086892,0.67788549337776,0.6770410026516578,0.6767579269035412,0.6770610778252717,0.6775595375415426,0.6784991885992528,0.6787764939528176,0.6789626648839995,0.6793731945884872,0.6803837066843417,0.6804856905168399,0.6801758555783022,0.6802995853911833,0.6796000998874188,0.6810582336906792,0.6814914427210853,0.6809924888949896,0.680887418440147,0.6790450384604994,0.6788301527886778,0.6784543850419998,0.6824894976749637,0.6812397628966143,0.6797404846048312,0.6792383107032736,0.6792288785929844,0.6801244620289769,0.6784944427603585,0.6794950893594368,0.6790751212278352,0.6790776043769251,0.681176550011336,0.6814170783439027,0.6816426600608707,0.6832174109615714,0.6830453227814826,0.6826423562465311,0.6828414464118738,0.6827321372538805,0.6823893806976644
1998-09-30,0.621138885496848,0.6194067149797345,0.6119969978243401,0.6049087920583207,0.6054594765299687,0.6010852004452796,0.5952409903842507,0.5934237950636064,0.5970937988014632,0.6016074890226206,0.6056315518565698,0.6071895982531308,0.607787080532051,0.6111220419645663,0.6097086694676741,0.6107876313616869,0.6146424406609907,0.6124545746419638,0.6128111572800029,0.6132719627399663,0.6140600592477754,0.6143478342179373,0.61397778011933,0.6139012592747587,0.6130125839417235,0.6147724823312468,0.6136899567725991,0.6113462962257641,0.6086849318494083,0.6079786809569747,0.6071563370807753,0.6154010646132438,0.6158564472783776,0.6178187908790354,0.621426991474591,0.623750317647404,0.6236599217610892,0.623699492237368,0.6210809652120983,0.6219530840115794,0.6209979722611424,0.6218980814631629,0.6218821830780658,0.6206755160339072,0.6203802271640805,0.6203323524958313,0.6188173379024237,0.619441722612698,0.619070166293144,0.6196863778539933,0.6199288416863112,0.6202240269734214,0.6209219728767585,0.6212633080070771,0.6215219619866439,0.6209691111815528,0.621495562347856,0.6216951291745041,0.6214270501644468,0.6205889648290102,0.6202994871661063,0.6206234418146136,0.6211210711013022,0.6220605782958137,0.6223381628900464,0.6225285504937991,0.6229343239387422,0.6239315383931916,0.6240355055729718,0.6237270382941409,0.6238486632422118,0.6231529545642662,0.6245987102828681,0.6250293843420651,0.6245330553264214,0.6244283562371401,0.6225744240344142,0.6223538286078878,0.6219840982142528,0.6259976309595731,0.624747087838974,0.623239222206696,0.6227436656603387,0.6227323423408502,0.6236318043226325,0.6220093456303594,0.6230051306286633,0.62258676875964,0.6225876080228009,0.6246818494947239,0.6249241555717733,0.6251483012340917,0.6267207480408228,0.6265505399327266,0.6261474075612987,0.6263469769291836,0.6262410777852484,0.6258992056914888
1998-12-31,0.5884788981962512,0.5859862745878536,0.5773153078143578,0.5699624308483426,0.5702184704397497,0.5655673021374835,0.5591701841108097,0.5570135411973256,0.5607143132439324,0.5656452354313058,0.5701255764181278,0.5717366600342813,0.5723722310697557,0.5757762702198467,0.5743701830751136,0.5754787279574913,0.579470327919778,0.5771549284510278,0.577503759571656,0.5779367551269072,0.5787494678028036,0.5790923503342263,0.5787231036901563,0.5786298098538141,0.5777070709184122,0.5795342925517031,0.578442023325129,0.5760212556969144,0.5732380785565293,0.5725210612675301,0.5716596691859006,0.5803145573434126,0.5810216176614375,0.5829750013993262,0.5867285228403403,0.5890710399614574,0.5890936068797769,0.5890742401348796,0.5864048507651005,0.5872839476415755,0.5863438193599212,0.5872944905864441,0.5872425560114495,0.5860465530312754,0.5856633528857,0.5856242830990918,0.5841372383736233,0.5847246580110064,0.5843838890201973,0.5849994548524072,0.5852441691717677,0.5855157551106799,0.5862059865571059,0.5865576734875922,0.5867992533355114,0.5862249056327516,0.5867268991242468,0.5869140569068181,0.5866334257963699,0.5858019711898388,0.5855057692008738,0.58585153037415,0.5863483683592721,0.5872878015135528,0.5875657080151381,0.5877605173761087,0.5881613441565117,0.5891446966125388,0.5892507467963178,0.5889437109568869,0.5890631502704569,0.5883713583975871,0.5898041826747947,0.5902322502555242,0.5897386863785602,0.5896343590278548,0.5877683985126019,0.5875418203087828,0.5871784086951602,0.5911696046615423,0.5899181964211972,0.5884012628494619,0.5879126637645934,0.5878993536079435,0.5888027936787741,0.5871882068878171,0.5881788843145711,0.5877622183533106,0.5877612792041527,0.5898506329770474,0.5900948100074358,0.5903175043084896,0.5918875587925018,0.5917193192486077,0.5913160284791545,0.5915160829789534,0.591413740636641,0.5910727864709668
1999-03-31,0.6379781956725017,0.6345681718271909,0.6244519511097725,0.6168060789469215,0.6167002551714602,0.6117499471096332,0.6047360616472741,0.6021917602745114,0.6059069004232895,0.6113061088398928,0.6163033931558334,0.6179706456658601,0.6186327795950629,0.6221172207333822,0.6207310534312092,0.6218656845644309,0.6260023945811571,0.6235471216965202,0.6238885549131761,0.6242864076877788,0.625135040546497,0.6255285397554242,0.6251528739669057,0.625041458991828,0.6240886423105133,0.6259831227015582,0.6248776494372297,0.6223776051977439,0.6194630818925685,0.6187334497056334,0.617828391650878,0.6269174086762211,0.6278860793405232,0.6298361952156595,0.6337444926984258,0.6361097717943986,0.6362496246524831,0.6361682278696486,0.6334454391031676,0.6343321121613694,0.6334080914128167,0.6344108011810645,0.6343204749002676,0.6331349274298629,0.6326604388151454,0.6326302444198485,0.6311719937899516,0.6317211448469074,0.6314124558456986,0.6320273904650724,0.6322746121712913,0.6325218071513924,0.6332040431061496,0.633566657756821,0.6337905282675985,0.633193639380586,0.6336701582022237,0.6338443812845049,0.6335505723965851,0.632725976036533,0.6324227115960146,0.6327913193431451,0.6332874093203388,0.6342268446651402,0.6345051189867796,0.6347045616815297,0.6351002478131651,0.6360691544556023,0.6361773899926365,0.6358718506229364,0.6359890221618022,0.6353012902079731,0.6367206105036809,0.6371459951730942,0.6366553427836315,0.6365513905418736,0.6346729115959349,0.6344400672026551,0.6340832671339085,0.6380513468939291,0.6367990130487182,0.6352725091422206,0.6347912246334075,0.6347758274366663,0.6356833383654772,0.6340769441632433,0.6350622556428055,0.6346473792896724,0.634644515995719,0.6367287888550376,0.6369749350596765,0.6371961644050497,0.6387637340348258,0.6385975550136206,0.6381941139351627,0.6383946598208599,0.6382960248225682,0.6379560247140066
1999-06-30,0.6372831204269792,0.632761781977746,0.6209849696706362,0.6130114851591995,0.612461976324377,0.6071884194359551,0.5994864117120724,0.5964994656744252,0.6002094664745271,0.6061335532451029,0.61171528229648,0.613441598323493,0.6141165669128914,0.6176939763718836,0.6163424082604984,0.6174989982014679,0.6217895903365837,0.619180956748064,0.619515474665967,0.6198698678133958,0.6207673752329087,0.6212060456560256,0.620815634693708,0.6206846742292251,0.6197065963597557,0.6216678682173099,0.6205452661395183,0.6179638691897383,0.6149076494733434,0.6141633054048523,0.6132094614632329,0.6227582454671672,0.6239986353558301,0.6259520957304959,0.6300252749334012,0.6324173092378345,0.6326788122932498,0.6325321036264895,0.6297532598494098,0.6306481457020068,0.629741478010973,0.6307976226480376,0.630666355592225,0.6294909397768024,0.6289217443589503,0.6289004512545763,0.6274717998082452,0.6279813847217046,0.627706074233719,0.6283203924710242,0.6285703871326893,0.6287923886314682,0.6294663508603618,0.6298404879854658,0.6300459981260863,0.6294254847115751,0.6298754860856071,0.6300362354951208,0.6297285933110233,0.6289110839435089,0.6286004024500949,0.6289929342412219,0.6294883238994158,0.6304278445992976,0.630706536142692,0.6309108300718953,0.6313011785424341,0.6322550360854278,0.63236556180327,0.6320615849100165,0.63217640539517,0.6314928793037377,0.6328981041313629,0.6333207238392083,0.6328331353410062,0.6327295652985665,0.6308380640652005,0.6305986595464653,0.630248775371768,0.6341929372894095,0.6329396132598344,0.631403014150159,0.6309294191150647,0.630911829894965,0.6318234958701853,0.6302256237994222,0.631205297955413,0.6307923089584773,0.6307873635492807,0.6328663520086584,0.6331145709261213,0.6333343237308604,0.634899311559319,0.634735288477032,0.6343317057931128,0.6345327497404425,0.6344379761039597,0.634098969136643
1999-09-30,0.6206774270233559,0.6148018350692799,0.6011090163776783,0.5927658948384438,0.5916726067449394,0.5860496930743546,0.5775795841916496,0.5740869764798151,0.5777686982765554,0.5842804665885049,0.5905217536110653,0.5923095908709773,0.5929811006690204,0.5966653834396469,0.5953654400482272,0.5965391691062535,0.6009928795421393,0.5982161657467259,0.598544412419892,0.5988459323698977,0.5998071309129671,0.6002844496173052,0.5998697419526343,0.5997177357343032,0.5987201521030195,0.6007472836103698,0.5996031137963643,0.5969384090675236,0.5937292510261579,0.5929678201144992,0.5919595153246002,0.6019955119039935,0.6035178791121524,0.6054823262726398,0.6097311916699629,0.612154440987385,0.6125419820757099,0.6123264769946946,0.6094887990228437,0.6103925748831338,0.6095046409083269,0.6106155151255553,0.6104405466421607,0.6092748054629349,0.6086074556723673,0.608595037672446,0.6071967640415994,0.6076654996155598,0.6074248647585276,0.6080385816114326,0.6082916226197942,0.6084876191289541,0.6091530345084435,0.6095393068973326,0.6097257903765056,0.6090805298179547,0.6095029467583531,0.609649671030762,0.6093275088583321,0.608517315343797,0.6081988449252417,0.608616415644829,0.6091111573059431,0.6100508540314525,0.6103300159522447,0.6105393851123097,0.6109241965393644,0.611862382320127,0.6119753052615746,0.6116729574982639,0.6117853427855922,0.6111061709573518,0.612496690272027,0.6129164565732445,0.6124320904252758,0.6123289142164523,0.6104238734879803,0.6101776042826571,0.609834952157424,0.6137543728814312,0.6124999895620091,0.6109527472486589,0.6104872351612036,0.6104673439422742,0.6113832385325049,0.6097942263433196,0.6107679781837339,0.610356978299716,0.6103497794459589,0.6124232691205393,0.6126736699323018,0.6128919369511928,0.6144542415167089,0.6142924732150451,0.613888758193674,0.6140903074121357,0.6139995522892937,0.6136615808233246
1999-12-31,0.6557438388924091,0.6482046104826837,0.6322874092027857,0.6235247614641758,0.6217643709984482,0.6157638647601583,0.6064356498459729,0.602364707482422,0.6059907361706812,0.6131600105629043,0.6201444679803139,0.6219955664718025,0.6226443200067615,0.6264508111249419,0.6252222206296002,0.6264075131682486,0.6310340496893242,0.6280732203196588,0.6283960428694748,0.6286340540341888,0.6296758643451936,0.6301840933673957,0.6297341734260093,0.6295595470382311,0.6285492728102647,0.6306407987405043,0.6294700539346889,0.6267202392417153,0.6233459271902337,0.6225647236450002,0.6214956694218469,0.6320482824707451,0.6338630019510519,0.635847229279493,0.6402833362447222,0.6427427757108717,0.6432607457409449,0.6429727422595595,0.6400733221762803,0.6409867080500109,0.6401190387203834,0.6412858113175377,0.6410641494014936,0.6399074726570634,0.6391385056268508,0.6391348760736024,0.637767724100041,0.6381943512012684,0.637989679230032,0.638602809687544,0.6388591772017256,0.6390283504763066,0.6396849536600756,0.6400839910953795,0.6402507670877537,0.6395795974619748,0.639973340727867,0.6401054769305171,0.6397680755264843,0.6389654255423278,0.6386387762260964,0.6390825379606405,0.6395766888250184,0.6405166603751057,0.6407963498717155,0.6410110240573033,0.6413900974669711,0.6423119696623611,0.6424273987670372,0.6421267470417831,0.6422366124430153,0.6415619452888766,0.642937131049576,0.6433539482314654,0.6428729689084193,0.6427702036486576,0.6408510933656243,0.6405976442250813,0.6402625523031179,0.6441563874504187,0.6429008707281973,0.6413424134440437,0.6408853971643713,0.640863088760657,0.6417832726154207,0.6402034654567061,0.6411709957403171,0.6407620906588121,0.640752452454196,0.6428202173992595,0.6430729152759206,0.6432896899703207,0.6448492052144984,0.6446897939008354,0.6442859563083326,0.644488018669881,0.6444014419350947,0.6440645519595252
2000-03-31,0.6143397734431285,0.6047351458294321,0.5862125033567563,0.5769740421263929,0.5743930055241345,0.5679844431946572,0.557696324670592,0.5529625637831769,0.5565004058927968,0.5644050255263734,0.5722257903949217,0.5741407799011826,0.5747439399553249,0.5786894828449629,0.5775551017791101,0.5787455612577914,0.5835551051107903,0.5803927298931011,0.5807112321501374,0.5808737375721946,0.5820154618970836,0.5825454940508051,0.5820479302407335,0.5818490388619312,0.5808340841022439,0.5829879290354736,0.5817849747677499,0.5789484375746476,0.575395691876866,0.574591682467244,0.5734549116831774,0.5845556689553295,0.5866731939873291,0.5886872798902605,0.5933229908742101,0.5958241645250355,0.5964769336390014,0.5961124963336484,0.5931482921831617,0.5940720531629972,0.5932263464214766,0.5944500327970224,0.5941784324180798,0.593030034318589,0.5921559881057721,0.5921609904777845,0.5908256597450647,0.591208954422946,0.5910415129397267,0.5916540717758296,0.5919140514308645,0.5920555791005032,0.5927031155851682,0.5931155635241447,0.5932619375702846,0.5925636578278314,0.592927618306658,0.593044593287674,0.5926911994348572,0.5918963179723653,0.5915610808211632,0.5920322224085736,0.5925258448077337,0.5934661987868116,0.5937464774152317,0.5939666918431044,0.5943398255841531,0.595244723568753,0.595362769291945,0.5950638803047181,0.5951711409614902,0.5945011303700187,0.5958603373011295,0.5962741014041752,0.5957966793107219,0.5956943486604651,0.5937606265383983,0.5934996715100246,0.5931724800997509,0.597039865156347,0.5957831353739398,0.5942128669827467,0.593764779582028,0.5937399333725176,0.5946644516331698,0.5930942010612699,0.5940551956457727,0.5936484948709093,0.5936362155078352,0.5956980175207782,0.5959531339906822,0.596168412935865,0.597725028141352,0.5975680792970688,0.5971641293134792,0.5973667134998203,0.597284477259323,0.5969487187804986
2000-06-30,0.518010414525356,0.5058062193171005,0.4841930922698836,0.474422207043046,0.47082635638262976,0.4639770246335997,0.45261316076633773,0.44711735363836347,0.4505283935919072,0.4592554492508368,0.46801638189871964,0.46999423474051744,0.4705247646772658,0.47462776359565084,0.47361409054118164,0.4748024345174867,0.4798056343753362,0.47642281852777935,0.4767384305132797,0.4768119166971109,0.4780755589469944,0.47861674468702625,0.47805742307934396,0.4778325578807267,0.4768222788542552,0.4790356716964855,0.4777941824765077,0.4748695423518957,0.4711239202592507,0.4702936834750741,0.4690814784298243,0.4807642136729662,0.4831950302647843,0.4852504861093211,0.4900990311918354,0.49264811078783555,0.4934400007645977,0.49299494348220313,0.48996277383235,0.4908977224983972,0.49007586181237583,0.49135729292188735,0.49103223227020554,0.4898911263890999,0.48890855875813727,0.48892195616319234,0.4876190912652363,0.4879578774638299,0.4878289031352208,0.4884409046681003,0.4887047860140158,0.4888178446002663,0.4894560742376012,0.48988259217833824,0.4900078572839939,0.4892812276780289,0.48961427925544465,0.4897155111479526,0.4893453361887848,0.4885584438195661,0.48821419003127964,0.48871393633460475,0.4892070979907649,0.49014795154514884,0.4904288855619006,0.4906548804053665,0.4910218732159458,0.49190911808272514,0.492029891943174,0.4917328316434748,0.49183740296108536,0.4911722016699833,0.49251476825111756,0.4929253659713442,0.4924516773028461,0.4923498126728101,0.49040092497517074,0.49013212743981394,0.48981318911741134,0.4936532405877869,0.49239521194469726,0.4908125113795625,0.49037380697713817,0.49034629667505153,0.4912751760623698,0.48971483884199707,0.49066896801448284,0.4902645846973746,0.49024944502653306,0.4923050329101226,0.492562696251832,0.49277647958929827,0.49433007934131895,0.49417570159330687,0.49377164970677523,0.49397476537732565,0.4938970333888229,0.4935624608576652
2000-09-30,0.5093309637291527,0.49379614177596787,0.4684521669456729,0.4581080766776577,0.453246191135173,0.4459213040428558,0.4333489271969817,0.42697299895306545,0.43021108834322086,0.43985847955699575,0.4496755820410779,0.4517128500885622,0.4521386962639541,0.45641912149659003,0.4555569238684277,0.4567349205559638,0.46194287541412293,0.4583192063453608,0.4586337746924145,0.4586030385544825,0.4600136756220496,0.4605536282164937,0.459916571030231,0.45966396911391505,0.4586692378984126,0.4609386168304101,0.4596515072253559,0.4566376649130962,0.45268345137779714,0.45182313182330347,0.45052694421699546,0.46282799802512614,0.4655825712129431,0.467692504633325,0.4727680467588863,0.4753718963474431,0.4763071487752304,0.47577701592520927,0.47267355431937436,0.4736205532489323,0.4728246280602517,0.4741644154268675,0.47378206988434646,0.4726470411873257,0.47155255126776396,0.4715740147022477,0.4703041931053609,0.4705973571547658,0.470508042756922,0.47111950056983243,0.4713875752063639,0.47147134359554005,0.4721000446038576,0.47254130409321554,0.4726447420546121,0.47188848485795976,0.4721894878387374,0.47227438785336595,0.4718866061821569,0.47110791706642063,0.4707541970383053,0.4712838079011815,0.4717765821928543,0.47271806281165707,0.4729997235472168,0.4732317433691128,0.4735923956148229,0.47446129088226396,0.47458490492952565,0.47428973788447715,0.4743915360327051,0.47373129689199367,0.4750565466085943,0.47546385406798153,0.4749940806093504,0.4748927225236589,0.4729281050026293,0.47265111777530766,0.47234079744642055,0.4761526142867542,0.4748931941720363,0.47329741492498556,0.472868569534702,0.47283826295082537,0.4737715084916737,0.4722214451608685,0.47316836295138165,0.4727664136657881,0.4727481756287871,0.47479728441346564,0.4750576300735688,0.47526992201334606,0.4768203861890459,0.47666869113873017,0.47626454801593626,0.4764682059986049,0.47639514298982233,0.4760618157719786
2000-12-31,0.47825143931454117,0.4583489468996104,0.4283918555478417,0.41748663974405265,0.4110229095156098,0.4031862976304349,0.3892520569799104,0.3818531833966235,0.384862628957513,0.3955410283440073,0.4065441435471149,0.40863389183330334,0.40891696740419464,0.41339627710381777,0.4127213649643987,0.4138797733335785,0.41930399979832245,0.41541751975138647,0.4157334258875701,0.4155813813632686,0.4171675967461057,0.4176919724573614,0.41695914064723977,0.4166769996969648,0.41571039469469473,0.41803130160222124,0.41669065205759215,0.41358684626719133,0.40940693351589463,0.40851219090666213,0.4071225527850818,0.420080994724787,0.4231697055730111,0.4253490006299011,0.43066670584607325,0.4333329525818181,0.43441569226526433,0.43379573858489384,0.4306175079107325,0.4315774722999568,0.43080980060159346,0.43220829694027324,0.43176451057044746,0.4306340842137846,0.4294243373817984,0.42945343262633007,0.4282171509655041,0.428463658061106,0.42841513765449313,0.4290260642739722,0.4292986236414583,0.4293522870689107,0.42997126060209445,0.4304279428368273,0.4305088258224551,0.429721626378403,0.4299894315309378,0.43005740607381826,0.4296511535914671,0.4288808731973124,0.4285172155547561,0.4290779843897289,0.42957045062249,0.43051269700837214,0.43079516127347206,0.43103345434410734,0.4313875694484585,0.43223740198122285,0.4323639681719801,0.43207075683366186,0.43216969932292604,0.4315145744361062,0.4328218173277402,0.43322569869770455,0.432760027550972,0.43265922718640837,0.43067830621691905,0.43039277172177504,0.4300914466219322,0.43387411199735015,0.4326132002458454,0.4310036699204377,0.4305851823022459,0.4305519411025301,0.4314895324532273,0.4299501056204267,0.4308894490995262,0.43049005355205705,0.4304684584751036,0.43251080859794566,0.4327739796356702,0.43298478901430504,0.43453199280443916,0.4343830948077875,0.4339788711372088,0.43418308364423275,0.43411485451742093,0.43378283741060375
2001-03-31,0.4910145970205783,0.4652202808947786,0.42937555851277076,0.4180528268115916,0.40951814075644755,0.4011342734322891,0.38565975071101366,0.3770616451880825,0.3797741667366762,0.39160947005026076,0.4039443374028596,0.4060746458863672,0.4061695719047958,0.41087048824367156,0.4104246813730995,0.41155319711815297,0.41720557436896155,0.4130327924660425,0.4133531076770259,0.4130605689833127,0.4148549628582119,0.41534721213541065,0.4144982916338277,0.41418479083805093,0.4132608113034557,0.41562777465768874,0.4142247519923778,0.41103062523508294,0.40660637967590973,0.4056723316991572,0.40417875616310855,0.41783663125016157,0.4212697031630772,0.42353521896523416,0.4291113319873754,0.43184844376890075,0.4330826367671836,0.43236780544655234,0.42911117225934237,0.43008507265869267,0.42934822590043437,0.4308054808709588,0.43029573520559816,0.42916814176626755,0.42783989814263734,0.4278760711506603,0.4266737297833687,0.4268726426857482,0.4268659746982581,0.42747638122503484,0.4277537140075814,0.427776468616876,0.4283855439561111,0.42885833692234687,0.42891592934620293,0.4280964375055345,0.42832989081224704,0.42838034397037983,0.42795471650697847,0.4271930390063,0.4268189495971572,0.4274122015506374,0.4279044452319378,0.42884760824741974,0.4291309587746782,0.4293757762594267,0.42972316235020125,0.4305532035241526,0.43068283299540977,0.43039163685493365,0.43048764319713284,0.42983778292489716,0.43112631747316077,0.43152662343440673,0.4310652466642688,0.43096506758593733,0.428967261523008,0.42867281205543817,0.42838087167755146,0.43213345508954204,0.430870943152995,0.42924696309372423,0.42883935560563136,0.428803035063293,0.4297449223817351,0.42821649471868883,0.42914788328011055,0.42875116394502855,0.428725930680414,0.4307612271181438,0.4310273746781944,0.4312367155789539,0.4327805295469287,0.43263454543790264,0.432230251742313,0.43243503261339983,0.4323718015212344,0.4320411653245076
2001-06-30,0.4852733130620411,0.48016644506725936,0.4364737697205324,0.4251679399283035,0.41386976183672325,0.4049092877401873,0.3876860035433263,0.37766577733469076,0.37999563513433454,0.3931319146484849,0.4069626681483681,0.40911450846038067,0.40896707536851246,0.4139131050495059,0.41374545673769275,0.4148326665443559,0.4207253486401411,0.4162413109647654,0.4165700004953259,0.41611543828685527,0.4181552322676969,0.41859631706390954,0.4176084886349587,0.4172618179641481,0.4163971263578835,0.4188035314251587,0.4173283040278407,0.41404397909795687,0.40935509386278,0.4083762520240585,0.4067671222741409,0.42116972554281956,0.4249571382707735,0.4273279278032231,0.43317985322783886,0.43599722374746763,0.4373866293613271,0.43657152841322566,0.43323269726497105,0.43422156242893706,0.43351839296988415,0.4350341035214864,0.4344534834078657,0.43332662017579215,0.43187676718224277,0.43191932780427067,0.430751213425165,0.4309017136409087,0.4309378616127821,0.4315477573003536,0.4318301463924096,0.4318212044418477,0.43242024488243225,0.4329098399714604,0.4329434006980527,0.4320902327030748,0.43228818091036403,0.4323205173515744,0.43187456906464616,0.4311216743672289,0.43073663522364924,0.43136372485242686,0.4318558379690289,0.43280008166433254,0.4330844075876562,0.4333360025868729,0.4336764743847289,0.4344859815314981,0.43461878375687957,0.4343296583712287,0.4344226508358252,0.43377820264493616,0.4350473180487945,0.4354438840689042,0.4349869982539671,0.43488751836994277,0.4328722391652832,0.43256849725661894,0.43228634319169823,0.4360079030288133,0.4347436730521069,0.43310451806667405,0.4327083375109314,0.4326687862533084,0.43361488556530314,0.43209781745450127,0.4330208520841957,0.43262693375135847,0.43259775665205447,0.434625688005295,0.43489497182021797,0.4351028642630046,0.4366431544467698,0.43650020319545496,0.43609584960967573,0.4363012145846469,0.43624314386108526,0.43591396600133436
2001-09-30,0.48018640141445895,0.4751842988360607,0.3777895277575047,0.36754823704601414,0.35239910291400534,0.34285376422342,0.323639109686489,0.31190720181961784,0.31374298424563885,0.32834577846036195,0.34385795811576036,0.3460021448506192,0.34554749186657696,0.35076199299854915,0.3509303584438638,0.3519637045323387,0.3581089834925103,0.35328742682570824,0.35362961912262675,0.3529888846507735,0.35531664488595316,0.35568471607936647,0.35453240936963926,0.35415080999739723,0.3533645068948066,0.3558024520560761,0.35424409993472994,0.35087026897579554,0.345894600050909,0.34486479745800924,0.34312724246921356,0.35832342623726676,0.36247481568996204,0.36497236673387046,0.37111875621457124,0.3740267980553622,0.3755749139906998,0.37465379075386374,0.3712287985966428,0.37223371844604825,0.3715673897875336,0.37314084450006535,0.37248400075987675,0.3713553886880432,0.36978097816103317,0.3698290820319651,0.3686953481295955,0.36879675986457083,0.36887657057990514,0.3694859623553842,0.3697736813374012,0.3697322771370455,0.3703211866509178,0.3708282746808038,0.3708370596087326,0.36994880049506007,0.3701100975698941,0.37012372591080256,0.3696564676699997,0.3689125180527916,0.36851598632373805,0.3691782947072792,0.36967037600354163,0.3706158787321178,0.3709012761062174,0.37115990252780684,0.37149328350668637,0.37228150167813606,0.37241758349148213,0.37213057936744015,0.372220483844791,0.37158159098248006,0.37283056987582885,0.37322321428375266,0.3727710199594013,0.37267233371953123,0.3706389888408054,0.37032556774397196,0.3700536134184067,0.37374319999186884,0.37247712378337583,0.3708220419766579,0.37043786043255134,0.3703949201829603,0.3713451081803612,0.36983975496962684,0.3707540175026229,0.3703630267252943,0.3703295734363003,0.3723498109619427,0.3726223998851105,0.37282887059480396,0.3743654986576028,0.3742257009527643,0.37382129696225136,0.37402726398521957,0.3739745129126829,0.3736468781340433
2001-12-31,0.47567368363752593,0.4707433232320657,0.3736201153523445,0.3860096604021162,0.36523468714875873,0.3551572505966202,0.3336758659124722,0.31984542978875197,0.3210356427508873,0.33729495674820875,0.354699015665134,0.3567917446774177,0.35595235183920315,0.36145678409771353,0.36202985636049817,0.36299561156073223,0.369405703488409,0.36421932759634945,0.36458166978724776,0.36372768041648307,0.36639218987941335,0.3666622173376149,0.3653168506506661,0.36489867027142736,0.3642126077841953,0.3666727456326827,0.3650191656281502,0.36155719414879195,0.3562705775921528,0.35518288740877263,0.35330264217774643,0.3693451617302327,0.3738697033877577,0.376518203563726,0.3829790492458969,0.38598929569504187,0.38769929552763716,0.3866660092006122,0.3831507199553633,0.3841728486470833,0.38354686869526433,0.38517688545703377,0.3844379940971555,0.38330472996829734,0.38160302039610505,0.38165564879642744,0.3805562937079841,0.38060811092056634,0.3807322896176284,0.38134118153909147,0.38163449060188526,0.3815598872772469,0.3821386180411769,0.38266388460381473,0.38264714968272306,0.38172235628177786,0.3818458708980673,0.3818402076007591,0.38135060537396914,0.3806157416572765,0.38020714851665827,0.3809060797163276,0.38139823497111525,0.38234519059908967,0.3826317629612096,0.3828976742034129,0.3832237990560353,0.383989963155156,0.3841294276231647,0.383844588940746,0.3839313359263945,0.3832981358979868,0.3845262575725352,0.38491477940661734,0.3844674803832863,0.3843697012502204,0.38231769595594434,0.38199420027438535,0.3817328705636468,0.38538952969983703,0.38412146758343874,0.38244968032531884,0.3820780959590212,0.382031601273832,0.382985709472555,0.3814924182822712,0.382397470648968,0.38200953507604296,0.3819714441241743,0.3839836407124109,0.3842597132823885,0.38446479654582855,0.3859976199823276,0.38586109772630794,0.38545665186169464,0.38566324141847924,0.3856159648101444,0.3852899659327622
2002-03-31,0.4716653609967356,0.46678392153271575,0.3699591604105843,0.38528222400838275,0.43116758507922537,0.4207760638357237,0.39673968833527257,0.38028102106034367,0.38060805461753916,0.39873940550250053,0.41827440284832074,0.4202505443568855,0.41893436803393447,0.42474505018241304,0.42580503808149195,0.42668828739880393,0.4333749933311688,0.42779589880527386,0.4281870255080892,0.42708940208950763,0.43014672244465746,0.430290068466481,0.4287197771783241,0.4282635452886342,0.4277026866290261,0.43017404838170037,0.42841185505584445,0.42486390379508304,0.4192399509379544,0.41808659396043535,0.4160478418171899,0.43299374670178337,0.43790002003030826,0.44072664814700757,0.44752338262754,0.45064859890563114,0.4525232608534502,0.45137125297386466,0.44776135238550685,0.44880191147909076,0.4482201691015648,0.44990502539142635,0.44907774309968906,0.4479364464289645,0.4461049509565838,0.4461608884403194,0.445095730731925,0.4450976476551694,0.44526672997053507,0.4458751226147471,0.44617426386547226,0.44606576105991713,0.44663432194988084,0.4471784419913199,0.44713544673689765,0.4461726513771359,0.4462572755744343,0.44623174944107846,0.4457187227024325,0.4449930599187414,0.4445718094564506,0.4453087862166181,0.4458011285160459,0.44674974773170795,0.44703760670723913,0.4473110541259235,0.4476297715719508,0.4483731089041764,0.4485160540268716,0.4482334171824466,0.44831694289813895,0.4476895657224877,0.4488961099290973,0.44928028653234164,0.4488380890703796,0.4487413522942455,0.4466700923296834,0.4463361188167647,0.4460858495109078,0.44970862678554685,0.44843842632015096,0.4467491283734689,0.4463907662129796,0.446340544214054,0.4472983523884356,0.44581745840817466,0.4467128418717925,0.4463280894463058,0.4462849676078106,0.4482887566999446,0.44856850173648843,0.44877224036020014,0.4503011127650212,0.45016798846662875,0.4497635079488307,0.4499707434387672,0.4499290900116793,0.44960482876684876
2002-06-30,0.46810061520722884,0.46325305693939245,0.3667570750808773,0.3847221137292579,0.4280647702550586,0.40101591781774354,0.3742086710285726,0.35438509015325326,0.35351727327495946,0.3737568825729435,0.3956932327677836,0.3974558763475123,0.3955554928785716,0.4016775945872591,0.4033237949915431,0.4041084102431788,0.4110825645277638,0.4050829185205156,0.405514067635999,0.4041387094135641,0.40765348537212637,0.40763741004329185,0.4058067686024309,0.40531129860980747,0.4049041337212671,0.4073739353110397,0.4054883582677584,0.4018575264878831,0.395867393217749,0.3946396326678178,0.39242482655883987,0.4103359066257733,0.4156317374471852,0.41866698348860276,0.4258225865226242,0.42907689115088987,0.4311185170256213,0.42984077983986535,0.42613177077860986,0.427192052481133,0.4266588576358622,0.42839621259554483,0.42747362825334123,0.42632038240492054,0.4243569233449276,0.42441473290779974,0.4233833837755092,0.42333532932562795,0.4235496495843374,0.4241575393583905,0.42446273143363644,0.4243196740812649,0.4248781402455897,0.42544177177331777,0.425371783357458,0.4243694983811186,0.42441415756192113,0.4243682149068137,0.4238306350945467,0.42311425758865684,0.42267972569501666,0.42345618426075715,0.42394883426324514,0.42489934599235013,0.4251886119452813,0.4254698430760564,0.4257810190555731,0.42650075236360685,0.42664726957775084,0.42636686152450676,0.42644710919418705,0.4258256754077772,0.42700992682163824,0.42738951115449414,0.42695262297367986,0.42685708870563904,0.4247659835012534,0.4244211220637236,0.4241823591543296,0.4277703048692103,0.42649779941954874,0.42479015925950575,0.42444567191959015,0.4243915420221021,0.4253527708176702,0.4238845930183446,0.4247698274053262,0.4243883854078149,0.42433980483044803,0.42633479927304696,0.42661841650423216,0.42682086288739784,0.42834563429353406,0.428216030341713,0.42781152067165823,0.42801942881408683,0.42798353932508565,0.42766112727457206
2002-09-30,0.46492640208718305,0.4601035397081796,0.36396847376067964,0.3842998003086946,0.42529793442311836,0.39865714014233095,0.30853629250976944,0.2843037165806124,0.281706415638725,0.3042920580187897,0.32893004581070995,0.33033342047618075,0.32772820531624697,0.334144555845807,0.33649819758096056,0.33716677261123074,0.3444373166597414,0.33799032750415625,0.33847614233538525,0.33678471666434295,0.3408317920094617,0.34061887648343186,0.33848862186461204,0.337953149346777,0.3377321797106166,0.3401856076931503,0.3381603863965167,0.3344508810501307,0.32806300619267736,0.32675102735009937,0.3243406862341058,0.34328398413325056,0.3489762613522003,0.3522542775856788,0.3597933897001802,0.3631923867384633,0.36540270979440526,0.36399175251145877,0.3601789509313572,0.36126032138947767,0.36078044911627083,0.3625672565067756,0.36154183845774623,0.3603721254101364,0.3582748961103995,0.35833289165084237,0.3573347240005012,0.35723690054585844,0.3574965559600576,0.3581039343301575,0.35841536623348047,0.3582371545589319,0.35878567819667617,0.3593694549903236,0.3592717529992783,0.35822847623515647,0.35823214069643305,0.3581652512872791,0.357601940349471,0.3568948962403975,0.35644642949891414,0.35726381339936547,0.35775689958854295,0.3587095525204517,0.3590003552485023,0.3592896117491844,0.3595931330501082,0.36028848410659575,0.3604386565626087,0.36016049292299473,0.3602374142250917,0.35962203260118425,0.36078328605134824,0.36115800368824946,0.36072663278614514,0.36063248957050537,0.3585209560458641,0.35816479099322174,0.3579379897439584,0.36149016476743734,0.3602151719074318,0.35848833227014126,0.35815840060815,0.3581001742435962,0.3590644768522792,0.3576093130267344,0.358483895951858,0.35810588986301545,0.358051384915841,0.36003717574610195,0.36032487646498307,0.3605260938052479,0.36204661110023845,0.36192064889768083,0.3615161133841349,0.3617247246585332,0.3616947297704606,0.3613742893186839
2002-12-31,0.46209641114098504,0.45729338669758113,0.3615519258384248,0.38399097059416,0.42283659537197393,0.3965868383679225,0.3081027363688653,0.2516882698326931,0.24647885095261435,0.2715991096828782,0.29925436653861615,0.3000743155394734,0.29664016331911003,0.30329026432857475,0.30650121534466496,0.3070348921936603,0.31460726458723176,0.30768856756165264,0.30824812594552925,0.3061974351964151,0.31086387027998497,0.31041134145734567,0.30793811013772615,0.3073624799355741,0.3073647901358049,0.30978476519319575,0.30760204272790265,0.30381937907150913,0.29699918542294496,0.2955919571067648,0.2929644325922216,0.3130128378885747,0.31910730033033063,0.3226662861591102,0.33061532925075166,0.3341762521318487,0.3365563323564655,0.3350041453551733,0.33108267718839607,0.3321865797780703,0.3317653183517975,0.3335977293830411,0.33246126821727995,0.33126989636806453,0.3290375314244326,0.32909374722777307,0.32812786104935776,0.32798078808175046,0.3282855983619786,0.32889245099235165,0.329210275064519,0.32899637599747716,0.32953519848460416,0.33013972166530925,0.3300136036388928,0.3289278250019011,0.3288895232333121,0.3288011871086333,0.3282109161885079,0.32751321111385356,0.32705012572314696,0.32790987833676344,0.32840353725651716,0.32935860148491647,0.32965108095752843,0.3299485962305292,0.3302443746057314,0.3309145684521918,0.3310684690293792,0.3307925519506601,0.33086610867179206,0.33025687361548817,0.33139444019822234,0.33176398596926293,0.3313383392177744,0.331245807907526,0.3291132750119184,0.3287453866044162,0.32853101035761423,0.33204649297614053,0.3307688127030652,0.3290218914090023,0.3287072250871929,0.32864470542107366,0.32961165817996047,0.32816977920834745,0.32903318529613607,0.3286587374479687,0.32859780126802424,0.33057395642430565,0.3308659641719513,0.33106602782566713,0.332582135253663,0.33245993418485886,0.33205537340318514,0.3322647225199644,0.33224074036000545,0.33192240586875893
2003-03-31,0.45957016799168293,0.45478524825274813,0.35946969824924996,0.38377563977563045,0.4206522959352239,0.3947757621805055,0.30783126571411246,0.2517944240117094,0.28215409754722826,0.30984353931043496,0.34079735672279304,0.3406770133432771,0.33631331708521095,0.34305374413862066,0.34731007623765386,0.34768812263794546,0.3555613644635815,0.348150943072211,0.34880904353592296,0.34635020482119044,0.3517378104074449,0.35099674882810594,0.3481328453678628,0.34751776477126306,0.3477857047468185,0.3501526199964565,0.34779283770247627,0.3439440784119023,0.3366536279642699,0.3351387420583968,0.3322699490622891,0.35350289376785227,0.3600038821084194,0.36388650541985745,0.3722738103084342,0.37601567796124213,0.378565783156571,0.37686380032991007,0.3728285996843527,0.3739565582210639,0.37359976177028537,0.3754730166735738,0.37421656332559905,0.372997587682196,0.3706292426535267,0.3706813996059429,0.36974658320883025,0.36955114653998267,0.3699006083541351,0.37050691414881687,0.3708312380690739,0.37058119830144776,0.3711106638262019,0.3717364921133695,0.37158128000444796,0.3704514894317803,0.3703703234597301,0.3702600787479443,0.369641567078948,0.3689531571307494,0.3684747378847075,0.369378293560139,0.3698726700244686,0.3708304388043542,0.3711247459392564,0.37143074238606344,0.37171871922465627,0.3723629891628948,0.3725206781804312,0.3722469939002616,0.3723171598202941,0.3717141483936094,0.3728273626130394,0.37319139684629354,0.37277167832971925,0.37268101647651397,0.3705269306354519,0.3701468969978753,0.36994541565660155,0.37342330961835746,0.3721427223522106,0.37037481346064,0.37007615138371597,0.3700091330268652,0.3709782247721753,0.3695498679873666,0.37040154809097814,0.37003077606898194,0.36996285676874946,0.37192891971901854,0.37222547098854697,0.3724244700123328,0.37393600977024305,0.37381768597240095,0.3734130971464292,0.37362322354258437,0.37360535690756613,0.37328927592410865
2003-06-30,0.457312259845782,0.45254589654605964,0.35768749618188117,0.3836374046253128,0.4187186217602163,0.39319732375644334,0.30770209198620113,0.25204052214230127,0.2803966050438559,0.35908245004566347,0.39346365276560535,0.39180755912656395,0.3865020377682016,0.39303141381612017,0.3985736471848254,0.3987725173624696,0.4069339027461355,0.39901869028132164,0.39980738673992855,0.3968847121205128,0.40311324262161863,0.4020276568011211,0.39872088074365186,0.39806826221018077,0.39865027323519703,0.4009417035573139,0.3983834991258729,0.3944775409634306,0.3866751330954409,0.3850386172331066,0.38190172062590355,0.40440600221156675,0.41131617006996146,0.41557002793514586,0.4244259687136609,0.4283697545970661,0.4310892253847889,0.42922828497451737,0.42507409412043384,0.42622771587187575,0.42594186176487236,0.4278501688400995,0.4264639678643506,0.4252106019249571,0.4227060439191502,0.4227515121329635,0.42184619875132023,0.42160370595623065,0.42199694158824597,0.42260267162834536,0.4229335493340566,0.4226470102999682,0.42316758119118314,0.4238152196418084,0.4236302673696031,0.42245496435423696,0.42233012747092763,0.4221975593600319,0.42154947346619803,0.4208702572130428,0.4203757565794219,0.4213245300301453,0.42181977729829956,0.42278056891774046,0.4230768663882295,0.4233915522387576,0.42367170386667974,0.42428929733174037,0.4244508199033411,0.42417933598718593,0.4242460990317197,0.42364936755423704,0.42473759566454217,0.4250957399772912,0.4246821490273659,0.4245936558043379,0.42241748749219216,0.4220248869797839,0.42183677508767947,0.4252762190636785,0.423992483401352,0.4222026587651915,0.4219207693526202,0.42184903806442403,0.42281965803403265,0.42140501953521514,0.42224439995326785,0.42187741470346873,0.42180191119650173,0.42375739947583796,0.42405874442896285,0.42425678333645456,0.4257635962721066,0.4256492611694218,0.42524463746790064,0.4254555858176477,0.42544391897217626,0.4251302535829071
2003-09-30,0.45529166694304446,0.4505457694458198,0.35617420753997187,0.3835628182120391,0.4170111712196104,0.3918274070753612,0.30769782281912345,0.252414851145618,0.2789266585115342,0.3548115163516179,0.4357641929632161,0.43154308565829896,0.4255174202481886,0.431234070834575,0.4383777591215168,0.43836914030793117,0.4467839384505947,0.43836126372614503,0.4393215427742039,0.43587092239380965,0.4430820981007447,0.44158785810947077,0.43778142844719264,0.4370948535215944,0.4380464841940223,0.44023686099486087,0.43745697356697183,0.4335048934053193,0.4251445909672886,0.42337068804235667,0.4199357347858567,0.44380650124351234,0.45112647843997433,0.45580460009055157,0.4651617349581003,0.4693305495038938,0.4722176461514721,0.4701879506761242,0.4659093224645415,0.4670903007873483,0.4668825520773518,0.4688189527869087,0.46729237077816554,0.465996889368612,0.46335660013553226,0.46339235764119313,0.46251457685151226,0.4622268198018952,0.46266251926126484,0.4632676356301708,0.4636050570301714,0.46328177215726307,0.4637940461160976,0.46446393309878087,0.4642486354148346,0.4630263404641719,0.4628571377588001,0.4627018887952947,0.4620228421269713,0.4613526515996912,0.46084128895271054,0.46183666257008393,0.4623329424745101,0.46329710223499254,0.4635955652949406,0.46391913094249715,0.46419147464081933,0.46478166011414107,0.4649470430819107,0.46467770528790014,0.46474106999221826,0.4641506501520576,0.4652132999154522,0.46556513249354287,0.4651578613669129,0.465071883091726,0.46287313481993575,0.4624675489487026,0.46229328326675934,0.46569346201331446,0.4644063122009686,0.4625936235090498,0.4623293047495109,0.46225263713016934,0.4632240611576538,0.4618232868849006,0.4626497685754784,0.4622866721588224,0.46220292955236936,0.4641473331984939,0.4644537363817156,0.46465093715873207,0.4661528635782602,0.46604262212946623,0.4656379518678536,0.4658497725926138,0.4658443675944207,0.46553329591799086
2003-12-31,0.4534811853128993,0.4487585642726162,0.3549016549745039,0.3835408681231405,0.4155074936459233,0.3906441779149714,0.30780316642086303,0.2529059588078821,0.2777241518498845,0.3510162146693252,0.430394197466908,0.4476674216369867,0.44168994909626125,0.44542281258463035,0.45459744637446714,0.4543443922728764,0.4629358722739368,0.4540179498284912,0.45520122940977975,0.45114767237482334,0.459510213434519,0.4575338656044243,0.45316650069795783,0.4524518474661773,0.4538370254785413,0.45589726797419766,0.45287045530739206,0.4488859312464068,0.43991699410386675,0.43798790033195517,0.43422138326283277,0.45956332638691716,0.46729132614433394,0.47245272117349035,0.4823459392625708,0.48676522602690203,0.48981695474332004,0.4876080309861489,0.48319933455148645,0.48440945088488696,0.484287724084722,0.48624394257854753,0.48456539186241326,0.48321902416358425,0.48044431767297513,0.48046690480603693,0.47961422811941273,0.47928355360228,0.47975990931092605,0.4803643637997977,0.4807082431436792,0.4803480978147905,0.48085282729291023,0.48154531939276707,0.4812991223388411,0.48002839077541193,0.47981426298712193,0.4796360449210244,0.47892459810347504,0.47826318859988437,0.4777341496834252,0.47877745831491547,0.4792749413255596,0.4802428436177819,0.4805436609240568,0.48087627468104294,0.48114087552721807,0.4817029506874656,0.4818721990539674,0.481604927773027,0.4816649181119328,0.4810808125078256,0.4821173446350332,0.4824623949281207,0.4820616260585199,0.48197856239511405,0.4797567784996586,0.4793377955882958,0.4791778520365514,0.48253800962120835,0.48124715270022833,0.4794106341170482,0.47916471333596256,0.4790828765033788,0.4800542511796239,0.4786674265157231,0.4794803843048938,0.4791212672264501,0.47902857171878493,0.48096135159163045,0.48127309263309115,0.4814695970670573,0.48296647765732537,0.48286042625237824,0.4824556919899984,0.48266844174391116,0.482669334215778,0.4823610520514838
2004-03-31,0.45185692819406054,0.4471608762257787,0.3538443580705325,0.3835625422816502,0.41418700664665653,0.3896278994991869,0.30800467123385045,0.2535028081513118,0.276768836550166,0.3476664089011514,0.4255591768985916,0.44297416892607905,0.44031855089407745,0.439838994526395,0.4516619990730267,0.4511115528216598,0.4597210937700834,0.4503408981413665,0.45180958688199785,0.4470633308533336,0.4567791596495329,0.4542367180153143,0.449242957870711,0.4485092474441327,0.45040190202523434,0.4522989898456616,0.44899796526417696,0.4449977944023868,0.43536399247860474,0.43325954310507325,0.42912387791108236,0.4560526968464615,0.46418405734137136,0.46989431203031984,0.4803609855566355,0.4850587310747959,0.48827064717344554,0.48587130772345105,0.48132673860381725,0.4825678634231271,0.48254090184283943,0.48450717707655333,0.48266403502950417,0.4812568470111734,0.4783500039372881,0.4783554730211694,0.47752495291811276,0.47715434252658023,0.4776689755537196,0.47827270823939705,0.4786228709907351,0.47822590577594526,0.47872401978326495,0.4794393742604155,0.47916178757877137,0.4778412262193825,0.4775817775676158,0.4773803850101678,0.47663504694782677,0.47598208548433213,0.47543452221136,0.47652703481908154,0.4770259000221234,0.4779979504740908,0.47830132487566196,0.4786431280446133,0.478900106703412,0.47943340806385926,0.4796065008194962,0.4793411870288259,0.4793978496805724,0.4788200266976412,0.47982996830716024,0.4801677110528394,0.4797736137928006,0.4796939247242229,0.4774487034650806,0.477015923183403,0.4768707729731311,0.4801902285314048,0.47889534110275217,0.4770340126466436,0.47680734589556256,0.4767200971401848,0.47769042152885327,0.47631755913278495,0.4771163409120415,0.4767612789324156,0.47665885213785036,0.47857943810514125,0.47889681236460957,0.4790927847611954,0.48058446163066465,0.48048268555343326,0.4800778630753222,0.48029160517093233,0.4802987994187669,0.47999352206854384
2004-06-30,0.4503978952259553,0.4457318767245394,0.35297930738337235,0.38362046855320475,0.41303090000882103,0.3887607564942792,0.30829049753636956,0.2541948834153459,0.2760407355191725,0.3447309199074826,0.42122924365679426,0.4387279166164893,0.4378114172922837,0.4379178742642861,0.4533603770909053,0.4524296066945425,0.4607355605647244,0.4509549606468495,0.45278047059406723,0.44723070457970926,0.45854235593877335,0.4553383396720776,0.449649245962218,0.44890977815682725,0.4513959522290893,0.45309241214611407,0.44948781387369996,0.4454925572843502,0.43513132453396025,0.432828612729937,0.42828150330138026,0.456925722216387,0.4654523714337486,0.47178429597262533,0.4828644368646398,0.48787139374987254,0.4912373788432992,0.48863568744117886,0.48394928362828316,0.4852233757712301,0.48530082859604473,0.48726572693686476,0.4852442516379698,0.48376501711530284,0.4807294392317474,0.48071329912977523,0.4799014006911848,0.47949456142077757,0.4800444380383007,0.4806473757253681,0.4810035437716295,0.48056998165355985,0.48106261032882086,0.481800964655416,0.4814915766218216,0.48011986403286855,0.47981489486301454,0.4795902210892253,0.4788094512584818,0.4781645034609032,0.47759753419479595,0.47874043163127067,0.4792408665928826,0.4802175042527486,0.4805236535010096,0.4808747546283376,0.48112429624715214,0.4816282105972233,0.4818050958104697,0.48154159646595857,0.48159500459687243,0.4810233924947167,0.482006353020369,0.48233620149094536,0.48194892823460417,0.48187314191701636,0.4796041505797996,0.47915718966379306,0.4790272943878174,0.4823054610207873,0.4810061855585104,0.47911905740061156,0.47891252834710085,0.4788196147548113,0.4797877191266694,0.478428744620025,0.47921267052268973,0.47886172083202216,0.4787487134368375,0.48065650240207036,0.48097982153457886,0.481175451917902,0.482661769755533,0.4825643401036201,0.48215939727572515,0.4823742019982463,0.4823876653485101,0.48208562963394735
2004-09-30,0.44908560003051734,0.4444530273652558,0.35228575136146556,0.38370861630499237,0.41202203162088125,0.3880266887765577,0.30865021748898996,0.25497225875943796,0.27552044723032565,0.3421783793524913,0.41737191343081426,0.43490815489455903,0.4355621331420718,0.43364193261218537,0.4354710045715752,0.43401455870936584,0.44136407706172986,0.4312869211073214,0.43354197863424293,0.4270467852009509,0.44024575890230994,0.4362731406310685,0.42981759871390274,0.4290914595423315,0.4322721186814813,0.4337253751685558,0.4297857899152095,0.42582058981242765,0.41466196552668316,0.4121348751897399,0.40712853368241525,0.4376317874834562,0.4465416189563224,0.4535759480889023,0.4653123681354975,0.4706622902973797,0.4741743005087757,0.4713575445385473,0.4665232104813726,0.46783231398331077,0.4680248211878879,0.4699750270776102,0.46776027048941005,0.46619633004788863,0.46303671830736387,0.4629938733913779,0.462196397540341,0.461757864843704,0.46233920191930566,0.4629412564371914,0.4633030314528829,0.4628333099891882,0.46332181233034775,0.4640831601998741,0.46374165549937785,0.46231756674545854,0.46196711207401026,0.46171916738942403,0.4609013797775418,0.4602638949573177,0.45967660547624134,0.46087095337130524,0.4613731538466721,0.4623548533422186,0.4626640106562101,0.46302447879947867,0.46326684319940603,0.4637408212606756,0.46392141025859107,0.46365954303556384,0.4637098007167869,0.4631442807764728,0.46409997087859145,0.4644212692188139,0.46404095076596125,0.4639696723968058,0.46167666633186133,0.4612151658151809,0.4611009711843356,0.4643373788020191,0.46303331942779563,0.4611193973503347,0.4609339155057847,0.460835073534319,0.461799594420169,0.4604543294352976,0.461222690975477,0.4608758875737302,0.46075137219955226,0.4626457259410385,0.46297531831800964,0.4631708262428796,0.4646516335887938,0.46455860350645556,0.4641534989923088,0.4643694437280254,0.4643890999221988,0.46409056642196833
2004-12-31,0.4479037481047464,0.4433078256276205,0.35174499669850035,0.38382204983918305,0.4111448194190924,0.3874112356512563,0.30907464028649434,0.2558256382183812,0.27518936262065663,0.3399778709633836,0.41395340546327236,0.4314907458810264,0.43355923322322104,0.42977121430585014,0.431378894995892,0.43185072481881753,0.43689986618208365,0.4266981811291099,0.4294376006320764,0.42180857856336024,0.4372437128332125,0.43238633172816193,0.4250933586685567,0.4244073821374364,0.4284022339471182,0.4295637284559686,0.4252558088241394,0.42135144692983995,0.40931672935943625,0.4065353559826672,0.40101553155985814,0.43353947509473806,0.442815621172278,0.45064177043342196,0.4630802439879104,0.46881013188116166,0.4724579139883516,0.469412589012684,0.4644241302962549,0.4657703674671192,0.46608965054897095,0.46800973239114,0.4655854529780976,0.46392256008520116,0.4606451211913309,0.4605698042502365,0.459781801448491,0.4593170569214736,0.4599252143332206,0.46052628067755874,0.4608931254403833,0.46038793510929193,0.46087393034278534,0.4616580933676198,0.4612842748382947,0.45980671194153977,0.4594110873203204,0.45914002052867914,0.45828358984962625,0.4576528839507514,0.45704432937320416,0.45829104479270744,0.45879521422617975,0.4597824878135923,0.4600949022043632,0.4604647589945151,0.4607002923974892,0.46114386523042517,0.46132802564206843,0.4610675629124998,0.461114810314022,0.4605552088474699,0.46148346305441035,0.4617954775444655,0.46142221752335233,0.4613561393866554,0.45903898626072454,0.45856262069641807,0.45846454850032486,0.46165887168342046,0.46034958928837344,0.45840788161732093,0.45824437968351883,0.45813933467134527,0.45909868530675013,0.4577668272519338,0.4585188864001925,0.4581762344773155,0.4580391975919994,0.45991944037087984,0.46025565127924906,0.4604512904283005,0.46192644104117475,0.4618378410730128,0.4614325228996279,0.461649691971897,0.46167541340745355,0.46138066894572183
2005-03-31,0.4468379580668666,0.44228157886138764,0.3513402222838169,0.3839567251617121,0.4103851323411365,0.3869013907460145,0.3095556593569119,0.25674637360124614,0.2750298128199878,0.3380994015660383,0.4109396361775129,0.4284493478917829,0.4317886029821695,0.4262953558177409,0.42771336960936235,0.42749101680009627,0.4388783122780737,0.42885401872986934,0.43207406291716327,0.42305564282844654,0.44113934847639896,0.4352803340403886,0.42708319223353164,0.42647442031561,0.43142722709949904,0.4322411232256175,0.42752987179824375,0.42372417905213655,0.41072418564480545,0.40765411050958467,0.401558863332635,0.4362869170339458,0.44590690656480236,0.45462378580396035,0.4678132143123169,0.4739635667340286,0.4777343392974075,0.47444615275407576,0.4692973251298063,0.47068288401925706,0.47114184238183215,0.47301399031547314,0.47036256802341775,0.46858472178081856,0.4651974094541119,0.46508310804592745,0.4642987810764615,0.4638143875068354,0.4644437453214113,0.4650436996258088,0.4654149170687069,0.46487524745838565,0.4653606506335871,0.46616724470399223,0.46576106005651663,0.4642290897972937,0.4637889463760661,0.4634950700435815,0.4625983411026296,0.46197357712359405,0.4613427851803419,0.46264259525768525,0.46314894399992373,0.4641423433730492,0.4644582795898163,0.4648374898023575,0.4650666384002876,0.4654794372704514,0.4656669846304311,0.4654076465364965,0.4654520660898811,0.4648981450565802,0.46579894909806013,0.46610085813015384,0.4657347262381505,0.4656746391297939,0.46333335013811505,0.46284183945628216,0.4627602771743968,0.465912369496711,0.4645973760616724,0.46262690249379523,0.462486332531023,0.4623747981083032,0.46332713303079154,0.4620082307169602,0.4627432188732337,0.46240468791390843,0.4622540205797817,0.4641194364599223,0.4644626279671301,0.46465869176724367,0.4661280460605469,0.46604387836698513,0.46563828232765236,0.4658567663888554,0.46588836493021085,0.46559772535344107
2005-06-30,0.4458755202664969,0.44136120344883845,0.35105630663944787,0.3841093228747512,0.409730182502199,0.3864854675107355,0.3100861188662835,0.25772646564433,0.27502516239716723,0.3365142362389632,0.40829696593750886,0.42575651543668847,0.4302344799888023,0.4231979131960728,0.42445356416712565,0.42361154188268735,0.43326260148312246,0.3906190631307838,0.3941920651764279,0.3834433149250357,0.40465149579228943,0.39769573045766005,0.3885395699137881,0.38805811574140603,0.39414425575137146,0.39454537413177626,0.38939472778441486,0.3857345272885453,0.3716673115611402,0.36826868236346283,0.36152681476713,0.3986690394211471,0.4086038296800954,0.4183207150276128,0.43231329328837576,0.43892836023062837,0.44280645724985046,0.43926036157756937,0.43394493934025236,0.43537205288503067,0.4359848655015486,0.4377885970799351,0.43489095504400554,0.432980219260154,0.42949301829998265,0.42933239403742063,0.4285449882377991,0.42804874549763494,0.4286925630633359,0.4292912603822579,0.42966597014808494,0.42909316622388904,0.42958022876112123,0.4304086237049564,0.42997019871723974,0.4283830999784486,0.4278994912793269,0.4275833117086727,0.4266446131241412,0.42602477850989695,0.42537075469691543,0.4267241448015575,0.42723288894153855,0.42823300661409136,0.4285527445161269,0.42894120477267605,0.4291645305337237,0.4295463111836174,0.4297369986887588,0.4294784451346072,0.42952026891954587,0.4289717148153039,0.4298452389329343,0.4301361214270486,0.42977714516782073,0.4297239514571988,0.42735872190391583,0.4268518467903878,0.42678713406754853,0.42989707083467543,0.42857582275174194,0.4265756256408658,0.4264589536521697,0.42634063101022374,0.427283803136365,0.4259772271186293,0.42669434392322003,0.4263598591656851,0.42619434634537523,0.4280441761470713,0.4283947264740901,0.4285915550522478,0.43005498155279714,0.4299752126358965,0.4295692605179164,0.4297891552823035,0.4298263712742093,0.4295401845629509
2005-09-30,0.44500518760309826,0.4405350463676866,0.35087966852403574,0.3842771111178274,0.4091684202179845,0.3861529750640594,0.3106596971002095,0.25875855265437503,0.2751598600726916,0.33519512558689074,0.4059927476176956,0.4233845381338361,0.42888022674100973,0.4204582981760472,0.4215751162195931,0.42018129976033086,0.42824662372752825,0.3847126544167557,0.39669243098368806,0.38380382081122116,0.40866306824581194,0.40059187943648666,0.3904488615016716,0.39016069863935526,0.3975981735713058,0.3975084536475037,0.3918824061252741,0.3884262973523183,0.37317410802720874,0.3694004623291315,0.3619294839769186,0.40172898791523576,0.4119418692731975,0.4227793342666079,0.43763071966972555,0.4447587478189397,0.44872522356223077,0.4449054934766975,0.439417364020018,0.44088827692822874,0.441670508664155,0.44338233762183243,0.4402178770202029,0.43815418563920655,0.43457944949033983,0.43436424974590393,0.43356592871772426,0.43306705499691955,0.4337173083022916,0.4343145801765629,0.4346916924281865,0.4340875239078774,0.43457888001863465,0.4354281507389065,0.4349578309691875,0.4333151546204931,0.4327896184169583,0.43245187154337206,0.4314695355048275,0.430853415855169,0.43017515121108324,0.4315822993316605,0.4320936590021518,0.4331011289922515,0.4334249620674139,0.4338224871609688,0.4340406863902332,0.43439135899187853,0.43458486485908215,0.43432668619115655,0.4343662048893845,0.4338226154611564,0.43466925543067614,0.4349480773287614,0.43459623181317286,0.43455096047050223,0.4321622230494254,0.43163984506492925,0.4315922559701679,0.43466038804586227,0.4333322781770428,0.43130143704492496,0.4312096354209622,0.4310842123779757,0.4320157202840238,0.43072062636674135,0.43141903826201344,0.4310884700082741,0.4309067780511003,0.4327402158311384,0.4330985180116229,0.4332965069302827,0.4347538836858491,0.43467843514527493,0.43427203277170273,0.4344934367849058,0.4345359257744634,0.4342545755492359
2005-12-31,0.44421699411533516,0.4397927266763413,0.3507981202330675,0.3844578334510323,0.4086894330381333,0.38589450399975883,0.3112708045839403,0.2598358900231188,0.27541945661550327,0.3341164480098892,0.40399571681949564,0.42130606962328576,0.42770891964471114,0.41805329502683025,0.4190515823002259,0.4171676586781793,0.42379654084601504,0.37951587037749673,0.38981658622789905,0.36661367697049896,0.3956762887480683,0.3866755206191509,0.3755768196075328,0.3755650682403986,0.3846308762840402,0.38395295760335746,0.3778176204537289,0.3746401334762589,0.35806530699550254,0.35386205126273124,0.3455655044861127,0.38830693981797315,0.39875233207338423,0.4108432386864712,0.4266127271844125,0.4343061853963222,0.43833838115736024,0.4342287560526362,0.42856205002207115,0.43007896764572784,0.4310476793086989,0.43264074149767806,0.4291872988734575,0.4269482483372174,0.42330110446972313,0.423022065995744,0.42220377037966517,0.42171311464806455,0.4223603072035326,0.42295595896481186,0.4233341451937894,0.42270089317113435,0.4231996133270038,0.4240684799511709,0.42356688377296214,0.42186852919922346,0.42130318911817266,0.4209448839547475,0.4199172743576255,0.4193034225943403,0.4185999051385876,0.420060597919421,0.4205747948792894,0.4215902923082444,0.4219185249415871,0.4223248311007226,0.42253875644122074,0.4228584229624135,0.4230543346334572,0.42279604070910726,0.4228336145924559,0.42229448277961124,0.4231149110054273,0.42338050936361027,0.4230357045863553,0.4229995286049695,0.4205880240107668,0.4200501121385938,0.4200198317123094,0.4230468541069636,0.42171120222216085,0.41964885253851025,0.4195828895979898,0.41945003937226377,0.4203669616572814,0.419082245446588,0.4197610838616145,0.4194342339520474,0.41923489574724443,0.42105108465672014,0.4214175441704519,0.4216171555509216,0.42306837137558373,0.42299710803460366,0.42259014311108756,0.4228131541266593,0.42286047062373094,0.4225843801213788
2006-03-31,0.4435020975226664,0.43912499471077426,0.35080073301946074,0.3846496173962156,0.40828384959140196,0.3857016216835078,0.31191449506570973,0.2609523233041092,0.27579059780725373,0.3332542856460793,0.4022762563839671,0.4194945881295195,0.426703790378024,0.415958237242047,0.41685553158247857,0.41453744344215554,0.41987503753368727,0.37497521259737177,0.38376712867124274,0.35986448633812496,0.40555040769731376,0.3962948642644768,0.3844015906466153,0.3847626379169101,0.3958176064267745,0.39442266160340805,0.3877498599991107,0.3849478870023499,0.3668872242580427,0.3621896457740742,0.3529535436075211,0.39897446003566794,0.4095966633433564,0.42308721492559187,0.4398379319127387,0.44815369768053676,0.4522247750149595,0.4478086961782794,0.4419579663327873,0.44352297715102496,0.4446968379816648,0.44614046707682764,0.44237430756387663,0.4399349374878093,0.4362337799019569,0.4358805238891459,0.43503181022824744,0.43456210372942794,0.4351950447218513,0.43578885246819765,0.4361665130433162,0.4355070795559157,0.43601673253537254,0.4369034862105998,0.4363715730382236,0.434617886967934,0.4340155801493121,0.433638051986625,0.43256360421231055,0.43195030406508883,0.43122053534423915,0.4327340594761855,0.4332513136949654,0.4342755527461567,0.4346084956755535,0.43502317983355787,0.43523386662791547,0.43552286798550205,0.43572066214086375,0.4354616693876161,0.4354977419797188,0.43496243626736397,0.43575766618688616,0.43600873021824404,0.43567079500505246,0.43564505178671287,0.4332119231151272,0.4326585890838095,0.4326456820976356,0.43563272240475615,0.43428876351005485,0.43219412117612394,0.43215494674430405,0.4320143263090195,0.4329132387322867,0.4316374783278926,0.43229583730078713,0.43197242180828366,0.43175381889781683,0.43355184621152915,0.4339268771540463,0.4341286540336644,0.43557360942597567,0.43550632391506916,0.4350986636762885,0.43532337303314106,0.4353749503910481,0.4351045870120791
2006-06-30,,0.4385236070222238,0.3508777139890396,0.3848509000487736,0.4079432487595602,0.3855667765189995,0.31258638772231223,0.2621022569819265,0.27626099884396976,0.33258644920390396,0.4008065619402957,0.41792472275547743,0.42584854912178477,0.4141479087645413,0.4149593773782802,0.4122577564295324,0.41644298766728666,0.37103722373071524,0.3784755013237493,0.3539606109086859,0.3974618346976439,0.4238223953139869,0.4115652995914854,0.4123917917954588,0.4259188446864304,0.42362268809096404,0.4163957397771109,0.41409877251743993,0.39435573975665794,0.3890863692546621,0.37877438964665655,0.4284805055948174,0.4392125597948533,0.4542634219604332,0.47206254379553003,0.4810620222197208,0.48514047383491155,0.4804014581590256,0.4743619254104724,0.4759768849022568,0.47737628585407654,0.4786355294008735,0.4745313951095317,0.47186395982580753,0.4681310549848921,0.46769197313627825,0.466800829105382,0.4663669863445869,0.46697252772040604,0.4675642348571202,0.46793946306524387,0.4672575114905597,0.46778223701953736,0.4686846467237079,0.4681238057965007,0.46631571126668275,0.4656801508288253,0.46528512720450177,0.46416240412456167,0.46354762640186614,0.46279064517050317,0.46435564539062446,0.46487617025056704,0.4659098996996076,0.4662478628589169,0.4666703766433537,0.46687907490513536,0.46713805117849294,0.4673370681229613,0.4670766840555654,0.4671117993500096,0.4665795394181239,0.46735100768711985,0.46758605587304414,0.46725471738812424,0.46724093285330676,0.46478785283253365,0.46421939848803273,0.4642237675241226,0.4671725012862768,0.4658193711683768,0.46369176468500833,0.4636802902431174,0.46353153808397074,0.46440840749358997,0.4631397902956327,0.46377672326660657,0.4634563501034569,0.46321669077131844,0.4649955818022264,0.46537960097508235,0.465584186079802,0.4670227935739396,0.466959186104743,0.4665506747604269,0.46677715890671184,0.4668322840545474,0.46656816461612294
2006-09-30,,,0.35102029378419,0.3850603677616308,0.40766007447458835,0.38548321063391083,0.31328259915296025,0.26328062060705887,0.27681940529557,0.3320924640355775,0.3995607303418771,0.4165724734202046,0.425127613746189,0.41259722289602646,0.4133359972291152,0.41029658296896737,0.4134607292337197,0.3676495384567082,0.3738752756308911,0.3488303192223694,0.3903452320830316,0.41692167659411683,0.40088884812996145,0.40225139757989037,0.4189147233132933,0.4154293680898371,0.40765089505079155,0.4060375316943751,0.3843713038303781,0.3784363305993297,0.3668832454537937,0.42076909180498456,0.4315320810165115,0.4483195861889949,0.46723862080066547,0.4769877529221205,0.4810369138032907,0.47595912191103745,0.4697270149392144,0.4713933729808798,0.4730405388560188,0.4740756024031301,0.46960684345265197,0.46668057866848045,0.46294282098623163,0.46240495226893275,0.46145758355601496,0.4610770669624339,0.4616397881642469,0.4622291013459449,0.4625996437101366,0.46189978096514006,0.4624443756443406,0.4633595695979805,0.46277173680970163,0.4609109031790529,0.46024688764739285,0.4598365712439685,0.45866434187788585,0.458045691435676,0.45726060731531026,0.4588748988134571,0.4593988943881586,0.4604428895839707,0.4607861711978277,0.4612157878602856,0.4614240015672961,0.46165396981532003,0.4618533802339191,0.46159078470731363,0.4616256091694082,0.46109543529465036,0.46184510796854716,0.46206246002561624,0.4617373172983154,0.46173723475679,0.45926657851393593,0.45868355982726966,0.4587048886297347,0.4616176915509552,0.46025440860115463,0.45809332167046973,0.45811039303455103,0.4579531260577082,0.45880317275451604,0.45753940078183164,0.4581539161744814,0.4578360557957938,0.45757334775428476,0.4593320582550241,0.459725476311708,0.45993363690279465,0.46136582050949887,0.4613054720713349,0.4608959280602604,0.4611242360198988,0.46118201727867403,0.4609247141568571
2006-12-31,,,,0.3852769074000631,0.4074275562613813,0.3854448804248285,0.31399968390953736,0.2644828335975074,0.2774555447129495,0.33175352743198017,0.39851478878872465,0.4154153472716541,0.4245262646492247,0.4112817226303348,0.4119591834925551,0.40862322391106076,0.4108890227266019,0.3647616486590088,0.3699029003693245,0.3444045060955926,0.38411523396213115,0.4108782189114568,0.3939533541392909,0.4238721683099289,0.4445956637916496,0.43942719904935523,0.4311248424077455,0.4304491758776535,0.4065590413410278,0.39984321891535624,0.38684577985146024,0.4455226976892811,0.45622620013629167,0.4749436718843596,0.49505884813417694,0.505627942325844,0.5096055433411779,0.5041746214121638,0.4977476482674067,0.4994661938547672,0.5013852923776929,0.5021508953975944,0.4972897227136289,0.49407061395114027,0.4903604808411371,0.48970937870255316,0.48868996149171906,0.48838322916857163,0.48888505411962246,0.4894716383418321,0.4898348510690133,0.4891228669769435,0.48969288713777026,0.4906171998723024,0.4900050131384875,0.4880940824127774,0.487407769108234,0.4869849433586655,0.48576229323621856,0.4851369437739232,0.484322984889322,0.4859833030188166,0.48651094666615896,0.4875659963747,0.48791486668903694,0.4883506384896991,0.48856017457008727,0.4887626305964443,0.4889613918788436,0.4886956140897425,0.48873096515915193,0.4882016992185534,0.48893221062067904,0.4891299526402412,0.488810441959598,0.48882605716496197,0.48634113843916044,0.48574445259380206,0.4857821290121498,0.48866227998569484,0.4872877219929898,0.4850928503863274,0.48513921006766936,0.48497301930216846,0.485790536107172,0.4845287019775456,0.48511975702338,0.4848037036922152,0.48451571941106,0.4862531259112367,0.4866563343433037,0.48686899547800766,0.4882946887317778,0.48823702523529705,0.4878262383083939,0.48805637339544916,0.48811569889438317,0.48786584731023286
2007-03-31,,,,,0.4072396355162094,0.3854463844016343,0.3147345824710266,0.2657047697056767,0.2781600721237705,0.3315524451577139,0.3976466790729748,0.41443243020354564,0.4240307413291451,0.41017793838961464,0.41080395894143745,0.4072085908439508,0.4086897549610998,0.36232543900650516,0.3664982095271025,0.3406173652247678,0.37869056040739324,0.4056054048258644,0.38791214631329646,0.41687283724201724,0.47715667799699824,0.469360385296564,0.4605716558057568,0.46120375734071334,0.43470661293524143,0.4270654273764836,0.41236951304453795,0.47660365821094763,0.4871487528843008,0.5080080260032425,0.5294008770873228,0.5408641594501951,0.544721999833165,0.5389263013500398,0.5323043101610968,0.534074794846638,0.5362920415273189,0.5367366629192573,0.5314545783332505,0.5279051412376752,0.524261917463439,0.5234815074612584,0.5223718986369965,0.5221629620336458,0.5225826871026542,0.5231661595617164,0.5235189610968088,0.522802146546671,0.5234040330173816,0.5243328055542689,0.5236998134975415,0.5217427044125761,0.521041970697499,0.5206101361923481,0.5193366221961782,0.5187012348903689,0.5178578151223421,0.5195594783359457,0.5200909115295608,0.5211577973928174,0.5215124747385445,0.521953177290875,0.5221662076161433,0.5223432605965614,0.5225400587884378,0.5222699486635974,0.5223068321767133,0.5217770272312758,0.5224918637329881,0.522667804141801,0.5223531532992784,0.5223867576668795,0.5198921538146599,0.519283158459128,0.5193361689870969,0.5221881237364991,0.5208009978043072,0.5185723258613385,0.5186485611278372,0.5184730057233278,0.5192511171918341,0.517987539705331,0.5185540317399283,0.5182388518037918,0.5179230836863825,0.5196379710069401,0.5200513232626935,0.5202696127866333,0.5216887547294962,0.5216329986187275,0.5212207267916469,0.5214526201885389,0.5215121033621606,0.5212704101704514
2007-06-30,,,,,,0.38548289778267664,0.3154845757096441,0.266942721904067,0.2789245119614609,0.3314735536255183,0.3969362085981909,0.41360440862251757,0.4236282937883042,0.40926363270964644,0.4098467857263677,0.40602539314583486,0.4068264394486329,0.36029554005068726,0.36360473849858665,0.33740683130639637,0.3739945326015212,0.4010235719294725,0.3826683877228498,0.410744909263727,0.47046646396092595,0.45888922170623614,0.44954773893372774,0.4520299942213295,0.4224273187998211,0.41367341136682007,0.3969555243315849,0.46771931559708624,0.47800693610641987,0.5012402208472925,0.523998507415296,0.5364332236289969,0.5401170988888009,0.5339494238101579,0.5271353397295594,0.5289559225042918,0.5314996826203663,0.5315646647065041,0.5258331470219826,0.5219122344009235,0.5183836037068494,0.51745603168354,0.5162354263218627,0.5161525552721119,0.516465258568468,0.5170451807213067,0.5173840006075189,0.5166715751277597,0.5173128067975512,0.5182401222467061,0.517591067131807,0.5155933872522068,0.5148883134324624,0.5144518665537111,0.5131277343244119,0.5124783546966304,0.5116051685232939,0.5133416204841388,0.513876930365799,0.5149563958039505,0.5153170117062986,0.5157610703320106,0.515980211394835,0.5161347639677674,0.5163279357782594,0.516052127856575,0.5160917878188288,0.5155596619954163,0.5162634080054348,0.5164150210416812,0.516104188161931,0.5161584229301508,0.5136604247257107,0.5130411022414618,0.5131078868598131,0.5159376504451105,0.5145364534172715,0.5122743577152615,0.5123808287809505,0.5121954276057262,0.5129257659010653,0.5116557695558851,0.5121965237032926,0.5118809858950424,0.5115345872597516,0.5132256321727734,0.513649416510383,0.5138747265126028,0.5152872547066194,0.515232359135418,0.51481832558063,0.5150517984309186,0.5151097055648246,0.5148769600586967
2007-09-30,,,,,,,0.316247245018383,0.26819336824573836,0.2797411984020253,0.3315026327756363,0.3963649775186134,0.4129135537259738,0.4233071993959124,0.4085179560737242,0.4090656909076409,0.40504824078822504,0.4052645554272064,0.3586295379105453,0.36116989001928057,0.33471484012194824,0.36995537640225507,0.3970597547841851,0.3781345993499201,0.40538975709840774,0.46457347131401877,0.4516053543382872,0.407479629211713,0.41260017806424265,0.3792266846146275,0.369102662139296,0.3499425377139106,0.4284837011517688,0.4384337623231943,0.4642961232529157,0.4885153464029983,0.5020001372524006,0.5054502667878125,0.49891028607642385,0.49191146131442753,0.4937778892517303,0.49667878443266156,0.4962972505772853,0.49008880872426264,0.48575146572882877,0.48239560849350804,0.4813010795478624,0.4799456015981962,0.4800222294894093,0.48019851975211447,0.48077438674387757,0.4810951113886534,0.4803988037897461,0.48108808959404187,0.4820064190991581,0.4813476238460468,0.4793172325552628,0.4786207545362925,0.4781852245816176,0.4768117141547872,0.4761436392131653,0.4752407954433987,0.4770029779416408,0.47754217146262257,0.4786348755600515,0.4790014241908262,0.4794468152203646,0.47967523216861696,0.4798112239275668,0.4799986508839793,0.4797155180448265,0.47975950365260145,0.47922285220280736,0.4799215229896585,0.48004587503147145,0.47973746595306604,0.47981539122593386,0.4773226288079667,0.4766958138255832,0.47677406515815807,0.4795897039831681,0.4781726696578264,0.4758780604858213,0.4760148010175805,0.47581902090019523,0.47649128483485875,0.4752089009403384,0.475722652683337,0.4754051334282777,0.47502483938465057,0.4766905890461452,0.477124989755977,0.477359061276491,0.4787649006504214,0.47870945929081754,0.4782933492877092,0.4785280586062941,0.47858221116499966,0.47835929864051707
2007-12-31,,,,,,,,0.26945373909717546,0.28060321561899737,0.33162681363108437,0.39591628944301427,0.4123436781627618,0.4230567537941276,0.4079215336487214,0.4084403274769779,0.4042536823820934,0.40397176008131896,0.35728807267261575,0.35914498412436036,0.3324874468849825,0.3665063593425527,0.3936473704147016,0.37423191285784563,0.40071946358227695,0.45938051679640074,0.44517416612435606,0.40223373265335505,0.3819743948646087,0.34385769748259754,0.33197450261685457,0.30981290086193225,0.3977453050333597,0.4073369726594137,0.4361098767935802,0.46189581692670006,0.47650789262041293,0.4796602876835444,0.47275783615585837,0.4655880349824605,0.4674924300682327,0.47078347083162225,0.4698789896814861,0.46316873930180125,0.4583661368540931,0.4552545319556298,0.45397114029404706,0.4524533469051163,0.4527292511384007,0.45273429688946143,0.45330552315931877,0.45360343984922163,0.4529382846855731,0.45368580760209953,0.454585530952902,0.4539254330555125,0.45187321645324285,0.4512020170625748,0.4507743852359342,0.44935416146683616,0.4486617656657681,0.44772997614738896,0.44950546379377665,0.4500484314847726,0.45115488163652506,0.45152714687424933,0.4519712637260945,0.452212808376811,0.4523355485093161,0.4525145119861892,0.45222210530232454,0.4522723622688365,0.4517284389639551,0.4524299355904574,0.4525235877656132,0.4522157433808076,0.45232092766399135,0.4498452461935486,0.449214942308156,0.4493013263812885,0.4521136787011118,0.45067870652099007,0.4483532222213762,0.44851980120414114,0.44831304052792265,0.44891438976774667,0.44761194713319774,0.4480973177285564,0.4477756715767832,0.4473576910535767,0.4489965344568495,0.449441576735648,0.449686617543283,0.451085663571957,0.45102778623350226,0.45060924438103706,0.4508446062103152,0.45089224734052846,0.45068016650891396
2008-03-31,,,,,,,,,0.2815043390904427,0.3318344836046907,0.3955750515836217,0.41188007297639057,0.42286724274397197,0.40745649898307756,0.40795198622617734,0.40362019427183743,0.4029180021744239,0.3562348517386021,0.3574852202032427,0.3306748359912792,0.36358579909173033,0.3907258656977237,0.37088935765595166,0.39665571422626167,0.454802501217374,0.43950219219362374,0.39767989327555364,0.37893244868229936,0.265552903976723,0.2512549209304731,0.22532413152107422,0.32474213566860577,0.3340946377217736,0.36609125070095794,0.3935643108440797,0.40937458751614475,0.41216416427720226,0.40492354949529297,0.3976059399425915,0.3995349936108472,0.4032517891089571,0.4017366815687925,0.3945046634874144,0.38918415087988956,0.38640536776508094,0.3849089164189628,0.3831971878278278,0.3837200539602569,0.3835123077252047,0.38407820714169183,0.38434794911212056,0.383733390094686,0.38455112255975604,0.38541987257165905,0.3847697669924004,0.3827107118826579,0.3820864503263186,0.3816755845714508,0.38021334456531697,0.3794898478414834,0.3785306941116584,0.3803024918591952,0.3808489572275543,0.3819694119822562,0.38234686244598404,0.38278633172621535,0.383045728622612,0.3831623550145657,0.3833293360253316,0.38302530549511693,0.3830843019251363,0.3825296568695423,0.38324439411319994,0.3833032720154571,0.38299351332043186,0.38313015155727226,0.38068784241326403,0.38005966512683925,0.3801494314047663,0.38297310295511944,0.38151766060572445,0.37916393620730243,0.3793592657824768,0.3791408317560112,0.37965504707932785,0.3783226061256818,0.37877806819575016,0.3784494495031094,0.3779893153485224,0.37959944574485,0.3800549176195552,0.38031376737794553,0.3817058618549858,0.38164300199293166,0.38122163005958287,0.38145671071181586,0.38149432026060015,0.38129420609963877
2008-06-30,,,,,,,,,,0.3321151919050233,0.39532766894837085,0.4115094311058541,0.42272990041609887,0.4071064876621766,0.40758357086396274,0.4031281334191228,0.402075560060464,0.3554365993992942,0.3561495739342725,0.32923124918350344,0.3611369748637397,0.38824034188624823,0.3680431844751174,0.39312879761402986,0.4507648822896636,0.43450571520886905,0.39373437524629357,0.3763812636878745,0.2655427504527154,0.2583136331614113,0.22749087669301904,0.34109736667308166,0.35062648625859766,0.3861995201481411,0.4155023134812512,0.43256699643984187,0.43493392421951677,0.42739923463205753,0.4199710295297854,0.42190329647526026,0.42608445612538154,0.42385757761290177,0.4160921191607637,0.4101974482697222,0.40786234616840306,0.4061261519359334,0.40418392480406884,0.40501145269720457,0.4045409468089745,0.4051007051554838,0.40533620354053385,0.40479763774037303,0.40569975650844137,0.40652151468369013,0.40589659658272564,0.40385128831450345,0.40330231228188046,0.4029195679384353,0.4014229001196755,0.40066005310362035,0.39967636383972927,0.40142122519007944,0.40197067464030567,0.4031050052967965,0.4034866436625698,0.4039170696858761,0.40420017103737405,0.4043202905262002,0.4044706912724104,0.4041521800571303,0.40422308187219286,0.4036533366215582,0.4043951176236096,0.4044143356361566,0.40409934906400335,0.40427242051905876,0.4018859605578161,0.40126775924424374,0.4013541939591003,0.40420896748075286,0.40272995670650813,0.4003519973841253,0.4005740651180386,0.4003431427125185,0.4007494526725684,0.3993740162300621,0.39979784632087734,0.3994584628722636,0.3989508202463453,0.40053018663154183,0.40099552874928823,0.40127189262962826,0.4026567903951156,0.4025855048464928,0.4021608609900825,0.4023942237328169,0.4024172583809055,0.40223041273168836
2008-09-30,,,,,,,,,,,0.3951619361278554,0.4112197623851793,0.42263685848753274,0.4068566013800762,0.4073195463367968,0.4027596642835142,0.4014190226728772,0.35486295978069093,0.3551006474402658,0.32811485397025175,0.35910796747867435,0.3861411685118977,0.3656362275368903,0.3900767028845965,0.44720234351185517,0.43010981641472124,0.39032357209845214,0.3742513135515388,0.2657715608656652,0.25878593636710034,0.17238050950902672,0.3035344149180045,0.3142437814183854,0.3537962548027248,0.38510732382001456,0.4034530746242332,0.40535516517936,0.3975960607729365,0.3901159258156311,0.3920177316470229,0.39670571845825786,0.39364945174516436,0.3853519504166496,0.3788237285114429,0.3770726363273311,0.3750673081260329,0.372852097760052,0.37405486837288926,0.3732609102953606,0.3738135476152925,0.37400800029409337,0.3735789484256795,0.374582387008918,0.37533623066082883,0.37475706306376033,0.37275377405658794,0.37231751543213487,0.3719775728908276,0.3704581663102432,0.369645816523852,0.36864219872574255,0.370328271476111,0.37087985806746127,0.372027355766942,0.3724115033339076,0.3728271098842315,0.37314125010235977,0.3732778362256517,0.3734055919744338,0.37306909427451845,0.3731560116880993,0.37256554356781024,0.37335278507912595,0.3733264077318338,0.37300174661362123,0.37321722962486026,0.3709177375879918,0.3703204664193228,0.37039412909392283,0.37330697843564853,0.37180054831837916,0.3694042469150718,0.36964974664622474,0.36940535773197447,0.3696767924864023,0.36824119847268066,0.36863141448003256,0.36827618837465953,0.3677144889028346,0.3692607376745074,0.36973489049764696,0.3700336715154693,0.3714110005195912,0.3713266158268099,0.3708982159638492,0.3711277092077253,0.3711302313772,0.37095816526700504
2008-12-31,,,,,,,,,,,,0.4110003038915515,0.42258108946819883,0.4066933507923379,0.4071458682920598,0.4024986678158759,0.40092522846887935,0.3544863668792204,0.3543044873054,0.3272875698180876,0.3574514488268323,0.38438359624306584,0.36361730671611836,0.38744430539794805,0.44405763285208477,0.4262475095694697,0.38738277025889944,0.3724831073786439,0.2661968090031227,0.25943895907379383,0.17530189898145812,0.04181269450928016,0.05480706225727444,0.09884077028211902,0.13260677802366844,0.15218650063496625,0.1536349347814418,0.14569436308410522,0.13820985519920692,0.14003774305882966,0.14530564202312723,0.14129190530644475,0.13243688774221285,0.1251987478077437,0.12416247101841454,0.12185294990266154,0.11932412025706646,0.12097137793383189,0.11979118955342555,0.12033575161518312,0.12048163942179962,0.12019126534295704,0.12131323946700978,0.12197893307224134,0.1214626554997214,0.11952314541995329,0.11923460730497709,0.11895254376496617,0.11741674178244055,0.11654370947200343,0.11552197220348126,0.117122847358134,0.11767575880098047,0.11883773677675452,0.1192230468855463,0.11961759099334202,0.11997117208782027,0.12013643693724291,0.12023610507240828,0.11987811840074952,0.11998534891829049,0.11936767608857474,0.12021897910744422,0.12014047996777255,0.11980168272441472,0.12006679707048068,0.11787946465534743,0.11731068394253785,0.11736551683641211,0.12036833572259253,0.1188296894178767,0.11641808760954314,0.11668671319592516,0.1164287348682278,0.11653957437280577,0.11502579580512767,0.1153822039328139,0.11500743600409347,0.11438216521369016,0.11589557877839296,0.1163793344215594,0.11670554376232828,0.118078446513322,0.11797762073683038,0.11754448082996882,0.11777082586395765,0.1177447372416181,0.1175895217101754
2009-03-31,,,,,,,,,,,,,0.4225563469159343,0.40660458379082665,0.4070498999631769,0.4023306389622909,0.4005731743143222,0.354281892571226,0.3537303820331626,0.3267148660500515,0.3561244373094964,0.38292737600502813,0.3619406702913711,0.3851826327651703,0.4412805490835791,0.42285895120975114,0.3848550664941711,0.3710257162073828,0.2667831142029844,0.2602397029255925,0.1781975982891108,0.04736427323638959,0.0857236490576968,0.13623278699556285,0.17506417923498807,0.196603611044168,0.19789848701863522,0.1887357094691089,0.18059856325598037,0.1825985556262282,0.18886113204259586,0.18386297036504337,0.1736806113993008,0.1654055965923288,0.16455174450012766,0.1618041367935388,0.15896569284327444,0.16086594238512572,0.15946449791065057,0.15999362102680365,0.16013274427249025,0.15981908786137083,0.16102844182098502,0.16176440390481073,0.16119645348352385,0.15909542061167226,0.1587270212781906,0.15844302322261453,0.1567572412460858,0.1558431973069342,0.15474946251118127,0.1565233224999234,0.15711153175468967,0.1583318512667876,0.15875609777033148,0.15916415276597692,0.15953295959002997,0.15966771031317809,0.15978987079056045,0.15942555371776224,0.1595292518098997,0.15890778172075706,0.15969974103259757,0.1596277330990785,0.15931265098188077,0.1595889535553798,0.15721270278618496,0.15656858416038466,0.15668977790665894,0.15962064300852946,0.15808371308768263,0.15561190566834798,0.15593167118124768,0.1556746721651886,0.15584069713646337,0.1543775058978804,0.1547283921052568,0.1543814921816512,0.15373876331311687,0.15525356701038762,0.15576167030063992,0.15608082210197716,0.15746476061805628,0.15738943695181537,0.15695644426439753,0.15720451684691336,0.1571881395905683,0.1570376581229021
2009-06-30,,,,,,,,,,,,,,0.40657940442707285,0.4070203213972006,0.402242577669809,0.40034390382875584,0.3542270811536843,0.35335064800752525,0.3263655424267807,0.3550880323547926,0.3817363897810667,0.3605654781292845,0.3832482041502606,0.43882705678228373,0.4198907216152781,0.38269041857198005,0.3698355181570023,0.2675010733189324,0.26116063728490413,0.18105759992711834,0.05270197385955605,0.0944816668976482,0.21611418180928227,0.26043072535642164,0.2836878969644354,0.2848902101288954,0.2743109714380476,0.2655924013577058,0.2677516868767169,0.27513003529209024,0.26895558321620494,0.2573374339015213,0.24789805484935637,0.24735762398359074,0.24411062414758422,0.24089660460867945,0.24312636120084663,0.24144174339648647,0.24195165021269993,0.24207858784021416,0.241765669918471,0.2430842277699271,0.24388400329907695,0.24327704707679984,0.24102821076878592,0.2405974695935841,0.24031928652912718,0.2384857376913492,0.23752141382861414,0.23635678297352883,0.23829271215014483,0.23891992091589023,0.24020077797601372,0.24066755728700148,0.24108871813014804,0.24147664739205998,0.24158837790937276,0.24173103614901562,0.2413568100387825,0.24145824949535818,0.24083082479541373,0.24156827168026881,0.24150244622361408,0.24121045420432097,0.24149939329780243,0.23893798375190242,0.23822360225791234,0.23840478918606453,0.24125911140352688,0.23972352161605817,0.23719523792787572,0.23756055559941877,0.23730235285813053,0.2375162098056448,0.23610088406543625,0.23644230701129942,0.2361193741559118,0.2354632831258108,0.23697456247796317,0.23750454646180288,0.23781750168517596,0.2392067532203549,0.23915370117085788,0.23872112166381504,0.2389854616281819,0.238982520523836,0.2388360814265218
2009-09-30,,,,,,,,,,,,,,,0.4070470348363056,0.4022228772390398,0.4002203826857272,0.35430177706733235,0.35314041095960813,0.32621150095945944,0.3543071382379923,0.380778296973299,0.3594553245240867,0.38160243631141344,0.4366585135583696,0.41729517130634286,0.3808448120586649,0.36887512882306384,0.2683262767326148,0.2621788214499371,0.18387465784845153,0.05782618140805812,0.10267532002083729,0.2246421810770343,0.3043328914399467,0.3284856959062597,0.3298929679393111,0.31751938203362334,0.30834923533179265,0.310641705696286,0.31931177509429076,0.31172743697711497,0.29851436706176626,0.28775141602356397,0.2876572064096715,0.28383529293968174,0.2801707725000321,0.2828110221713493,0.2807781880260448,0.2812648346259703,0.281375764027426,0.2810866497374885,0.28253748748178387,0.2833992523502611,0.28276447706125274,0.2803743648849108,0.279894657319726,0.27963037398257734,0.2776458949913033,0.2766208103872744,0.275384150126757,0.2774790581321908,0.2781507622836702,0.2794969711045292,0.28001148014431243,0.28044568284941385,0.2808571411114608,0.2809529999986516,0.2811157440973209,0.2807283596379707,0.28082853589353607,0.28019287310637453,0.28087789171001043,0.28082003429683555,0.2805517834079654,0.28085402373297425,0.27810160744539003,0.2773181993639382,0.27755634518221106,0.28032878698040054,0.27879531466862284,0.276212747460153,0.2766197072085987,0.27635901576112276,0.27661913965265383,0.27525229099819004,0.27558184152725573,0.2752811110542654,0.2746158289998951,0.2761205849911249,0.27667093975613527,0.276977953444429,0.2783682153170202,0.27833590360599425,0.27790427090651737,0.278180975532466,0.2781952167072488,0.27805196037481517
2009-12-31,,,,,,,,,,,,,,,,0.40226121293879,0.4001873667072563,0.35448795090063745,0.35307738826553725,0.32622751552225937,0.35375018508396716,0.3800241989618097,0.35857779942526424,0.3802111103329918,0.43474099523900495,0.4150298281888586,0.3792795287603278,0.36811248922302586,0.2692384807718981,0.2632751621420385,0.18664374027274433,0.06274119193568317,0.1103289282858223,0.2324621423711037,0.3129078361069116,0.36262147108204434,0.36510490443259225,0.35024944601855507,0.3409078524553187,0.34327304706691475,0.3534873944876629,0.34419943799840186,0.3291784596370138,0.31689936408415853,0.31739477735263816,0.31290714294984145,0.30870652544066624,0.3118467922640701,0.3093940009427762,0.3098528654019468,0.3099446351984981,0.3097030791943554,0.3113115694286943,0.31223634615134976,0.3115845537452225,0.3090551170068669,0.30853797210910605,0.3082965304428284,0.30615395580690485,0.30505609604481543,0.3037445863791903,0.3060004973484413,0.30672368087789575,0.3081421758677137,0.3087109727369988,0.3091582780267781,0.3095983893996288,0.30968574782021524,0.3098691901043135,0.30946541892202306,0.3095652441829674,0.3089187630618388,0.309551846241531,0.3095051536542259,0.309262160383441,0.3095780065062067,0.3066218644191671,0.3057680467320327,0.30606232410875234,0.3087471722247597,0.3072173554663708,0.30458171163186154,0.30502748070312236,0.30476360001821085,0.3050720874307652,0.3037564633348158,0.30407272245816297,0.3037938336012017,0.30312357431504156,0.3046200279943715,0.3051899065803263,0.3054908699009412,0.30687873273422894,0.30686674345377796,0.3064367741535392,0.30672294084351315,0.30675814268189583,0.30661710907947254
2010-03-31,,,,,,,,,,,,,,,,,0.40023126724252395,0.35476952751434526,0.3531416760442458,0.3263910042225167,0.35338885301410083,0.37944832351466784,0.357904086425672,0.3790438934440263,0.4330447065528428,0.413056860681422,0.37796050430568373,0.36752008800283426,0.27022091271437876,0.2644337868430574,0.18936157489686695,0.06745414675285683,0.1174707035382127,0.2396279769485613,0.3206109033883342,0.3700795226224281,0.3256137558374638,0.30701573528368176,0.2981119523476508,0.3004183719551555,0.31255063144958767,0.3011755707468784,0.284067366140452,0.2700425353181024,0.2712888392404792,0.26602740197694863,0.26119279521865835,0.26493467836369144,0.2619804451730733,0.2624063041091711,0.26247573632045873,0.2623073622220291,0.26410203975886815,0.2650925147999441,0.2644348744361865,0.2617651797998404,0.26122185079159693,0.2610134658084847,0.25870243780017144,0.25751795822935364,0.25612741064404315,0.2585497295929514,0.25933269788628677,0.2608322610237349,0.2614631491987724,0.2619235872046702,0.26239837626364576,0.26248524123548145,0.26269065810374714,0.2622670690760861,0.2623675090626604,0.2617071979098528,0.26228801284222175,0.26225664985388264,0.26204103450721544,0.2623707301677182,0.25919293544447286,0.25826546717745136,0.25861654590648836,0.26120794115341506,0.2596838292715803,0.25699569245209525,0.2574781328422264,0.2572107481597464,0.25757198254163605,0.2563116952263443,0.2566138889784767,0.25635741760792474,0.25568641370351797,0.25717355258387214,0.2577625903919293,0.2580571842991768,0.2594397932423658,0.2594484492398105,0.25902098701767495,0.2593143626499028,0.2593743400440651,0.25923451698428324
2010-06-30,,,,,,,,,,,,,,,,,,0.3551322191118154,0.35331554393248554,0.32668180818723713,0.3531978038497438,0.3790277299272592,0.35740859563220156,0.37807391074024527,0.43154346645062136,0.41134259236748294,0.37685776398422266,0.36707429816313064,0.2712596879657263,0.26564151585587426,0.19202627358190527,0.07197416772322746,0.12413124994719466,0.24619177160326655,0.32753183958341825,0.3767198126240353,0.3355120692207128,0.1941152224047316,0.1869294416339881,0.1889106691039213,0.2035422369100696,0.18955657103992132,0.16998887508139196,0.1539456944308551,0.15612875659595027,0.14996500818572178,0.14438459158214806,0.14884529375136074,0.14529546763332613,0.14568212859366508,0.14572546184039759,0.14565870838604633,0.14767206601000293,0.14873181796475143,0.14808043447729274,0.14526776447553924,0.14471035447315617,0.14454688360876533,0.14205429183738294,0.14076721084957394,0.13929223891113135,0.14188865544163204,0.14274098115539835,0.14433213417224233,0.14503414242382295,0.1455075979718205,0.14602416684978314,0.1461195212489491,0.1463486270185007,0.14590141394701023,0.14600358836606986,0.14532588576837785,0.14585378871744187,0.1458426235588926,0.14565695063514073,0.1460008867770577,0.14257924292031876,0.14157348603138825,0.1419830895919315,0.14447517859790449,0.14295918452864365,0.14021876201999872,0.14073617596839827,0.14046523649174497,0.14088502422509736,0.13968506607893078,0.13997285402205478,0.139740020303814,0.1390725215879411,0.14054981275682943,0.14115801621386453,0.1414458086346036,0.14282064372380504,0.14285077497707466,0.14242675752402578,0.14272551437435227,0.14281412730847737,0.14267447963769953
2010-09-30,,,,,,,,,,,,,,,,,,,0.35358323954250603,0.3270819793817509,0.3531544235380579,0.3787420351700769,0.3570686293825278,0.37727736202934836,0.4302142585735411,0.4098570639317428,0.37594492731184315,0.36675481149718253,0.27234332198973255,0.26688741821536177,0.19463702447164438,0.07631166707048509,0.13034238625184197,0.2522033208652308,0.3337513860599276,0.3826399738294323,0.3443685115568804,0.20392814706955673,0.16374764698131733,0.1649393201783814,0.18302724049660452,0.16568053797910431,0.14313760730769992,0.12475147832320543,0.12808847264351092,0.12086879528937233,0.11441531997603344,0.11973158783762206,0.11547621878508108,0.11581616546177775,0.11582854265497494,0.11589549887097728,0.11816478332696301,0.11929778057242846,0.11866616529387997,0.11570674369640155,0.11514906535792951,0.11504436576448296,0.11235453722654226,0.11094640214759688,0.1093804934398735,0.11216029936344174,0.11309285327224816,0.11478786925132439,0.11557130386429249,0.11605742664408286,0.11662413814281503,0.11673824960731649,0.11699305878025756,0.11651789674351282,0.11662315833665127,0.11592383967002479,0.11639823288927259,0.11641269644836405,0.11625988300297352,0.11661874594124222,0.11292723431662033,0.1118374167332199,0.11230805081875034,0.11469509357212565,0.11318991504949177,0.1103972125057534,0.11094816596125867,0.11067381376637381,0.11115885763207162,0.1100248043904859,0.1102981571350809,0.11009064740412677,0.10943093935899878,0.11089815387697866,0.11152583323490312,0.1118063401367137,0.11317107301992585,0.1132238733041866,0.11280431520773365,0.11310690654098077,0.11322807446981281,0.11308755884846244
2010-12-31,,,,,,,,,,,,,,,,,,,,0.3275755792458611,0.35323857747173604,0.37857316086796433,0.35686407868663056,0.37663317940416097,0.42903683858256564,0.4085736383673756,0.375198772963229,0.3665441563977485,0.27346232215557115,0.26816243864944717,0.19719384082486913,0.08047780456695475,0.136136236462018,0.257709808121128,0.33934213292047566,0.3879248822951561,0.35229913397036405,0.21279686358891745,0.1754846158252495,0.19532626031036512,0.21855950604233593,0.19672494646485955,0.17045513448306093,0.14933656063878886,0.1540826331929297,0.14562148610873255,0.138151342589162,0.14448427020618587,0.1393939214109272,0.13967780745937114,0.13965270289619797,0.13988990768880788,0.14245796839407765,0.14366823711612509,0.14307173421802566,0.1399612206856362,0.1394195082127515,0.1393898054622355,0.13648452209412731,0.13493403597564013,0.1332695559443618,0.13624322897987345,0.1372682754621597,0.1390812791975568,0.139957832256007,0.14045596041701452,0.14108263578212776,0.1412273604313623,0.14151010734960956,0.14100202220930408,0.1411120245333512,0.14038608537837843,0.14080667840943029,0.14085270697901087,0.14073597577207736,0.14111085931120465,0.13711975147133953,0.13593909940196508,0.13647389153191786,0.1387503452973125,0.13725893179093368,0.13441388379321328,0.1349970773129769,0.13471960958737156,0.1352772008470542,0.1342150355031156,0.13447417113342525,0.13429403374974974,0.13364647154397497,0.13510358182865817,0.13575131273304653,0.13602403639415228,0.13737643585797898,0.137453377737155,0.13703936410946554,0.13734443026794213,0.13750215138949856,0.13735972112864642
2011-03-31,,,,,,,,,,,,,,,,,,,,,0.35343238008753675,0.3785051005939853,0.3567771482450176,0.3761227215146289,0.4279933911116073,0.40746864567751795,0.3745988567251892,0.3664272867810659,0.27460884689658205,0.26945908463344725,0.19969735725569182,0.08448406707655087,0.14154454129507232,0.2627556086064995,0.34436930000506943,0.39264842485835194,0.3594061679981227,0.22083651617423897,0.1861694986738822,0.2050495941652591,0.26642211898778234,0.23835279743580082,0.20720546046935756,0.18288166386662413,0.1893355089553067,0.17940559383794427,0.17075945611714383,0.1783007373118321,0.1722218105951957,0.1724376987454621,0.17236614883486598,0.1728154065876182,0.1757316428183553,0.17702303624496418,0.1764792402874592,0.17321309312000138,0.17270664658345808,0.17277093264320686,0.16962932456738858,0.167911923846724,0.1661400707150722,0.16931902748689792,0.170450371733353,0.17239750978228865,0.17338041362447773,0.17388950263140862,0.17458764103403562,0.17477673978787142,0.17508983514313095,0.17454307537359848,0.17465983632678989,0.17390136700029912,0.1742683838779122,0.1743524183224348,0.17427528048731436,0.17466777881825396,0.170343513247353,0.1690642959948623,0.1696669070709824,0.17182749992357313,0.17035305009488905,0.16745562504093428,0.16806979281925208,0.1677896461587676,0.1684274964493594,0.16744350961565724,0.1676888693481361,0.16753845835176162,0.16690751253547306,0.16835463726085753,0.16902324152025916,0.16928769467838195,0.1706255631720444,0.1707283505828689,0.17032103786393615,0.17062734440053973,0.17082571865959592,0.1706803219463965
2011-06-30,,,,,,,,,,,,,,,,,,,,,,0.3785237067151325,0.3567921079135103,0.375729500856195,0.4270682300254397,0.40652106353663675,0.3741271760137016,0.36639123165892,0.2757764214861315,0.2707711641919295,0.20214866541488502,0.08834194845756033,0.14659814915693142,0.26738218969346367,0.34889145026847457,0.3968750130743078,0.3657797608503478,0.2281464844692636,0.19591231019398328,0.21391526996351745,0.2775033159728205,0.14710348595349682,0.10930361438190339,0.0811907788381886,0.08969526138829664,0.07801358433541078,0.06802085394652019,0.07700133575860924,0.06974979617635713,0.06988196887458631,0.06975139878405717,0.07046065092849146,0.07378210413733977,0.07515812085236595,0.07468731154569502,0.0712610901245328,0.070812907674693,0.07099338338241562,0.0675917267468884,0.06567909968557223,0.06378982233230934,0.06718627802875077,0.06843945806464319,0.07053912791421363,0.07164335078551942,0.07216190167165604,0.07294492775896638,0.07319440875915562,0.07354041965120217,0.07294832263801287,0.07307428869477861,0.0722763352128144,0.07259069530404022,0.07271971927132936,0.07268597677086358,0.07309826978311035,0.06840315415410164,0.06701666862585048,0.06769125155073119,0.06973105433268328,0.06827703435357757,0.06532732594340074,0.0659711504981475,0.06568890012522416,0.06641506211478809,0.06551580019083786,0.0657480507684281,0.06563000058939383,0.06502031196254426,0.06645769197753859,0.0671482315976466,0.06740395308261488,0.06872508276507916,0.06885562794253414,0.06845624958028923,0.0687626457172385,0.06900590069237383,0.0688564744567387
2011-09-30,,,,,,,,,,,,,,,,,,,,,,,0.3568950685359793,0.3754389407180654,0.42624753646583063,0.40571223062048983,0.3737678752779267,0.3664247964138022,0.2769597013705099,0.2720935664962031,0.2045491823501837,0.09206271100000563,0.15132665179413152,0.2716280872221368,0.3529611402775397,0.40066088117112897,0.3714994854464782,0.23481267472208614,0.20481074975700178,0.22201822355312792,0.28753908558544605,0.15809805291327828,-8.264051560596952e-5,-0.032787149661117954,-0.02186283054306576,-0.03565341727232585,-0.04716147542660348,-0.03645962916783507,-0.04510706811742493,-0.045080027417279234,-0.04528773439496936,-0.044263444745280545,-0.04047079894410882,-0.039007196677029676,-0.03938158145264209,-0.0429719156297117,-0.04333447679114677,-0.04301190008308148,-0.04670046483007173,-0.04884093016623725,-0.05085904402525582,-0.047232149531145184,-0.045839628230386675,-0.04356649429234888,-0.04232401260051166,-0.04179802994474735,-0.04091448409605486,-0.04058598553041831,-0.040204340461190646,-0.04084949374126484,-0.04071137889428489,-0.04155697161546229,-0.041293480353187584,-0.041111873652749764,-0.041098111747829125,-0.04066317264379593,-0.045771399071778684,-0.04727488766241689,-0.04652369785728838,-0.04460919515205841,-0.0460390182445905,-0.04904070461926313,-0.04836867035437825,-0.04865230083715527,-0.047829456364125444,-0.048637213367629384,-0.0484171582291863,-0.04849993749149606,-0.049083495108928066,-0.04765550028147281,-0.046941719407689764,-0.04669515396725443,-0.04539301305580823,-0.045232596626614385,-0.04562272100911108,-0.045317331048951026,-0.045024811786105456,-0.04517935094982878
2011-12-31,,,,,,,,,,,,,,,,,,,,,,,,0.37523815873969785,0.42551912987117585,0.4050255895535847,0.37350698730122023,0.3665183081366201,0.2781542753936963,0.2734220785042001,0.2069005458392516,0.09565721253750703,0.15575813545342448,0.2755289400103488,0.3566255123699189,0.4040551995667665,0.37663565453817455,0.24090947370782395,0.21295164890566187,0.22944146460280146,0.29662949369659,0.16811572457732646,0.009717232216073124,-0.06410041123437088,-0.050469330767649145,-0.06681807303198217,-0.07997538717085173,-0.06720090227325015,-0.07751961128451385,-0.07762799941931908,-0.07793982457206466,-0.07653725263246064,-0.07219694253290648,-0.07064357526824333,-0.07089440884153148,-0.07465213303460716,-0.07489663355393367,-0.07440175728564291,-0.07840757996248665,-0.08081343152694265,-0.08297329217986893,-0.07910232744986961,-0.07755071313393341,-0.07508030921851999,-0.07368037994705928,-0.07314961192472214,-0.07214738359735651,-0.07171817664856112,-0.07129802231554239,-0.07200516941400636,-0.07185138886003961,-0.07275415572048316,-0.07253869791793766,-0.07229621601332481,-0.07223050681801774,-0.07176930654803748,-0.07733803425450969,-0.07896938617818605,-0.07813646014252013,-0.07635126333596048,-0.07775277646031625,-0.08080583662821306,-0.08010724546334497,-0.0803913663540548,-0.07946313685147771,-0.08017237898495722,-0.0799633225882489,-0.080007635666969,-0.08055988500633299,-0.07914078651776008,-0.07840220335928427,-0.07816517347167151,-0.0768843379346783,-0.07669173160795228,-0.07707118430662974,-0.076767861858766,-0.0764215078855609,-0.07658227494040193
2012-03-31,,,,,,,,,,,,,,,,,,,,,,,,,0.4248722677683572,0.4044464566571304,0.3733322060138341,0.3666633985033637,0.2793565024373195,0.27475323191636153,0.20920453190011845,0.09913578600941791,0.15991902337028222,0.2791175677943974,0.3599268328341878,0.40710103067754955,0.3812504646834637,0.24650141294067485,0.22041224501849419,0.23625770147690894,0.3048653067960092,0.1772650212694995,0.018782118411805715,-0.05575415579020615,-0.014324306809689602,-0.03373066639583738,-0.04855611900634044,-0.03326233049314936,-0.045598938331743055,-0.045887343710614314,-0.04634502339139851,-0.04449143189059224,-0.03951456118545643,-0.037870455136098435,-0.037966313774876026,-0.041893451565992446,-0.04198155284072397,-0.04127922061358491,-0.04563656888951301,-0.04835102682733944,-0.05066720105206157,-0.04653785200237509,-0.04480481849829504,-0.04211006737469347,-0.040530929130511595,-0.0399987350725059,-0.03885675852430398,-0.03830160882306388,-0.03783990225649225,-0.038619383086661296,-0.03844576059870097,-0.03941682144686559,-0.03924532020288729,-0.03893286090527137,-0.03881039216794291,-0.038318449111416575,-0.04440088083046234,-0.046172205744763606,-0.04525189097174176,-0.04359940496608716,-0.04496809337295554,-0.048071532361257385,-0.047348321365298485,-0.04763185253940272,-0.04658916503998922,-0.04719264402047879,-0.04699305847915508,-0.04699540480807335,-0.04751078644292711,-0.04609994510567145,-0.045334725768416795,-0.04510755921406845,-0.043850432760839275,-0.043623100771210566,-0.0439903516348511,-0.043690139133687134,-0.04328515935486915,-0.043453313833049845
2012-06-30,,,,,,,,,,,,,,,,,,,,,,,,,,0.4039618159060531,0.3732326869644079,0.366852818623437,0.28056337601039516,0.27608417559852183,0.21146299046314293,0.1025081605295054,0.16383398967540513,0.2824240805892242,0.36290298028570556,0.4098361497751164,0.38539899255886534,0.25164458522167754,0.22726130064137173,0.24253073634873795,0.3123287923208769,0.18564097010009586,0.02720410809069601,-0.047890072424386865,-0.006410115116735504,-0.08495005753917662,-0.10112834436020757,-0.08273584458633682,-0.09753720804283705,-0.09807395761430149,-0.098744660401766,-0.09635626511649142,-0.09063907757462053,-0.08890527823991085,-0.08880973276586651,-0.09290631622330481,-0.09279283275111899,-0.0918421417353395,-0.09658970806395806,-0.09966252237112316,-0.10215141044529163,-0.09774867612847604,-0.0958089366150594,-0.09285902552677949,-0.09107596721581773,-0.09054653047259564,-0.08924040579207759,-0.08852997470475632,-0.08802348899175433,-0.08888725654762969,-0.08868885774136337,-0.08974115413289524,-0.0896080737531545,-0.08921559337243079,-0.08903113928194373,-0.08850298799358142,-0.09515895091922855,-0.09708376111103034,-0.09606983912108324,-0.09455275719029566,-0.09588363841124281,-0.09903597018800359,-0.09829044478771332,-0.09857208530619599,-0.09740543857939399,-0.09789565045073123,-0.09770361720167187,-0.09766016181270742,-0.09813264575131009,-0.09672924271096117,-0.09593525661912217,-0.09571822288062559,-0.09448731506182773,-0.09422248594606442,-0.0945758754516891,-0.09427980903676181,-0.09381115395717787,-0.09398791475602497
2012-09-30,,,,,,,,,,,,,,,,,,,,,,,,,,,0.37319887206606606,0.36708028111086216,0.2817724121827513,0.2774125693709964,0.21367779585119462,0.10578341495987076,0.16752592841950795,0.28547600979359533,0.3655878882149255,0.41229375031721893,0.3891300631592224,0.25638785007961296,0.23356008683978552,0.24831666251217152,0.3190944614851683,0.19332691469391328,0.03506150043909645,-0.04044451916759306,0.0010619970295720482,-0.07674304186082531,-0.0962169862781378,-0.07396722841387793,-0.09182316234374288,-0.09271730718716548,-0.09371333447114827,-0.09069341075408643,-0.08411412990226075,-0.08229532876528844,-0.08196611062050585,-0.0862290141253309,-0.08586078607911707,-0.08461414859806304,-0.0897956498785289,-0.09328410709650004,-0.09596413474099119,-0.09127231819156412,-0.08909716794161121,-0.0858570068257149,-0.08384192696471554,-0.08332038366907979,-0.08182187486907705,-0.08092207055712175,-0.08036737518882281,-0.08132923905982964,-0.08110025676568122,-0.08224882668373135,-0.08214692526172718,-0.08166328252338556,-0.08141114990787096,-0.080840206105388,-0.08813711245702854,-0.09023050756123135,-0.08911613779345051,-0.08773631516577535,-0.08902386141352059,-0.09222299761269676,-0.09145792409787307,-0.09173611568099838,-0.0904355048734673,-0.09080466432299594,-0.09061780323263513,-0.09052433890505124,-0.09094732424480645,-0.0895503241861571,-0.08872511401351318,-0.08851841743713795,-0.0873163625476095,-0.08701100428866504,-0.08734872361625345,-0.08705784432294966,-0.08652016291005604,-0.08670682516781014
2012-12-31,,,,,,,,,,,,,,,,,,,,,,,,,,,,0.3673403253297651,0.282981556985391,0.27873649570014436,0.2158508092759865,0.1089699566271734,0.17101596444861447,0.2882984533308105,0.36801194547545524,0.41450305035656043,0.392487006844713,0.2607738595855626,0.2393632472235342,0.2536648919937061,0.3252297566642991,0.20039607291712486,0.042420998413650546,-0.03336469421036453,0.008145716131489567,-0.06894922107992785,-0.08721579948123925,-0.04072274611350535,-0.06241668565631647,-0.06384956431642219,-0.06536518499277183,-0.061601833635378744,-0.054016399378016,-0.05212419657648376,-0.05151221233603648,-0.05593324549736045,-0.05524775785664027,-0.05364976999253357,-0.05931466370998145,-0.06328477885480976,-0.06617659990123792,-0.061179301609226466,-0.058736071750629615,-0.055165658564030884,-0.05288654702768958,-0.05237913629245311,-0.050655583324403175,-0.04952680415629562,-0.048920242189671614,-0.04999615201363378,-0.049729772272177564,-0.0509920707488265,-0.050912115570000915,-0.05032488587287487,-0.04999884870627497,-0.04937725315154823,-0.05739123824351372,-0.05967012621983975,-0.058447775755195885,-0.057206085993057765,-0.058444132831300455,-0.061687257895646,-0.0609059671001263,-0.06117885091274172,-0.05973367302561139,-0.059973677868889186,-0.05978906396297495,-0.059640963652024925,-0.06000716313401416,-0.05861526996507932,-0.05775601470274688,-0.05755978703345377,-0.05638936494685726,-0.056040153307803764,-0.05636022062001855,-0.05607558540564184,-0.055463174366100265,-0.055661129011335075
2013-03-31,,,,,,,,,,,,,,,,,,,,,,,,,,,,,0.28418911001930264,0.28005438637037433,0.21798385103238116,0.11207551919095099,0.1743234953934199,0.29091422874973377,0.3702023582613396,0.4164898142294283,0.39550831993015034,0.26483993149755186,0.24471955746059568,0.2586190378523956,0.3307956857886039,0.20691287715373785,0.04933955463871742,-0.026606723386308984,0.014885964679481944,-0.061517240960563324,-0.07866767100222355,-0.031326917660573494,-0.07354135722610461,-0.07582255747582273,-0.07820352128230024,-0.0735673968126137,-0.06480334156722717,-0.06286270609808498,-0.06191088417509022,-0.06647359601796438,-0.06539722825739513,-0.06338328709140251,-0.06958764594552252,-0.07411558676245195,-0.0772422931107073,-0.07192241649213016,-0.06917381540471379,-0.06522748859946598,-0.06264781239477085,-0.06216205260448754,-0.0601756777200077,-0.05877192349665461,-0.058109585394354124,-0.05931796311957721,-0.05900620736993273,-0.06040248307937285,-0.0603329210469834,-0.05962817327132136,-0.05922139234093127,-0.05853982986983858,-0.06735710778531306,-0.06984046949419775,-0.06850182643612268,-0.06739799867590301,-0.0685796367343614,-0.07186306682894988,-0.07106957203379183,-0.07133493777019917,-0.06973387359949601,-0.06983625624700768,-0.06965032226600809,-0.06944247979467127,-0.0697437850731279,-0.06835538919608103,-0.06745885931887141,-0.0672731513301768,-0.06613731204193724,-0.06574059082226824,-0.06604082259131655,-0.06576351636500982,-0.06507025895339036,-0.06528101583589191
2013-06-30,,,,,,,,,,,,,,,,,,,,,,,,,,,,,,0.28136496167458924,0.22007868047164136,0.11510717481824767,0.1774662561400729,0.2933440295592608,0.37218347690087705,0.4182768016741628,0.39822824154186953,0.26861879273891454,0.2496725933303725,0.26321767217653524,0.3358474064453688,0.2129341276066133,0.05586592136528851,-0.02013407343004031,0.021320428405209313,-0.054404520023437375,-0.0705295834737601,-0.022481871805309195,-0.06520980231123613,-0.047086621045558885,-0.05097050157538907,-0.04531376531628223,-0.03516042973534411,-0.033222194159903906,-0.031864188917400726,-0.0365384069858688,-0.03498413067685974,-0.03247872395849788,-0.03928634692149707,-0.04446014893763972,-0.04784749088832513,-0.042187274458719004,-0.03909058982945285,-0.03471614375492599,-0.031794113876962515,-0.031339011018137186,-0.02904609527064339,-0.027313915880145978,-0.026591609195931787,-0.027953741077398953,-0.027587279152872235,-0.029141019533994506,-0.02906759305508949,-0.028229619222018776,-0.02773454316239976,-0.026982032296847147,-0.036700518190335096,-0.03940972501721152,-0.03794559247719176,-0.036978025134457804,-0.03809547081940229,-0.04141449329056168,-0.040613626070922615,-0.040868851839868714,-0.03909971839381904,-0.039055580524056666,-0.03886400248760047,-0.038590758774402656,-0.038818081337615884,-0.0374311965783361,-0.03649369990420548,-0.036318471724071655,-0.035220365168398715,-0.034772096648365114,-0.03505007260117404,-0.03478122237237363,-0.03400051350796085,-0.03422572930838724
2013-09-30,,,,,,,,,,,,,,,,,,,,,,,,,,,,,,,0.22213698216999128,0.11807135676884356,0.18046039889114904,0.2956065811742435,0.37397709057171885,0.4198841547746923,0.40067725775876795,0.2721392127981623,0.2542613187487335,0.2674949777986133,0.3404347625272192,0.21850998513328695,0.062041950385360756,-0.013916239168382638,0.027480823515391606,-0.04757567180794203,-0.06276396262037831,-0.014135336358516937,-0.0572826429963485,-0.03978296263743547,-0.06285394791993976,-0.05601936697340748,-0.044207965456051324,-0.04237217827107781,-0.04053108835623015,-0.045263432995408415,-0.04312768903838343,-0.040042269397875974,-0.04752618424427557,-0.053447819123264295,-0.05712446404975535,-0.05110556650608433,-0.04761170792286207,-0.04274934716068307,-0.03943704233307166,-0.03902333792117352,-0.036373241429476066,-0.034250488901038934,-0.03346370168985291,-0.03500420240166252,-0.0345721304588375,-0.03631058971394102,-0.03621588505542506,-0.035226874350658244,-0.03463511952838616,-0.033798766453286944,-0.04453001016494973,-0.0474892037618026,-0.04588937196503229,-0.045054909945068666,-0.04609935146770999,-0.04944803983192608,-0.048645608878583546,-0.048887589853668034,-0.046937159595178024,-0.04673708973789653,-0.0465346511379347,-0.04618970384989879,-0.04633278687971443,-0.044944973413098055,-0.043962290162679385,-0.04379739928674137,-0.042740410481840074,-0.042236114828825,-0.04248913535734483,-0.04222992718518592,-0.04135458315227197,-0.04159609528875907
2013-12-31,,,,,,,,,,,,,,,,,,,,,,,,,,,,,,,,0.12097388928112995,0.1833205833614603,0.2977187937506035,0.37560269282236275,0.42132973162253706,0.4028825425741869,0.27542654370519093,0.25852060375220165,0.27148130914904467,0.34460277632387437,0.22368482650083507,0.06790368229863825,-0.007927659968923695,0.033393945383787926,-0.041001202068818854,-0.05533786692323278,-0.006241063772478184,-0.04971597260559635,-0.032791090070942885,-0.05582646501620758,-0.057002970973032474,-0.04309691626165496,-0.04155625988792022,-0.039143903875501984,-0.04384109543950182,-0.040999554575100794,-0.03722994442806499,-0.045474642637051865,-0.052262466729330104,-0.05626040851670172,-0.0498640970262349,-0.04591650967152222,-0.040497640005318636,-0.036739979758879604,-0.03638044715798355,-0.0333144595335641,-0.0307288212079162,-0.02987267409142369,-0.03162003194133317,-0.03110961194620171,-0.03306443240997198,-0.03292734016128196,-0.0317670038860105,-0.031069219876507903,-0.030133926848954717,-0.04200533877143875,-0.04524187034778815,-0.043494970790750154,-0.04278860427687725,-0.043750025009323124,-0.04712101882252495,-0.046323999372724356,-0.046549062754213166,-0.04440286410269134,-0.04403685706003918,-0.04381728436480431,-0.043393585001276935,-0.04344078757075609,-0.04204905348866045,-0.04101636025807526,-0.04086154408266851,-0.0398493269231977,-0.03928401376954582,-0.039509051340095025,-0.03926074845698829,-0.03828290859577799,-0.03854277499695241
2014-03-31,,,,,,,,,,,,,,,,,,,,,,,,,,,,,,,,,0.18606007283257933,0.29969590991529654,0.37707772057113575,0.42262939430513385,0.4048683439348667,0.2785031807301685,0.26248168115456894,0.2752036754239355,0.3483920989548033,0.22849798172764396,0.0734822586903413,-0.0021468273914254654,0.039082534453303674,-0.03465643568547183,-0.04822230618479495,0.0012419624451899258,-0.04247271671285585,-0.026075315275407962,-0.049067419815206015,-0.04964261795300584,-0.02578364660906235,-0.024636942952650343,-0.02114505025997554,-0.02597711167329425,-0.021567879287927916,-0.01654765855262158,-0.025136969883890747,-0.033346383066715,-0.037404028894690744,-0.030548906962215905,-0.025727742433288903,-0.019462932951250622,-0.015011726470147813,-0.014731550367108825,-0.011025890302738928,-0.007723229030853984,-0.006789173812953964,-0.008834155114184172,-0.0082007410725361,-0.01047563595048584,-0.010295712917592792,-0.008813133796209127,-0.007928548599138163,-0.006887014163907856,-0.020593633768100916,-0.02425053266160848,-0.022287924348084576,-0.021840269339291507,-0.02265772421987272,-0.02607270052407684,-0.025286527508326218,-0.025486393420944387,-0.022982690180607945,-0.02230594373964606,-0.022064537210361557,-0.02150370050892092,-0.021384275404685404,-0.019989141771146024,-0.018887738815995536,-0.018753350360223964,-0.01783077778370873,-0.017163312658218244,-0.017334694862392808,-0.01711619865979258,-0.015958620496686005,-0.016254654160810345
2014-06-30,,,,,,,,,,,,,,,,,,,,,,,,,,,,,,,,,,0.3015516459816573,0.37841776904739377,0.4237972577280186,0.4066563220059059,0.28138895581138845,0.26617254947374586,0.2786861573136561,0.3518394219969433,0.2329843703730338,0.07880468566830706,0.0034444481397898352,0.04456598979039983,-0.02852063485163897,-0.04139166855187154,0.00835020852326429,-0.03552145230354792,-0.019606250394718305,-0.04254007757335437,-0.04257872514688671,-0.018673237669967147,-0.022275179091240438,-0.017542944956206397,-0.022006476102284955,-0.015841297208204985,-0.009398712781255925,-0.01888339774697989,-0.028265556317861484,-0.03229023788646945,-0.025052501036030572,-0.019263153243724185,-0.012104136153717526,-0.006914575869063688,-0.006739888097052837,-0.002327642535557617,0.0017718932007645405,0.002764459362788352,0.0003947005742017673,0.0011697077355293795,-0.0014566812022326348,-0.0011879506661333084,0.000628245954782225,0.0017035490977768686,0.002872028193884213,-0.012765578777198305,-0.016850898841019424,-0.014673907416412335,-0.014480653804788912,-0.01514579500444202,-0.018580459568006524,-0.017813125681712227,-0.017983899736480624,-0.015141159234254575,-0.014159570040151226,-0.013893352872196785,-0.013194105693443037,-0.012906116125507072,-0.011516491848173216,-0.010343580555392584,-0.010228035741853492,-0.009402099250589824,-0.008632357362364562,-0.008748351832196521,-0.008559218810135494,-0.0072249852682553795,-0.007554038403082997
2014-09-30,,,,,,,,,,,,,,,,,,,,,,,,,,,,,,,,,,,0.37963678494243647,0.4248459048368252,0.4082658458533954,0.2841014738957588,0.2696183287536959,0.2819502668876005,0.35497785308560614,0.23717505120828114,0.08389447279811746,0.008861638728594023,0.04986095601848978,-0.022576276099963155,-0.03482323858324049,0.01511617428163431,-0.028835428837379107,-0.013359619806223355,-0.03621545885250527,-0.03576848764917567,-0.011858576306078172,-0.01650359000036561,-0.02589687448122968,-0.028968389074548906,-0.021001265532659075,-0.012955541730193088,-0.023486900106157116,-0.03433582439079286,-0.037896992591764156,-0.03032785657893805,-0.023487814845702504,-0.01538733054177327,-0.00941538016750959,-0.009370612033336612,-0.004186839270069298,0.0007853518343102217,0.0018195344902769972,-0.0009035377258171384,3.0361139150059113e-5,-0.0029791173122304393,-0.00257339041679161,-0.0004175249505518064,0.0008488314757475468,0.0021681541450295216,-0.015498022778342557,-0.020022719007534218,-0.017630388300807487,-0.017680614017700935,-0.018190196122687297,-0.02162480793782784,-0.02088395784187136,-0.021021646893737422,-0.01785658174431859,-0.016583671853461712,-0.01628676726174655,-0.01545061491363453,-0.014993093062190932,-0.013612306518717032,-0.012363390759704163,-0.012265546037899089,-0.011536113639495582,-0.010664720762858904,-0.010726351810565027,-0.010563204013902538,-0.009057070443150905,-0.009416048046573644
2014-12-31,,,,,,,,,,,,,,,,,,,,,,,,,,,,,,,,,,,,0.42578657299955003,0.40971425390897287,0.2866564008253053,0.27284157505930073,0.285015258819052,0.3578372581668167,0.24109769761431493,0.0887721677025522,0.014117991184227463,0.05498180526456359,-0.016808458892962508,-0.028496791626883344,0.02156889412871854,-0.022391758935181416,-0.007315286906983909,-0.030070756130073595,-0.029178408915010667,-0.0053007017705428705,-0.010879261059750511,-0.020138176698932975,-0.049698045983460004,-0.04007579929705024,-0.03017875335870196,-0.041782265968787924,-0.0543127374896234,-0.05763189066050617,-0.04988087528388818,-0.04190316186764581,-0.032817535517810636,-0.026016753852132146,-0.02612503013062273,-0.020104969934559458,-0.014189145256050306,-0.013131547723716275,-0.016236942810922417,-0.015127678917926435,-0.018550772339279598,-0.017959899014658554,-0.01546012174261635,-0.01400368197336832,-0.012508875967873978,-0.03231277201171773,-0.03729048844035465,-0.034679893772254555,-0.03496826522648605,-0.035322680631237724,-0.03874260273598751,-0.03803477450599435,-0.03813588308723803,-0.034660915477776,-0.03311257789035854,-0.03277845037674071,-0.031808707891927135,-0.03118045775667111,-0.0298094276916554,-0.02847884081673846,-0.028398711522353404,-0.02776181458138416,-0.026789581161495102,-0.026799837365493406,-0.02665762073721817,-0.02498370172972797,-0.02536959651531273
2015-03-31,,,,,,,,,,,,,,,,,,,,,,,,,,,,,,,,,,,,,0.41101708286539146,0.2890677100857157,0.2758625586853512,0.2878983999291835,0.3604445729625764,0.2447770092603963,0.09345580338101522,0.019224928988182066,0.05994103224773867,-0.011204422938284664,-0.022394252091050726,0.027734367435340745,-0.01617075077926533,-0.0014564592095094309,-0.02408804533606379,-0.022782380275308378,0.0010313492107647537,-0.005374933923981973,-0.014496917436907564,-0.04324855727451837,-0.050461456441454,-0.0383210761233328,-0.05094195803876522,-0.06542325385919895,-0.06832068461491597,-0.06042623305211009,-0.05122380505150864,-0.04112609920281496,-0.03344916982247931,-0.03372963109587335,-0.02681515008497498,-0.019901402807509128,-0.018841760578275024,-0.02235573713470651,-0.021057741297406063,-0.024918648724058134,-0.024101705702864462,-0.021257578590948345,-0.01961310505763364,-0.017919418997690062,-0.03998393523501781,-0.04543221256777552,-0.04259605997184285,-0.04313755854187307,-0.04334280424052639,-0.04674421940873641,-0.04607124373958282,-0.046133904403900305,-0.042353092963992756,-0.040545018482918194,-0.04016872761084728,-0.03907099191030455,-0.038271282224060676,-0.03690986580773237,-0.03549024960017644,-0.03543046152678758,-0.034877585891242235,-0.03380505807813089,-0.033769856938009046,-0.03364090876915227,-0.031801253645681704,-0.032210819096651855
2015-06-30,,,,,,,,,,,,,,,,,,,,,,,,,,,,,,,,,,,,,,0.2913478946144847,0.27869951048041436,0.29061520300154753,0.36282408608249755,0.24823506908501447,0.09796127258139609,0.024192379912704676,0.06474957765924377,-0.005753155144639088,-0.016499405177079485,0.03363592878971122,-0.01015535844155091,0.004230958982946287,-0.018253242045495277,-0.016560119284311448,0.007162167093144711,2.8946417958308768e-5,-0.008949972666291772,-0.036933221051142606,-0.04331449238645446,-0.026817150559222458,-0.04027776519253501,-0.057078342108936364,-0.059066340966145436,-0.05118069604389536,-0.04064277460539811,-0.029542120753184242,-0.020949111918877827,-0.021409517626618524,-0.013565378687033058,-0.005646101938485415,-0.004612374103334094,-0.008554798666749519,-0.007062994326769767,-0.01136948454867276,-0.010299524007307714,-0.00712752413406742,-0.00530369071611031,-0.0033885952570040234,-0.02784078601780926,-0.03377710113662846,-0.03070632185258848,-0.0315610025238488,-0.03164261956729364,-0.03504947973401523,-0.034405737359499255,-0.03443567585760543,-0.030347092422539745,-0.02830422583426051,-0.027889319289423453,-0.02668120507166183,-0.025710921798304198,-0.024359817912210313,-0.022841797088269833,-0.02280942864633173,-0.02232383228463314,-0.021155726779804096,-0.021089471367775503,-0.020964579523503002,-0.018954848807403002,-0.019384318323466765
2015-09-30,,,,,,,,,,,,,,,,,,,,,,,,,,,,,,,,,,,,,,,0.28136884012953367,0.29317962994242674,0.36499769608036087,0.25149165328946865,0.10230264125268695,0.02902904250146482,0.06941709246428607,-0.00044507031169621625,-0.010797653326192147,0.0392945670936406,-0.004330730047178322,0.009758892102325722,-0.012555259748575742,-0.010495905760820767,0.013111290489485505,0.005345993374190061,-0.0034815432348728748,-0.03073908465969183,-0.036361631456896304,-0.019394156327982193,-0.09429810077007428,-0.11372818466335255,-0.1145022570399844,-0.10684699949900145,-0.09483739944766989,-0.08267910618874741,-0.07305645636843755,-0.07374602980721046,-0.06485129880088952,-0.05577522248023514,-0.05478675011806239,-0.059209343514724566,-0.057493386154045645,-0.0623036780372731,-0.0608896315360517,-0.05737074855000168,-0.05536973581238658,-0.05319910974696501,-0.08018527779317625,-0.0866250305615125,-0.08332343645468498,-0.08442470675809505,-0.08437671057840535,-0.08775255066528842,-0.08716085840750615,-0.08714872547761998,-0.08277466520217963,-0.08052799889285178,-0.0800550574718954,-0.07873952576001741,-0.0775921033648897,-0.07624077245918887,-0.07461915357877669,-0.07460877608967914,-0.0741831576985954,-0.07292200297887552,-0.07282549890371859,-0.07270117165775136,-0.07053118137968029,-0.07097976874243511
2015-12-31,,,,,,,,,,,,,,,,,,,,,,,,,,,,,,,,,,,,,,,,0.29560426861608213,0.36698514461593607,0.25456450093480787,0.10649241116072095,0.03374260239235516,0.07395215363378116,0.004728247676155484,-0.0052758100560677534,0.04472920111392131,0.0013161631020514042,0.015137518596155253,-0.006985334398499576,-0.00457756369476503,0.018894275765666768,0.010585296217461793,0.0019185905280681426,-0.024657097711103693,-0.029586117031006554,-0.012204308409442755,-0.08613151278124415,-0.11748998816824963,-0.1165400465565457,-0.10948598667648923,-0.09584650949514972,-0.08259133813081515,-0.07180383802216134,-0.07277448884012183,-0.06268918651060135,-0.05228387548632957,-0.05136208138855031,-0.05632405244868294,-0.05434963067508436,-0.059728884222932044,-0.05786529608110247,-0.05398033610668751,-0.051806705414631005,-0.049341944399751814,-0.07901470408696315,-0.08597253614931671,-0.08244610626072774,-0.08371132533114733,-0.0835279704191515,-0.08682998720461621,-0.08631733356408272,-0.08625239923141592,-0.08162126791298002,-0.07920992405704863,-0.07865599164249831,-0.07723773635760811,-0.07590648194317734,-0.0745416295276507,-0.07281106518858771,-0.07281606483365016,-0.0724406495221172,-0.07109034477878157,-0.07096500264426481,-0.07083704196517993,-0.06851970213190695,-0.06898649486069847
2016-03-31,,,,,,,,,,,,,,,,,,,,,,,,,,,,,,,,,,,,,,,,,0.3688042277436591,0.2574695487766566,0.11054174010848844,0.03833990758988309,0.07836244003036613,0.009774255132925624,7.807493757905348e-5,0.049956917945206736,0.006796830561847489,0.020375613929786707,-0.0015364852873437362,0.0012043545812256418,0.02452355931930228,0.01575255317053964,0.007256467069914008,-0.01868113097246793,-0.022975074317887867,-0.005229050581886219,-0.07821398382133482,-0.10917013478947046,-0.15664819638345961,-0.15090189042319513,-0.13543019571079407,-0.12109108407809477,-0.10894655446322665,-0.1102638376856021,-0.09882148360330001,-0.0868995894913136,-0.08607283113924852,-0.09164074414318812,-0.0893700054132951,-0.0953872641911333,-0.09296242495227025,-0.08868851682596679,-0.08634566413677869,-0.08354630095667553,-0.11609418363459345,-0.12358916599089209,-0.11984182976450142,-0.12119970689365811,-0.1208756101841082,-0.12406192300503016,-0.12365529766587147,-0.12352693885862809,-0.11866350405589099,-0.1161254193906821,-0.11546764520695929,-0.11395171945533455,-0.11242808652866843,-0.11103725202880288,-0.109191272201842,-0.10920626372628761,-0.1088711667483988,-0.10743515123513003,-0.10728311796751677,-0.10714672561251193,-0.1046930298919061,-0.1051769664431691
2016-06-30,,,,,,,,,,,,,,,,,,,,,,,,,,,,,,,,,,,,,,,,,,0.2602211361563478,0.11446062682070313,0.04282711022572838,0.08265487567767321,0.0146996174254177,0.005274864530824486,0.05499317985292146,0.012121511711329191,0.025480826250678434,0.0037969127083217757,0.006857218440192769,0.03000914947041905,0.020850970841049254,0.012535055581438637,-0.012807197801398773,-0.016518599917425103,0.0015465471844416934,-0.0705281493867605,-0.10108593323408444,-0.1477942446104118,-0.10560395704537118,-0.08807069809573614,-0.07276889096771799,-0.05898968482667677,-0.06073618418272836,-0.0477357730407148,-0.03405885175318746,-0.03336449175976952,-0.0396151579786454,-0.03700516065997589,-0.04373508863539627,-0.04062715659757804,-0.035937149534780666,-0.03342771218292673,-0.030250936118197902,-0.06589939821764851,-0.07395445768564712,-0.0699888402961325,-0.07137440887009738,-0.070904252009037,-0.07393207931246581,-0.07365953366788619,-0.07345682033355377,-0.06838386481991537,-0.06575747637657775,-0.06497222125970803,-0.06336419191675607,-0.06163784883542517,-0.06020865223884653,-0.05823978897919235,-0.0582601508755522,-0.05795497985540876,-0.05643651138693978,-0.056260584758071275,-0.056110346406653355,-0.05353025213335122,-0.054030160190169874
2016-09-30,,,,,,,,,,,,,,,,,,,,,,,,,,,,,,,,,,,,,,,,,,,0.11825806639021669,0.0472097810339665,0.08683574639043562,0.01951034491455722,0.010324461042973132,0.05985200412565783,0.017299379445562924,0.030459897107834255,0.009019466243702368,0.012386833637709205,0.03535917878888328,0.025881972607689874,0.017755133232784603,-0.007032842171668385,-0.010209036561417473,0.008134597914334296,-0.06305959521731558,-0.09322717574643347,-0.1391929489744439,-0.09854897983671429,-0.06516691820126047,-0.04922317144281435,-0.03339111797446598,-0.0356847616114877,-0.020870056220113287,-0.005163712308721924,-0.004615924014215844,-0.011640725614978198,-0.008641423046562902,-0.016165932120611237,-0.01223918485660308,-0.007100730413134859,-0.00442678698334098,-0.0008270537931325816,-0.03984126452179204,-0.04848279039521913,-0.04430077500736934,-0.04565159122370627,-0.04502984689102213,-0.04785393175571773,-0.04774546789279649,-0.047456828500504256,-0.042196539946783074,-0.039522167887088955,-0.038584289817274575,-0.036890385278655735,-0.03494923587500537,-0.03346881805499985,-0.03136870001190373,-0.03139021340582154,-0.03110376785604063,-0.029506157474144257,-0.02930972711967278,-0.029139596331735185,-0.026442725516194476,-0.026957342152013897
2016-12-31,,,,,,,,,,,,,,,,,,,,,,,,,,,,,,,,,,,,,,,,,,,,0.05149300167215359,0.09091079469776875,0.024211902180446665,0.015235914790721394,0.06454611985571695,0.0223387067246702,0.035318837482158805,0.014135027153595436,0.01779784687674346,0.04058034250455478,0.0308457515155815,0.02291597095635911,-0.0013566625856161751,-0.00404039990394417,0.014545043252855772,-0.055796218996577274,-0.08558463099238312,-0.13083450326143686,-0.09163342551143716,-0.05916921051622159,0.003504310556653456,0.02207059244460524,0.019043716322325432,0.036011436361054805,0.054092761597407,0.0544506922291505,0.046530666206891225,0.04997903015073435,0.041569354659492685,0.046468426957892384,0.052093738858934424,0.05493056618985487,0.05900217565623089,0.016312476189423997,0.007054807363023163,0.011451755453400325,0.010198161781122816,0.010977443847352664,0.008406096967433885,0.008317842617956706,0.008704868127258958,0.014129790585258484,0.016808828718343327,0.017926512084018464,0.019699243370915998,0.021869066571851725,0.02341444380862462,0.025655039250736977,0.025636440698038165,0.02591642694235241,0.027589622257051527,0.02780258533917923,0.02799932861876009,0.030803157837897,0.030275184984522696
2017-03-31,,,,,,,,,,,,,,,,,,,,,,,,,,,,,,,,,,,,,,,,,,,,,0.09488529712053728,0.02880929562824741,0.02001751729276252,0.06908710496536274,0.027247002712974533,0.040063067594016566,0.019146896810591785,0.02309406117931767,0.045678244275429714,0.03574169722195908,0.028015863864515878,0.004222053948856053,0.001992070698932258,0.020786165226307718,-0.04872772082477611,-0.07814982835433149,-0.12270959214782573,-0.08485170723111485,-0.053235338571143376,0.008104878849282404,0.056868109788344834,0.05281360573948696,0.07239644934014744,0.09328109055741135,0.09340049256596944,0.08443610486556302,0.08839971924576456,0.07900422996843598,0.085051491094425,0.0912089723711535,0.094207582046763,0.09880368511379872,0.05207705992421863,0.042170293236934275,0.046781003737846716,0.045688433571696496,0.046631770092527336,0.04436692468262532,0.04404614432159154,0.04454507047092998,0.05011044589880426,0.052746828998834705,0.05407394412097549,0.055917420631138026,0.05833157079907825,0.05995683083282777,0.06234795411123395,0.06233635765838336,0.06262348105102172,0.06436827008270612,0.064593163675152,0.06482397604907192,0.06772432912446158,0.06718445381869004
2017-06-30,,,,,,,,,,,,,,,,,,,,,,,,,,,,,,,,,,,,,,,,,,,,,,0.0333071436568142,0.024676881596564226,0.07348550628859546,0.032031124073222283,0.044697527459237996,0.0240579828684217,0.02827867933809347,0.050657666914322774,0.040568721439670274,0.03305253624544585,0.009703609377019473,0.007892260909102167,0.02686498902856288,-0.04184519932649933,-0.07091489274105994,-0.11480931279625917,-0.07819956154654989,-0.04736379562567222,0.01271869458504804,0.060535449767606664,0.05723329624011164,0.08007572093251653,0.10427450195414262,0.10407533234339117,0.09386565854999307,0.09843491546264332,0.08792799195513007,0.09532790492487087,0.10207034703170453,0.10523037823349485,0.11040809396402634,0.05922282361620512,0.048630537740842195,0.05345418426560805,0.05258883963752281,0.0537035804827386,0.051804957553667985,0.05121212637587813,0.05183770000618537,0.0575168263384539,0.06005824390015291,0.06162726894371434,0.06353218101221608,0.06620811958024875,0.06792966935080308,0.07048217188940181,0.07048186080718066,0.07079130139127099,0.07260307695470325,0.0728346275114427,0.07310777214405495,0.07609316023563223,0.07554295122157206
2017-09-30,,,,,,,,,,,,,,,,,,,,,,,,,,,,,,,,,,,,,,,,,,,,,,,0.02922101178498293,0.07775094508961872,0.036697366005379595,0.04922676391831915,0.028870917973987276,0.0333544896682354,0.05552278259423865,0.04532550203852287,0.038023445879252715,0.015088101266487464,0.013663449134304284,0.03278759753968313,-0.03514083377211186,-0.06387241964292423,-0.10712511584027284,-0.0716736709938448,-0.04155473777464869,0.017344094868675608,0.06426879397068258,0.06037302962491026,0.11002602161128394,0.13812359574405147,0.13745072629494082,0.12571844517030983,0.13101151917972131,0.11926504925505516,0.1282151606446308,0.13560112366128557,0.1389231633208443,0.1447452258372457,0.0886059972491669,0.077287807863191,0.08232433024031582,0.08175455341861293,0.0830490876759315,0.08158332071508878,0.08067482952156185,0.08144311630185219,0.08720581930330318,0.08959400728777417,0.09144055365582415,0.09339607642774672,0.09635307194699466,0.0981890743251268,0.10091461498591309,0.10093016568479063,0.1012790291959873,0.10315237424061863,0.10338450241342434,0.10370916768253469,0.10676668881505363,0.10620785302485475
2017-12-31,,,,,,,,,,,,,,,,,,,,,,,,,,,,,,,,,,,,,,,,,,,,,,,,0.0818922100375194,0.04125153680663085,0.0536549988264331,0.03358814828933704,0.038324005730192734,0.06027731447693557,0.050010662371010595,0.042926008040483576,0.020375573298850036,0.019308509371251115,0.0385593747100591,-0.028607635797146203,-0.05701538191975142,-0.09964876257521149,-0.06527137214542666,-0.035809439172134694,0.02197720244920731,0.068061006649897,0.06362582624233404,0.11298792359431559,0.16807150312474128,0.16664603580580875,0.1529937201190928,0.15917872804970087,0.14604470889048354,0.1567987340871526,0.16486425819698433,0.16835012275498726,0.1748867968045449,0.11320846111163396,0.10111913560691382,0.1063700685305935,0.10616564244938365,0.10764971843675164,0.10669148090168679,0.10541926503320015,0.10634772495265338,0.11215918693817128,0.11432874847468233,0.11649186918574167,0.11848529713542577,0.12174439078753557,0.12371516530895271,0.12662621808218238,0.12666261145660868,0.12707040098130729,0.12899884691137897,0.12922447596374048,0.12961092271817115,0.13272582962844698,0.13216022576399328
2018-03-31,,,,,,,,,,,,,,,,,,,,,,,,,,,,,,,,,,,,,,,,,,,,,,,,,0.045699019053207834,0.05798618223077756,0.0382119982166772,0.043189569569640374,0.06492465956060472,0.05462289938710119,0.04775775588883224,0.025566121536646613,0.024830062398700503,0.04418519192309256,-0.02223925710816682,-0.05033706135734922,-0.09237229498565613,-0.058990432878470445,-0.030129870436170325,0.02661268219255336,0.07190339883659935,0.06698011262237513,0.11604797539515033,0.16974829082013065,0.19363639763773965,0.17746051686299955,0.1847936637726561,0.170110797774005,0.18294897232265336,0.19176027012649005,0.1954361667744351,0.20276995072307133,0.13485478458959876,0.1219426364233151,0.12741268007127127,0.12764395983966015,0.1293291931238041,0.12896253763013488,0.12727371401766163,0.12838127195320131,0.13420061634066727,0.1360775235710695,0.13860008683544223,0.1406163758945178,0.1442003150953946,0.14632900838762836,0.14943889551386985,0.14950163738942723,0.14999095217820402,0.1519666814202817,0.15217745262715954,0.15263720610642167,0.15579237495807924,0.15522200021803384
2018-06-30,,,,,,,,,,,,,,,,,,,,,,,,,,,,,,,,,,,,,,,,,,,,,,,,,,0.06222403364844026,0.04274471651872008,0.04795342625501764,0.06946798075434557,0.0591610716025191,0.052516450891663125,0.030659966197258748,0.030230586147051763,0.04966954891499198,-0.01602984196237006,-0.04383099935093948,-0.08528801554869347,-0.05282888519236256,-0.02451837742301627,0.031244326182437387,0.0757863982642425,0.07042324128019567,0.11919370362764875,0.1716143762943779,0.19452532756021645,0.1500243380481488,0.15890864317524986,0.14251562276433333,0.15775931770424323,0.16737328987718944,0.17128360772378246,0.1795905270151363,0.10459572544642726,0.09079972489404192,0.09649964886574797,0.09723678107436956,0.09913748664076416,0.09945749746493332,0.09729399781764753,0.09860114710348339,0.10437970901452953,0.1058792006066453,0.10880846350604745,0.11082966215827167,0.11476280227644953,0.11707667602875804,0.1203996805746736,0.12049493697171021,0.12109262598338039,0.1231060991776089,0.12329192640099296,0.12383804986411867,0.12701325445469347,0.12644016645235345
2018-09-30,,,,,,,,,,,,,,,,,,,,,,,,,,,,,,,,,,,,,,,,,,,,,,,,,,,0.0471885080334799,0.05261777602892603,0.07391027470220574,0.06362425590819204,0.05720015437793635,0.03565749681878283,0.035512494062933,0.05501667871407867,-0.009973915232901753,-0.03749096218235287,-0.07838847422606704,-0.04678490222407544,-0.018977440980211868,0.03586550004610628,0.07970006020846981,0.07394210275367474,0.122412161738912,0.17365153838842964,0.19566026677705134,0.15160150140028916,0.1735765555722818,0.15533257537673606,0.17335463931513134,0.18381238963296462,0.18804341282920792,0.19750415352701337,0.11438151409499869,0.09962790537877214,0.10557825894234973,0.10681447077061978,0.10895085689448941,0.11006685076112321,0.10736557909394118,0.10889498049359231,0.11457505855080424,0.11559901362438296,0.11898850517343679,0.12099334179745541,0.12530112103962426,0.1278346305171818,0.13138629283188036,0.131521183703096,0.13226086980041302,0.13430072047334518,0.1344491154338216,0.13509727433847474,0.1382676600207594,0.13769373758651327
2018-12-31,,,,,,,,,,,,,,,,,,,,,,,,,,,,,,,,,,,,,,,,,,,,,,,,,,,,0.057184809178659146,0.07825442064946664,0.06801178048823714,0.06180726921278967,0.04055929717410678,0.040678188619659494,0.060230624301966296,-0.00406629856631352,-0.03131091727604601,-0.07166646054851766,-0.04085671012303982,-0.01350950145527241,0.04046947754366703,0.08363444983297841,0.07752358610592869,0.125690394376701,0.17584087798791376,0.197017916006104,0.15339063952903953,0.1752717994825381,0.13382600247378595,0.15503628753959542,0.16631419207331252,0.17101537276316628,0.1819166520364794,0.08960267931064025,0.07379119109979038,0.08002482482474171,0.08166053765683029,0.08406124206671128,0.08610301822368543,0.08279287312203942,0.08456952611397067,0.09008144001667268,0.09051413356045901,0.09442223407002531,0.0963832803116087,0.10109158603666185,0.10388661792058707,0.10768340953629862,0.10786575615307048,0.10878898958869099,0.11084042721347298,0.11093501038263642,0.11170294702417544,0.11483926709475484,0.11426624201762237
2019-03-31,,,,,,,,,,,,,,,,,,,,,,,,,,,,,,,,,,,,,,,,,,,,,,,,,,,,,0.08250321462742005,0.07232323969284782,0.06633655883654233,0.045366155028200794,0.04573009574456072,0.06531529324003421,0.0016979514518030703,-0.02528501757319268,-0.06511499914165136,-0.03504252715883299,-0.008116834529980743,0.045049685757199975,0.0875799215095796,0.08115491745178083,0.129015778699396,0.1781634479611493,0.198574737232745,0.1553707901626764,0.17716076721152021,0.13593654410457595,0.13840966040157193,0.1502359742980397,0.1556413151753155,0.16841759217771654,0.06538073305047165,0.04837159918293288,0.05494502908419463,0.0567262501497276,0.05943499787171108,0.06256074278319823,0.05856099398431669,0.06061458892040589,0.06587489691215642,0.06557529129538459,0.07007089872055666,0.07195387630976252,0.0770888619671557,0.08020404904222478,0.08426458289691319,0.08450354726039483,0.08566635514536297,0.08771091990660607,0.08772971197363227,0.08863939849642172,0.09170447832743528,0.091133037648154
2019-06-30,,,,,,,,,,,,,,,,,,,,,,,,,,,,,,,,,,,,,,,,,,,,,,,,,,,,,,0.07655849554211519,0.07078714947245929,0.05007906079685148,0.05067068479617959,0.07027449529900914,0.007323588039677864,-0.019407591778458466,-0.05872734742431923,-0.02934052387216496,-0.0028014673493325093,0.04959987925937265,0.09152731617398596,0.08482390109072208,0.13237626746297698,0.18060071956223483,0.20030755289836122,0.1575206950248147,0.1792208839358791,0.13823256484725044,0.1405895983443815,0.13854245195803794,0.14501002672712304,0.1603443329917411,0.044801091610179644,0.026388933510355983,0.03339618383894555,0.03481944951123106,0.03790377189269045,0.042312178192628,0.0375277818255072,0.03989517961448302,0.044803105630685514,0.04359081772265433,0.04875822694358417,0.05051823401411787,0.05610580490992845,0.059628892984430415,0.06397549141048348,0.06428178615236874,0.06576386064765927,0.06777740356435191,0.06768894038967949,0.06876793340349185,0.07171361683875305,0.07114212539367604
2019-09-30,,,,,,,,,,,,,,,,,,,,,,,,,,,,,,,,,,,,,,,,,,,,,,,,,,,,,,,0.07515852012431234,0.05469919831584974,0.05550247778895051,0.07511196713624868,0.012815205824531661,-0.013673138733237888,-0.05249699452585571,-0.02374879927604956,0.0024348740566453864,0.05411425832687544,0.09546809403776285,0.08851908354535298,0.1357605543751132,0.18313491777774882,0.20219398184068288,0.1598193738637015,0.18143013080510875,0.14068811566394396,0.14293521641003604,0.13931317570995877,0.1494830116626421,0.16858792978254725,0.0382198306089534,0.01808792269909376,0.025688881734138858,0.02588716566355398,0.02945346292836193,0.03540240278652185,0.029715972741915286,0.0324469233821047,0.03688123762327078,0.0345108654501019,0.04046111310645317,0.04203883580646156,0.04810512131716649,0.052179993465467756,0.056843058719493855,0.05722907547436207,0.0591519199978629,0.06110221835948204,0.060859143843571606,0.062143217835120335,0.06490393570710756,0.06432559954404593
2019-12-31,,,,,,,,,,,,,,,,,,,,,,,,,,,,,,,,,,,,,,,,,,,,,,,,,,,,,,,,0.059227930236703474,0.0602280507967099,0.07983138724964689,0.01817726247247342,-0.0080763245718114,-0.04641766072322212,-0.01826536910384874,0.0075907933605132705,0.0585875434970346,0.09939441682862132,0.09222985716919357,0.1391581785289685,0.18574925251790375,0.20421274515017518,0.1622465426287925,0.18376741354806314,0.14327908686086888,0.14542467000423104,0.14039311533988486,0.15048553619052707,0.21421528654056482,0.06583342926783503,0.043473895940815854,0.05194892773251858,0.04947289219206852,0.053693101951711564,0.06152800035384004,0.05478628784926709,0.0579548644696275,0.061771860355780195,0.057884637528381466,0.06477809218679192,0.066097240191828,0.072671344974848,0.07755419764889526,0.08258279591489032,0.08306208540238408,0.0856243861494081,0.08746825418146553,0.08699626146545436,0.08853368937141548,0.09101384536607865,0.09041081631225945
2020-03-31,,,,,,,,,,,,,,,,,,,,,,,,,,,,,,,,,,,,,,,,,,,,,,,,,,,,,,,,,0.06485002984101151,0.08443638376943541,0.023414092857393598,-0.002611981639873695,-0.04048329690133018,-0.012888162915641654,0.012665234423118177,0.06301501646306851,0.10329919109783836,0.09594651693059253,0.142559581640895,0.18842806779992324,0.20634386921401393,0.16478290753349073,0.18621281543935514,0.14598327416735024,0.1480371892412065,0.14175330363957428,0.15177646886907237,0.21676148644634818,-0.040767125260469605,-0.06650369405143275,-0.056393144846608345,-0.06948558031099394,-0.06427262013885898,-0.0544108233762034,-0.06242751698658339,-0.05843835212709564,-0.054591095323214434,-0.0611069269561863,-0.05234010028789732,-0.05151177328090367,-0.04443695382501894,-0.0370875242676883,-0.03147658779187473,-0.030879616086233852,-0.02654946477145642,-0.024835172921707283,-0.0259271344246938,-0.02382692383742452,-0.02193394922381492,-0.022767678555112136
2020-06-30,,,,,,,,,,,,,,,,,,,,,,,,,,,,,,,,,,,,,,,,,,,,,,,,,,,,,,,,,,0.08893053710461618,0.028529917754217315,0.0027248915876095237,-0.03468808369802878,-0.007615027542032915,0.01765747839629217,0.06739253539241696,0.10717608194105371,0.09966028142443195,0.14595612923706147,0.1911569270610921,0.20856880829000957,0.16741036106400178,0.18874775919476283,0.14878038870746674,0.15075327780672498,0.14336488612288073,0.15332663401724456,0.21938960523546458,-0.03184244024853089,-0.09160772196286482,-0.08077294771176063,-0.101757502489355,-0.09521852050730362,-0.08266433693430258,-0.09236777976255156,-0.08745823194989977,-0.08348907146829088,-0.09237561091139584,-0.08162710402194817,-0.08112397917954772,-0.07308381839459849,-0.06358249039807023,-0.05724113147292503,-0.05649810242391501,-0.05077377330486216,-0.04907825419364498,-0.05064409156855687,-0.04808740924123739,-0.04647963335080729,-0.04753891866617377
2020-09-30,,,,,,,,,,,,,,,,,,,,,,,,,,,,,,,,,,,,,,,,,,,,,,,,,,,,,,,,,,,0.03352884861194699,0.007939130148346796,-0.029026430117242208,-0.0024437348892666355,0.022567131197930634,0.07171653117137328,0.11101950466031824,0.10336328703814046,0.14934010478983328,0.1939226493779989,0.21087050483931807,0.17011210126196008,0.1913550979370516,0.15165202464269867,0.1535548335002515,0.1451997196622714,0.1551073790374703,0.22208219555711473,-0.023312049975700577,-0.08351467491992098,-0.039197147426566104,-0.06880127086214671,-0.06015355709186593,-0.04383484166616952,-0.05527351357768917,-0.04941893562257321,-0.04558339191218014,-0.056237152691398895,-0.04381631683230103,-0.04340778106902987,-0.034301423581098445,-0.023321578538811227,-0.016283459094506292,-0.015400419907934004,-0.008755712782870018,-0.006973919419783203,-0.008796316279990557,-0.005853349065434499,-0.004405181985219331,-0.005610736331836563
2020-12-31,,,,,,,,,,,,,,,,,,,,,,,,,,,,,,,,,,,,,,,,,,,,,,,,,,,,,,,,,,,,0.013035402193370516,-0.023492971486377467,0.0026280074279987353,0.027394104324485524,0.07598398977494741,0.11482460039266035,0.10704856243808836,0.15270468402895632,0.1967133085659052,0.21323340242233885,0.1728726916685915,0.19401915165364847,0.15458159579370406,0.156425207987468,0.14723080416036455,0.15709106874780765,0.22482324315357713,-0.015146693264281808,-0.07565753717992435,-0.030623063023621944,-0.07422095084422659,-0.062481275025842,-0.0409119179206206,-0.05423280152087678,-0.04731987875154542,-0.043995994892066126,-0.05538704704924291,-0.04165783328359551,-0.0409112928818644,-0.030632736906884006,-0.01932014869681853,-0.011670450227258988,-0.010641170843500525,-0.0038498978302146103,-0.0017842953553987573,-0.003459593938084149,-0.00015733341650575605,0.0011995236079354044,1.3683385834295514e-5
2021-03-31,,,,,,,,,,,,,,,,,,,,,,,,,,,,,,,,,,,,,,,,,,,,,,,,,,,,,,,,,,,,,-0.018082566703153335,0.007602543802192829,0.03213859132033586,0.08019242488851225,0.11858720049316651,0.11070998908961754,0.15604389518736572,0.19951820480484253,0.21564342311881396,0.1756780760433607,0.19672570246062693,0.1575542503797686,0.15934922011253327,0.14943258040416335,0.15925143316434476,0.22759819524643446,-0.0073202135065578156,-0.0680279393005509,-0.02241073109793712,-0.06655456181916297,-0.03179035345773712,-0.0025559126557739287,-0.018587790530925463,-0.01042808685958907,-0.008375236016889165,-0.021736032486411982,-0.006265181339593084,-0.005517328576132019,0.006160082855625082,0.018431134640073454,0.026880023239963302,0.028106119230453086,0.03549615324353972,0.03765710936328748,0.03588518912133842,0.03956377563750196,0.0407314143620463,0.03951363414849335
2021-06-30,,,,,,,,,,,,,,,,,,,,,,,,,,,,,,,,,,,,,,,,,,,,,,,,,,,,,,,,,,,,,,0.012482257584880307,0.03680104169851728,0.08433984402921019,0.12230378344556003,0.1143422523295139,0.1593525697368881,0.2023278165136068,0.21808791907882885,0.17851555925377555,0.19946195940452313,0.16055677116582712,0.1623131344183681,0.15178112191995358,0.16156379828511833,0.23039394871283878,0.00019087863555583562,-0.06061766262069196,-0.01453582118079727,-0.059181682538227254,-0.02249502485525312,0.021016785290303597,0.0014861382032276826,0.011248722929011579,0.011331145325739644,-0.004472828536709383,0.01307050501010698,0.013777620441533411,0.027093550269337463,0.040544457015105895,0.04991658062479265,0.05137091621968637,0.05951373857805137,0.06176213797965896,0.059850999399567284,0.06397188805651377,0.06488933108169403,0.06362659437576079
2021-09-30,,,,,,,,,,,,,,,,,,,,,,,,,,,,,,,,,,,,,,,,,,,,,,,,,,,,,,,,,,,,,,,0.04138213368240928,0.08842471069807106,0.12597142724384802,0.1179407865315239,0.16262628718268762,0.20513373860571102,0.22055560586793171,0.18137376348573037,0.20221650139485103,0.16357746676026835,0.16530461425786033,0.1542542438833029,0.1640052247120738,0.23319880884560762,0.0074077726067787175,-0.05341864214189068,-0.006976136365977048,-0.052054969854825106,-0.013671318777160324,0.03292309674998867,-0.01782552100456014,-0.005995868856679687,-0.00916800487122188,-0.027956756411513906,-0.007961163268750071,-0.0073437582379070054,0.007905457681721628,0.02274274039505214,0.03317541613980174,0.03489668156743503,0.043945685284460134,0.04627053798988856,0.04417993274975551,0.0488176690502099,0.04941323549671567,0.04809655732416945
2021-12-31,,,,,,,,,,,,,,,,,,,,,,,,,,,,,,,,,,,,,,,,,,,,,,,,,,,,,,,,,,,,,,,,0.0924459045111507,0.1295877595137891,0.1215017171077668,0.1658613166808764,0.20792861195802734,0.22303648367054796,0.18424256706978392,0.20497920509616974,0.16660605852844595,0.1683126569947132,0.15683154801520943,0.16655457468551502,0.23600242725925136,0.014349666174232,-0.04642297309106125,0.0002886344606740643,-0.045138062833160686,-0.00526299258272428,0.04408846539015138,-0.005429504956171172,0.04412599871026751,0.03537594685999834,0.013030099429166553,0.03591152181182483,0.036380857757121965,0.053928580629118816,0.07035246324576055,0.08200344748908311,0.08403815963551697,0.0941568963112634,0.09654281063805886,0.09422995674949536,0.09946858636948858,0.09965894055895808,0.09828096649240797
2022-03-31,,,,,,,,,,,,,,,,,,,,,,,,,,,,,,,,,,,,,,,,,,,,,,,,,,,,,,,,,,,,,,,,,0.13315090709651284,0.1250218014412975,0.16905455759072294,0.2107060478568414,0.22552175110499234,0.18711303169419502,0.20774116315914193,0.16963356654002731,0.17132751723549605,0.15949441889109578,0.16919252439706178,0.23879572569756996,0.0210340240571123,-0.039622919972886805,0.007277128230742391,-0.03840328115694086,0.002776091324137697,0.054579119997359704,0.006171297986912239,0.05440708427276336,0.175608855706726,0.149414165232446,0.17564748856809786,0.17590014157983053,0.19620426951497275,0.21440048302491613,0.2274565540065153,0.2298604043815141,0.24122824096688397,0.24365417744394707,0.24107086852058288,0.24700540674807436,0.24669392667853401,0.2452477852940948
2022-06-30,,,,,,,,,,,,,,,,,,,,,,,,,,,,,,,,,,,,,,,,,,,,,,,,,,,,,,,,,,,,,,,,,,0.12849837032207578,0.17220348054554635,0.21346055031794886,0.22800371533306818,0.18997732252633268,0.2104945969839195,0.1726521971177712,0.17434062275445836,0.16222598414507286,0.17190153528898675,0.24157081103189995,0.027476795225123474,-0.03301092694091873,0.01400648879438493,-0.03182975364927709,0.01048387560114522,0.06445368872517826,0.01705364904204526,0.06406903640603745,0.17629254673834313,0.12815971151845562,0.15814417724539762,0.15810093853080623,0.18173858424491313,0.20184770901061058,0.21653774371921808,0.2193780973509278,0.23219270275445936,0.2346305078871263,0.23172098962071822,0.23845942861307984,0.237533866335731,0.23601260511011302
2022-09-30,,,,,,,,,,,,,,,,,,,,,,,,,,,,,,,,,,,,,,,,,,,,,,,,,,,,,,,,,,,,,,,,,,,0.17530607020300015,0.2161874384739103,0.23047570127727085,0.1928286247445919,0.21323276724282522,0.17565523386929272,0.1773444867258214,0.1650110485975359,0.17466579539358418,0.2443208855485816,0.033692595859727226,-0.0265796285013839,0.020492522412341896,-0.02540190414419674,0.01789167661370572,0.07376424186602987,0.027284773938748452,0.07317208794993607,0.17725971889068745,0.12820655156197203,0.28458990640684306,0.2841780237635907,0.3118612330359689,0.3339048641191926,0.3505225484463266,0.35388287087964576,0.3683592601863739,0.3707716363968092,0.36747062174470235,0.3751365089157638,0.37346576877033116,0.37186211119137547
2022-12-31,,,,,,,,,,,,,,,,,,,,,,,,,,,,,,,,,,,,,,,,,,,,,,,,,,,,,,,,,,,,,,,,,,,,0.2188827706545766,0.23293196205506164,0.1956610591546909,0.2159498846057779,0.17863693353423224,0.18033261902643394,0.16783601030036513,0.17747113955527466,0.24704015565984688,0.039694863843066364,-0.020321859789924457,0.02674983179879703,-0.01910823280703089,0.025025467436770588,0.08255718113255461,0.03692374862492015,0.08176837460504344,0.17848788971389454,0.1286408880553604,0.28037322534657405,0.24652729198511833,0.27906383199802653,0.30277330040710926,0.3217203121863248,0.32570814968826345,0.3420719133936406,0.3444095133825129,0.3406399390967969,0.3493758035924935,0.3468053939299449,0.3451117295636512
2023-03-31,,,,,,,,,,,,,,,,,,,,,,,,,,,,,,,,,,,,,,,,,,,,,,,,,,,,,,,,,,,,,,,,,,,,,0.2353675921740086,0.19846959889472746,0.21864102248010897,0.18159242754330676,0.18329943868229404,0.1706887648171925,0.18030495554867426,0.24972374139397516,0.045495989660814085,-0.014230665876347581,0.03279193220615334,-0.012940340703726572,0.03190692335053874,0.09087399626742465,0.04602267001214333,0.08990321751327296,0.17995318256451745,0.12942803244699702,0.27689720075179547,0.24348703098874516,0.3145333685086595,0.3389131434967203,0.36078913313287997,0.3655509400457565,0.3840194404220852,0.3862167656093805,0.38188698095820095,0.39185919154768456,0.38820446487635163,0.38641311709496556
2023-06-30,,,,,,,,,,,,,,,,,,,,,,,,,,,,,,,,,,,,,,,,,,,,,,,,,,,,,,,,,,,,,,,,,,,,,,0.20124998869535032,0.22130203307012286,0.18451762984292985,0.18624018897784714,0.173558602680179,0.18315608160042837,0.2523675883954096,0.0511074277725026,-0.008299309736498173,0.03863135246130267,-0.006892153863201911,0.03855427075396911,0.09875190836728776,0.054627644934858666,0.09761619409249256,0.18163124010141216,0.1305334684802033,0.2740888869074164,0.24108844702955887,0.31155092789176686,0.40786766919558076,0.43366604189603686,0.43941528535802904,0.46015153846344886,0.46212140083197256,0.45712150451864264,0.46852767091719455,0.46356316861918345,0.46166714134482534
2023-09-30,,,,,,,,,,,,,,,,,,,,,,,,,,,,,,,,,,,,,,,,,,,,,,,,,,,,,,,,,,,,,,,,,,,,,,,0.22392946765897165,0.18740915127257957,0.18915085630381553,0.17643610384085842,0.18601469959016384,0.25496838366645963,0.05653979180201818,-0.0025212786791837805,0.0442797233683645,-0.0009593103159284411,0.04498297397985568,0.10622441712862701,0.0627796258015843,0.10494203128793811,0.18349790577057645,0.13192354826469882,0.27187986156471133,0.23926970088537938,0.3091766329340404,0.4004265539425051,0.4881162466276765,0.49517725460579737,0.5181769924748691,0.5198038165101743,0.5140009315045878,0.5270819263328476,0.5205236531009809,0.5185183129790006
2023-12-31,,,,,,,,,,,,,,,,,,,,,,,,,,,,,,,,,,,,,,,,,,,,,,,,,,,,,,,,,,,,,,,,,,,,,,,,0.19026422057773412,0.19202809346798255,0.17931303201919696,0.18887222720209315,0.2575234758867262,0.06180293631506245,0.0031097108683236785,0.04974785547749644,0.004861320258143342,0.051206288897500896,0.11332176691437734,0.07051511717445591,0.11191135029487587,0.18552972194493694,0.13356598980892453,0.2702064110362635,0.2379720691882831,0.30733946969880266,0.39397357012079237,0.480931599306887,0.4142111339824769,0.43903165931037064,0.4401660923713676,0.4333988708627747,0.44845922808525684,0.43993388372365166,0.4378205033232172
2024-03-31,,,,,,,,,,,,,,,,,,,,,,,,,,,,,,,,,,,,,,,,,,,,,,,,,,,,,,,,,,,,,,,,,,,,,,,,,0.19486914791737622,0.1821822311166788,0.19172121148562052,0.260030800835762,0.0669060274629037,0.00859971022589523,0.055045807873234875,0.010572009445160346,0.05723570739655137,0.12007134436427558,0.0778667737958077,0.11855128730329573,0.18770428312239545,0.13543021822267226,0.2690095777176069,0.23714031894212342,0.3059752292150226,0.3884117750820702,0.4746428509537637,0.4104712625045614,0.49951664462615475,0.49998470283779245,0.4920605161155807,0.5095034499425505,0.49849341893620486,0.4962863809591112
2024-06-30,,,,,,,,,,,,,,,,,,,,,,,,,,,,,,,,,,,,,,,,,,,,,,,,,,,,,,,,,,,,,,,,,,,,,,,,,,0.1850375252660444,0.1945552256284292,0.2624888122031291,0.07185760436750477,0.01395453692408577,0.06018294934885399,0.01617445638071252,0.06308131277969597,0.1264980183277603,0.08486390737578936,0.12488601092238016,0.1900004749357679,0.1374875843645461,0.26823510539037165,0.23672292065593276,0.3050260134041567,0.38365103169747505,0.46915967856928803,0.40730425761683803,0.49435530256642135,0.5096217423715284,0.5003576357915214,0.520743526005677,0.5064867688715635,0.5042277925424066
2024-09-30,,,,,,,,,,,,,,,,,,,,,,,,,,,,,,,,,,,,,,,,,,,,,,,,,,,,,,,,,,,,,,,,,,,,,,,,,,,0.19736877022169114,0.26489641788500295,0.07666563278882177,0.01917977466883386,0.0651680130961379,0.021670004542641397,0.06875206266273959,0.1326244312081331,0.09153291671854957,0.13093715361526004,0.1923986237901813,0.1397114881546625,0.267833309673695,0.2366721368987833,0.3044397514202926,0.3796079889627401,0.4643985577500751,0.40465573347774386,0.489852350805699,0.5040663518220141,0.3993359671179466,0.4234980674976108,0.40480488617167876,0.40259008867905366
2024-12-31,,,,,,,,,,,,,,,,,,,,,,,,,,,,,,,,,,,,,,,,,,,,,,,,,,,,,,,,,,,,,,,,,,,,,,,,,,,,0.2672529217270424,0.08133755233923468,0.024280774682162498,0.07000914584458184,0.02705980313266937,0.07425601310023022,0.13847124935958055,0.09789765344133805,0.13672417165042072,0.19488057720923807,0.14207742854540123,0.26775889505039596,0.23694401596950831,0.3041697310186632,0.37620594330616697,0.46028262928144575,0.4024737655892991,0.48594618351999963,0.49920533575160175,0.3975679823553253,0.54407070789351,0.5190013523542829,0.5170286773590975
2025-03-31,,,,,,,,,,,,,,,,,,,,,,,,,,,,,,,,,,,,,,,,,,,,,,,,,,,,,,,,,,,,,,,,,,,,,,,,,,,,,0.08588031828296477,0.029262658277109277,0.07471395222335248,0.03234492457208016,0.07960049524312718,0.14405737895051818,0.10397973357583035,0.14226464568964015,0.19742973113523607,0.14456299790733418,0.26797073531008925,0.2374983146177151,0.3041741489228305,0.3733746132242698,0.45674147537102605,0.40070930929972354,0.48257810302410564,0.4949738234596425,0.3961664704663727,0.5403263176521667,0.4403595558324709,0.43901047572112106
2025-06-30,,,,,,,,,,,,,,,,,,,,,,,,,,,,,,,,,,,,,,,,,,,,,,,,,,,,,,,,,,,,,,,,,,,,,,,,,,,,,,0.034130320517453516,0.07928953498739638,0.037526447511584404,0.08479225382102956,0.14940015267000012,0.10979880368303807,0.1475745321219329,0.20003101729269004,0.14714783512586405,0.2684316306282327,0.2382983690497685,0.30441568321815243,0.37104985296758314,0.45371083320102257,0.39931645841014357,0.47969275267028044,0.4913100434295947,0.39510048597488145,0.5370757126322278,0.43764914672528515,0.42757963694114237
2025-09-30,,,,,,,,,,,,,,,,,,,,,,,,,,,,,,,,,,,,,,,,,,,,,,,,,,,,,,,,,,,,,,,,,,,,,,,,,,,,,,,0.08374253164087964,0.04260551299167609,0.08983755506370183,0.15451549178182195,0.11537276871691393,0.15266837356332752,0.20267086114982721,0.14981354886393994,0.26910805159681667,0.23931092959558453,0.304861089845188,0.36917332556428306,0.4511322670313267,0.3982525783948804,0.47723837481307696,0.4881557675794694,0.3943385877385027,0.5342678023141223,0.4353543370097713,0.4262768153804708
2025-12-31,,,,,,,,,,,,,,,,,,,,,,,,,,,,,,,,,,,,,,,,,,,,,,,,,,,,,,,,,,,,,,,,,,,,,,,,,,,,,,,,0.047583359929547875,0.09474227028215115,0.1594180472989951,0.12071798769760411,0.1575594755249782,0.20533711889659728,0.15254362011365608,0.2699698781801446,0.24050597124393766,0.30548082441742347,0.3676921511178014,0.44895281524357405,0.39747834282598016,0.4751669339199064,0.4854565736350316,0.39384966412791145,0.5318544886428201,0.43343466633540556,0.42527757513473646
2026-03-31,,,,,,,,,,,,,,,,,,,,,,,,,,,,,,,,,,,,,,,,,,,,,,,,,,,,,,,,,,,,,,,,,,,,,,,,,,,,,,,,,0.09951194017318821,0.16412132343798258,0.12584944226913292,0.16226005506521285,0.2080190001197148,0.15532329124568234,0.27099013967553554,0.24185648965476353,0.3062486898795686,0.3665585427997473,0.4471246249641264,0.3969576964362164,0.47343413681189195,0.4831619675171885,0.3936035391778303,0.5297909011959253,0.43185146959457393,0.42454423258063545
2026-06-30,,,,,,,,,,,,,,,,,,,,,,,,,,,,,,,,,,,,,,,,,,,,,,,,,,,,,,,,,,,,,,,,,,,,,,,,,,,,,,,,,,0.16863778599887413,0.1307808823889241,0.166781366248769,0.21070698143071878,0.15813944719871684,0.27214476022951956,0.24333829012950225,0.30714150995672446,0.36572944011033803,0.44560458394056146,0.3966577638586151,0.4719993756637728,0.4812253990986088,0.39357140307309724,0.5280355064829049,0.43056822548006274,0.424042324610012
2026-09-30,,,,,,,,,,,,,,,,,,,,,,,,,,,,,,,,,,,,,,,,,,,,,,,,,,,,,,,,,,,,,,,,,,,,,,,,,,,,,,,,,,,0.13552495270310538,0.17113380640803694,0.21339271513894695,0.16098049317269741,0.2734123132292281,0.24492977528517473,0.3081388279074565,0.36516614666913455,0.4443539569821397,0.3965487193820748,0.4708256142966628,0.47960419801608944,0.3937261030616673,0.526550122474153,0.4295507719858489,0.4237405127623255
2026-12-31,,,,,,,,,,,,,,,,,,,,,,,,,,,,,,,,,,,,,,,,,,,,,,,,,,,,,,,,,,,,,,,,,,,,,,,,,,,,,,,,,,,,0.17532700651059097,0.21606893611368827,0.16383623215053988,0.2747737869030888,0.24661173576843565,0.30922262976701714,0.3648339779315608,0.4433380323814056,0.3966036299789887,0.4698792341644674,0.47825945089714583,0.3940423245940595,0.5252998626768026,0.4287674191302593,0.42361044891432575
2027-03-31,,,,,,,,,,,,,,,,,,,,,,,,,,,,,,,,,,,,,,,,,,,,,,,,,,,,,,,,,,,,,,,,,,,,,,,,,,,,,,,,,,,,,0.21872936921182282,0.16669774473292776,0.27621236268112637,0.2483671472069947,0.31037709103210154,0.36470192272332763,0.4425257822184896,0.3967982813070211,0.4691298530623212,0.47715583704636483,0.39449668713293673,0.524253028931384,0.42818898312830267,0.42362661506596727
2027-06-30,,,,,,,,,,,,,,,,,,,,,,,,,,,,,,,,,,,,,,,,,,,,,,,,,,,,,,,,,,,,,,,,,,,,,,,,,,,,,,,,,,,,,,0.16955727309501475,0.2777132072471877,0.25018097568119835,0.3115883455786135,0.3647423212816933,0.4418895392407577,0.3971109942842172,0.4685501268280606,0.4762614361225518,0.39506777456475317,0.5233809680812915,0.42778876144643097,0.4237661469998826
2027-09-30,,,,,,,,,,,,,,,,,,,,,,,,,,,,,,,,,,,,,,,,,,,,,,,,,,,,,,,,,,,,,,,,,,,,,,,,,,,,,,,,,,,,,,,0.2792632787333547,0.2520399932693254,0.3128442755040827,0.36493056153672515,0.44140469205201677,0.3975224381139173,0.46811554205451333,0.47554751846675913,0.39573611637139783,0.5226579044609584,0.4275424643116935,0.42400864938779914
2027-12-31,,,,,,,,,,,,,,,,,,,,,,,,,,,,,,,,,,,,,,,,,,,,,,,,,,,,,,,,,,,,,,,,,,,,,,,,,,,,,,,,,,,,,,,,0.25393260464367007,0.3141343205340231,0.3652447946135366,0.4410493995920012,0.3980154442321584,0.4678042059932625,0.4749883263966557,0.39648413257957976,0.5220607575661372,0.4274281151078384,0.42433600814755956
2028-03-31,,,,,,,,,,,,,,,,,,,,,,,,,,,,,,,,,,,,,,,,,,,,,,,,,,,,,,,,,,,,,,,,,,,,,,,,,,,,,,,,,,,,,,,,,0.31544930561609696,0.3656656699512816,0.44080432530100333,0.39857482451269255,0.46759663833797316,0.47456085287195227,0.3972960529044713,0.5215689521796296,0.4274259295275026,0.42473220443106924
2028-06-30,,,,,,,,,,,,,,,,,,,,,,,,,,,,,,,,,,,,,,,,,,,,,,,,,,,,,,,,,,,,,,,,,,,,,,,,,,,,,,,,,,,,,,,,,,0.3661760899859732,0.4406523909153946,0.39918719614861353,0.46747556836833093,0.47424462238381726,0.3981578183580998,0.5211642265328112,0.4275181812544204,0.42518313348054965
2028-09-30,,,,,,,,,,,,,,,,,,,,,,,,,,,,,,,,,,,,,,,,,,,,,,,,,,,,,,,,,,,,,,,,,,,,,,,,,,,,,,,,,,,,,,,,,,,0.4405785495018067,0.3998408148968998,0.4674257399650032,0.47402147766674896,0.39905697182960104,0.5208304427142729,0.42768906023900555,0.42567643067624933
2028-12-31,,,,,,,,,,,,,,,,,,,,,,,,,,,,,,,,,,,,,,,,,,,,,,,,,,,,,,,,,,,,,,,,,,,,,,,,,,,,,,,,,,,,,,,,,,,,0.40052541779096024,0.4674337262307766,0.4738753748229698,0.39998254270153355,0.5205534024338552,0.42792452823777877,0.42620130637173836
2029-03-31,,,,,,,,,,,,,,,,,,,,,,,,,,,,,,,,,,,,,,,,,,,,,,,,,,,,,,,,,,,,,,,,,,,,,,,,,,,,,,,,,,,,,,,,,,,,,0.4674877548388082,0.473792188644321,0.4009249293910743,0.520320670366181,0.4282121751572101,0.4267483905391629
2029-06-30,,,,,,,,,,,,,,,,,,,,,,,,,,,,,,,,,,,,,,,,,,,,,,,,,,,,,,,,,,,,,,,,,,,,,,,,,,,,,,,,,,,,,,,,,,,,,,0.47375952927907916,0.4018757827521968,0.5201214065937556,0.4285410788303346,0.4273095877984162
2029-09-30,,,,,,,,,,,,,,,,,,,,,,,,,,,,,,,,,,,,,,,,,,,,,,,,,,,,,,,,,,,,,,,,,,,,,,,,,,,,,,,,,,,,,,,,,,,,,,,0.4028278925070187,0.5199462091136666,0.4289016701222885,0.42787794305794447
2029-12-31,,,,,,,,,,,,,,,,,,,,,,,,,,,,,,,,,,,,,,,,,,,,,,,,,,,,,,,,,,,,,,,,,,,,,,,,,,,,,,,,,,,,,,,,,,,,,,,,0.5197869669371802,0.42928560467721644,0.42844751773167333
2030-03-31,,,,,,,,,,,,,,,,,,,,,,,,,,,,,,,,,,,,,,,,,,,,,,,,,,,,,,,,,,,,,,,,,,,,,,,,,,,,,,,,,,,,,,,,,,,,,,,,,0.4296856421574924,0.4290132763004024
2030-06-30,,,,,,,,,,,,,,,,,,,,,,,,,,,,,,,,,,,,,,,,,,,,,,,,,,,,,,,,,,,,,,,,,,,,,,,,,,,,,,,,,,,,,,,,,,,,,,,,,,0.42957098284381656
