date,vint_01Q1,vint_01Q2,vint_01Q3,vint_01Q4,vint_02Q1,vint_02Q2,vint_02Q3,vint_02Q4,vint_03Q1,vint_03Q2,vint_03Q3,vint_03Q4,vint_04Q1,vint_04Q2,vint_04Q3,vint_04Q4,vint_05Q1,vint_05Q2,vint_05Q3,vint_05Q4,vint_06Q1,vint_06Q2,vint_06Q3,vint_06Q4,vint_07Q1,vint_07Q2,vint_07Q3,vint_07Q4,vint_08Q1,vint_08Q2,vint_08Q3,vint_08Q4,vint_09Q1,vint_09Q2,vint_09Q3,vint_09Q4,vint_10Q1,vint_10Q2,vint_10Q3,vint_10Q4,vint_11Q1,vint_11Q2,vint_11Q3,vint_11Q4,vint_12Q1,vint_12Q2,vint_12Q3,vint_12Q4,vint_13Q1,vint_13Q2,vint_13Q3,vint_13Q4,vint_14Q1,vint_14Q2,vint_14Q3,vint_14Q4,vint_15Q1,vint_15Q2,vint_15Q3,vint_15Q4,vint_16Q1,vint_16Q2,vint_16Q3,vint_16Q4,vint_17Q1,vint_17Q2,vint_17Q3,vint_17Q4,vint_18Q1,vint_18Q2,vint_18Q3,vint_18Q4,vint_19Q1,vint_19Q2,vint_19Q3,vint_19Q4,vint_20Q1,vint_20Q2,vint_20Q3,vint_20Q4,vint_21Q1,vint_21Q2,vint_21Q3,vint_21Q4,vint_22Q1,vint_22Q2,vint_22Q3,vint_22Q4,vint_23Q1,vint_23Q2,vint_23Q3,vint_23Q4,vint_24Q1,vint_24Q2,vint_24Q3
1970-06-30,,,,,,,,,,,,,,,,,,,,,,,,,,,,,,,,,,,,,,,,,,,,,,,,,,,,,,,,,,,,,,,,,,,,,,,,,,,,,,,,,,,,,,,,,,,,,,,
1970-09-30,,,,,,,,,,,,,,,,,,,,,,,,,,,,,,,,,,,,,,,,,,,,,,,,,,,,,,,,,,,,,,,,,,,,,,,,,,,,,,,,,,,,,,,,,,,,,,,
1970-12-31,,,,,,,,,,,,,,,,,,,,,,,,,,,,,,,,,,,,,,,,,,,,,,,,,,,,,,,,,,,,,,,,,,,,,,,,,,,,,,,,,,,,,,,,,,,,,,,
1971-03-31,,,,,,,,,,,,,,,,,,,,,,,,,,,,,,,,,,,,,,,,,,,,,,,,,,,,,,,,,,,,,,,,,,,,,,,,,,,,,,,,,,,,,,,,,,,,,,,
1971-06-30,,,,,,,,,,,,,,,,,,,,,,,,,,,,,,,,,,,,,,,,,,,,,,,,,,,,,,,,,,,,,,,,,,,,,,,,,,,,,,,,,,,,,,,,,,,,,,,
1971-09-30,,,,,,,,,,,,,,,,,,,,,,,,,,,,,,,,,,,,,,,,,,,,,,,,,,,,,,,,,,,,,,,,,,,,,,,,,,,,,,,,,,,,,,,,,,,,,,,
1971-12-31,,,,,,,,,,,,,,,,,,,,,,,,,,,,,,,,,,,,,,,,,,,,,,,,,,,,,,,,,,,,,,,,,,,,,,,,,,,,,,,,,,,,,,,,,,,,,,,
1972-03-31,,,,,,,,,,,,,,,,,,,,,,,,,,,,,,,,,,,,,,,,,,,,,,,,,,,,,,,,,,,,,,,,,,,,,,,,,,,,,,,,,,,,,,,,,,,,,,,
1972-06-30,0.9441860933757021,0.9443764778746367,0.945478231513102,0.9471263076136577,0.9475763891110129,0.9481584438661939,0.9489321576004237,0.9492275144828006,0.9495751670981337,0.949367890041154,0.9489180675607802,0.9495965513752627,0.949156633119292,0.9502130888046707,0.950458212567893,0.9507205166687864,0.950224916347034,0.9512812663102388,0.9508067585307642,0.9514830556811308,0.9527033229337245,0.9533545503156332,0.9543898845566084,0.9556852136941427,0.9579329018244312,0.9578305704861458,0.9582676407108195,0.9591710684445536,0.9586824833623074,0.9597646083639069,0.9579855054044062,0.9581209197532545,0.9578064908597778,0.9573639280525247,0.9566839751359297,0.9561496073350193,0.9561370885248256,0.9560929127869952,0.9555253492362665,0.9556995885323963,0.9560685367036004,0.9554454687488315,0.9557969432026082,0.9554672683816111,0.9554402583005085,0.9547282222593525,0.9547936236173493,0.9541600689504578,0.9536464297998964,0.9539791711379918,0.9534908306814016,0.9535634440793364,0.9535534578346498,0.9532187502850106,0.9531260350571706,0.9529925841595929,0.9534026352642742,0.9539331334037967,0.953321060448398,0.953927166476837,0.9546259575811302,0.9546762993049605,0.9547274051102915,0.9539959935822837,0.954477145114711,0.9552822644851239,0.9549837306453979,0.9552696292905818,0.9562096188434359,0.9560427527940114,0.956276659792723,0.9567591952284629,0.9580636049138634,0.9577663163857324,0.957327258422714,0.9583315259431018,0.9582632664127313,0.9582979005907866,0.9581553832258479,0.9558448042994495,0.957097119389354,0.957767501487413,0.9567051615414874,0.9572494768875427,0.9585726617678401,0.959022382264684,0.9585313918303181,0.95912431616286,0.9606182427390464,0.9604579188187945,0.9599215407701817,0.9600083035078744,0.9597170996742297,0.95961976620534,0.9597163605775606
1972-09-30,0.9737866276787849,0.9739716122530123,0.9750993902317271,0.9767807999019089,0.9772335706077728,0.9778432519436973,0.9786306772095514,0.9789293702579127,0.9792705999172815,0.9790805749795393,0.9786644603847131,0.9793322055612578,0.978892261206011,0.9799647153035576,0.9802045981824206,0.9804610370818915,0.9799575245386704,0.9810352624872754,0.9805395755816486,0.9812440931064854,0.982462633181437,0.9831104046714924,0.9841573782228402,0.9854737377401931,0.9877428211775122,0.9876226343021961,0.9880708345078824,0.9889857917290676,0.9884960681465393,0.9895688663574176,0.9877718698929773,0.9878828552037477,0.9875278004998742,0.987097216831153,0.9864390301082231,0.9859035712791919,0.9858896493418587,0.9858638707721348,0.9852704842255262,0.9854431246998515,0.9858401366300894,0.9852004960036382,0.9855420424369601,0.9852065917823621,0.98517375631249,0.9844518588386351,0.9845199049841904,0.9838819241122685,0.9833726089107764,0.9837291843093927,0.9832374716513727,0.9833114423000331,0.9833169745357562,0.9829751562234459,0.9829003598139865,0.9827630211420182,0.9831895097609105,0.9837271031047945,0.983091845779513,0.9837260147901274,0.9844262576729953,0.9844727964503888,0.9845331914686164,0.9837873243316183,0.9842790512951631,0.9850932430872608,0.984785735652622,0.9850906765526356,0.9860324308899103,0.9858597813936434,0.9861033260841225,0.9865773129671127,0.9879004614456683,0.9876024407104136,0.9871467751803003,0.9881664335357212,0.9880980244952208,0.9881313966082736,0.987990192925534,0.9857113516011762,0.9869815371916069,0.9876451717425335,0.9865591718194942,0.9871085179246704,0.9884247227195062,0.9888485117969961,0.9883355434243607,0.9889251333553889,0.990434054334689,0.9902533563623893,0.989715134293285,0.9898144833275617,0.9895165653698714,0.9894269506663202,0.9895237591359551
1972-12-31,1.0436941070988384,1.0438748921343555,1.0450263106505855,1.0467376711565148,1.0471920917030344,1.047826481679835,1.0486260906476788,1.0489278664462558,1.0492638144598883,1.0490894500690264,1.048704768457815,1.0493618532008187,1.0489218904260313,1.0500081561145533,1.0502425895945662,1.0504937669652041,1.0499831924360175,1.051079833360141,1.0505651379705712,1.0512957634732567,1.052511692191635,1.05315628647234,1.0542134882724794,1.0555484056550366,1.0578357172108535,1.057700373465717,1.05815835606658,1.0590838764910688,1.058593708966824,1.059657275876366,1.0578448244537308,1.0579328364444676,1.0575404598854363,1.0571207589095186,1.0564823365917866,1.0559462659979504,1.0559311174739419,1.0559216379754348,1.0553049220215285,1.0554759629335284,1.0558983193795393,1.055243770392438,1.0555757494144264,1.055234889502115,1.0551963818331611,1.0544655387952715,1.0545356235879013,1.0538936050685872,1.0533883250438243,1.0537661520011943,1.0532714294361798,1.0533465405262123,1.0533659290083786,1.053017952617567,1.0529590381990004,1.0528183348836628,1.0532592302847499,1.0538025971041336,1.0531468795969716,1.0538057548152397,1.0545071256441634,1.0545501065176368,1.0546186440686651,1.0538600577863466,1.0543610457555976,1.0551828020236773,1.05486756355066,1.0551897335162521,1.0561321597029454,1.0559545689619838,1.0562064959267068,1.0566724200890278,1.0580119928795457,1.057713169582416,1.0572430250988791,1.0582756202733772,1.0582071107999176,1.0582393307432487,1.0580993774270062,1.0558493395350435,1.0571351363428392,1.057792771503363,1.0566859288436228,1.0572392782644098,1.0585483254308135,1.0589481043342448,1.058415327543543,1.0590016380991223,1.0605232931498243,1.0603241823525789,1.0597846069574388,1.0598952923701446,1.0595915719727325,1.0595089629985202,1.0596058375284383
1973-03-31,1.0671546806128946,1.067332389339164,1.0685052448453676,1.0702434231353597,1.0706985295588942,1.0713549179600754,1.072165305134463,1.072469933129848,1.0728016751127807,1.0726414761268577,1.072286082447881,1.0729326002232977,1.0724926075683956,1.0735906716509305,1.073819465480958,1.074065951957155,1.0735490930772986,1.0746623471079824,1.0741306580553476,1.074885442982359,1.0760979760877585,1.0767396774700404,1.0778058242280508,1.0791570338942396,1.0814596901131888,1.0813117097075744,1.0817782315702045,1.0827134423401614,1.0822234593020734,1.0832779263934567,1.081452241070474,1.081518642167024,1.0810920156262247,1.0806821570274412,1.0800616029078771,1.0795253497905342,1.0795091373863483,1.0795139918812848,1.0788762567903185,1.0790457036007506,1.0794908767967422,1.078822955006467,1.0791457158794007,1.07879977797676,1.0787557385990991,1.078016783205141,1.0780883420132212,1.077442626451283,1.0769410988306403,1.0773377749070603,1.0768403649114138,1.0769164172260932,1.0769481116606685,1.0765948558021687,1.076549915144705,1.0764063325271138,1.0768597542973168,1.077407674449273,1.0767340276442408,1.0774144917161184,1.078116713361769,1.0781563679576784,1.078231978177843,1.0774622714008295,1.0779713094715637,1.0787992477592354,1.0784774323536415,1.078815146572814,1.0797572542684826,1.0795755034400678,1.0798346474656753,1.080292980253433,1.0816468594513595,1.081347155020412,1.0808645063332376,1.0819077779440334,1.0818392112917357,1.0818703832426735,1.081731615484446,1.0795075864957973,1.0808069276646053,1.0814592724275391,1.0803341793376968,1.080890595738859,1.0821923638517914,1.0825699451322086,1.082019370645174,1.0826024775958722,1.0841348031009925,1.083919107729283,1.0833786194352135,1.0834994784322562,1.083190795557919,1.083114524941899,1.083211329985266
1973-06-30,1.1124545956983733,1.1126302789263869,1.1138225286443564,1.1155846156573768,1.116039514677556,1.116715378194793,1.1175352499817524,1.1178425201882176,1.1181710721796623,1.118023627382769,1.1176954837906927,1.11833154927647,1.1178914956014503,1.1189995060012392,1.119222490305093,1.1194648279866735,1.1189423952776103,1.120070152353453,1.119523344002892,1.1203004852728808,1.121508938943752,1.1221480404560276,1.1232219685230849,1.124587396954959,1.1269027824625966,1.1267445219895085,1.127218436287408,1.1281625509237825,1.127673315573769,1.1287188570947793,1.1268819543193307,1.1269280289791719,1.1264700196513815,1.1260690103408213,1.1254645174984366,1.1249284621239521,1.1249113355923563,1.1249286779037002,1.1242720685161354,1.1244399340069586,1.124905567820587,1.1242256917145816,1.1245395786646013,1.1241888622483083,1.1241394222018066,1.1233931115790887,1.1234656187156735,1.1228165012623754,1.1223184464932208,1.1227317318876473,1.1222319192814125,1.1223087302420716,1.122351281225813,1.1219935556698195,1.1219607954587376,1.1218147841442256,1.122278990312324,1.1228303391784333,1.1221411182353611,1.1228402723426933,1.1235431137537966,1.1235796629436425,1.123661345752251,1.1228819897981568,1.1233979630133173,1.1242308193385282,1.1239034998174273,1.1242551883893166,1.1251960876912968,1.125010901331201,1.1252761801595894,1.1257273844780036,1.1270936355373666,1.1267929629378783,1.1262996434233878,1.127351512734332,1.1272829264103006,1.1273131497906652,1.1271755002205173,1.1249748042096122,1.1262858027875677,1.1269335308356234,1.1257925711966612,1.1263512059465783,1.1276456342648546,1.128002740013442,1.127436235226361,1.1280162380438274,1.1295573559001124,1.1293267858216132,1.1287857762242353,1.1289157244196564,1.1286028520590219,1.1285322928336166,1.128628904985193
1973-09-30,1.1782323773778556,1.178407016791127,1.179616765399937,1.1814000584127693,1.1818539234891978,1.182546911648233,1.1833750789123534,1.1836848003402118,1.184011122942905,1.1838750971800247,1.1835722594703528,1.184198011301857,1.1837578458185731,1.1848741023848242,1.185091128423628,1.1853298337159768,1.1848024745477344,1.185942793689655,1.1853826102646063,1.186180438291515,1.187384228044052,1.188021032886298,1.1891016920843367,1.1904794470278919,1.1928052021540254,1.1926388648774342,1.1931191153213951,1.1940714287589942,1.1935834403991192,1.1946202763907996,1.1927739779197757,1.1928009417472867,1.1923142297372609,1.191921118467231,1.1913309593155081,1.1907954342721534,1.1907775310437427,1.190805624669969,1.190132132279323,1.1902984370816059,1.1907823339185366,1.1900918128819313,1.1903971684875048,1.1900419435996141,1.189987226347127,1.189234246179366,1.1893072129498814,1.1886549453416448,1.1881600856045247,1.1885878915023176,1.1880859251880587,1.188163328109442,1.1882153798053978,1.1878539292451742,1.1878316621496081,1.1876836401311792,1.1881570188312138,1.1887107627314157,1.1880081589653215,1.1887233085587003,1.1894265837119564,1.1894602391839577,1.1895470595513211,1.1887594058565474,1.1892812897803708,1.1901179131719215,1.189786086033528,1.19015028509789,1.1910891839469282,1.1909012331716715,1.191171642461166,1.1916161760943744,1.1929930380800722,1.1926913018319074,1.1921890121667993,1.1932475730915804,1.1931789989792543,1.1932083690375799,1.1930717671900077,1.1908918342628794,1.1922127738892085,1.1928565260079758,1.191701887074076,1.1922619762019495,1.1935490661785957,1.1938873390443039,1.1933066383551174,1.193883661454842,1.1954318703756714,1.1951880265581694,1.194646839911028,1.194784865580218,1.1944685132291812,1.1944030754752686,1.1944993831077118
1973-12-31,1.2219281851088006,1.2221026960397925,1.2233281857368612,1.2251301749097536,1.2255822425594531,1.2262901672056903,1.2271255393181517,1.227437538775462,1.227762540290366,1.2276366691720209,1.2273572784873958,1.2279728798698761,1.22753253256234,1.228655479305104,1.2288664192640457,1.2291019847609927,1.2285702866066144,1.2297213873053892,1.2291494505764333,1.2299664208226881,1.231165058906921,1.2317998808721495,1.2328863291018308,1.234274690573479,1.2366086999513048,1.2364363439631334,1.2369219601512782,1.2378818447319333,1.237395540676799,1.2384239374429125,1.2365698792460558,1.2365788845208836,1.236065974996132,1.235679848977984,1.2351023689187288,1.2345676607698663,1.234549106480817,1.234586317917891,1.2338977890473717,1.2340625617411134,1.2345626730274677,1.2338627134299562,1.2341598801695592,1.2338003891432776,1.2337405115727014,1.232981479804878,1.2330544527621639,1.2323992452161332,1.2319073037485553,1.2323476836308491,1.2318437781988103,1.2319216216063218,1.2319819063496344,1.231617413541984,1.2316040517668392,1.2314544061215802,1.2319354689103732,1.2324906609851942,1.2317767109464342,1.2325053546996332,1.233208921122807,1.2332398863063767,1.2333309706551046,1.2325362568440723,1.2330631130893244,1.233902460579134,1.2335670499759142,1.2339423952949242,1.2348785961220146,1.2346885012274535,1.234963110534034,1.2354014277749181,1.2367873050634228,1.2364844014119245,1.2359747164711807,1.237038227637351,1.2369696921736368,1.2369983003472225,1.2368626724757,1.234701030991954,1.2360303578785783,1.236670743630674,1.2355044257146006,1.2360652867098443,1.2373451012949537,1.2376661112856226,1.2370728237477773,1.2376470165602411,1.2392007841662944,1.2389451654231411,1.238404100370472,1.2385492602537946,1.2382300768783963,1.238169205405796,1.238265108234628
1974-03-31,1.2634787939107943,1.2636540280723119,1.2648936304806249,1.2667119875625517,1.2671615536896585,1.2678823802975967,1.268723959893908,1.2690380809863222,1.269362620093934,1.2692457060987672,1.2689879837047084,1.2695936215924384,1.2691530038927088,1.2702812217141308,1.2704859677784088,1.270718863607772,1.2701833570013985,1.2713436114575294,1.2707614271150407,1.2715961135963756,1.2727892051233014,1.2734223683763548,1.2745137664467139,1.2759111784178154,1.2782515595294721,1.2780751050587886,1.2785651982968647,1.2795321001740045,1.2790478582510059,1.2800681270747059,1.2782077681116366,1.2781999072313985,1.2776631395882507,1.2772831222329064,1.2767167353288786,1.2761830866163717,1.2761639956073323,1.2762087889315086,1.2755069325614137,1.2756702094682275,1.2761846279761464,1.275476338344489,1.27576565896724,1.2754021178025585,1.275337190661126,1.2745726607762407,1.274645219982564,1.2739872430775114,1.2734979439909142,1.273949086387813,1.2734434237075138,1.2735215706462928,1.2735889044940247,1.273221993198617,1.2732160432709263,1.2730651316877197,1.2735525075308431,1.2741082836220292,1.273384876901932,1.274124697095683,1.2748284540301547,1.2748569246312822,1.2749514577445435,1.274150813148815,1.274681785253136,1.2755229168245183,1.275184778151535,1.2755699999710044,1.276502895549373,1.2763112284600724,1.276589177620711,1.2770217298481017,1.278415184292602,1.2781110014582024,1.277595376496843,1.278662253450129,1.2785937778516812,1.2786217120015755,1.2784869811211417,1.2763412524989184,1.2776775677820247,1.2783151668669408,1.2771389922273544,1.277700020479697,1.2789726818529166,1.2792779306652116,1.278673546298989,1.279245082541419,1.2808030374625492,1.2805370457664804,1.2799963573598816,1.2801477732410687,1.2798263501071334,1.2797695226796773,1.279864931242148
1974-06-30,1.3162380527876174,1.3164148011777277,1.3176670102787305,1.319499578421019,1.319945994557384,1.3206778344315373,1.3215247124902876,1.3218408147368557,1.3221657030345764,1.3220566123429012,1.3218188561781803,1.32241473949663,1.321973745114824,1.3231059446148086,1.3233044075306595,1.3235350824164185,1.322996243807732,1.3241641694290356,1.3235731328314266,1.3244242227089358,1.325611460791245,1.3262432992665376,1.3273389057183669,1.328743967962022,1.3310890592688713,1.330910295796535,1.331404055070417,1.3323774907844295,1.3318956323469184,1.3329081270268341,1.3310427582293756,1.3310190659389296,1.3304606213518597,1.3300858706130285,1.3295290563474327,1.3289966678864076,1.3289771437089761,1.329028075723173,1.328314469787089,1.3284762945472737,1.3290032476261304,1.3282876433939572,1.3285694605346299,1.3282020600673303,1.3281321880169346,1.3273626521176043,1.3274344093243498,1.3267737958983281,1.326286864272964,1.3267470861572181,1.3262398169886467,1.3263181442961676,1.3263914229858562,1.3260226608968382,1.3260227190058935,1.3258708712697391,1.326363300704337,1.3269188750481025,1.3261877615829905,1.3269366150055792,1.3276405013014667,1.3276666656025293,1.3277638877119624,1.3269583387319237,1.327492648099574,1.3283347214062822,1.3279946448005198,1.3283885633563537,1.329317631957914,1.32912491868461,1.3294054142974812,1.329832649905704,1.3312323930375225,1.3309268114909956,1.3304065881339588,1.3314753953001772,1.3314069958292731,1.3314343404032725,1.3313004264798662,1.3291683212257313,1.3305103732912755,1.331145736850727,1.3299613584026773,1.3305220232457537,1.331787709470098,1.3320786333809598,1.331464528843186,1.3320336052579067,1.3335945289635596,1.3333194740415548,1.3327793760085647,1.332936231649572,1.332613105188033,1.3325598310159612,1.3326546660693324
1974-09-30,1.3589253603370648,1.3591043564018523,1.3603677820643416,1.3622125662284876,1.3626552356615136,1.3633963385422778,1.3642476896082318,1.364565647639362,1.3648916522058245,1.364789311883633,1.3645698941113933,1.3651562513581936,1.3647147571879725,1.3658497713915927,1.366041878661393,1.366270760858019,1.3657290154398516,1.366903267354982,1.366304669004449,1.3671709577963558,1.3683521179821232,1.3689829745813695,1.370082140446002,1.3714936003526577,1.373841948984045,1.3736625424715732,1.3741592304324366,1.3751387835743483,1.374659576923082,1.3756646905468533,1.3737954440578495,1.373756898979593,1.3731788070966322,1.372808514105611,1.372259814674052,1.3717288480608718,1.3717089840072698,1.3717646995816808,1.3710407971441405,1.3712012201484296,1.3717390633670503,1.3710170714359378,1.3712917267513296,1.3709206336852997,1.370845915099911,1.370071806885569,1.3701424036004524,1.3694792506503355,1.3689944127587765,1.3694621531706899,1.3689533987861549,1.369031796321838,1.3691099913553082,1.368739893097973,1.3687446406258104,1.368592160112824,1.369088489363834,1.369643150056471,1.3689059472954448,1.3696618562266554,1.370365848068132,1.3703898870854208,1.3704890909759642,1.36967956644398,1.370216508239554,1.3710587730699433,1.3707174869472585,1.3711190082821008,1.3720438082917872,1.3718505314691214,1.3721328433339333,1.372555207280012,1.3739600924076016,1.373652985132281,1.373129397407757,1.374198839707861,1.3741305279669147,1.3741573641235671,1.3740241843535923,1.3719034984695335,1.3732501751314687,1.37388382716015,1.3726927372600364,1.373252577660953,1.3745115186417494,1.3747894905826896,1.3741669345496312,1.374733769304502,1.3762965876290285,1.3760136912202539,1.3754743584225244,1.375635896635135,1.3753115514047465,1.3752613697484783,1.375355561602317
1974-12-31,1.3039132413198842,1.3040951643887615,1.3053685262782082,1.307223684010207,1.3076620578127924,1.3084108046469294,1.3092658821330716,1.309585584960919,1.309913431037633,1.3098168263552195,1.309614191445248,1.3101912679121734,1.3097491349509713,1.3108859119398983,1.3110716057664427,1.3112991039613382,1.3107548284883428,1.3119341920144065,1.3113292229266365,1.3122096100927902,1.3133845443444263,1.3140147700614662,1.3151169335778357,1.316533677909192,1.3188840270364945,1.3187055273918715,1.3192044763082849,1.3201897942657985,1.3197134583698946,1.3207116196356397,1.3188394782253814,1.3187870039983765,1.3181911492023262,1.3178245370065274,1.3172825548093134,1.3167531350628783,1.3167330147232659,1.316792242143372,1.3160593774515652,1.316218455181647,1.3167656661322944,1.316038129341329,1.316305962354954,1.3159313201889278,1.3158518467743607,1.3150735444336754,1.315142649875667,1.3144770204250524,1.313994003979605,1.3144678176898448,1.3139576714801318,1.3140360413161163,1.3141181960259436,1.3137472262299463,1.3137554252860824,1.3136025904861488,1.3141017654551834,1.3146548697201128,1.313913069805468,1.3146742129069027,1.3153783214581047,1.3154004090147822,1.3155009370734283,1.3146882736577838,1.3152272126258615,1.3160690051608614,1.3157271798295316,1.3161352917502427,1.3170554559021836,1.3168620574242489,1.3171455148952038,1.3175634480415694,1.3189724622513204,1.3186636949639607,1.318137875462901,1.3192067896122672,1.3191385728563423,1.3191649785701647,1.3190324477100546,1.316921058944843,1.3182713794899183,1.3189038184487258,1.3177073578148204,1.318265977785067,1.3195184508336086,1.3197847820269208,1.3191549404567668,1.3197197713536601,1.3212835457974577,1.320993945772278,1.3204555167831256,1.3206210365278142,1.3202959082816659,1.320248387080432,1.3203418748801603
1975-03-31,1.2405484690720339,1.2407339480449084,1.2420160698135725,1.2438799023055966,1.2443134753002845,1.24506837107076,1.2459265026301465,1.2462478529927123,1.2465782268256154,1.246486398590629,1.2462990616444456,1.2468671164383205,1.2464241906755325,1.2475617861692694,1.2477410212389661,1.2479675254814606,1.2474210510693986,1.248604434158795,1.2479941911929278,1.2488876759669738,1.2500563064018178,1.2506862594645416,1.2517909408116001,1.2532119874388497,1.255563263519229,1.2553871123231795,1.255887720001868,1.2568785108153104,1.2564052192310018,1.2573968885496902,1.255522695080302,1.255457161295063,1.254845288754859,1.2544816110470471,1.253945006183404,1.2534172244462827,1.2533969222922894,1.2534584685292314,1.2527178630133298,1.2528756573327726,1.2534308294832774,1.252698511013275,1.2529598577980166,1.2525817876583691,1.252497643949206,1.2517154729546296,1.2517827819115321,1.2511147068089905,1.2506332411602628,1.2511117922946438,1.2506003213282488,1.250678576910135,1.2507638024454575,1.2503923788767726,1.2504028677507344,1.2502499338162942,1.2507509939366264,1.251301963251031,1.250556940248013,1.2513216433174361,1.2520259123673516,1.2520462151184977,1.2521474563024668,1.251332403933073,1.2518727701606671,1.2527135071040225,1.2523717584500595,1.2527855265480987,1.2537007559375464,1.2535076396819234,1.253791627931379,1.2542055663054663,1.2556178224329972,1.2553072537426126,1.2547802399090504,1.2558475854917406,1.2557794669495972,1.2558055171097053,1.255673547826613,1.2535694114419038,1.2549225186151838,1.2555542193023266,1.2543535860383304,1.2549106498511295,1.2561569750856194,1.25641291647578,1.2557768578157638,1.256339940416936,1.2579038593486118,1.2576086137840563,1.2570711935182999,1.2572400469820346,1.2569145258176573,1.2568692602970264,1.2569619912756393
1975-06-30,1.2441142983859077,1.2443039156351758,1.2455937193536655,1.247464662785318,1.2478929694806156,1.2486526360633516,1.2495132190473006,1.2498361328308256,1.2501696846851644,1.2500817265266149,1.2499082716679193,1.2504675746613514,1.2500236878993385,1.2511612578556162,1.2513339990306624,1.2515598817213696,1.2510114966055084,1.2521979223324484,1.251583413495252,1.252489090905872,1.2536514034757904,1.254281448567691,1.2553882446780518,1.2568127343798372,1.2591640344600235,1.2589915729251786,1.2594932986242615,1.260489327989311,1.2600192128877052,1.2610048784402563,1.2591293452408467,1.25905156828432,1.258425289909317,1.2580638296814286,1.2575313173302858,1.257005233566795,1.256984815556996,1.2570475614314591,1.256300329667487,1.2564569070943532,1.257018743648811,1.2562823313534306,1.2565375231431117,1.2561561245255244,1.2560673872975552,1.2552816230773751,1.2553468536874122,1.2546763333002642,1.2541961495380218,1.2546782051506156,1.254165451656843,1.2542435169450048,1.2543309881576385,1.2539594848798492,1.2539711733807737,1.2538183736919872,1.254320445679458,1.2548687608260063,1.254121777984348,1.2548885045988585,1.2555930082693905,1.2556116857025057,1.255713072427891,1.2548962997006894,1.2554375843572074,1.2562767570220665,1.255935650242288,1.256354213948947,1.2572642719536402,1.2570718065724449,1.2573557627852128,1.257766136838788,1.2591808655009238,1.2588683469909887,1.2583410875107903,1.259405937938029,1.2593379171337473,1.259363683643398,1.2592321868661467,1.2571333307255843,1.2584884827503817,1.2591198984564407,1.257916157105745,1.258471384401826,1.259711920162709,1.2599586637859739,1.2593173641363817,1.2598789698909258,1.261442339781674,1.2611424310319974,1.260606093369618,1.2607776830079414,1.2604521165700704,1.260408727806389,1.2605006565195553
1975-09-30,1.254077400217401,1.2542716956600821,1.255568196480853,1.2574448136612169,1.257867424198727,1.2586305932528306,1.2594930902815407,1.259817496025495,1.2601548433673955,1.2600698989420493,1.2599089776644044,1.2604598064723842,1.260014777054861,1.261151570362679,1.2613177903369512,1.2615434072938514,1.2609933595222071,1.2621819586784266,1.2615641083900984,1.262481165447878,1.2636372036982437,1.2642677113011356,1.265376290817951,1.2668034792188283,1.2691540584715275,1.268986535580516,1.2694888959478496,1.2704899843990487,1.2700231406278573,1.271003314505129,1.269127032533158,1.2690377764150416,1.2683985767602306,1.2680386448466259,1.2675089924729726,1.2669846381125054,1.266964162313997,1.2670270575566334,1.2662742131757125,1.266429644159935,1.2669969519286763,1.266257062570254,1.2665064243648037,1.2661217757845746,1.2660285134108165,1.2652393838734106,1.2653022753547725,1.2646292811303186,1.2641501120571184,1.264634535670854,1.2641205184229074,1.264198327024964,1.2642872782629402,1.263916028795385,1.2639278934802418,1.2637754412137163,1.2642777327603254,1.264822928866588,1.2640751458728987,1.2648424879771476,1.2655473285445873,1.265564532970818,1.265665537936345,1.2648476374463309,1.2653893885416794,1.2662265569719546,1.2658866103238497,1.2663091789992083,1.2672138852209676,1.2670224069731608,1.267305816500729,1.2677130504245675,1.2691295922025718,1.2688149684270782,1.2682883296667684,1.2693498631277431,1.269281936196498,1.26930748807778,1.2691763733334425,1.2670808922250925,1.268437454950635,1.2690690199003842,1.267863110445406,1.268416271301852,1.2696514097125957,1.2698900900896835,1.2692444383107555,1.2698048527417138,1.271367089551394,1.2710634283209254,1.2705282186765743,1.270701994224079,1.2703766909260337,1.2703348243608015,1.270425911918049
1975-12-31,1.279484298763709,1.2796837740558655,1.2809860751109565,1.2828670474481862,1.2832835635976825,1.284049069515571,1.2849130041880459,1.2852388426740173,1.2855805734977857,1.2854978336119651,1.2853481630190458,1.2858908000713698,1.2854444335018496,1.286579784834622,1.2867394617964412,1.286965153401096,1.2864136534404238,1.2876036573045095,1.2869833116014302,1.2879110236449685,1.289060882659926,1.289692228542603,1.2908023269720137,1.2922315766956207,1.2945808363329987,1.2944194170879597,1.2949219821594908,1.2959280024588526,1.2954644915759455,1.296439706094191,1.2945631537809459,1.2944631309867927,1.2938123731201656,1.2934533066163145,1.2929253309783735,1.292402711463104,1.292382228682445,1.2924442869115704,1.2916867484269448,1.2918411066486837,1.2924127899494369,1.291669973313814,1.2919138225243638,1.2915259820759664,1.2914282538472555,1.2906359417379667,1.2906962520909542,1.2900207279653706,1.2895423079294466,1.2900280530795853,1.2895127686603027,1.289590262965111,1.2896799837961557,1.2893092842379577,1.2893203635483548,1.2891684532365137,1.2896702467004162,1.2902119083208452,1.289464388494471,1.2902310570025355,1.2909363628694996,1.290952239415692,1.2910523723830514,1.290233865938071,1.2907756841387363,1.2916104713332532,1.2912721598706214,1.2916980089389258,1.2925972332540416,1.2924070488524013,1.292689441359407,1.293093952489364,1.2945117503438057,1.2941948587318568,1.2936696311746498,1.294727121677132,1.2946592816701386,1.2946846851760758,1.2945538609021972,1.2924599100842027,1.2938173493443133,1.294449481408157,1.2932422281300036,1.2937931381580148,1.295023300924306,1.2952549965235989,1.2946057992597328,1.2951653202555309,1.2967259410701781,1.2964193704788263,1.295885308279767,1.296060763743485,1.2957359959737325,1.2956953198806354,1.2957855331830435
1976-03-31,1.290487506777021,1.2906926295804326,1.2919999171179735,1.29388403693499,1.294294088173043,1.2950608611270034,1.2959258138937195,1.2962530378152297,1.296599714082552,1.2965184137369699,1.2963787746392994,1.2969135043986473,1.2964655938386092,1.2975989167245752,1.2977520320606866,1.2979781244767912,1.297425347713277,1.2986160810459204,1.2979940126913256,1.2989317398927418,1.300075560503648,1.3007081253672523,1.301819540466283,1.303250313565012,1.3055977892416553,1.3054435629497352,1.305945952241521,1.3069568269832277,1.3064966812112981,1.307467485466934,1.3055910371712722,1.305480909572953,1.3048198408944702,1.3044610014528606,1.3039335654123496,1.3034126626185127,1.3033922170346963,1.3034525106825248,1.3026911072025404,1.302844468901804,1.3034195235250614,1.3026742663919788,1.3029129115592912,1.3025219173883653,1.3024197728155262,1.3016244178953027,1.3016819216021818,1.3010037852464023,1.3005258498349805,1.301011953658754,1.3004953775992178,1.3005725079220496,1.3006623388202438,1.3002924509125382,1.3003018402521922,1.3001506493214259,1.3006512954694913,1.3011890517554412,1.3004427691425147,1.3012075846251763,1.3019135084679851,1.3019281950765167,1.3020269996325173,1.3012083433063284,1.3017498778459349,1.3025819641412686,1.3022457234074019,1.302674190558635,1.3035678473447847,1.3033792367919323,1.3036601824272849,1.3040623807624883,1.3054809727453587,1.3051616434127968,1.3046385480392093,1.305691356623879,1.305623593798805,1.3056489125336044,1.305518286359737,1.3034240743895944,1.3047819486414625,1.3054150522799275,1.3042071724003812,1.3047556879297426,1.3059813224373273,1.3062070572297797,1.3055550438216852,1.3061139800619253,1.3076725950593078,1.3073638946820105,1.3068309757273207,1.3070076463837872,1.3066836536663429,1.3066438575806556,1.306733168573184
1976-06-30,1.3492416707545714,1.349452879023143,1.3507644177831437,1.3526505809822584,1.3530538206892224,1.353820879816116,1.3546864840321122,1.3550150577369466,1.3553672188815251,1.3552866342574372,1.3551558691072252,1.3556829754674657,1.3552333021100744,1.3563640822654068,1.356510618334281,1.3567374247809714,1.3561835139026641,1.3573743882050018,1.3567513016778703,1.3576984857080627,1.3588364490159401,1.3594706182944494,1.3605832057211473,1.3620150564299425,1.3643604072162931,1.3642143957289168,1.364716274454539,1.365731973880933,1.3652751999416624,1.3662421566463514,1.3643660906679553,1.3642464705146207,1.3635762285036586,1.363217000521621,1.3626890096803097,1.3621697841908942,1.3621494139821175,1.362207069208075,1.3614425460047272,1.3615949893476464,1.3621724966251068,1.3614252265759492,1.3616589661868548,1.361264836882003,1.3611583149943343,1.360360016040004,1.3604145017886373,1.3597336456899816,1.3592559312978778,1.3597415082176199,1.359223596006447,1.359300319754766,1.3593896477920298,1.3590208018946148,1.3590276486879,1.3588773389653226,1.359376250825972,1.359909770819712,1.359165617146718,1.3599275006749996,1.3606342177805402,1.3606478452220188,1.3607448955504144,1.3599264845415864,1.360467429258192,1.3612965469141884,1.3609627765688626,1.361393258049194,1.3622813006387582,1.3620945200277241,1.36237362565192,1.3627739134941244,1.36419292580748,1.3638709812777547,1.3633506758406257,1.364398242038725,1.3643305441330729,1.364355839180202,1.3642253181754882,1.362129099149454,1.3634870524465852,1.364121521831247,1.3629136338677112,1.3634596472696208,1.3646812230130556,1.3649019681219077,1.3642477953776408,1.3648064649121872,1.366362769709041,1.3660526595658102,1.3655208582490441,1.3656983176698214,1.3653753097491468,1.3653361028749011,1.3654244878195316
1976-09-30,1.368145282869774,1.3683629890987006,1.3696781179212598,1.3715653169797908,1.371961418790979,1.3727278655601067,1.3735938037300772,1.3739237030202502,1.374281869457442,1.374201314870802,1.3740783255279296,1.3745980894160121,1.3741464227366567,1.3752742116954786,1.3754141496942485,1.37564197174642,1.375087038999771,1.3762775460555825,1.3756540823891708,1.3766102432394371,1.3777425654799553,1.3783787292831113,1.3794923985229488,1.3809249663706864,1.3832679643488643,1.3831311301643963,1.3836322056076396,1.3846527456145854,1.384199328407293,1.3851630110260864,1.383287517155763,1.3831589681662229,1.3824805860267142,1.382120374751794,1.3815907739557978,1.3810731671697707,1.3810529051248421,1.3811070967603802,1.3803401206670889,1.3804917251498163,1.3810708461683592,1.3803219352195963,1.3805510566404824,1.3801537915575826,1.3800429202117992,1.3792417368499563,1.3792930053090597,1.3786092976968565,1.378131540999049,1.3786157765488967,1.3780964645178688,1.3781727453871435,1.3782609999795752,1.37789339794164,1.3778968967213927,1.3777476159017845,1.378244262787868,1.3787732508681645,1.3780320423243204,1.3787900065391132,1.379497713335292,1.3795104052383074,1.3796053029317163,1.3787874762032082,1.3793275657316695,1.3801534937533741,1.3798225611140627,1.3802545081295405,1.3811369235240158,1.3809522077795433,1.3812291132790995,1.3816278849925994,1.383047025427463,1.382722280267368,1.3822053654128985,1.3832471990050337,1.3831795514908545,1.383204881547781,1.3830743724337804,1.3809744378309035,1.3823321931700763,1.3829684154018438,1.3817610471739237,1.3823044823701152,1.3835224877205468,1.3837391631555804,1.3830834199535125,1.3836421489449775,1.3851959173576842,1.3848850618281376,1.3843543332138948,1.3845321903480863,1.3842103501704774,1.3841714597860912,1.384258898560356
1976-12-31,1.4146037147870276,1.4148283101616344,1.4161464378104536,1.4180337550643496,1.4184224094139084,1.4191874212255278,1.4200534214453235,1.4203846334124628,1.4207493099776853,1.4206681348354575,1.4205518801633643,1.4210645773599797,1.420610675249994,1.421735084314521,1.421868402261874,1.4220975311395023,1.421541660457789,1.4227313661629173,1.4221081076064666,1.4230728405561328,1.4241997683156584,1.4248383214909017,1.425953032060715,1.4273860353584382,1.4297265558647683,1.4295998099940614,1.4300998280651496,1.4311252683555504,1.4306751744498887,1.4316361646503235,1.4297613512610328,1.4296243898405776,1.4289388020086786,1.4285770315977775,1.42804480136778,1.4275287374374237,1.4275086115411848,1.427558558116099,1.4267897227337203,1.4269405686211,1.427520538627051,1.4267703066856012,1.4269950852290836,1.4265946647671706,1.4264794599817705,1.425675414381477,1.4257232760583773,1.425036561691953,1.4245584990631877,1.4250406439118402,1.4245198500116927,1.4245956572211012,1.4246823059890619,1.424316123896889,1.424315511477049,1.4241673945433042,1.4246612963084497,1.4251854878074512,1.4244479716346876,1.4252011121110875,1.425910024885713,1.425921897787894,1.426014268733041,1.4251973134155587,1.4257363195599726,1.4265588787802592,1.426231122262689,1.426664037520546,1.427540841388115,1.427358406924922,1.4276327816446714,1.428030423528182,1.4294494753017586,1.4291217356812798,1.428608760869417,1.4296444339925023,1.429576820311786,1.4296022418295475,1.4294716511595702,1.4273663215571313,1.4287236746256982,1.4293620329460957,1.4281556291794644,1.4286964373844415,1.429911376682609,1.4301248531386714,1.4294680648387346,1.4300271864712173,1.4315782637004668,1.4312672753356006,1.4307375570881826,1.4309154534337392,1.4305949399977016,1.4305561098860182,1.4306425853100881
1977-03-31,1.3852852159993803,1.385517074371129,1.3868376755432161,1.3887242766880532,1.3891051875890013,1.3898680116550306,1.3907338442476225,1.3910663671128887,1.3914380463332603,1.3913556321339622,1.3912451254275213,1.391751024616133,1.3912946334108358,1.3924153279357112,1.39254199879335,1.392772716589989,1.3922159655965802,1.3934045040619778,1.3927819785405173,1.393754951251717,1.3948767570259992,1.3955180993049805,1.3966338572237265,1.3980670869364393,1.4004050994508113,1.4002893089301565,1.400788050933894,1.40181849325737,1.4013716741716582,1.4023305595795317,1.4004564602867615,1.4003115568962357,1.399619604371378,1.3992557159509054,1.398719868914089,1.398205256507154,1.3981852904874006,1.3982302493949312,1.3974600800903847,1.3976102478828,1.3981903709246606,1.3974390890692279,1.3976597872090357,1.3972561730642141,1.3971366383963253,1.3963297168602984,1.3963739900766603,1.3956840909244637,1.3952054578646849,1.3956848220908582,1.395162446579591,1.3952377541584213,1.39532229897032,1.3949576897570473,1.394952240555066,1.3948054111468544,1.3952961327451179,1.39581528975023,1.3950821506281261,1.3958296376051276,1.396539991399273,1.396551154824314,1.3966406461981753,1.3958248017478518,1.3963625300568472,1.397181578496805,1.3968573109434923,1.3972907453563335,1.398161977324356,1.397982024597459,1.398253563922851,1.3986504541775344,1.4000692701729243,1.3997383333623814,1.3992298025388885,1.400258942181248,1.4001913439619336,1.4002169112869804,1.400086145595127,1.3979737626041806,1.3993305759425259,1.3999714528037062,1.3987663822811436,1.3993045380260742,1.4005169289667074,1.400728029657764,1.4000706623001822,1.400630515850996,1.4021788120817964,1.401868255283932,1.4013394694531227,1.4015170763533227,1.4011980274004436,1.4011590163351357,1.4012445135297418
1977-06-30,1.3621136628974226,1.3623531445023302,1.3636757559808244,1.3655608836875501,1.3659337657987878,1.3666937133618564,1.3675591876989444,1.3678930306167587,1.3682721956978872,1.3681879531265573,1.36808225937376,1.368581620424052,1.3681224748413419,1.3692391688575363,1.3693591588145424,1.36959173960203,1.3690341414968472,1.3702212093936081,1.3695998947422605,1.3705808444520309,1.371697822523049,1.3723423587072596,1.3734592132106411,1.3748925272069366,1.377228086865978,1.377124081783168,1.3776213614280486,1.3786569478213972,1.3782133430581511,1.3791707153057433,1.377297295251167,1.377144875964332,1.3764473114217777,1.3760807612077648,1.3755403386255702,1.3750270725134182,1.375007286334426,1.3750465492006991,1.3742755078883542,1.3744250778067335,1.3750047216682673,1.3742526152693362,1.374469482019592,1.3740626174521564,1.373938743437072,1.373128897947303,1.3731694069743638,1.3724761228245357,1.3719966534662555,1.3724726011486932,1.3719485272240448,1.3720233133610371,1.3721052866439616,1.3717423825479689,1.371731404132741,1.3715859758593543,1.372073122287064,1.3725870296360791,1.3718588958582636,1.3725999664080422,1.3733120140613453,1.3733225706277967,1.3734088480475952,1.3725943101555962,1.3731305967221574,1.373946025240097,1.3736255371290633,1.3740590867075795,1.3749248059535173,1.374747521873532,1.3750159439973904,1.3754124527686193,1.376830950167598,1.3764966039894113,1.375992980959742,1.3770152618790568,1.3769476591322383,1.3769734246474683,1.376842390572227,1.3747213094348418,1.3760775070180145,1.3767212868425092,1.3755178490543405,1.3760533465457918,1.3772637178001652,1.3774732202931301,1.3768156845669466,1.3773766146329818,1.3789220990222835,1.3786124935627668,1.3780845482383268,1.378261564345063,1.377944098860568,1.377904679187738,1.3779891849643322
1977-09-30,1.3782567826326804,1.378504237451164,1.3798284543420232,1.381711421849182,1.3820759978903647,1.3828324388445556,1.3836974003382319,1.3840325831115532,1.3844197104939473,1.384333076671174,1.3842313096481642,1.3847243821389483,1.3842622051493572,1.3853746563261042,1.3854879232745585,1.3857226340057367,1.3851641993483397,1.386349550444952,1.385729878394684,1.3867186091618782,1.3878310717546034,1.3884792118822107,1.389597252346399,1.391030570009269,1.3933638096994976,1.3932723895738248,1.393768050253778,1.3948089611705066,1.3943685009781985,1.3953249540227133,1.3934521158602995,1.39329256415665,1.3925900567962912,1.3922203143464547,1.3916743828530607,1.3911623453295716,1.3911427556141562,1.3911756439482388,1.3904041336496844,1.3905531851252095,1.3911317766062896,1.3903790283063198,1.3905922987844006,1.3901821089444393,1.3900538726229121,1.3892410224144178,1.3892775958174284,1.3885807048725387,1.388100131666266,1.3885720758578923,1.3880461702756741,1.3881204167457886,1.3881993781622366,1.3878382930213555,1.3878211219757493,1.387677199670113,1.3881604113815884,1.3886688728556003,1.3879463223025108,1.3886802730210697,1.3893942843377034,1.389404329907087,1.3894870747842871,1.3886739990422892,1.3892087075500368,1.3900204357856794,1.3897039983140913,1.3901373012752534,1.390997582413537,1.3908231425961608,1.391088185508662,1.3914846749729008,1.3929028302596906,1.3925648525170198,1.3920665659671003,1.3930817040640509,1.3930140753635483,1.393040089624723,1.3929086940135535,1.390777277411564,1.3921328396452832,1.39277991106492,1.3915783423101644,1.3921111921848186,1.3933200811896436,1.3935287191959032,1.3928713741621097,1.3934337300283046,1.3949764250346486,1.3946682493765277,1.3941410402291479,1.394317189181415,1.3940014096696423,1.393961366031525,1.394044868315667
1977-12-31,1.3817383858449905,1.3819941564822975,1.3833196284577336,1.3851998129617005,1.3855558115494773,1.3863081695353274,1.387172496777561,1.3875090494191178,1.3879046107263464,1.3878150466822414,1.3877163658778426,1.3882033878641922,1.3877378905190723,1.3888458954555611,1.3889523876911254,1.3891894888044964,1.3886302072127537,1.3898136470354845,1.389196006926885,1.3901923868770458,1.3913006605434124,1.3919528199658413,1.3930721729929036,1.3945054701638515,1.3968365931300502,1.396758532456333,1.397252444840509,1.398298897028178,1.3978615048540333,1.3988176335362539,1.3969452232268915,1.3967788820800862,1.3960720221619913,1.3956985688470773,1.395146217537449,1.394635279676779,1.3946159000351988,1.3946417612493285,1.3938701304324619,1.3940187415837753,1.3945957621936722,1.3938425147786353,1.3940524099748723,1.3936388023432165,1.393506166907145,1.3926902001640071,1.3927226694155257,1.3920219289382838,1.3915399826346733,1.3920073808007583,1.3914794945321194,1.3915531862177768,1.3916287198275423,1.3912695511960853,1.391245549399861,1.3911032303112316,1.3915821792162648,1.3920850139317427,1.3913685798527846,1.3920947601641065,1.3928110211589275,1.3928206450327625,1.3928995521902725,1.3920880575218328,1.3926210765608984,1.3934290491778056,1.3931169172175006,1.3935496513373424,1.3944045805942997,1.3942331514083088,1.394494570154618,1.3948913946158938,1.3963092389174634,1.3959673968273225,1.3954748449290737,1.3964825911095848,1.3964149137554946,1.3964412256185956,1.39630937562162,1.3941659893723486,1.395520948489917,1.396171705805086,1.3949721846916523,1.395502411238809,1.3967103620593169,1.3969188271347828,1.3962619836907584,1.3968261188238644,1.3983660948148702,1.398059789204496,1.3975332009372239,1.39770822931167,1.3973942238062858,1.3973533520634718,1.3974358393521613
1978-03-31,1.3379452901318214,1.3382097140730467,1.3395361415235498,1.3414129771417183,1.3417601311371001,1.3425078791954044,1.3433714812158333,1.3437094432741232,1.3441139064359509,1.344020894892858,1.343924502252702,1.3444056992841764,1.3439365805344168,1.345039970367657,1.3451396255565409,1.3453793711659914,1.3448192129548497,1.3460005934812815,1.3453853356818177,1.3463892941760063,1.3474937163404372,1.3481503156218864,1.349271142226435,1.350704446444667,1.3530337193289685,1.352969772057441,1.3534618320290466,1.3545140759787828,1.3540796705703748,1.3550360693776677,1.3531638819266079,1.3529910562660075,1.3522803592782313,1.351902687077384,1.351343025111165,1.3508330478751354,1.350813889114352,1.3508320930202071,1.3500606397237405,1.3502088868008713,1.3507838689381066,1.3500302281417693,1.3502369549257935,1.3498198199410325,1.3496827345356808,1.3488635103267335,1.3488917087610537,1.3481868558537609,1.3477032659277477,1.3481656159409954,1.3476355849344368,1.3477087094618678,1.3477804215120188,1.3474232525863916,1.347391804045179,1.3472511789686243,1.3477255651406368,1.348222604139998,1.3475127807665246,1.3482305869471989,1.348949399121763,1.3489586842998833,1.3490334599230966,1.3482236317965137,1.3487548724751124,1.3495590557026746,1.3492514706260526,1.3496833508688482,1.3505330225348409,1.350364762906176,1.3506223271640607,1.351019833117944,1.3524374478339076,1.3520914974987983,1.3516050520279324,1.3526051865903728,1.3525374367586807,1.352564093492849,1.352431696655441,1.350274708118473,1.3516291439579953,1.352283987500326,1.3510866397861494,1.3516142787246535,1.3528218398793417,1.353030782977461,1.3523747070509837,1.352940978698509,1.3544783487534693,1.354174318040994,1.353648225781357,1.3538219013821353,1.3535097451432656,1.3534678515633674,1.3535493124170415
1978-06-30,1.3476728074767497,1.347946218540585,1.3492733485139718,1.3511463185434758,1.351484364019385,1.35222702090358,1.3530898345087934,1.3534292540595092,1.3538430833474238,1.3537461269109081,1.3536512633849456,1.354126847784654,1.3536537943291616,1.3547524306393286,1.3548451751023423,1.3550878126305814,1.3545267304215427,1.3557059446948132,1.355093383692547,1.3561049083272132,1.3572058239135392,1.3578672884487892,1.3589897812711007,1.3604231672588127,1.3627509134650198,1.3627018161428892,1.3631919431353623,1.3642502598888329,1.363818756993272,1.3647760189846079,1.362903804287336,1.3627247639290228,1.362010674326435,1.3616282850720558,1.3610604399922952,1.3605512752006226,1.360532345382079,1.3605422812890096,1.3597712570434894,1.3599192138131957,1.3604917375180918,1.3597377748117885,1.3599415262129309,1.3595207381708214,1.359379137900386,1.358556488498414,1.3585802506943132,1.3578710033130905,1.3573854990058574,1.357842335807915,1.3573099819365682,1.3573825294521467,1.3574500469665245,1.3570949483032408,1.3570554566736397,1.3569166110144402,1.357386160263594,1.3578772433025044,1.3571744913208115,1.3578833613708299,1.358605040957965,1.3586140644737785,1.3586844244798428,1.357876317923629,1.358405711805432,1.3592060902805403,1.3589032826564167,1.3593340591162186,1.3601785722613293,1.3600136351824963,1.3602671272220972,1.3606656533370103,1.3620831659995445,1.3617328519590917,1.3612528618394972,1.3622451894287357,1.3621773423094508,1.3622043896893679,1.3620713540552158,1.3598991342471909,1.3612531703813255,1.3619125053956775,1.3607174081035875,1.3612425050177435,1.3624502271288792,1.3626602599426683,1.3620051754044225,1.3625739442747193,1.364108859079512,1.363807475222417,1.3632817458923092,1.3634538564600884,1.3631436133014212,1.3631005140955892,1.3631809366655103
1978-09-30,1.383424480815061,1.3837072095941847,1.3850348313726721,1.3869034595061338,1.3872321354678434,1.387969262733401,1.38883124988268,1.3891721820650416,1.389595836723499,1.3894944565995098,1.3894003984679144,1.3898705688869422,1.3893932550975885,1.3904870260878304,1.3905727744641019,1.3908185435497502,1.3902564738882082,1.3914334504143377,1.3908238675576794,1.391843000880268,1.392940758925537,1.3936075181512657,1.3947318986064956,1.3961654839404494,1.3984920771969997,1.3984585504418965,1.398946686229959,1.4000113832837968,1.399582696881541,1.4005414127266982,1.398668881723009,1.3984838648904163,1.3977667593350451,1.3973791645565168,1.3968022815599643,1.3962937727388998,1.396275077046282,1.396276151611286,1.3955057651727076,1.3956535022154823,1.3962231925965063,1.3954689480295248,1.3956699038385285,1.3952453221688126,1.395099128362849,1.3942728621218141,1.394292023819075,1.3935780821447834,1.393090394335263,1.3935412873945021,1.3930064196859178,1.3930783828025448,1.3931413531764247,1.3927883841833015,1.3927402711731673,1.3926032859441602,1.3930677484409426,1.3935527209702385,1.3928574728921115,1.3935568824014437,1.3942817595049353,1.394290592857172,1.3943562617837006,1.3935499042311796,1.3940774016343802,1.3948739755432817,1.394576167702642,1.3950056238982174,1.3958450793368034,1.395683613020434,1.3959328261206891,1.3963327030781456,1.3977502833690614,1.3973953382816284,1.3969221324539012,1.397906477632909,1.3978385075597088,1.3978659899301158,1.3977322241683128,1.395543154786642,1.3968969549707548,1.3975611885522663,1.3963683732788226,1.3968909828405156,1.3980994159492561,1.3983111119700775,1.3976572032538288,1.3982288332498933,1.3997614759601846,1.399463080157218,1.398937573864714,1.3991079263000727,1.3987996494770325,1.3987551707816865,1.3988345423740443
1978-12-31,1.4271413416977814,1.427433714731211,1.4287616548663675,1.430625494956269,1.4309445439750665,1.4316757439867516,1.4325368891503647,1.4328793941032831,1.433313325196414,1.4332070605744103,1.4331131155174628,1.4335780567847574,1.433096144763464,1.4341849616865527,1.4342636170533307,1.4345127475282362,1.4339496125532147,1.435124309315571,1.434517955164069,1.4355447909637176,1.4366397411079337,1.4373122271589511,1.4384387424143918,1.4398726833120885,1.4421985412833789,1.442181289193512,1.4426673972079183,1.443738803203059,1.4433128461993572,1.4442736032779813,1.4424004346533075,1.4422096522341041,1.4414898422572784,1.441096563801239,1.4405098062415473,1.4400017893688222,1.4399833297395415,1.4399749657474523,1.4392053866645136,1.4393529705481403,1.4399194960008923,1.439164981170891,1.4393633089216102,1.4389347799686028,1.438783900779094,1.4379538057792913,1.4379682044555477,1.4372492527677072,1.4367591169269072,1.4372036686464742,1.4366660849117336,1.436737458861355,1.436795550707011,1.436444760884351,1.4363874657417124,1.4362524184913474,1.436711568662826,1.4371902790031632,1.4365029444801554,1.4371924036693022,1.4379208212110992,1.4379295309161884,1.4379902414504997,1.437185635445751,1.437711204146642,1.43850398666818,1.4382113951401339,1.4386393467107634,1.4394738441991386,1.4393159928022072,1.4395607302131346,1.4399622803383647,1.441380136175769,1.4410202806902646,1.4405541701818025,1.4415303736825438,1.441462254257286,1.4414902145611008,1.4413556281331923,1.4391481149262477,1.4405018798240732,1.4411714153534758,1.439980870676539,1.440501056807344,1.4417107471629842,1.4419246423731762,1.4412720567924369,1.4418469147678665,1.443377495692493,1.4430824000867537,1.4425569715921485,1.4427253918064848,1.4424191243829054,1.442373102802954,1.4424514094813254
1979-03-31,1.4005778636391568,1.4008802010110348,1.4022083176002593,1.4040669414823757,1.4043761114359583,1.4051010264612676,1.4059613338975996,1.4063054739216374,1.4067501189404115,1.406638527208129,1.406544030074394,1.4070039133696168,1.4065170532032119,1.407600847003745,1.4076723015455135,1.407925010239401,1.4073607194583913,1.4085331173514841,1.4079302135963065,1.4089648925996945,1.410057381322882,1.4107360269573022,1.4118649466097937,1.413299433746287,1.415625011516822,1.4156247185444948,1.4161087837931388,1.4171872416157014,1.4167639258950542,1.417727307395064,1.4158531551119908,1.4156567958294968,1.4149345298229918,1.414535101461082,1.4139376529187206,1.4134299570848716,1.4134117315497843,1.413393367836356,1.4126247298774923,1.4127722221659034,1.4133352935258834,1.4125804947743819,1.4127763511780342,1.4123437106364598,1.4121880420500645,1.411353890762122,1.4113633670221533,1.4106390762503167,1.4101462367805508,1.4105840820406415,1.410043571041916,1.4101143540778163,1.4101672596145196,1.409818689518084,1.4097516698631771,1.409618635531313,1.410072273496836,1.4105445702054196,1.4098655413419034,1.4105445934900016,1.4112769058615433,1.411285554156238,1.4113410474499966,1.4105381732530753,1.4110617976461781,1.4118508126999167,1.4115636505173645,1.41198994437514,1.4128195800271643,1.4126654838571224,1.4129055584152712,1.4133090950184666,1.4147274686098599,1.4143624114996243,1.4139036905487803,1.4148716062789497,1.4148033104949198,1.414831790254985,1.4146962936403493,1.412468787841881,1.4138227519813382,1.4144979803918463,1.4133096532616256,1.4138274904210988,1.4150389765209028,1.4152555696253029,1.4146044193740104,1.4151828748753543,1.4167116258055479,1.416420114684736,1.415894615002086,1.4160609485310076,1.4157567231246497,1.4157090069766185,1.4157862332053432
1979-06-30,1.5232447696303042,1.5235573806301186,1.5248855565767965,1.5267385393694177,1.5270375865209387,1.5277558991103803,1.5286153899869284,1.5289612257247363,1.5294170004123315,1.5292996583982963,1.529203966612752,1.5296589499981283,1.5291667802885025,1.5302454984250775,1.5303096347647238,1.5305661208485395,1.5300005730794708,1.531170668527821,1.5305714094330523,1.5316141142018158,1.532704480659434,1.533389716244726,1.5345213285476653,1.535956582805165,1.5382823660323488,1.53829969075607,1.5387817204504646,1.539867578300382,1.539446814029026,1.5404133979764658,1.5385378999700379,1.5383361366834793,1.5376116011116217,1.5372055713851975,1.5365966396992299,1.5360890877078979,1.5360710893730145,1.53604218214372,1.5352745866153197,1.535422042664585,1.5359814134606977,1.535226295407008,1.5354198283275045,1.534982904514028,1.5348223318811824,1.5339838871472613,1.5339882871063624,1.5332583182659993,1.5327625345838438,1.533193341636675,1.532649685958709,1.5327198800595452,1.5327673193974143,1.5324210012887252,1.5323437355916985,1.5322127872893316,1.532660742154158,1.5331264715846895,1.5324561283144926,1.5331243498303118,1.533860921125967,1.5338695668558981,1.5339195937981156,1.5331184119338275,1.5336400927113036,1.5344253730167765,1.5341438518906285,1.5345683658945035,1.5353932298003932,1.5352430248969369,1.5354782594223846,1.5358840857574911,1.5373032494982497,1.5369326881427359,1.5364816342002487,1.5374411271001782,1.53737262746848,1.5374016667111348,1.5372651717122054,1.535016201581963,1.5363706304868734,1.53705191756872,1.5358657135435445,1.5363812893675965,1.5375950969852143,1.5378148490722952,1.537165212895251,1.5377476378501211,1.5392748058298602,1.5389871362390697,1.5384614144448117,1.5386255279843581,1.5383233657717743,1.5382738171913253,1.5383499455232275
1979-09-30,1.5400705599453073,1.5403937363554614,1.541721871306501,1.5435687734935668,1.5438574671863723,1.5445689020788103,1.5454276113493783,1.5457751967384004,1.5462424834902389,1.5461189899654015,1.5460214785040374,1.5464717078616592,1.5459738566222663,1.5470474600296276,1.5471041533574383,1.5473645918836332,1.5467976774366547,1.5479654739224658,1.5473700272293935,1.5484209760163463,1.5495095473011715,1.5502017966161565,1.5513364040793969,1.5527726721159998,1.555099169614993,1.5551347347392066,1.55561475974456,1.55670835964633,1.5562900536837048,1.5572604118280635,1.555383200256703,1.555176197646905,1.5544495173534192,1.5540364539498137,1.5534152776775239,1.5529076866100056,1.5528899022015037,1.5528499280456578,1.5520834470388025,1.552230914524024,1.5527863825302806,1.5520308920779113,1.552222243155632,1.5517808613303399,1.5516152615326555,1.550772284218236,1.5507714630957472,1.55003547185354,1.5495365266408816,1.5499599996177593,1.5494129794387461,1.549482591376527,1.54952431910825,1.5491802772504375,1.5490922693131526,1.5489634790211384,1.5494056144071044,1.549864618466382,1.5492033340689333,1.5498603365086503,1.550601538197974,1.550610237935366,1.5506545615891003,1.549855015390664,1.550374769816465,1.5511563552734982,1.550880687632926,1.5513033308611817,1.552123504896174,1.5519773218615034,1.552207550489653,1.5526159582224652,1.5540362102984449,1.5536598316143464,1.5532167040110108,1.5541676488760847,1.554098917560146,1.554128554666989,1.5539909748190708,1.5517191897086549,1.553074377144252,1.5537620459451726,1.5525778281052904,1.553091247662737,1.5543078835591415,1.554531217066095,1.5538831415826801,1.5544699098874726,1.5559957501859432,1.5557121518534758,1.5551860571854497,1.5553478412410155,1.5550477500790407,1.5549962481875226,1.5550712590005444
1979-12-31,1.6335127288853597,1.6338467353807602,1.6351747359799347,1.637015081460828,1.6372932107583464,1.6379975385947163,1.6388555115308208,1.6392048872370133,1.6396840193135382,1.6395539990251997,1.6394540548663779,1.639899665299084,1.6393957513246875,1.6404642114716579,1.6405133326344665,1.640777865870392,1.640209469054348,1.6413749672298439,1.6407834744550431,1.6418429137320352,1.6429299993641653,1.643629673928777,1.644767588084973,1.646205137591768,1.6485328730790951,1.6485872508657022,1.6490653281156231,1.6501669912511847,1.6497510445027899,1.6507257409725193,1.648846454483002,1.6486343784283837,1.6479056158894347,1.6474851118969773,1.646850969751,1.6463431515232287,1.6463255594023671,1.646274020357548,1.6455086999665443,1.6456562170741582,1.646207627393291,1.645451698366616,1.64564100641977,1.6451949944107378,1.6450242388113812,1.6441764975445607,1.644170324723994,1.6434279673812933,1.6429256775055672,1.6433415608435484,1.6427909588360663,1.642860001681769,1.642895816272745,1.6425540668212668,1.6424548526875182,1.6423282918678495,1.6427645141313034,1.6432166282392573,1.6425647750827554,1.6432102094767425,1.6439564173476477,1.6439652267895681,1.6440036262361446,1.6432056444426475,1.6437235073123,1.6445014437171834,1.644231844611479,1.6446525583231508,1.6454681141345384,1.6453260760606763,1.6455511466912651,1.6459624137507272,1.64738407328112,1.6470015552232642,1.6465665922518822,1.6475088736614594,1.6474398826253318,1.647470154097001,1.6473314052116208,1.6450356350146795,1.6463919002768406,1.6470862074841566,1.6459037938233223,1.6464151858105525,1.64763512977021,1.6478624266063893,1.647215927267551,1.647807414222302,1.6493321822300735,1.6490528566887543,1.6485262410324035,1.6486856139052664,1.648387585399031,1.6483340307591101,1.6484079020478979
1980-03-31,1.6980276992490255,1.698372760299519,1.699700528330733,1.70153377747442,1.7018011601354204,1.7024982033160758,1.70335549157395,1.7037066765630278,1.7041979172164647,1.7040610267757805,1.7039580427194896,1.7043991604874322,1.7038887953222814,1.7049520913159877,1.7049935110598187,1.705262237138594,1.7046922391909956,1.7058554251960998,1.70526800124117,1.7063361965595425,1.7074220819757635,1.708129573570596,1.709271108666878,1.7107102231625744,1.7130397258429992,1.7131134180345402,1.7135896340776897,1.7146996422118344,1.7142859457231436,1.7152655353552673,1.713383833897578,1.713166862901088,1.7124360162503383,1.7120076987002637,1.7113599226092737,1.7108516845529245,1.7108342520905788,1.710770683176111,1.7100065467389884,1.7101541399481732,1.710701389903122,1.7099449484993765,1.7101323538570767,1.7096815492865745,1.7095055076349523,1.7086527911237628,1.7086411569827078,1.7078920982165582,1.7073863289097844,1.7077944140615813,1.7072400216946302,1.7073085168489621,1.707338273404228,1.7069988238313734,1.706887981626033,1.7067637217374876,1.7071939914073253,1.707639042671047,1.7069969982837692,1.707630562201683,1.7083821523779874,1.708391128086412,1.708423403965325,1.7076269034406422,1.7081429288351906,1.708917266953152,1.7086539558084772,1.7090727152002985,1.7098837123636965,1.7097459316768946,1.7099657097568146,1.710380097422661,1.7118034989529711,1.7114145127267784,1.7109879268393273,1.7119214403627843,1.7118521615396474,1.7118831016528329,1.711743102528065,1.709422435883159,1.7107801210518359,1.7114812260421735,1.7103003850980103,1.7108099103516894,1.712033605127401,1.712265203787724,1.7116202654423431,1.7122168469727532,1.713740788697935,1.713465907463505,1.7129386283377601,1.713095541714437,1.7127995470299555,1.7127438676613966,1.7128165748914372
1980-06-30,1.6516402899711147,1.651996572529296,1.6533239904502672,1.6551495070246274,1.6554060012741938,1.6560956423553996,1.6569522994411003,1.6573052802838082,1.6578087957423229,1.6576647317426092,1.6575580994671388,1.657994844547769,1.657477635198537,1.6585357508800649,1.6585693454750943,1.6588423038057294,1.6582705863610032,1.6594314179035683,1.658848149879049,1.6599253746647884,1.6610103134435659,1.661725984423628,1.6628714497581478,1.6643124227477215,1.6666442163805189,1.666737627508406,1.6672121033851521,1.6683306755281975,1.6679191050813447,1.6689041313166055,1.6670197141328604,1.6667980532246052,1.666065052845698,1.6656285940194633,1.6649665865699643,1.6644577320731238,1.6644404122541885,1.6643643919664544,1.6636014433850483,1.6637491247496707,1.6642921709075094,1.6635351421804985,1.6637207921306274,1.6632650515933207,1.663083597086132,1.6622257295890632,1.6622085544556,1.6614524772152037,1.6609431602034568,1.661343295058757,1.6607849206187146,1.6608529004709436,1.6608765275590143,1.6605393755391509,1.6604165388246939,1.6602946517325816,1.6607189987961186,1.661156804413102,1.6605249579991583,1.661146405860515,1.661903749664492,1.6619129512204829,1.6619389333044272,1.661143821955077,1.661658085918432,1.662428880939538,1.6621720831610953,1.6625889000452494,1.6633953843835487,1.663261958393325,1.6634763322888775,1.663894081345012,1.6653195684701023,1.6649237816223907,1.6645057523886206,1.6654304072735382,1.6653608127617339,1.6653924530974367,1.6652511264339835,1.6629050116346842,1.6642644787015266,1.6649724037144953,1.66379284815349,1.6643007109304735,1.6655285496121457,1.6657647410853689,1.665121318127143,1.665723369725526,1.6672467105141962,1.6669764121581272,1.6664483363312246,1.6666027827876042,1.6663087669705208,1.6662509262443583,1.6663224422782137
1980-09-30,1.6717825571981628,1.6721501483307648,1.6734770616130266,1.6752940722687641,1.6755395919055558,1.6762217849997927,1.6770778609732733,1.6774325784122777,1.6779484034838994,1.6777969132908033,1.6776860154914668,1.6781185048690213,1.6775940574327712,1.6786469784030158,1.6786726369205687,1.678949789704071,1.6783762389333226,1.6795346286164263,1.6789555737650068,1.680042095582671,1.6811263001010885,1.6818504710424471,1.6830001616199262,1.6844432899179085,1.6867778799435449,1.6868912827237188,1.687364180405714,1.6884914437139273,1.6880818526450798,1.6890728448660242,1.6871854723792505,1.686959369993011,1.686224073440505,1.6857792055015866,1.6851024626458522,1.6845927918933257,1.6845755189986646,1.684486683345678,1.6837249105517174,1.6838726743799586,1.6844115420889731,1.683653857716692,1.6838379132847923,1.6833771238879534,1.6831901396240059,1.6823270002457573,1.6823042459000894,1.681540863923337,1.681028020315328,1.681420121835893,1.680857600537542,1.6809251118734552,1.6809426332038047,1.6806077648724727,1.6804726402121766,1.6803531984795796,1.6807717422533281,1.681202108164368,1.6805808676976801,1.6811900249243683,1.6819534823173399,1.681962974974534,1.6819825321777193,1.6811887121585207,1.6817013164509764,1.6824686278643053,1.6822185762712711,1.6826335028205879,1.683435504882536,1.6833065097851991,1.6835153980445259,1.6839367238001324,1.6853646416631456,1.6849617222464426,1.684552386657422,1.6854681102445663,1.6853981725394611,1.6854305413568693,1.685287814924839,1.6829161881645485,1.6842778159327396,1.6849923955609523,1.6838137733822962,1.6843202359353096,1.685552546179948,1.6857935684264185,1.6851515844869667,1.6857594797939743,1.6872824108396776,1.6870167967659668,1.6864878046520366,1.6866398274377723,1.6863477019576498,1.6862877087412966,1.6863580038486277
1980-12-31,1.7361339320315088,1.736512810510849,1.737839006106534,1.739646550878127,1.7398810843500545,1.7405558700742232,1.7414114053090088,1.7417677375366312,1.742295732389274,1.7421366281171666,1.7420208295446726,1.7424491813554313,1.7419171057605753,1.7429648162682005,1.7429824498256399,1.7432636589158883,1.742688170491921,1.7438439657910396,1.7432691483744334,1.7443652121178632,1.7454488422912164,1.7461817764340277,1.7473359615632251,1.748781537553413,1.7511193957992446,1.7512528870999082,1.7517244177658862,1.7528603715163338,1.7524525814223333,1.753450051595165,1.7515595720385368,1.7513293404429342,1.7505915254118678,1.7501380590132491,1.7494461990747436,1.7489355099328483,1.7489181941212204,1.7488162548709023,1.7480556335133168,1.7482034523261012,1.7487382482111467,1.747979855839856,1.748162500152521,1.747696593895874,1.747503981001881,1.7466355275965415,1.7466072118065634,1.745836285297321,1.7453200541739717,1.7457041248301726,1.745137331449732,1.7452044397501387,1.7452160016341025,1.7448833891181055,1.7447357786506992,1.7446188556956566,1.7450318301426475,1.745454549961173,1.7448443500104323,1.7454411317201126,1.7462110430112276,1.7462209009481824,1.7462339542334147,1.7454413255420522,1.7459524026501567,1.7467162945801769,1.7464732306566826,1.7468863643890051,1.7476838980878424,1.7475593811315115,1.7477627419895505,1.74818782793854,1.7496185143130782,1.7492081363510772,1.748807575979318,1.7497143201345233,1.7496440124056951,1.7496771338319212,1.7495329419401093,1.7471363882852056,1.7485005689264073,1.7492213868142206,1.7480432697770607,1.748548670845328,1.7497856953162072,1.7500317260540716,1.7493910732008096,1.750005182138799,1.7515278442786344,1.7512669729817532,1.750736963992253,1.7508866695222216,1.7505963027137827,1.750534224201501,1.7506032661670938
1981-03-31,1.7789958632827305,1.7793858639964384,1.780711044144631,1.7825079161866735,1.782731550369232,1.7833990749733237,1.7842540927610075,1.784611834769228,1.7851516312123317,1.7849848074829775,1.7848634446673763,1.7852877833499936,1.7847476994386338,1.7857901790540909,1.7857997323953687,1.7860847306225232,1.785507215687099,1.7866601748871953,1.786089581878755,1.7871953892605792,1.788278538964226,1.7890204228318765,1.7901793322304087,1.7916276348009372,1.7939691812144847,1.7941226268371921,1.7945930613029377,1.795737532595934,1.7953313215429332,1.7963357600060357,1.7944421417623855,1.794208181720926,1.7934675367405601,1.7930053843619056,1.7922981845320745,1.7917862736286416,1.79176879421219,1.791653562136795,1.790894059576428,1.7910418792075982,1.7915728071405512,1.790813681643215,1.7909951301716949,1.7905241017203455,1.7903257894697622,1.7894520880570397,1.7894183027152282,1.7886396578072197,1.7881203316033094,1.7884964802943784,1.787925344824536,1.7879921396186513,1.7879980452923374,1.7876676433903635,1.7875074733493508,1.7873931434494565,1.7878009289440964,1.7882157831953502,1.7876170936549673,1.7882015287082078,1.7889782041737767,1.788988514461066,1.7889950531858587,1.7882035177618123,1.7887132373748593,1.7894737794338091,1.7892379543753554,1.7896494445761815,1.790442505992985,1.7903224754632472,1.7905203189988588,1.7909493088534325,1.7923830834729202,1.7919649339908952,1.7915731584387726,1.7924709083422772,1.792400204766715,1.7924340977680426,1.7922883830953986,1.7898683364381223,1.7912354715763805,1.79196178188328,1.7907836506958779,1.791288428631047,1.792530300894595,1.792781448394528,1.7921419857846306,1.7927626721412089,1.7942851363601964,1.7940290159058656,1.79349791495607,1.793645488504089,1.7933566935231091,1.7932926712554416,1.7933604256022135
1981-06-30,1.909731764235444,1.9101325340993356,1.9114562845679277,1.9132409570790374,1.9134539066025744,1.9141144460084498,1.9149689437675184,1.9153277820358916,1.915878717377126,1.915704173546018,1.915576542958485,1.9159970055835887,1.9154485507969383,1.9164857707881735,1.9164872366241483,1.9167755925660566,1.9161959849016266,1.9173457482040046,1.916779323603918,1.9178950082227724,1.9189776889402432,1.9197286084226417,1.920892415332124,1.9223436991897385,1.9246892799721027,1.9248622462214526,1.925331927891307,1.9264845175332623,1.9260796053196838,1.927091475541736,1.9251948463036466,1.9249576767391736,1.9242137892167663,1.9237429940976356,1.9230204357961966,1.9225070998523472,1.9224892970281955,1.9223607110455379,1.9216022907543846,1.9217500244358297,1.922277405576831,1.9215175626133272,1.9216980756386561,1.9212220041252435,1.9210179624208754,1.9201392231554522,1.9201001566703588,1.9193137093960977,1.9187917773280703,1.9191602455723793,1.9185847724734262,1.9186513739365352,1.9186521259870597,1.9183238678609056,1.9181512241126448,1.9180395622351374,1.9184427249289646,1.9188494806398433,1.918262816565683,1.9188350779047436,1.9196187849082968,1.919629652323906,1.919629754648005,1.9188392211064778,1.9193477983033203,1.920105067024348,1.9198767425543908,1.9202867983675342,1.9210753647282188,1.9209597773612872,1.9211521807791576,1.92158516857497,1.9230223203264574,1.9225961082497793,1.922213034230202,1.9231018199194416,1.9230306960828822,1.9230653731780132,1.922918089035424,1.920477078214815,1.9218475743913908,1.9225782052089733,1.9213994309451046,1.921904152303799,1.9231508673237965,1.92340715886905,1.922768710802175,1.9233963291490426,1.9249185731322944,1.9246671515633502,1.9241349169624757,1.924280642127387,1.923993161980241,1.9239274316317143,1.9239938619786336
1981-09-30,1.9372110601834045,1.9376220040621184,1.9389437557988942,1.940714293806796,1.9409169368952597,1.9415709264765373,1.9424248652942027,1.9427843469811337,1.9433453832686052,1.943163250897456,1.9430285952665614,1.9434453392455415,1.9428881782085665,1.9439200975248427,1.943913534116183,1.9442046091651772,1.9436228737995327,1.9447689287028374,1.9442065662668013,1.945332163434478,1.946414284617168,1.947174195710879,1.948342996460243,1.9497974794907615,1.9521473409233279,1.95233901066345,1.952808371422037,1.9539683882326522,1.9535644181953429,1.9545841503056103,1.9526848443132656,1.95244513785837,1.951697479046468,1.9512182506992142,1.9504805753556949,1.9499656128323384,1.9499472776000657,1.9498054408352283,1.949048067309144,1.949195588563292,1.9497198861507523,1.9489593984684481,1.949139296157364,1.9486583717355117,1.9484486263773149,1.9475652472519274,1.9475212119369636,1.9467269975167618,1.9462031984810113,1.9465643927710603,1.945984684469515,1.9460512514804778,1.9460476037866465,1.945721395502952,1.9455365673241014,1.9454276487561164,1.9458269888569306,1.946225399544494,1.945651332318689,1.946211774665768,1.9470027218149908,1.9470142746600776,1.9470081327220863,1.9462185218693682,1.9467262272939005,1.947480308221019,1.9472597571481551,1.9476686575960824,1.9484526864352607,1.9483414318110739,1.9485285583863754,1.9489655763169098,1.9504063478676592,1.9499718151323375,1.949597240434597,1.9504771515535821,1.9504055849335729,1.9504410506042005,1.950292163703499,1.9478341129607655,1.9492083763173897,1.9499416118453148,1.9487614329772622,1.9492668275270013,1.9505182057819679,1.9507795734053035,1.950141926708839,1.9507768185272956,1.9522986985132347,1.9520518518418237,1.9515184848251552,1.9516627674177323,1.9513762565622672,1.9513091721556948,1.9513742407337034
1981-12-31,1.8894659833105067,1.889886198278404,1.8912051813287083,1.892959135743669,1.8931520576388228,1.8938001286695831,1.894653420876109,1.895012916583712,1.8955825427932798,1.8953931192354276,1.8952506116987444,1.8956638240969206,1.8950976604300616,1.8961242211925833,1.8961097737138464,1.8964026701546133,1.895818813651402,1.8969604536114169,1.8964019877584914,1.8975373981775967,1.8986187437465727,1.8993874370544237,1.9005612264482679,1.9020190747565187,1.904373331940631,1.9045824025724285,1.9050519820850884,1.9062183636738919,1.9058148804659845,1.9068428633409842,1.904941478093709,1.9047001035109057,1.903948009921764,1.9034607673186346,1.9027085443084866,1.9021917574356269,1.9021726193992383,1.9020178433069705,1.9012614876116125,1.9014086217537907,1.9019304714001923,1.9011694883621932,1.9013491688890727,1.9008637248422597,1.9006483760497934,1.8997609956458272,1.899712460933505,1.8989106692908946,1.898386055819069,1.8987405871393195,1.8981568724986129,1.8982236123978211,1.8982166331586952,1.8978923469016826,1.8976958803558728,1.8975897801063835,1.8979863905355543,1.8983761966489396,1.897815366723056,1.8983645728300367,1.8991628906561595,1.8991752877410784,1.8991632383930326,1.8983744896843944,1.8988816620217146,1.8996326525438625,1.8994201590263116,1.899828265252709,1.900607693782097,1.9005005751979245,1.900682697484089,1.901123701084593,1.9025682704647924,1.9021252057218003,1.9017587772286726,1.9026299814921648,1.902557952037621,1.9025942007866306,1.9024436946021153,1.8999742874689471,1.9013527174727982,1.902086155393327,1.9009036497564984,1.9014106529530854,1.9026662970956054,1.9029325601622569,1.9022954608336358,1.9029379497060614,1.9044591668130448,1.9042166842214026,1.903682240410554,1.9038256374844607,1.903539639441053,1.9034717027222448,1.9035353710739709
1982-03-31,1.8572211710617719,1.8576493672098335,1.8589645556717853,1.8606988368148465,1.8608828819421988,1.861525905714141,1.8623784001677046,1.8627370592795058,1.8633131738210387,1.863116962850933,1.8629656885943624,1.8633755972921888,1.8628001879999012,1.8638213103917076,1.8637992366559486,1.8640927353719379,1.863506818078048,1.8646430933756735,1.8640882880223226,1.865233234338727,1.8663134347181485,1.8670904927450223,1.8682691346097853,1.8697304448478516,1.872089044523789,1.8723136051222498,1.872784074050264,1.8739552919602365,1.8735517146841245,1.874588286362905,1.872685750302998,1.8724438228356397,1.87168647358798,1.8711918971986843,1.870426105796175,1.869907303056268,1.869887015785733,1.8697198735587648,1.8689645196365343,1.869111033674688,1.869631279984184,1.868870050847987,1.869050012032902,1.8685605633028834,1.8683398079968518,1.8674493686949578,1.8673970010680092,1.8665880195441131,1.8660640345228798,1.8664127661052803,1.8658254346464105,1.8658926149536814,1.865883762499003,1.8655612282604013,1.8653539906362355,1.8652507825793632,1.865646119585599,1.8660270494593552,1.865480180946128,1.8660190176787514,1.8668247352882295,1.8668381742719868,1.866820736220321,1.8660328153318413,1.866539876422436,1.867287889447002,1.867083748929737,1.8674915189805312,1.8682662636819258,1.8681629749693993,1.8683405029149693,1.8687853531889023,1.870233811821861,1.8697820671434249,1.8694232420021255,1.8702860079221737,1.8702134987452155,1.8702505127492293,1.8700983915627352,1.8676255079728352,1.8690084899976385,1.869738870216314,1.8685529211642085,1.869062725241688,1.8703219681391272,1.870592812313214,1.869955961336375,1.870606347055273,1.8721264071939372,1.871887973037114,1.8713525761349667,1.8714958309410261,1.8712097513087673,1.871141647071462,1.8712038769625665
1982-06-30,1.823031485787993,1.823465891769767,1.824775938548156,1.8264866663310384,1.8266630003731321,1.8273021409888803,1.8281536057478727,1.828510303330876,1.8290900742268672,1.8288878346486435,1.8287267696740233,1.829133656623741,1.8285488294063559,1.8295644058545082,1.82953510698096,1.8298275933951402,1.8292397439161774,1.8303694036541174,1.8298179387187712,1.830971913970236,1.832050413039126,1.8328351593174421,1.8340183515378727,1.8354831301322874,1.8378458067457433,1.8380831915775615,1.8385553792214633,1.83972932632226,1.839324916395634,1.8403703526007176,1.8384680052757616,1.8382269460049727,1.8374633355818442,1.836962429443685,1.8361845566615673,1.8356635557952004,1.835641679419353,1.8354630699125922,1.834708721778536,1.8348543124952328,1.8353740528274498,1.8346129542989646,1.8347938192380315,1.834301108241989,1.8340752665916369,1.8331830896636645,1.8331278002014808,1.8323122644439147,1.8317908323205048,1.8321349367210433,1.8315445793742704,1.8316125417290001,1.8316037548199184,1.8312827503705527,1.8310660071508336,1.8309657628812102,1.8313617302039722,1.8317335015778875,1.8312014189699841,1.8317311045177862,1.8325441216679146,1.8325588489366633,1.8325367671426553,1.8317496748273243,1.832257147761234,1.833002316324178,1.8328068351176596,1.8332148415817202,1.8339847980442492,1.8338848957899578,1.8340584104143658,1.8345068524951562,1.8359591791688767,1.8354986901622097,1.8351466892068262,1.8360014136321192,1.835928411827621,1.8359661581305242,1.8358124518510586,1.833346688340655,1.8347345849238295,1.8354575858121578,1.834266841807794,1.8347809566348077,1.8360427996262134,1.8363177517557774,1.8356808000055325,1.8363393514559254,1.8378575179360963,1.837622690137044,1.8370865481645144,1.8372306318147877,1.8369437060816285,1.8368763442391796,1.8369370988085305
1982-09-30,1.7816154492636906,1.7820537010136608,1.783356861293693,1.7850391895763733,1.7852093724661635,1.7858461491841573,1.786696251286902,1.7870495256807177,1.7876292261169286,1.7874220291578928,1.7872500158481195,1.7876542326420837,1.7870599064201182,1.788069794977388,1.7880338515048129,1.788323228539841,1.7877336606770182,1.7888550849620164,1.788306540317036,1.7894687474363224,1.7905447638656693,1.7913362030778621,1.7925234365517433,1.79399157549791,1.7963577998026852,1.7966044158137238,1.7970793426369023,1.798253200927187,1.7978470241411433,1.7989015247226814,1.7970012107321813,1.7967628158882172,1.7959917218473056,1.7954858866893746,1.7946980426187862,1.7941746742056457,1.7941506549493191,1.7939618781785969,1.7932085681162782,1.7933528481432535,1.7938734842441435,1.7931130527600385,1.7932955998669375,1.7928006503559764,1.7925701970288537,1.7916780708442657,1.7916210711656828,1.790799925031084,1.790283559004322,1.7906245854421377,1.7900320425031366,1.7901012190563352,1.7900950231646484,1.7897752621382095,1.7895507677708127,1.789453555148575,1.7898526031210553,1.7902149252643664,1.7896985725387147,1.7902207558676366,1.7910408100015467,1.7910571322489295,1.7910314303257322,1.7902452126985697,1.7907537431901352,1.7914962260867164,1.791309720570113,1.79171867136425,1.7924837143785506,1.7923865850829164,1.7925568782725974,1.7930085162711413,1.7944645466228304,1.7939953562911017,1.7936491089380626,1.7944963498776934,1.7944228474833932,1.794461274685038,1.794306044520542,1.7918613260995921,1.7932544667316037,1.7939644655063627,1.7927672924825622,1.7932876171948935,1.7945506575559458,1.7948290560735802,1.7941915982274135,1.7948585449274859,1.7963737829878776,1.796141967469767,1.7956053918089188,1.7957515523373244,1.7954628079503263,1.7953973730478894,1.7954566182184881
1982-12-31,1.7329332603847694,1.7333722722058962,1.7346663150791186,1.7363142288662878,1.73648029922491,1.7371166588068232,1.7379649410129665,1.7383129216485318,1.7388877397011528,1.7386770355909071,1.7384927548541804,1.7388947407193056,1.7382909494903669,1.7392949663661448,1.739253180062769,1.7395367674811055,1.738945799745831,1.7400569215508754,1.7395107583054044,1.740680040261445,1.7417525229561936,1.742549271638608,1.743739782870572,1.7452110319350562,1.7475799517859483,1.747831078821545,1.7483099941036924,1.7494800819633158,1.7490709644536278,1.7501346376874873,1.7482388150886137,1.7480053358456082,1.7472252812319378,1.7467163991700567,1.7459214506286391,1.745395562256172,1.745368708767887,1.7451715535059855,1.744419351322445,1.7445618331013772,1.7450851309844795,1.7443260999522527,1.7445112976399673,1.7440154769832459,1.7437810773143696,1.7428913592974808,1.742834226305825,1.742008791190851,1.7415007171764314,1.7418406696226705,1.741247086250111,1.74131801863167,1.7413176489782667,1.740998766981627,1.740768870092864,1.7406747514753362,1.741079991800148,1.7414325682321463,1.740933030518588,1.7414498836296821,1.7422765116586723,1.7422948092568173,1.742266850233877,1.7414816105544577,1.7419919917607203,1.7427319802368848,1.7425547757035849,1.7429655381629492,1.7437255220639538,1.7436303440078802,1.74379846471438,1.744252732581297,1.7457121238974755,1.7452344103925257,1.7448924906219965,1.7457330055772058,1.7456590006797437,1.7456980350975901,1.745541380115693,1.7431356682862897,1.7445343376861493,1.7452241331603173,1.744018559273625,1.7445474652227544,1.745809812323923,1.7460907729544477,1.7454523403576347,1.7461278626222354,1.7476387754850644,1.747409196458844,1.7468726238351457,1.7470224430184222,1.7467306554314608,1.7466686639628373,1.7467263701196318
1983-03-31,1.6792211477809216,1.679656966803929,1.6809390756896425,1.6825451625302357,1.6827097329161878,1.6833481314223053,1.684193986086562,1.684534312071119,1.6850981360318533,1.684885829214637,1.6846877692709463,1.6850880713593517,1.6844749911181367,1.6854729024067296,1.6854263434339665,1.685700764282973,1.685108841831362,1.686207059070568,1.6856625983210543,1.686837359481147,1.6879049374418837,1.688705145835815,1.6898978635766908,1.6913717991494355,1.6937421729916304,1.6939917382876981,1.69447616267198,1.6956377626905506,1.6952242411643184,1.6962970860924345,1.69440894845086,1.6941831807303438,1.6933923914389712,1.6928829215675507,1.6920846429677474,1.6915561039096523,1.691525560543761,1.6913224032753027,1.690571426552229,1.6907115042743555,1.691239661934373,1.6904830036321816,1.6906720494104568,1.6901771388199682,1.6899396896002599,1.6890554211643205,1.6890001701119441,1.6881722231304537,1.6876765196044596,1.688017945032548,1.6874248338319489,1.687498194563318,1.6875077350190817,1.6871892738824035,1.686957036088979,1.6868660662900492,1.6872814016612991,1.6876239333583292,1.6871424611512233,1.6876567834019638,1.688489278610997,1.68851002068366,1.6884815756454188,1.6876974874894852,1.6882106881065209,1.6889484135458126,1.688780842784657,1.6891944709230748,1.6899492301249903,1.6898549302671386,1.6900222367285216,1.6904783653781426,1.6919405570507204,1.6914546650091593,1.691115218967973,1.691950008411887,1.691875506386916,1.6919150477232203,1.691757112243224,1.6894132039208394,1.6908176289722872,1.6914781287053748,1.6902617818116485,1.6908022062504586,1.6920613870549623,1.6923437640801389,1.6917038165766414,1.6923880344482867,1.6938927913817228,1.6936644577166298,1.6931284749438285,1.6932839324799005,1.6929875754934116,1.6929309406052986,1.6929870845101052
1983-06-30,1.6896433434948972,1.6900709923653885,1.6913376574572476,1.692892860196521,1.6930592200613843,1.6937027113907406,1.6945453523129166,1.694875084441548,1.6954202707502692,1.6952088011471704,1.6949952236343744,1.6953945189573603,1.6947724965858084,1.6957640094495494,1.695714067271572,1.6959751250747983,1.6953828433214082,1.6964649238893752,1.6959213236169257,1.6970994450390635,1.6981603732280355,1.6989616409326735,1.7001551287276393,1.7016311204157013,1.7040012457854574,1.7042415801899566,1.704733351845882,1.7058805248069424,1.70546079269468,1.706542680236385,1.7046662883341193,1.704451669990788,1.7036480283954587,1.7031411100648628,1.7023443463742594,1.7018130525131396,1.7017777704096586,1.7015716822207643,1.7008221072399181,1.7009590372836558,1.7014947581081543,1.7007417288241342,1.7009360916160126,1.7004443619730911,1.7002050354557654,1.6993300661311337,1.6992792296228956,1.6984510879247576,1.6979728371495766,1.698318921060752,1.6977282296125997,1.6978048452929437,1.6978293786606984,1.6975107693654958,1.6972800936754966,1.6971923177851318,1.6976225821959265,1.6979547709630127,1.6974928064166335,1.6980081373725406,1.698845503070808,1.6988692638010376,1.698842586064523,1.6980599074021647,1.6985771021682583,1.6993128444832402,1.6991552463444086,1.6995730105113687,1.7003223600776107,1.7002275674842262,1.7003957836831622,1.7008527655151733,1.7023169366314197,1.7018234108281316,1.7014840785573933,1.7023144329590116,1.7022394477974294,1.7022793644618726,1.7021203460187841,1.699866737349804,1.701277073332779,1.7018969553128456,1.7006669950047693,1.7012225425364509,1.7024753995600423,1.7027577438685233,1.7021156607567454,1.7028086222254193,1.7043048809733503,1.7040765497525507,1.7035419204056605,1.7037054634067461,1.7034026553916388,1.7033537568882238,1.7034083237262885
1983-09-30,1.697261693620221,1.6976750141056214,1.6989219253343806,1.7004152951504072,1.7005875133678883,1.7012398374690956,1.7020782719322345,1.7023938051061722,1.7029109472676294,1.7027033708802728,1.7024722762216653,1.7028713935078101,1.702240974877867,1.7032257288664625,1.7031741627265422,1.7034167189955312,1.702824846982753,1.7038868340266489,1.7033430659242963,1.7045218216060356,1.705573926982904,1.7063732193076169,1.7075656187721198,1.7090427965485082,1.7114104395663658,1.711632034991212,1.7121333559909149,1.7132587556464176,1.7128306095510242,1.7139212642033907,1.7120616769640589,1.7118623853398003,1.7110433836806733,1.7105429390925695,1.7097537675512378,1.709219645903313,1.7091783540920464,1.7089732066158492,1.7082252791102321,1.7083581603651317,1.7089047266171753,1.7081569113276107,1.7083583738266828,1.7078726610032144,1.7076329484896906,1.7067720593457705,1.7067287660407775,1.7059033702585304,1.7054488090714912,1.7058034707362209,1.705217648499557,1.705298522989894,1.7053442808925525,1.7050248265800059,1.7048005849404142,1.7047160363212548,1.7051671351090336,1.7054886863700789,1.7050478903167532,1.7055686219328523,1.7064095259961238,1.706437000927481,1.7064148996798152,1.7056339866198023,1.7061565869169315,1.7068906828944792,1.7067434013979357,1.7071668182579685,1.7079105541452098,1.7078135538503225,1.707984825560398,1.70844137931882,1.7099064071681087,1.709406025282767,1.7090638630709774,1.7098914093341864,1.7098159649335338,1.7098560894084667,1.7096962466221703,1.7075679934604313,1.708984311138066,1.7095496866155595,1.7083027357481986,1.7088777796872336,1.7101203695709755,1.710400886708988,1.7097559572839924,1.7104576270742695,1.7119424568261112,1.7117125969677307,1.711180287813705,1.711354900234235,1.7110433504328175,1.7110051045966514,1.7110580898966719
1983-12-31,1.6648942888920941,1.6652858146333769,1.666507774067897,1.6679262660998235,1.6681092749643835,1.6687749299757568,1.6696079358937304,1.6699049274908924,1.6703826668890054,1.670182720863564,1.6699318173615985,1.670331755003235,1.6696937062448498,1.6706712662709309,1.670620245960596,1.670838119367755,1.6702476186250714,1.67128475227415,1.6707395824774416,1.6719155721386134,1.6729562091456343,1.6737497894632818,1.6749387749571567,1.6764160030834736,1.6787783421769635,1.6789696536480525,1.6794831289360581,1.6805778501585156,1.680138646330362,1.6812376324233018,1.6794010138308733,1.6792220479538065,1.678384749299409,1.6778955668353817,1.6771214278343893,1.6765844392936198,1.6765356207935214,1.6763361715261496,1.6755902153657511,1.6757179725562026,1.6762793063710277,1.675538654739149,1.675749348695775,1.6752731147949866,1.675034861729777,1.6741938660647486,1.6741619051820247,1.673342886455815,1.6729195302781832,1.6732875008679464,1.6727095531018297,1.6727958867417545,1.6728703728788141,1.672549235054444,1.6723373718543373,1.6722560709952388,1.672735096216218,1.6730457196426889,1.6726279961724828,1.6731594638687137,1.674002203315095,1.6740342228714278,1.6740201227689848,1.6732414402304756,1.6737711196217226,1.674503969558206,1.6743673547080116,1.6747982128840757,1.6755361110979088,1.6754348070390126,1.6756117471392038,1.6760662896200835,1.6775307174580487,1.6770245149176555,1.676675932702937,1.6775026708868488,1.677426802042934,1.6774669271489144,1.6773065860244074,1.6753460090967405,1.6767682860405322,1.6772624228295987,1.675994509590506,1.676594275707652,1.677821786519477,1.6780983018960423,1.6774497166443405,1.6781599683406938,1.6796297869688854,1.6793965493174596,1.6788677516874662,1.6790570116873438,1.6787339759435351,1.678709892952098,1.6787613038200067
1984-03-31,1.6310137371827524,1.6313746540341723,1.6325655469385807,1.6338939463127793,1.6340935695039944,1.6347778352164295,1.6356039535812608,1.6358772999906264,1.6363022633633613,1.6361143847388266,1.6358410707860398,1.636243002918009,1.6355983124162243,1.636568166537184,1.6365202842748119,1.6367062157228562,1.6361182457965322,1.6371249350036323,1.6365769169605957,1.6377460475646615,1.6387720822900047,1.639555492036756,1.6407382587826946,1.6422141293415313,1.6445677405367727,1.6447151226425718,1.6452437757669511,1.6462973035946415,1.6458439445868303,1.6469506652261523,1.6451443191442698,1.6449915338923349,1.6441325569064613,1.6436603167320412,1.6429100526320926,1.6423701901169772,1.6423120733426109,1.6421239896285897,1.6413804095218683,1.6415017860027032,1.6420824718545333,1.641351308545575,1.641573728212392,1.6411110806272955,1.6408764965118086,1.640062272194953,1.6400461150373737,1.6392378134702035,1.6388544989358151,1.6392413476910892,1.638674850833195,1.6387680474625665,1.6388800798541725,1.638556274239336,1.6383638377811909,1.6382857933913035,1.6388010639201611,1.6391004687034836,1.638707980627439,1.639256490966679,1.6400989854138806,1.6401365198758566,1.640134478675915,1.6393586023369,1.639897306321381,1.6406293755065502,1.6405037881437412,1.6409441598332308,1.6416759729538586,1.6415678778614997,1.6417535795665898,1.642204217629918,1.6436662488971847,1.6431555213124929,1.642796264967276,1.643624576422518,1.6435483289768125,1.6435882068106302,1.6434277624263829,1.641684682300499,1.643112805369433,1.6435160345510773,1.6422225680715545,1.6428531643599187,1.6440598891220173,1.6443298351831466,1.643676679877739,1.6443952970517195,1.6458458510395613,1.6456070581900824,1.6450831943327149,1.6452912946949558,1.6449535600065859,1.644947763616115,1.6449976181377388
1984-06-30,1.5598301567950026,1.5601504663785897,1.561303368552804,1.5625245207428742,1.562747371035054,1.5634562191515704,1.5642737819388532,1.564517707011779,1.5648747383359638,1.564703975628293,1.5644053537728353,1.5648106087262095,1.5641604453361742,1.565122013575227,1.565080229060968,1.5652260002176033,1.564641893437864,1.5656118045780563,1.565059300363462,1.5662168800366494,1.5672247411109768,1.567992889997829,1.5691662192069358,1.5706390905917693,1.5729800283838156,1.5730679837896533,1.5736152180128442,1.574615611203474,1.574144602592094,1.5752583272939438,1.5734905650367872,1.5733705924784414,1.5724861521570301,1.5720373180419007,1.5713209988762795,1.5707782753565132,1.5707088612540403,1.5705386024803816,1.5697978729364075,1.569911445791195,1.5705166628571066,1.569797638541949,1.570034603010149,1.5695902157095656,1.56936182583721,1.5685821890499339,1.5685869105788708,1.5677942815732655,1.5674610196934726,1.567873059154587,1.5673220871161586,1.5674237326057936,1.567583297179456,1.5672557119703083,1.5670907190033734,1.567015934058572,1.5675768602274736,1.5678647387555382,1.567499900600514,1.568072611922041,1.568912463128639,1.5689566076506887,1.5689712366404682,1.5681988350071252,1.5687487537544051,1.5694805619981063,1.5693663872265273,1.5698186065675985,1.5705440546324216,1.5704263422222662,1.5706243180021844,1.5710688874787517,1.572526440416827,1.5720126950560291,1.5716379325447032,1.5724705221884945,1.5723939512586262,1.5724332983057616,1.5722732058806197,1.5708040845231015,1.5722378770820584,1.572527926450507,1.5712037515673694,1.5718720720118955,1.5730515126214768,1.5733119673020055,1.5726532244877174,1.57337992195231,1.5748063652390123,1.5745595473317326,1.5740422420541709,1.5742739243935795,1.573917860685636,1.573935020045429,1.573983342607675
1984-09-30,1.5825191063026245,1.5827882087244762,1.583895775144188,1.584991445766427,1.5852445538383282,1.5859843244943415,1.5867915556647922,1.5869999301808817,1.5872729303207855,1.5871246343494536,1.586797592400026,1.5872075740768992,1.5865531558924788,1.5875058217352311,1.5874732695604292,1.587570138463572,1.5869913114140803,1.5879176981782455,1.5873589587164731,1.5885000218858782,1.589485889190009,1.590233372416509,1.5913938547086002,1.5928619823452,1.5951860569076783,1.5951981287537738,1.5957675748619236,1.5967021335403178,1.596209785219901,1.5973297360111984,1.5956093989731075,1.5955293357349174,1.5946154002529038,1.5941968355932183,1.5935251456521922,1.5929795618023253,1.5928967248816788,1.5927511326874033,1.5920137587546086,1.5921180001886333,1.5927532682341652,1.592049188496186,1.5923036982004735,1.5918825314326557,1.5916630088453165,1.5909262606552135,1.590957254701691,1.590185544559047,1.5899129824970468,1.590356923961564,1.5898257909844433,1.5899375728187477,1.5901552872314721,1.589822747598459,1.5896937037078356,1.5896221914848114,1.590238777067087,1.5905147654431186,1.5901801888790519,1.590784688690634,1.5916193755547852,1.5916712938796265,1.5917074779686997,1.5909392537606788,1.591502718119084,1.5922348046069987,1.5921324821675156,1.5925990543998707,1.5933178045509298,1.5931874900114797,1.5934014573530673,1.5938376584676224,1.595288544422817,1.594773347501815,1.5943779690482234,1.5952176722057827,1.5951408365020128,1.595179351458706,1.5950200955876674,1.5938849203163887,1.5953242194456443,1.595477428317038,1.5941170448042306,1.594830412556179,1.5959756525853257,1.5962234837665452,1.595558050071701,1.5962925359402438,1.5976897126790934,1.5974322381660988,1.5969232190037999,1.597183529716895,1.596805280589472,1.5968503605195017,1.5968971688633022
1984-12-31,1.545676554487628,1.5458845963290386,1.5469399635602545,1.5478928491246207,1.5481828011838583,1.5489594524628758,1.5497547023423457,1.5499217854424046,1.550095661916671,1.5499747738943692,1.5496161898037548,1.5500321947019262,1.5493744953989963,1.5503176785937811,1.5502972245306084,1.5503369405960161,1.5497646901951418,1.5506411645034703,1.5500745175495978,1.5511945716049147,1.5521548166916264,1.5528766462265973,1.5540211934853125,1.5554830284048322,1.5577864403941453,1.5577072804129046,1.5583024370379217,1.5591592545300499,1.5586421460715818,1.5597676895396215,1.5581030421304858,1.5580697083653496,1.5571223685629607,1.5567404490646817,1.5561232722920282,1.555574747453333,1.5554764719384133,1.5553618278512524,1.5546282544230499,1.5547216779454025,1.5553922621646705,1.554705693711603,1.5549805932823115,1.5545872453348846,1.5543790243191324,1.5536928999083488,1.5537552174265299,1.5530092182140758,1.5528073859043894,1.5532895385794474,1.5527822074907225,1.552905726544542,1.553191591786554,1.5528530088230341,1.5527678007309846,1.552699618851192,1.5533813001909886,1.5536448972092254,1.5533432484022305,1.5539865772137562,1.5548138972257761,1.5548746898460224,1.554936942056976,1.554173499620682,1.5547527366793388,1.5554855797567455,1.5553956646174774,1.5558790483200153,1.5565906742828108,1.5564450287999687,1.556678416459871,1.557104125216971,1.5585464518834025,1.5580310865667175,1.5576103953105174,1.558459737664665,1.5583826867044854,1.5584200914724928,1.5582621155956793,1.5575171589694974,1.5589619829119576,1.5589561272411137,1.5575542105189477,1.5583195445475047,1.5594241127969573,1.5596563164352055,1.5589830493121,1.5597251608077218,1.5610882602746157,1.5608176401837397,1.5603185072261745,1.5606122275673129,1.5602081551038622,1.560285834652924,1.560331111971108
1985-03-31,1.4937300208339805,1.4938702558798127,1.4948686246156329,1.4956658889930323,1.4959973139512903,1.4968151058207066,1.497597261701409,1.4977190011272965,1.4977830876985465,1.4976928948187451,1.4973000073583584,1.4977229031226762,1.4970621445919428,1.497995428432651,1.497988893609545,1.497965480066131,1.4974006272966036,1.4982225145048698,1.4976466954011118,1.498743024334824,1.4996749838243315,1.5003678669214522,1.5014946049685212,1.5029493135744758,1.505229760672644,1.5050487533235022,1.505672351867351,1.50644303700119,1.5058988328744471,1.5070298110051146,1.505426600597561,1.5054452305809631,1.5044613517402132,1.5041204124192955,1.5035643584539375,1.503012613721335,1.5028974088104126,1.5028177878583047,1.5020882409889555,1.502169660038071,1.502879523924361,1.5022121063105385,1.502509490476356,1.50214706264616,1.5019516634151624,1.5013214907729848,1.5014186790077955,1.5007014273732513,1.500577536997526,1.5011024030244435,1.5006214510689357,1.50075789046246,1.5011190991551477,1.5007737306617255,1.5007376877529597,1.5006729957867897,1.5014266026851402,1.5016770346538197,1.501410773477091,1.502097716179371,1.5029165518792962,1.5029870239628043,1.5030783562752295,1.5023199714763678,1.5029166737567041,1.503650550889783,1.5035738129295024,1.5040760337417505,1.504779948752906,1.5046172235938096,1.504872308053045,1.5052861199888314,1.5067189911674803,1.5062038662090214,1.5057547854070945,1.5066152164561462,1.506537968459297,1.5065740797421476,1.5064176631698136,1.506102782044111,1.5075536156924843,1.5073728660107777,1.5059251884178964,1.506747538343944,1.507806921328708,1.5080212155992827,1.5073390195245069,1.5080889552310088,1.5094146589016575,1.5091290806655713,1.508640904163101,1.5089715485686788,1.5085390148597826,1.5086526665294893,1.5086963139070344
1985-06-30,1.4942328563726084,1.4943575049337774,1.4953336411800597,1.4960508278901075,1.496390568330511,1.4972209256243019,1.497999175351974,1.4981039825807339,1.498133040983968,1.4980457604519577,1.4976251297582672,1.498047770260289,1.4973715227617834,1.4982976798545624,1.4982875086027383,1.4982395360772587,1.497673981048128,1.4984704890104044,1.497892511575487,1.4989949722558995,1.499915354890538,1.5006079626531685,1.5017373248310972,1.5031970921947229,1.5054799509865169,1.5052770376711484,1.5059159202396617,1.5066601367356638,1.5061068193380398,1.507251364183995,1.5056668247847236,1.505709820437696,1.5047025334890425,1.5043681001036637,1.5038179752092111,1.5032598332884828,1.5031365834412114,1.503054949853398,1.5023256849797535,1.502400407280213,1.503127324550951,1.502463516509244,1.5027706256773015,1.5024138601384691,1.502215935300873,1.5016010340215407,1.5017076263383295,1.5009896692082298,1.5008959328202023,1.501432897923059,1.500955085130598,1.501097350368326,1.5014863210301814,1.501139928319181,1.5011099539624686,1.5010503333418408,1.5018317441983695,1.5020649245771722,1.501829918041568,1.502522596468651,1.5033509395810425,1.5034260998197426,1.5035213358023267,1.5027625488531866,1.503367640958607,1.5040993588637366,1.5040390071545104,1.5045523883587102,1.5052464025012886,1.5050829052757435,1.5053404127056929,1.505754518705687,1.5071944871103293,1.5066652951966526,1.5062148661252888,1.507068759044512,1.5069907780494896,1.5070272030187368,1.5068695464203925,1.5067072732270563,1.508171697141478,1.507924079367385,1.5064494665071728,1.5072972889876366,1.508344800885883,1.5085538185551828,1.507863797495173,1.508627552400621,1.5099412223148896,1.5096522323868355,1.509166021748856,1.5095120610969703,1.5090679506819027,1.5091954354790493,1.509236181904051
1985-09-30,1.4691076585780751,1.4692222408967353,1.470179550760646,1.470822060900749,1.471166917193884,1.4720072843174072,1.4727826089619267,1.4728731813035991,1.47287422432549,1.4727866905993545,1.472337406441111,1.4727589346591068,1.4720647267446767,1.4729839767793953,1.4729679293509252,1.472898590770467,1.4723313257884245,1.4731047352239084,1.4725250054394592,1.4736377015906479,1.4745477250145893,1.475243355952046,1.476378100022444,1.4778447622116702,1.4801334117974627,1.4799167320600555,1.4805703994113846,1.481293785548881,1.4807333308823276,1.481892937715261,1.4803228538071909,1.480388810647628,1.4793582763896787,1.479026668680124,1.4784762862586127,1.477910831971955,1.4777801880422956,1.4776920556684234,1.476962459116798,1.4770305734287734,1.4777731743095825,1.4771110119026187,1.4774268548354388,1.4770729628897645,1.4768704981834944,1.4762666623107197,1.4763802056766848,1.475657799169092,1.4755900947876701,1.476136430244051,1.4756589440337868,1.4758065114122971,1.476219139070527,1.4758723515130112,1.4758437354644203,1.4757896754490438,1.4765951888321782,1.4768095135415698,1.4766070078407252,1.4773013259601235,1.4781420938698941,1.4782215370811729,1.4783178065650238,1.4775576772896657,1.478170633145364,1.4788996848689853,1.4788571025134996,1.479381778958786,1.480064805029134,1.4799025953397953,1.4801602892200136,1.4805760644918533,1.482025918917993,1.4814798979137531,1.4810313651670979,1.4818760569937257,1.481797250008817,1.4818341715297352,1.481674930238357,1.4816394636817376,1.4831195076318595,1.4828148529498848,1.4813137705131103,1.48218450561594,1.483223359743473,1.4834277346035614,1.482729141529767,1.4835081221837014,1.4848123263649458,1.4845208199691418,1.4840355835296624,1.4843953918666506,1.4839411165530936,1.4840805498751128,1.4841180187051024
1985-12-31,1.4158634145936346,1.4159696895472964,1.4169090242472866,1.4174764411059597,1.4178256480515017,1.4186755797744317,1.4194482785628124,1.4195252290122358,1.419499747689474,1.4194107643335439,1.4189312000528875,1.4193512481077912,1.4186373364150022,1.41954968254161,1.4195267291947253,1.4194362993553626,1.4188668912705116,1.419617246681438,1.4190356090151917,1.4201606194134422,1.4210601861814336,1.421760091000971,1.4229015760598356,1.4243761458002666,1.4266722043101108,1.4264440734879664,1.4271131105714847,1.4278168793936237,1.4272500029928639,1.4284256472620345,1.426868962091352,1.4269587317648282,1.4259039961647773,1.4255740272189454,1.4250211426614041,1.4244476020340286,1.4243095332147369,1.42421300376608,1.4234827046488832,1.4235438335388655,1.4243025053377871,1.4236410958238017,1.423965654095246,1.4236136561613808,1.4234056882526966,1.4228116674757254,1.4229315867581067,1.4222030202872669,1.4221608195714013,1.4227160867446047,1.4222377357975722,1.4223906269572189,1.4228263809068045,1.4224794215111762,1.4224505454461909,1.4224024741728631,1.4232317109912744,1.423425675546098,1.4232574853923812,1.423952058381126,1.4248070251646374,1.4248907217082776,1.424986933865602,1.4242248616035451,1.4248458713290524,1.4255719400987454,1.42554844805179,1.426085266516818,1.4267562162713197,1.426596239375121,1.4268532355197066,1.4272711775485132,1.4287326668913178,1.4281678883911493,1.4277226180642466,1.428556567978817,1.4284768770329819,1.428514362400818,1.4283533913875586,1.4284394720626403,1.4299368014572746,1.4295769240382517,1.4280482530349154,1.4289417162542652,1.4299726491703664,1.4301719642635704,1.429463830071892,1.4302591152697253,1.4315545576076814,1.4312605381542762,1.430775934327373,1.4311495399626182,1.4306852432790407,1.4308364078287874,1.4308702723595408
1986-03-31,1.3446518971372279,1.3447528605660155,1.345675865264747,1.3461694378291627,1.3465214572983868,1.3473798312678276,1.3481503932099048,1.348215002741958,1.348166210976442,1.348073913438262,1.3475625098274708,1.3479805208332953,1.3472448140996964,1.3481503129595094,1.348118990435732,1.3480086035097998,1.34743643679435,1.3481644196638793,1.347580859881151,1.3487210010116346,1.3496103448280121,1.3503164392853555,1.3514665195254747,1.3529502922342056,1.355255968673608,1.3550205577242402,1.3557052878872937,1.3563919988220419,1.3558198760433675,1.3570127225759647,1.3554674221293643,1.355581332007709,1.354501706114065,1.3541713893313818,1.353612454634212,1.3530299468073328,1.3528846196141209,1.3527768937278895,1.3520454271013618,1.3520992778270213,1.3528739442150082,1.3522120088527252,1.3525449796941458,1.3521933001622737,1.3519784860898008,1.3513920838990974,1.3515172218935865,1.3507800608861882,1.3507617660811893,1.351324838326892,1.350843862030384,1.3510019427507212,1.351459222912215,1.3511124592122838,1.3510806882906816,1.3510390939471815,1.351890679036769,1.3520625964292305,1.351930549765792,1.3526230856799715,1.3534945061277528,1.3535823112693866,1.3536767636046712,1.3529119995855954,1.35354105789967,1.354263724089563,1.3542607899358716,1.3548104869130078,1.3554681364451064,1.3553117546498799,1.3555666936218707,1.3559875774093253,1.3574628940694127,1.3568770123783076,1.3564370465171298,1.357258218691007,1.357177573537885,1.3572157266105764,1.3570528186293567,1.3572488249398107,1.3587653469128478,1.358354542727521,1.356797529687538,1.3577128128975096,1.3587372958368236,1.3589313510117773,1.3582126701122244,1.3590255066356394,1.3603134612730807,1.360017174033076,1.3595326567643748,1.3599196195909249,1.3594458306816604,1.3596080136469073,1.3596378975124992
1986-06-30,1.2951152058291853,1.295214700812108,1.296123547128713,1.2965455973014643,1.2968983633046824,1.2977635918030772,1.2985326224112597,1.298586627127272,1.2985188981026625,1.2984209573210455,1.2978761561274088,1.29829143365723,1.2975315729589398,1.2984303111715643,1.2983888483795711,1.2982602018933127,1.297684539357544,1.2983912426573145,1.2978058318488386,1.2989644445330608,1.2998439978916014,1.3005586497402424,1.3017195269127428,1.3032139923581498,1.3055319008079893,1.3052946379559134,1.3059952306417273,1.3066683373502594,1.3060924731838943,1.307303819690659,1.3057672572741663,1.3059053358079626,1.3048002870565814,1.3044670935565446,1.3038976649029559,1.3033052190651584,1.3031529283168168,1.303030574650467,1.302297406688073,1.30234372523848,1.3031340230189898,1.3024700085463552,1.3028109029572865,1.3024575569989831,1.3022342841375891,1.3016526615001878,1.3017814710997784,1.3010327691357984,1.301036079002026,1.3016053754924042,1.301119612267898,1.3012826476467412,1.3017591485869529,1.3014130505424348,1.301375052734314,1.3013404758668847,1.3022123755514796,1.3023603914672,1.3022663804125258,1.3029539599882798,1.3038444475771853,1.3039361394140292,1.3040267018062113,1.3032583853240118,1.303895363509828,1.3046141247517016,1.3046333517771007,1.3051966232918046,1.3058396159945909,1.3056884927086623,1.3059396798860277,1.306364466765136,1.3078561355124594,1.3072464784751028,1.3068143401256178,1.3076203222688987,1.3075386441859502,1.307577593377057,1.307412499862198,1.3077025471986858,1.3092403682019382,1.3087845970677634,1.3071986968584812,1.3081344092257932,1.3091543938050307,1.3093430991194301,1.3086128093749019,1.3094445747864767,1.3107266947327907,1.3104285357297467,1.3099434217167656,1.3103430011373198,1.30986050577007,1.3100326687069739,1.3100581518739025
1986-09-30,1.2597166634683683,1.2598186923660752,1.2607156095743024,1.2610684896051436,1.2614198432436607,1.2622902502886935,1.2630583456998954,1.2631035598917482,1.263021430865413,1.2629154134129912,1.2623355424825835,1.262747340121931,1.2619608419701778,1.2628528960951895,1.2627994370750728,1.2626542704910597,1.2620743590187822,1.262760890334085,1.262173687036287,1.263354259403577,1.2642244233052793,1.2649500780891512,1.2661240417711304,1.2676307303743868,1.269963564968345,1.2697300802153295,1.2704467395703642,1.2711097940450622,1.2705317902600468,1.2717629697327684,1.2702324356399457,1.2703948043800963,1.2692637648612535,1.2689250767314764,1.2683405335587528,1.2677371199868195,1.2675781671359063,1.26743759840498,1.2667021712426614,1.2667406632780427,1.267546252117155,1.2668785286520745,1.2672268446941912,1.2668697680632446,1.2666363488619654,1.2660565600864717,1.2661874430029585,1.26542411735576,1.2654466714362094,1.2660205686158603,1.2655277542099048,1.2656955058223762,1.266188857982697,1.2658439230082041,1.26579623265291,1.2657692515635643,1.266659369134586,1.2667814929289853,1.2667275593570224,1.2674071310814634,1.2683194404166307,1.2684147871461224,1.2684992279674792,1.2677264511298996,1.2683712237564915,1.269085532449046,1.2691286372663004,1.2697062584882872,1.2703331154060635,1.2701890083449252,1.2704346625971232,1.2708643405088385,1.272375020283321,1.2717387532416256,1.2713170998131904,1.2721053173492254,1.2720225256962552,1.2720624029476078,1.2718948703924604,1.2722625148231272,1.2738238635801045,1.2733293047394552,1.2717139055631397,1.2726685998730392,1.2736860726775103,1.2738692658732633,1.2731262165908905,1.2739783535393356,1.2752563345378007,1.2749566916867718,1.2744702783123711,1.2748817281835951,1.274391340861688,1.2745724187563863,1.2745930492076956
1986-12-31,1.2865443597973096,1.2866527976993702,1.2875398721549354,1.2878255220983796,1.288173387543925,1.2890473614964852,1.2898150524293033,1.289853212880963,1.2897609727962653,1.289644488914736,1.2890277105951866,1.2894352666312099,1.2886195793484632,1.2895049972291854,1.2894376915698849,1.28927756880336,1.288692684135404,1.2893600002180865,1.2887710091842424,1.289977022251805,1.290838068729959,1.2915770939399913,1.29276641423334,1.2942868326049974,1.2966372319264492,1.296412919622937,1.2971459648844137,1.2978022863107657,1.2972237466039964,1.2984760871222876,1.296949046971224,1.2971360880396827,1.2959783732445702,1.2956316718407686,1.295027513819518,1.294412054971272,1.294246697045999,1.2940843653496261,1.2933461144747556,1.29337641072601,1.294197104327382,1.2935240459782662,1.2938793407454137,1.293516525960742,1.2932712774319368,1.2926904919721756,1.292821939417238,1.2920409246741587,1.2920805724692368,1.2926575759695895,1.2921554655088328,1.2923277321806936,1.2928357696293045,1.29249249181815,1.2924317426345657,1.2924129684876133,1.2933193923885429,1.2934135054800016,1.293401881735977,1.2940704660010056,1.2950074059332173,1.295106193639666,1.2951823135895548,1.2944041467575267,1.2950566451736707,1.2957659225301597,1.2958347294135688,1.29642760811745,1.297036727631008,1.2969014051155228,1.2971397605580672,1.2975752772807148,1.2991076824927958,1.2984418715697645,1.2980333535343482,1.2988011539094337,1.2987171688597776,1.298758100863677,1.2985878860848878,1.2990176643372036,1.3006048637370147,1.3000773156599899,1.2984316206396949,1.2994039705521445,1.300420766190288,1.3005981321840818,1.2998410669316134,1.3007150575279904,1.3019904979456123,1.301689683326793,1.3012012977903047,1.3016239907368659,1.301126459735674,1.3013154861721232,1.3013307835881078
1987-03-31,1.2877419710031464,1.2878604988547377,1.288739619725514,1.288959453346661,1.2893018709236932,1.290177893573226,1.2909456271163615,1.2909783588264752,1.290879955753405,1.2907506913036124,1.290094986356717,1.290497527792656,1.289650040571587,1.2905288340207326,1.290445854319815,1.290272113056421,1.2896815713201923,1.2903304398788038,1.2897396019174436,1.2909744973289818,1.291826544621123,1.2925811932475317,1.2937880967577193,1.295323711865001,1.297694226564861,1.297484147035858,1.2982340334391105,1.2988866321813988,1.298309143184175,1.2995839586369733,1.298058110270262,1.298270509897784,1.2970852978160217,1.2967282070438166,1.2961001199991182,1.2954714908720095,1.2952999281696944,1.295112366611244,1.2943707228967178,1.2943923689463346,1.2952281684063351,1.294548169482713,1.2949100750529876,1.2945396013452959,1.2942808612590853,1.293696413176518,1.2938270377926557,1.2930253179036937,1.2930801822748292,1.293658967554668,1.293145361010989,1.293321988608156,1.293842811908926,1.2935016754945632,1.2934246525152342,1.2934147297161176,1.2943357910218538,1.294399642942124,1.2944327675365783,1.2950875013667997,1.2960519194951896,1.2961539581403019,1.2962196186681259,1.2954351143495573,1.2960953399311341,1.296798976991505,1.2968954212171944,1.2975046150906375,1.2980942664562272,1.297969491241325,1.2981988184246012,1.2986410654481344,1.3001979526304426,1.2994995729412513,1.2991068051176278,1.2998514707381819,1.2997662139399129,1.2998083200425588,1.2996351939528323,1.300112976438299,1.3017284420265476,1.3011731855883628,1.2994961804250442,1.3004850207458534,1.3015027761543063,1.3016738218436843,1.300901369212421,1.3017987310259003,1.303073099067587,1.3027713309103737,1.302280341776684,1.3027137999816263,1.3022097853972492,1.3024059223921682,1.3024153774080702
1987-06-30,1.370448083247659,1.370580187737868,1.3714530362595971,1.3716079264133283,1.3719430404394122,1.372819677423715,1.3735878097327328,1.3736166290198457,1.3735156761567864,1.3733713890877157,1.3726745522864439,1.3730712887292766,1.3721893263425344,1.3730614667395273,1.3729610032745192,1.372774755722778,1.3721779149593925,1.3728089159729553,1.3722161074187027,1.3734832928077365,1.3743263028122614,1.3750987132242376,1.3763253842848295,1.3778776222337237,1.380270713677962,1.3800795992514472,1.3808469205261091,1.3814985008886393,1.3809236365665558,1.3822222264173598,1.3806955013112245,1.3809342543416565,1.3797205828561767,1.3793508681521347,1.3786947193108525,1.378051744689783,1.3778741203799059,1.377657937640376,1.3769123242788628,1.3769247778680676,1.3777758750508686,1.3770873463985973,1.3774555680729244,1.3770755986003236,1.3768017221052584,1.3762111064102922,1.376339640588298,1.3755142436519823,1.375582720907758,1.376162133619466,1.375634871631926,1.3758157532709503,1.3763477293090582,1.3760092095498577,1.3759128455672376,1.3759124537091898,1.376846724727463,1.3768779254207055,1.3769584506080652,1.3775965835039499,1.3785913723687928,1.378696494933057,1.3787496142910278,1.3779578044015788,1.3786258293589655,1.379323183830056,1.3794493176304934,1.3800760406041708,1.3806443553063255,1.3805318891960676,1.3807504915400637,1.3812003031782485,1.3827844775915799,1.3820504046181306,1.3816759720417096,1.3823947111193262,1.382308105745296,1.3823514978694171,1.3821752457982759,1.3826882244796812,1.3843344709392327,1.3837562753845274,1.382046722584136,1.3830510470751949,1.3840711987636682,1.3842352441812333,1.3834459107595012,1.3843681991594061,1.385642832927715,1.3853402325864406,1.384846049923217,1.3852899472582625,1.3847800215911228,1.384982560178039,1.384985632237559
1987-09-30,1.4054612713729235,1.4056102572141793,1.4064783021285112,1.4065685837324289,1.40689461985102,1.4077705016063955,1.4085392917333945,1.4085656168457217,1.4084654189015429,1.4083039280651755,1.407563565312688,1.4079536811240452,1.4070344958851213,1.407899909767349,1.4077801607743803,1.4075823053570047,1.406978565335706,1.4075921007210117,1.4069971355706488,1.4082999964282432,1.409133777848243,1.4099259810243856,1.4111745676717806,1.412744815005218,1.4151628600347577,1.41499514246734,1.415780629285385,1.4164336085163522,1.4158629386930488,1.4171865903946053,1.4156571437513914,1.4159235503060874,1.414680319727745,1.4142958777690373,1.413607696019741,1.412949147011979,1.4127655491400521,1.4125174142962373,1.4117672429893404,1.4117698731875477,1.4126366471734235,1.4119380088420936,1.4123123200717589,1.4119210926681556,1.4116304452808959,1.411031303561472,1.41115659086972,1.4103045765301674,1.4103853232994756,1.410964370973421,1.4104213247406912,1.4106063990447946,1.4111481476228762,1.4108127130995485,1.4106940735896374,1.410703929649094,1.4116502102124193,1.411646222031434,1.4117770195528352,1.4123958992176047,1.4134240068209354,1.4135320671521086,1.4135706098433853,1.4127705017426526,1.4134464673124632,1.4141368597629196,1.4142948585723778,1.4149404843341873,1.415485447643401,1.415387060221453,1.4155932654619614,1.416051421398271,1.4176657475060943,1.4168927452733726,1.4165392160619588,1.4172291493593265,1.4171411200130346,1.4171859030297542,1.4170063242635542,1.4175429251713862,1.4192225742602023,1.4186257324100107,1.416882171156432,1.4179011218876383,1.4189249126179637,1.419081086323005,1.4182732505737805,1.4192220625946115,1.4204981770689555,1.4201947694657886,1.4196968425135297,1.4201510005973739,1.4196356539033477,1.4198440085809008,1.4198401235858857
1987-12-31,1.3934392113729241,1.3936082104299226,1.3944726953985982,1.3944981604505386,1.3948134034887683,1.3956872007559418,1.396456802011365,1.3964819624758928,1.3963855417116486,1.3962047119405292,1.3954182269540474,1.395800879883043,1.3948416435288784,1.3957002080377818,1.3955593740033625,1.395350608515337,1.3947394113250242,1.3953357135601385,1.3947383493722714,1.3960802528743275,1.3969044715548633,1.3977184000349394,1.3989910195541198,1.400580623567837,1.4030259220572892,1.4028857588126225,1.403690276364832,1.4043468019688392,1.4037818963088997,1.4051318955404974,1.403598095036497,1.4038937644079441,1.4026197504052942,1.4022185958818814,1.4014945466318203,1.4008191354771566,1.4006295987397694,1.4003462240464388,1.399590895488104,1.3995829835856264,1.400465991716826,1.3997556686227781,1.4001359110902305,1.3997317309944441,1.3994226847093518,1.3988127927647127,1.398933780576249,1.3980522282387735,1.3981441473097431,1.3987219878937762,1.3981610496164485,1.3983502993817445,1.3989006783081321,1.3985687927420039,1.3984250587273872,1.3984459191820757,1.3994032230437847,1.3993613552393525,1.3995455238487153,1.4001425804677392,1.4012070217683479,1.401317894061753,1.4013398602072673,1.4005304336010955,1.401214548268639,1.4018972606155156,1.402089428880383,1.402755490124923,1.4032749384438041,1.4031924148117563,1.4033845668416802,1.4038517986872194,1.4054992101910584,1.40468392028871,1.4043538581829809,1.405012009223132,1.404922481572637,1.404968754109564,1.404785660479735,1.4053354547863202,1.4070512434237332,1.4064396046222445,1.4046603511055964,1.40569321152326,1.406721703907468,1.40686894790155,1.4060408582136406,1.4070178397227167,1.4082965357960464,1.4079922541077674,1.4074900672686617,1.4079544497641923,1.4074340939193208,1.4076477958907063,1.407636344618548
1988-03-31,1.3293354658240095,1.3295274246099984,1.3303893202047168,1.3303491678468546,1.3306519578488514,1.3315223436965287,1.3322927859841736,1.3323180193033788,1.3322281207483382,1.3320258364058775,1.3311903638769547,1.3315647184826644,1.3305625150405118,1.3314140555379987,1.3312503576451293,1.3310311885842223,1.3304120233224996,1.3309911497064082,1.330391107981056,1.3317753636205887,1.3325895810115027,1.333427081023538,1.3347258210538588,1.3363360848833814,1.33881087814953,1.3387021533989523,1.3395266993125838,1.3401886422036628,1.3396310494205461,1.3410087262508381,1.3394691434119406,1.33979604347009,1.3384899546667133,1.3380702004226857,1.3373065470829897,1.3366129135815146,1.3364174179107962,1.336095539765112,1.3353344664651154,1.3353152128431933,1.3362151627518672,1.3354915977167894,1.335877710641674,1.3354589584810792,1.3351299060472956,1.334507181027661,1.334622925776682,1.3337089325180789,1.3338111661158443,1.3343870894449268,1.3338061702274708,1.3339996250231605,1.3345577204518195,1.3342298412329583,1.3340582920115676,1.3340909547297524,1.3350585087458666,1.334975923194807,1.335216808530958,1.3357895406833031,1.3368934112233242,1.3370069989153675,1.3370104188620824,1.336190627745013,1.3368831683296294,1.3375574541763304,1.3377862299223553,1.3384744000459123,1.3389660459067374,1.3389011862029756,1.339077643014347,1.3395546579146294,1.3412381632129822,1.3403770997857989,1.3400730692617855,1.3406963745803184,1.3406052737471743,1.3406531307746299,1.3404663411729185,1.3410200183076824,1.3427748072195516,1.342151772087996,1.3403349160910376,1.3413811305010725,1.342415246328643,1.3425523640356163,1.341702156112091,1.3427090244150068,1.3439913019148377,1.3436860100581887,1.3431790726484532,1.3436537765199534,1.3431287408635553,1.3433474309562734,1.3433277713405345
1988-06-30,1.334048718931096,1.33426640611617,1.3351263923102625,1.3350192213635161,1.3353079240994887,1.336173545355671,1.3369447239477137,1.3369711862009908,1.3368903079952257,1.3366644582587233,1.3357768557024898,1.3361420787074976,1.335093897619658,1.3359381807005295,1.3357498530330922,1.3355206114898734,1.3348930154472964,1.33545486025162,1.33485183328894,1.3362816977136682,1.3370853822958872,1.3379482221428685,1.339275145094618,1.3409073269693625,1.3434138029892415,1.343340157954486,1.3441858581293704,1.344854834452079,1.3443060867820602,1.3457128240341232,1.3441662221803985,1.3445266760749117,1.3431871667203137,1.3427470104486232,1.3419400890843585,1.341226796671687,1.3410252694670501,1.3406616312094533,1.3398942361757267,1.3398627620797676,1.3407805015607694,1.3400421503713442,1.3404341675843896,1.3399992908833804,1.33964864103833,1.3390111268591691,1.3391207846576387,1.33817145334321,1.3382833662974098,1.3388567814555714,1.3382538014949668,1.33845153567309,1.3390166445655023,1.338693224546989,1.3384912198601016,1.3385365257293882,1.3395137529504633,1.3393874598343676,1.3396886583770127,1.3402346167229495,1.3413811027527556,1.3414973371039063,1.3414802603260427,1.340649029973946,1.3413503389448747,1.3420154215229654,1.3422833806198236,1.342995472327741,1.343456901390818,1.343411528767071,1.3435706539589802,1.3440581401562315,1.3457808315129065,1.3448703713334402,1.3445949504591885,1.3451802495410354,1.3450874998274873,1.3451370333829318,1.3449463725690238,1.3454956382801222,1.347292418544309,1.3466609779909877,1.3448043855111522,1.3458635491636444,1.3469040825413572,1.347029742245737,1.346155437024713,1.3471939864803042,1.3484807536821526,1.3481742505000591,1.347662093010143,1.3481473419574992,1.347617878735127,1.3478412997880829,1.3478127553536798
1988-09-30,1.3625005351674297,1.3627466370637906,1.3636052217162493,1.3634292054543122,1.363702087412043,1.3645615807233242,1.3653332763433517,1.365362109750163,1.3652926338207467,1.3650411449959647,1.3640982195133755,1.364453321762273,1.3633560488689098,1.3641927601451571,1.3639779351733903,1.3637388168595288,1.3631023608175128,1.36364673703777,1.363040337176669,1.3645192029892463,1.3653116278958026,1.3662014929996082,1.3675586572283875,1.3692139894604713,1.3717542383114258,1.3717192205777065,1.3725873190621605,1.373264826252672,1.3727265493024763,1.3741636372199293,1.372608944803245,1.3730054198562318,1.3716309161640723,1.3711686529224845,1.3703148993194676,1.3695804687513176,1.3693728018318894,1.3689641421531829,1.3681897598342667,1.3681450864529723,1.3690816689227994,1.3683269206701623,1.3687248380271517,1.3682722749425482,1.3678983689561366,1.3672441330797096,1.367346891627178,1.3663592767909245,1.3664804001385442,1.3670508480729044,1.3664236938867547,1.3666258063141834,1.367197388536165,1.3668788917792802,1.3666438507199614,1.3667026852262318,1.3676891246774754,1.3675159335743503,1.36788123684103,1.368397997633147,1.369590375212343,1.3697091722360815,1.3696696319038502,1.3688258346867341,1.3695363029946153,1.370191322077945,1.3705011844526338,1.3712392199723018,1.3716677713739784,1.3716437758014046,1.3717839027813268,1.3722824622420449,1.374047543047034,1.3730838921005761,1.372839718671831,1.3733836583800816,1.3732891883859148,1.3733404807490217,1.37314579556165,1.373682966842573,1.37552486109144,1.3748878143166692,1.3729891518258421,1.3740608821863405,1.3751084057130805,1.3752209610632564,1.3743203814019864,1.375392421375519,1.376684490198453,1.3763764386370079,1.3758586352410984,1.376354782865803,1.3758211122388593,1.3760490997956227,1.3760109418546165
1988-12-31,1.3478901764166276,1.3481672398308426,1.3490246360486748,1.3487773787305732,1.3490326324830133,1.3498845568986746,1.3506563981145188,1.350688703644265,1.3506328628493065,1.3503536495217097,1.3493519896447352,1.3496959246485831,1.3485463373977902,1.3493750808263814,1.349131853059919,1.3488829219599656,1.348237223402327,1.3487638315874926,1.3481536407426666,1.3496849139695835,1.3504652512746393,1.3513837619924995,1.3527732134143784,1.3544528865784313,1.3570289381158038,1.3570359566663905,1.3579278131818548,1.3586151795260502,1.3580890235042964,1.3595577746867333,1.357994081438054,1.3584293216231778,1.357018165688864,1.3565321550442417,1.355628039814491,1.354870920090916,1.3546569622829017,1.3541999924437311,1.353417933485817,1.353359001095277,1.3543156198095,1.353542843232627,1.3539467023729008,1.3534749183408354,1.3530760788022986,1.3524032555290162,1.3524983622894853,1.3514694867059838,1.351599523435752,1.3521666437611843,1.3515131803375184,1.3517198041541754,1.3522974810238249,1.351984374889826,1.3517137577300824,1.3517870520546449,1.3527823801974759,1.3525589283863808,1.3529923642981077,1.3534775179161334,1.3547191697644982,1.354840456710721,1.3547764740201482,1.3539189411558494,1.354639014204559,1.3552830589713154,1.355637689727382,1.3564038480176834,1.3567966926404413,1.3567960147452518,1.3569154561796755,1.3574256605531656,1.3592364413714408,1.3582156420119809,1.3580054046145142,1.3585044879515318,1.3584082266085906,1.358461356265812,1.3582625024106998,1.358780590994626,1.3606708621118333,1.360030741880465,1.358087467206423,1.3591714724596429,1.360226426144137,1.3603240464840185,1.3593948718502589,1.360502278235147,1.3618003853595402,1.3614903691018145,1.3609665155133985,1.3614740300755652,1.3609363199194147,1.3611687939004422,1.361120251290626
1989-03-31,1.3988570144320784,1.3991674526016098,1.4000235564135286,1.3997020846695785,1.3999377808632985,1.4007805852838666,1.401552033524568,1.4015888854821115,1.4015488040273145,1.4012397585944865,1.4001757485554795,1.4005073930942755,1.3993021561768528,1.400122440818887,1.3998488495149484,1.399590058607998,1.3989347835042045,1.3994432334066669,1.3988288085205607,1.4004159246716634,1.401183252177748,1.4021319691326064,1.4035557435268244,1.4052609044298694,1.4078747250693442,1.4079270920636366,1.4088441747811813,1.4095425940979005,1.4090302441650497,1.410531989499614,1.4089585338835517,1.4094355313550384,1.4079859817823077,1.407474637222223,1.4065166452614595,1.4057352144305542,1.4055147750445594,1.4050061635314959,1.4042157044332149,1.4041413744909808,1.4051193552842312,1.4043268891200786,1.404736761684821,1.4042442357009912,1.4038187561087732,1.4031255242553513,1.4032122707401147,1.402139112212485,1.4022779149052034,1.4028414336078527,1.4021594932629469,1.4023707918452013,1.4029543236474527,1.4026470810446625,1.402338371627029,1.4024271031902613,1.4034311087001754,1.4031538569296083,1.403659683377763,1.4041108178921633,1.405405239325034,1.4055289493224532,1.4054385211674116,1.404566038957029,1.4052962116632464,1.4059283148075947,1.4063307253294708,1.407127343706871,1.4074814740455066,1.4075061148549266,1.4076031527996986,1.4081255423493764,1.409985448629814,1.408903371071448,1.4087298232580072,1.4091803947313097,1.4090822715348503,1.4091373132321068,1.40893415563504,1.40942673469196,1.4113687885945696,1.4107279178669563,1.4087372878375395,1.409833345638593,1.4108960416892562,1.4109767017271269,1.4100164612609063,1.4111611749289867,1.4124659903858523,1.4121535123363573,1.4116232244847982,1.4121426820670098,1.411601057292784,1.4118380135230648,1.4117782702235548
1989-06-30,1.400082265096222,1.4004283569853957,1.4012827145294153,1.4008834567962165,1.4010974938579182,1.401929480628114,1.4026998116846967,1.4027422703057921,1.4027200017971593,1.4023789836818645,1.4012488143630717,1.4015669515285496,1.4003026141400685,1.401113838962338,1.4008078530745953,1.4005390653803087,1.3998739312387838,1.400363763394441,1.399744644592936,1.4013910785501134,1.4021443910494409,1.4031248194697477,1.4045849424979469,1.4063166902808688,1.4089701785045652,1.409071148183761,1.4100150255008874,1.4107255902768712,1.410228772993512,1.4117648608005957,1.4101810185926829,1.4107029858330764,1.409213223629606,1.4086750021836918,1.4076596121233407,1.406852178212269,1.406625030123717,1.406061388486792,1.4052617629371311,1.4051708217098533,1.4061716127678308,1.4053577586426678,1.4057737323485795,1.405258945215509,1.4048050818758604,1.4040896447043656,1.4041673516256714,1.4030468321963196,1.403194381022827,1.4037540971967908,1.4030414701999705,1.4032576333311206,1.4038468969225542,1.4035459978281135,1.4031966869118648,1.40330187932248,1.4043144383275594,1.4039796695878164,1.404562366453607,1.4049770523591245,1.4063278554709902,1.4064539228811872,1.4063350108465762,1.405446317972179,1.4061871297169324,1.4068062629397662,1.4072596101514416,1.4080891829627438,1.4084014068899764,1.4084534359139544,1.4085263132874348,1.409061396911246,1.410973974508489,1.4098263108474107,1.409692283411446,1.4100905178699332,1.4099904630302786,1.4100474879415033,1.409839900814951,1.410300978884818,1.412298365546118,1.411658910161233,1.4096179892641265,1.4107259277062956,1.411796557422143,1.4118580314319895,1.4108640997660873,1.4120481255275699,1.4133602613862035,1.4130447438829683,1.4125076562749144,1.413039733450913,1.4124942845601196,1.4127357862618426,1.412663979676142
1989-09-30,1.399377206884185,1.399761090312594,1.4006128554907882,1.400131611015323,1.4003216607514792,1.4011409458351005,1.4019092279805,1.4019583506439623,1.4019559149802554,1.401580740439754,1.4003804208065738,1.4006837231987415,1.3993567182437154,1.400158154445223,1.3998176583395803,1.3995386686860196,1.3988634487681546,1.3993341571769875,1.3987098780047684,1.4004191499886394,1.4011573736519345,1.4021709662863289,1.4036694511280938,1.4054288315817767,1.4081238110599155,1.4082766172506125,1.4092489482918782,1.4099726829511152,1.4094931700052338,1.4110649661192602,1.4094702400636203,1.4100405789272883,1.408508716101565,1.407942108748563,1.4068657735256838,1.406030576352921,1.4057964588762024,1.4051743291872418,1.4043647196277407,1.4042558832195358,1.4052810427789821,1.4044440597721262,1.4048662243284684,1.4043276480355575,1.403843613279606,1.40310417955397,1.4031721819912408,1.402001159323413,1.4021575398298156,1.402713311803478,1.4019677385599247,1.402188978519457,1.4027839445823391,1.4024898769504919,1.4020974467356677,1.402220169016252,1.4032412198324626,1.4028450409291633,1.403509299112692,1.4038850753708645,1.4052959908594826,1.4054243467233187,1.4052748672782942,1.4043686530007071,1.405120682199945,1.4057257524308437,1.406233335851407,1.4070985109354543,1.4073654480158058,1.4074470099429914,1.4074939231540862,1.4080421783376327,1.4100110966960702,1.4087933576013518,1.4087017691015626,1.4090436632260497,1.4089416078249093,1.4090006837168048,1.4087885506079052,1.4092124491549238,1.4112688613788036,1.4106328810972222,1.4085385517596996,1.4096582308571064,1.4107368719992135,1.4107767300801357,1.4097463249943334,1.4109717298795448,1.412291748744898,1.4119725344408103,1.411428298645278,1.4119737647598383,1.4114245561838055,1.4116707254323928,1.4115859451876958
1989-12-31,1.4433537080143528,1.4437773662964388,1.4446252485427364,1.4440571458075593,1.444220593768159,1.4450250634416866,1.445790131994579,1.445846983182073,1.445866402731296,1.4454548357242814,1.4441802065127716,1.4444672186402316,1.4430738642247984,1.4438646346581607,1.443487414036016,1.443197971828584,1.442512500555645,1.4429635571068868,1.4423336567840306,1.4441093350230743,1.4448313446725194,1.4458795029964413,1.4474183453507377,1.4492063433547817,1.451944553020633,1.4521524458087454,1.4531549693705215,1.4538928644943832,1.4534324739416546,1.4550413618318896,1.4534353723921192,1.4540576379980388,1.4524817279939617,1.4518852511454408,1.450744380262953,1.449879594571389,1.4496382162038202,1.4489540604835403,1.4481335892874947,1.448005510179648,1.4490566922967534,1.4481947929655354,1.448623224923017,1.4480593128865495,1.447543269297649,1.4467780350547002,1.4468356672317326,1.4456109282649459,1.445776308609664,1.4463280395167741,1.44554720437406,1.4457737517988551,1.4463744614557872,1.4460877215009411,1.4456496315149958,1.445790996460186,1.4468205133054162,1.4463588594804793,1.4471095659354374,1.4474439275031667,1.4489188036041107,1.4490493709162742,1.4488671868731826,1.4479420901629474,1.4487059482811913,1.4492957944413196,1.4498610506153229,1.4507646235992064,1.4509827036777605,1.4510960236523962,1.4511151164200509,1.4516769886287695,1.4537060412985785,1.4524135557507591,1.4523674211650854,1.452648787572343,1.4525446637596462,1.4526058551022527,1.452389069031274,1.4527703021240796,1.454889571588742,1.4542590704392544,1.4521080454268278,1.4532393383903361,1.4543259624341123,1.45434156803217,1.4532717497752552,1.4545406600364432,1.455869083245036,1.4555454362981273,1.4549937197478429,1.4555534287704408,1.4550005072339434,1.4552515163397355,1.4551528036039334
1990-03-31,1.4890314123675095,1.489496653820614,1.4903388551077734,1.4896782988947606,1.4898121785476037,1.4905994423520097,1.4913598703828583,1.4914255303474648,1.4914688656075286,1.4910186100387803,1.489665360832947,1.4899344802074932,1.488470983807384,1.4892500390653558,1.488833766840313,1.4885336000971028,1.4878377797359081,1.4882686608780693,1.4876326987361728,1.4894783988919542,1.490183038328392,1.491267111802782,1.4928482819308362,1.4946658118527667,1.4974488923941571,1.497715174258814,1.4987496958897006,1.4995027439510937,1.4990633388557855,1.5007107193561382,1.4990931965827154,1.4997710544742184,1.4981491041689614,1.4975212924263879,1.4963122362996018,1.4954159765666222,1.4951670176422265,1.494417209591829,1.4935849295323713,1.4934362048521292,1.494515143091394,1.4936264909815171,1.4940612369478816,1.493470415027636,1.4929204706064474,1.4921276014605795,1.4921741808690279,1.4908924379932642,1.4910670453508659,1.4916146680809623,1.4907961949339463,1.4910282943452755,1.4916348348683126,1.4913559266630898,1.4908696011867635,1.4910307626915034,1.4920687279790097,1.4915373710245579,1.4923795888729485,1.492669975917241,1.49421277390416,1.4943454625661787,1.4941283759449973,1.4931829856587082,1.4939593105097089,1.494532700787719,1.495159194604535,1.4961041008070977,1.496269564999848,1.4964169523233035,1.4964063108114742,1.4969822120468477,1.4990753141045887,1.4977032326886321,1.497705669962293,1.4979221341802114,1.4978158754316337,1.4978792434272878,1.4976577071724593,1.497990862426434,1.5001769524747748,1.4995539289233721,1.497342766366465,1.4984855402629103,1.4995800192866546,1.4995685277759985,1.4984562001746158,1.4997707965826388,1.5011081120516825,1.5007792195090501,1.5002197047291403,1.5007945865781223,1.5002379896295919,1.5004940523844534,1.5003803997626546
1990-06-30,1.4404026892633617,1.4409111187537735,1.4417452586785786,1.4409858646586615,1.441086784432788,1.4418541240222509,1.4426081888279878,1.4426837608527783,1.4427531457028466,1.4422618393276005,1.440825529968334,1.4410749865455907,1.4395374522848745,1.4403035429920765,1.439845764984268,1.4395346059185696,1.4388284146597785,1.4392386307906924,1.4385962031570398,1.4405155843097703,1.4412016900655982,1.4423229732120524,1.4439484046412598,1.445796298494477,1.4486257747444702,1.4489538363414112,1.4500222132111018,1.4507914463200082,1.4503749305186624,1.452062220911409,1.4504329974504646,1.451170172517614,1.4495001557491956,1.4488395561013974,1.4475585928364,1.4466289201085893,1.4463720353894582,1.4455528547829248,1.4447077385620857,1.4445369203652407,1.4456454091171629,1.444728117890402,1.4451691756582514,1.4445498339443827,1.4439640382387244,1.443141652127097,1.4431764627708157,1.4418343528469615,1.4420184486901224,1.4425619100913918,1.4417033600228815,1.441941264921954,1.442553744255744,1.442283178557964,1.4417459957749235,1.441928144948272,1.4429745197796622,1.4423690802181444,1.4433080229777844,1.4435518120019035,1.4451665976569688,1.4453012989985383,1.4450470454807953,1.4440799017402217,1.444869349914057,1.4454249795994012,1.44611639194595,1.4471056955174246,1.4472145999237385,1.4473984499559251,1.447356099397386,1.4479464057203841,1.450107587587197,1.44865088994684,1.448705124128033,1.448852124857844,1.4487436663072601,1.4488092688188559,1.4485828953835251,1.4488625155009405,1.4511195100927539,1.4505060074081828,1.4482311290149084,1.4493852245064365,1.4504873376161578,1.4504456959922627,1.4492876096069975,1.4506501206626434,1.4519967903753097,1.4516617637389018,1.4510941480852488,1.4516851992787754,1.451124964098197,1.4513863268090503,1.4512566789144978
1990-09-30,1.4504403986496057,1.450993380195282,1.4518164077639808,1.4509509232634905,1.4510149854715353,1.4517592989305712,1.452504943848504,1.452591559924495,1.4526892365280442,1.452154446799995,1.4506305340349557,1.4508583677156905,1.449242807248173,1.4499944520537844,1.449492572419763,1.4491701848763276,1.4484536864392348,1.448842814509357,1.4481935743830585,1.4501903312396036,1.4508567602594968,1.452016487303948,1.4536880617583159,1.4555670548857487,1.4584443135726273,1.4588376693160465,1.4599417924812013,1.460728322638432,1.460336633241252,1.4620652655135626,1.4604242707824313,1.4612244863744512,1.4595043590849022,1.4588095267087984,1.4574528516582497,1.4564877827794356,1.4562226040078379,1.4553302341382701,1.4544711627863065,1.4542767706941064,1.4554166437345277,1.4544687781118477,1.4549160752701618,1.4542665606740133,1.45364290195422,1.452789052269487,1.4528113268089449,1.451405413430089,1.4515992673788278,1.4521385115455054,1.4512373827908314,1.451481350223459,1.4520998700150642,1.4518381622175716,1.4512474452906785,1.4514518051451946,1.452506497607485,1.4518224616210058,1.4528634604858846,1.4530579576224363,1.4547488880107342,1.4548854687824642,1.454591713976099,1.4536013109431063,1.4544045491854005,1.4549410391454949,1.4557011502592732,1.4567380300823698,1.4567862526669817,1.4570090466492744,1.456932949670799,1.4575379975228877,1.4597713945943045,1.4582249017530104,1.4583342663492855,1.4584070595455763,1.4582963384047805,1.4583642297672879,1.4581329430572147,1.458353407361562,1.4606854955270479,1.46008365266602,1.4577413657464169,1.4589065756413515,1.4600160149014398,1.4599409627799398,1.4587337204636508,1.4601464131393564,1.4615028802628733,1.4611607572797953,1.4605847532600866,1.461193026717762,1.4606291993048421,1.460896131521316,1.460749386340482
1990-12-31,1.4688628625654063,1.4694614718701315,1.4702695624101387,1.4692897717967945,1.4693124823669659,1.4700302235142557,1.4707650145952642,1.4708638393050961,1.4709921926973983,1.4704114148669722,1.4687952851936141,1.468999321120622,1.4673016686699725,1.4680371173834919,1.4674883837264383,1.467154592809029,1.4664279477244044,1.4667956675855727,1.4661393475127689,1.468217198399479,1.4688628602554694,1.470062197070333,1.471781725135938,1.4736924391575146,1.4766187014292156,1.4770810250042368,1.478222798630182,1.4790278610156233,1.4786629571738743,1.4804343752952638,1.4787816308519142,1.4796485363641545,1.4778762535113932,1.4771457493480808,1.4757094678157188,1.4747069874540752,1.4744331258872376,1.4734636545097703,1.4725894044730812,1.4723699410577555,1.4735430468843567,1.4725626256533086,1.4730159952411066,1.472334604948723,1.4716710085449407,1.4707836676229553,1.4707925681882994,1.469319347641487,1.469523209537585,1.4700581599815696,1.4691118905542435,1.4693621750374952,1.4699868018320197,1.4697344689111298,1.469087479213349,1.4693152976916835,1.4703781285311393,1.469610870430872,1.470759333421054,1.4709017701841645,1.4726730749803723,1.4728113707224493,1.4724757084963769,1.4714604987702695,1.4722781941201886,1.4727940900380672,1.4736267578409086,1.4747144896282423,1.4746977408231188,1.474962043294466,1.4748501001933105,1.475470181349475,1.4777800187658474,1.476138411123907,1.4763063462512718,1.476300013653331,1.4761869697309804,1.476257200430755,1.4760209361666705,1.4761763415338591,1.4785877965800451,1.477999899902629,1.4755864239095122,1.4767624702597193,1.47787884613568,1.4777669183443534,1.4765069836362597,1.4779721512353778,1.4793388468756767,1.4789885936293672,1.4784039298796448,1.479030523668968,1.4784631685156084,1.4787359533450972,1.47857096453918
1991-03-31,1.4140243262192713,1.414669291864915,1.415457727293716,1.4143543402224044,1.4143305080720006,1.415017620221833,1.4157386972324528,1.4158509295851962,1.416012521956716,1.415383179761875,1.4136701895025252,1.4138480108862408,1.412064143073289,1.4127813343238016,1.4121828224428246,1.4118375467056332,1.4111010254451648,1.4114471605289571,1.4107835991440967,1.4129462692638903,1.4135701636072464,1.4148101966533937,1.4165793936253523,1.4185223163580458,1.4214986044369895,1.4220337643688108,1.423215081411069,1.4240400812786995,1.4237039286658602,1.4255195847412665,1.4238552008769756,1.424792285905571,1.4229658203393836,1.4221982106347606,1.4206783341424147,1.4196364100699985,1.4193534590196848,1.4183028832924856,1.4174121120228933,1.4171660813919629,1.4183742548012743,1.4173592561822848,1.417818408908223,1.4171033847744112,1.4163977127200689,1.4154747556618281,1.4154693530838063,1.413925264539744,1.414139334367135,1.4146698748439763,1.4136758482107772,1.4139326949035051,1.4145634291268077,1.4143209854463827,1.4136149182060695,1.4138674592742029,1.4149381244774595,1.4140829356177496,1.4153442972685941,1.4154318290990993,1.41728778561616,1.4174275933025546,1.417047546489693,1.4160059473880835,1.4168387558587465,1.417332528373953,1.4182416609703927,1.419383594904735,1.419297432577105,1.4196058860032705,1.419455937263897,1.4200912922437734,1.4224818640370978,1.4207397059681979,1.420969752800143,1.4208792156504946,1.4207637919826235,1.420836408188294,1.4205951150787945,1.42067915564905,1.4231743082712651,1.4226028444029617,1.420114342785701,1.421300852252413,1.422423698592815,1.4222712297181666,1.4209549385815614,1.4224748852590057,1.4238522348588063,1.423492748262086,1.422899171256321,1.423545216048298,1.422974426405942,1.4232533502953777,1.4230689306032651
1991-06-30,1.4081021467723853,1.4087937786378575,1.409556809116396,1.40831932966488,1.4082429544334143,1.4088947980404054,1.4095988192113196,1.409725692131426,1.409923296798664,1.4092427461358827,1.4074282699003646,1.4075771880927155,1.405702949259069,1.406399461989609,1.4057480602346906,1.4053913468486905,1.4046453449870686,1.4049699079585771,1.4042990807200242,1.4065502800755691,1.407151540123678,1.4084332620596935,1.4102537183491457,1.4122291803776974,1.4152562776312205,1.4158683730362274,1.417091086824767,1.4179376506346217,1.4176322010070521,1.4194935501542085,1.4178177237420655,1.4188282166700668,1.4169455801974378,1.4161394382195023,1.414531884804772,1.4134484869394544,1.4131560243396322,1.4120202603325271,1.4111114901767279,1.4108374202661838,1.4120824495623703,1.4110308192736696,1.4114953117765188,1.4107448357539338,1.4099948879047333,1.4090340767196772,1.4090133279023744,1.4073947684340928,1.4076191636637456,1.4081451173941204,1.4071006716436023,1.407364308629252,1.4080010509364942,1.4077690027450083,1.4070009854021162,1.4072795179030202,1.4083575476663417,1.4074096728313363,1.40878933292275,1.4088190409085701,1.4107639418662465,1.410905011715626,1.4104780355269286,1.409408437548107,1.4102569911071678,1.4107270370271716,1.4117165584437035,1.4129160916150916,1.4127559411455604,1.413111257326083,1.4129210887082362,1.413571898455372,1.4160475402049393,1.4141993123015033,1.4144951032540614,1.414315142047886,1.4141972856534273,1.4142723285807561,1.4140259697820685,1.4140318148042343,1.4166150191427318,1.4160627293157175,1.4134953475861511,1.4146918247734783,1.4158206033706897,1.4156237346875375,1.4142473111752798,1.4158243326087752,1.4172127619971482,1.4168428728087326,1.416240149386977,1.4169067943536582,1.416332703215962,1.4166180450650017,1.4164129709967483
1991-09-30,1.4028321718903753,1.403570275193876,1.4043009599740852,1.4029175344745715,1.402781681207635,1.4033929547752282,1.4040760346586398,1.4042188117860464,1.4044554468209074,1.4037209828375112,1.4018004716683545,1.4019174931835625,1.3999487270109228,1.400621725043027,1.3999141182471453,1.399546181594661,1.3987912372088322,1.3990944813115866,1.3984165360247207,1.4007599313308914,1.401337874288482,1.4026621658758653,1.4045353112803498,1.4065434588240746,1.4096218624551156,1.4103152591001669,1.4115811502020297,1.412451181686095,1.4121783468018072,1.4140868405881748,1.4123998542239893,1.4134866028396322,1.4115458697282817,1.410699779900753,1.40900037897856,1.4078735027629667,1.4075710937903274,1.406345991207968,1.4054175913763867,1.405114060528442,1.4063976496785924,1.4053073120872974,1.4057765106532172,1.404988701367298,1.4041922181900486,1.4031911862539475,1.4031539093838032,1.4014572544962771,1.4016919743869711,1.4022130813848537,1.4011155223942837,1.401386151928977,1.4020286664510755,1.4018075048873344,1.4009745984996413,1.4012803824211575,1.4023650959324947,1.4013197783583426,1.4028230279947522,1.4027919242030518,1.404830037148647,1.4049720634819713,1.4044955520227298,1.4033963298281078,1.4042612214065815,1.4047058661819358,1.4057796743034905,1.4070402170977445,1.4068013974163718,1.4072063451729495,1.4069736957487164,1.4076400713667903,1.4102051253813537,1.408245265537548,1.4086105095477643,1.4083357907743705,1.4082154535503897,1.408292958641335,1.408041513533152,1.4079616826541705,1.4106372742110738,1.4101072104386034,1.407457121462811,1.4086629198890173,1.4097970246670188,1.4095517139462221,1.408111290459684,1.4097476500972739,1.4111475911988447,1.4107660677043405,1.4101539885151253,1.410842385367882,1.4102651773011656,1.4105571967559514,1.4103302147920784
1991-12-31,1.3835129673727031,1.384296740545943,1.3849867655862265,1.3834440067166192,1.3832406659518666,1.383805319538876,1.3844629592782085,1.3846229286859866,1.384901890151597,1.3841107582623309,1.3820798089183632,1.3821615990737721,1.3800941873985302,1.3807403562179008,1.3799730091817146,1.3795942733784952,1.3788310869083,1.3791135637941636,1.3784288615856912,1.3808680414108934,1.3814222268336525,1.3827898347232779,1.3847168957809846,1.3867576594665945,1.3898875249391125,1.3906668917373213,1.3919776293987203,1.3928733713328822,1.3926349904119801,1.394592068667944,1.3928942911447642,1.3940596225959732,1.392058955786083,1.3911715205098083,1.3893760229055259,1.3882037176704383,1.3878909174443188,1.3865722802977198,1.3856224466685079,1.3852881151418968,1.3866118401102236,1.3854807129088131,1.3859537519927487,1.3851266625907266,1.3842813298424645,1.383237566669175,1.38318241392109,1.3814040443635127,1.381648930697885,1.3821648228842487,1.381011442058197,1.3812892306194833,1.3819371045879882,1.3817272969875438,1.3808265010740253,1.3811607708402418,1.3822512262361855,1.381103762581733,1.382735695720454,1.3826407326394232,1.3847762497925689,1.384918860804418,1.38439015713827,1.3832596834381568,1.3841414496629076,1.3845589513468273,1.3857208668736516,1.3870458023576728,1.3867235588991464,1.3871809474817578,1.3869035210508358,1.3875854913603436,1.3902442632766523,1.3881672179534186,1.388605680120918,1.3882307910877225,1.3881079308607949,1.38818792675462,1.3879313930642594,1.3877576283331245,1.3905298725252555,1.3900254559884395,1.3872889136460456,1.3885032039884806,1.389641964872492,1.3893439996321688,1.3878356425286156,1.3895335427655078,1.3909454389763767,1.3905509914949201,1.3899293754596966,1.3906406602896608,1.3900605842575744,1.3903595090170948,1.390109343558052
1992-03-31,1.358901173414856,1.3597290878114383,1.3603685574776527,1.358651341913092,1.358371273466678,1.3588824140784936,1.359509423330675,1.359687887710328,1.360012782425067,1.3591621938253853,1.3570166308408849,1.3570594736616888,1.3548893834958857,1.3555048583172808,1.3546739988254957,1.3542851447198532,1.353514601535605,1.3537772264596006,1.3530863889438174,1.3556248212295239,1.356155118457446,1.3575666283942713,1.359548577951257,1.361621637063438,1.3648027132768688,1.3656730593500694,1.3670301567366194,1.36795425927428,1.367752059079791,1.3697591398827549,1.36805102804534,1.3692965851033034,1.3672342654170724,1.3663041148866983,1.364408208733224,1.3631886117742238,1.3628649681645801,1.361448582222256,1.3604753147090853,1.360108961849701,1.3614742202529038,1.3603002331570415,1.36077596797894,1.3599075853996248,1.359011040945812,1.3579218772784725,1.3578473046424606,1.3559836403743166,1.3562383340521587,1.3567485077985042,1.3555366050275734,1.3558216719798792,1.3564742711542197,1.3562762504220687,1.355304511684657,1.3556684560306687,1.3567633948211295,1.3555092015659667,1.3572746098546695,1.3571126945114487,1.359349671648509,1.3594924179442285,1.3589088282109192,1.3577454909865605,1.3586445922953003,1.3590331472388772,1.3602868523385476,1.3616794875673426,1.361269033231539,1.3617816908035727,1.3614571711735068,1.362154667823365,1.3649113733688554,1.3627116605582008,1.363227135321934,1.3627466282947944,1.3626212100466002,1.362703717318081,1.3624421136290055,1.3621652474380017,1.365038277405852,1.3645633594598996,1.3617367619546434,1.362958497165461,1.3641011836940864,1.3637461985359962,1.3621659399378943,1.363927487494388,1.3653517987304704,1.3649430851293445,1.3643117850505668,1.3650470575917097,1.364464440936042,1.3647704528846885,1.3644958162268856
1992-06-30,1.3149915011870759,1.3158611604006407,1.3164383602904945,1.3145295969291306,1.3141621555138971,1.3146119436151387,1.3152023532973938,1.31540061609914,1.315775393820917,1.3148625461478045,1.3125985185082067,1.3125982725072058,1.3103216124006758,1.31090189646848,1.3100034978206558,1.309605515074412,1.3088287110196215,1.3090728363751496,1.3083767998376954,1.3110177808469523,1.3115244467654046,1.3129802516949924,1.315017749713109,1.3171224914530053,1.3203540455693303,1.3213207580093025,1.3227255203720896,1.3236811168874527,1.323516663389581,1.3255751309876076,1.3238572330191083,1.3251837832542541,1.323058241912494,1.3220840472762836,1.3200833805625223,1.3188147577494964,1.3184798143236465,1.3169614822822198,1.3159625594640487,1.3155631273523793,1.3169710804793433,1.3157521985057852,1.316229150905871,1.3153173967376244,1.3143672397891366,1.313229833023196,1.3131340668333449,1.3111816091260375,1.3114455019734204,1.3119492876812218,1.310676200253641,1.3109686049245965,1.3116250241831848,1.3114391759692268,1.3103934013948306,1.3107881393295842,1.3118859245066228,1.310520617439698,1.3124238659596503,1.3121918793576377,1.3145341621771258,1.3146765039113162,1.3140353160716447,1.3128375396215821,1.3137543373788303,1.3141120879466106,1.3154610531110915,1.3169245611481462,1.316421126490476,1.3169918729709915,1.3166179436529093,1.3173307834886114,1.32018948399799,1.3178617695959671,1.318458046509394,1.3178664935623874,1.3177384908498637,1.3178235204862703,1.3175568891713803,1.317166707306729,1.3201444494270356,1.3197033756649486,1.3167833399282889,1.318011216774756,1.319157041520692,1.3187405402772947,1.3170844170461953,1.3189115817272499,1.3203487891487569,1.319924421571594,1.3192833310216605,1.3200436309114254,1.3194588946684518,1.3197721146279506,1.3194717192784529
1992-09-30,1.3474291068937236,1.3483370832120067,1.3488382108352317,1.3467185762996858,1.3462515169232308,1.346631053256365,1.347178018215648,1.3473973651612592,1.3478263500503698,1.3468484539293548,1.3444625484325856,1.3444145978400164,1.34202768485636,1.3425675568249846,1.3415973198680324,1.3411915647844614,1.340409834986965,1.3406373332620414,1.3399374107801214,1.3426840044175261,1.3431677729484204,1.344668035449763,1.3467613599713908,1.3488968332080458,1.3521775639124416,1.353246446374726,1.354699911168695,1.3556907026603662,1.355565343118712,1.3576765335328211,1.3559494937320622,1.3573567077946715,1.3551665625691072,1.354147052824892,1.3520372634896758,1.3507180573299864,1.350371356471432,1.348746941906953,1.3477198925837683,1.3472865370736833,1.3487380432033573,1.3474722951561242,1.347948591797482,1.3469913249142687,1.3459851279968373,1.344796447954958,1.3446774476562198,1.342632830434991,1.3429050115173873,1.3434015397980021,1.342064678090175,1.342364405027822,1.3430234134154093,1.3428500607968417,1.3417271357091802,1.3421536880099967,1.3432522349723581,1.3417717236392337,1.3438166048572926,1.3435114274619953,1.3459625636783628,1.346103856111591,1.3454023639682586,1.3441686343284478,1.3451033645157675,1.3454284091436721,1.3468758065780497,1.3484131578726104,1.3478120519023977,1.3484436653505574,1.348018034292392,1.3487458986454413,1.351710423744927,1.349249613257039,1.3499304343037217,1.34922249444859,1.3490918910411662,1.3491794426262287,1.3489078532510568,1.348392952170251,1.351479037527226,1.351076715372863,1.3480601641783723,1.349292580713029,1.3504407025840122,1.3499580860943965,1.3482221870533755,1.3501167529687994,1.3515673633820773,1.351125916421819,1.3504749780675376,1.351261257629474,1.3506749333806767,1.3509954042519008,1.3506679779336568
1992-12-31,1.3015680497970814,1.3025096950433863,1.302918554754434,1.3005661925285756,1.2999854534182957,1.3002846552571974,1.300780345879678,1.3010220211875614,1.3015099423687362,1.3004642546841545,1.2979536283125057,1.2978528292910019,1.2953522680233571,1.2958456771383131,1.2947990117925152,1.294387271623398,1.293602222894911,1.2938155802471472,1.2931135327685295,1.2959684990946865,1.296430683980082,1.2979752923836645,1.3001242594451488,1.302289122395286,1.305617060235649,1.3067943725013458,1.3082972403703312,1.309327589589528,1.3092423837450822,1.3114075677560828,1.309672132870678,1.3111583276094678,1.308902422959611,1.3078364060303835,1.305613160615452,1.3042420468043108,1.3038831330395937,1.3021486143362169,1.3010906856365128,1.3006228358094303,1.3021183736395239,1.3008038865097207,1.3012771884091134,1.3002722095995929,1.2992075336070095,1.2979643486943289,1.2978197653311894,1.2956798169988755,1.2959590126485225,1.2964471766217986,1.2950440674983428,1.2953510096522847,1.2960109890993512,1.2958503744381091,1.2946471861446731,1.2951064417585705,1.2962031410896866,1.294603740294764,1.2967933031995462,1.2964118472979118,1.2989749824948673,1.2991144597646722,1.2983499929917186,1.297078888347158,1.2980316313510536,1.2983220373101623,1.2998706389751662,1.301484520575222,1.3007812037111999,1.3014763793346158,1.3009968093930127,1.3017392199152158,1.304813075592212,1.3022144233334778,1.3029834305897865,1.302153930952758,1.3020207227118017,1.3021107822806788,1.3018343355271664,1.301181972920113,1.304379632775823,1.3040216031158858,1.3009058667181421,1.3021408751301304,1.3032904026275312,1.3027370030633876,1.300917525687187,1.3028810338977295,1.3043455838329674,1.3038856044089329,1.3032248199458019,1.304037912962522,1.3034506614401171,1.3037783294802328,1.3034226332240253
1993-03-31,1.1845147305387926,1.1854839582477155,1.1857816164569375,1.183171795642092,1.182461256221107,1.1826687221282508,1.1831042038174093,1.1833693803925684,1.1839214013949633,1.182805266231024,1.1801678001464158,1.180008421481582,1.1773911967064223,1.1778311443695362,1.1767031506454626,1.1762877151842386,1.1755012623580718,1.1757036841364377,1.175001801654725,1.1779675132854739,1.178410125903828,1.1799986433808403,1.1822025145282469,1.184394975745077,1.1877673690440511,1.1890598676866437,1.19061242310387,1.1916874596988716,1.191643098608192,1.1938634617958261,1.1921204889837087,1.1936823306223427,1.1913597821871953,1.1902461706764071,1.1879052126861152,1.1864811663042434,1.186109589876862,1.1842611254814033,1.183169247104489,1.182666674284926,1.1842062551489945,1.18284129521984,1.1833087174673664,1.1822537762999366,1.1811281890241068,1.179827052801759,1.1796541826552143,1.1774159997927098,1.1777005064731463,1.1781789196517443,1.1767072586220824,1.1770211981613743,1.1776800750057972,1.1775323386088452,1.1762458063732875,1.1767384830238772,1.1778301140559595,1.1761086747712413,1.178445025802304,1.1779842756679404,1.180662030700346,1.1807987875793597,1.1799687485869184,1.1786589753690748,1.1796296213336217,1.1798834406099203,1.1815354988115727,1.183228219707142,1.1824183906305747,1.183179691383208,1.182644037324456,1.1834003279442755,1.186586588000616,1.1838458262200333,1.184706498520053,1.1837505315547656,1.183614728583266,1.1837072661080044,1.1834260982756077,1.1826220358994148,1.1859339789636794,1.1856264923702287,1.1824094267016165,1.1836446809397414,1.184794675458342,1.184165798236244,1.1822591161794103,1.1842927976067115,1.1857718570666915,1.185291876296668,1.1846213181892338,1.1854619040710601,1.1848745357630945,1.1852092297155292,1.184824079484419
1993-06-30,1.1493348304747404,1.1503238660086463,1.1504882622829335,1.1475929915414702,1.1467342027288019,1.146837064817007,1.1472021641686942,1.1474919069127891,1.14811365372083,1.146924552045559,1.1441590301473488,1.143934687854467,1.141198272615778,1.1415766787646235,1.140362127274408,1.1399458686266826,1.1391602752167866,1.1393558049054542,1.138656998998302,1.1417353439294278,1.142161228085014,1.1437928339114118,1.1460502098162864,1.1482679618061116,1.1516811464687575,1.1530961267648465,1.154698146976144,1.1558238850878886,1.1558205959526742,1.1580972154118019,1.1563476819118272,1.1579798439247047,1.1555900877637744,1.1544279299541165,1.1519651392210088,1.1504875118820808,1.1501028326161924,1.148136839138218,1.1470075832660642,1.1464704808822912,1.1480535482806247,1.1466365698261627,1.1470945902189218,1.1459873944169705,1.1447984929951405,1.1434357312204593,1.1432314639549321,1.1408924984656286,1.141180107497961,1.1416470566666994,1.1401047699768618,1.1404253564233104,1.1410805247680633,1.1409456799333046,1.1395727920992829,1.1400993903117707,1.1411820242903974,1.1393360866101525,1.141820158575703,1.1412772194935918,1.1440715469541196,1.1442045183417122,1.1433064269088704,1.141956862359302,1.1429450715075995,1.1431603602598472,1.1449174684219128,1.146690849105938,1.14577054746709,1.1466003450718545,1.1460065979922396,1.1467758825181507,1.150077061157899,1.147190551818106,1.148146128905057,1.147059167879287,1.1469207969730923,1.1470157634328564,1.146730051580694,1.145758389281986,1.1491866583115617,1.1489367564543838,1.145616880160591,1.1468495776501286,1.1479990569095873,1.147290031354991,1.145292774358616,1.1473974716532018,1.1488916475246842,1.148390194918266,1.147710020167616,1.1485785828514836,1.1479920808786799,1.1483334886416454,1.1479177809896417
1993-09-30,1.068942239924382,1.0699413347509603,1.0699468439412707,1.0667344357263437,1.0657063195467225,1.065690082166435,1.0659732385527394,1.0662884598393658,1.0669860472379373,1.065721656543853,1.0628279719028082,1.0625315571323375,1.0596740382714795,1.0599815908282277,1.0586749028018567,1.0582613643221759,1.0574792879249466,1.0576729411533528,1.0569808502976923,1.0601731195245119,1.060586105378597,1.0622595274834854,1.0645682259778941,1.0668083706916602,1.0702576220362583,1.0718029612610809,1.0734536120161837,1.0746370819236686,1.0746745170646146,1.0770083343735584,1.0752533489753313,1.0769481186448635,1.074490965652164,1.073279482384768,1.0706909469128307,1.06915955632582,1.068761347826528,1.066674592699058,1.0655041290574974,1.0649332047877695,1.0665585195837481,1.0650882221605045,1.065532577320865,1.0643708049585872,1.063116242732156,1.0616879409261548,1.0614487015342347,1.0590068629967864,1.0592947760600289,1.0597481684936223,1.0581334864816292,1.0584602117984927,1.0591084476291346,1.0589863516077522,1.0575242108096525,1.0580849604683604,1.0591538519968657,1.057181823105419,1.0598131078130002,1.0591852651553597,1.0620972821110806,1.0622252199750448,1.0612567667043518,1.0598665087830696,1.0608716660394106,1.061046508157192,1.0629094391179883,1.0647646832156532,1.063730410394901,1.0646308154773423,1.0639771556476711,1.0647582904838258,1.0681761935046503,1.065141105791001,1.0661944982449165,1.0649725335225093,1.0648316409581615,1.0649289649426235,1.0646389327442691,1.0634819324960905,1.0670277374444372,1.0668433403471231,1.0634199932241877,1.0646468099213435,1.065794751627413,1.0650009917031915,1.0629101396147607,1.065086216512514,1.066596155627666,1.0660717759673455,1.0653822421550578,1.0662790229874897,1.0656945685552535,1.0660422110386236,1.0655949533689846
1993-12-31,0.9971326865368615,0.9981297924389693,0.9979467324153639,0.9943813120441063,0.9931598271906739,0.9930081908624377,0.993196291994729,0.9935376982290419,0.9943177540749963,0.9929760193539181,0.9899554122736118,0.9895790118297054,0.9865992352374098,0.9868252206780352,0.9854204475033097,0.9850139430032878,0.9842384859103305,0.9844364013721072,0.983755510622448,0.9870622687209802,0.9874673482996172,0.9891807860965144,0.9915377027370975,0.9937966680972341,0.9972760326064778,0.9989602348578566,1.0006579512256137,1.0019073468306616,1.0019844547176036,1.0043762446758944,1.0026170610906406,1.0043638879636156,1.0018395839178762,1.0005782120739535,0.9978603140313872,0.996275547631571,0.9958634018740176,0.9936531125168937,0.9924371580022753,0.9918337398295405,0.9934992492599335,0.9919746447194426,0.9924002120895498,0.9911815269610942,0.9898590453045158,0.9883610369216206,0.9880827206687686,0.9855364958917734,0.9858212300786153,0.9862585343641552,0.9845700775814492,0.9849022478121985,0.9855396126694214,0.985429933015611,0.9838758105387273,0.9844706089774784,0.9855200742624197,0.9834214347636498,0.986197674540729,0.9854824642458376,0.9885122580887709,0.9886337055386248,0.9875928153260196,0.9861612409570104,0.9871824041179571,0.9873149394708562,0.9892834583046854,0.9912210038473019,0.9900698642571709,0.9910426441040849,0.9903275033756944,0.991119044745894,0.9946545964756317,0.9914691135074215,0.992622796513202,0.9912624954818159,0.9911191501804751,0.9912187339679766,0.9909246583598113,0.9895625570370231,0.9932260816179448,0.9931160814759674,0.9895896071991472,0.990806625136084,0.9919519709788958,0.9910690475617523,0.9888820404276146,0.9911292769348591,0.9926556687653167,0.9921069420883976,0.9914084259790776,0.9923333697433769,0.991752370508662,0.9921055722870481,0.9916259183494371
1994-03-31,0.9802144751180346,0.9811948735663636,0.9807889524572762,0.9768299059350027,0.9753876755029387,0.9750823447751753,0.9751605446344265,0.9755285726694206,0.9763982596694958,0.9749774772920788,0.9718328092749154,0.9713676179763029,0.9682653561592234,0.9683974690066921,0.9668882713216201,0.966493995798616,0.9657287613479832,0.9659383707136182,0.9652741475372586,0.9686950841235893,0.9690986111581401,0.9708496475216798,0.9732505965374186,0.9755240430493551,0.9790261476579362,0.980858390355047,0.9826007406892352,0.9839255848598616,0.9840404608261986,0.9864907954101085,0.9847288276603767,0.9865138062104944,0.9839230979832639,0.9826115413930059,0.9797610591645118,0.9781239936922996,0.9776975260583627,0.9753615177576207,0.9740952799693956,0.9734614379857929,0.9751641263875763,0.9735846168930836,0.9739852807840463,0.9727073513511983,0.9713148171084928,0.9697426724015287,0.9694205718712222,0.9667691639186174,0.9670464449712752,0.9674646246087313,0.9657015044178104,0.9660382074161292,0.9666599402643941,0.9665621159711765,0.9649135164759122,0.9655418569657888,0.9665651371947305,0.9643406796076789,0.9672575122355827,0.9664528042321039,0.9695992080567325,0.9697124701886874,0.9685973770698446,0.9671242098520041,0.9681600504544163,0.9682485085059507,0.9703211564612729,0.9723405040526393,0.9710703698076056,0.9721168520588548,0.9713389871267206,0.972139142120295,0.975792184849618,0.9724557435415283,0.9737116322926795,0.9722105261806937,0.9720648232929919,0.9721665383370205,0.9718687570519957,0.9702795665464866,0.9740597446477595,0.974034107003759,0.9704060634288656,0.971608689794089,0.9727503499019565,0.9717740762936857,0.9694889427518444,0.9718064142728469,0.9733499932333523,0.9727755583834142,0.972068577406949,0.9730212705433096,0.9724453922789595,0.9728032485987449,0.9722905399523478
1994-06-30,1.026602898551888,1.0275487797874536,1.026880475732563,1.0224818294150515,1.0207877264641354,1.0203082001688697,1.020259717440089,1.0206544594452462,1.0216214939730388,1.0201204102793309,1.016856478830786,1.016292702832447,1.0130688477864238,1.0130929765164942,1.011472602895223,1.0110967562193205,1.0103459114947835,1.010576130712284,1.0099351790378959,1.013468938696728,1.0138788559583456,1.015664357033888,1.0181038901861876,1.020386606532628,1.0239024427057948,1.0258926249125369,1.0276761557453769,1.029087485823974,1.0292371997394485,1.0317464066392912,1.029983246609085,1.0317885242872677,1.0291327328245528,1.0277710215575673,1.0247852500593817,1.0230977892453301,1.0226566440757954,1.0201934691295729,1.0188715830564061,1.018210269131234,1.01994598797637,1.018311456501963,1.0186799561136397,1.0173404785055014,1.0158759277749076,1.0142249434729906,1.0138536666872855,1.011097155987569,1.0113617981425391,1.0117572369787209,1.0099191725956689,1.0102592413214373,1.0108596370617335,1.0107728337912525,1.0090275718054578,1.0096884611358434,1.010677569079962,1.0083296728720201,1.0113802236456828,1.0104843200011944,1.0137446533872236,1.0138477644897577,1.0126570994311501,1.0111424881113382,1.012191224021127,1.0122339635833404,1.0144078092232443,1.0165073239376992,1.0151170261419535,1.016237986469235,1.015396564484582,1.0162031351358944,1.019972197312597,1.016485765923855,1.017845070124627,1.0162017714374043,1.016053836400959,1.0161575181487412,1.0158564382411064,1.0140157313658695,1.0179099892196506,1.0179798623865652,1.0142532631872772,1.015436139853368,1.0165729978357936,1.0154995304491121,1.0131150369823223,1.0155009752232598,1.0170625225547425,1.016461104840575,1.0157463418234696,1.016725941752936,1.0161571437446617,1.0165184833809122,1.0159722976591974
1994-09-30,1.0593833796764416,1.0602733651331584,1.059297230330705,1.054406954408917,1.0524256402259562,1.0517489822746728,1.0515548770517107,1.0519759922086407,1.0530486596580027,1.0514665863663166,1.0480904864316043,1.0474172364712624,1.0440740213869775,1.0439740078096624,1.0422352730997781,1.041885198358945,1.041153543967115,1.0414149887639612,1.0408052236519625,1.044449211473118,1.0448753093033203,1.046691310596648,1.0491625110386467,1.051448297333242,1.0549669766980143,1.0571257694234273,1.058945828677475,1.0604564048386018,1.0606368025488566,1.0632049175439109,1.061442354869139,1.063245455262592,1.0605265561153758,1.059115115278883,1.0559920071195843,1.0542570399979292,1.0538008967408445,1.0512100178630523,1.0498264748503656,1.0491416826329207,1.0509049570459892,1.0492158720956368,1.0495436290834121,1.048140354716045,1.0466020438663572,1.0448672338190073,1.0444406122472794,1.0415801428539972,1.0418259134683236,1.0421943318622762,1.0402817861506743,1.0406237569208978,1.041196029741342,1.04111908833879,1.0392753781705404,1.0399672418001393,1.040912789417646,1.0384457376894116,1.041620151257494,1.0406319011369862,1.0440016715182108,1.0440923581608084,1.0428252516342529,1.041269860858805,1.0423291794418623,1.0423247354800784,1.044595088448708,1.0467717717650946,1.0452613222223754,1.0464568537173236,1.0455515519990135,1.046361871480485,1.0502439002974038,1.0466102989738963,1.0480733534699636,1.0462878084106146,1.0461378015409641,1.0462432434955597,1.0459393509797819,1.0438200314151247,1.0478239907422158,1.0480018244886318,1.0441814165212613,1.0453383187606033,1.046469237495217,1.0452951939840858,1.042811018025838,1.045262651146944,1.0468429963393486,1.046213439929946,1.045491771507467,1.0464969257924215,1.0459375004706233,1.046300843849333,1.0457210508029537
1994-12-31,1.0777478266887748,1.0785564270739765,1.0772203060869756,1.07177953229158,1.069470941043948,1.0685715293526719,1.0682104552987692,1.0686570664065536,1.0698442325706419,1.0681811815176279,1.0647027205395587,1.0639078938441335,1.0604491479280387,1.0602065164942323,1.0583417798873445,1.0580261184781354,1.0573191663221446,1.0576243953251778,1.0570552411699914,1.0608054003618606,1.0612596108697931,1.0631011877131837,1.0655954352972126,1.06787697233024,1.0713854499049467,1.0737243485339563,1.0755748838944577,1.0771994235659519,1.0774048982561095,1.0800316105380585,1.0782716550825744,1.0800447038950323,1.0772654163541804,1.0758051457687992,1.072543476359023,1.0707650592345808,1.0702936392896207,1.0675756308739621,1.066123698838248,1.0654206470659415,1.0672044554057845,1.0654619920565187,1.0657389147570349,1.0642696832817926,1.0626561482958132,1.0608322352929482,1.0603432203398704,1.0573812150479522,1.0576006818228014,1.0579370422167778,1.0559513790091832,1.0562934439752012,1.0568295733777728,1.0567609506905145,1.0548175117596634,1.0555380847110123,1.0564290890830903,1.053849433050666,1.057134336227488,1.0560532701712395,1.0595258290065699,1.0596014684439554,1.058257669997475,1.0566627851623749,1.0577297556744283,1.057676894257007,1.0600369761782824,1.0622862035103036,1.060657051429027,1.0619264129658474,1.060957534916323,1.061768394744014,1.0657584478749889,1.061982718550474,1.063548786521825,1.0616225676395108,1.0614706893283863,1.0615776362491924,1.0612715070005088,1.058843561273504,1.0629506976658898,1.0632503723450346,1.0593429539967851,1.0604666768940283,1.0615905052446424,1.0603131028072939,1.0577300332911386,1.060243402281316,1.0618434239830625,1.0611847297934105,1.0604572590201455,1.0614860128492003,1.0609386302479706,1.0613021421387785,1.0606889686267826
1995-03-31,1.0497312009975786,1.0504282003444245,1.04867234977575,1.0426144912595272,1.0399332528569565,1.0387825030315696,1.0382304312234614,1.038701003886317,1.0400121218974485,1.0382689622045955,1.0347011375530246,1.0337712867809523,1.0302027286172848,1.0297963811578081,1.0277975241127169,1.0275263902707992,1.0268504505510556,1.02721424036418,1.0266968563010623,1.0305474132958297,1.0310441458560033,1.032905265801414,1.0354119693038573,1.0376806715485838,1.0411634315102958,1.0436948105134203,1.045568138975027,1.0473235813220445,1.0475468099909764,1.0502313993406454,1.0484763066182359,1.050185145245732,1.047349031638539,1.0458413981282313,1.0424409586011976,1.0406245244333987,1.040137598822092,1.0372943805720456,1.0357665141924408,1.0350518570157203,1.0368473792019752,1.0350535591279753,1.0352678198808747,1.03373059839193,1.032040723966005,1.0301221330372672,1.029562679279043,1.0265030882531336,1.0266874463441908,1.0269858465756354,1.0249295129935094,1.0252694659443777,1.025760022758262,1.0256977235310845,1.0236539036310242,1.0244001048567457,1.0252237691233037,1.022540748070372,1.02591863265701,1.024745119310142,1.028311265851635,1.0283688390444712,1.0269488566341267,1.0253165051020252,1.0263874786033096,1.026285261364595,1.0287258270265927,1.0310410453086325,1.0292963747138408,1.0306378148787312,1.0296064247373848,1.030413991624693,1.0345048815682834,1.0305947151517763,1.0322617594250088,1.0301984050277748,1.03004490164231,1.0301530417552625,1.0298453538546157,1.0270755829744602,1.0312768323795036,1.0317137999219672,1.0277285869657646,1.0288108177020057,1.0299263984069083,1.0285436156679837,1.0258637854900796,1.0284335330126688,1.0300541593526558,1.0293655293623387,1.028633623163974,1.0296833132926233,1.0291510710564609,1.0295125069798172,1.028866612362922
1995-06-30,1.0278952990055183,1.0284450517771504,1.0262011437090353,1.019450901101316,1.01634569096374,1.0149117496783446,1.0141416587238437,1.0146338601804945,1.0160789726960004,1.01425761434569,1.0106171646200555,1.0095373516234436,1.005866928326209,1.00527279820373,1.0031312024030086,1.00291638086569,1.00227866007252,1.0027183181419983,1.002265855555537,1.0062090262785124,1.0067655518240648,1.0086389056221021,1.0111451957676763,1.0133910449555215,1.0168297420852737,1.019566912138261,1.0214534554185986,1.0233592611258822,1.0235908998242895,1.0263321642368646,1.0245844643471822,1.0261876312622684,1.0232992088771113,1.0217463534947273,1.0182081764747952,1.0163607765943061,1.0158581746350377,1.0128932834798985,1.011281022737698,1.0105630919397144,1.0123594207621913,1.010517274778407,1.010655055739528,1.0090479855392411,1.007281085919781,1.0052619395794,1.0046228725210589,1.0014714615979918,1.0016103370784757,1.0018638892269798,0.9997406275607281,1.0000758018878972,1.000509750749724,1.0004512489698654,0.9983071687785372,0.9990749560327964,0.9998164209452922,0.9970424477119886,1.0004909590013034,0.9992263883986185,1.0028739116313967,1.00290994998265,1.0014152126930842,0.999748304345395,1.0008187989294925,1.00066665884302,1.0031755587045523,1.005547936763374,1.0036930121126595,1.005103564242904,1.0040116441354998,1.0048113647231833,1.0089932471884508,1.0049594784006552,1.0067238950717405,1.0045293039629741,1.0043744745709287,1.0044834306243315,1.0041749783848544,1.0010267062131266,1.0053100101971966,1.0059014487458438,1.0018504961945918,1.0028816698694687,1.0039878489270282,1.0024986158699192,0.9997257721077217,1.0023448989422374,1.0039871071560529,1.00326799639788,1.0025333287012632,1.003600461427373,1.0030869412797045,1.0034435865237699,1.002766150354053
1995-09-30,0.9483221118521745,0.9486827347482139,0.9458727182968799,0.9383449492306242,0.9347577483098741,0.9330051482724993,0.9319866724298045,0.9324972061152419,0.9340869427777656,0.9321905520064876,0.9284985982048056,0.9272522293886136,0.923490511821868,0.9226811689065697,0.92038769453316,0.9202428667199408,0.9196515793188877,0.920187302911874,0.9198152019898005,0.9238408499897441,0.9244777446988424,0.9263545510107368,0.9288449255089675,0.9310562799070536,0.9344293268168791,0.937386594417299,0.9392745727334848,0.9413530663499965,0.9415813953038126,0.9443775671686467,0.9426400981912957,0.9440876509303328,0.9411525206856952,0.9395573841674174,0.9358840093325551,0.9340145942858661,0.9334962135350998,0.9304151220704312,0.9287089769288661,0.9279980628368206,0.9297818700786741,0.9278956282092174,0.9279408293666304,0.9262622822183127,0.9244181966986148,0.9222923128914,0.9215631782165672,0.9183278655318275,0.9184090903275905,0.9186097819900563,0.9164248774913819,0.9167520747209739,0.9171165481395175,0.9170586955478495,0.9148154190355244,0.9155996201499507,0.9162416801273308,0.9133929061313444,0.9168840172772761,0.915531016374676,0.9192441620732378,0.919254686654218,0.9176877358490414,0.9159902270873526,0.9170547953698489,0.9168526263321306,0.9194142979233866,0.9218323195280733,0.9198748899598768,0.921350132119438,0.9202007662175504,0.9209872572481654,0.9252471517008796,0.9211043359025789,0.92296064222983,0.9206435356367089,0.9204877397350977,0.9205970586808179,0.9202887686807864,0.9167215232778214,0.921071300177732,0.9218362847065231,0.917734976366647,0.9187041122114589,0.9197997502423205,0.9182041724121974,0.9153439923870081,0.9180035747679693,0.9196683899612914,0.9189185679032392,0.9181831695974106,0.9192632794554814,0.918772611349763,0.9191212110893212,0.918414035708303
1995-12-31,0.9270102508046985,0.9271326816755674,0.9236674631672823,0.9152658811336436,0.9111311202985214,0.9090203833117649,0.9077194053418678,0.9082438156939796,0.9099893865828627,0.9080226408485299,0.9043054408954553,0.9028740792208425,0.8990347286840958,0.8979789221813631,0.8955238869831563,0.8954648939855776,0.8949293921329551,0.8955846859980283,0.8953110217469119,0.8994062537647214,0.9001479179924938,0.9020176943946263,0.904473601653339,0.906636973258196,0.9099190583198544,0.9131117878980589,0.9149868608896365,0.9172636264024592,0.9174741318836002,0.9203227800272995,0.9185987274901475,0.9198308656827823,0.9168558646043024,0.9152223359887253,0.9114181255473642,0.9095378750031369,0.9090036928650488,0.9058141864364206,0.9040035044970345,0.9033121856028354,0.9050673307298442,0.9031426472864384,0.903076547595731,0.9013251944806558,0.8994044021037682,0.897165296116426,0.8963341860716878,0.8930254398477266,0.8930347910124643,0.8931733243751655,0.8909338983152224,0.8912493049020173,0.8915293417392008,0.8914682601165517,0.8891279977272435,0.8899221122964334,0.8904448869583386,0.8875418673250945,0.8910409105766522,0.8896035993719014,0.8933624431491902,0.8933428946503691,0.8917076109585509,0.8899846981859523,0.8910367725887562,0.8907850364915159,0.8933799064851116,0.8958288912110536,0.8937796687652002,0.8953134396172763,0.8941110324912208,0.8948779528991924,0.8991991778395999,0.8949662708437773,0.8969067356450353,0.8944792037407914,0.894322870253824,0.894432011241503,0.8941249608345379,0.8900941236744498,0.8944906467834821,0.8954503389598498,0.8913179617296454,0.8922124752253924,0.893296461555272,0.891596087685904,0.8886565527077355,0.8913454108290212,0.8930339036104316,0.8922535274705493,0.8915198448768671,0.8926073292467451,0.8921442649229698,0.8924809432635571,0.8917465751167224
1996-03-31,0.8604990870913107,0.8603259678560994,0.8561038467704317,0.8467194959161942,0.841963043172917,0.8394502085562698,0.8378283755438086,0.8383608149943003,0.8402740020513707,0.8382433961993848,0.834533248773346,0.8328963945232536,0.8289967248437989,0.827658843642324,0.8250320035495533,0.8250771591197956,0.8246080875322802,0.8254102599296836,0.8252561538805991,0.8294048298102876,0.8302801069005448,0.8321303953886676,0.8345297359412203,0.8366295228410592,0.8397910350264162,0.8432357134010996,0.8450805507796364,0.8475848967558021,0.8477597694777463,0.8506576830650545,0.8489506282536932,0.8498960576586886,0.8468894472953152,0.8452225433830556,0.8412940628355616,0.8394167796924297,0.8388668673378787,0.8355794983274978,0.8336523107173252,0.8329958473820849,0.8347029097297083,0.8327471350215022,0.8325479929489481,0.8307228901738495,0.8287266509177798,0.8263675433781085,0.8254208937322652,0.8220522110379991,0.8219731034907257,0.8220387050168672,0.8197540673468053,0.8200531562442857,0.8202313936358802,0.8201623456290351,0.8177287008152342,0.8185246631556906,0.8189052104470462,0.815973700758252,0.819438211324777,0.8179225123032549,0.8217022094606077,0.8216473662097504,0.81994924367515,0.8182075954669533,0.8192393044933374,0.8189391614147978,0.8215429305225564,0.8240044596635446,0.8218776949676853,0.8234617517539794,0.8222122917689987,0.8229521913406859,0.8273136876773148,0.8230148605631376,0.8250290591786682,0.8225072187763015,0.8223508567365141,0.8224591769574531,0.8221546159722554,0.8176110316747303,0.8220296857223939,0.82320754780052,0.8190679766185892,0.8198734608177389,0.8209447314703106,0.8191428785515589,0.8161347234025675,0.8188390263341003,0.8205523088818172,0.8197420127709046,0.8190129771705283,0.8201008995326085,0.8196708980296106,0.8199910626907139,0.8192329381465273
1996-06-30,0.8611790078721905,0.86064332310088,0.8555480828384208,0.8450575040312897,0.8395954274597279,0.8366314679179043,0.8346455944060268,0.8351785403824377,0.8372716909787326,0.8351859124763404,0.8315222662865788,0.8296570938895993,0.8257187667341819,0.8240581849573989,0.8212487174678575,0.8214191922053424,0.8210286798633507,0.822009448266613,0.8219995715355268,0.8261816917244159,0.8272246255845832,0.8290406537004592,0.8313571659829923,0.8333753190311797,0.836381641688844,0.8400959445384666,0.8418896989593538,0.8446552188485141,0.8447727372123979,0.8477157853416237,0.846029767084297,0.84660371139964,0.8435754226108286,0.8418815103816927,0.8378379984164785,0.8359805906902059,0.8354151303248345,0.8320437786216305,0.8299866167839406,0.8293834330820713,0.8310191373942639,0.8290416543804617,0.8286842266200621,0.8267849270761913,0.8247154612258383,0.8222292956745934,0.8211516431055951,0.8177401406838636,0.8175532564237469,0.8175334458229732,0.8152155298289503,0.8154929414330445,0.8155492429622827,0.8154664732281498,0.8129447489003996,0.813732638060312,0.8139444871539192,0.8110164210289575,0.8143947246493553,0.8128087453818112,0.8165786120648235,0.8164824919979685,0.814728977051894,0.8129770193661,0.8139789642602326,0.8136324345540594,0.816215201819087,0.818666413789779,0.8164806058874211,0.8181042030487957,0.816815587739966,0.8175197240449215,0.8218952250258866,0.8175608638178421,0.8196351297286335,0.8170399345548153,0.8168841461234607,0.8169908837957707,0.8166902605327033,0.8115797959095923,0.8159901670822753,0.8174122071899363,0.8132947408996344,0.8139947066218793,0.8150522681276255,0.8131544257690351,0.8100916920309018,0.8127944761519688,0.814533696015105,0.8136947019841976,0.8129738141622908,0.8140536647354524,0.8136629937645683,0.8139612213078785,0.8131838459690397
1996-09-30,0.8335421265473291,0.8325654876695752,0.8264639772326344,0.8147269290788688,0.8084639259279914,0.8049939877572437,0.802595287566001,0.803119190611533,0.8054052211574207,0.8032756225540686,0.799706480627491,0.7975875107958696,0.7936374249074254,0.7916076805421203,0.788604172788251,0.7889244840058871,0.7886263919099739,0.7898226489195188,0.7899858578545459,0.7941767676033527,0.7954275614227845,0.797191808423248,0.7993942850657376,0.8013098745877114,0.8041204867313678,0.8081233465456127,0.8098409845324369,0.8129062530718529,0.8129400007530747,0.8159229579693306,0.8142625555934492,0.8143642679999087,0.8113262362801495,0.8096133177039794,0.8054672830415155,0.8036503710359303,0.8030696782322151,0.7996322640352683,0.7974299358102599,0.7969022278857455,0.7984387147748233,0.7964513699774031,0.7959063146559406,0.7939330168785586,0.7917937415779727,0.7891732172952854,0.7879469011094886,0.7845140679632737,0.7841968946508466,0.7840771949295331,0.7817411095338116,0.7819905034255573,0.7819014960685017,0.7817980295971413,0.7791956208910882,0.7799632951010106,0.7799758641228982,0.7770905900368297,0.7803200245725701,0.7786745449560848,0.7823968982411944,0.7822526382915815,0.7804535616258597,0.7787018388697873,0.779662813772125,0.7792729860047168,0.7817981433523463,0.7842108419437188,0.7819896406394949,0.7836389949822158,0.782321445357326,0.7829795557652612,0.7873365373651582,0.7830045068535406,0.7851212356335882,0.7824795050068181,0.7823250018914232,0.7824292552728118,0.782134248561376,0.7763972831065434,0.7807620114521804,0.7824570720319282,0.7783974841321035,0.7789730426553645,0.7800160047512086,0.7780303535656954,0.7749310914392128,0.7776116560436566,0.7793779865561848,0.7785122472061436,0.7778036833015914,0.7788650791990688,0.7785209385444908,0.7787908320536598,0.7780000078173676
1996-12-31,0.7741631450418136,0.7726535279358226,0.7653924460435475,0.7522489423735487,0.7450762411152854,0.741038595348903,0.7381716377709813,0.738674468775303,0.7411668936590783,0.7390081104271105,0.7355918838311204,0.7331905546494776,0.7292620346725807,0.7268097501656515,0.7236001951702624,0.7240988629741352,0.7239091222007763,0.7253639498388662,0.725734126149905,0.7299034312929157,0.7314097160519024,0.7331013304105621,0.7351525708246536,0.7369411923781818,0.7395084698842866,0.7438201439615031,0.745431558061132,0.7488410343845471,0.7487588646124229,0.751775185815166,0.7501456372533098,0.7496551571356462,0.7466218103763184,0.7448999034794462,0.7406679137828365,0.7389166271928639,0.7383211812732788,0.7348406100407575,0.7324759152499761,0.7320504525949454,0.7334543095341342,0.7314719893007864,0.7307050959864207,0.7286588534372992,0.7264547099885236,0.7236923404160474,0.7222971210988185,0.7188698191094817,0.7183960513566328,0.7181596083251437,0.7158243697442466,0.7160382325333897,0.715776704979675,0.7156440797748064,0.712970998930992,0.7137036155064898,0.7134814536613033,0.7106873665544124,0.7136919484588755,0.7120010670115794,0.7156296990083882,0.7154294007569796,0.7135975506576046,0.7118592020217998,0.7127658285237414,0.7123371374195933,0.7147599150962624,0.7170993926289062,0.7148727943636395,0.7165303778892456,0.7151969882989755,0.7157969944616425,0.7200952920476589,0.7158126005459963,0.7179493296351047,0.7152951092784392,0.7151427343853026,0.7152434349248766,0.7149559952591484,0.70852681389639,0.7128000853928033,0.7148001943536555,0.710842108736729,0.711271569188556,0.7122991918757487,0.7102372960522259,0.7071244917602174,0.709757609386415,0.711552234677485,0.710662624085,0.7099713735598638,0.7110016677983669,0.7107123451529166,0.7109463505134235,0.7101494749484487
1997-03-31,0.7592012586563954,0.7570497887252856,0.7484510556712827,0.7337172128700631,0.7255095382919889,0.7208339955924257,0.717435160783907,0.7179017915854676,0.7206148114338917,0.7184456238213306,0.715253752227459,0.7125378138185123,0.7086723203430498,0.7057356730477832,0.7023074831531182,0.7030179800364349,0.702955094272678,0.7047192107685324,0.705336457749428,0.7094464228373074,0.7112650644766813,0.7128590185512509,0.7147143184297986,0.7163472059589086,0.7186146953398794,0.7232568270200128,0.7247255686356637,0.7285308502469257,0.7282934121621326,0.7313349252029948,0.7297423120534583,0.7285159437479445,0.7255049799528179,0.7237866675445644,0.7194904654235753,0.7178355639063094,0.7172260522577052,0.7137315582517554,0.7111849043600431,0.7108941624013349,0.712125037791269,0.7101664982216896,0.7091376277787975,0.7070206675155426,0.7047586120836498,0.7018468333225194,0.7002593726075313,0.6968712663557854,0.6962099747137711,0.6958370200891394,0.6935265920616107,0.6936959714598634,0.6932300368758821,0.6930579230038263,0.6903275526701578,0.691006892596375,0.690508622667504,0.6878654725396345,0.6905526171475636,0.6888346701267454,0.6923126968794477,0.6920472161812167,0.6901991549996396,0.6884905881953484,0.6893268044480811,0.6888654297251642,0.6911308449413884,0.6933542160469804,0.6911602646769934,0.6928038021945655,0.6914713234682093,0.6919989222498625,0.6961887760761705,0.6920139251287197,0.6941420298706997,0.6915185222143462,0.6913692803211232,0.6914651561820813,0.6911875619571201,0.6839936028746834,0.688119026909124,0.6904598458692539,0.6866566643158627,0.6869149913432238,0.687926758536318,0.6858045596667214,0.6827074491615512,0.6852622626287357,0.6870863524892701,0.6861769409767966,0.6855089989211802,0.6864927355308317,0.6862678149470873,0.6864569678214438,0.6856634568786153
1997-06-30,0.7842695935506676,0.781345375018649,0.7711985596372092,0.7546599910906866,0.7452705776931119,0.7398757388184842,0.7358706042341713,0.7362818622245939,0.739230596799439,0.7370752721416609,0.7341963721464131,0.7311289237687354,0.7273788284564182,0.7238850968135366,0.720225161320583,0.7211874672545414,0.7212733675785992,0.7234074550432325,0.7243200245258676,0.728322876946597,0.7305228872572491,0.7319885851799967,0.7335932689847868,0.7350357833019845,0.7369353864838086,0.7419310314480461,0.7432122721479263,0.7474740421478888,0.7470324125189923,0.7500888594879629,0.7485404439631109,0.7464037009665841,0.7434375123920659,0.7417388348851223,0.737407109053863,0.7358867488088655,0.7352641381779598,0.7317934333325564,0.7290422602021305,0.7289262219064488,0.7299345853368631,0.7280238055139309,0.7266852636885972,0.724501541161583,0.7221913833838076,0.7191227810395965,0.7173158542603947,0.7140097160839255,0.713124058728765,0.7125910565693021,0.7103360165522838,0.7104501109632957,0.7097419034612752,0.7095174901055797,0.7067478027434038,0.7073512040638921,0.7065278688763235,0.704110434392275,0.7063657844438509,0.7046448169689968,0.7079012723354182,0.7075599013854721,0.7057172750016458,0.7040592381042893,0.704805498756396,0.7043200107886277,0.7063596180144921,0.7084131648662592,0.7063006761985655,0.7079015468748744,0.7065916428616678,0.7070296746930057,0.7110486257591141,0.7070553354212343,0.7091379510841082,0.7066005960169366,0.7064557025242622,0.7065452237415064,0.7062801664856764,0.6982410506588019,0.7021483062923961,0.7048697402599031,0.7012876676902505,0.7013456769955566,0.7023414290650829,0.7001808568592052,0.6971370188193817,0.6995753185275156,0.7014299799270801,0.700506481372015,0.6998691484700796,0.7007872137783795,0.7006378815657525,0.7007714198123401,0.6999933780502446
1997-09-30,0.7039186207596833,0.7000592771939753,0.6881074968558771,0.6695073012975201,0.6587585937162557,0.6525464524805247,0.6478447738048525,0.6481758036406318,0.6513768687003643,0.6492675239341051,0.6468148017925641,0.6433525570517216,0.6397862413670428,0.6356473248909205,0.6317421808246024,0.6330056652698272,0.6332673595396683,0.6358463058371159,0.6371141270567808,0.6409469109877184,0.6436147753630952,0.6449134518753787,0.6461982987035018,0.6474070107692138,0.6488537758734774,0.6542273134105745,0.6552641293442389,0.6600555745495813,0.6593469322378935,0.6624052119684481,0.6609101317652039,0.6576452732062965,0.6547538669325811,0.6530959691740127,0.6487675354777975,0.6474304215663103,0.6467960845247612,0.6433992515726328,0.6404170621696673,0.640526468056311,0.6412495034562389,0.6394181913786143,0.6377119112229033,0.6354682025921162,0.6331242272172231,0.6298920504239685,0.6278332003853269,0.6246651250477109,0.6235100921509428,0.6227881992569855,0.6206287657735357,0.6206742091479525,0.6196775892314732,0.6193844649061415,0.616600260075904,0.6170987097399692,0.6158908468386426,0.613795560668156,0.6154737528927944,0.613782188201073,0.6167259130939419,0.6162958398038614,0.614487758837666,0.6129072737472873,0.6135391321372252,0.6130416773223424,0.6147677360701815,0.6165821122008432,0.6146156235134492,0.6161359708986293,0.614877504777686,0.6152048522351703,0.6189721550362977,0.6152560549196909,0.6172443229928352,0.6148663718148253,0.6147273402269844,0.6148086259553539,0.6145593555329953,0.605585584252089,0.6091844175327646,0.6123315083163967,0.609054925733673,0.6088779489286323,0.609858151965443,0.6076900876093769,0.6047492235438418,0.6070224060478944,0.6089085786068287,0.60797917766618,0.6073815897028247,0.608209718159153,0.6081492637733712,0.6082139585666171,0.6074673829824335
1997-12-31,0.6889368630578476,0.6839312257187891,0.6698450530471906,0.6488618848065428,0.6365283139681934,0.6293739541054747,0.6238602048769163,0.6240775773857852,0.6275503127497719,0.6255311227511858,0.6236557123361204,0.6197458535174962,0.616457050342377,0.6115612786058845,0.607397493543623,0.6090262279606662,0.6094989178620063,0.6126195545278059,0.6143206944621629,0.617895616061264,0.6211450412172923,0.6222249425593878,0.6230977529378529,0.6240149344716239,0.6248974607736157,0.6306742800076777,0.6313908760667739,0.6368037738140597,0.6357434986659041,0.6387863798249884,0.6373570114027571,0.6326807663590878,0.6299074674334503,0.6283196235823434,0.6240491669385922,0.6229602231580612,0.6223161636736283,0.619062725134388,0.6158174068617872,0.6162196440083766,0.6165737294500817,0.6148659377389261,0.6127185083137884,0.6104264949687904,0.6080705253589999,0.6046697380862665,0.6023189207069246,0.5993660256673747,0.5978844311512823,0.5969367055186827,0.5949282469437427,0.5948878424018664,0.5935443039657207,0.5931604110498372,0.5903974096547178,0.5907521054747664,0.58908451079388,0.5874414593030455,0.5883495090682993,0.5867329996376149,0.5892416117356095,0.5887069780487499,0.5869743520330114,0.5855082168177999,0.5859937855912687,0.5855022563351779,0.586797201229944,0.5882787343164704,0.5865475092778771,0.5879349997605752,0.5867681974176048,0.5869578338455824,0.5903643498134671,0.5870550643610564,0.5888813286857156,0.5867639581363584,0.5866327579775157,0.5867034156614982,0.5864739934136484,0.5764651008304414,0.5796345060517768,0.5832588143255862,0.5803999132032104,0.5799455128489112,0.5809117814791458,0.5787814912026281,0.5760122770267757,0.5780559136216207,0.5799741604688098,0.5790510344957575,0.5785051082471233,0.5792112188290037,0.5792558834681774,0.5792348626547653,0.5785418166515675
1998-03-31,0.6331575515591142,0.6279271843321018,0.6131303311157055,0.5908884481395118,0.5778785257945384,0.5703958626646993,0.5646173127364317,0.5648653547170179,0.5685402604267045,0.5664021514309897,0.5644517146572802,0.5602266404775444,0.5567008321389915,0.551466642928851,0.5469833880804581,0.5486995359470317,0.5491974004408595,0.5524704640754892,0.5542595157756771,0.5581738127628431,0.5614795800965384,0.5626138957407925,0.5635439428352472,0.5645006563233582,0.5653389890176088,0.5716129816307307,0.5723656601658671,0.5781447486306951,0.5771714534460413,0.5802345335700899,0.5787711692895441,0.573733738488521,0.5706801878394538,0.5689905733008974,0.5644702018856791,0.5633463313566305,0.5626842236287375,0.5591900278583143,0.555733883649656,0.5561231856756679,0.5565152413358885,0.554661641865273,0.5522774761170195,0.5497895659617567,0.5472201005703776,0.5435443954833976,0.5409867457713462,0.537821208124837,0.5361829024099933,0.5351460496295593,0.5329854217234178,0.5329138603462203,0.5314006742558712,0.5310383113904725,0.5280599848662065,0.5284459059140916,0.5265489914243766,0.5247276240189604,0.5256948034370057,0.5238830630295295,0.5265247993549318,0.5259180529232017,0.5240184236664095,0.5224797262124843,0.5229391117708742,0.5223255524940432,0.5237301938439868,0.5253403985933155,0.5233483331088296,0.5248884926664306,0.523581436807453,0.5237173080025526,0.5272927683811293,0.5237598687982925,0.5257939958766467,0.5233868809978189,0.5232561130898699,0.5233221644698249,0.5231037512314873,0.5119082676973298,0.515200280073277,0.5193440303961815,0.5164306585650197,0.5157603318667975,0.5166713413043449,0.5142556105655421,0.5112870555609046,0.5133597163525266,0.5153302529246147,0.5143208086386372,0.5137819761822857,0.5144911557087621,0.5146206953624184,0.5145607814369357,0.5138057830388789
1998-06-30,0.5919152430976576,0.5863839287064309,0.5707297370496133,0.5470686222067079,0.533266155701281,0.5253889100069198,0.5192880980176557,0.5195623918068355,0.5234647588397736,0.5212134364003131,0.5192355291415045,0.5146572745958808,0.5109127704738158,0.5052849775618411,0.5004589946833676,0.5022921436252095,0.5028299944235594,0.5062998916764495,0.5082055619280074,0.512449648692253,0.5158494328940124,0.5170220462687223,0.517981622388207,0.5189574849145011,0.519709056387051,0.5265204419542059,0.5272854535982597,0.5334845149357783,0.5325822884396473,0.5356550748557045,0.5341593499015815,0.5286514172715049,0.5253208203045128,0.5235332186241615,0.5187655524800332,0.5176255142610743,0.5169467036274114,0.5132195994626043,0.5095293138500524,0.5099252207254,0.5103302152080824,0.5083339714804611,0.5056737828621767,0.5029811639473695,0.5001928421572441,0.49622162498365996,0.49343124490450374,0.49006417155143206,0.48823754092704746,0.4870939897087815,0.4847878048781123,0.4846769200225083,0.48296162652013885,0.482615963295366,0.4794204321087601,0.47982723062133736,0.47765859590647336,0.4756887520664244,0.4766553942153035,0.4746494296905969,0.4773937930598512,0.47670430481913645,0.47463887039385116,0.4730338495953223,0.47345420923311277,0.4727154563997831,0.4741988898466454,0.4759177853742768,0.4736741156224943,0.4753617901643735,0.47391711221753013,0.47398586287021827,0.4777066290276054,0.47397694356863507,0.4762125338737417,0.47352678050768027,0.47339744730389266,0.47345762119207374,0.4732529947461048,0.4607413710586274,0.4641247996080352,0.46884888593172613,0.46591580624016515,0.46499714724659247,0.46584845319491275,0.46313906564152574,0.4599786248490216,0.4620586292033205,0.4640853769314223,0.4629864893369562,0.46245933626471347,0.4631603747835371,0.4633873314127683,0.4632791470854778,0.4624648979718572
1998-09-30,0.6029497875110562,0.5970443545458985,0.5803872730661424,0.5551472655586864,0.5404320257895711,0.5320933294183302,0.5256125678674298,0.525910356029553,0.5300693090116828,0.5277094290277503,0.5257536738852242,0.5207806031946618,0.5168334111877387,0.5107555838682095,0.5055600238251174,0.5075412368113261,0.5081334088253432,0.5118467766543177,0.5138969641687622,0.5184672632827371,0.5219969945684325,0.5231927266937737,0.5241558556769609,0.5251316139289388,0.5257540108161121,0.5331498865054882,0.5339037322199747,0.540581574817557,0.5397383253559578,0.5428076908087347,0.5412795377216518,0.5351878029773688,0.531579220135928,0.529696075642127,0.5246813135017154,0.5235437439275908,0.5228501146723762,0.5188952524042137,0.5149449096334604,0.5153661478363306,0.5157602381812545,0.5136215548718,0.5106425267669192,0.5077332915043724,0.5047177415618302,0.5004259830003354,0.49737426862111556,0.49381354940874994,0.49176378769396056,0.49049513079336515,0.4880474397919776,0.4878883450499881,0.48593543027737957,0.48560240530566556,0.48218504943425405,0.48260276966460314,0.48011620459564625,0.47802515981386573,0.4789315782029183,0.4767295676853115,0.4795477825243589,0.4787636252935147,0.4765310637369622,0.47486474695550135,0.4752325587592239,0.47436358055764016,0.4758961928708305,0.477706156164149,0.47521586583935577,0.47704837221258156,0.475466454158074,0.4754535735218823,0.47929833875495365,0.4753959522783261,0.47782977154569606,0.4748720128312842,0.4747452236432801,0.4747981080221044,0.47461042718517277,0.46062976172189635,0.4640747238638334,0.4694508163290663,0.46653331976326584,0.4653291626306949,0.46611510519219507,0.46309882458352103,0.4597510077570527,0.46181574678941717,0.4639035346730548,0.46271049715961265,0.4621997989389822,0.46288090381100244,0.4632197344002736,0.46305277684219986,0.462181175409483
1998-12-31,0.5661949068866624,0.5598437598464265,0.5420363413605477,0.515057992511244,0.49930126114228235,0.49043205769222287,0.48351217298625887,0.48383260153951624,0.4882831428104628,0.4858190662551739,0.4839418056174011,0.4785266046423594,0.4743918506007415,0.4678048159486751,0.46220808357253595,0.46437168763510417,0.4650322909107346,0.4690405596249223,0.4712630454821762,0.47616253589690366,0.4798573631698705,0.48106141620114357,0.48200289560939347,0.4829598830824714,0.48340908919619086,0.4914459424883931,0.4921639071236521,0.4993876174178331,0.4985951610071032,0.501643581675437,0.5000805581384355,0.4932813017836907,0.48938909516782625,0.4874116857816393,0.482148206028392,0.4810329364007489,0.480327296066883,0.47614783201077976,0.4719076089500933,0.47237299983917286,0.4727324943534408,0.4704483713292662,0.46710169726595047,0.46396006522115835,0.46070541237252643,0.4560621353867924,0.4527162851677236,0.44896704276473,0.4466539699097424,0.44524014375550824,0.44265265062762715,0.44243515352264295,0.4402039701741033,0.43988019348994933,0.4362335975613594,0.43665204711800054,0.4337949655527044,0.4316091462612502,0.4323917835106358,0.42998914083891104,0.43285231297174603,0.4319595367814188,0.4295560456773143,0.42783255224249817,0.4281327763553031,0.42712647396806547,0.42867803338375154,0.43056281900849824,0.4278270240827577,0.42980390568688215,0.428082962471043,0.4279718725954351,0.4319202795003454,0.427868296060975,0.43049991213158356,0.42727291630645814,0.4271499723000861,0.4271939198089385,0.4270269393080832,0.411391242978019,0.41486719148937734,0.4209823917435071,0.41811881090942454,0.4165847652371089,0.41729808359464304,0.4139559127996505,0.41042272300135846,0.4124469221762833,0.41460181708100124,0.4133080450067272,0.4128190511013667,0.41346695640082193,0.41393501324783777,0.41369691022344907,0.41276926538463143
1999-03-31,0.5294879608632086,0.5226205903809006,0.5035095716488425,0.4746342790916873,0.4576916461221435,0.448216969250404,0.44079477210484364,0.44114020782119034,0.44592761882470344,0.4433635354446849,0.4416331643582605,0.43571948972760277,0.4314124828231126,0.42425239335367065,0.41821602176670075,0.4206023461866282,0.4213457877931841,0.42570877735601964,0.4281316995349548,0.43337146387125264,0.4372662164241074,0.4384635820947434,0.439358171677912,0.44027732309291556,0.4405054950110483,0.4492536065066497,0.4499081956644183,0.45775777505400983,0.45701327097859074,0.46001625675146435,0.45841255430866124,0.45076516147728196,0.44657858114241056,0.4445068630432125,0.4389909035557704,0.437920070852294,0.4372067751676729,0.4328036719517681,0.4282379295591047,0.42876693339307187,0.42906745465394186,0.42663058516527314,0.422858289302918,0.41946310032304196,0.4159528764494732,0.41091848150224036,0.4072393980982351,0.40330346909887294,0.40067848195668293,0.39909668325662806,0.3963680686789803,0.3960799354101053,0.3935217731699061,0.3932046797117603,0.3893177466116803,0.38972610728425405,0.3864358720575908,0.3841815530177464,0.38476962648825225,0.3821580764831858,0.38503620449094206,0.3840177864813522,0.3814362624673875,0.3796586310369997,0.37987374812978564,0.3787201578147904,0.38025856750864184,0.3822032356062353,0.3792181031132319,0.38134180100485426,0.3794772005177872,0.3792480971814252,0.38328032991583605,0.3791014445609828,0.38193404313859797,0.37843569522844134,0.37831821537275634,0.37835122622935086,0.3782096156753355,0.36068339720098114,0.36415790161144157,0.3711224971775659,0.36835651225667865,0.366437250400546,0.367068376230959,0.3633731805127898,0.35965344988006165,0.36160737754057487,0.3638372800726506,0.3624335040782406,0.36197223140073176,0.3625712580224997,0.3631902515251443,0.36286573201414507,0.3618826509262202
1999-06-30,0.5249531171716588,0.5174936673490642,0.4972796305283006,0.4661170338013092,0.44877934678749576,0.4390916836568628,0.43137127661075425,0.4315003415315818,0.4359974980714155,0.43332686299142364,0.431054080358659,0.425075911069293,0.4204891302269177,0.4129317379686184,0.4067375061149294,0.408997396809172,0.4097834880247038,0.41405148824951576,0.4166682869430586,0.4219661911037268,0.4260811468423403,0.4273174906715273,0.428217720504833,0.42919032618152,0.42943045299738775,0.4382958200968309,0.43907022266671314,0.4469503172072703,0.4459969679839721,0.4493244262174187,0.44784251575409706,0.44010916981017034,0.43572367500814246,0.43359300128994654,0.42788056261487745,0.4267247360551475,0.4259119884605894,0.42133649917373966,0.41668947889063135,0.4172428683391159,0.417549864916262,0.4151394221982201,0.4113449599770211,0.40791261481402585,0.40430951041050245,0.39925179993584753,0.39550606457212656,0.39149282743821673,0.388950566429626,0.3873260837659287,0.3845759468018881,0.3843116258844205,0.3818005062423199,0.38145543554960293,0.37746280072294464,0.37789734857885326,0.3746388400115134,0.3722789232156878,0.3730514208436355,0.37037522288891556,0.37335030349194454,0.37234375103054873,0.36971299167754296,0.36792176527848525,0.3681695514320045,0.3669842090187579,0.36862955752580007,0.3705991551942671,0.36755253768139184,0.3697091707510397,0.36781136805199777,0.3676122064634656,0.3717359951894827,0.36740415634448387,0.3702988646164404,0.3667103820875698,0.3665816946069885,0.36661882639373483,0.36646054132189565,0.3492619154914678,0.3528505111231653,0.35961715338694705,0.35667500570039967,0.3548657980682074,0.35551375232909416,0.35181137098976833,0.3480241486599142,0.3501322510486254,0.352354343803405,0.350957455038384,0.3504891938537593,0.35115749375881067,0.3517316054680661,0.35145641324684845,0.35044106590738033
1999-09-30,0.5348939049255316,0.5267722484527608,0.505290332710034,0.4716783091030541,0.4537803584475148,0.4437985778364141,0.4357104366240543,0.4356265339223511,0.43988819715511407,0.43711524813600827,0.4343828386019284,0.42827306526015907,0.4234214392254261,0.41539634158005295,0.40899707357607595,0.4111773398655948,0.4120206169714246,0.4162631088424783,0.41910286349039283,0.4244804153539571,0.42885076628858526,0.43011099051341756,0.43099175335702766,0.4319989820980631,0.43219873971038036,0.44126889488733095,0.44213262375132745,0.4501392559456194,0.44898004985167234,0.45259959607943645,0.45122982054258515,0.44324768667993963,0.43864463094902373,0.4364531951189395,0.4305377318335802,0.4293218912679414,0.42841565176737073,0.4236658650609425,0.41889442057463466,0.41949268037850085,0.4197809095479439,0.4173843739804448,0.4134979891661003,0.4100004713229607,0.40628194178379684,0.40115045667013355,0.3972908119179108,0.3931980445354202,0.39067941184177923,0.38898590593128524,0.3862093401407888,0.3859540142172238,0.3834311121499012,0.38305642504138204,0.37894230832016046,0.37939131997416403,0.376089272151121,0.37365006262261,0.3745268652223793,0.3717732141397999,0.3748135510237877,0.3737979621147889,0.3711067978152386,0.3693038079053737,0.36956357270355117,0.3683329282579051,0.37005058423791837,0.37203152999150313,0.368913595975236,0.3711090700669404,0.369169939688409,0.36897682070576404,0.3731727548857696,0.368710383993076,0.3716747358636708,0.3679881082590909,0.3678502059561215,0.36788899327159746,0.36771985613242336,0.35055158474314363,0.35421916444171986,0.36092699513070337,0.3578592382968536,0.3560910482243664,0.3567433660385301,0.35299666785855566,0.3491370151708992,0.3513639520997067,0.35358838249733304,0.35218584071767695,0.3517176270227953,0.3524364537797651,0.3529928788574542,0.352748122766936,0.3517002841858956
1999-12-31,0.5167035640599138,0.5078476911368632,0.48493434404492053,0.44870185792700146,0.4300940023612322,0.41974745826633886,0.4112255961035627,0.4109237164075828,0.4149879038496911,0.41211698550496534,0.4089928789120384,0.40269401107243463,0.3975891223959906,0.38902971428278366,0.38238385192986163,0.38452270474024874,0.38543622778927644,0.3897120935278124,0.39280361165222977,0.3982778695034517,0.402939107760458,0.4042096585131038,0.405047856102585,0.4060741115703054,0.40618707595313225,0.4155375832545555,0.41646484115762045,0.42468144681796366,0.4233140005914571,0.42720143409929623,0.4259375435564971,0.4175594270777302,0.41271979119207536,0.4104661639401482,0.40434189578670665,0.4030880438592845,0.4020921049879545,0.39716660578106106,0.39223240151894084,0.3928950286751256,0.3931411696922893,0.39074942618890873,0.3867094506262104,0.3831227684431078,0.37926893384699506,0.3740204178259869,0.37000483414965685,0.36583203170757517,0.36328612170766805,0.36149990097303086,0.3586942363220047,0.358435014170846,0.35584924567534715,0.3554426688177838,0.35119367390934275,0.3516462359427049,0.34823503166315856,0.34574154692937303,0.34665083972739985,0.34380962636755197,0.34688552534632716,0.3458427713146883,0.3430824160947747,0.34127023739978,0.3415237288664113,0.3402364187865527,0.34199460520584885,0.34397291287607346,0.34077721870949035,0.34301531336985075,0.34102874702118346,0.34082078607427724,0.3450699512409158,0.3404984875293415,0.3435374551399901,0.3397479061174835,0.33960241512616074,0.3396406724617929,0.3394656657751036,0.3220750336905115,0.32578911262062066,0.33255616350975414,0.3294075478340766,0.3276212996120326,0.3282674372705745,0.324446068841429,0.320511239316773,0.3228263845493575,0.3250616103617853,0.3236432119447136,0.3231813919085364,0.3239344323532305,0.3244964645254097,0.3242660210602015,0.32318586197467103
2000-03-31,0.5152706966997853,0.5056017079169314,0.48108397858508667,0.4420534016550481,0.4225854707616188,0.41180686752387197,0.40278367908757673,0.402251883606059,0.40614777634262156,0.40318387623806873,0.39973229183568587,0.3931897046849585,0.3878417155691116,0.37868167903669436,0.37174896732265295,0.373881211598471,0.3748773603676161,0.37924177266201975,0.3826143040768604,0.3882015399690603,0.3931900565913977,0.3944579710285127,0.3952312496710364,0.3962626052735474,0.39624421242572355,0.4059476008821494,0.4069143699685136,0.4154210024715171,0.4138406593108128,0.41797475954197505,0.41681179931261186,0.4078933489310391,0.40279628561361347,0.4004789948825166,0.3941401936524606,0.39286950278373756,0.3917867327670069,0.38668405111424,0.38154971681011113,0.38229618227924755,0.3824774126371266,0.3800823764747062,0.3758288354738272,0.37212985407594645,0.3681211161589725,0.36271402537147435,0.3585014677307344,0.3542485868629494,0.3516265855822864,0.3497245051856609,0.34688782667036033,0.3466122638859891,0.34391444068724086,0.3434734386486993,0.33907666219317245,0.339521937279888,0.3359383003377294,0.33341543231943377,0.3342872045662446,0.3313490557509976,0.33443101013209653,0.3333436151178537,0.3305059198424124,0.32868746455976666,0.3289169582897483,0.3275621406923018,0.3293296089906771,0.3312909207209293,0.3280120302761379,0.33029584909118964,0.3282562883118578,0.3280132862408242,0.33229661486459927,0.32763747567250406,0.33075523636883664,0.32685897084640014,0.3267074003999452,0.32674298085347975,0.32656689527655486,0.30871232366964974,0.312440733142648,0.3193796856467005,0.31619371641777916,0.314332752276868,0.31496262011198817,0.31103808192741134,0.3070260701655577,0.3093999303686546,0.31165392831404815,0.31021014462502394,0.3097609616303147,0.31053244784214573,0.31112246260978327,0.3108908941212266,0.30977872506961435
2000-06-30,0.5081749097080894,0.4979107438785754,0.47237107866760686,0.43087145948667677,0.4111501583899445,0.40019507929714854,0.3908576877760183,0.39012228022448914,0.3937306018890261,0.39065027132157065,0.3866921521993125,0.380083481672921,0.37447540156173403,0.3648767718910798,0.35776691715273384,0.35979232647093035,0.3608320466194625,0.3651397863784776,0.36872968541702783,0.37437925185677273,0.3796290222629028,0.3809278758228623,0.38168663733800295,0.38277160291350265,0.3827357287202467,0.39259601687556245,0.3936575542158563,0.4022550769475911,0.40043890988899866,0.4048855369652621,0.4038363360842565,0.3946773049885971,0.3893515422312145,0.3869801971532746,0.3804602441980718,0.3791325403372689,0.37795059431892,0.37269454048482886,0.3674501107619214,0.3682478656152704,0.3684118720903616,0.36604838114664323,0.3617238120126203,0.35797615478294226,0.3538648820345357,0.348411962982487,0.3441026583727955,0.33978977274082095,0.3372160889668711,0.33525512757614223,0.3324114572877157,0.3321495841279198,0.3294656389134855,0.32898903100719473,0.3244907081118598,0.32494577823102705,0.32135261628848516,0.3187714124588681,0.31974134023574197,0.3167511646201553,0.31988299877855225,0.3187954526713154,0.31591834950988545,0.3140972599586379,0.3143445703039052,0.3129606316295362,0.3147879294187532,0.31674261628050976,0.31342747090436673,0.3157280453522163,0.3136658833782916,0.3134367764310555,0.3177746185960302,0.3130095254858681,0.31616790585301235,0.3122132662928213,0.3120511873896684,0.31208921953221413,0.3118989896447416,0.2942533325765046,0.29804923912080417,0.3048458570969622,0.30153210020372634,0.299747728886558,0.30039150620259,0.29646274742877793,0.2924023126389137,0.29490018390519623,0.2971522373260534,0.29571436039427873,0.29526360464410795,0.29608914033881994,0.2966474178083416,0.2964548980398278,0.29531793451088434
2000-09-30,0.5323329330562776,0.5219758460742973,0.4954747845376248,0.45183271578307055,0.4318801481939526,0.4207647112283439,0.41106243526908914,0.41010592679363966,0.41346176471775137,0.4102668542675061,0.40592727248101856,0.39923050002462496,0.39339436104893577,0.3833805162133296,0.37607745744429977,0.3780317683697142,0.3791087933183641,0.38340276767005266,0.38719068303599874,0.3929339430516121,0.3984266807360908,0.3997542371074888,0.40049979229067184,0.4016346816916408,0.4015650450214322,0.4116365666855728,0.4127701960940677,0.42151717424317925,0.41950557024097673,0.42420703460742076,0.42324414304501135,0.41377013107674554,0.408206058253472,0.40577891050202675,0.3990838010219294,0.3977168120546708,0.39645091746112154,0.3910457145276609,0.3856699849977796,0.38652063709403717,0.38666378919626043,0.3843092902984401,0.37987252500095786,0.3760536961283922,0.37182580851670977,0.36628801172465003,0.3618577571684791,0.35747563237193636,0.35490349035822266,0.35287447270592537,0.35001145748435386,0.3497517489706313,0.3470399626491073,0.3465334708029801,0.3419251082791687,0.3423844997700675,0.33873251381444763,0.336102290061155,0.337119726833558,0.3340665029727314,0.33723485155717675,0.33613185363289516,0.3332043729717527,0.33137643068594586,0.33162755922512627,0.3302046858326468,0.33207328290089183,0.33402484136751875,0.3306570918617342,0.3329845702806453,0.3308897909065103,0.3306574384496107,0.33504515975662935,0.33018552356310715,0.33339528129256246,0.32936873380206777,0.32919846715915235,0.329236995319877,0.3290380896671089,0.3113416009837407,0.3151870551504957,0.32196615673261014,0.3185639249537806,0.31679649743938293,0.31744341042100344,0.31347427126648214,0.30935648263409193,0.31194510410551435,0.3142057728857959,0.31276085060238923,0.31231224092037513,0.31317466361681595,0.3137250342296988,0.3135537991973524,0.3123917409062846
2000-12-31,0.5780676240321855,0.5689439938485572,0.5415291997249967,0.4959906981302641,0.4758822159353237,0.4646179073187843,0.4544676811456938,0.45324568346499594,0.4563466519377577,0.45303596309939254,0.44839157234338894,0.4415871233705986,0.4355402784010468,0.42509953356190305,0.41758384352028316,0.4194889336561768,0.42060353203000966,0.42491479808414667,0.42890319975713775,0.4347566843333739,0.44050048195450897,0.44185227567768126,0.44257798345295213,0.4437582981879606,0.44363383759842545,0.4539622186950599,0.4551523908385391,0.4640981577197999,0.4619018887828208,0.46683224305836934,0.4659450190265604,0.45607556108247194,0.4502587668795055,0.44777429171887817,0.44090339289420366,0.43951068701748286,0.4381664750752172,0.4326123516635624,0.42708366115172697,0.4279951509993175,0.4281080731067838,0.4257518537340433,0.4211660165148078,0.4172592617524821,0.4129017595516109,0.40724988891387914,0.40267459320728693,0.39821967327715957,0.3956150154441768,0.39350606626183465,0.39061878014990065,0.39035262425066225,0.3875804210556382,0.38704495273573347,0.38231839497727926,0.38277611623164853,0.37902487682385344,0.37635790387851775,0.37737959061394005,0.37425592205518665,0.3774452123333014,0.3763149234035693,0.37333011370315,0.3714949968677201,0.3717385146765237,0.370269173061374,0.3721612015758669,0.3741054445157448,0.3706773104102662,0.3730363263161402,0.37090330057002885,0.3706542689534694,0.3750832442042112,0.3701407365796572,0.37340716482024977,0.3693025025496821,0.36912535287229725,0.36916286142437427,0.36895895370312426,0.3510322274374703,0.3549090767330977,0.36175542679282247,0.35829426317146307,0.35650216451146716,0.35714473899508753,0.353112168445622,0.34893315787095686,0.35159033602112827,0.35386621910572824,0.352406305335174,0.3519634963097097,0.3528510705050504,0.3534101056082729,0.35324834489335505,0.3520611668928198
2001-03-31,0.5629176597017442,0.5595700896418054,0.5316867984416063,0.4849052771035167,0.46491807256601203,0.45355090851346314,0.4428065617300853,0.44123143908049767,0.44405187276815716,0.44062660667427495,0.4357659868575992,0.4288281269447684,0.42258848039706587,0.41169789910010557,0.4039450441712813,0.40582261909954764,0.40697706562725944,0.41133849084546975,0.41553631860986884,0.4215153456989649,0.42752680937434867,0.4288968405165577,0.42959266489776177,0.4308124408700019,0.43060644653653757,0.4412438304740468,0.4424745214971357,0.45167481637648316,0.4492990432457593,0.4544365432100794,0.4536176275539684,0.4432573065559628,0.43716969889741675,0.43462592457802696,0.4275757730394894,0.4261717343714928,0.42475314310984486,0.4190484109667169,0.41334093181667586,0.41432403396760514,0.4143941246452431,0.4120264681918311,0.40724909774017554,0.40323595029366655,0.3987334688916666,0.39293531791743347,0.3881863197828682,0.383655378566402,0.3809812370433782,0.3787773485459755,0.375861469617402,0.375579455917987,0.37271051776562697,0.3721459912375011,0.36729107174078185,0.36774013822900775,0.363843785871987,0.36115439915784026,0.3621322915420495,0.358929616233498,0.3621216014623844,0.3609508302276475,0.35790093855462385,0.3560590598878663,0.35628210147395034,0.35475752386281073,0.3566528095827701,0.3585833359212894,0.35508682680941495,0.3574820315731162,0.3553047183202235,0.3550241031558511,0.35948372112834803,0.354471110138925,0.35779991209262835,0.3536104681021528,0.35342771603937545,0.353462517343644,0.3532575317596186,0.3349074569982802,0.3387948330215098,0.3457990625146703,0.34231078466275855,0.3404492362923654,0.3410793063673943,0.33695866113593537,0.33271450250093526,0.3354172651639287,0.3377150328369365,0.33623188433618106,0.33579920545733993,0.33669962290855887,0.33728514131055976,0.3371204324900686,0.33590789639103813
2001-06-30,0.5604847438090153,0.5648940153740666,0.5390523591206784,0.49220443700913674,0.473729329441466,0.462546158603411,0.4511996390687729,0.44929482568157686,0.45176760887437684,0.44818108780870836,0.44292613666810055,0.43594041004021006,0.42947413626418346,0.41812851156675723,0.41016536014393523,0.41196543042249933,0.4131553764254486,0.4175077300250713,0.42192920668260026,0.428001313724899,0.43430271777663493,0.43570007318266124,0.43637038790383975,0.4376473253436908,0.4373871860081879,0.4482681060844219,0.44956417825709827,0.45895359687325016,0.4563446080444691,0.461755169487019,0.46103024824717154,0.4502383454661081,0.44387139536679754,0.44127147584213444,0.43404400596837367,0.4326140684401304,0.4311029446648084,0.42525075899696735,0.41938652955832756,0.42044401836572187,0.4204762034807331,0.4181251102873456,0.4131992481153731,0.409104990568001,0.40447196487240744,0.39857283504523683,0.39367659553591117,0.3890850509632555,0.3863947798611571,0.3841076972114002,0.3811831576620021,0.38089747564450727,0.37798074809505816,0.37737861417959145,0.37240966547118015,0.37285241260531565,0.36887029419415074,0.36615939715908347,0.36713525447988604,0.3638745539923728,0.3670738225224316,0.3658795040042178,0.3627835703689748,0.3609430254709368,0.36116064188390185,0.35959657086709557,0.36150583697299477,0.36341067867797355,0.3598761121413422,0.3622878289276901,0.3600835904527996,0.35979002413030897,0.3642764588668625,0.35919409080288484,0.3625620801836186,0.3583182563202037,0.35812698925097586,0.3581611613899448,0.3579484494596288,0.3394902238981298,0.34339890355144,0.35040963100933253,0.34685713759133024,0.3449961564073073,0.3456276909889401,0.341469677938093,0.33717903913147496,0.33996082322265964,0.34226931623371337,0.3407798122398892,0.34035334211651685,0.3412840822183703,0.34186822793664084,0.34172090292985996,0.34048667758326234
2001-09-30,0.5582241064459391,0.564067935562917,0.5608896522894202,0.5191000580818881,0.5053858510125866,0.49497142355792295,0.48273559000332056,0.48041097408223576,0.4824763635709526,0.47868867322486175,0.4730031608369463,0.46600303544143146,0.4593052749361715,0.44748864448942893,0.4393105739414807,0.4410269362315169,0.442251196169829,0.4465914879670737,0.451247465709571,0.45741070995409094,0.46402234515373025,0.4654475578487912,0.46608833593996113,0.467426740578947,0.467106316956157,0.4782404576171332,0.47960150738851576,0.4891917037257102,0.4863312026451684,0.4920271321882802,0.4914013510454796,0.48013618668774916,0.47347212737539646,0.4708156831559559,0.4634089246950298,0.4619568546522671,0.4603483513759329,0.45434829609480454,0.4483183060001294,0.4494585323391336,0.44944676411908735,0.4471166665146315,0.44203055181306816,0.4378523973240294,0.43308353286634965,0.42707945444756834,0.42202688479734635,0.4173782212589644,0.4146684127664628,0.4122927188669177,0.40936441965993375,0.4090736105946444,0.406104325588037,0.40546110826603565,0.4003765894014145,0.40080929710242374,0.3967344036167363,0.39401160215568903,0.39497013437636364,0.3916538358493112,0.3948501828214852,0.39363015408169644,0.3904903984489392,0.3886546497665305,0.38886425927730306,0.38726095643722724,0.3891752014960456,0.39104543362379596,0.3874792445665674,0.38990282308675817,0.3876743908694778,0.38736528031652095,0.3918701458355235,0.3867263696795016,0.39012826727629674,0.3858374473199675,0.3856373246836392,0.3856705598336932,0.3854500641398023,0.3668798494008326,0.37080034784484484,0.37781785019587105,0.3742074061710504,0.3723449022091675,0.37297792999169965,0.36878607776177197,0.36445357598291844,0.3673125596279566,0.36963182916044846,0.36813712676459165,0.36771821711277297,0.3686780979032277,0.36926172066569085,0.3691316353217925,0.36787696334689823
2001-12-31,0.5560591915779501,0.5632499090645762,0.5614086613155387,0.5509553988042373,0.5516402928145855,0.5435794515973245,0.5296624627086,0.5266731109909223,0.5282021277808024,0.5241430959502891,0.51797245149295,0.5110113761159826,0.5040769671905866,0.4917752920753482,0.48338194755436154,0.485007975888387,0.4862624707517432,0.4905870968533966,0.49548490644424387,0.5017370174511433,0.5086832425662617,0.5101372732653986,0.5107445171455478,0.5121500850024288,0.5117661178991828,0.5231610417530026,0.5245872271448919,0.5343883953441677,0.5312529446205821,0.5372496209949211,0.5367278732049061,0.5249461307279084,0.5179657769552023,0.5152523458017162,0.5076651340850544,0.5061946365038407,0.5044831100996969,0.4983346998696116,0.4921302048748416,0.4933621147319063,0.49330067377133396,0.49099687058316954,0.4857390832671107,0.48147448513423347,0.47656492643456,0.470453073053039,0.4652352788373354,0.46053336779501636,0.45780207881131213,0.45533332522020975,0.4524069007960626,0.4521103612460007,0.4490848755377003,0.4483968586883387,0.44319623531718794,0.44361557319661293,0.4394420542466323,0.4367172108462495,0.43764458485142965,0.4342758802999353,0.43745924066887926,0.43621306182918385,0.4330319527222907,0.4312050030354521,0.4314050446600737,0.4297631024823739,0.4316740827717179,0.4335003462969234,0.4299102328424319,0.4323410839665558,0.43009163040881543,0.4297646939928952,0.4342800353282886,0.42908345933947134,0.4325138900410395,0.4281836822985863,0.42797427207620464,0.4280062968321267,0.42777779768843044,0.4090988301240371,0.41302191809681615,0.42004300691219154,0.4163799749507278,0.4145154115805835,0.415150241230749,0.4109291862221823,0.4065598191579778,0.40949501919152526,0.411824873909435,0.41032650983291824,0.40991644701509533,0.4109047028537825,0.4114880498293696,0.41137555326749253,0.41010174848455
2002-03-31,0.553933447266271,0.5623720864032073,0.5616708805972579,0.5522689804752126,0.5811859933639629,0.5798536993337251,0.5619236578452731,0.5575674491834811,0.5582169736282545,0.5537564290210928,0.5470312617387523,0.5401958593109393,0.5330218046030287,0.5202240675766108,0.5116221204957704,0.5131530980223131,0.5144288149501521,0.5187364805389779,0.5238764605121147,0.5302154909175443,0.5375279171814796,0.5390116669399545,0.5395806563719444,0.5410604054722036,0.5406138806362177,0.5522750530841031,0.5537663578123716,0.5637882339841755,0.5603463139740903,0.5666623511353179,0.5662480097272494,0.5539013939407746,0.546584432782868,0.5438134490324997,0.5360464195518608,0.5345617305502008,0.5327408087575746,0.5264436221054737,0.5200558106574635,0.5213894514433519,0.5212728319923222,0.5190014025425159,0.5135597842385956,0.5092059726919475,0.5041516365917323,0.4979299806016103,0.49253767336153065,0.4877868530422109,0.48503298177151843,0.48246824928589177,0.479550126414513,0.4792485257041869,0.476163549503818,0.47542686437880216,0.4701113378889765,0.47051466386327156,0.4662366844747481,0.4635203644964078,0.46440391002834186,0.4609868515820102,0.46414716242699255,0.4628772764208855,0.45965715920342387,0.45784381155555276,0.4580342016785186,0.45635436526686224,0.45825481070362867,0.4600272472624878,0.4564224825832013,0.4588568493414003,0.45658986408321434,0.45624275254459,0.46076150819147454,0.455521451336741,0.4589756497285912,0.4546131178531948,0.4543939364556626,0.45442447658783613,0.454187691153555,0.4354055266232919,0.43932198177084336,0.4463422972676162,0.4426317710090354,0.4407650847424363,0.44140210216128384,0.437156873802508,0.4327557919259757,0.43576651668704447,0.438106702305177,0.4366063505359839,0.4362064236628428,0.4372224182858073,0.4378055652464312,0.4377111911217645,0.43641960541584357
2002-06-30,0.551806408908875,0.5613865107679519,0.5616416267122293,0.5530461900136575,0.5836348748189637,0.6136432885683952,0.5847338350187856,0.5770623679545104,0.5758773827353723,0.5707817518967565,0.5634180152861653,0.5568589769730077,0.5494257537775056,0.5361309172320279,0.5273160957866145,0.5287356328025364,0.5300342094438172,0.5343062770112658,0.5397069607807824,0.5461282260488522,0.553818219473336,0.5553368741834599,0.5558691110247371,0.5574313707982108,0.5569131708724053,0.5688528099417298,0.5704119228122504,0.5806644719145571,0.5769068690012855,0.5835548181482801,0.5832568774027087,0.5703086784756151,0.5626296047063877,0.5598001068559639,0.5518473876415391,0.5503506460042082,0.5484147273123192,0.5419670575142862,0.5353862696663475,0.5368287375565108,0.5366519381044355,0.5344169571317812,0.528781097398503,0.5243352828999313,0.5191275353168558,0.5127914251245761,0.507215748051526,0.5024183045036512,0.49963960756244297,0.4969710817097208,0.49406577544880503,0.49375580885098513,0.4906082456032976,0.48981903203646615,0.48438353166624704,0.4847657265107512,0.4803790407471552,0.4776794860109931,0.4785032577033105,0.4750396166987908,0.4781664598514705,0.4768660571090336,0.4736100835896434,0.47181297643479764,0.4719891204871095,0.47027186387774134,0.4721514303091108,0.4738611178361798,0.4702466177945855,0.47267716631264634,0.4703955265160752,0.4700263419513645,0.47453824821507906,0.4692618070699794,0.4727320781017333,0.4683470833886342,0.46811760888113296,0.46814637696225037,0.4679009929662578,0.4490219587979689,0.452922382658575,0.459936946229335,0.4561839738233499,0.4543152624538733,0.4549548110523167,0.450690600685863,0.4462630784675136,0.4493488060189741,0.45169903668367595,0.4501984252378396,0.4498099647253764,0.45085312741403455,0.4514361082763423,0.45136046126152063,0.450052471481887
2002-09-30,0.5496504453369637,0.5602612742452258,0.5613022498468152,0.553300555122251,0.5855205525563546,0.6156866657009087,0.5371926241386356,0.5207170864451356,0.515215268312659,0.5089322095781479,0.5009326550338218,0.49494572969331146,0.48725004151939805,0.4734702005637765,0.46445476774760197,0.4657527693073463,0.46706586287298424,0.47129146442055986,0.47695637833956805,0.4834559011523642,0.49155053472191174,0.4931082665717053,0.49360283539505034,0.495257449854772,0.49466685918894876,0.5068930556693708,0.5085214545116601,0.5190144682028679,0.514915308375542,0.5219132553155565,0.5217368857339995,0.508139786838935,0.5000728514990167,0.49718382243789616,0.48904377367076707,0.48753855616169767,0.4854809809689737,0.4788815435172775,0.4720980427790108,0.47365872630365835,0.47341687592057435,0.47122379201432535,0.46538141058178656,0.4608402750223855,0.455472603190962,0.4490187905281545,0.4432499897022228,0.4384092722544165,0.43560451356843943,0.43282768603649235,0.4299411582685545,0.42962221726201505,0.42640899309684543,0.42556324286871655,0.42000663628120233,0.42036414910248826,0.4158636152113144,0.41319068008077786,0.41394078677571566,0.4104339722257214,0.4135169484200721,0.41218549002243293,0.4088962866759703,0.4071196761490805,0.40728007582200454,0.40552603348370586,0.40737640414865245,0.4090135604551391,0.4053973408641398,0.407818970166845,0.4055260223598772,0.4051324887473927,0.4096293619541194,0.40432524175882667,0.40780566586259037,0.4034063683808923,0.40316604119383526,0.40319273284669066,0.40293841494590854,0.3839691858911489,0.3878441086206166,0.39484775999370436,0.3910573749927111,0.38918674884424154,0.3898291726878158,0.38555126450290284,0.381102621640412,0.38426288501471695,0.3866228952591986,0.38512378841070194,0.3847481537917391,0.38581791807593924,0.3864007799355229,0.38634452678599707,0.3850215353439611
2002-12-31,0.5474480620997029,0.5589772895621636,0.5606468381793246,0.5530546376897819,0.5868739655565742,0.6171884104733921,0.5398279100443537,0.48552893484955684,0.4694491003817181,0.46059132166804906,0.4522695892541516,0.44750753728619436,0.43958042877678094,0.4253645834612183,0.4161717402827692,0.41733634582998874,0.4186541011511125,0.4228185427399783,0.42875039507403434,0.4353226805067848,0.44384953905970015,0.445452130837862,0.4459097912757857,0.44766823553786983,0.4470049239127082,0.45952651287458085,0.46122615516485505,0.4719694450030938,0.4675033138157342,0.47486977595164737,0.47482043842866933,0.4605260790550482,0.4520429310552587,0.44909313822567565,0.44076363941657115,0.4392534267619258,0.43706728471101036,0.4303144469353298,0.4233180330398602,0.42500630810526163,0.42469485954018116,0.4225489760767078,0.4164874505299243,0.41184732067719054,0.40631233638348185,0.39973714385162895,0.3937651060533196,0.3888841205461969,0.3860520871658707,0.3831621417595886,0.38030030633720135,0.37997153095267566,0.37668963422435164,0.3757832648237863,0.370103838147511,0.3704328997831948,0.36581353279606654,0.36317694646175935,0.36383916322438037,0.36029248240047074,0.3633210373359408,0.36195740633282114,0.3586376426679906,0.35688573377831834,0.35702862750600267,0.3552383888915721,0.35705102026743674,0.35860580303018974,0.354995670335153,0.3574029672680895,0.35510203552231,0.3546818427547209,0.3591552595337739,0.3538320894890815,0.3573164652777324,0.35291128109297754,0.35265950382948497,0.3526837959259862,0.35242018797237973,0.33336769986442905,0.3372075199015766,0.3441948492110505,0.34037208981596023,0.3384996726964834,0.3391452813401899,0.33485903885502455,0.33039465993499506,0.3336290699248235,0.3359986040422196,0.3345027949591401,0.33414138596397347,0.33523720113459904,0.33582000738309437,0.33578386533933613,0.3344472985238397
2003-03-31,0.545189673281808,0.5575255865692965,0.5596794338413984,0.5523377428131602,0.5877288869917772,0.6181929022223042,0.5418842590988077,0.4879249628701703,0.32832695787547206,0.31312592858440064,0.30568519449143505,0.3037341046705373,0.2957374845710129,0.2812316996466636,0.27190786986619286,0.272924335138812,0.274234014469152,0.27831818225501526,0.28451812986928754,0.29115536734988157,0.30014367066353914,0.30179874627716285,0.3022221283026864,0.3040977013827566,0.303362039636868,0.3161885255618047,0.3179618004548608,0.3289651482464313,0.324106661604281,0.3318607495572973,0.3319440929141276,0.3169027575099635,0.3079723618593347,0.3049603570538677,0.29643892136046657,0.2949271371183949,0.29260524065231763,0.28569702470280833,0.27847702389954015,0.28030230535548,0.27991705592907623,0.27782355964076366,0.27152987904620096,0.2667867043250232,0.2610761748830935,0.254375524433225,0.2481897513015984,0.24327117320937167,0.24041070770884876,0.23740260327428497,0.23457135811991642,0.234231700637934,0.2308781908846982,0.2299070420500832,0.22410258671905903,0.22439924669279324,0.21965620892406437,0.21706560514974046,0.2176254295914541,0.21404212716272758,0.21700555574629657,0.2156082044343287,0.21226057959720465,0.21053756359825235,0.2106610017199606,0.2088351144291834,0.21060128963131525,0.212063780467653,0.2084674008999764,0.21085469176251787,0.20854908747198841,0.20809988258524384,0.2125412340015292,0.20720760007337904,0.21068948496617174,0.20628704473681914,0.20602318022180943,0.20604472998049683,0.20577145391645296,0.18664293039681512,0.19043791685614717,0.19740324932008435,0.19355315210423918,0.19167908470693906,0.19232815176671392,0.18803901983742494,0.18356435362057297,0.1868726039014028,0.1892514168330091,0.18776072815010786,0.1874149855848979,0.1885363186254173,0.18911914871042868,0.18910388924715973,0.1877551978396212
2003-06-30,0.542871767296765,0.5559050561149614,0.5584116920721058,0.5511839827963353,0.5881210026646351,0.6187431322420448,0.5434109559677429,0.4898767828762874,0.3318836118936401,0.2443854144023821,0.24126916219778022,0.2462464196095423,0.23874559838571058,0.22436182848141462,0.21500636418378605,0.2158523821078244,0.21713477254454705,0.22111357895615172,0.22757965718564038,0.2342704901195976,0.24375301516896936,0.2454703046351823,0.24586410121362817,0.24787216760678882,0.24706577743592006,0.26020716577902697,0.2620568056626635,0.2733298938846809,0.2680528598105364,0.27621457136581506,0.2764362339495416,0.26059630766553993,0.25118491020741274,0.2481090346040855,0.23939303631756087,0.23788312258253444,0.2354179611312838,0.2283520640483969,0.2208973282102628,0.222869175620155,0.2224062849740303,0.22037031219204872,0.21383099765833566,0.2089803245616764,0.2030852719116451,0.1962547586240055,0.18984432890275516,0.184890548945418,0.18200060952746366,0.17886924751421795,0.17607454287054541,0.17572290084336578,0.17229492094850946,0.1712547485488889,0.1653227530687248,0.1655829580784476,0.16071153007298458,0.1581765168025878,0.1586192842859508,0.15500262325244116,0.1578900782174931,0.1564573355640878,0.15308455294384327,0.15139468419537155,0.15149668334540065,0.14963566195943814,0.15134659761061542,0.15270676659177881,0.14913181411777782,0.1514932737688041,0.14918631799746745,0.14870568966206887,0.15310628915229083,0.1477708055358591,0.1512436023561624,0.14685266656563678,0.14657603553416923,0.14659447975753068,0.14631113387223435,0.12711414020566922,0.13085443754978654,0.1377918072371621,0.13391939705120381,0.13204384582818107,0.13269660923154203,0.12841012013836864,0.12393067962109916,0.1273125545194375,0.12970041212596753,0.12821669797905133,0.12788810417688884,0.12903444301439454,0.12961739000503048,0.1296238446805013,0.12826450481733684
2003-09-30,0.5404954038256904,0.5541205752742812,0.5568609237485598,0.549630655190014,0.5880871039544244,0.618880555987628,0.5444556035405759,0.49142052354826654,0.33539631865701003,0.24881005927861105,0.27759019884441294,0.3007332509801234,0.29539479143227576,0.28228722138585716,0.27312718288108406,0.27375617916645417,0.2749765421562319,0.27881314966669757,0.2855374943800085,0.29226480784560666,0.3022799555050657,0.3040717794749679,0.30444319298598477,0.3066014902355863,0.30572759755244494,0.3191944212737162,0.32112346873775177,0.33267580469260954,0.32695293447994017,0.33554329333561755,0.3359088359841508,0.31921655947473426,0.3092875742249804,0.30614596018492946,0.2972327136460786,0.2957281595282934,0.29311188120584614,0.28588566998942105,0.27818456247446277,0.280312711873616,0.2797687256414586,0.27779538056468284,0.270996455851399,0.26603340808614845,0.25994411006965124,0.25297901734614725,0.246332566189308,0.24134569027771424,0.23842538024918233,0.23516565494136024,0.2324135136785732,0.23204876758832682,0.22854355802979776,0.22743002987393457,0.22136772493160106,0.2215873393122621,0.21658292571716253,0.21411309862205902,0.2144240203364773,0.21077730696252214,0.2135778015173711,0.21210795884996947,0.20871271944513808,0.20706033854906927,0.2071389273757292,0.20524325580460162,0.20689013579525561,0.20813783120561186,0.20459202894848272,0.20692170688070635,0.20461673714277628,0.20410221149496924,0.20845332727817625,0.20312465340712635,0.206581629728754,0.20221106806284506,0.20192094673121896,0.2019359010007225,0.20164205810139962,0.18238455832794473,0.18606018893049514,0.19296330716598223,0.1890735869892353,0.18719675437434277,0.1878534156795399,0.1835751958142462,0.17909655936969276,0.1825519432088453,0.184948621955197,0.18347377014833544,0.18316384980639738,0.18433470733966273,0.18491787507831775,0.18494694149272578,0.18357845553711583
2003-12-31,0.5380649888608127,0.5521814574426858,0.5550484689907867,0.547716897185924,0.5876643916072352,0.6186449510029747,0.5450639569982547,0.4925914355751923,0.3388461944596084,0.25327362212085913,0.2810503169234759,0.3294003509566594,0.33078297712038585,0.32220594862054375,0.3137942738779793,0.3140828666925829,0.3151658813714532,0.3187938429328927,0.32575503262462835,0.332491620297799,0.34308624923863706,0.3449682768327675,0.34532771171498566,0.34765675623065806,0.34672055020184755,0.36052401589832517,0.3625358161099939,0.3743766426455718,0.3681794618584767,0.3772206087182525,0.37773549286981056,0.360134816629729,0.3496486825378232,0.3464392555864245,0.3373260434247615,0.3358303987999414,0.3330548039312496,0.3256653012187849,0.31770567652994547,0.320000045510094,0.31937192132155684,0.31746627682436535,0.31039325644260074,0.3053125162373479,0.2990184704503923,0.2919137629766625,0.28501946632494835,0.2800012979458507,0.27704988372601036,0.27365668918434616,0.2709532093817726,0.27057422512822094,0.26698913852525363,0.26579783074452756,0.2596021799359324,0.25977698464028887,0.25463513225801493,0.2522400678305729,0.25240423963903,0.24873082771281543,0.25143323556859754,0.24992455069788105,0.24650955315329715,0.24489909048407446,0.24495231533945233,0.2430224465368033,0.2445964286715117,0.2457213758468767,0.24221249824382202,0.24450431420993093,0.2422046853933013,0.24165372563584198,0.24594658530527086,0.24063342307439245,0.24406770592512972,0.23972650004128304,0.23942211759449583,0.239433175383745,0.23912838098018285,0.21981879293884596,0.22341965841446002,0.2302818815983828,0.22637982286178665,0.22450195713766852,0.22516268026109632,0.2208984565619213,0.2164262693857788,0.21995515613900968,0.2223604427185351,0.2208963767828389,0.2206066980834679,0.2218016163188914,0.22238511679546222,0.22243776444975705,0.22106166187148332
2004-03-31,0.5355872830108137,0.5501001788845331,0.5529983561006004,0.5454825819992588,0.5868898845136261,0.6180742893583842,0.5452797695389355,0.4934236845282727,0.3422181767511325,0.25776688542991616,0.28459459888889976,0.33287782219123746,0.3327109589229552,0.3379380111566109,0.3316973884661983,0.33128373122371435,0.3320431104785352,0.33531287425588296,0.3424538494015117,0.3491527057659422,0.3603862757512585,0.36237876332161095,0.3627408685563124,0.3652645108821079,0.36427364890446273,0.37842588721296333,0.3805240973976308,0.3926622824797007,0.3859610687961585,0.39547636272278375,0.39614593001289905,0.3775783708279016,0.3664924027352993,0.36321288555295006,0.3538969857626869,0.35241387668565444,0.349470415682106,0.3419142838697402,0.33368346489643796,0.33615415474202426,0.3354392887954786,0.333606385338113,0.3262442643512032,0.3210400528313323,0.31452993341379265,0.30728024654041064,0.30012580479626466,0.29507782394244503,0.2920947516935553,0.28856298265214686,0.2859143376973266,0.2855199641922791,0.28185247967058913,0.28057887294865047,0.2742465554832819,0.2743722439448609,0.269088661081593,0.26677790705207327,0.26678031354864223,0.26308360582027734,0.26567666038359583,0.26412735058131276,0.2606952919598734,0.2591312687367386,0.2591571938874748,0.257193548977356,0.2586857677188733,0.25967756883116166,0.2562134384275274,0.2584611738631659,0.25617025827329065,0.2555802644045565,0.2598060556550845,0.2545171441769952,0.2579217113215699,0.2536189607519133,0.25329949674192354,0.2533062284440962,0.25298999894522856,0.23363724684426415,0.23715312873144798,0.24396742681344577,0.24005796012801356,0.2381793646238814,0.23884427424612803,0.23459988030804732,0.2301398558874547,0.23374235877348168,0.23615604985169703,0.23470473099364814,0.234436906921807,0.23565546102394477,0.23623941207773372,0.2363166881862987,0.23493452646822235
2004-06-30,0.5330706051117269,0.5478913401873777,0.5507362058200718,0.5429674260992097,0.5857999262727909,0.6172046301441494,0.5451446582082984,0.49395016470550507,0.34550052865845327,0.2622790452975545,0.28822775246744975,0.3364626667276838,0.3363476713331922,0.3809985615130204,0.380775607754676,0.3785556594178162,0.3784930146561996,0.3810162372357212,0.38818073447021817,0.39475046553330306,0.40670098748468664,0.40883109353257474,0.4092164663211766,0.4119626798566933,0.41092804616777473,0.42544250640126946,0.4276311333554385,0.44007502975366586,0.432838747840831,0.4428528967940609,0.4436823402385315,0.42408682500828476,0.4123550664626815,0.4090029853009512,0.3994817077575673,0.39801485711542894,0.39489463202428754,0.38716815739396937,0.3786529112021562,0.38131021090197825,0.3805064647219697,0.37875131071934964,0.3710845534601377,0.365750609738527,0.3590122232204882,0.3516118527927548,0.344184472722461,0.3391078141242494,0.33609272731373596,0.33241728164924483,0.32982972093917085,0.3294187889809432,0.3256665264586366,0.3243060019443278,0.3178333967544873,0.31790557137764086,0.3124761465318085,0.3102592131542809,0.3100847320720127,0.3063681825521203,0.3088404757022386,0.30724871387769137,0.303802290012983,0.30228932040286793,0.30228602983163755,0.30028899710817814,0.30169056720269216,0.30253870035376407,0.2991271861684953,0.3013244766888816,0.29904566426157986,0.29841397225432037,0.30256384463783137,0.2973079560159193,0.30067562806413706,0.2964205552085052,0.29608513685146665,0.2960870887247091,0.2957589096273695,0.27637247503998885,0.2797930350252128,0.2865519604290969,0.28263996657441265,0.28076100833767714,0.2814301880767029,0.2772115700563007,0.2727694916422896,0.27644585268923494,0.2788677547766436,0.2774311837580976,0.2771868735822689,0.2784286758521369,0.27901319914404565,0.27911623447354406,0.27772960005891245
2004-09-30,0.530524198989325,0.545570826915953,0.5482883458959171,0.5402102792026995,0.5844297815773357,0.6160700351473094,0.5446979949700472,0.4942023394018443,0.3486843884460622,0.2667983720388133,0.2919486600519158,0.3401569659974448,0.34002850606723106,0.3842194980473805,0.3879626795510256,0.3804819887254594,0.3781970748353737,0.37890401332090734,0.38564798442924964,0.39188571140839873,0.40465816114626807,0.40696505357006413,0.40740335014741247,0.4104054068727851,0.4093422716567341,0.4242343302124007,0.4265178161275274,0.4392750785080406,0.43147132400154503,0.4420105565237975,0.44300488212953193,0.4223175907926121,0.4098906733055929,0.40646336658749976,0.3967340987461182,0.39528735208287524,0.39198112321443135,0.3840801998538276,0.3752667123058213,0.37812110418056344,0.37722683149405195,0.37555440522032363,0.3675669336816966,0.36209649276960054,0.35511673251641773,0.3475596252147877,0.3398460002447725,0.3347414305573242,0.3316941886294005,0.32786997098671833,0.32534982100821924,0.3249211430779194,0.3210818776916544,0.31962971258421413,0.3130128832592383,0.3130270523220575,0.30744787262346585,0.30533422453493364,0.30496763137441407,0.3012347483282882,0.3035747288152865,0.3019386420530851,0.2984805476105723,0.2970233416545634,0.29698894207607984,0.29495887589646963,0.29626089666238986,0.2969547144048924,0.2936037314920851,0.29574406007689447,0.2934807587360464,0.2928046392712846,0.2968697067111079,0.2916556425755548,0.294979075580989,0.29078103011688494,0.29042872947743414,0.29042542251216397,0.2900847465613454,0.27067471882172384,0.27398949856769006,0.2806851550824675,0.2767754561202432,0.2748965742760441,0.2755700646563169,0.2713832871085866,0.26696500923398203,0.27071560891974145,0.2731455383456224,0.27172575733816184,0.2715066682410302,0.2727713720785503,0.2733565912527862,0.2734866060508415,0.272097115342751
2004-12-31,0.5279577361203193,0.5431551387539135,0.5456811053126025,0.5372485717997247,0.5828133140938123,0.6147025090346611,0.5439768256405427,0.4942101103330724,0.3517633629773324,0.2713127347121618,0.29575173643009856,0.34395650881046014,0.3437694064133179,0.38745807794760734,0.39152019289099455,0.3375845484834876,0.3289940398380844,0.32487653663963767,0.32988298539429717,0.3352865517838568,0.3490247369947145,0.35157251189053673,0.3521086816139394,0.35540707306528924,0.3543368994383769,0.3696247659658862,0.37200814535138127,0.385085483218517,0.37668045530843364,0.38777275149229745,0.3889367289018587,0.36709095757017157,0.35391597357240545,0.3504106018321076,0.3404708619553072,0.33904821776994176,0.3355464172955389,0.32746653033526296,0.31834037995522524,0.32140254638124144,0.3204166199845796,0.31883187294310167,0.3105070558839459,0.3048928255491895,0.2976576239318127,0.28993736795563774,0.28192365707845174,0.27679155045032544,0.2737122486487727,0.26973417430290564,0.2672878396493451,0.2668402098673384,0.2629118867378103,0.26136324953972834,0.2545979288858711,0.25454950339914495,0.2488168733159665,0.24681592144813005,0.24624189383905626,0.24249624306969156,0.24469221453473952,0.2430098832324802,0.23954281167685382,0.23814617861099555,0.23807880286901437,0.2360160224249088,0.23720958217186022,0.23773830967619883,0.2344558190584791,0.23653250920326008,0.2342881452691337,0.2335648021647854,0.23753614564391387,0.2323727339802923,0.23564441192518512,0.23151287521676858,0.2311427062680346,0.23113363497881367,0.23077988028125954,0.21135700710524585,0.21455542772397188,0.22117943893083222,0.21727678933182196,0.21539850331262436,0.21607629954744695,0.21192755131031424,0.2075390013927479,0.21136436845876147,0.21380215142159534,0.21240124587001127,0.21220913472010255,0.21349643862122705,0.21408247758883844,0.21424078765662283,0.21285008807995592
2005-03-31,0.525380931090826,0.5406608607038177,0.5429402613958809,0.5341178976217515,0.580982737445787,0.6131319640345145,0.5430158174350501,0.49400171698076506,0.35473316313451697,0.2758100123554986,0.29962807182903234,0.3478523407520132,0.34757756262483336,0.39073985075249107,0.39504381762810703,0.3410102469034955,0.2895640407329907,0.27199912982871455,0.27121935032214106,0.27446317388927194,0.28936416846780005,0.29227659365737546,0.29298409888124477,0.2966302684078843,0.2955836070560556,0.31128958897177667,0.3137787256308164,0.3271815503457256,0.3181400752960878,0.329815486876618,0.3311535854994219,0.30807966221629773,0.2941000639866128,0.29051361931220837,0.2803611149435918,0.27896675822892186,0.27525951301492857,0.2669957205659499,0.2575418524412991,0.26082268358970034,0.259744521938789,0.25825238394010075,0.2495730276144048,0.2438071642838563,0.23630144216427068,0.22841125840563223,0.22008306379653322,0.21492337541575757,0.21181236595706945,0.20767536455400215,0.20530932865146972,0.204841522597066,0.20082227210038395,0.19917221751841374,0.19225379125508713,0.19213808160492007,0.18624854223293522,0.18436963554226798,0.18357275719248717,0.17981796547727247,0.18185808411144017,0.18012754105238454,0.17665418462018698,0.17532303643170494,0.17522084697772225,0.17312563495498692,0.17420181534901755,0.17455454830208483,0.17134855697745516,0.1733547655048606,0.17113278413269717,0.1703593525368051,0.17422802274420815,0.16912411482512263,0.17233634172397577,0.16828093148947681,0.16789184703787588,0.16787647818151352,0.1675090262562934,0.14808476526932088,0.1511561264747125,0.15769960336165229,0.15380868105500006,0.1519315988451296,0.1526136484465785,0.1485092486682577,0.14415642872957937,0.14805725024435623,0.15050272292314637,0.14912282344554914,0.1489594987030778,0.15026915033159985,0.15085613162233347,0.15104415457855747,0.14965392571477026
2005-06-30,0.5228032502744817,0.5381042535989302,0.5400906163645457,0.5308517109015294,0.5789684310479718,0.6113862081494641,0.5418472345010512,0.4936036652345852,0.3575912786068616,0.2802784108864932,0.3035663874013988,0.3518320628961088,0.35145335058401106,0.39407964004044027,0.39856697189525336,0.34459106684378504,0.293887721369832,0.28291920603042375,0.2637513257255215,0.2612306326701906,0.2775413459579459,0.2810944984230361,0.28210479157782453,0.2861700226797486,0.2851912966189485,0.30134331472572606,0.30394515426383395,0.3176770278100668,0.3079626568107962,0.32025376451795523,0.3217700683249557,0.29739537287961554,0.28255091721702813,0.27888022866933726,0.26851291605125976,0.26715125260640976,0.2632284191509909,0.25477533196164115,0.24497803302923155,0.24848863582781117,0.24731822891985497,0.24592361533308182,0.2368719567993432,0.23094604060147925,0.22315365396796738,0.21508638801743096,0.20642873140067167,0.2012409686681233,0.1980988835641131,0.19379790266834368,0.19151872808371762,0.1910295024197909,0.18691765611551078,0.18516111957908737,0.17808460904464135,0.17789682139326904,0.17184717053828158,0.17009958747071546,0.16906435172257114,0.1653041104110488,0.16717638227292528,0.1653956115388705,0.16191866126694326,0.16065801646978212,0.16051920890248478,0.15839181005275083,0.15934169042064303,0.15950739266863195,0.15638595366991756,0.158314663105564,0.15611852877541132,0.15529207315569699,0.15904909306432166,0.1540135604460053,0.15715845197031236,0.15318892730555506,0.1527798157692648,0.15275758699026032,0.15237578073998798,0.13296235253293232,0.1358958315005212,0.14234933895155977,0.13847473621830797,0.13659956273989665,0.13728576296838307,0.13323216736474647,0.12892115589596695,0.13289828763387562,0.13535129634987064,0.13399458069808046,0.13386190444986318,0.13519370481885593,0.135781747955042,0.13600100973654358,0.13461296454296545
2005-09-30,0.520233697149657,0.535500944357516,0.5371556828830799,0.5274811205115939,0.5767988128331879,0.60949095526206,0.5405009398424343,0.4930406837467657,0.360336689222225,0.28470670156359995,0.3075538273472861,0.35588091119687804,0.35539196199980805,0.39748380125466953,0.4021108914524124,0.34832631772153566,0.2983865448956887,0.28471997106954194,0.16523682022935793,0.14696538317003902,0.16484349062771367,0.1697028330425476,0.17127829582033338,0.1758771571737016,0.17503275535644638,0.19166533953543202,0.1943878223294831,0.20844947938114852,0.19802467226297427,0.21096726011457115,0.21266534836878137,0.1869145167391506,0.17114128660845193,0.16738301534814573,0.15679915156508942,0.1554748383749855,0.15132605361207496,0.14267781079927935,0.1325206887312576,0.13627239744582673,0.1350103313516114,0.13371815315744578,0.12427585735702254,0.11818086643027406,0.11008455009128082,0.10183266552281395,0.09282996331017374,0.08761315424371469,0.08444093013239451,0.07997093856772947,0.07778526677531444,0.0772733586743134,0.07306746604367836,0.07119925780076569,0.06395930161991784,0.06369453407464504,0.05748184732271616,0.05587478697036466,0.05458560000671381,0.05082366882649808,0.05251594683274691,0.050682882604756396,0.047205028460082565,0.04602001611344941,0.04584282282932872,0.043683442483627655,0.04449810408572624,0.04446560500654706,0.041436817571724904,0.0432808280327171,0.04111402512826473,0.04023153707851573,0.04386790447002792,0.038909636063074626,0.041979110619989046,0.038105377450522726,0.03767505947911909,0.03764537788403671,0.037248519467698304,0.017858962842332904,0.020643612796026334,0.026997134620928842,0.023143348756145266,0.021270894527879836,0.021961089692760893,0.01796489712956656,0.01370185113649458,0.017756328337642513,0.020216729757952412,0.01888542486196587,0.01878531498098923,0.0201391227804959,0.020728342624249718,0.020980484272782318,0.019596370401392116
2005-12-31,0.5176806602292598,0.532865699157367,0.5341574607952125,0.5240347651204609,0.5745002613149099,0.6074698550539872,0.53900442138351,0.49233570577810415,0.3629696099418035,0.2890843944401398,0.31157660921658475,0.35998264489859677,0.359384765691837,0.40095212682414894,0.4056871786106512,0.35220839391740627,0.30305146343281175,0.2868121699304948,0.1690430044482312,0.10463826781673013,0.12341502060437909,0.13122792648195436,0.13397467125977877,0.1393245480490769,0.1387163826169605,0.15586815442122087,0.15871838864336665,0.17310572043234573,0.16193206955218825,0.17556615546074403,0.17744892539866564,0.15024436085550744,0.13347491325272962,0.12962552691726428,0.11882370011802898,0.11754166343454284,0.11315641645669558,0.10430665459659538,0.09377262387416938,0.097777012921579,0.0964244920390187,0.0952396694888997,0.08538783165737338,0.0791141159067201,0.0706954241911113,0.062250997668811425,0.05288703489861696,0.04763969328068646,0.04443859868810507,0.039794589646169776,0.03770914010313364,0.037173266468983446,0.03287211263817447,0.030886911377049298,0.023477746030569624,0.023130984590309767,0.01675263758913409,0.015295210503542267,0.013736394224684867,0.009976605356601775,0.01147658594927048,0.00958911125343409,0.006113042425684723,0.0050089064293246666,0.004791600444957245,0.002600403008839458,0.003270933301223966,0.003028924875927541,0.00010093481318529385,0.0018528553385401825,-0.0002811111315420556,-0.0012227152470156155,0.002283974696602853,-0.0025881260621067326,0.000397643111039625,-0.0033702398237897002,-0.0038230149034532146,-0.0038607742398115708,-0.00427342565782729,-0.023625195426351386,-0.02100044688759528,-0.014757544801370925,-0.018586121142177114,-0.02045493091098649,-0.019760952285676814,-0.023692992763505172,-0.027901835484673454,-0.02376878689554418,-0.021301125521988873,-0.022604741396658246,-0.02267030897154837,-0.021294572855340033,-0.020704067842999607,-0.020417283045318868,-0.021795681808925327
2006-03-31,0.5151518117557103,0.5302122650884423,0.5311162895410267,0.5205387553811331,0.5720970799028297,0.6053445403968045,0.5373828395146358,0.49150987392758744,0.3654912666822522,0.293401858213184,0.31562055155418806,0.36412026942911535,0.36342043546202196,0.40447944377878653,0.40929994074436915,0.3562245303040409,0.3078675787188333,0.28918283868112343,0.17319144694015928,0.10877518811665057,0.16807989004701368,0.1830191785626017,0.18859024027945664,0.19514387025767133,0.1949305214749917,0.21262842880365362,0.2156042736227542,0.23030356897079748,0.21834182112980877,0.2327132949553108,0.2347826809251506,0.20604554960336952,0.18820926882520897,0.18426497873659148,0.17324409193051205,0.1720095189596146,0.16737725059174485,0.15831906179057123,0.1473903427299602,0.15165924266073072,0.150218108350691,0.14914558926743765,0.13886474477724742,0.1324019993511238,0.12364124383256161,0.11499596270162377,0.10525386582631768,0.09997395249202584,0.09674561803682022,0.09192261190906362,0.08994418025908102,0.08938303673260783,0.08498566139870445,0.0828780073278522,0.07529344654156378,0.07485956082542558,0.06831325306058156,0.06701447169298319,0.0651702662589137,0.06141652876403922,0.06271174824452042,0.06076769369741675,0.05729609914528766,0.056278202855921916,0.0560191018713852,0.053796209358986824,0.05431370624971865,0.05385073977959198,0.05103174014637085,0.052683979358216226,0.05058637589964812,0.049582494363942076,0.052950461638848645,0.048173443812995764,0.05106700202517733,0.04741518755728183,0.046938629625874306,0.04689213403513831,0.04646290337374656,0.027163774646289496,0.02961742181723359,0.03573841282131873,0.031939323944038644,0.030075208291075572,0.03077270016728062,0.026911718650199812,0.02276340036830915,0.02697644873617583,0.02945124814867256,0.028177653206527986,0.028148664335674256,0.029546316624596447,0.030138206948542856,0.030461527988751014,0.029090665842055996
2006-06-30,,0.5275532679075225,0.5280507628160187,0.5170166708764943,0.5696114969107153,0.6031346897487391,0.5356590932470625,0.49058256493804575,0.36790370022977187,0.2976503961693777,0.31967149590728366,0.36827661655386934,0.3674858762075067,0.4080569442159182,0.4129475747850785,0.3603582708323848,0.3128158453635663,0.29181448169889995,0.17764998318093284,0.1133921031895398,0.1694146589169786,0.18807747374849615,0.20153898404594073,0.21023671501776436,0.21066171689927432,0.22886334354747245,0.23192329320432653,0.24689894308333177,0.23410795713828023,0.24927123861160672,0.25152773676366014,0.22117969240627544,0.20220348368197466,0.19816012067865724,0.1869192904675907,0.18573757189418968,0.18084781191012733,0.17157368392179417,0.16023182385005413,0.16477734194775706,0.1632500856237722,0.16229486968671877,0.151565014172985,0.14490225306746904,0.1357784374658547,0.12692360064503236,0.11678580925236731,0.11147068877310995,0.10821714094874174,0.10321018782672586,0.1013456430229657,0.10075790275844793,0.09626362060682325,0.09402790790227647,0.08626132075197745,0.0857350595097903,0.07901883995849818,0.07788760871148864,0.07574217471559336,0.07199847943841181,0.07307630993772213,0.07107345255718167,0.06760902194676915,0.06668285318039277,0.06638032397574967,0.06412581467122949,0.06448139075708872,0.06378587313665851,0.06108410541648246,0.0626288613409525,0.06057117032904258,0.05950176971781254,0.06272195114585138,0.058048940940751304,0.06084155412358355,0.057316193478295224,0.056814447913549754,0.05675852235964998,0.05631187817969549,0.03708125190665096,0.03935246802457426,0.04533955674410459,0.04157410790686833,0.03971587122937448,0.040416544385047715,0.03663369507181069,0.032552308770950056,0.03684700026548743,0.03932882689269124,0.03808764096195094,0.038097330148784636,0.0395169585569215,0.040110323791592795,0.04047221211277646,0.03911074760324873
2006-09-30,,,0.5249776938505012,0.5134896011011576,0.5670636952436117,0.6008581020750141,0.5338539020373168,0.4895714317115958,0.37020959564171096,0.30182228648970677,0.3237156382863784,0.37243480208460583,0.3715669763644385,0.41167328450870977,0.41662424705452533,0.36459068624001845,0.3178744738409759,0.29468625997166803,0.18238445981235984,0.11842691802903027,0.17138738791782382,0.19013588517514274,0.2207736911250655,0.2335231653531495,0.23494669176050964,0.25336138844583894,0.25633035106941776,0.27149166611246006,0.2578235490765064,0.27384568907732293,0.2762874755190726,0.24425338869946017,0.22406296393810504,0.2199157592278687,0.20845407280369765,0.20733066094939018,0.20217321742438188,0.19267494509336575,0.18090087627755164,0.1857354240236459,0.18412519191346643,0.18329236268389182,0.17209298637795578,0.165218516777881,0.1557092694274686,0.14663579261615292,0.13608403023140533,0.13073042207264907,0.12745412141476842,0.12225830320355319,0.12051458332216719,0.11989889553161157,0.1153073185496748,0.1129377870451529,0.10498207465622994,0.10435806105569129,0.09747035626070477,0.09651546116282744,0.0940528813692213,0.09032330651369885,0.09117095153696819,0.08910701371063728,0.08565243896017963,0.08482361547877257,0.08447607877765462,0.08218998616437223,0.08237477290983364,0.08143496230680733,0.07885871837826708,0.08028796716038505,0.07827376272028155,0.0771355184669601,0.08019883508924991,0.07563876452980287,0.07832145746637648,0.07493311211043685,0.07440469086613444,0.07433860480411572,0.07387366186739858,0.054728483531419014,0.05680580673624963,0.06264625484475578,0.058918461825941765,0.05706743646438173,0.05777089411399003,0.05407342644997923,0.050065469658310546,0.05444367600620567,0.05693243033240386,0.055726100484555036,0.05577663262117519,0.05721837479542574,0.05781329125236731,0.058215924729453195,0.05686576044662456
2006-12-31,,,,0.5099762211688229,0.564471866308736,0.5985307818717908,0.5319859003844094,0.48849245971378297,0.372412134677675,0.30591079394478465,0.32773978343673293,0.3765785791592558,0.37564921151915426,0.4153154850748044,0.4203211115973515,0.3689013734334848,0.3230200745975786,0.2977750103985549,0.1873597404598504,0.12382062005189559,0.17392904067871587,0.19284542780163705,0.22251215132976077,0.24573314078746655,0.24868253022727405,0.26625733210916125,0.26855939692226044,0.28366977113525693,0.2690529041486937,0.28601857673791226,0.28863962779476826,0.2548512973232037,0.23337354921005862,0.22911677757744497,0.2174328344742147,0.21637296622329086,0.2109381906569097,0.2012067430064675,0.18898090051742866,0.19411723148964338,0.19242781707897602,0.19172258409522855,0.1800327258259219,0.1729341240918023,0.1630156287364846,0.15371405521033993,0.14272929941292578,0.1373332224214073,0.13403710716488967,0.1286475392728347,0.12703164580804027,0.1263866341015049,0.12169769642431902,0.11918842235257343,0.11103599304988399,0.11030871972318712,0.10324836513438829,0.10247846320124643,0.0996827437502108,0.0959714614670088,0.0965759508887577,0.09444859964893276,0.09100657743420831,0.09028085308504885,0.08988678910278719,0.08756910129478407,0.08757425308106381,0.08637825375610847,0.08393587915772596,0.08524136222578046,0.08327424588133647,0.08206374797926058,0.08496110694865278,0.0805229139518,0.08308645573638793,0.07984587427405768,0.07928920149137422,0.07921218590101536,0.07872800462926124,0.05968639363640332,0.06155822716964404,0.06723849507382679,0.06355222425673093,0.06170990472640811,0.062415682291214414,0.058811033753156994,0.05488309852096468,0.059346934562637454,0.06184252849659888,0.06067356408076119,0.06076717223895478,0.06223124987384751,0.06282777695438557,0.06327349028057955,0.06193657283010867
2007-03-31,,,,,0.5618522832479171,0.596167031994283,0.5300717424266876,0.4873600350652028,0.37451486895557407,0.3099101589540677,0.3317315337147602,0.38069260303094105,0.3797181210799028,0.4189696588376216,0.42402730471956723,0.3732692657881619,0.32822857983609965,0.30105611135844546,0.19254053422707676,0.12951749671524476,0.1769743579926893,0.19612243561663234,0.22495250205475814,0.24626520698362359,0.24044878148525614,0.2539287894927189,0.2538755379548183,0.26830232475273363,0.2525890321452922,0.270602010491725,0.27338751412963924,0.2377864438399459,0.21495381716020806,0.2105802725671761,0.19867144409182327,0.19767966569676015,0.19195884003945285,0.18198416351052385,0.16928670030402918,0.17473796453444476,0.17297378317206474,0.17240153733325342,0.16019986583716866,0.152863956470016,0.14251088259678524,0.13297140128736568,0.12153385342139256,0.1160905622003125,0.11277809930017996,0.10718993192224802,0.10570892256447723,0.10503318323078606,0.10024716979399892,0.09759205518257552,0.0892347978811194,0.0883986216759173,0.08116489788703235,0.08058850634773465,0.0774435774055913,0.07375486208137161,0.07410304630872344,0.07190989321384272,0.06848312912182569,0.06786640099586655,0.06742435611106029,0.06507501622893799,0.06489171416636558,0.0634274698350746,0.06112736934479243,0.06230057812685241,0.060384183059907226,0.05909793385023385,0.06182022975223242,0.057512857724359906,0.059947744240586964,0.05686587681402783,0.05627928381781444,0.056190529633837416,0.055686111986609305,0.03676747415277776,0.03842208332323371,0.043927764345755904,0.040286718081640804,0.03845478011441411,0.039162342505401515,0.035658153858581065,0.03181693284180631,0.03636877347997991,0.038871130166691026,0.037742106899603334,0.0378810949912346,0.039367821484664556,0.039965996394947245,0.04045729288328831,0.03913561593317383
2007-06-30,,,,,,0.5937795521507623,0.528126213944661,0.48618702179105033,0.3765216116832789,0.3138155690689374,0.3356794229567788,0.38476262141458384,0.3837596772533995,0.4226215931913452,0.42773074864099025,0.37767328052878646,0.3334759752047285,0.30450420939464923,0.19789206772390144,0.13546529517728534,0.1804617685138414,0.19988975410735704,0.22799699125099468,0.24760384960060247,0.24021094223346304,0.24354992963539923,0.23644715230341434,0.24846345998168784,0.23128262970319854,0.25045153378637974,0.2533663184595514,0.21589596883214787,0.1916540301090929,0.1871544816325641,0.17501593603232612,0.17409538707881955,0.16808134287306523,0.15785208801758543,0.1446632496299382,0.1504430758646054,0.14860911472167287,0.1481755018015663,0.13544043499112352,0.1278532744417709,0.11703870853262055,0.1072511819830024,0.09534023647632556,0.08984414776874006,0.08651939557282229,0.08072781471397711,0.0793887955163691,0.0786808962934703,0.0737984785840348,0.07099123821045689,0.0624204935975981,0.06146962984700885,0.054062307673112625,0.053687793533045036,0.050177509870372006,0.04651574982866513,0.04659429236976417,0.04433289475790747,0.04092411071262525,0.04042242832679749,0.039931023985396163,0.037549932456668156,0.03716938786210827,0.03542467195273502,0.03327531997881589,0.03430747593843453,0.03244547445319529,0.031079887344540036,0.03361800217970712,0.029450401440004492,0.03174683220292118,0.0288348514259007,0.02821657089660179,0.02811522766596114,0.027589511523969046,0.008814699817635163,0.010240208624364644,0.015555938707420947,0.011963636034506397,0.01014396514975513,0.01085270474207789,0.007456842354352511,0.003709137942215446,0.008351639967112301,0.010860692592051469,0.009774258396464397,0.009961003815771807,0.01147079487756153,0.012070623579066853,0.012610190785078856,0.011305799143966844
2007-09-30,,,,,,,0.5261623493927285,0.4849848459042658,0.3784363459705686,0.31762311714851904,0.33957300446044203,0.3887756027273922,0.38776056319467733,0.4262572072974752,0.43141879294822716,0.38209282650918375,0.33873886974703726,0.308093821299618,0.2033806199789126,0.1416153267584369,0.1843333415713098,0.20407629541806865,0.2315572055130805,0.24964546785482963,0.24084183794513608,0.2443611710546918,0.2924588323071351,0.29723468739252074,0.27761069335353994,0.29800472135527944,0.30096746592283863,0.26152158952552507,0.23583992193765524,0.23120370365671813,0.21882778407013118,0.21797933991064353,0.21166759897679158,0.20117079941627172,0.18747157019480123,0.19359420041753922,0.1916959378348485,0.19140695814554598,0.17811683499642866,0.17026370274713515,0.15895908086356716,0.14891308773212866,0.13650729981486104,0.130951906267828,0.12761959989047478,0.1216198285740859,0.12042994916639393,0.1196884302059878,0.11471071800441651,0.11174486080959578,0.10295138914893376,0.10187990489538534,0.09429930952626508,0.09413488068278347,0.09024302434285403,0.086612741398086,0.08640810774525051,0.08407597339960216,0.08068792246620166,0.08030750176901841,0.07976544856151815,0.07735246969605741,0.07676592727077777,0.07472832549297193,0.07273828773697727,0.0736203118702875,0.07181643035016333,0.07036783112037942,0.07271263086072705,0.06869376348256367,0.0708416060190662,0.06811094243673035,0.06745910072699646,0.0673442758808957,0.06679612595615109,0.04818771944759043,0.04937210683938892,0.054481414750856216,0.050941159932750335,0.04913590373133675,0.04984514007500951,0.04656573488707427,0.04291847519305525,0.0476546116868477,0.05017029909545517,0.04912918430184693,0.04936614056231364,0.050899532460252084,0.05150097110153745,0.052091705830088375,0.05080670153636693
2007-12-31,,,,,,,,0.48376358422261595,0.38026314787671794,0.3213297498116987,0.34340290105859744,0.3927198130126083,0.39170837507336437,0.42986290386673015,0.4350787188196311,0.3865081930973455,0.3439949290029102,0.31179982520277916,0.20897393800718475,0.14792252012541435,0.18853476019703436,0.20861667432598816,0.23555313995024407,0.2522960782374027,0.2422418146015093,0.24622843750501516,0.2932011517585279,0.2607004341323038,0.23613431951114394,0.25773468773686675,0.26057829026915075,0.218814807438712,0.19169734240426764,0.18691934796815057,0.17429792543697115,0.1735197952365089,0.16691095914980575,0.15613180294306744,0.14190503804158933,0.1483855669212989,0.14642886134821953,0.14629100880425883,0.1324243342987175,0.12428973426884937,0.11246477410263528,0.10214967483793952,0.08922672274350837,0.08360449007724419,0.08027017445495094,0.07405747523584749,0.07302393654606354,0.07224731764280834,0.06717594718872202,0.06404474491956397,0.05501868784550773,0.05382049263130584,0.04606761001606513,0.04612131078112358,0.04183160127942287,0.03823748827041151,0.03773592617769933,0.035330526037628485,0.03196602385139208,0.031713272566734396,0.031119396180052383,0.028674374221666188,0.027873115150525818,0.025529989679348386,0.023707970771230935,0.024430429178455892,0.022688480283395263,0.021153114722504196,0.023295437582515233,0.019434289015875295,0.02142301528173457,0.018885425420741897,0.018198030616233596,0.018068790220183928,0.01749698096899316,-0.000920156762814317,1.0938937305748908e-5,0.004895956182938255,0.0014107774433693154,-0.00037754563295389065,0.0003314379546176527,-0.00282303693931818,-0.006362766564238398,-0.0015296411952074318,0.0009926127544995778,-3.492731210363864e-7,0.00028935020903653186,0.0018470365804609257,0.002449950140285484,0.0030950057353198446,0.001831558289264179
2008-03-31,,,,,,,,,0.382006122495095,0.3249332091541667,0.3471608242403637,0.3965848509419103,0.3955917609013776,0.4334258321876411,0.43869812772349304,0.3909008384844079,0.3492231930564981,0.3155978534969487,0.2146415492322933,0.15434542789035857,0.19301529892377187,0.21345089845555743,0.2399124270823275,0.25547026423956176,0.24431903724695186,0.24898280821267682,0.2947937599711781,0.2599628059583199,0.29161521630928766,0.3143854850153859,0.3168617384865148,0.27169007036742693,0.24318227398556996,0.2382947646734159,0.2254339750965538,0.2247237402041799,0.21782872143054227,0.20675072722221302,0.19198318054507246,0.19883799931931667,0.19682895856492172,0.19684941594600625,0.18238521117481218,0.17395288850243282,0.16157552222330002,0.15098056011117184,0.1375171965648353,0.13181943808309426,0.1284896870389568,0.1220593684060397,0.12118945784502588,0.12037625816806685,0.11521354862085886,0.11190998077992376,0.10264081353514137,0.10130964542547738,0.0933863074730302,0.09366602389964226,0.08896214243613076,0.08540913535375871,0.08459663823724387,0.08211543429497331,0.078777422222714,0.07865898672447694,0.07801227631262,0.0755350698001867,0.07451041414994752,0.07184883247600099,0.07020377362051214,0.07075677750732662,0.06908072545942176,0.06745477920390008,0.0693854076787494,0.06569101184931456,0.06750958133028684,0.06517727824344405,0.06445220024136744,0.06430757266905762,0.06371075594020381,0.04551312580294692,0.04617860511261557,0.05081950887708514,0.047392040761312926,0.04562375655041695,0.04633168056381387,0.04331110261574478,0.039886206970838445,0.044820180030217455,0.04734889648285609,0.04640706413455342,0.046752120937189334,0.04833502490079952,0.04893910225739484,0.0496419782280888,0.04840234276453506
2008-06-30,,,,,,,,,,0.32843197020466736,0.3508395683536509,0.40036164903974425,0.399400507275397,0.4369340770261685,0.44226523341165846,0.39525359356144885,0.3544042985650927,0.31946459961126894,0.2203549854415562,0.16084619177095222,0.19772779586196737,0.2185240935514587,0.24456968582444927,0.25909033589465313,0.2469887226296053,0.25247651206226424,0.29709510649937304,0.26021716755076907,0.29302156259530243,0.2771312897764126,0.27922355776731367,0.22764015697172257,0.19789696231517315,0.1930773835966399,0.18005438266878537,0.17941895052340587,0.17226998673841082,0.16087597164618206,0.14556192563525538,0.15280950485657246,0.1507543383145796,0.15094123141857477,0.13585955272464406,0.1271125398146236,0.11414888538695084,0.10326332642172126,0.08923532875264695,0.08345204934816633,0.08013477758814541,0.07348220983791093,0.0727833651149914,0.07193213597357384,0.06668132246888642,0.06319799742747184,0.053674474072068434,0.052203879769886635,0.044113042190997376,0.04462652384944388,0.0394921400607261,0.035985534253678786,0.03484778279151374,0.03228827283746144,0.028979921580526757,0.02900275768820132,0.02830244021969941,0.025792982072017856,0.024536284286873822,0.021542907638738673,0.020084147575608835,0.020457197407071304,0.01885126466086562,0.017130896944395846,0.018840509793954352,0.015321998984625829,0.01695867439823312,0.01484453971978228,0.014079481622967516,0.013918465248362266,0.013295119458594518,-0.00464969401783194,-0.00426231902586538,0.00011183462355124352,-0.003255856419018821,-0.005000070669796686,-0.004294047440929982,-0.0071710277290497615,-0.010473467074698872,-0.005434100522697549,-0.0028991044666815124,-0.003786623934663891,-0.0033835125738237437,-0.0017741291295763628,-0.0011695094985529897,-0.00040483118048922906,-0.0016182835738621226
2008-09-30,,,,,,,,,,,0.3544329850990287,0.40404244815092166,0.4031255836816047,0.44037678611431946,0.4457690734964669,0.3995507955346672,0.35952062133998525,0.32337804977453255,0.22608793150679837,0.16739047166192395,0.20262861234520946,0.2237862502499865,0.2494659608554561,0.2630856454233829,0.250172556634265,0.2565801492846311,0.2999821520532054,0.26130193862467244,0.295021168158181,0.278408239076089,0.3729912835039877,0.3076553159843957,0.2774666940619205,0.2733348776286999,0.2604806369165048,0.2599686676705035,0.2526414946615766,0.24091575745035765,0.22506323406972073,0.23272532336550195,0.23063010338102255,0.23099276622237858,0.21527553501331415,0.20619626629608795,0.19261078480623467,0.18142406156446433,0.1668062435034516,0.1609259466253245,0.15763067779196674,0.15075132988603432,0.1502311704007589,0.14934051663036652,0.14400595670062571,0.14033505581927647,0.13054517351530392,0.12892848873040336,0.1206745008365609,0.12142940120386925,0.11584813126550167,0.11239370795964876,0.1109160073835859,0.10827576318249538,0.10500058667824153,0.10517201962184938,0.10441762946702227,0.10187600465387309,0.10037862125136293,0.09703960629802666,0.09577705486321594,0.095958881335173,0.09442766143413944,0.09260903516586383,0.09408815917306473,0.09075485410822948,0.0921970031721108,0.09031482725014617,0.08950730142293567,0.0893288745565857,0.0886772539107325,0.071025137589669,0.07112173820655163,0.0752029321018276,0.071896397135958,0.07018150481674693,0.07088478190380082,0.06816207320868661,0.06499014227628724,0.07014026510783183,0.07268126046020351,0.0718514969738551,0.0723154368809637,0.07395298253904908,0.07455709479731643,0.07538815386679967,0.07420341437218192
2008-12-31,,,,,,,,,,,,0.4076207511711277,0.40675915267308305,0.4437442472487043,0.44919965466851497,0.4037783636642501,0.3645563538559189,0.327317650032225,0.23181631073891806,0.17394734397866157,0.2076775762960763,0.22919198304881147,0.25454822993948834,0.2673920181529088,0.2537982428115101,0.26118036562763913,0.3033478654350222,0.26307838562507774,0.29748183262357,0.28032251111844875,0.3757858754933943,0.43173305378052884,0.40239549303386174,0.400816763737628,0.38923370107179034,0.38819931089011706,0.37975273606293825,0.3669448138699115,0.35054771696802284,0.3585923873019289,0.3564174588434196,0.3569515625664632,0.3405906930683482,0.3311655627952088,0.3169471115954108,0.30543350997957275,0.29021253811517733,0.28422401198096875,0.28090589635885205,0.27379224090483756,0.27343472362827187,0.27249366562925104,0.2670341815897337,0.2631837761196373,0.2531192996747131,0.2513526322927999,0.24288935490329938,0.2438871810427553,0.23782708895674434,0.2344084681533729,0.23258618703638387,0.22985212376254688,0.2265936571640953,0.2269068534856315,0.22608309211872257,0.22349822182552084,0.22174986557227627,0.21807454179579394,0.21698631749894104,0.21699428798995793,0.21552121745066088,0.21359169275550793,0.21484129161944815,0.21169656617187704,0.21296448939156454,0.21128979196854422,0.21044248614704508,0.21024371734596847,0.2095718208224257,0.19189381415100135,0.19168616748282896,0.195627125032377,0.19242341408794641,0.19066997460119883,0.19136452478490928,0.18875885280146582,0.18570707049420543,0.1909326457674329,0.19349160873511312,0.192709541233211,0.19323682387402125,0.1948795671450718,0.19551184534542487,0.19638524242384986,0.1952275691849059
2009-03-31,,,,,,,,,,,,,0.4102945530444666,0.44702792451112233,0.4525480436509963,0.40792382790220705,0.36949753011333997,0.33126441790085326,0.23751831746771646,0.18048917449497742,0.21283790759992632,0.2347002953855007,0.2597689624669725,0.271951267913573,0.2577991416088936,0.26617789054303154,0.30709912220647634,0.265427169577648,0.30029362993891084,0.28274202318302266,0.37875754185265564,0.4382496120066104,0.33891341787497603,0.3448087280446883,0.3382065523532684,0.33740167819933636,0.3281410805468903,0.3144674617750185,0.29706271245240623,0.30552138717938315,0.30327595756100223,0.30401191047371207,0.28699062321895163,0.2771979753168832,0.26228832995688617,0.2504453402174567,0.23458779617090303,0.22847728197794953,0.2251693925773039,0.21781591434760328,0.21763771236959326,0.2166489963879761,0.21108733769053767,0.20704205199453057,0.19668625922043956,0.19476202645095264,0.18611298500352152,0.18736020470319237,0.18081727117540658,0.1774463834403394,0.17526244042069108,0.17243628936174066,0.16920342822971576,0.1696713964047606,0.16878337178068037,0.1661571450676289,0.16415309338803105,0.16011926718519875,0.1592239330660944,0.15903759897394537,0.15763330791579608,0.15559220627777712,0.15660008522142507,0.15365079985973396,0.15472229849547875,0.1532784453683129,0.15238655561860961,0.1521667037038626,0.15146957627602586,0.1339414291801821,0.13341836451724515,0.13712427104391842,0.13400594442423108,0.13224706281075002,0.13293283535489153,0.13047062675686535,0.127551833539326,0.13287684162052388,0.13544731716330638,0.13472170107169745,0.13531600564766125,0.13697626455440523,0.13762457708908046,0.13855649267568065,0.1374286367887853
2009-06-30,,,,,,,,,,,,,,0.4502204617852127,0.4558064142621807,0.4119763197573566,0.37433200854296433,0.33520100717750767,0.24317440624889924,0.18699147064843083,0.21807612533519224,0.24027434712875825,0.2650857169119198,0.27671077392421395,0.26211397031170425,0.2714858691852932,0.3111549300119939,0.2682454849505028,0.3033654182528441,0.2855560304172505,0.381816960504057,0.4436268862721868,0.3485466417164396,0.338628591417278,0.3471989112025304,0.3486175451515497,0.33944758647270795,0.3251218797192757,0.3067549743220941,0.3154587980520631,0.31315406851904026,0.31412085763010766,0.29643466376100946,0.28625457403880994,0.2706007482356922,0.25841906985030594,0.24189658008927079,0.23564875736230684,0.23236911575661207,0.22477214865093942,0.2247830751646589,0.22374635821833222,0.2180944727948833,0.21384398909132793,0.20318315154554523,0.20109395293048138,0.19227296548641643,0.19377745150168374,0.18673695144227836,0.1834234356220985,0.18086144646176483,0.1779422241834274,0.17474162084864234,0.17537385002632075,0.1744235049089058,0.17175779342105124,0.1694896364717767,0.16508035566311516,0.16439252523749381,0.16399578748234864,0.16266803043752023,0.1605124882822779,0.1612679372427195,0.15852468037145148,0.15938138274943095,0.1581885017341059,0.1572485877085302,0.15700675098414382,0.1562811897401916,0.13899501558748456,0.13814365424266858,0.14156180539626279,0.1385246731222139,0.1367758590112082,0.13745252308913233,0.1351516430732395,0.13237684009762357,0.13781226735883867,0.14039263377811206,0.13972881803927073,0.14039305025915133,0.14207585100872552,0.14273515701885076,0.14373437935895989,0.14263979122828
2009-09-30,,,,,,,,,,,,,,,0.4589680594442716,0.41592653341892305,0.37904942210404347,0.3391117335828275,0.24876724599767375,0.193432717959233,0.2233619378160187,0.2458812225430473,0.2704607683185214,0.28162310223355647,0.2666865418053453,0.2770284325451639,0.3154449202095095,0.27144467950643314,0.3066218973266106,0.2886718294744573,0.38489351206534933,0.4479070787631165,0.3567439467243735,0.34665789422780025,0.33628820637910994,0.3452800265748378,0.33860931079492146,0.32406618843236196,0.3048721495001684,0.31387507726276925,0.31110586399703616,0.31234155410712855,0.294003740943822,0.2834212868733895,0.2669719489039539,0.2544409396498545,0.23722274523578393,0.2308206683717612,0.22758085365556258,0.21973713038441228,0.21994349231046395,0.21885698036269802,0.2131219809309875,0.20865801966035435,0.19767874403834218,0.19541727527731712,0.18643380254341346,0.18820323819507562,0.18064658814048673,0.17739848119615512,0.17444270260962413,0.17142814984978236,0.16826495314559853,0.16906939131395504,0.1680572193758606,0.16535341469756493,0.1628117067378822,0.15801251145359663,0.1575443056877589,0.1569233334179338,0.15567812562508987,0.15340423245631757,0.1538975508319672,0.1513717254675873,0.1519975221320758,0.15107336848913278,0.1500825183143723,0.14981764075807544,0.149061286791634,0.13207046420782914,0.13087737401267446,0.13397424613391773,0.13101958390106333,0.12928823899008812,0.12995515297203042,0.12782917821531195,0.12520815474077618,0.1307596671421652,0.1333503341048038,0.13275216426130865,0.1334890139816583,0.1351962319576801,0.13586483292136406,0.13693689517969615,0.13587912937341923
2009-12-31,,,,,,,,,,,,,,,,0.41976666401260465,0.38364110336659973,0.34298256810978034,0.2542816463310164,0.19979420482881566,0.2286681171533584,0.25149169804689187,0.2758607595365931,0.2866456594586048,0.2714655265502703,0.28273946159515434,0.3199080573547533,0.27494826607788736,0.31000112396541707,0.29201198412369533,0.38793224229565954,0.4511441792030347,0.3635909837833009,0.35343278062961253,0.3430195706007622,0.257349827484588,0.2596774168933753,0.24591923292894274,0.22622323449307072,0.23559130086642943,0.2324681635230231,0.23394174230206105,0.21499632418056425,0.20400792503121712,0.18671658504311595,0.17382705331843426,0.15588149272332805,0.149304391973698,0.14611187504735648,0.13801815748211352,0.13842380626837975,0.137284757927696,0.13147075932679494,0.1267860735977734,0.11547445471954015,0.1130334765437426,0.10389431895257104,0.10593566195172299,0.09784260828109825,0.09466655929066789,0.09130187896248632,0.08818891874404583,0.08506700540699333,0.08605068078363487,0.08497626829334995,0.08223511312951884,0.07941022311985943,0.0742082990464562,0.07396976516248474,0.07311235600074659,0.07195432190601561,0.06955746002107857,0.06977981044816109,0.06748268531929855,0.06786325575206156,0.06722343901817832,0.06617900683302344,0.06588987337258206,0.06510093926038449,0.04843425462586207,0.04688581815537404,0.0496398665076801,0.0467719363018223,0.04506032558154713,0.04571648940810774,0.04377598766684798,0.04131748179072786,0.04698784193434016,0.04959034664406717,0.04906074430459598,0.049872874729685296,0.05160455579530218,0.05228291888934805,0.05343140995117826,0.05241392319665575
2010-03-31,,,,,,,,,,,,,,,,,0.38809999116702437,0.3468011041856292,0.2597044624659928,0.20605983957334806,0.2339703605127643,0.25708000995937946,0.2812563718898716,0.29174037014109894,0.27640422698708433,0.28856151050553497,0.32449152767091155,0.27869025418778737,0.31345241136361135,0.295511986163725,0.3908912588209547,0.453401091043496,0.36917763975269857,0.35905963619576703,0.3488038229671587,0.2643955940405107,0.2767013584331798,0.26610752788761743,0.24652334989261154,0.25638176165922033,0.2529196282403702,0.2548037811520569,0.2351290359396962,0.22375506871660533,0.20558814072359333,0.19233556744772848,0.17363126997724432,0.16685618391079665,0.16371270526792944,0.15536574679792287,0.15597269831150973,0.15477769372849126,0.14888667911692505,0.14397450303450604,0.1323156970711925,0.12968800227161417,0.12039818181634757,0.122717414560017,0.11406706684060999,0.110968481047095,0.10718038641088379,0.10396535818121938,0.1008874839164888,0.10205682205232647,0.10091912515957244,0.09814064196625916,0.09502314479386412,0.08940689238034344,0.08940623836042402,0.0883014712090259,0.08723404489574735,0.08470904293588766,0.08465235512456581,0.08259463168006434,0.0827171652534558,0.08237530831632542,0.08127478327818474,0.08096001549244844,0.0801371513341162,0.06380599894368127,0.061888573496068855,0.06428658726043657,0.06151140820389314,0.059818151098566585,0.060462163476873,0.05871532811367347,0.056427114953929436,0.06221736648529236,0.0648339199229096,0.06437515979429498,0.06526530735512448,0.0670203343229421,0.06771049835950724,0.06893772717340033,0.06796378557354726
2010-06-30,,,,,,,,,,,,,,,,,,0.3505565040349767,0.26502448416699204,0.21221596312236624,0.23924714050495344,0.26262362300577735,0.2866220124179769,0.2968733717579247,0.281460357261317,0.2944448612723536,0.32914977534125706,0.28261374321326205,0.31693455090480926,0.29911827981719746,0.3937395032113104,0.45474709215646464,0.3735965706234808,0.36364047144403533,0.3537633953610147,0.270810078355756,0.2833942220159668,0.29443306529695323,0.27615951356780105,0.2866963606324199,0.28279367330464306,0.2853943833518367,0.26527805256849685,0.2531809896054557,0.23413025331228554,0.22051858139267422,0.20102749670441078,0.19403043338641834,0.19093502591166417,0.18232691956520714,0.18313593153663765,0.18188110790969694,0.17591335722296947,0.17076702579829106,0.15874500853972007,0.1559233704448867,0.14648668805448653,0.14908869195923366,0.13986007580607826,0.13684323858406852,0.132617770199251,0.12929657681686174,0.12626450567820877,0.12762552894549342,0.1264230476683867,0.12360651373133183,0.12018738642882401,0.11414614829412909,0.11438991921055772,0.11302791228857492,0.11205348810008389,0.10939469988163888,0.10905158677335455,0.10724318892737211,0.10709616728696345,0.10706406029173618,0.10590498757515263,0.10556304026044608,0.1047052526903646,0.08870811153946664,0.08640809786791342,0.0884429517058068,0.085767576501626,0.08408855453643713,0.08471857441069344,0.08317161503185641,0.0810605761741352,0.08697073217863033,0.08960394779785238,0.08921781554762176,0.09018885327323356,0.09196535012280219,0.09267056096978499,0.09397796489648513,0.0930505997581747
2010-09-30,,,,,,,,,,,,,,,,,,,0.2702323134574852,0.21825116038744355,0.24447954724010051,0.2681030007025982,0.2919355158921933,0.3020147234545559,0.286595823913944,0.30034668786289687,0.333843661641697,0.28666972994922324,0.3204143053526073,0.30278659012194725,0.3964548474883125,0.4552556226720817,0.3769418033870938,0.36727294461056836,0.3580049393989503,0.27668348750237204,0.2896106161065492,0.2993673424454603,0.23645873936856088,0.24771464902497173,0.24293110064368928,0.24693109908787758,0.22696735960316583,0.21432214385326465,0.19366300171363984,0.17970968569885024,0.1594117479352453,0.15216999057979988,0.1491197213057149,0.14024094016767552,0.14124726590843925,0.13992861096476475,0.13388270664767837,0.1284953779060672,0.11609278485363686,0.1130698918769947,0.10348921041347756,0.10637766747315089,0.09655006253119908,0.09361818386292761,0.08894190906283164,0.08551010209068421,0.08252466727840038,0.08408311631701434,0.0828139860470461,0.0799578864946961,0.07622862768867086,0.06975253092609329,0.07024567018980196,0.06861745988461787,0.06773746190569632,0.06493878937993125,0.06430249218899423,0.0627524158279544,0.062325515377582075,0.06261315154354669,0.06139308594594389,0.061022237180943156,0.06012885686195574,0.04445374078179848,0.04175760964016306,0.04342703678486859,0.040859124567695804,0.03918796450122891,0.03980165597510399,0.038458958566597756,0.036531089870854905,0.042560531027702686,0.045213250956552264,0.044901120123397864,0.0459561106161826,0.04775168316514941,0.048476199377335605,0.04986457908324052,0.0489865456734456
2010-12-31,,,,,,,,,,,,,,,,,,,,0.22415607289023076,0.2496511245509009,0.2735013789210518,0.297177860554917,0.30713812606762037,0.29177650521672205,0.3062303125336303,0.3385397268737356,0.29081609246269835,0.3238651309210462,0.3064805060526446,0.3990224710872594,0.4550023848485143,0.37930744951474044,0.37005028795429357,0.36162165000494484,0.28209124527292045,0.2954183792010363,0.30376665033574657,0.24434267828952794,0.21578729579826872,0.20874050850596731,0.21584747668847948,0.19742706466568433,0.18447822120269364,0.1622701943868208,0.14774989069809538,0.12663945667239074,0.11913498154349975,0.11612523870033589,0.10696700624783961,0.10816333477155649,0.10677351181189343,0.10064665843712028,0.09501113663253949,0.08220954004733344,0.07897788264001696,0.06925653113890176,0.07243422998785451,0.06198696898027564,0.05914291412505723,0.05400272434905498,0.05045578536885428,0.047517580647579494,0.049279140289243684,0.047941512249053936,0.04504410068453488,0.0409965091742599,0.03407606999828927,0.03482294767307814,0.03291969814618956,0.03213523035170951,0.02919038310289712,0.028254542707227326,0.026971471404621694,0.02625451990998351,0.026871465815708373,0.02558789548278556,0.025186328231133703,0.02425675401793448,0.008888698580688581,0.0057829708172311145,0.007085911207300455,0.004633272920662346,0.0029628638169190147,0.003557673888702262,0.0024231311384276255,0.0006841889501223442,0.00683211701937203,0.009507383227588817,0.00927049153269427,0.010412571238593404,0.012224627800112353,0.012973099685836487,0.014443104165961618,0.013617149909761317
2011-03-31,,,,,,,,,,,,,,,,,,,,,0.25474770277635905,0.2788045439799692,0.30233289704440003,0.31222065208097916,0.2969720282962231,0.3120645405546728,0.3432095390028902,0.2950167194344215,0.32726609276123503,0.31017027754011944,0.4014334802800217,0.45406373498255626,0.38078655545477863,0.37206118740008876,0.36469517999160905,0.2870964910528236,0.3008730110606363,0.30774056815122197,0.2516351549238421,0.22235460713380073,0.26043700147536214,0.275251588142004,0.2618619369778213,0.24911718036688707,0.22543098767271852,0.21065854121700983,0.1882491597911536,0.18047227054428794,0.17749325849044012,0.16805101826831176,0.16942926298510702,0.16795925618129648,0.16174588330590894,0.155854458603754,0.14263436898759102,0.1391861287323376,0.1293281996678755,0.13279695292155214,0.12170958135228538,0.1189559233990144,0.11333905233751104,0.10967247831311769,0.10678195162115542,0.10875232851253488,0.10734445825164166,0.10440379190980584,0.10003001675722994,0.0926560425299727,0.09366057537824071,0.09147344943696614,0.09078538337975492,0.08768792409291751,0.0864465576762993,0.08543884348910932,0.08442167736611697,0.08537721983292537,0.08402753562722884,0.08359334202042631,0.08262699722497599,0.06754984851665946,0.06402112139538832,0.06495682047960938,0.06262718225482797,0.060950038359750436,0.06152321073462358,0.06060043779563107,0.05905600830826008,0.06532167343113196,0.06802266013910349,0.06786217624982904,0.06909456203646036,0.07092044434993214,0.07169777127468765,0.07325004604976385,0.07247892200639702
2011-06-30,,,,,,,,,,,,,,,,,,,,,,0.28400061658101855,0.30738709029662814,0.3172424849136267,0.30215554421158325,0.31782306238151664,0.34782911604789896,0.29924076008481304,0.3306009442147966,0.31383179250779564,0.4036837371957237,0.45251534450347936,0.3814701029853177,0.37338965066506985,0.3672972251936519,0.2917521518407008,0.30601989313113825,0.31137802738309306,0.25842885036766067,0.22857444639134822,0.2656556171592768,0.28328721561017717,0.2843496118934653,0.27303840242634525,0.24807119834705346,0.23358042153964784,0.21002032244972876,0.20167373824268156,0.19869910613535993,0.18897638062809052,0.19053120019404568,0.18897139166672788,0.182664851035158,0.17650652249637416,0.1628474691588488,0.15917435517078898,0.14918486738594555,0.15294543925491122,0.14119781676721543,0.13853685521833103,0.132430917933328,0.12864029006732708,0.12579780891277742,0.12798278063798957,0.12650308670193922,0.12351705066971813,0.11880961670840429,0.11097315309090436,0.1122388762841284,0.109758954621162,0.10916798434751931,0.10591135372750515,0.10435884610938162,0.10363450747924488,0.10230687814043204,0.10361012100755584,0.10219159800262498,0.10172278119030517,0.10071908816031708,0.08591652078675718,0.0819514818740332,0.08251897652715337,0.08031985177186449,0.07862831449921506,0.07917689629334398,0.07846935659764073,0.07712489905591333,0.08350771987933384,0.08623770259299587,0.0861547618070509,0.08748075367102101,0.0893178069121133,0.09012905930055734,0.09176432947392907,0.09105080185573103
2011-09-30,,,,,,,,,,,,,,,,,,,,,,,0.3123292744110873,0.3221866674419462,0.30730350182967087,0.3234839145066844,0.3523784117590571,0.30346197454123186,0.33385734498885067,0.31744570577057285,0.40577286997458206,0.4504311059547571,0.3814461632423968,0.3741148878591163,0.36949084399138993,0.29610266078525294,0.3108961283239776,0.31475072231846324,0.2647987262310388,0.23451246607526638,0.2706011524707167,0.2891534943795375,0.34173992501130046,0.33535941241520884,0.30953132462243566,0.29654246517578525,0.2720340693907989,0.263113817784654,0.2598542210508552,0.24986315426168887,0.25159696901555345,0.24993971945581916,0.2435321263579608,0.23709272829572553,0.22297128755987725,0.21906426362062412,0.20894915452788068,0.2130012127544563,0.2005736283511965,0.1980074062798838,0.19140044177448995,0.18748149454601917,0.18468739710874163,0.18709285127093814,0.18553996207126033,0.1825062874354736,0.17745811227822933,0.16915040926332758,0.1706805257783846,0.16789874814712386,0.16740543021933404,0.1639829638109986,0.16211406650029705,0.16168079111151934,0.16003229396539154,0.1616922310855134,0.16020201506473775,0.1596964899651357,0.15865485262105028,0.14411105311721126,0.13969648988485273,0.1398942612386564,0.13783286821465385,0.1361192386900278,0.1366400841795583,0.13615117619189154,0.13501205410408418,0.14151169327628768,0.14427403357976737,0.1442697604923119,0.14569274265957138,0.14753835931140208,0.14838872886131582,0.15010785414970268,0.14945471545021038
2011-12-31,,,,,,,,,,,,,,,,,,,,,,,,0.3270388599743351,0.3123954217576916,0.3290289919297663,0.35684085609911104,0.30765816833724396,0.3370261973831668,0.3209966963563671,0.4077034393622845,0.44788225915293406,0.3807992018482266,0.37431122009850004,0.37133156241027515,0.30018538298856573,0.31553206301068343,0.31791599991818525,0.2708052884387078,0.24021961769819705,0.2753428795102452,0.294716398370906,0.3482451887765097,0.37261018879253793,0.346906671318391,0.3385435450893452,0.31350745631457794,0.30382849744305446,0.30060511554937486,0.28980955835073446,0.29173790845297953,0.28998221768987187,0.2834625227868968,0.2767246213033443,0.26211698346713075,0.2579649108117861,0.24773066315361633,0.25207277479000467,0.23894614357463226,0.23647647408113168,0.2293569969741253,0.22530569179487664,0.22256032373533785,0.2251922935713292,0.2235650877267476,0.22048136402431756,0.2150857724338769,0.20629826146835667,0.2080956753944932,0.2050027971184979,0.20460758021708342,0.20101252067176623,0.19882235692286493,0.19868750420369574,0.1967075240797991,0.19873309396298616,0.19716819081773174,0.19662378402013475,0.19554357566105018,0.1812437162591776,0.1763665241405072,0.1761922541582115,0.17427545951909973,0.17253208788276309,0.17302185984634527,0.17275497799663236,0.1718264813705892,0.17844289549305242,0.1812410348427717,0.18131655809521874,0.18283999953090024,0.1846916477224397,0.18558641537984139,0.18739042807802012,0.18680050705170811
2012-03-31,,,,,,,,,,,,,,,,,,,,,,,,,0.31741367181241964,0.33444360650651,0.36120294360097205,0.311810697818467,0.34010108299672126,0.32447283369467356,0.4094802402934547,0.4449367131294896,0.3796095281286779,0.37404802531565573,0.3728683057931604,0.3040317988478034,0.31995254396983286,0.32091930664037044,0.2764972835383931,0.24573493651302714,0.27993349633103554,0.30003854930761725,0.35412559809002225,0.3791857540349324,0.288727992997075,0.293576537125487,0.26890038420575935,0.2578535268889017,0.2551116889783456,0.24369040808428827,0.2452720277723159,0.2434307811260038,0.23677799816100364,0.22972154614393336,0.2146051597997608,0.21019445965276962,0.19984908992929876,0.204478758195506,0.19063500288778207,0.18826351070436922,0.1806205763540037,0.17643319093993487,0.17373692973450786,0.17660163067780238,0.17489927329549654,0.17176295508873157,0.16601369411878306,0.15673797235251277,0.1588053085385349,0.1553918698559905,0.15509511580363058,0.1513206222029773,0.14880469723588538,0.14897529727561462,0.14665296794148483,0.14905309162090727,0.14741035863870813,0.14682480750071872,0.14570536281285504,0.13163592372291955,0.12628311389435098,0.1257335162825781,0.12396779486436402,0.12218713842594928,0.12264230688138492,0.1226008820296915,0.12188824150785771,0.12862171490302626,0.13145917385619815,0.1316156352289536,0.13324309027444992,0.13509833186820153,0.13604284872069217,0.1379329798881358,0.13740914971775553
2012-06-30,,,,,,,,,,,,,,,,,,,,,,,,,,0.33971608645858287,0.36545386390771073,0.3159040357064591,0.34307778507957293,0.32786503631782815,0.4111097198041736,0.4416585402967418,0.3779528784534847,0.3733897257283223,0.37414418984197173,0.3076684865250336,0.3241779544815373,0.323796258059215,0.2819139225958697,0.2510878613745414,0.2844122194759449,0.30516751962025296,0.35947433370623294,0.3849305544713238,0.29617233771138346,0.29851986535204067,0.27624511727187334,0.26198320300115224,0.26066417739047254,0.24873543574497986,0.25003638632999126,0.24771670037180865,0.24088224867421854,0.23348523623378226,0.2178410923967049,0.21315500592504155,0.20270978115430183,0.20762114749440902,0.19304394053068813,0.19077211490322554,0.18259541124946344,0.17826865539456171,0.17562192861054587,0.17872578149211016,0.17694775734896984,0.17375616541726108,0.16764742271801514,0.1578752415549311,0.1602148540792976,0.156471160440312,0.15627315821382365,0.15231231363950692,0.149466529217123,0.1499492767298378,0.14727345240949385,0.1500570563691276,0.1483331947868277,0.14770414580039468,0.14654475636558875,0.13269373539771434,0.12685244282855598,0.12592314880838587,0.12431455376437361,0.12248921193840936,0.12290605014898101,0.12309357333685303,0.12260196710102353,0.12945313503509928,0.13233351573982174,0.13257207498469278,0.13430718453999238,0.1361636863130563,0.1371633641851224,0.13914106148821936,0.13868624590881656
2012-09-30,,,,,,,,,,,,,,,,,,,,,,,,,,,0.36958516977019673,0.3199253880588065,0.3459538839763285,0.33116660936264786,0.4125994950251124,0.4381076204732564,0.3759001218975449,0.37239581798999916,0.3751971972348701,0.3111179379507318,0.32822506657229944,0.32657438719365556,0.2870867120823146,0.25630016199649486,0.2888073810277519,0.3101387771285389,0.3643682249779815,0.38996509710898575,0.3028242629352215,0.30713225776338915,0.23286074196961604,0.20989062926966962,0.21234164447505002,0.20000446154370527,0.20091741555696763,0.1981703687387741,0.19100874214399177,0.18324515177542583,0.16705965273528914,0.16207729678033336,0.1515474261681284,0.1567328358670724,0.14140678718456237,0.1392360284849454,0.13051601915286798,0.12604718954949026,0.12345047958077213,0.12680013536979223,0.1249462601746947,0.1216965763248723,0.11522300506511643,0.104946261876295,0.10756023128815215,0.10347634528579852,0.10337731762855634,0.09922313536444302,0.09604380853742453,0.09684504951368222,0.09380428927428724,0.09698031158097054,0.09517186012817935,0.0944968663969207,0.09329677989026544,0.07965380007293246,0.07331129209961479,0.07199678549607688,0.07055092558228804,0.06867365368491463,0.06904823050840117,0.06946825938119128,0.06920281188775096,0.07617267617937357,0.07909966654751963,0.0794215022376561,0.0812679961443327,0.08312353578187892,0.08418384668223775,0.08625078527724028,0.08586796184317919
2012-12-31,,,,,,,,,,,,,,,,,,,,,,,,,,,,0.3238643554551319,0.34872841501059465,0.33437284934343076,0.41395795709566025,0.43433941383610947,0.3735170754328301,0.3711209446005338,0.3760607607357075,0.31439923682571086,0.33210774037272073,0.32927461905830563,0.29204095804341623,0.2613875349892153,0.2931386036853372,0.314978130402053,0.36887066371729405,0.39439089469974464,0.30881014196635487,0.31480584909816695,0.24234855048733128,0.11687849176720544,0.12942937810203775,0.11656123975558863,0.11659354557126511,0.11343356623688669,0.10618423979796146,0.09771409226034847,0.08097686834881612,0.0756715536193455,0.06507479600874058,0.07052571633633731,0.054437460041092844,0.05236977386270386,0.043097931158630975,0.0384851150982764,0.03593893412907062,0.03954131071076439,0.0376117403922922,0.034300990307389645,0.027457742444854327,0.01666847206748434,0.019558602177848827,0.015124341020425092,0.015124449381388794,0.01076988066123491,0.00725376461223376,0.008379481222658247,0.004962037126384544,0.008539428909113633,0.006642757724123649,0.005919276349025171,0.00467769728756301,-0.008765922413926375,-0.015622237234841851,-0.017328667392013164,-0.018606647153951883,-0.020542932004024295,-0.020214760928684572,-0.01955860130353021,-0.019592823010053995,-0.012502882218939415,-0.009525502858149182,-0.009119194052936874,-0.007157494492223304,-0.005305024850906392,-0.004178545893024521,-0.0020204552588572455,-0.0023282523705904223
2013-03-31,,,,,,,,,,,,,,,,,,,,,,,,,,,,,0.3514015797523111,0.3374807064742439,0.4151939486550193,0.43040484344486546,0.37086441550710036,0.3696150034882545,0.3767642694766135,0.31752862217655164,0.33583749648460215,0.33191251185519866,0.29679699887944955,0.26636092076815365,0.2974186166342822,0.31970375319733724,0.37303400852531565,0.3982936552145241,0.3142342328567973,0.32168712663978616,0.2508812789837624,0.1270870643154162,0.13965149814730393,0.12501999106481093,0.12243743322552678,0.1188304560242304,0.11171970430237915,0.10243124824093072,0.08488207463598174,0.07921703083150419,0.06856631585664255,0.07427496096798139,0.057415422098704816,0.055455608027522335,0.04562275986168088,0.04086506472161411,0.038369840701769686,0.042232192267653734,0.0402274341168915,0.03685247284420973,0.029635229481025482,0.018325595266023342,0.021493413178722554,0.016698352202818623,0.01679770063753594,0.012235645268393325,0.008379951955459208,0.009835745562782994,0.006029553426216916,0.010017277037550343,0.008028581720791295,0.0072539712093747655,0.005970063009004878,-0.007281132356694031,-0.014663694931876081,-0.016769992241066234,-0.017875428515398417,-0.01987764616939891,-0.019600248236465,-0.018704268194834284,-0.018502259925707254,-0.01129047431427782,-0.008258828674924945,-0.007766833696089048,-0.005686013035777482,-0.0038386045549573256,-0.0026403545770756764,-0.0003889589647139702,-0.0006186365002704974
2013-06-30,,,,,,,,,,,,,,,,,,,,,,,,,,,,,,0.3404884963177744,0.4163165041479347,0.42635026963375533,0.367997672981694,0.3679232916071148,0.3773335117091974,0.320519956961852,0.33942398300807997,0.33449929923618826,0.30137121291347646,0.2712275855174131,0.30165476583631157,0.3243278543458897,0.37690156713069867,0.40174591269031396,0.3191825524369701,0.32789702940921794,0.2586164211047506,0.13646216558000948,0.15040722706402684,0.15463435210908083,0.1439227061473334,0.13963337057917585,0.1329781285760604,0.12270109117314554,0.1044982474996172,0.09831803916273457,0.08760151681719791,0.0935624509615795,0.07593152313324947,0.07408861547678264,0.06368512433865775,0.05878265711290226,0.05633839535001356,0.06046843726641335,0.05838936961824259,0.054946876527692035,0.04735188486977612,0.03551415572803396,0.038960919378049796,0.033794404239278764,0.033993042210128,0.029216363685351465,0.025018788135006964,0.026809860308488198,0.02260253243656618,0.027009557058403133,0.02492485272536893,0.0240963705051479,0.02276925883409575,0.009705333545975803,0.0017842427150545626,-0.0007311306924114302,-0.0016598594586701987,-0.0037347684212211685,-0.003512744803934653,-0.002373195456437993,-0.0019300226922622232,0.005405773184541829,0.008495667477400215,0.00907457569431419,0.011278529892660483,0.013119004304756932,0.01439470245767449,0.01674180398765418,0.016593400554182736
2013-09-30,,,,,,,,,,,,,,,,,,,,,,,,,,,,,,,0.4173346435649494,0.4222175402400886,0.3649672988570695,0.36608667778202153,0.3777910646211273,0.3233851178736316,0.3428753553224294,0.3370427630064748,0.3057768392839606,0.27599200568120774,0.3058502645859185,0.328858049304766,0.3805092293381891,0.4048091993016879,0.32372607837279277,0.3335354736505064,0.2656827397804061,0.14515825846762212,0.16031984745884112,0.16355907038137205,0.13788980359340464,0.13214636213321948,0.12651084330054127,0.11492273980074572,0.09611544401188246,0.08936749798014038,0.07875336207031186,0.08496157356141734,0.06657694266614067,0.06486511553304364,0.05388126099893478,0.04883604308845996,0.04644247000150292,0.05084856292695647,0.048696453385945415,0.04518294772888673,0.03720707828481423,0.024833602206839223,0.028560312612387284,0.023011486207552,0.023309409192222963,0.018310956677719148,0.013769702887356738,0.015900834332079727,0.011279653766015862,0.01611494891536086,0.013930064137749554,0.013044864225106478,0.011673641799579582,-0.0012063577939757097,-0.009678086501210326,-0.012613040890680605,-0.013361415429850088,-0.015515616310986802,-0.015353813610446021,-0.013966894026630539,-0.013277699831789669,-0.0058153224627841005,-0.0026630844894196537,-0.0019960248340066267,0.00033517534933208415,0.002166962319529009,0.0035258671166062405,0.005971328989286984,0.0059074174715643135
2013-12-31,,,,,,,,,,,,,,,,,,,,,,,,,,,,,,,,0.4180441022879097,0.3618187889093046,0.3641417997708033,0.3781566396694649,0.3261343197065731,0.3461985837342674,0.3395479613593837,0.31002464431803756,0.28065658676438726,0.31000522356662735,0.3332984809934702,0.38388681081498244,0.4075358404924263,0.3279233957004809,0.3386850826110557,0.2721854114510454,0.15329870410587926,0.1695457927619285,0.1717197749213491,0.1465276526932049,0.06913154857463466,0.06559402893650126,0.05178517351261766,0.03225526210910895,0.024889027626279148,0.01474204724541417,0.020910672957125398,0.0018245150676441946,0.0002622380121756751,-0.011310253939429138,-0.016493127201576696,-0.018835645974908166,-0.014146359361002336,-0.01636990951592171,-0.01995802855729506,-0.028317172825106984,-0.041233992638706085,-0.037226552592643514,-0.043168727533542506,-0.04277158269811615,-0.047998941950822493,-0.05288513336911577,-0.050409606111454786,-0.0554576903056721,-0.050185163020882995,-0.05247459250573028,-0.053419461677672087,-0.05483572853809543,-0.06753331359708192,-0.07656760778630689,-0.07993397453047152,-0.08049888423333595,-0.08273882420922568,-0.08264234701308593,-0.08100421272247471,-0.08006422657820567,-0.07247228193692368,-0.06925348469940679,-0.06849702751475584,-0.06603436571334242,-0.06421289874748348,-0.06276493987457088,-0.060218204257593166,-0.06019434085517583
2014-03-31,,,,,,,,,,,,,,,,,,,,,,,,,,,,,,,,,0.3585928562134131,0.362121280502034,0.37844739018144197,0.32877638537662873,0.34939970161045075,0.3420178341044023,0.3141234602130517,0.2852222433956366,0.3141174940039563,0.3376507302796044,0.3870591576840693,0.4099704402871117,0.33182288382901887,0.3434142596069734,0.27821027536172327,0.16098151053115775,0.17820912099559857,0.17928448348360995,0.1544669280733209,0.07822363957920064,0.02207557930230697,0.0030908693990956415,-0.017803973774531023,-0.025813008214552458,-0.034984063388432074,-0.02881303624965731,-0.048741700551371725,-0.05013664567791187,-0.06230062320682822,-0.06761129074195399,-0.06990172328585403,-0.06492226493643172,-0.06721748442565767,-0.07088389791611177,-0.07962776551834255,-0.09309547584180988,-0.08880665846899949,-0.0951533702214512,-0.09465713895216232,-0.10012047203124569,-0.10535229406620877,-0.10252850446631812,-0.1080168813968303,-0.10229817802578856,-0.1046967160779178,-0.10570431375658762,-0.10716657627076526,-0.11968140515641329,-0.12928999856892653,-0.133100967463611,-0.13347985779558857,-0.13581183560603083,-0.13578605999954796,-0.13389283250704653,-0.13269737995901315,-0.12497245857135575,-0.12168275772903736,-0.12083565260440898,-0.11823720702278212,-0.1164275703432755,-0.11488461305068343,-0.11223342558126892,-0.11211843722485398
2014-06-30,,,,,,,,,,,,,,,,,,,,,,,,,,,,,,,,,,0.36005395862304646,0.3786781866293451,0.3313189707756395,0.3524840045216229,0.34445370326893415,0.31808061840129587,0.28968886351055256,0.31818335270336995,0.34191455033066787,0.3900470533836945,0.41215111185679826,0.33546452325872633,0.34777971900004834,0.28382734143119964,0.1682840887992898,0.1864076095738343,0.18638560625991402,0.16186618735141203,0.0868065605371093,0.03154954238659646,-0.1060479444427212,-0.13075352752913988,-0.13935973440014393,-0.1466026060986006,-0.14052688872403474,-0.16132342527995402,-0.16247009036992693,-0.1752129725645628,-0.18063489725292214,-0.18287278461725132,-0.1775953770250796,-0.1799628827182716,-0.18371255941599235,-0.19284123787377838,-0.20686730062325887,-0.20229643903085798,-0.20905897656837913,-0.20846388244130487,-0.21417014209786545,-0.2197476886662023,-0.2165722694102361,-0.2225146706164678,-0.2163408760412393,-0.21885329367456507,-0.2199267891774529,-0.22143600408178687,-0.2337658668241449,-0.24396028668003,-0.24823044016776186,-0.2484213340508129,-0.2508515052845509,-0.2509020933941071,-0.24874987056760867,-0.24729438365304923,-0.239432642690519,-0.23606755667400225,-0.23512855277387368,-0.23238989119623454,-0.2305934709944173,-0.22894946591850263,-0.2261903776430031,-0.22598084546566877
2014-09-30,,,,,,,,,,,,,,,,,,,,,,,,,,,,,,,,,,,0.3788618639274354,0.3337687520812081,0.3554562091696442,0.3468556848305832,0.32190229625054634,0.294055676032565,0.3221980536506293,0.346088453842886,0.3928679621889985,0.41411049853891446,0.33888138751913893,0.3518285697055353,0.2890936837383513,0.17526718288667392,0.19421779047934018,0.19312644958029512,0.16884965312663489,0.09500466959775045,0.04051101921354555,-0.0942118067322707,-0.07004165264621776,-0.07899586943167969,-0.0822536377569748,-0.07671623339325079,-0.09839555596490773,-0.09905779930444164,-0.11256471882464741,-0.11807442863231044,-0.1202643860499133,-0.11467840771994098,-0.11711846575408102,-0.1209563373715537,-0.13046991898323668,-0.1450616131924835,-0.1402077627132035,-0.14739740121877065,-0.14670378196178913,-0.15265973746277467,-0.15858247494394329,-0.15505259262444426,-0.16146309676322157,-0.15482533774044027,-0.1574566219232706,-0.1585992979352832,-0.16015641086247012,-0.1722972197752196,-0.18308877312376248,-0.18783412316318399,-0.1878356440003367,-0.1903700266525945,-0.1905029423645,-0.18808780975039846,-0.18636783826366876,-0.1783649913082605,-0.17491989260207957,-0.17388774294821013,-0.17100431935590338,-0.1692223754712981,-0.16747116001855494,-0.1646004444746691,-0.16429287901170198
2014-12-31,,,,,,,,,,,,,,,,,,,,,,,,,,,,,,,,,,,,0.3361315818437258,0.3583205794037047,0.34922302509790737,0.3255937926399905,0.29832153847174636,0.32615626733040065,0.3501701777402416,0.3955366379272117,0.4158766224107885,0.34210087451615034,0.35560002938323404,0.2940558248799192,0.18197811169530673,0.20169910289732684,0.19958663968955717,0.17551355329944288,0.10291267927956449,0.04910033744289591,-0.08275899406119175,-0.05989292018962089,-0.16470575398252718,-0.159468652721714,-0.1559950075372798,-0.1787059837433015,-0.17876586961231367,-0.19302093788119762,-0.19861260227386734,-0.2007760921560151,-0.19486524741940597,-0.19737671066735363,-0.20130667966563154,-0.21120476830542678,-0.22637067917778864,-0.22123222901629092,-0.22885995787249913,-0.22806832238497743,-0.23428045014204413,-0.24054719052926488,-0.23666058541356916,-0.24355362313099915,-0.236443084713157,-0.23919844905137055,-0.24041370684219565,-0.24201962900691876,-0.2539654197668587,-0.26536517846326635,-0.27060320608423516,-0.27041460268075634,-0.2730590830938565,-0.27328060915844765,-0.2705986524131164,-0.26860987613123744,-0.26046118239338023,-0.25693128861824843,-0.2558047548822948,-0.25277190541073125,-0.2510055685121946,-0.24914085855778978,-0.24615450448210674,-0.2457453439644599
2015-03-31,,,,,,,,,,,,,,,,,,,,,,,,,,,,,,,,,,,,,0.3610810253992407,0.35155437334268885,0.3291597453465191,0.30248515834471174,0.3300524258963014,0.35415704618438215,0.3980656215465816,0.4174735908670318,0.34514572215062966,0.35912683389077293,0.2987516984735229,0.18845343830666597,0.20889731082510118,0.2058266388901165,0.1819314013529359,0.11060138196663294,0.05742363179802387,-0.07159665714242952,-0.05024249548832843,-0.152714491874812,-0.18831357851670222,-0.19171417592432421,-0.21623069769401015,-0.21581007255606965,-0.23064030920369727,-0.23617532076468162,-0.2382619803522923,-0.23200213578584472,-0.23458225695257273,-0.2386058330174884,-0.24888642811005612,-0.2646356735588443,-0.25921074166229396,-0.26728664652234413,-0.2663978140256529,-0.2728721118559998,-0.279480985179553,-0.2752360103255532,-0.2826263781969153,-0.27503432731905164,-0.2779192256650953,-0.27921059383998814,-0.28086616893232497,-0.29260911990387073,-0.3046279042698631,-0.31037760147850035,-0.3099987752096076,-0.3127591146067905,-0.31307587142043836,-0.310123190192927,-0.3078614322620927,-0.29956168536770367,-0.29594205024851616,-0.29471990826059224,-0.2915328467573388,-0.2897831148403338,-0.2877984963107463,-0.28469219959915326,-0.2841778083437715
2015-06-30,,,,,,,,,,,,,,,,,,,,,,,,,,,,,,,,,,,,,,0.3538480006450544,0.33260430099645005,0.30654526017470307,0.33388098972643065,0.35804624954366965,0.40046564715234045,0.4189221861919844,0.3480348453684519,0.3624363953748155,0.30321226221823155,0.19472116245418894,0.21584730869759308,0.21189149870918544,0.18815838680150776,0.11812240336461244,0.06555940582596731,-0.06065767843618175,-0.04095038037166854,-0.1411422314451391,-0.1765780587070006,-0.14615432780779464,-0.17527637423360987,-0.17516962008546594,-0.19002546558486733,-0.19521274885945783,-0.19701462242450968,-0.19061331416879157,-0.19326242737113436,-0.19737785988818662,-0.2080346087080791,-0.224376294192142,-0.21866052789327994,-0.22719606941052284,-0.22621149816118935,-0.23295318348158933,-0.23990160264066307,-0.23529726350184677,-0.24320016387943166,-0.2351179642136626,-0.23813810933220592,-0.23950925883192553,-0.24121521547229485,-0.2527456999131207,-0.26539406079941474,-0.27167597509247154,-0.27110750985992227,-0.2739893517548585,-0.2744083181888699,-0.27118104195268766,-0.26864228374439214,-0.26018580030695715,-0.256471304670993,-0.2551523509617516,-0.2518061639974274,-0.25007389802647784,-0.24796281831540545,-0.24473197308272443,-0.2441086400428255
2015-09-30,,,,,,,,,,,,,,,,,,,,,,,,,,,,,,,,,,,,,,,0.3359312465131252,0.31050070800345664,0.3376366486597102,0.3618350542513344,0.4027459727601162,0.4202403586367637,0.3507840254349527,0.3655517531214876,0.3074628216235458,0.20080251628298185,0.22257541775375103,0.2178139716780031,0.19423501846701619,0.12551213964402552,0.07356399762255983,-0.049895312488377475,-0.031910925346530394,-0.12988971577051783,-0.16535379881979329,-0.1384940624169197,-0.2093538619794444,-0.21244770215083086,-0.22578270135745493,-0.2299438294283207,-0.23116472201050464,-0.2245457325351755,-0.2274959029889415,-0.23170016059947507,-0.2427172306904668,-0.25965935931822326,-0.2536436810438629,-0.2626514148061405,-0.26157356775297913,-0.26858665325049313,-0.27587126078271185,-0.270907262243427,-0.2793383777518924,-0.27075749091372514,-0.27391889040857975,-0.27537366058062773,-0.27713054333095455,-0.2884372005808761,-0.3017254003703561,-0.30856167970638604,-0.307804875014968,-0.31081375411208745,-0.3113422902634082,-0.30783659613618874,-0.3050169934733522,-0.29639760176675567,-0.29258294460956946,-0.29116600419350214,-0.28765564528071286,-0.2859415638866313,-0.2836973230301739,-0.2803370116960341,-0.279600949194998
2015-12-31,,,,,,,,,,,,,,,,,,,,,,,,,,,,,,,,,,,,,,,,0.31435059178749614,0.34131446927738807,0.3655209561655183,0.40491464922285264,0.42144363983156746,0.3534064769584715,0.36849235363723976,0.31152411432323,0.20671343025548472,0.22910125897642752,0.2236170840365099,0.20019014031432492,0.13279500899045857,0.08147612150567635,-0.03927876759302629,-0.02304625201308924,-0.11888380496367557,-0.15450575475359096,-0.1310948394105707,-0.19501846526273747,-0.16622223805667913,-0.17345714457178407,-0.17491021584488242,-0.17492112746515381,-0.16792594024398383,-0.1710296111649519,-0.17546267771606672,-0.18680552468134837,-0.20435395951949692,-0.19802123457053566,-0.20751393570833787,-0.2063453401999793,-0.2136343910591525,-0.2212509736101934,-0.21592780302144243,-0.224903408211389,-0.21581538536691003,-0.21912439221745017,-0.2206668506052244,-0.22247491871374125,-0.23354474825136928,-0.24748273931907327,-0.254897175790207,-0.25395408382914464,-0.257095437211879,-0.2577413091994797,-0.2539534421031674,-0.25084934290629324,-0.24206037224641808,-0.23814006227898654,-0.236623997991111,-0.23294428061686168,-0.2312489538415099,-0.22886469510648288,-0.22536967745596026,-0.22451702020232445
2016-03-31,,,,,,,,,,,,,,,,,,,,,,,,,,,,,,,,,,,,,,,,,0.3449099979267818,0.3691017880673031,0.40697873846507215,0.42254549034487787,0.355913313825163,0.3712746901042103,0.31541319643465765,0.21246572506987402,0.23543927436797785,0.22931625555493523,0.20604342046922886,0.1399861274861622,0.08932063058551543,-0.028789577388359633,-0.01430076875916686,-0.10807216713213302,-0.1439320178100978,-0.12382569970508606,-0.1811878058573751,-0.15613132523659146,-0.22610567694368222,-0.22050912471355089,-0.2177177337640248,-0.20991225238333877,-0.21295781579222695,-0.21750897627431487,-0.22935387653011952,-0.24751252782720323,-0.2408330674642749,-0.250820278989381,-0.2495636608513211,-0.2571323508459812,-0.26507665706987305,-0.25939579575251714,-0.26893288766938583,-0.2593293774221782,-0.26279275988481043,-0.2644272951057889,-0.26628636054361043,-0.2771048533401209,-0.2917022490552805,-0.2997203185635865,-0.29859378709428963,-0.3018729685272672,-0.30264437650774956,-0.29857067270386795,-0.2951786365091952,-0.28621290844016467,-0.28218125702333785,-0.2805649811531151,-0.2767105699859227,-0.27503441190851297,-0.27250311127259663,-0.2688678122705249,-0.2678946168537778
2016-06-30,,,,,,,,,,,,,,,,,,,,,,,,,,,,,,,,,,,,,,,,,,0.37257579024588217,0.4089444902285708,0.4235575927244042,0.35831393159224934,0.37391282611922616,0.3191441654034515,0.21806807629662942,0.24159995658505845,0.23492103915860094,0.21180739809173402,0.14709350190585138,0.09711162261091982,-0.0184186347265331,-0.005636609307456741,-0.09741889169608181,-0.13355745991811813,-0.11658984826826935,-0.16777807502358866,-0.14650266889161967,-0.21418873426112883,-0.2278438041796237,-0.21808320481752574,-0.20834715509614898,-0.21089183965230607,-0.21544694346910598,-0.22783425020583237,-0.24680348773362815,-0.23973030312720345,-0.250209171665828,-0.248868710603945,-0.256717809246511,-0.26498549515705283,-0.25894933602959747,-0.2690657242660178,-0.25893856430541595,-0.26256360199938544,-0.264295064748417,-0.26620425725585173,-0.27675563600388864,-0.29202166370085636,-0.30067055936620835,-0.299364284169251,-0.3027865820718799,-0.3036921942723464,-0.29932911185239786,-0.2956459329685477,-0.2864957561851643,-0.2823468734232093,-0.2806293636175169,-0.27659476287883356,-0.2749380222346227,-0.2722524762344729,-0.2684709717434427,-0.2673732170194838
2016-09-30,,,,,,,,,,,,,,,,,,,,,,,,,,,,,,,,,,,,,,,,,,,0.4108174849307691,0.424490099323836,0.3606163208897557,0.3764188242933726,0.3227287479406274,0.22352679079234147,0.24759083714903402,0.2404365417103986,0.2174891594399816,0.1541198175077769,0.10485499257768277,-0.00816378009758223,0.002970149798561472,-0.08690087695505777,-0.12332843184529979,-0.10931833266225305,-0.15472763801617279,-0.13720422969424,-0.2026652636620836,-0.21549219876038284,-0.21215286977040781,-0.19771578852464783,-0.19876152851075046,-0.2032001734842997,-0.2161349044910834,-0.23594307135902348,-0.22851488780208984,-0.23944797794354267,-0.23803290214213035,-0.24615654854253166,-0.2547430102086813,-0.24835404804112926,-0.2590694976523964,-0.24841103456689817,-0.2522056636211675,-0.2540395780951703,-0.25599700224774846,-0.2662646859881459,-0.28220819574046396,-0.29151684421274815,-0.2900354370765069,-0.2936060957985165,-0.2946550906090488,-0.2899992501649318,-0.28602198662671374,-0.2766791578198976,-0.2724069536859196,-0.2705872755902671,-0.26636681356677927,-0.2647295610828193,-0.2618823726891364,-0.25794837193041475,-0.2567219607947153
2016-12-31,,,,,,,,,,,,,,,,,,,,,,,,,,,,,,,,,,,,,,,,,,,,0.42535184255447867,0.3628273238945442,0.37880309670315954,0.3261767768100129,0.22884642755890997,0.2534172752433043,0.24586457777987714,0.22309170328593664,0.16106388674281888,0.11255051972896266,0.0019721463382365023,0.011532614447634648,-0.0765048671780561,-0.11320835222728276,-0.10196470305814181,-0.14199217556876775,-0.12813597706350988,-0.1914523388918401,-0.20344380083944974,-0.20155441534223978,-0.1838528709151097,-0.18109487832842353,-0.18542466497038174,-0.1988786815945025,-0.21964555090834614,-0.21162398217442457,-0.22330866317048437,-0.22184133310890586,-0.23022223323183266,-0.23912200654058768,-0.2323825403285289,-0.24372109607387815,-0.232522235958172,-0.2364953164232415,-0.23843821237795193,-0.24044044035910062,-0.2504080885177502,-0.26703755147138564,-0.27703672418086356,-0.2753858070225379,-0.27911004902155834,-0.28031216477843446,-0.27536040266130624,-0.27108641422173085,-0.2615422267199946,-0.25714041871782456,-0.25521775866254837,-0.250805567657169,-0.24918767801712183,-0.24617124088316034,-0.24207806381737862,-0.24071882698024816
2017-03-31,,,,,,,,,,,,,,,,,,,,,,,,,,,,,,,,,,,,,,,,,,,,,0.36495284387716576,0.381074691215877,0.32949657619008577,0.234030290368038,0.25908308223686605,0.2512046002064099,0.22861504646330116,0.16792181458520625,0.12019356323605851,0.011982865928522934,0.020055643960876224,-0.06622503407864017,-0.103174049747989,-0.09450051313394786,-0.12954073841029196,-0.1192238308607535,-0.18048839091837182,-0.1916353111254312,-0.19119632553576754,-0.1725621078058988,-0.1564556051796761,-0.1613648465975881,-0.17539156329242755,-0.1974651262543261,-0.18853544219190405,-0.2010803556202257,-0.1995704565993318,-0.20817691165640917,-0.21738251006779563,-0.2102949053518519,-0.222286649785433,-0.21053549260273252,-0.21469823747710248,-0.2167582004966968,-0.21879952019888893,-0.22844858965948245,-0.24577221536822347,-0.256494426561219,-0.25468070568103407,-0.258563783738195,-0.2599293106979653,-0.2546786735042862,-0.2501056094788662,-0.2403508693055968,-0.23581297700950843,-0.2337866589069545,-0.22917664496378398,-0.2275777882729867,-0.22438426954776347,-0.2201248331007234,-0.21862852749943917
2017-06-30,,,,,,,,,,,,,,,,,,,,,,,,,,,,,,,,,,,,,,,,,,,,,,0.3832415252549086,0.3326952719774341,0.23908081498988135,0.2645910113108125,0.25645444449654586,0.23405711243720856,0.17468792757950985,0.12777642959312505,0.021859900818993694,0.028537955148964456,-0.05606101396858426,-0.09321274159985071,-0.08691154146521052,-0.11735255762267666,-0.11041460220222138,-0.16972885118722364,-0.18002210202469793,-0.18099719223337962,-0.16146551242492463,-0.14623050629172252,-0.1750777723585299,-0.19025482951351164,-0.2147567586246969,-0.2044244021771937,-0.21790433071243864,-0.21616343343874134,-0.22521055267790813,-0.23471022463766678,-0.22727951889110487,-0.23996170352236534,-0.22764298425178298,-0.23200894288222795,-0.23419817230415818,-0.23626945263940025,-0.24557739882343432,-0.26360310208656434,-0.2750825605418573,-0.2731139534385214,-0.277161222209521,-0.2787010047118865,-0.2731487538057429,-0.2682745380991316,-0.2582996076522167,-0.25361898274017725,-0.2514884852288144,-0.24667428099810307,-0.2450939290574261,-0.2417152223162149,-0.2372820334159189,-0.23564434605047657
2017-09-30,,,,,,,,,,,,,,,,,,,,,,,,,,,,,,,,,,,,,,,,,,,,,,,0.33577904060453373,0.24399987010663493,0.2699431367283967,0.26161091837624484,0.2394144391349336,0.1813555064296478,0.135289465241475,0.0315935461896974,0.03697383351012257,-0.04601632569296832,-0.08331954896612798,-0.07919463011755357,-0.10541447982306301,-0.10167177789737297,-0.15914255984045167,-0.16857418434714194,-0.17089899478150794,-0.15051092062786753,-0.13612490644614023,-0.16660115771096762,-0.25928155361836946,-0.28989376464696304,-0.2772869586424903,-0.29169673139217567,-0.28949766304325253,-0.29888781842027523,-0.30877227444877653,-0.3010169428475903,-0.31443270873766793,-0.30152914403825115,-0.3061146860836962,-0.30844973836881795,-0.3105353619676353,-0.3194741095141249,-0.3382091314512701,-0.350481681239291,-0.34836754483995624,-0.35258453280284086,-0.35431008363807326,-0.34845375955041935,-0.34327660570736673,-0.33307149926044466,-0.3282414121610653,-0.32600642175865013,-0.32098131098867777,-0.31941873532554876,-0.3158463877491984,-0.3112315238667568,-0.3094480857520422
2017-12-31,,,,,,,,,,,,,,,,,,,,,,,,,,,,,,,,,,,,,,,,,,,,,,,,0.24878898783733308,0.27514114322727,0.2666702629773595,0.24468273666054596,0.18791735580639218,0.14272191987199692,0.041173621750913325,0.04535451448577427,-0.03609710607704136,-0.07349546517971184,-0.07135505165530592,-0.09371891792652293,-0.09297201741473221,-0.14870881423234916,-0.15727289633655356,-0.1608624073941109,-0.13966360929130822,-0.12608911103345244,-0.15812565528338213,-0.24618207870977193,-0.24375877829384018,-0.22712074065150556,-0.2422232625184244,-0.23915110031942788,-0.24862228154623323,-0.2589104584857601,-0.2508169657752244,-0.26500777101055006,-0.25150566951334696,-0.25633076985389847,-0.25883386961710897,-0.26091032211195486,-0.26944927516405337,-0.28889915622645534,-0.3020023663765472,-0.29975394004891776,-0.3041463871930735,-0.30607019593454166,-0.2999079536555056,-0.2944265092336098,-0.2839810823276372,-0.27899490905221236,-0.2766554993861986,-0.2714122961905353,-0.2698664944510534,-0.2660916268787513,-0.2612866525834808,-0.25935307460067947
2018-03-31,,,,,,,,,,,,,,,,,,,,,,,,,,,,,,,,,,,,,,,,,,,,,,,,,0.2801865425987966,0.27162850803287103,0.2498573207659339,0.1943662398376304,0.15006261900118414,0.05059004159234359,0.05366928824093886,-0.02631110942336623,-0.063745704844759,-0.06340432811633562,-0.08226222638486047,-0.0843022516421924,-0.13841495319746844,-0.14610819783189188,-0.15086288444968848,-0.1289024830803741,-0.1160910190901216,-0.14959380356685664,-0.23313417428559413,-0.23028050489494123,-0.18472888190655035,-0.19923564167439228,-0.19426539329243248,-0.20320069866117468,-0.213905713991417,-0.20536498861511132,-0.22049190544633424,-0.2063964211728695,-0.21148695387227057,-0.21418799683785128,-0.21622063308355055,-0.22433294516975633,-0.2445101197593914,-0.2584825507464026,-0.2561136606696711,-0.26068743818942053,-0.2628232247314687,-0.25635415317236854,-0.25056768470455837,-0.23987185839971836,-0.23472329103819456,-0.2322801576392215,-0.22681107819816315,-0.22528065994347346,-0.22129390052597242,-0.2162897499763241,-0.21420166915774208
2018-06-30,,,,,,,,,,,,,,,,,,,,,,,,,,,,,,,,,,,,,,,,,,,,,,,,,,0.2764817399709326,0.2549334439251778,0.20069520732126106,0.157300478583698,0.05983323535186383,0.061906373421863586,-0.01666692588707175,-0.05407837292035861,-0.05535843602639762,-0.07104342492994786,-0.07565728974628771,-0.12825438923938565,-0.13507647081594126,-0.140887406794574,-0.11821692945406798,-0.10611233931865555,-0.14096877241708733,-0.22012649088308767,-0.21690996899831405,-0.17518428924343765,-0.19979588556902833,-0.18998061559480084,-0.19710851876112123,-0.2082863642261189,-0.19919064025298222,-0.21557938588737013,-0.20062714477784427,-0.2060223317414429,-0.2089630268643009,-0.2109005836261465,-0.2185954391506042,-0.23951428778171358,-0.2544089463869713,-0.2519372606859799,-0.2566980077283809,-0.2590606983625926,-0.2522850242664789,-0.2461937171101648,-0.23523765569451238,-0.22992087065333466,-0.227375646940717,-0.22167222423559452,-0.22015521456845077,-0.21594670602094845,-0.2107334974058338,-0.20848663631707465
2018-09-30,,,,,,,,,,,,,,,,,,,,,,,,,,,,,,,,,,,,,,,,,,,,,,,,,,,0.25990654244370653,0.20689782693914543,0.16442488945123837,0.0688944484649068,0.07005359853101703,-0.00717338057407374,-0.04450340186365043,-0.04723634053294834,-0.06006320749192312,-0.06703785472305346,-0.11822501474591096,-0.12417874306186333,-0.1309317892779877,-0.10760423824809734,-0.09614544814565973,-0.13223016776606367,-0.20715881578546846,-0.20363193572900512,-0.16563708834448043,-0.18773180298991532,-0.14228473576863676,-0.14522043107188243,-0.15716339352892983,-0.14730404966260863,-0.16528578164813618,-0.1491875127134134,-0.15505935361096151,-0.15830051445224103,-0.16006751463063323,-0.16691569432223408,-0.18860775841085842,-0.20446115791673758,-0.20190293639714424,-0.2068592448070682,-0.20945735403475163,-0.202368070481175,-0.1959661126619603,-0.18474011331867907,-0.17924747058726814,-0.17659966619153084,-0.17065210780532625,-0.16914771208575424,-0.16470711377799369,-0.15927578379459928,-0.15686508628088952
2018-12-31,,,,,,,,,,,,,,,,,,,,,,,,,,,,,,,,,,,,,,,,,,,,,,,,,,,,0.21296834954979113,0.17142599512133638,0.07776594482915455,0.07809892375783906,0.002160918843187254,-0.03503171266978866,-0.039058809471820166,-0.049323183535013304,-0.05844898024658801,-0.10832791999914704,-0.11341926457218704,-0.12099846427198258,-0.09706749729383968,-0.08619079414853775,-0.12337050040340852,-0.1942390465273937,-0.19044232870924205,-0.15604690580580932,-0.1756886021372055,-0.1325816357293914,-0.12497256869549966,-0.1387571458032601,-0.1276365009287168,-0.1476257367948886,-0.1300958646771443,-0.13647894217482598,-0.14029972981885303,-0.14178338641119465,-0.14723684489934485,-0.16972768604350913,-0.18658437136367023,-0.18396050688633708,-0.18912368671587165,-0.19196488227040098,-0.18455301592483242,-0.17783171085262772,-0.1663284605988432,-0.16065538876180102,-0.1579031222402485,-0.15169932516650403,-0.15020922238189338,-0.14552235236116773,-0.13986502078184704,-0.13728559949409935
2019-03-31,,,,,,,,,,,,,,,,,,,,,,,,,,,,,,,,,,,,,,,,,,,,,,,,,,,,,0.17829488288948422,0.08644113145319726,0.08603083115289151,0.011327913146437885,-0.025674562241734533,-0.030847464842620187,-0.03882530790488087,-0.04989871154918124,-0.09856637053660355,-0.10280437744158527,-0.11109466828013881,-0.08661388852559804,-0.07625476656885616,-0.11439222730278081,-0.18138074294490358,-0.17734523747499098,-0.14639023689730257,-0.1636698951106932,-0.12292017391829552,-0.11461592057500364,-0.20994391536040335,-0.19664117877544962,-0.21923295224413797,-0.19998275559922002,-0.20693767930801887,-0.2113760416554198,-0.21224846073139114,-0.21554407799323638,-0.23883379704506702,-0.2567443164477967,-0.25408367747805827,-0.25946732210182144,-0.2625706821418906,-0.2548308546664436,-0.24778093482110775,-0.235999423763662,-0.23014808585008417,-0.227291471255325,-0.22081480602904768,-0.2193416125426647,-0.21438955527514747,-0.20849800075625868,-0.20574569303701729
2019-06-30,,,,,,,,,,,,,,,,,,,,,,,,,,,,,,,,,,,,,,,,,,,,,,,,,,,,,,0.09491462145247348,0.0938386068023376,0.020320324089195485,-0.01644304515179923,-0.022624034925259162,-0.02857146269718991,-0.04139706162860246,-0.08894499965453861,-0.0923416290086706,-0.10123096925746289,-0.07625332016151609,-0.06634795719085601,-0.10530528586029009,-0.16860116496035166,-0.16435050044529104,-0.1366568259823312,-0.15168595029254228,-0.11327289179987787,-0.10437533158966028,-0.199462854085301,-0.18685415709324177,-0.21274897465780007,-0.1914918126830794,-0.19912983348924634,-0.20423964254324684,-0.20431944369169874,-0.2045792326147497,-0.228617387791468,-0.24764858894548025,-0.24499122795318895,-0.2506136425707294,-0.2540226166793974,-0.24597721383978488,-0.23859534966275708,-0.22654963163516229,-0.22053653166759501,-0.21758723899017007,-0.21081144683791075,-0.2093530916783214,-0.20411190307384053,-0.1979727153285677,-0.19504520012862225
2019-09-30,,,,,,,,,,,,,,,,,,,,,,,,,,,,,,,,,,,,,,,,,,,,,,,,,,,,,,,0.10151253503943844,0.02913180761915546,-0.007347722668420098,-0.0144097752579464,-0.0185631608742321,-0.03295518133420228,-0.0794691787885517,-0.08203908597269066,-0.09142008124084033,-0.06599734006956448,-0.05648375482603929,-0.09612505174487557,-0.15591971681818984,-0.1514717699051798,-0.12684663977925908,-0.13975159858157787,-0.10362478261154023,-0.09422997636414993,-0.18896429439048773,-0.17926916223145478,-0.3538173252176344,-0.3304457358558339,-0.3390826314351211,-0.344892223970819,-0.34378744651045845,-0.33904446272860644,-0.3649311208002234,-0.38503856628439914,-0.38242111645768884,-0.38831100501539506,-0.39207541886500163,-0.38375028078951934,-0.37602165058809,-0.3637441548071997,-0.35759993796340594,-0.354573860456715,-0.3474597634696378,-0.34601548567946083,-0.3404526249153851,-0.3340519913400749,-0.33094752194299515
2019-12-31,,,,,,,,,,,,,,,,,,,,,,,,,,,,,,,,,,,,,,,,,,,,,,,,,,,,,,,,0.03775704390436185,0.0016016439609912725,-0.006225031029004069,-0.00880134657054149,-0.024584708049224357,-0.07014453437235868,-0.07190481376915414,-0.08167592056581285,-0.05585828357767386,-0.04667722022422632,-0.08687066003747179,-0.14335673014799477,-0.13872497932931205,-0.11696734932729758,-0.12788455873167737,-0.09397048859855162,-0.08416845776777693,-0.17844902080539649,-0.17157305717100463,-0.3400297203440792,-0.26314829132902506,-0.27386389791460575,-0.28034027698515207,-0.2771612428295377,-0.2649685303551471,-0.2926148263348145,-0.31533225092041073,-0.3128055765337737,-0.31899787820791137,-0.32316012659793436,-0.31457820321335717,-0.30647781167061594,-0.29401922884845255,-0.28779456090625466,-0.2847131817146966,-0.27720786775848216,-0.27577939265644147,-0.26985065659977614,-0.263174952861165,-0.25989346268662805
2020-03-31,,,,,,,,,,,,,,,,,,,,,,,,,,,,,,,,,,,,,,,,,,,,,,,,,,,,,,,,,0.010396275452776715,0.0019110827948151665,0.000713728598353558,-0.01629726293801942,-0.06097658473915052,-0.06194649111384043,-0.07201286452383238,-0.04584861595792178,-0.03694419662175569,-0.077563637141289,-0.13093252825857266,-0.12612714529543445,-0.10703224780690679,-0.11610411287020983,-0.08431197606334095,-0.07418655817043285,-0.16792375106895474,-0.16373864243592706,-0.3261299260973749,-0.25565360522609204,-0.2552127209821372,-0.2635536579441127,-0.2550521244403764,-0.2682892414786756,-0.2950764618491686,-0.3214973979554422,-0.3189527219103777,-0.3265471224524772,-0.33185573247651035,-0.32307551004627777,-0.3144639551024001,-0.302010605694378,-0.29660565708481146,-0.29264880353785194,-0.28477054280334635,-0.284525214152594,-0.2770211970615474,-0.2708137285206449,-0.267479191026204
2020-06-30,,,,,,,,,,,,,,,,,,,,,,,,,,,,,,,,,,,,,,,,,,,,,,,,,,,,,,,,,,0.00998090399438456,0.00998257024237964,-0.008104071208736241,-0.051970474835191405,-0.052171134394321306,-0.06244517896163865,-0.03598043578135279,-0.02730061750771917,-0.06822679774315143,-0.11866672267965911,-0.11369544645809104,-0.09705854109959317,-0.10443007370825014,-0.07465661730731188,-0.06428539508813874,-0.15739950830614674,-0.15575179054442367,-0.3121654116359788,-0.2479218164425645,-0.24718008502357625,-0.24323846806616534,-0.22007264774428625,-0.2494431934602387,-0.275554010067387,-0.3068739364076779,-0.30540076794121906,-0.31325206361929925,-0.3195293301610329,-0.31076224828295995,-0.3020511779230116,-0.2893270262726553,-0.28410738093473575,-0.27991706740602684,-0.27174920632377886,-0.27181775146746034,-0.2635870977694933,-0.25726273444320935,-0.25381576476083556
2020-09-30,,,,,,,,,,,,,,,,,,,,,,,,,,,,,,,,,,,,,,,,,,,,,,,,,,,,,,,,,,,0.019006460863173535,-1.5683674506994372e-5,-0.043130790081692905,-0.042584910642827434,-0.05298658618146124,-0.02626511045068608,-0.017761978685091995,-0.058883367036925316,-0.10657770036139685,-0.10144653080311783,-0.0870659563784224,-0.09288199376779233,-0.06501561874002482,-0.05446991876783036,-0.1468902814485442,-0.147608809842935,-0.2981816055249622,-0.23993942889528785,-0.23897841688745836,-0.23479891356531424,-0.21879829694131514,-0.25982116906642205,-0.285761082235079,-0.322992574531368,-0.32351965795687465,-0.3304680415680936,-0.33712839892111157,-0.32812158871305974,-0.3194136922599192,-0.306027254148002,-0.3002040560176815,-0.296203711821703,-0.28786352682379435,-0.2874959309238958,-0.2793887603430858,-0.2724654694679073,-0.26880431474602706
2020-12-31,,,,,,,,,,,,,,,,,,,,,,,,,,,,,,,,,,,,,,,,,,,,,,,,,,,,,,,,,,,,0.007958218821262963,-0.03446143374813221,-0.03319302127287893,-0.04364994868368677,-0.016713019598113332,-0.008342946449916622,-0.049556293604547,-0.0946822662879811,-0.08939600988969326,-0.07707562129493462,-0.08147857443527023,-0.05540274300598125,-0.04474769817018559,-0.13641193317583272,-0.13931418907372783,-0.28422125261704256,-0.231704610354736,-0.23059678804071482,-0.22631784027637591,-0.21050006611390737,-0.2693375765610422,-0.2958886306365709,-0.3391135858028278,-0.34214668940533854,-0.34702993196042586,-0.35264523297254124,-0.3419065709507124,-0.33239021969811455,-0.31796647712366255,-0.31066246868195246,-0.306756904905116,-0.29826202886110176,-0.2971015413207624,-0.28976458407300354,-0.28206285530019004,-0.27801000948803245
2021-03-31,,,,,,,,,,,,,,,,,,,,,,,,,,,,,,,,,,,,,,,,,,,,,,,,,,,,,,,,,,,,,-0.025965554770362997,-0.023999641695659046,-0.034447047900608596,-0.007333385790924629,0.0009429221866144033,-0.040267722890138025,-0.08299541170854652,-0.07755810518992812,-0.06710917263650523,-0.0702372390317687,-0.045833280257938425,-0.03512794948544434,-0.12598131962895703,-0.1308786794321829,-0.2703239647303639,-0.22322476712559336,-0.22203425328513982,-0.21778178575734475,-0.20203841469669326,-0.2587448712407565,-0.35750545951018586,-0.41154625208816353,-0.4174226085965843,-0.42113534907667216,-0.427039806163779,-0.41554618203299387,-0.4053951979607747,-0.3904700907160764,-0.38283999171289296,-0.37872803960897994,-0.36991077312243403,-0.36874752762007024,-0.36108260917781576,-0.3530475941061787,-0.3487806236799844
2021-06-30,,,,,,,,,,,,,,,,,,,,,,,,,,,,,,,,,,,,,,,,,,,,,,,,,,,,,,,,,,,,,,-0.01500790442717359,-0.025388440182405547,0.001865824791541737,0.010083367760706285,-0.031038605184004364,-0.07153018286280688,-0.06594541711278235,-0.057188058811223796,-0.0591738395464283,-0.03632322992742276,-0.02562076792414847,-0.11561559055494808,-0.12231767457360038,-0.2565259314388362,-0.21451445597550767,-0.21329769166362078,-0.20918514944852573,-0.1934176113320235,-0.24897623464846297,-0.34621312341530674,-0.33993001157763103,-0.35010269143148787,-0.3525032894579485,-0.358444046925388,-0.3457075163257216,-0.3348519369678885,-0.3188310423516175,-0.31084257579240226,-0.3064612236716565,-0.2973106050218852,-0.2961511848499304,-0.28814966657183205,-0.2797721660749195,-0.27528191824494064
2021-09-30,,,,,,,,,,,,,,,,,,,,,,,,,,,,,,,,,,,,,,,,,,,,,,,,,,,,,,,,,,,,,,,-0.01648337498403396,0.010877946283953666,0.019067542561896245,-0.02188841552905041,-0.06029762908941394,-0.05456879198276504,-0.04733300529279988,-0.04830247135389354,-0.026888659689871086,-0.016236529209847195,-0.10533164245493964,-0.11364985264703237,-0.24285976180669133,-0.20559359862898563,-0.204399964717436,-0.20052851410320055,-0.18464821744448512,-0.23977583832631166,-0.3355086150843828,-0.32960298464464355,-0.3728029483881463,-0.3743404536619177,-0.38005319746198407,-0.36522358528665166,-0.353536335795962,-0.3364172562578541,-0.3278962696791776,-0.3231754140474572,-0.3136805529729624,-0.3125349812157243,-0.30418521734799386,-0.29544887451960533,-0.2907275868299445
2021-12-31,,,,,,,,,,,,,,,,,,,,,,,,,,,,,,,,,,,,,,,,,,,,,,,,,,,,,,,,,,,,,,,,0.019697613870311437,0.027886065585947528,-0.01283496603355222,-0.04930681264415521,-0.04343726624896893,-0.037563616325316906,-0.037635374246550446,-0.01754521293635214,-0.006985432094620048,-0.09514570077745582,-0.10489604786779722,-0.22935443189668714,-0.1964859666457952,-0.195358355880403,-0.19181722178112076,-0.17574549681689067,-0.23094528461063457,-0.32518226507833936,-0.31917341842149194,-0.36116452303993785,-0.3426875625904571,-0.34789114250928677,-0.329478715495932,-0.31670530647957884,-0.2984429807748984,-0.2893369132121255,-0.2838637427449521,-0.27401906911478124,-0.27291651380942594,-0.2642069551438142,-0.25509185841349447,-0.25013157358056526
2022-03-31,,,,,,,,,,,,,,,,,,,,,,,,,,,,,,,,,,,,,,,,,,,,,,,,,,,,,,,,,,,,,,,,,0.0365310307416597,-0.0038942937741737182,-0.03856486550185956,-0.03255807062258359,-0.027898089828903516,-0.027182901553948313,-0.008307740058360658,0.002122842568004657,-0.08507301027835806,-0.09607832234845737,-0.2160353164242842,-0.18721790689168727,-0.18619325815085996,-0.18306017313487,-0.16672807451223992,-0.22233337204568437,-0.3150751293199835,-0.30860623346268223,-0.34932854574672456,-0.3310091732678626,-0.2959304142045436,-0.27120911781446677,-0.2567118281737012,-0.23729174969635047,-0.2274467449345754,-0.2212332268588032,-0.21060814017423324,-0.20962652133774395,-0.20054531971254586,-0.19103263268775716,-0.18582455107458112
2022-06-30,,,,,,,,,,,,,,,,,,,,,,,,,,,,,,,,,,,,,,,,,,,,,,,,,,,,,,,,,,,,,,,,,,0.004919390153740211,-0.02807708093799205,-0.02193667976445879,-0.018353025633621955,-0.016953542076308725,0.0008099676811567091,0.011079377027467974,-0.0751276154003222,-0.08721921187905107,-0.20292428606760193,-0.17781728010437126,-0.17692708024366083,-0.17426882207523642,-0.15761681594690763,-0.21382747333081498,-0.3050696700832972,-0.29788470683050616,-0.3373058809663597,-0.31936542457665507,-0.2857757498857466,-0.17295697018517397,-0.15487353714345575,-0.13415042532059135,-0.12318187767829203,-0.11612815996935993,-0.10476140573594206,-0.10351608265806173,-0.09404745543121296,-0.08412450416153233,-0.0786588144986286
2022-09-30,,,,,,,,,,,,,,,,,,,,,,,,,,,,,,,,,,,,,,,,,,,,,,,,,,,,,,,,,,,,,,,,,,,-0.01784702984110298,-0.011576895637907203,-0.008943309957754664,-0.006953982093768296,0.009795359904190892,0.019876183824033555,-0.06532221494624779,-0.07834112208327393,-0.1900398547169897,-0.1683125872665,-0.16758334423584403,-0.16545634089174366,-0.1484338994578146,-0.20534628266509047,-0.29508191437935627,-0.2870063332132271,-0.3251164371163058,-0.3077157073565724,-0.2755316654769763,-0.1640246684797369,-0.09357800860005128,-0.07018824512920724,-0.056919990848229574,-0.048861425344397635,-0.03683445359100246,-0.035272767368210445,-0.025281414038028804,-0.014951058448725296,-0.009218089526943918
2022-12-31,,,,,,,,,,,,,,,,,,,,,,,,,,,,,,,,,,,,,,,,,,,,,,,,,,,,,,,,,,,,,,,,,,,,-0.0014809547664498823,0.00031793851058031786,0.0028108031140963163,0.01863724009291723,0.028506309969014265,-0.05566807746572222,-0.06946585388913296,-0.17739736339466083,-0.15873226061886397,-0.15818595031219745,-0.15663693358358616,-0.13920205811174535,-0.19683372695400864,-0.2850548701663167,-0.27597938327791116,-0.31278646074986927,-0.2960372863595916,-0.26518372613357444,-0.15505760185925993,-0.0849694017455126,-0.0975126203005221,-0.07779710429801334,-0.06859573853992823,-0.05611509643506574,-0.05426749731730374,-0.04392621693985077,-0.03280025640889561,-0.026795352365605596
2023-03-31,,,,,,,,,,,,,,,,,,,,,,,,,,,,,,,,,,,,,,,,,,,,,,,,,,,,,,,,,,,,,,,,,,,,,0.0094193734310416,0.012337436944035662,0.027325823092169688,0.036963890801645805,-0.046175005670987423,-0.06061423955210832,-0.16500918972583345,-0.14910409817803427,-0.14875858661266217,-0.14782527756553715,-0.12994396877552905,-0.18825386670758076,-0.27495301362963653,-0.2648200581664856,-0.3003463364007496,-0.28432121329114246,-0.25472970679676,-0.1460429896239045,-0.07640422157873866,-0.08791837312711698,-0.06572430647081934,-0.055817572926236736,-0.04318873033509463,-0.04130716285039604,-0.030777900133624914,-0.018754147487889783,-0.012304108942353897
2023-06-30,,,,,,,,,,,,,,,,,,,,,,,,,,,,,,,,,,,,,,,,,,,,,,,,,,,,,,,,,,,,,,,,,,,,,,0.021624015456891854,0.03585274845968983,0.04524416420402094,-0.036851339874703404,-0.05180587257057512,-0.15288497372757415,-0.13945482255841862,-0.13932426439852258,-0.13903607608666435,-0.120681768599737,-0.17958663869577463,-0.2647576884324422,-0.25355015291015137,-0.28782881604715094,-0.27256896088369764,-0.2441765758328588,-0.13697806077753016,-0.0678746422788521,-0.07825658692688381,-0.06039224989054498,-0.038448737891712104,-0.025742402165061573,-0.02458100152102688,-0.013990208837261375,-0.001060900352697458,0.005851868065404109
2023-09-30,,,,,,,,,,,,,,,,,,,,,,,,,,,,,,,,,,,,,,,,,,,,,,,,,,,,,,,,,,,,,,,,,,,,,,,0.04421105925425778,0.05334345413072117,-0.02770399191922357,-0.04305891674993151,-0.14103185232612542,-0.12980974673474782,-0.1299049608013887,-0.13028370566348668,-0.11143668106584709,-0.17082431444146534,-0.25446328117016015,-0.24219515340094666,-0.2752676121884231,-0.2607896659839666,-0.2335380166248724,-0.12786752060597856,-0.05937969722277131,-0.06856503450920354,-0.05463495514763228,-0.03131811336305579,0.012990585286796197,0.011216757753491957,0.021982784633970964,0.035580724882036285,0.042931975360287866
2023-12-31,,,,,,,,,,,,,,,,,,,,,,,,,,,,,,,,,,,,,,,,,,,,,,,,,,,,,,,,,,,,,,,,,,,,,,,,0.06125913092656246,-0.01873850236679031,-0.034389981416416304,-0.12945469644220703,-0.12019253111392975,-0.12052135330849495,-0.12158194460534588,-0.10222873560839585,-0.16196856715955243,-0.244074056993407,-0.23078270175765347,-0.2626962973628272,-0.248997886388735,-0.22283240459077092,-0.11872148399340343,-0.050923363704159286,-0.05887937885984812,-0.048507026003921205,-0.023839846268477682,0.02039029218578242,0.027937308404041072,0.039944705439067474,0.05344436035572725,0.06106412388526791
2024-03-31,,,,,,,,,,,,,,,,,,,,,,,,,,,,,,,,,,,,,,,,,,,,,,,,,,,,,,,,,,,,,,,,,,,,,,,,,-0.009959114860666696,-0.025814051366065904,-0.11815634571894246,-0.11062501791249202,-0.11119263187858874,-0.11294377031695324,-0.09307656655157326,-0.153028055397047,-0.2336015560862127,-0.21934137372465812,-0.25014746068118154,-0.23721179029545258,-0.21208116929130838,-0.10955380144041876,-0.04251303257694683,-0.049232637010455216,-0.042060411290099575,-0.016089085563561478,0.028108978622570835,0.03511290000632189,-0.04620341988091914,-0.03486167714640254,-0.027597831356504288
2024-06-30,,,,,,,,,,,,,,,,,,,,,,,,,,,,,,,,,,,,,,,,,,,,,,,,,,,,,,,,,,,,,,,,,,,,,,,,,,-0.017344461569727687,-0.10713783702911511,-0.10112713035573218,-0.10193637618289814,-0.104381214516864,-0.08399727869704199,-0.1440164448824094,-0.2230624658993483,-0.20789971936349472,-0.2376520787284453,-0.22545170919992474,-0.20130748151033284,-0.10038071482865069,-0.034158296456189174,-0.03965484195298119,-0.035344227495794356,-0.008132953913040475,0.03606475557615013,0.042479206122410684,-0.037706619048206824,-0.028956322098056708,-0.024251628411816828
2024-09-30,,,,,,,,,,,,,,,,,,,,,,,,,,,,,,,,,,,,,,,,,,,,,,,,,,,,,,,,,,,,,,,,,,,,,,,,,,,-0.09639862380602293,-0.091716825627917,-0.09276848693229306,-0.0959052668245105,-0.07500636837045715,-0.13495080135571225,-0.21247689615130783,-0.19648552491385285,-0.2252390641086437,-0.21373899524193174,-0.19053521383406713,-0.091219789377533,-0.02587000079771834,-0.030172860093466647,-0.0284046238038575,-3.1117633156940716e-5,0.044185688031282366,0.04998708233528293,-0.028854236565108715,-0.020789769873674646,-0.02140926217643946
2024-12-31,,,,,,,,,,,,,,,,,,,,,,,,,,,,,,,,,,,,,,,,,,,,,,,,,,,,,,,,,,,,,,,,,,,,,,,,,,,,-0.08241009180937248,-0.08370316159218938,-0.08752581835447981,-0.06611769008253543,-0.12585029675170845,-0.20186699396069008,-0.18512525945834374,-0.2129349600831757,-0.20209513266576767,-0.17978813061485655,-0.08208907622652534,-0.017659511172747555,-0.020810329604462663,-0.021284689068619134,0.00816366567848903,0.05240893168715022,0.057591793482625636,-0.019741281611139028,-0.01235794564887499,-0.014353972092475797
2025-03-31,,,,,,,,,,,,,,,,,,,,,,,,,,,,,,,,,,,,,,,,,,,,,,,,,,,,,,,,,,,,,,,,,,,,,,,,,,,,,-0.07475290600775764,-0.07925163802551272,-0.057343460191814744,-0.11673517931509492,-0.1912558453433179,-0.17384367504415904,-0.20076375427045123,-0.19054106046860209,-0.16908926950254943,-0.07300646687422807,-0.009538157620810062,-0.011587691372549225,-0.014024399296165058,0.016405020723803843,0.060679921924403135,0.06525293196078341,-0.010450363488539172,-0.0037282100860807077,-0.007037982856331393
2025-06-30,,,,,,,,,,,,,,,,,,,,,,,,,,,,,,,,,,,,,,,,,,,,,,,,,,,,,,,,,,,,,,,,,,,,,,,,,,,,,,-0.0710903752528324,-0.048694290075870894,-0.10762596526206614,-0.18066661692590946,-0.16266353329385685,-0.18874678831860187,-0.17909666965224524,-0.15846048213792202,-0.06398920650269646,-0.0015168233319965418,-0.002522289415553103,-0.0066606032527934955,0.024652448797669202,0.06895161260407817,0.07293428662739171,-0.0010529819982449395,0.005039378047126841,0.0004882622930427738
2025-09-30,,,,,,,,,,,,,,,,,,,,,,,,,,,,,,,,,,,,,,,,,,,,,,,,,,,,,,,,,,,,,,,,,,,,,,,,,,,,,,,-0.04017924233162795,-0.09854281564690676,-0.17012189828671076,-0.15160543536246224,-0.17690274390263444,-0.16778044393619262,-0.14792210626648156,-0.05505353816663611,0.0063943497294489116,0.006371478083660065,0.0007729569351700993,0.0328708427731334,0.07718376255340442,0.0806036734630051,0.00838931113990471,0.013891533420622937,0.008178358180888634
2025-12-31,,,,,,,,,,,,,,,,,,,,,,,,,,,,,,,,,,,,,,,,,,,,,,,,,,,,,,,,,,,,,,,,,,,,,,,,,,,,,,,,-0.08950506729710328,-0.1596432109903857,-0.14068773543886276,-0.165247688395405,-0.15660921746644296,-0.1374927455602103,-0.046214454063362,0.014186161131102937,0.01508197243286924,0.00824559386918039,0.04103002308107695,0.08534226789150853,0.08823273738577969,0.01782386265741326,0.02278124050682545,0.015989805450092542
2026-03-31,,,,,,,,,,,,,,,,,,,,,,,,,,,,,,,,,,,,,,,,,,,,,,,,,,,,,,,,,,,,,,,,,,,,,,,,,,,,,,,,,-0.14925065527191744,-0.12992652090800005,-0.15379516617129996,-0.1455980270774515,-0.12718913692119038,-0.03748553372882524,0.021850477270553115,0.023600105124969406,0.015729595656639894,0.04910429516583201,0.09339853858756059,0.09579673320607673,0.027205966153108274,0.0316672723375912,0.02388387348449289
2026-06-30,,,,,,,,,,,,,,,,,,,,,,,,,,,,,,,,,,,,,,,,,,,,,,,,,,,,,,,,,,,,,,,,,,,,,,,,,,,,,,,,,,-0.11933564483744025,-0.14255632376963656,-0.1347600401276104,-0.1170260880612467,-0.028878852117764087,0.029380297515983478,0.03191911545277981,0.023200123514161786,0.05707202895581359,0.10132891780292416,0.10327429252976605,0.0364979974747196,0.04051373019497306,0.03182545572815243
2026-09-30,,,,,,,,,,,,,,,,,,,,,,,,,,,,,,,,,,,,,,,,,,,,,,,,,,,,,,,,,,,,,,,,,,,,,,,,,,,,,,,,,,,-0.13154005911211714,-0.12410654191031079,-0.10701647076898135,-0.020404943197487868,0.036769774328288096,0.04003434286490737,0.030635090305899948,0.06491526085213306,0.10911414265102559,0.11064718239928378,0.04566862804552643,0.04928960349054373,0.03978291630825265
2026-12-31,,,,,,,,,,,,,,,,,,,,,,,,,,,,,,,,,,,,,,,,,,,,,,,,,,,,,,,,,,,,,,,,,,,,,,,,,,,,,,,,,,,,-0.11364696920954903,-0.09717125754386868,-0.012072806978755901,0.0440141982161536,0.04794300016546624,0.03801502398070583,0.07261931863496995,0.1167388450281423,0.11790006056096985,0.054692108696944436,0.05796834957493305,0.04772792804971837
2027-03-31,,,,,,,,,,,,,,,,,,,,,,,,,,,,,,,,,,,,,,,,,,,,,,,,,,,,,,,,,,,,,,,,,,,,,,,,,,,,,,,,,,,,,-0.08749959124163503,-0.0038899498762917095,0.05110995644535635,0.05564395223172455,0.04532291963731008,0.08017246954065102,0.12419109114221577,0.12502023144439106,0.06354761777479373,0.06652749352098836,0.05563530277144518
2027-06-30,,,,,,,,,,,,,,,,,,,,,,,,,,,,,,,,,,,,,,,,,,,,,,,,,,,,,,,,,,,,,,,,,,,,,,,,,,,,,,,,,,,,,,0.004137550018697034,0.05805447279618797,0.06313750373999477,0.052544083651388906,0.0875655915902514,0.13146195831145552,0.13199740622136055,0.07221866820464196,0.07494824808103068,0.06348281526938188
2027-09-30,,,,,,,,,,,,,,,,,,,,,,,,,,,,,,,,,,,,,,,,,,,,,,,,,,,,,,,,,,,,,,,,,,,,,,,,,,,,,,,,,,,,,,,0.06484613429238553,0.07042519841424791,0.05966597296573134,0.09479186806931408,0.13854514753387667,0.13882346967155162,0.08069256889722681,0.0832151540664034,0.07125102269041886
2027-12-31,,,,,,,,,,,,,,,,,,,,,,,,,,,,,,,,,,,,,,,,,,,,,,,,,,,,,,,,,,,,,,,,,,,,,,,,,,,,,,,,,,,,,,,,0.07750963151260123,0.0666780322933373,0.10184650487794822,0.14543663025413442,0.14549225601228694,0.08895993640299871,0.0913157413670233,0.07892308113784086
2028-03-31,,,,,,,,,,,,,,,,,,,,,,,,,,,,,,,,,,,,,,,,,,,,,,,,,,,,,,,,,,,,,,,,,,,,,,,,,,,,,,,,,,,,,,,,,0.0735715316274668,0.10872647030054156,0.15213432768349783,0.15199933534739993,0.0970142531273458,0.09924021074464962,0.08648456136639804
2028-06-30,,,,,,,,,,,,,,,,,,,,,,,,,,,,,,,,,,,,,,,,,,,,,,,,,,,,,,,,,,,,,,,,,,,,,,,,,,,,,,,,,,,,,,,,,,0.11543025658945374,0.15863782096815568,0.15834181194991373,0.10485146872853682,0.10698113641658186,0.0939232653565098
2028-09-30,,,,,,,,,,,,,,,,,,,,,,,,,,,,,,,,,,,,,,,,,,,,,,,,,,,,,,,,,,,,,,,,,,,,,,,,,,,,,,,,,,,,,,,,,,,0.16494809045465086,0.16451813521108816,0.11246964156413419,0.11453318931165787,0.10122904542914452
2028-12-31,,,,,,,,,,,,,,,,,,,,,,,,,,,,,,,,,,,,,,,,,,,,,,,,,,,,,,,,,,,,,,,,,,,,,,,,,,,,,,,,,,,,,,,,,,,,0.1705279237601807,0.11986861724819023,0.12189288073996943,0.10839362739590902
2029-03-31,,,,,,,,,,,,,,,,,,,,,,,,,,,,,,,,,,,,,,,,,,,,,,,,,,,,,,,,,,,,,,,,,,,,,,,,,,,,,,,,,,,,,,,,,,,,,0.12704974154565662,0.12905832608024825,0.11541043904932102
2029-06-30,,,,,,,,,,,,,,,,,,,,,,,,,,,,,,,,,,,,,,,,,,,,,,,,,,,,,,,,,,,,,,,,,,,,,,,,,,,,,,,,,,,,,,,,,,,,,,0.13602902796043742,0.12227444509798427
2029-09-30,,,,,,,,,,,,,,,,,,,,,,,,,,,,,,,,,,,,,,,,,,,,,,,,,,,,,,,,,,,,,,,,,,,,,,,,,,,,,,,,,,,,,,,,,,,,,,,0.12898198945016687
