Date,CYRateDomainScale_EA,LiquidityTransitory_EA_RateDomain_APR,LiquidityPermanent_EA_RateDomain_APR,LiquidityStateTotal_EA_RateDomain_APR,LiquidityTrend_EA_RateDomain_APR,LiquidityConvenienceYield_EA_RateDomain_APR,SafetyTransitory_EA_RateDomain_APR,SafetyPermanent_EA_RateDomain_APR,SafetyStateTotal_EA_RateDomain_APR,SafetyTrend_EA_RateDomain_APR,SafetyConvenienceYield_EA_RateDomain_APR,ConvenienceYieldStateTotal_EA_RateDomain_APR,ConvenienceYieldTrend_EA_RateDomain_APR,ConvenienceYield_EA_RateDomain_APR,CYRateDomainScale_US,LiquidityTransitory_US_RateDomain_APR,LiquidityPermanent_US_RateDomain_APR,LiquidityStateTotal_US_RateDomain_APR,LiquidityTrend_US_RateDomain_APR,LiquidityConvenienceYield_US_RateDomain_APR,SafetyTransitory_US_RateDomain_APR,SafetyPermanent_US_RateDomain_APR,SafetyStateTotal_US_RateDomain_APR,SafetyTrend_US_RateDomain_APR,SafetyConvenienceYield_US_RateDomain_APR,ConvenienceYieldStateTotal_US_RateDomain_APR,ConvenienceYieldTrend_US_RateDomain_APR,ConvenienceYield_US_RateDomain_APR
1970-12-31,-2.893137720568763,0.15397534399603408,-2.157904591959726,-2.0039292479636917,-1.3647559563579792,-3.368685204321671,0.4088396507548035,-0.6853055091547601,-0.2764658583999566,-0.7519714430959781,-1.0284373014959347,-2.2803951063636485,-2.1167273994539575,-4.3971225058172365,,,,,,,,,,,,,,
1971-03-31,-2.893137720568763,-0.1585459653871866,-2.226283463880857,-2.384829429268043,-1.3647559563579792,-3.7495853856260224,0.1164737475877538,-0.7322503824228684,-0.6157766348351146,-0.7519714430959781,-1.3677480779310927,-3.0006060641031578,-2.1167273994539575,-5.117333463556736,,,,,,,,,,,,,,
1971-06-30,-2.893137720568763,0.32494547012312913,-2.0461112835930333,-1.721165813469904,-1.3647559563579792,-3.085921769827883,2.183201474473748,-0.5444861214061179,1.6387153530676297,-0.7519714430959781,0.8867439099716516,-0.0824504604022743,-2.1167273994539575,-2.199177859855858,,,,,,,,,,,,,,
1971-09-30,-2.893137720568763,0.10328123512035363,-2.117321213426619,-2.0140399783062657,-1.3647559563579792,-3.3787959346642444,1.7462528623240026,-0.5983285631637324,1.1479242991602703,-0.7519714430959781,0.3959528560642922,-0.8661156791459952,-2.1167273994539575,-2.9828430785996085,-3.5395348494458267,-0.23302119170439978,1.092518657516301,0.8594974658119013,-1.6626047900990986,-0.8031073242871973,-0.6076070948783956,-0.5434388257518251,-1.1510459206302206,-0.9199800997040103,-2.071026020334231,-0.29154845481831937,-2.5825848898031087,-2.8741333446214563
1971-12-31,-2.893137720568763,-0.05758725645404248,-2.2220424275869406,-2.2796296840409833,-1.3647559563579792,-3.644385640398963,1.4837551642257516,-0.6720512159574938,0.8117039482682578,-0.7519714430959781,0.05973250517227971,-1.4679257357727258,-2.1167273994539575,-3.5846531352263167,-3.5395348494458267,0.9379723887779677,1.153631032027142,2.09160342080511,-1.6626047900990986,0.4289986307060113,2.302396740579577,-0.49388460142305396,1.8085121391565233,-0.9199800997040103,0.888532039452513,3.900115559961633,-2.5825848898031087,1.317530670158499
1972-03-31,-2.893137720568763,-0.021752670925034412,-2.2238954258161736,-2.245648096741208,-1.3647559563579792,-3.6104040530991877,1.8545579932537122,-0.6567456399252445,1.1978123533284675,-0.7519714430959781,0.4458409102324895,-1.0478357434127406,-2.1167273994539575,-3.164563142866321,-3.5395348494458267,0.6286509464267579,0.9774884950458631,1.6061394414726209,-1.6626047900990986,-0.05646534862647778,2.7271984834935807,-0.5194613838423543,2.207737099651226,-0.9199800997040103,1.287756999947216,3.813876541123847,-2.5825848898031087,1.2312916513207148
1972-06-30,-2.893137720568763,0.31799389487992635,-2.1957661515623013,-1.8777722566823747,-1.3647559563579792,-3.2425282130403543,3.221509357400335,-0.5979943724974327,2.623514984902902,-0.7519714430959781,1.8715435418069237,0.7457427282205272,-2.1167273994539575,-1.3709846712330427,-3.5395348494458267,0.5462018318407582,1.0695618429560079,1.615763674796766,-1.6626047900990986,-0.0468411153023325,1.6865852841401856,-0.5275065419875781,1.1590787421526074,-0.9199800997040103,0.23909864244859722,2.7748424169493733,-2.5825848898031087,0.19225752714624073
1972-09-30,-2.893137720568763,0.3809046955720063,-2.199054901885012,-1.8181502063130055,-1.3647559563579792,-3.1829061626709847,3.4487235649796775,-0.5839672652686757,2.8647562997110017,-0.7519714430959781,2.112784856615024,1.0466060933979962,-2.1167273994539575,-1.070121306055605,-3.5395348494458267,0.3277547742741768,1.1596663385639958,1.4874211128381727,-1.6626047900990986,-0.17518367726092587,0.8289463296197023,-0.5103265594913947,0.3186197701283076,-0.9199800997040103,-0.6013603295757027,1.8060408829664805,-2.5825848898031087,-0.776544006836632
1972-12-31,-2.893137720568763,0.00865941947098796,-2.3767124840307736,-2.3680530645597857,-1.3647559563579792,-3.732809020917765,2.122167054479857,-0.7295075522964274,1.3926595021834298,-0.7519714430959781,0.6406880590874517,-0.9753935623763558,-2.1167273994539575,-3.092120961829964,-3.5395348494458267,0.27775018593158896,1.1843069558518575,1.4620571417834465,-1.6626047900990986,-0.20054764831565217,0.34432197161440486,-0.5092881144988005,-0.1649661428843956,-0.9199800997040103,-1.0849462425884058,1.2970909988990509,-2.5825848898031087,-1.285493890904067
1973-03-31,-2.893137720568763,-0.10953582352454233,-2.5311685565247033,-2.640704380049246,-1.3647559563579792,-4.005460336407225,1.1846632814236921,-0.8517051031706855,0.3329581782530066,-0.7519714430959781,-0.4190132648429714,-2.307746201796239,-2.1167273994539575,-4.424473601249863,-3.5395348494458267,1.0526399323217968,0.9655284976962719,2.018168430018069,-1.6626047900990986,0.35556363991897016,2.26008248879897,-0.5493250551217415,1.7107574336772284,-0.9199800997040103,0.7907773339732183,3.728925863695297,-2.5825848898031087,1.1463409738921924
1973-06-30,-2.893137720568763,0.43036406909916824,-2.6162217551840827,-2.1858576860849146,-1.3647559563579792,-3.5506136424428933,2.2369376801120056,-0.8858777087261055,1.3510599713859,-0.7519714430959781,0.5990885282899219,-0.8347977146990145,-2.1167273994539575,-2.951525114152592,-3.5395348494458267,0.24378190581708434,0.9653388900325045,1.2091207958495889,-1.6626047900990986,-0.4534839942495098,0.17903397476197785,-0.5492259144069486,-0.37019193964497066,-0.9199800997040103,-1.2901720393489808,0.8389288562046181,-2.5825848898031087,-1.743656033598473
1973-09-30,-2.893137720568763,-0.08953295350322259,-2.8233796792045585,-2.912912632707781,-1.3647559563579792,-4.27766858906576,0.18141397155648234,-1.0712444967947667,-0.8898305252382844,-0.7519714430959781,-1.6418019683342624,-3.802743157946065,-2.1167273994539575,-5.9194705573996345,-3.5395348494458267,0.6426981338131218,0.9187224493824868,1.5614205831956085,-1.6626047900990986,-0.10118420690349007,0.27728868119885053,-0.5554468007893483,-0.2781581195904977,-0.9199800997040103,-1.198138219294508,1.2832624636051109,-2.5825848898031087,-1.2993224261979888
1973-12-31,-2.893137720568763,-0.12864539558156318,-2.9729496681778906,-3.101595063759454,-1.3647559563579792,-4.466351020117433,-0.692679276063032,-1.194912583012259,-1.8875918590752911,-0.7519714430959781,-2.639563302171269,-4.989186922834745,-2.1167273994539575,-7.1059143222882915,-3.5395348494458267,0.42746291070300335,0.8679351787337004,1.2953980894367039,-1.6626047900990986,-0.36720670066239486,-1.3423624492883708,-0.5680226337183099,-1.9103850830066809,-0.9199800997040103,-2.830365182710691,-0.614986993569977,-2.5825848898031087,-3.197571883373083
1974-03-31,-2.893137720568763,-0.44917632824351567,-3.140548993230976,-3.589725321474492,-1.3647559563579792,-4.954481277832471,-1.789144715243817,-1.332531259329664,-3.121675974573481,-0.7519714430959781,-3.8736474176694586,-6.711401296047972,-2.1167273994539575,-8.82812869550146,-3.5395348494458267,-1.0210775710011035,0.06784456260240154,-0.953233008398702,-1.6626047900990986,-2.6158377984978007,-1.1532788313784232,-0.6327981993505803,-1.7860770307290035,-0.9199800997040103,-2.706057130433014,-2.7393100391277057,-2.5825848898031087,-5.32189492893079
1974-06-30,-2.893137720568763,0.013115296447789025,-3.2522041333123637,-3.2390888368645747,-1.3647559563579792,-4.603844793222554,-0.41074433932622334,-1.385668194144342,-1.7964125334705654,-0.7519714430959781,-2.5483839765665435,-5.03550137033514,-2.1167273994539575,-7.152228769788613,-3.5395348494458267,-0.4198560450953971,-0.024114340056492673,-0.4439703851518898,-1.6626047900990986,-2.1065751752509887,-0.32763291343768475,-0.6308799934017861,-0.9585129068394708,-0.9199800997040103,-1.8784930065434808,-1.4024832919913608,-2.5825848898031087,-3.9850681817944458
1974-09-30,-2.893137720568763,-0.25957630103610935,-3.4723467777953525,-3.7319230788314615,-1.3647559563579792,-5.096679035189441,-0.6305113297269932,-1.5501965085671467,-2.18070783829414,-0.7519714430959781,-2.932679281390118,-5.912630917125601,-2.1167273994539575,-8.029358316579039,-3.5395348494458267,-1.5565717646321864,-0.12666642443279413,-1.6832381890649806,-1.6626047900990986,-3.3458429791640794,-2.212378941603661,-0.5987640114355117,-2.8111429530391727,-0.9199800997040103,-3.731123052743183,-4.494381142104153,-2.5825848898031087,-7.07696603190724
1974-12-31,-2.893137720568763,-0.1509732535505885,-3.5326589385518914,-3.68363219210248,-1.3647559563579792,-5.048388148460459,0.3732725869421237,-1.5755812429960163,-1.2023086560538927,-0.7519714430959781,-1.9542800991498708,-4.885940848156372,-2.1167273994539575,-7.0026682476098,-3.5395348494458267,-0.4814750315174425,-0.033759584345889396,-0.5152346158633319,-1.6626047900990986,-2.1778394059624304,-0.8652361405036414,-0.6150902345198328,-1.480326375023474,-0.9199800997040103,-2.4003064747274845,-1.9955609908868062,-2.5825848898031087,-4.578145880689897
1975-03-31,-2.893137720568763,0.2783215117456482,-3.416434841453935,-3.138113329708287,-1.3647559563579792,-4.502869286066266,2.745152857575243,-1.4470439223445524,1.2981089352306905,-0.7519714430959781,0.5461374921347124,-1.8400043944775963,-2.1167273994539575,-3.9567317939309996,-3.5395348494458267,-0.01602056410576267,-0.1357426821572244,-0.15176324626298707,-1.6626047900990986,-1.8143680363620858,0.1615922169982649,-0.6771107525467273,-0.5155185355484624,-0.9199800997040103,-1.4354986352524726,-0.6672817818114495,-2.5825848898031087,-3.2498666716145457
1975-06-30,-2.893137720568763,0.4027940690921295,-3.2355090962549515,-2.832715027162822,-1.3647559563579792,-4.197470983520801,4.1281021607208475,-1.285915880026996,2.8421862806938516,-0.7519714430959781,2.0902148375978737,0.009471253531029473,-2.1167273994539575,-2.1072561459223786,-3.5395348494458267,-1.223142574512918,-0.15238801904558943,-1.3755305935585074,-1.6626047900990986,-3.038135383657606,-1.7523676223969398,-0.663870769097029,-2.4162383914939687,-0.9199800997040103,-3.3362184911979793,-3.7917689850524767,-2.5825848898031087,-6.374353874855579
1975-09-30,-2.893137720568763,0.36681432137331366,-3.2280496429798635,-2.8612353216065496,-1.3647559563579792,-4.225991277964529,4.452520603917777,-1.278566735719556,3.1739538681982205,-0.7519714430959781,2.4219824251022426,0.31271854659167087,-2.1167273994539575,-1.8040088528617488,-3.5395348494458267,-1.0377819910316306,0.06040302933219494,-0.9773789616994356,-1.6626047900990986,-2.639983751798534,-1.5097263743393294,-0.6103369046689688,-2.1200632790082983,-0.9199800997040103,-3.0400433787123085,-3.0974422407077338,-2.5825848898031087,-5.68002713051084
1975-12-31,-2.893137720568763,0.3286574724916504,-3.2371595940497366,-2.908502121558086,-1.3647559563579792,-4.273258077916066,4.298505628849758,-1.2886376713676655,3.0098679574820917,-0.7519714430959781,2.257896514386114,0.10136583592400533,-2.1167273994539575,-2.0153615635294155,-3.5395348494458267,1.7256357827811761,0.46032495319599975,2.1859607359771758,-1.6626047900990986,0.5233559458780772,4.468555878667218,-0.41455172619482705,4.054004152472391,-0.9199800997040103,3.1340240527683814,6.239964888449567,-2.5825848898031087,3.6573799986464612
1976-03-31,-2.893137720568763,0.06654183367484122,-3.290502383082663,-3.2239605494078214,-1.3647559563579792,-4.588716505765801,3.181997786839236,-1.347472090800987,1.834525696038249,-0.7519714430959781,1.082554252942271,-1.3894348533695726,-2.1167273994539575,-3.506162252822997,-3.5395348494458267,1.7849495786700513,0.41936547125524304,2.2043150499252944,-1.6626047900990986,0.5417102598261957,6.209751330492698,-0.3391004465558127,5.870650883936885,-0.9199800997040103,4.950670784232875,8.07496593386218,-2.5825848898031087,5.492381044059062
1976-06-30,-2.893137720568763,-0.05139469822970979,-3.397589585906066,-3.448984284135776,-1.3647559563579792,-4.813740240493755,2.5797652639377597,-1.434985943178524,1.144779320759236,-0.7519714430959781,0.39280787766325803,-2.30420496337654,-2.1167273994539575,-4.420932362829954,-3.5395348494458267,0.9259131836380979,0.24985412853446776,1.1757673121725658,-1.6626047900990986,-0.48683747792653287,5.088993674016256,-0.3565933586360703,4.732400315380185,-0.9199800997040103,3.812420215676175,5.908167627552751,-2.5825848898031087,3.325582737749606
1976-09-30,-2.893137720568763,0.12433327951847058,-3.526432761831423,-3.402099482312952,-1.3647559563579792,-4.766855438670931,2.5653716769953654,-1.531571595762659,1.0338000812327066,-0.7519714430959781,0.2818286381367285,-2.368299401080246,-2.1167273994539575,-4.485026800533688,-3.5395348494458267,0.03574048898896691,0.10332572456480918,0.13906621355377607,-1.6626047900990986,-1.5235385765453224,3.5930533525007786,-0.3817720616879154,3.2112812908128636,-0.9199800997040103,2.2913011911088534,3.3503475043666398,-2.5825848898031087,0.7677626145634947
1976-12-31,-2.893137720568763,0.08066162544761384,-3.5872609526772123,-3.5065993272295986,-1.3647559563579792,-4.871355283587578,2.1205481053909265,-1.5933064327794095,0.5272416726115168,-0.7519714430959781,-0.22472977048446127,-2.9793576546180818,-2.1167273994539575,-5.096085054071495,-3.5395348494458267,0.51619678267293,0.1189552765144263,0.6351520591873563,-1.6626047900990986,-1.0274527309117423,4.751319782391021,-0.33780156220849245,4.413518220182529,-0.9199800997040103,3.4935381204785187,5.048670279369885,-2.5825848898031087,2.466085389566749
1977-03-31,-2.893137720568763,-0.01077821767128454,-3.665233298476543,-3.6760115161478275,-1.3647559563579792,-5.040767472505807,1.416010662445196,-1.673714491624682,-0.257703829179486,-0.7519714430959781,-1.009675272275464,-3.9337153453273137,-2.1167273994539575,-6.050442744780728,-3.5395348494458267,-0.07691557740352285,0.16275494015543487,0.08583936275191201,-1.6626047900990986,-1.5767654273471867,3.219662486529391,-0.3372703555472115,2.8823921309821796,-0.9199800997040103,1.9624120312781694,2.9682314937340917,-2.5825848898031087,0.38564660393095657
1977-06-30,-2.893137720568763,-0.2046920657644358,-3.6374146166543952,-3.842106682418831,-1.3647559563579792,-5.20686263877681,0.7945696335274891,-1.665759615957286,-0.8711899824297968,-0.7519714430959781,-1.6231614255257747,-4.713296664848628,-2.1167273994539575,-6.830024064302057,-3.5395348494458267,0.4692016617764049,0.07238014423091094,0.5415818060073158,-1.6626047900990986,-1.1210229840917827,4.1242025571058125,-0.40773796818857594,3.716464588917237,-0.9199800997040103,2.796484489213227,4.258046394924553,-2.5825848898031087,1.6754615051214308
1977-09-30,-2.893137720568763,0.1626282058681595,-3.617756873094524,-3.4551286672263646,-1.3647559563579792,-4.819884623584343,1.9223287614541187,-1.6413036919146475,0.28102506953947115,-0.7519714430959781,-0.47094637355650687,-3.1741035976868934,-2.1167273994539575,-5.290830997140329,-3.5395348494458267,0.37544052246762694,0.08611944859497181,0.4615599710625987,-1.6626047900990986,-1.2010448190365,3.72431314889431,-0.44656724980429774,3.2777458990900126,-0.9199800997040103,2.357765799386002,3.739305870152611,-2.5825848898031087,1.156720980349496
1977-12-31,-2.893137720568763,-0.09861332934158926,-3.6252153848463213,-3.7238287141879103,-1.3647559563579792,-5.088584670545889,1.202909727248296,-1.667805300092893,-0.46489557284459687,-0.7519714430959781,-1.216867015940575,-4.188724287032508,-2.1167273994539575,-6.3054516864859815,-3.5395348494458267,0.8040658942727148,0.13020618198650535,0.9342720762592203,-1.6626047900990986,-0.7283327138398784,4.05131094484511,-0.44663894439170765,3.604672000453402,-0.9199800997040103,2.684691900749392,4.538944076712622,-2.5825848898031087,1.9563591869094992
1978-03-31,-2.893137720568763,-0.17429095339236256,-3.6149511906039575,-3.7892421439963204,-1.3647559563579792,-5.1539981003543,1.1222488831854183,-1.6691414925610808,-0.5468926093756626,-0.7519714430959781,-1.2988640524716408,-4.336134753371983,-2.1167273994539575,-6.452862152825482,-3.5395348494458267,0.7122374786835218,-0.08777085270952191,0.6244666259739999,-1.6626047900990986,-1.0381381641250989,4.562340993138203,-0.49105419265508926,4.071286800483113,-0.9199800997040103,3.1513067007791036,4.695753426457114,-2.5825848898031087,2.1131685366540083
1978-06-30,-2.893137720568763,0.502837071280894,-3.4817203751092043,-2.9788833038283102,-1.3647559563579792,-4.343639260186289,3.2302379884835433,-1.544218582843583,1.6860194056399604,-0.7519714430959781,0.9340479625439824,-1.2928638981883498,-2.1167273994539575,-3.4095912976418687,-3.5395348494458267,0.36519025999783755,-0.16200507691800559,0.20318518307983197,-1.6626047900990986,-1.4594196070192667,3.7685066446640794,-0.5073060231736427,3.261200621490437,-0.9199800997040103,2.3412205217864264,3.4643858045702687,-2.5825848898031087,0.8818009147671639
1978-09-30,-2.893137720568763,0.17408686183448524,-3.5257462798828176,-3.3516594180483326,-1.3647559563579792,-4.716415374406312,2.1673600817029053,-1.6050472677308303,0.5623128139720751,-0.7519714430959781,-0.18965862912390294,-2.7893466040762576,-2.1167273994539575,-4.9060740035298105,-3.5395348494458267,0.31352467336132256,-0.1702608631265602,0.14326381023476237,-1.6626047900990986,-1.5193409798643362,3.2342850368752365,-0.5529240023590513,2.6813610345161853,-0.9199800997040103,1.761380934812175,2.824624844750948,-2.5825848898031087,0.24203995494787162
1978-12-31,-2.893137720568763,-0.2356157931277198,-3.615741100633625,-3.851356893761345,-1.3647559563579792,-5.216112850119324,0.565630384649649,-1.7125503793553987,-1.1469199947057496,-0.7519714430959781,-1.8988914378017279,-4.998276888467094,-2.1167273994539575,-7.115004287920674,-3.5395348494458267,0.3737168618415467,-0.21942990389221204,0.1542869579493346,-1.6626047900990986,-1.5083178321497641,2.961726358861764,-0.5961421743412119,2.365584184520552,-0.9199800997040103,1.4456040848165417,2.5198711424698867,-2.5825848898031087,-0.0627137473332044
1979-03-31,-2.893137720568763,-0.049086671281793164,-3.695942228754146,-3.745028900035939,-1.3647559563579792,-5.109784856393918,0.7327098985175445,-1.7863499790856747,-1.0536400805681303,-0.7519714430959781,-1.8056115236641082,-4.798668980604069,-2.1167273994539575,-6.915396380057641,-3.5395348494458267,0.5979678783417008,-0.29739610394130966,0.3005717744003912,-1.6626047900990986,-1.3620330156987075,3.1039023965567996,-0.6422388318126995,2.4616635647441,-0.9199800997040103,1.5416834650400897,2.762235339144491,-2.5825848898031087,0.1796504493414079
1979-06-30,-2.893137720568763,0.6293516618288161,-3.681432450565045,-3.052080788736229,-1.3647559563579792,-4.4168367450942085,2.4820419496533095,-1.758576787415395,0.7234651622379146,-0.7519714430959781,-0.02850628085806347,-2.3286156264983147,-2.1167273994539575,-4.445343025951878,-3.5395348494458267,-0.5715259709794979,-0.29431111677852184,-0.8658370877580197,-1.6626047900990986,-2.5284418778571185,-0.18355673697486857,-0.6760668910323683,-0.8596236280072369,-0.9199800997040103,-1.7796037277112473,-1.7254607157652564,-2.5825848898031087,-4.3080456055683465
1979-09-30,-2.893137720568763,-0.3067357430426093,-3.952934251933138,-4.259669994975748,-1.3647559563579792,-5.624425951333726,-1.0456569760450973,-2.0327587218259495,-3.0784156978710473,-0.7519714430959781,-3.830387140967025,-7.338085692846795,-2.1167273994539575,-9.45481309230042,-3.5395348494458267,0.2952992308476213,-0.349797895914249,-0.0544986650666277,-1.6626047900990986,-1.7171034551657263,1.3890151819721313,-0.7086491232787211,0.6803660586934103,-0.9199800997040103,-0.23961404101060005,0.6258673936267826,-2.5825848898031087,-1.956717496176275
1979-12-31,-2.893137720568763,0.16402467630152992,-4.014466845783976,-3.8504421694824456,-1.3647559563579792,-5.215198125840424,-0.5458973674268831,-2.0844675257806613,-2.6303648932075445,-0.7519714430959781,-3.3823363363035224,-6.4808070626899905,-2.1167273994539575,-8.597534462143596,-3.5395348494458267,-0.1018260907730859,-0.30900343383675927,-0.4108295246098452,-1.6626047900990986,-2.073434314708944,-0.1631705966734962,-0.7417684358422423,-0.9049390325157385,-0.9199800997040103,-1.8249191322197489,-1.3157685571255837,-2.5825848898031087,-3.898353446928643
1980-03-31,-2.893137720568763,-0.5620425403084038,-4.269648219271179,-4.831690759579583,-1.3647559563579792,-6.1964467159375625,-3.249571396777328,-2.3388743592065953,-5.588445755983923,-0.7519714430959781,-6.340417199079901,-10.420136515563506,-2.1167273994539575,-12.53686391501711,-3.5395348494458267,-0.24409449658554758,-0.27704395105296886,-0.5211384476385165,-1.6626047900990986,-2.183743237737615,-0.6289142564663326,-0.737330117902776,-1.3662443743691086,-0.9199800997040103,-2.286224474073119,-1.8873828220076252,-2.5825848898031087,-4.469967711810682
1980-06-30,-2.893137720568763,-0.18483569567619795,-4.443965808739327,-4.628801504415525,-1.3647559563579792,-5.993557460773505,-2.5144622386231674,-2.4758218306483495,-4.9902840692715165,-0.7519714430959781,-5.742255512367494,-9.619085573687041,-2.1167273994539575,-11.73581297314064,-3.5395348494458267,0.44430662649106306,-0.22744600753315988,0.21686061895790318,-1.6626047900990986,-1.4457441711411954,0.5363629579870546,-0.7260601453416846,-0.18969718735463006,-0.9199800997040103,-1.1096772870586404,0.027163431603273128,-2.5825848898031087,-2.5554214581997816
1980-09-30,-2.893137720568763,0.10565529774973544,-4.379783022758071,-4.274127725008336,-1.3647559563579792,-5.638883681366315,-1.4145190568007027,-2.422454506628408,-3.8369735634291113,-0.7519714430959781,-4.588945006525089,-8.111101288437448,-2.1167273994539575,-10.227828687891066,-3.5395348494458267,-0.5657384795241805,-0.2304817410961446,-0.7962202206203252,-1.6626047900990986,-2.4588250107194236,-1.9352532345527347,-0.744225497213505,-2.679478731766239,-0.9199800997040103,-3.5994588314702494,-3.4756989523865647,-2.5825848898031087,-6.058283842189632
1980-12-31,-2.893137720568763,0.09557524977960959,-4.410877933973016,-4.315302684193407,-1.3647559563579792,-5.680058640551386,-1.4126161965785642,-2.464886346785304,-3.8775025433638683,-0.7519714430959781,-4.629473986459846,-8.192805227557274,-2.1167273994539575,-10.309532627010919,-3.5395348494458267,-1.2589628406453162,-0.09832750987496557,-1.3572903505202818,-1.6626047900990986,-3.0198951406193806,-3.9591448055585765,-0.7414169170575361,-4.700561722616113,-0.9199800997040103,-5.6205418223201224,-6.057852073136395,-2.5825848898031087,-8.640436962939443
1981-03-31,-2.893137720568763,-0.0186456620753717,-4.564985430951389,-4.583631093026761,-1.3647559563579792,-5.94838704938474,-2.040865039096093,-2.6101565869140693,-4.651021626010163,-0.7519714430959781,-5.402993069106141,-9.234652719036923,-2.1167273994539575,-11.351380118490587,-3.5395348494458267,-1.0929017288844374,-0.14759999579753505,-1.2405017246819725,-1.6626047900990986,-2.903106514781071,-4.252565831345086,-0.8682895385614707,-5.120855369906556,-0.9199800997040103,-6.040835469610566,-6.361357094588528,-2.5825848898031087,-8.943941984391584
1981-06-30,-2.893137720568763,0.019101718262467354,-4.6725023058687825,-4.653400587606315,-1.3647559563579792,-6.0181565439642934,-2.264358019461407,-2.7086944489237554,-4.973052468385162,-0.7519714430959781,-5.72502391148114,-9.626453055991478,-2.1167273994539575,-11.74318045544513,-3.5395348494458267,1.6968845012521825,0.13300261377855715,1.8298871150307394,-1.6626047900990986,0.16728232493164086,2.806440243768729,-0.6748351496303425,2.131605094138387,-0.9199800997040103,1.2116249944343764,3.9614922091691263,-2.5825848898031087,1.378907319366063
1981-09-30,-2.893137720568763,-0.3330390357954973,-4.965917557527741,-5.298956593323238,-1.3647559563579792,-6.663712549681217,-3.8165429652734457,-2.9741098972496762,-6.790652862523122,-0.7519714430959781,-7.542624305619101,-12.089609455846361,-2.1167273994539575,-14.206336855300009,-3.5395348494458267,1.7383742429628384,0.047184638078460114,1.7855588810412983,-1.6626047900990986,0.12295409094219974,0.6722292442650842,-0.8768629179205891,-0.20463367365550486,-0.9199800997040103,-1.1246137733595152,1.5809252073857936,-2.5825848898031087,-1.0016596824173174
1981-12-31,-2.893137720568763,-0.15958567209441135,-5.057124455509653,-5.216710127604065,-1.3647559563579792,-6.581466083962044,-3.2807359513855188,-3.048870750526083,-6.329606701911603,-0.7519714430959781,-7.0815781450075805,-11.546316829515668,-2.1167273994539575,-13.663044228969246,-3.5395348494458267,-1.8353920205603895,0.17552107012855492,-1.6598709504318345,-1.6626047900990986,-3.322475740530933,-6.968641135936399,-0.7913433665526995,-7.759984502489099,-0.9199800997040103,-8.67996460219311,-9.419855452920933,-2.5825848898031087,-12.002440342724025
1982-03-31,-2.893137720568763,-0.12278165523019087,-4.972912590071024,-5.095694245301215,-1.3647559563579792,-6.460450201659194,-2.561301236218214,-2.984660079810475,-5.545961316028689,-0.7519714430959781,-6.297932759124667,-10.641655561329904,-2.1167273994539575,-12.758382960783477,-3.5395348494458267,-1.37444444848175,0.01833934292759117,-1.3561051055541589,-1.6626047900990986,-3.0187098956532576,-5.34899781002888,-0.7818649835230975,-6.130862793551978,-0.9199800997040103,-7.050842893255988,-7.486967899106137,-2.5825848898031087,-10.06955278890921
1982-06-30,-2.893137720568763,0.12988200670237038,-4.801673239052587,-4.671791232350216,-1.3647559563579792,-6.036547188708196,-1.42753589866293,-2.8490927291203847,-4.276628627783315,-0.7519714430959781,-5.028600070879293,-8.94841986013353,-2.1167273994539575,-11.06514725958715,-3.5395348494458267,-1.5627096669579545,0.06864437839977457,-1.49406528855818,-1.6626047900990986,-3.1566700786572786,-6.3882863280325894,-0.8092316689586329,-7.197517996991222,-0.9199800997040103,-8.117498096695233,-8.691583285549402,-2.5825848898031087,-11.274168175352482
1982-09-30,-2.893137720568763,-0.15829394938681257,-4.705349339765611,-4.863643289152424,-1.3647559563579792,-6.228399245510404,-1.8036515080174071,-2.793340349546397,-4.596991857563804,-0.7519714430959781,-5.348963300659782,-9.460635146716228,-2.1167273994539575,-11.577362546169875,-3.5395348494458267,-1.0612493391280597,-0.05596009347110685,-1.1172094325991666,-1.6626047900990986,-2.779814222698265,-5.397472448192328,-0.9002781483893902,-6.297750596581719,-0.9199800997040103,-7.217730696285729,-7.414960029180886,-2.5825848898031087,-9.997544918983952
1982-12-31,-2.893137720568763,0.18719580374727304,-4.5692570382419175,-4.382061234494644,-1.3647559563579792,-5.7468171908526235,-0.5264585749113728,-2.6859556238470925,-3.2124141987584656,-0.7519714430959781,-3.9643856418544434,-7.594475433253111,-2.1167273994539575,-9.711202832706768,-3.5395348494458267,0.8872299136777427,0.045521629285490126,0.9327515429632328,-1.6626047900990986,-0.7298532471358657,0.12396659713417287,-0.7167613163577724,-0.5927947192235995,-0.9199800997040103,-1.5127748189276096,0.3399568237396334,-2.5825848898031087,-2.242628066063449
1983-03-31,-2.893137720568763,-0.03250160949024349,-4.4464522949535406,-4.478953904443784,-1.3647559563579792,-5.843709860801764,-0.7967822347252975,-2.6093150970119368,-3.406097331737234,-0.7519714430959781,-4.158068774833212,-7.885051236181018,-2.1167273994539575,-10.001778635634686,-3.5395348494458267,-0.1952144889519709,0.3553953929110863,0.1601809039591154,-1.6626047900990986,-1.5024238861399832,-2.428784515781229,-0.6139177302974302,-3.042702246078659,-0.9199800997040103,-3.962682345782669,-2.8825213421195435,-2.5825848898031087,-5.465106231922602
1983-06-30,-2.893137720568763,0.08086451992126804,-4.252003127661907,-4.171138607740639,-1.3647559563579792,-5.535894564098618,-0.3441076832730484,-2.467806086378065,-2.8119137696511136,-0.7519714430959781,-3.5638852127470915,-6.983052377391753,-2.1167273994539575,-9.099779776845452,-3.5395348494458267,-0.4367809073638701,0.4526545920233982,0.015873684659528108,-1.6626047900990986,-1.6467311054395706,-2.2085230101127618,-0.4989250888609057,-2.7074480989736673,-0.9199800997040103,-3.627428198677678,-2.6915744143141396,-2.5825848898031087,-5.274159304117229
1983-09-30,-2.893137720568763,-0.03672455368326252,-4.236705867756997,-4.273430421440259,-1.3647559563579792,-5.638186377798238,-0.8012309908825797,-2.481630428542652,-3.2828614194252315,-0.7519714430959781,-4.034832862521209,-7.556291840865491,-2.1167273994539575,-9.673019240319203,-3.5395348494458267,0.3232882851411076,0.5228089136226136,0.8460971987637211,-1.6626047900990986,-0.8165075913353774,0.6854161268215156,-0.3960319104625867,0.2893842163589289,-0.9199800997040103,-0.6305958833450813,1.13548141512265,-2.5825848898031087,-1.447103474680442
1983-12-31,-2.893137720568763,0.09146463304965151,-4.219757202421834,-4.128292569372182,-1.3647559563579792,-5.493048525730162,-0.664348426209682,-2.4821010391118095,-3.1464494653214916,-0.7519714430959781,-3.8984209084174695,-7.274742034693674,-2.1167273994539575,-9.391469434147377,-3.5395348494458267,0.5618052782862065,0.8427472873919657,1.4045525656781723,-1.6626047900990986,-0.2580522244209264,0.005420228624442025,-0.34051597907684533,-0.3350957504524033,-0.9199800997040103,-1.2550758501564137,1.0694568152257689,-2.5825848898031087,-1.5131280745773328
1984-03-31,-2.893137720568763,-0.21119877963958134,-4.203501216011005,-4.414699995650586,-1.3647559563579792,-5.779455952008565,-1.4054984068619347,-2.4966599495889623,-3.9021583564508973,-0.7519714430959781,-4.654129799546875,-8.316858352101482,-2.1167273994539575,-10.433585751555155,-3.5395348494458267,0.9062018485600902,0.616061655995485,1.5222635045555755,-1.6626047900990986,-0.14034128554352324,0.8230599038671597,-0.41862435512204227,0.40443554874511745,-0.9199800997040103,-0.5155445509588928,1.926699053300693,-2.5825848898031087,-0.6558858365024183
1984-06-30,-2.893137720568763,-0.1380696306155103,-4.057160251607707,-4.1952298822232175,-1.3647559563579792,-5.559985838581197,-1.0643038917842,-2.3970533258826516,-3.4613572176668517,-0.7519714430959781,-4.21332866076283,-7.65658709989007,-2.1167273994539575,-9.773314499343762,-3.5395348494458267,-0.16339284154367636,0.3974263812353992,0.23403353969172283,-1.6626047900990986,-1.428571250407376,-1.213323425957052,-0.500905170264205,-1.7142285962212571,-0.9199800997040103,-2.6342086959252673,-1.4801950565295343,-2.5825848898031087,-4.0627799463326415
1984-09-30,-2.893137720568763,0.08511467671799557,-3.9239805773035736,-3.8388659005855783,-1.3647559563579792,-5.203621856943557,-0.03148478334245517,-2.2933774175073736,-2.324862200849829,-0.7519714430959781,-3.076833643945807,-6.1637281014354075,-2.1167273994539575,-8.280455500889104,-3.5395348494458267,-0.37979368302021554,0.12393432840596852,-0.255859354614247,-1.6626047900990986,-1.9184641447133455,-1.9737929502653981,-0.6318420935872793,-2.605635043852678,-0.9199800997040103,-3.5256151435566876,-2.8614943984669248,-2.5825848898031087,-5.4440792882700295
1984-12-31,-2.893137720568763,0.16511377068216113,-3.8431071113291027,-3.677993340646941,-1.3647559563579792,-5.04274929700492,0.08568999611725955,-2.2492471741681026,-2.163557178050843,-0.7519714430959781,-2.9155286211468208,-5.841550518697784,-2.1167273994539575,-7.958277918151508,-3.5395348494458267,-0.20707173507484475,0.04543205905029972,-0.16163967602454504,-1.6626047900990986,-1.8242444661236437,-1.9626584152276936,-0.6519505573612352,-2.6146089725889285,-0.9199800997040103,-3.5345890722929387,-2.776248648613474,-2.5825848898031087,-5.358833538416562
1985-03-31,-2.893137720568763,-0.038051478545783675,-3.706764911842296,-3.7448163903880793,-1.3647559563579792,-5.1095723467460585,-0.4827337932115773,-2.171461235582386,-2.6541950287939633,-0.7519714430959781,-3.406166471889941,-6.3990114191820435,-2.1167273994539575,-8.515738818635727,-3.5395348494458267,-0.2436202263635733,-0.27750837561134883,-0.5211286019749222,-1.6626047900990986,-2.183733392074021,-0.6465433478644839,-0.693943084507687,-1.340486432372171,-0.9199800997040103,-2.2604665320761814,-1.861615034347093,-2.5825848898031087,-4.444199924150167
1985-06-30,-2.893137720568763,-0.15116733479258623,-3.6209426420473627,-3.772109976839949,-1.3647559563579792,-5.136865933197928,-0.6074439061245462,-2.120700217772515,-2.7281441238970614,-0.7519714430959781,-3.4801155669930393,-6.50025410073701,-2.1167273994539575,-8.616981500190674,-3.5395348494458267,-0.9814963650255231,-0.4632007884360005,-1.4446971534615236,-1.6626047900990986,-3.107301943560622,-1.9442146181522502,-0.7452801027651487,-2.689494720917399,-0.9199800997040103,-3.609474820621409,-4.1341918743789225,-2.5825848898031087,-6.716776764182002
1985-09-30,-2.893137720568763,-0.13365010189621826,-3.546837530017244,-3.680487631913462,-1.3647559563579792,-5.0452435882714415,-0.5246898810662504,-2.078187324352949,-2.6028772054191998,-0.7519714430959781,-3.354848648515178,-6.283364837332662,-2.1167273994539575,-8.400092236786344,-3.5395348494458267,-1.0886451426953851,-0.25309894288247736,-1.3417440855778626,-1.6626047900990986,-3.004348875676961,-1.94177380606477,-0.6272410820746487,-2.569014888139419,-0.9199800997040103,-3.488994987843429,-3.9107589737172814,-2.5825848898031087,-6.493343863520349
1985-12-31,-2.893137720568763,0.050168397974170074,-3.467406308234893,-3.4172379102607233,-1.3647559563579792,-4.781993866618702,0.23852443936004153,-2.0207619492123707,-1.7822375098523289,-0.7519714430959781,-2.534208952948307,-5.199475420113052,-2.1167273994539575,-7.31620281956672,-3.5395348494458267,0.3978218884932232,0.0282481612314082,0.42607004972463136,-1.6626047900990986,-1.2365347403744673,-1.0905022920077092,-0.7060881010012605,-1.7965903930089697,-0.9199800997040103,-2.71657049271298,-1.3705203432843385,-2.5825848898031087,-3.953105233087412
1986-03-31,-2.893137720568763,0.13967221999162793,-3.335901323199823,-3.196229103208195,-1.3647559563579792,-4.560985059566174,0.8055358814339767,-1.925411421302132,-1.1198755398681555,-0.7519714430959781,-1.8718469829641333,-4.3161046430763506,-2.1167273994539575,-6.432832042530031,-3.5395348494458267,0.10042688584257795,0.007129098531168511,0.10755598437374646,-1.6626047900990986,-1.5550488057253522,-0.8770949945375073,-0.6506329656767986,-1.527727960214306,-0.9199800997040103,-2.4477080599183165,-1.4201719758405595,-2.5825848898031087,-4.0027568656436285
1986-06-30,-2.893137720568763,0.09290761840527448,-3.172839174115487,-3.0799315557102127,-1.3647559563579792,-4.4446875120681915,0.9966242414719056,-1.811940235909332,-0.8153159944374262,-0.7519714430959781,-1.567287437533404,-3.895247550147639,-2.1167273994539575,-6.011974949601332,-3.5395348494458267,0.1782764040623281,0.06309764432702757,0.24137404838935564,-1.6626047900990986,-1.421230741709743,0.012585490352873287,-0.5695310774510144,-0.556945587098141,-0.9199800997040103,-1.4769256868021514,-0.3155715387087854,-2.5825848898031087,-2.8981564285118644
1986-09-30,-2.893137720568763,-0.018224735727615377,-2.954544994077692,-2.9727697298053077,-1.3647559563579792,-4.3375256861632865,0.6828751583763166,-1.6698554381171649,-0.9869802797408481,-0.7519714430959781,-1.738951722836826,-3.9597500095461555,-2.1167273994539575,-6.076477408999865,-3.5395348494458267,-0.5529711581921295,-0.07881152495142273,-0.6317826831435522,-1.6626047900990986,-2.2943874732426512,-0.44245292128357167,-0.604895382844724,-1.0473483041282956,-0.9199800997040103,-1.967328403832306,-1.6791309872718478,-2.5825848898031087,-4.261715877074919
1986-12-31,-2.893137720568763,0.1442212025558529,-2.8763007633897915,-2.7320795608339385,-1.3647559563579792,-4.096835517191918,0.9865710645117108,-1.6264004926029645,-0.6398294280912536,-0.7519714430959781,-1.3918008711872316,-3.3719089889251923,-2.1167273994539575,-5.488636388378907,-3.5395348494458267,-0.35048014231175056,0.03561463085952583,-0.31486551145222474,-1.6626047900990986,-1.9774703015513233,-0.05711900327485495,-0.5642108337473981,-0.6213298370222531,-0.9199800997040103,-1.5413099367262635,-0.9361953484744778,-2.5825848898031087,-3.518780238277572
1987-03-31,-2.893137720568763,-0.10393673584784661,-2.938624967866985,-3.042561703714832,-1.3647559563579792,-4.407317660072811,-0.0039996838394525105,-1.7121939004365603,-1.7161935842760128,-0.7519714430959781,-2.4681650273719913,-4.758755287990844,-2.1167273994539575,-6.875482687444549,-3.5395348494458267,-0.8384025882386384,0.42678678904653394,-0.4116157991921045,-1.6626047900990986,-2.074220589291203,-1.1921409100460696,-0.43481587139406125,-1.626956781440131,-0.9199800997040103,-2.5469368811441413,-2.0385725806322355,-2.5825848898031087,-4.6211574704353096
1987-06-30,-2.893137720568763,-0.035059313196259295,-2.922535308125736,-2.957594621321995,-1.3647559563579792,-4.322350577679974,0.10649217953572508,-1.7184623990167651,-1.6119702194810401,-0.7519714430959781,-2.3639416625770187,-4.569564840803035,-2.1167273994539575,-6.6862922402567015,-3.5395348494458267,0.827479478163719,1.00257215264012,1.830051630803839,-1.6626047900990986,0.1674468407047404,-1.1995505633557653,-0.47622222120383173,-1.6757727845595969,-0.9199800997040103,-2.5957528842636073,0.15427884624424212,-2.5825848898031087,-2.42830604355884
1987-09-30,-2.893137720568763,-0.30518302304365974,-3.0258722849977477,-3.3310553080414076,-1.3647559563579792,-4.695811264399387,-0.8862662432976972,-1.8350227184434043,-2.7212889617411014,-0.7519714430959781,-3.473260404837079,-6.052344269782509,-2.1167273994539575,-8.169071669236134,-3.5395348494458267,0.3952744902419884,1.154886869106809,1.5501613593487977,-1.6626047900990986,-0.112443430750301,-2.3436974601388103,-0.4907611771916614,-2.8344586373304717,-0.9199800997040103,-3.754438737034482,-1.2842972779816741,-2.5825848898031087,-3.8668821677847536
1987-12-31,-2.893137720568763,-0.022228969938841305,-3.125233376995994,-3.147462346934835,-1.3647559563579792,-4.512218303292815,0.03905002250333554,-1.9155538343147276,-1.8765038118113921,-0.7519714430959781,-2.62847525490737,-5.023966158746227,-2.1167273994539575,-7.140693558199789,-3.5395348494458267,0.38629429288017625,0.9995915952547182,1.3858858881348946,-1.6626047900990986,-0.2767189019642042,-1.1721975556022775,-0.4868705471751657,-1.6590681027774432,-0.9199800997040103,-2.5790482024814536,-0.27318221464254877,-2.5825848898031087,-2.855767104445638
1988-03-31,-2.893137720568763,-0.010791492078659976,-3.1102482965599667,-3.121039788638627,-1.3647559563579792,-4.485795744996606,0.5764687194435442,-1.9100589121942522,-1.333590192750708,-0.7519714430959781,-2.0855616358466857,-4.454629981389335,-2.1167273994539575,-6.5713573808428665,-3.5395348494458267,0.33470388567346776,0.7757815005198228,1.1104853861932904,-1.6626047900990986,-0.5521194039058082,-0.426403600167791,-0.5790570972113832,-1.0054606973791742,-0.9199800997040103,-1.9254407970831846,0.1050246888141162,-2.5825848898031087,-2.4775602009889757
1988-06-30,-2.893137720568763,0.4119090346807804,-2.900069344139628,-2.488160309458848,-1.3647559563579792,-3.8529162658168272,2.2595078292229114,-1.7389008575491993,0.5206069716737117,-0.7519714430959781,-0.23136447142226632,-1.9675533377851362,-2.1167273994539575,-4.08428073723867,-3.5395348494458267,-0.6676026580762405,0.5022271013018699,-0.1653755567743706,-1.6626047900990986,-1.8279803468734694,-1.8869317616043861,-0.6727137154512951,-2.5596454770556814,-0.9199800997040103,-3.4796255767596915,-2.7250210338300525,-2.5825848898031087,-5.307605923633159
1988-09-30,-2.893137720568763,0.22466531285578728,-2.900344842315598,-2.675679529459811,-1.3647559563579792,-4.04043548581779,1.7254298590470947,-1.7638376401953935,-0.038407781148298875,-0.7519714430959781,-0.790379224244277,-2.7140873106081096,-2.1167273994539575,-4.830814710061647,-3.5395348494458267,-0.18581652575899538,0.49216571484429245,0.306349189085297,-1.6626047900990986,-1.3562556010138016,-1.8658359623572953,-0.7598014030950216,-2.625637365452317,-0.9199800997040103,-3.5456174651563273,-2.31928817636702,-2.5825848898031087,-4.901873066170121
1988-12-31,-2.893137720568763,-0.10373296531778131,-2.995484943914986,-3.0992179092327667,-1.3647559563579792,-4.463973865590746,0.46263067344570247,-1.8744074298485314,-1.411776756402829,-0.7519714430959781,-2.163748199498807,-4.510994665635596,-2.1167273994539575,-6.6277220650891175,-3.5395348494458267,0.5658247221500932,0.7064147039251074,1.2722394260752006,-1.6626047900990986,-0.39036536402389804,-1.3541226109095574,-0.740623256816917,-2.0947458677264743,-0.9199800997040103,-3.0147259674304845,-0.8225064416512737,-2.5825848898031087,-3.405091331454375
1989-03-31,-2.893137720568763,0.05921212200298229,-2.966690319762268,-2.907478197759286,-1.3647559563579792,-4.272234154117266,0.6415456030192296,-1.8665760428557767,-1.2250304398365472,-0.7519714430959781,-1.9770018829325253,-4.132508637595833,-2.1167273994539575,-6.24923603704934,-3.5395348494458267,-0.07185652164112366,0.7342375233248056,0.662381001683682,-1.6626047900990986,-1.0002237884154166,-2.678671357610899,-0.7272758750207262,-3.4059472326316254,-0.9199800997040103,-4.3259273323356355,-2.7435662309479434,-2.5825848898031087,-5.326151120751043
1989-06-30,-2.893137720568763,-0.11933927941962504,-3.0842978767195404,-3.203637156139165,-1.3647559563579792,-4.568393112497144,-0.29791962438518255,-1.9930317824271977,-2.2909514068123804,-0.7519714430959781,-3.0429228499083583,-5.494588562951546,-2.1167273994539575,-7.61131596240505,-3.5395348494458267,-0.04492107120633059,0.5313408351193937,0.48641976391306313,-1.6626047900990986,-1.1761850261860354,-2.200961653364864,-0.7589619179947235,-2.9599235713595875,-0.9199800997040103,-3.8799036710635972,-2.4735038074465243,-2.5825848898031087,-5.056088697249637
1989-09-30,-2.893137720568763,-0.03125378392880734,-3.133013326570958,-3.164267110499765,-1.3647559563579792,-4.529023066857745,-0.18119746704513898,-2.048277918805657,-2.229475385850796,-0.7519714430959781,-2.981446828946774,-5.393742496350561,-2.1167273994539575,-7.510469895804026,-3.5395348494458267,-0.19835322448313958,0.515846522278658,0.3174932977955184,-1.6626047900990986,-1.3451114923035803,-2.8830869412482136,-0.7801887678069456,-3.663275709055159,-0.9199800997040103,-4.583255808759169,-3.345782411259641,-2.5825848898031087,-5.928367301062742
1989-12-31,-2.893137720568763,-0.20438457512150418,-3.1488176606094624,-3.3532022357309663,-1.3647559563579792,-4.717958192088946,-0.573863389906337,-2.085570971681278,-2.659434361587615,-0.7519714430959781,-3.411405804683593,-6.012636597318582,-2.1167273994539575,-8.129363996772044,-3.5395348494458267,-0.969530012480455,0.26583552276656186,-0.703694489713893,-1.6626047900990986,-2.366299279812992,-3.803476791785572,-0.8286982306947387,-4.632175022480311,-0.9199800997040103,-5.552155122184321,-5.335869512194204,-2.5825848898031087,-7.91845440199732
1990-03-31,-2.893137720568763,-0.20257541579296123,-3.216773686410241,-3.4193491022032023,-1.3647559563579792,-4.784105058561181,-0.4952363732775348,-2.155194725897047,-2.650431099174582,-0.7519714430959781,-3.4024025422705604,-6.069780201377784,-2.1167273994539575,-8.186507600831249,-3.5395348494458267,-0.9553179128880374,0.273947480583849,-0.6813704323041884,-1.6626047900990986,-2.343975222403287,-4.251186800233736,-0.8520995078443047,-5.103286308078041,-0.9199800997040103,-6.02326640778205,-5.784656740382229,-2.5825848898031087,-8.367241630185337
1990-06-30,-2.893137720568763,0.15695627275460355,-3.3023723089445074,-3.1454160361899035,-1.3647559563579792,-4.510171992547883,0.654798085397238,-2.225718922431722,-1.5709208370344845,-0.7519714430959781,-2.3228922801304623,-4.716336873224388,-2.1167273994539575,-6.833064272677828,-3.5395348494458267,-0.947861005222191,0.45006442072045233,-0.4977965845017386,-1.6626047900990986,-2.1604013746008373,-4.951059336254792,-0.8425211642425456,-5.793580500497337,-0.9199800997040103,-6.7135606002013475,-6.291377084999076,-2.5825848898031087,-8.873961974802183
1990-09-30,-2.893137720568763,0.3563745971256787,-3.246801472164147,-2.8904268750384685,-1.3647559563579792,-4.255182831396447,1.7034503878270757,-2.187136909438852,-0.4836865216117762,-0.7519714430959781,-1.2356579647077544,-3.374113396650245,-2.1167273994539575,-5.490840796103655,-3.5395348494458267,-0.568327170828323,0.5286933152448358,-0.03963385558348718,-1.6626047900990986,-1.7022386456825858,-4.806484405827026,-0.8689796827605465,-5.675464088587574,-0.9199800997040103,-6.595444188291583,-5.7150979441710605,-2.5825848898031087,-8.297682833974168
1990-12-31,-2.893137720568763,0.20837890715939977,-3.2673601546461373,-3.0589812474867375,-1.3647559563579792,-4.423737203844716,1.2142235118356124,-2.2333535894605006,-1.0191300776248884,-0.7519714430959781,-1.7711015207208665,-4.078111325111625,-2.1167273994539575,-6.194838724565064,-3.5395348494458267,0.0026461812691252057,0.612365320437733,0.6150115017068581,-1.6626047900990986,-1.0475932883922405,-3.6731500332487115,-0.8796774027523072,-4.552827436001019,-0.9199800997040103,-5.472807535705029,-3.937815934294161,-2.5825848898031087,-6.5204008240972575
1991-03-31,-2.893137720568763,-0.024025615938350835,-3.3272543739409994,-3.3512799898793504,-1.3647559563579792,-4.716035946237329,0.27456480610461914,-2.3114529388508656,-2.0368881327462462,-0.7519714430959781,-2.788859575842224,-5.388168122625597,-2.1167273994539575,-7.504895522079029,-3.5395348494458267,-0.7766301928188334,0.4589666703006418,-0.3176635225181915,-1.6626047900990986,-1.9802683126172902,-4.1196224837656485,-0.8699695539229638,-4.989592037688613,-0.9199800997040103,-5.909572137392623,-5.307255560206804,-2.5825848898031087,-7.8898404500099195
1991-06-30,-2.893137720568763,-0.0050500840888190075,-3.2173184953320657,-3.2223685794208845,-1.3647559563579792,-4.587124535778863,0.282882978441297,-2.245808084584524,-1.9629251061432271,-0.7519714430959781,-2.714896549239205,-5.185293685564111,-2.1167273994539575,-7.302021085017535,-3.5395348494458267,-0.14715467511445415,0.40590328587133706,0.2587486107568829,-1.6626047900990986,-1.4038561793422157,-2.1144111051379593,-0.8873399102860744,-3.001751015424034,-0.9199800997040103,-3.9217311151280443,-2.743002404667151,-2.5825848898031087,-5.325587294470254
1991-09-30,-2.893137720568763,0.07106585953400164,-3.1310068763166057,-3.059941016782604,-1.3647559563579792,-4.424696973140583,0.2742667488400422,-2.202330288650309,-1.9280635398102668,-0.7519714430959781,-2.680034982906245,-4.988004556592871,-2.1167273994539575,-7.1047319560463125,-3.5395348494458267,-0.672950218947382,0.3340449590536111,-0.3389052598937709,-1.6626047900990986,-2.00151004999287,-2.5265755846061473,-0.9055621292801415,-3.4321377138862887,-0.9199800997040103,-4.352117813590299,-3.7710429737800597,-2.5825848898031087,-6.353627863583185
1991-12-31,-2.893137720568763,0.14933941007899187,-3.104831593174627,-2.9554921830956355,-1.3647559563579792,-4.320248139453614,0.2092022449853562,-2.204926717979436,-1.9957244729940797,-0.7519714430959781,-2.747695916090058,-4.9512166560897155,-2.1167273994539575,-7.067944055543151,-3.5395348494458267,-0.19404317781275218,0.5035216164082721,0.30947843859551993,-1.6626047900990986,-1.3531263515035787,-1.1030517856966364,-0.8307314950284079,-1.9337832807250441,-0.9199800997040103,-2.8537633804290543,-1.6243048421295243,-2.5825848898031087,-4.206889731932651
1992-03-31,-2.893137720568763,-0.0795113290842737,-3.0582569382508025,-3.1377682673350757,-1.3647559563579792,-4.5025242236930545,-0.7075640609301335,-2.205158730960434,-2.912722791890568,-0.7519714430959781,-3.6646942349865457,-6.050491059225643,-2.1167273994539575,-8.167218458679068,-3.5395348494458267,0.8205956744717712,0.47454788907671486,1.2951435635484863,-1.6626047900990986,-0.3674612265506125,1.4209375970068845,-0.8428066543761357,0.5781309426307488,-0.9199800997040103,-0.3418491570732614,1.873274506179235,-2.5825848898031087,-0.7093103836239047
1992-06-30,-2.893137720568763,0.0495044550935916,-2.9523941202225092,-2.902889665128918,-1.3647559563579792,-4.267645621486897,-0.7893685547273962,-2.1501080762352545,-2.9394766309626505,-0.7519714430959781,-3.6914480740586284,-5.842366296091568,-2.1167273994539575,-7.959093695545007,-3.5395348494458267,0.07049128996885855,0.34243984998179317,0.4129311399506517,-1.6626047900990986,-1.249673650148447,0.3699444994339146,-0.9107012509819176,-0.5407567515480031,-0.9199800997040103,-1.4607368512520134,-0.12782561159735129,-2.5825848898031087,-2.710410501400496
1992-09-30,-2.893137720568763,0.03382063465731732,-2.916633797636092,-2.8828131629787745,-1.3647559563579792,-4.247569119336753,-0.9931762526406026,-2.1444287922877825,-3.1376050449283848,-0.7519714430959781,-3.8895764880243626,-6.020418207907159,-2.1167273994539575,-8.137145607360605,-3.5395348494458267,0.1848047530405955,0.3839296641307311,0.5687344171713266,-1.6626047900990986,-1.0938703729277721,0.7866675195910038,-0.9060296203436242,-0.11936210075262046,-0.9199800997040103,-1.0393422004566308,0.4493723164187061,-2.5825848898031087,-2.133212573384436
1992-12-31,-2.893137720568763,-0.1609455927810366,-2.9473910590635954,-3.108336651844632,-1.3647559563579792,-4.473092608202611,-1.950348128088881,-2.203427281900652,-4.153775409989533,-0.7519714430959781,-4.905746853085511,-7.2621120618341655,-2.1167273994539575,-9.37883946128765,-3.5395348494458267,0.6784386351646309,0.49842369442056705,1.1768623295851979,-1.6626047900990986,-0.4857424605139007,1.7178696981614294,-0.8692686413265187,0.8486010568349106,-0.9199800997040103,-0.0713790428690997,2.0254633864201086,-2.5825848898031087,-0.5571215033830403
1993-03-31,-2.893137720568763,-0.3921948514236587,-2.8808491509056378,-3.2730440023292964,-1.3647559563579792,-4.637799958687276,-2.3767936058846364,-2.171750222191356,-4.548543828075992,-0.7519714430959781,-5.30051527117197,-7.821587830405289,-2.1167273994539575,-9.938315229858764,-3.5395348494458267,-0.28533478405022045,0.42605681670660706,0.1407220326563866,-1.6626047900990986,-1.521882757442712,0.3764982894932289,-0.8715819511978797,-0.49508366170465085,-0.9199800997040103,-1.4150637614086612,-0.35436162904826424,-2.5825848898031087,-2.936946518851407
1993-06-30,-2.893137720568763,0.10552304280278815,-2.5452728832975837,-2.4397498404947955,-1.3647559563579792,-3.8045057968527747,-0.3897580037187017,-1.8953593943977627,-2.2851173981164643,-0.7519714430959781,-3.037088841212442,-4.72486723861126,-2.1167273994539575,-6.841594638064806,-3.5395348494458267,0.013713706065379971,0.3364879113531549,0.35020161741853495,-1.6626047900990986,-1.3124031726805636,1.2736910117053089,-0.8950051857887509,0.3786858259165579,-0.9199800997040103,-0.5412942737874524,0.7288874433350928,-2.5825848898031087,-1.8536974464680667
1993-09-30,-2.893137720568763,0.22487122361027112,-2.3738694869612624,-2.1489982633509914,-1.3647559563579792,-3.5137542197089706,0.26548577226936027,-1.7733010863457128,-1.5078153140763526,-0.7519714430959781,-2.2597867571723307,-3.656813577427344,-2.1167273994539575,-5.77354097688093,-3.5395348494458267,0.3743160157229935,0.6027419876241379,0.9770580033471314,-1.6626047900990986,-0.6855467867519672,0.7918701847455636,-0.8968455975291705,-0.10497541278360689,-0.9199800997040103,-1.024955512487617,0.8720825905635246,-2.5825848898031087,-1.7105022992396124
1993-12-31,-2.893137720568763,-0.0666001068847421,-2.116867588990325,-2.183467695875067,-1.3647559563579792,-3.5482236522330464,-0.28186589243574617,-1.6008332027325043,-1.8826990951682505,-0.7519714430959781,-2.6346705382642286,-4.066166791043318,-2.1167273994539575,-6.182894190496925,-3.5395348494458267,0.21124542956542375,0.5788941710981526,0.7901396006635762,-1.6626047900990986,-0.8724651894355224,0.8277705768857659,-0.8669313725370538,-0.03916079565128783,-0.9199800997040103,-0.959140895355298,0.7509788050122884,-2.5825848898031087,-1.83160608479086
1994-03-31,-2.893137720568763,-0.16105924505485072,-1.923855609616689,-2.0849148546715397,-1.3647559563579792,-3.449670811029519,-0.2565001060787855,-1.4690024143385125,-1.725502520417298,-0.7519714430959781,-2.477473963513276,-3.810417375088838,-2.1167273994539575,-5.9271447745424695,-3.5395348494458267,0.8297090698687424,0.6894337667314708,1.5191428366002133,-1.6626047900990986,-0.14346195349888527,1.175833037937717,-0.8958522499652131,0.2799807879725041,-0.9199800997040103,-0.6399993117315061,1.7991236245727174,-2.5825848898031087,-0.783461265230425
1994-06-30,-2.893137720568763,-0.213785329984167,-1.777405886853477,-1.9911912168376438,-1.3647559563579792,-3.3559471731956227,-0.20743374591592445,-1.3762463349410028,-1.5836800808569274,-0.7519714430959781,-2.3356515239529054,-3.5748712976945707,-2.1167273994539575,-5.691598697148231,-3.5395348494458267,0.2964872303436913,0.6394481163095418,0.9359353466532332,-1.6626047900990986,-0.7266694434458655,0.33022108112704485,-0.8965144572204808,-0.566293376093436,-0.9199800997040103,-1.486273475797446,0.3696419705597972,-2.5825848898031087,-2.2129429192433467
1994-09-30,-2.893137720568763,0.10564931477372778,-1.8559617704015743,-1.7503124556278464,-1.3647559563579792,-3.1150684119858254,0.8080792757237222,-1.4418079397554895,-0.6337286640317673,-0.7519714430959781,-1.3857001071277453,-2.384041119659614,-2.1167273994539575,-4.500768519113264,-3.5395348494458267,0.03559620786846354,0.5834710325338159,0.6190672404022796,-1.6626047900990986,-1.0435375496968191,0.015617054764931852,-0.8755892208696422,-0.8599721661047104,-0.9199800997040103,-1.7799522658087203,-0.24090492570243083,-2.5825848898031087,-2.8234898155055714
1994-12-31,-2.893137720568763,0.12830384504609935,-1.950865070226092,-1.8225612251799925,-1.3647559563579792,-3.1873171815379715,1.0731874296892692,-1.530823565770454,-0.457636136081185,-0.7519714430959781,-1.209607579177163,-2.2801973612611772,-2.1167273994539575,-4.396924760714803,-3.5395348494458267,-0.22477023589516695,0.2366334768184124,0.011863240923245437,-1.6626047900990986,-1.6507415491758533,0.490263355135941,-0.9163901037277564,-0.4261267485918154,-0.9199800997040103,-1.3461068482958256,-0.41426350766856995,-2.5825848898031087,-2.996848397471709
1995-03-31,-2.893137720568763,0.3047054761917558,-1.9523687471899756,-1.64766327099822,-1.3647559563579792,-3.012419227356199,1.4747622839262975,-1.5469147882693366,-0.07215250434303921,-0.7519714430959781,-0.8241239474390173,-1.719815775341259,-2.1167273994539575,-3.836543174794885,-3.5395348494458267,-0.005611279119852545,0.12395322485665256,0.11834194573680001,-1.6626047900990986,-1.5442628443622985,0.4989177891890269,-0.9973037197464064,-0.49838593055737945,-0.9199800997040103,-1.4183660302613896,-0.38004398482057944,-2.5825848898031087,-2.9626288746237024
1995-06-30,-2.893137720568763,0.06129700913546812,-1.962919798936327,-1.9016227898008589,-1.3647559563579792,-3.2663787461588383,0.7729096311235804,-1.5861486912161653,-0.8132390600925848,-0.7519714430959781,-1.5652105031885628,-2.714861849893444,-2.1167273994539575,-4.8315892493470445,-3.5395348494458267,-0.1216763185280459,0.063295525640626,-0.05838079288741991,-1.6626047900990986,-1.7209855829865186,-0.14124401867303055,-1.032497121377273,-1.1737411400503035,-0.9199800997040103,-2.0937212397543137,-1.2321219329377233,-2.5825848898031087,-3.8147068227408494
1995-09-30,-2.893137720568763,-0.1664731632984789,-1.878211053238577,-2.044684216537056,-1.3647559563579792,-3.409440172895035,-0.015845557203639074,-1.5538418186228284,-1.5696873758264678,-0.7519714430959781,-2.3216588189224456,-3.6143715923635233,-2.1167273994539575,-5.73109899181714,-3.5395348494458267,-0.1891497606096212,0.0280435863516786,-0.16110617425794257,-1.6626047900990986,-1.8237109643570413,-0.5370155074035804,-1.0623892415682763,-1.5994047489718566,-0.9199800997040103,-2.5193848486758665,-1.760510923229799,-2.5825848898031087,-4.343095813032921
1995-12-31,-2.893137720568763,0.06025171216310662,-1.702203329648349,-1.6419516174852424,-1.3647559563579792,-3.006707573843222,0.7732344640967401,-1.4234108935332346,-0.6501764294364945,-0.7519714430959781,-1.4021478725324725,-2.2921280469217367,-2.1167273994539575,-4.408855446375365,-3.5395348494458267,-0.5386866236129861,0.05689251183332879,-0.4817941117796573,-1.6626047900990986,-2.144398901878756,-1.828743694470748,-1.0770899106264304,-2.9058336050971785,-0.9199800997040103,-3.825813704801189,-3.387627716876836,-2.5825848898031087,-5.97021260667996
1996-03-31,-2.893137720568763,-0.01369889116424706,-1.5864341889055484,-1.6001330800697957,-1.3647559563579792,-2.964889036427775,0.5255062102768364,-1.3629743205161395,-0.8374681102393031,-0.7519714430959781,-1.5894395533352814,-2.437601190309099,-2.1167273994539575,-4.554328589762771,-3.5395348494458267,-0.24755417126036536,0.1060775286346078,-0.14147664262575754,-1.6626047900990986,-1.8040814327248562,-1.472936725678792,-1.0468857357720596,-2.5198224614508518,-0.9199800997040103,-3.439802561154862,-2.661299104076609,-2.5825848898031087,-5.243883993879723
1996-06-30,-2.893137720568763,-0.07815087752539428,-1.4462772205368095,-1.5244280980622038,-1.3647559563579792,-2.8891840544201832,0.5938137651852128,-1.2774915406252472,-0.6836777754400345,-0.7519714430959781,-1.4356492185360126,-2.2081058735022383,-2.1167273994539575,-4.324833272955901,-3.5395348494458267,-0.2920064092541407,0.2186486707377816,-0.07335773851635906,-1.6626047900990986,-1.7359625286154576,-1.8388180459194992,-1.0406343579712498,-2.879452403890749,-0.9199800997040103,-3.799432503594759,-2.952810142407108,-2.5825848898031087,-5.535395032210205
1996-09-30,-2.893137720568763,0.14515781242707454,-1.3524516899046846,-1.20729387747761,-1.3647559563579792,-2.5720498338355893,1.0086575365370531,-1.227946636432821,-0.21928909989576814,-0.7519714430959781,-0.9712605429917461,-1.4265829773733782,-2.1167273994539575,-3.5433103768270904,-3.5395348494458267,-0.24298383595022066,0.2501363948115083,0.007152558861287637,-1.6626047900990986,-1.655452231237811,-1.8342521735261386,-1.018632188421557,-2.8528843619476953,-0.9199800997040103,-3.7728644616517055,-2.8457318030864074,-2.5825848898031087,-5.428316692889524
1996-12-31,-2.893137720568763,0.028467522385247895,-1.2991955326752658,-1.2707280102900178,-1.3647559563579792,-2.635483966647997,0.6926424936039682,-1.219869743102741,-0.5272272494987726,-0.7519714430959781,-1.2791986925947507,-1.7979552597887904,-2.1167273994539575,-3.9146826592424815,-3.5395348494458267,-0.1651168727584716,0.29985302915112705,0.13473615639265543,-1.6626047900990986,-1.5278686337064433,-1.5411050917554359,-0.9702701308271333,-2.511375222582569,-0.9199800997040103,-3.431355322286579,-2.376639066189914,-2.5825848898031087,-4.959223955993021
1997-03-31,-2.893137720568763,0.066081769225715,-1.1044783624560426,-1.0383965932303276,-1.3647559563579792,-2.403152549588307,0.8900245561082455,-1.0943288902629178,-0.2043043341546723,-0.7519714430959781,-0.9562757772506504,-1.2427009273849998,-2.1167273994539575,-3.3594283268386893,-3.5395348494458267,0.11216232344555031,0.2501847058001684,0.3623470292457187,-1.6626047900990986,-1.3002577608533799,-1.2356228569859669,-1.005898298126014,-2.241521155111981,-0.9199800997040103,-3.1615012548159913,-1.8791741258662624,-2.5825848898031087,-4.461759015669363
1997-06-30,-2.893137720568763,0.03495607199773719,-1.0268067278001682,-0.9918506558024311,-1.3647559563579792,-2.3566066121604106,0.7807150634855086,-1.0606374510913907,-0.27992238760588206,-0.7519714430959781,-1.0318938307018601,-1.2717730434083132,-2.1167273994539575,-3.388500442862005,-3.5395348494458267,-0.3634040603357239,0.1155753655378426,-0.24782869479788133,-1.6626047900990986,-1.91043348489698,-1.5089667205427164,-1.0127737505942223,-2.5217404711369387,-0.9199800997040103,-3.4417205708409493,-2.76956916593482,-2.5825848898031087,-5.3521540557379215
1997-09-30,-2.893137720568763,0.19563736789960406,-0.9836255130791633,-0.7879881451795593,-1.3647559563579792,-2.1527441015375386,0.8423144677633645,-1.0475298499572485,-0.20521538219388405,-0.7519714430959781,-0.9571868252898621,-0.9932035273734434,-2.1167273994539575,-3.109930926827156,-3.5395348494458267,-0.18608700936766331,0.0997873181360968,-0.08629969123156651,-1.6626047900990986,-1.7489044813306651,-1.0956226629754835,-1.0096107566625632,-2.1052334196380467,-0.9199800997040103,-3.025213519342057,-2.191533110869613,-2.5825848898031087,-4.774118000672709
1997-12-31,-2.893137720568763,0.03934930566852813,-0.8779335538997043,-0.8385842482311762,-1.3647559563579792,-2.2033402045891552,0.48194722769453174,-0.986033485990522,-0.5040862582959902,-0.7519714430959781,-1.2560577013919683,-1.3426705065271665,-2.1167273994539575,-3.459397905980874,-3.5395348494458267,-0.18308716536724046,0.11747483208462874,-0.06561233328261172,-1.6626047900990986,-1.7282171233817103,-1.0320790884647697,-1.0095597505977143,-2.0416388390624842,-0.9199800997040103,-2.961618938766494,-2.1072511723450957,-2.5825848898031087,-4.689836062148181
1998-03-31,-2.893137720568763,-0.09842294140226841,-0.8191683954950724,-0.9175913368973408,-1.3647559563579792,-2.28234729325532,-0.1880898865136811,-0.9681052879367362,-1.1561951744504173,-0.7519714430959781,-1.9081666175463954,-2.073786511347758,-2.1167273994539575,-4.190513910801543,-3.5395348494458267,0.009490333718498636,0.09872373119724324,0.10821406491574187,-1.6626047900990986,-1.5543907251833566,-0.9506031674191093,-1.0431844228191183,-1.9937875902382274,-0.9199800997040103,-2.9137676899422376,-1.8855735253224857,-2.5825848898031087,-4.468158415125576
1998-06-30,-2.893137720568763,0.07363143436982768,-0.6553917724201547,-0.581760338050327,-1.3647559563579792,-1.946516294408306,0.07531696272464926,-0.8571586759322048,-0.7818417132075556,-0.7519714430959781,-1.5338131563035338,-1.3636020512578826,-2.1167273994539575,-3.480329450711724,-3.5395348494458267,-0.046678950417715324,0.15159840204674685,0.10491945162903152,-1.6626047900990986,-1.557685338470067,-1.1489711311074648,-1.0136421436077843,-2.162613274715249,-0.9199800997040103,-3.0825933744192593,-2.057693823086218,-2.5825848898031087,-4.640278712889308
1998-09-30,-2.893137720568763,0.04874176466496609,-0.609378957348898,-0.560637192683932,-1.3647559563579792,-1.9253931490419112,-0.1503122663162384,-0.8398440055667077,-0.9901562718829461,-0.7519714430959781,-1.742127714978924,-1.550793464566878,-2.1167273994539575,-3.6675208640207515,-3.5395348494458267,-0.5474627014886517,0.19160984072720028,-0.35585286076145145,-1.6626047900990986,-2.01845765086055,-2.4988539911937266,-1.031846344460281,-3.5307003356540076,-0.9199800997040103,-4.450680435358018,-3.886553196415459,-2.5825848898031087,-6.4691380862185435
1998-12-31,-2.893137720568763,-0.173941817171543,-0.4514800838727588,-0.6254219010443017,-1.3647559563579792,-1.990177857402281,-0.8997395351955015,-0.7477185245926393,-1.6474580597881407,-0.7519714430959781,-2.3994295028841184,-2.2728799608324426,-2.1167273994539575,-4.389607360286361,-3.5395348494458267,-0.2908962414157345,0.2941914906992359,0.0032952492835014056,-1.6626047900990986,-1.6593095408155971,-1.9000973217189845,-0.9837847221755287,-2.883882043894513,-0.9199800997040103,-3.8038621435985234,-2.8805867946110117,-2.5825848898031087,-5.463171684414083
1999-03-31,-2.893137720568763,-0.03257786827122362,-0.23691635987667423,-0.26949422814789786,-1.3647559563579792,-1.634250184505877,-0.42330201285434166,-0.5924430418152931,-1.0157450546696347,-0.7519714430959781,-1.7677164977656128,-1.2852392828175325,-2.1167273994539575,-3.401966682271337,-3.5395348494458267,-0.10025429896415779,0.371033641069433,0.2707793421052752,-1.6626047900990986,-1.3918254479938235,-1.8524046945643051,-0.9543743257242958,-2.806779020288601,-0.9199800997040103,-3.726759119992611,-2.535999678183326,-2.5825848898031087,-5.118584567986412
1999-06-30,-2.893137720568763,0.07450760626446101,-0.17269229935277042,-0.09818469308830942,-1.3647559563579792,-1.4629406494462887,-0.2770573153867472,-0.5631132213673187,-0.8401705367540658,-0.7519714430959781,-1.5921419798500438,-0.9383552298423753,-2.1167273994539575,-3.0550826292961077,-3.5395348494458267,-0.5706631366229129,0.39780308689247607,-0.17286004973043687,-1.6626047900990986,-1.8354648398295355,-2.586408955117831,-0.9264074032633931,-3.5128163583812237,-0.9199800997040103,-4.432796458085234,-3.6856764081116604,-2.5825848898031087,-6.268261297914735
1999-09-30,-2.893137720568763,-0.014610978855237341,-0.20064470573542817,-0.21525568459066552,-1.3647559563579792,-1.5800116409486449,-0.8471089854906143,-0.6283142092666151,-1.4754231947572296,-0.7519714430959781,-2.2273946378532075,-1.690678879347895,-2.1167273994539575,-3.8074062788016967,-3.5395348494458267,-0.27857500430152526,0.5892671348626212,0.3106921305610959,-1.6626047900990986,-1.3519126595380027,-2.3084408588580776,-0.8749559439172131,-3.183396802775291,-0.9199800997040103,-4.103376902479301,-2.8727046722141947,-2.5825848898031087,-5.455289562017264
1999-12-31,-2.893137720568763,0.20350339186237718,-0.252122487985383,-0.04861909612300583,-1.3647559563579792,-1.4133750524809852,-0.7505718692987431,-0.6995999760671424,-1.4501718453658854,-0.7519714430959781,-2.2021432884618632,-1.4987909414888914,-2.1167273994539575,-3.615518340942751,-3.5395348494458267,-0.2745856349052698,0.6875797821330512,0.4129941472277813,-1.6626047900990986,-1.2496106428713172,-2.3494229575009418,-0.8345303468689234,-3.1839533043698647,-0.9199800997040103,-4.103933404073875,-2.7709591571420833,-2.5825848898031087,-5.353544046945162
2000-03-31,-2.893137720568763,0.04724807445568766,-0.2310447642181673,-0.18379668976247965,-1.3647559563579792,-1.548552646120459,-1.663950111383076,-0.7271266914982111,-2.3910768028812868,-0.7519714430959781,-3.1430482459772646,-2.5748734926437664,-2.1167273994539575,-4.69160089209766,-3.5395348494458267,-0.1874504081961875,0.5472356725427661,0.3597852643465786,-1.6626047900990986,-1.30281952575252,-1.1102079669042217,-0.8239879494554115,-1.9341959163596332,-0.9199800997040103,-2.8541760160636436,-1.5744106520130545,-2.5825848898031087,-4.156995541816121
2000-06-30,-2.893137720568763,0.060301506204837645,-0.1790765332601517,-0.11877502705531404,-1.3647559563579792,-1.4835309834132935,-2.374520405504938,-0.7277990493389744,-3.102319454843913,-0.7519714430959781,-3.8542908979398907,-3.221094481899227,-2.1167273994539575,-5.33782188135316,-3.5395348494458267,-0.2725438504607333,0.5978931690955434,0.32534931863481,-1.6626047900990986,-1.3372554714642886,-2.1413335807557723,-0.9025591928519084,-3.0438927736076806,-0.9199800997040103,-3.963872873311691,-2.718543454972871,-2.5825848898031087,-5.301128344775941
2000-09-30,-2.893137720568763,-0.13975435855256022,-0.08941852192832109,-0.22917288048088127,-1.3647559563579792,-1.5939288368388604,-3.317124656220367,-0.6807578710088216,-3.9978825272291885,-0.7519714430959781,-4.749853970325167,-4.227055407710069,-2.1167273994539575,-6.343782807164015,-3.5395348494458267,-0.07571287256332593,0.6921271915031677,0.6164143189398418,-1.6626047900990986,-1.046190471159257,-2.3009744430310266,-0.9183752436272151,-3.219349686658242,-0.9199800997040103,-4.139329786362252,-2.6029353677184,-2.5825848898031087,-5.185520257521467
2000-12-31,-2.893137720568763,-0.033622129927550225,-0.03789098335839144,-0.07151311328594165,-1.3647559563579792,-1.4362690696439209,-3.4267030659733684,-0.5994245581768916,-4.02612762415026,-0.7519714430959781,-4.778099067246238,-4.097640737436202,-2.1167273994539575,-6.2143681368900845,-3.5395348494458267,-0.25962685787305934,0.6820833649021077,0.4224565070290484,-1.6626047900990986,-1.24014828307005,-2.413434985288637,-0.934157738390913,-3.34759272367955,-0.9199800997040103,-4.267572823383561,-2.9251362166505017,-2.5825848898031087,-5.507721106453564
2001-03-31,-2.893137720568763,-0.128979748443832,0.04369187674087325,-0.08528787170295876,-1.3647559563579792,-1.450043828060938,-3.735797076403602,-0.4354149018538909,-4.171211978257493,-0.7519714430959781,-4.923183421353471,-4.256499849960452,-2.1167273994539575,-6.373227249414248,-3.5395348494458267,-0.8822648718283812,0.9763240572032635,0.09405918537488235,-1.6626047900990986,-1.5685456047242163,-4.625629360341414,-0.8778058202105178,-5.503435180551931,-0.9199800997040103,-6.423415280255941,-5.409375995177049,-2.5825848898031087,-7.991960884980123
2001-06-30,-2.893137720568763,-0.2020174093517075,-0.04490608592655452,-0.24692349527826202,-1.3647559563579792,-1.6116794516362414,-3.64644732624747,-0.2693089248575155,-3.9157562511049857,-0.7519714430959781,-4.667727694200964,-4.1626797463832474,-2.1167273994539575,-6.279407145836847,-3.5395348494458267,-0.34098848382135166,1.2817902232010119,0.9408017393796603,-1.6626047900990986,-0.7218030507194384,-4.789305957755477,-0.8463210394662616,-5.635626997221738,-0.9199800997040103,-6.5556070969257485,-4.694825257842078,-2.5825848898031087,-7.277410147645142
2001-09-30,-2.893137720568763,-0.18549857411294685,-0.17306483808602163,-0.3585634121989685,-1.3647559563579792,-1.7233193685569477,-3.1980580836510644,-0.13506693882054976,-3.3331250224716142,-0.7519714430959781,-4.085096465567592,-3.6916884346705827,-2.1167273994539575,-5.808415834124185,-3.5395348494458267,-0.4176691683001519,1.376730953206514,0.959061784906362,-1.6626047900990986,-0.7035430051927366,-5.00005762688549,-0.8468022272706308,-5.846859854156121,-0.9199800997040103,-6.766839953860131,-4.88779806924976,-2.5825848898031087,-7.470382959052817
2001-12-31,-2.893137720568763,-0.10397083063373604,-0.23923730025642959,-0.3432081308901656,-1.3647559563579792,-1.7079640872481447,-2.2821192301632607,0.06342957353219673,-2.218689656631064,-0.7519714430959781,-2.9706610997270424,-2.5618977875212297,-2.1167273994539575,-4.6786251869747755,-3.5395348494458267,-0.6698747808019309,1.4171892801747232,0.7473144993727923,-1.6626047900990986,-0.9152902907263064,-4.805429324266899,-0.7993844386955756,-5.604813762962475,-0.9199800997040103,-6.524793862666485,-4.857499263589681,-2.5825848898031087,-7.44008415339275
2002-03-31,-2.893137720568763,0.0048197465450377334,-0.39958545434470133,-0.3947657077996636,-1.3647559563579792,-1.759521664157643,-0.893605898070982,0.3433443584875417,-0.5502615395834404,-0.7519714430959781,-1.3022329826794183,-0.9450272473831038,-2.1167273994539575,-3.0617546468365315,-3.5395348494458267,-0.3280844203570358,1.399393848521524,1.0713094281644884,-1.6626047900990986,-0.5912953619346103,-3.2372895497667593,-0.769791390636823,-4.007080940403582,-0.9199800997040103,-4.927061040107592,-2.935771512239094,-2.5825848898031087,-5.518356402042164
2002-06-30,-2.893137720568763,0.05211923630651471,-0.9247310480975182,-0.8726118117910034,-1.3647559563579792,-2.2373677681489825,0.1835583483433139,0.3821808810405418,0.5657392293838557,-0.7519714430959781,-0.18623221371212234,-0.3068725824071477,-2.1167273994539575,-2.423599981860462,-3.5395348494458267,0.33878865803412617,1.2523227717512273,1.5911114297853535,-1.6626047900990986,-0.07149336031374527,-1.0393168820591558,-0.7959524790765439,-1.8352693611356996,-0.9199800997040103,-2.7552494608397096,-0.24415793135034633,-2.5825848898031087,-2.8267428211534273
2002-09-30,-2.893137720568763,0.01375653637489257,-1.0594320928394743,-1.0456755564645819,-1.3647559563579792,-2.410431512822561,0.2986649558170347,0.38719350943672176,0.6858584652537565,-0.7519714430959781,-0.06611297784222155,-0.3598170912108253,-2.1167273994539575,-2.4765444906642866,-3.5395348494458267,0.6196667409726594,1.3260544624768538,1.9457212034495135,-1.6626047900990986,0.28311641335041476,-0.47250360682802317,-0.7617141637813778,-1.234217770609401,-0.9199800997040103,-2.154197870313411,0.7115034328401124,-2.5825848898031087,-1.8710814569629801
2002-12-31,-2.893137720568763,0.02153203327119274,-0.5645902389533862,-0.5430582056821934,-1.3647559563579792,-1.9078141620401727,-0.10149469958865374,0.4191278925546232,0.3176331929659694,-0.7519714430959781,-0.4343382501300086,-0.225425012716224,-2.1167273994539575,-2.342152412169745,-3.5395348494458267,0.6626777832597652,1.2408170960010543,1.9034948792608195,-1.6626047900990986,0.24089008916172083,0.25829197272273813,-0.7540006324268451,-0.49570865970410705,-0.9199800997040103,-1.4156887594081173,1.4077862195567123,-2.5825848898031087,-1.174798670246369
2003-03-31,-2.893137720568763,-0.007056053315579697,-0.2584936902670687,-0.2655497435826484,-1.3647559563579792,-1.6303056999406276,-0.6763147123735475,0.35719054447859727,-0.31912416789495013,-0.7519714430959781,-1.0710956109909282,-0.5846739114775985,-2.1167273994539575,-2.7014013109310624,-3.5395348494458267,0.3908655171079277,0.7500488434388135,1.1409143605467411,-1.6626047900990986,-0.5216904295523574,2.637259981214989,-0.6962096607388227,1.9410503204761664,-0.9199800997040103,1.021070220772156,3.081964681022908,-2.5825848898031087,0.4993797912197983
2003-06-30,-2.893137720568763,-0.03795360278640211,-0.002308137820013297,-0.04026174060641541,-1.3647559563579792,-1.4050176969643946,-1.0618469563456,0.3293064180808859,-0.7325405382647139,-0.7519714430959781,-1.4845119813606922,-0.7728022788711293,-2.1167273994539575,-2.8895296783246405,-3.5395348494458267,-0.1887666931052938,0.7985424275516858,0.609775734446392,-1.6626047900990986,-1.0528290556527067,1.258085567463015,-0.6496212851757571,0.6084642822872577,-0.9199800997040103,-0.3115158174167526,1.2182400167336498,-2.5825848898031087,-1.3643448730694605
2003-09-30,-2.893137720568763,0.147791656733878,-0.05994793368729178,0.08784372304658622,-1.3647559563579792,-1.2769122333113931,-0.43445146007660446,0.40356286595369917,-0.030888594122905295,-0.7519714430959781,-0.7828600372188833,0.056955128923680924,-2.1167273994539575,-2.059772270530079,-3.5395348494458267,-0.05903113120047879,0.9786574086538614,0.9196262774533827,-1.6626047900990986,-0.742978512645716,0.7515027952796319,-0.5960083646424873,0.15549443063714458,-0.9199800997040103,-0.7644856690668657,1.0751207080905272,-2.5825848898031087,-1.5074641817125831
2003-12-31,-2.893137720568763,0.12804273122523482,-0.5399228564547665,-0.41188012522953166,-1.3647559563579792,-1.776636081587511,-0.029348685597481963,0.5196123430375057,0.4902636574400237,-0.7519714430959781,-0.2617077856559544,0.07838353221049206,-2.1167273994539575,-2.0383438672434373,-3.5395348494458267,0.5655631024779774,1.0130632473551775,1.5786263498331548,-1.6626047900990986,-0.08397844026594387,1.3248919193350015,-0.5926592819450563,0.7322326373899452,-0.9199800997040103,-0.18774746231406508,2.3108589872231,-2.5825848898031087,-0.27172590258001544
2004-03-31,-2.893137720568763,-0.03980103988900692,-1.0887456959725417,-1.1285467358615484,-1.3647559563579792,-2.493302692219528,0.1837182625396822,0.6783220796877274,0.8620403422274097,-0.7519714430959781,0.1100688991314316,-0.26650639363413886,-2.1167273994539575,-2.3832337930881473,-3.5395348494458267,0.3862511743348538,0.8105065171267151,1.196757691461569,-1.6626047900990986,-0.46584709863752977,1.1868487820211928,-0.6356413543631196,0.5512074276580731,-0.9199800997040103,-0.36877267204593717,1.747965119119642,-2.5825848898031087,-0.8346197706834751
2004-06-30,-2.893137720568763,-0.05510586897381981,-1.3533643093773922,-1.408470178351212,-1.3647559563579792,-2.7732261347091915,0.4858377818596063,0.8751379488856151,1.3609757307452215,-0.7519714430959781,0.6090042876492433,-0.047494447605990524,-2.1167273994539575,-2.1642218470600736,-3.5395348494458267,-0.18563653024867938,0.4671262110461073,0.2814896807974279,-1.6626047900990986,-1.3811151093016707,1.7912372989936536,-0.6040142432270404,1.1872230557666132,-0.9199800997040103,0.26724295606260295,1.468712736564041,-2.5825848898031087,-1.1138721532390685
2004-09-30,-2.893137720568763,-0.08636193127431559,-1.7268543428510985,-1.813216274125414,-1.3647559563579792,-3.1779722304833933,0.8286082653345619,1.0331140418407125,1.8617223071752746,-0.7519714430959781,1.1097508640792966,0.0485060330498605,-2.1167273994539575,-2.0682213664042406,-3.5395348494458267,-0.355082210889344,0.25166617764879984,-0.10341603324054417,-1.6626047900990986,-1.7660208233396428,1.8989330181797002,-0.6272542787112824,1.2716787394684177,-0.9199800997040103,0.35169863976440735,1.1682627062278734,-2.5825848898031087,-1.4143221835752309
2004-12-31,-2.893137720568763,-0.025644518305608967,-1.7515282967362635,-1.7771728150418726,-1.3647559563579792,-3.141928771399852,0.9693851280846709,1.1159813044122133,2.085366432496884,-0.7519714430959781,1.333394989400906,0.3081936174550115,-2.1167273994539575,-1.8085337819991048,-3.5395348494458267,0.10398111884469496,0.1724504300430998,0.27643154888779475,-1.6626047900990986,-1.386173241211304,2.692942089218298,-0.649088767253493,2.043853321964805,-0.9199800997040103,1.1238732222607946,2.3202848708526,-2.5825848898031087,-0.26230001895050203
2005-03-31,-2.893137720568763,-0.16342460010318566,-1.4612675327656046,-1.6246921328687904,-1.3647559563579792,-2.98944808922677,0.04994582252632355,1.0846728879652965,1.13461871049162,-0.7519714430959781,0.382647267395642,-0.49007342237717033,-2.1167273994539575,-2.606800821831305,-3.5395348494458267,0.19157674968043814,0.187839328501466,0.3794160781819042,-1.6626047900990986,-1.2831887119171945,2.3437255612963614,-0.6957596919424862,1.6479658693538755,-0.9199800997040103,0.727985769649865,2.0273819475357793,-2.5825848898031087,-0.555202942267319
2005-06-30,-2.893137720568763,-0.061594627915231404,-1.0830205496286103,-1.1446151775438416,-1.3647559563579792,-2.509371133901821,-0.33129094893522915,1.0062640476877962,0.6749730987525672,-0.7519714430959781,-0.07699834434341085,-0.46964207879127434,-2.1167273994539575,-2.5863694782454645,-3.5395348494458267,0.653343092738857,0.1552244299231251,0.8085675226619822,-1.6626047900990986,-0.8540372674371165,2.532163152135962,-0.7202335783713804,1.8119295737645822,-0.9199800997040103,0.8919494740605718,2.620497096426564,-2.5825848898031087,0.03791220662345494
2005-09-30,-2.893137720568763,-0.07746582493197013,-0.4826583884583824,-0.5601242133903525,-1.3647559563579792,-1.9248801697483315,-1.3947756777993894,0.9025910787230493,-0.49218459907634,-0.7519714430959781,-1.2441560421723181,-1.0523088124666924,-2.1167273994539575,-3.16903621192094,-3.5395348494458267,0.0198700651920232,0.18720573488535308,0.20707580007737628,-1.6626047900990986,-1.4555289900217223,1.2758012387357953,-0.6899449497227236,0.5858562890130719,-0.9199800997040103,-0.3341238106909385,0.7929320890904481,-2.5825848898031087,-1.78965280071264
2005-12-31,-2.893137720568763,0.08902254698667433,0.11121525538933329,0.2002378023760076,-1.3647559563579792,-1.1645181539819716,-1.8808100829934145,0.7654587143571004,-1.1153513686363141,-0.7519714430959781,-1.867322811732292,-0.9151135662603066,-2.1167273994539575,-3.0318409657144754,-3.5395348494458267,-0.08392020355055967,0.2153583132491974,0.13143810969863773,-1.6626047900990986,-1.5311666804004609,0.27049255113257786,-0.7234988184099982,-0.4530062672774204,-0.9199800997040103,-1.3729863669814306,-0.3215681575787826,-2.5825848898031087,-2.904153047381872
2006-03-31,-2.893137720568763,0.17401134197305707,0.44661995030466456,0.6206312922777216,-1.3647559563579792,-0.7441246640802577,-2.381495141168357,0.6839900875361485,-1.6975050536322085,-0.7519714430959781,-2.4494764967281863,-1.076873761354487,-2.1167273994539575,-3.193601160808731,-3.5395348494458267,0.35009443831561365,0.1421680787658756,0.4922625170814892,-1.6626047900990986,-1.1703422730176094,0.831540516709929,-0.7483230315656338,0.0832174851442951,-0.9199800997040103,-0.8367626145597151,0.5754800022257843,-2.5825848898031087,-2.0071048875773037
2006-06-30,-2.893137720568763,-0.026024589647069097,0.34158797788311784,0.3155633882360488,-1.3647559563579792,-1.0491925681219305,-3.262812882842947,0.6698912099553529,-2.592921672887594,-0.7519714430959781,-3.344893115983572,-2.2773582846515454,-2.1167273994539575,-4.394085684105821,-3.5395348494458267,-0.28972424845876815,0.21595038218169973,-0.07377386627706843,-1.6626047900990986,-1.7363786563761672,-0.6983483418621654,-0.7164256981377838,-1.414774039999949,-0.9199800997040103,-2.3347541397039593,-1.4885479062770177,-2.5825848898031087,-4.071132796080099
2006-09-30,-2.893137720568763,-0.04681095586085183,0.06118554132941653,0.014374585468564705,-1.3647559563579792,-1.3503813708894146,-3.3229010225649906,0.7431328146327676,-2.579768207932223,-0.7519714430959781,-3.331739651028201,-2.565393622463658,-2.1167273994539575,-4.682121021917924,-3.5395348494458267,-0.3867990262433535,0.2011287184512848,-0.1856703077920687,-1.6626047900990986,-1.8482750978911675,-1.2575816895305834,-0.7303227054868098,-1.9879043950173931,-0.9199800997040103,-2.907884494721403,-2.173574702809462,-2.5825848898031087,-4.756159592612538
2006-12-31,-2.893137720568763,-0.12440768194249299,-0.11916191802901865,-0.24356959997151165,-1.3647559563579792,-1.608325556329491,-3.5262576830146295,0.8606069463849981,-2.6656507366296314,-0.7519714430959781,-3.4176221797256097,-2.909220336601143,-2.1167273994539575,-5.025947736055448,-3.5395348494458267,0.0022527506198122375,0.22456919291619298,0.2268219435360052,-1.6626047900990986,-1.4357828465630935,-0.8206240770012344,-0.7329931599001613,-1.5536172369013956,-0.9199800997040103,-2.4735973366054056,-1.3267952933653906,-2.5825848898031087,-3.909380183168464
2007-03-31,-2.893137720568763,-0.21638305734681407,-0.17876215615763644,-0.39514521350445053,-1.3647559563579792,-1.7599011698624296,-4.077052318183664,0.9198850811404787,-3.157167237043186,-0.7519714430959781,-3.9091386801391637,-3.552312450547636,-2.1167273994539575,-5.669039850001954,-3.5395348494458267,-0.4302572728242437,0.24887034256281854,-0.18138693026142516,-1.6626047900990986,-1.8439917203605236,-2.330914087172406,-0.7614315196069351,-3.0923456067793413,-0.9199800997040103,-4.0123257064833515,-3.273732537040766,-2.5825848898031087,-5.856317426843841
2007-06-30,-2.893137720568763,-0.07790381476517295,-0.07812358849797135,-0.1560274032631443,-1.3647559563579792,-1.5207833596211235,-4.28038691163779,0.949087923843324,-3.331298987794466,-0.7519714430959781,-4.083270430890444,-3.48732639105761,-2.1167273994539575,-5.604053790511962,-3.5395348494458267,-0.14559407044298964,0.19799252666218425,0.05239845621919461,-1.6626047900990986,-1.610206333879904,-1.901633561362096,-0.8139723703620632,-2.715605931724159,-0.9199800997040103,-3.6355860314281694,-2.6632074755049646,-2.5825848898031087,-5.245792365308032
2007-09-30,-2.893137720568763,-0.2993747527251113,0.049818369823923694,-0.24955638290118765,-1.3647559563579792,-1.614312339259167,-5.622668395662069,0.7948883305517338,-4.8277800651103355,-0.7519714430959781,-5.579751508206313,-5.077336448011524,-2.1167273994539575,-7.194063847465883,-3.5395348494458267,-0.49589635372605084,0.2097913802372146,-0.28610497348883623,-1.6626047900990986,-1.948709763587935,-2.5535291899477457,-0.8154352491990335,-3.368964439146779,-0.9199800997040103,-4.28894453885079,-3.6550694126356156,-2.5825848898031087,-6.237654302438695
2007-12-31,-2.893137720568763,-0.06653277490347062,0.24728731739295046,0.18075454248947984,-1.3647559563579792,-1.1840014138684993,-5.5368017571238894,0.7349354591373073,-4.801866297986582,-0.7519714430959781,-5.5538377410825595,-4.621111755497102,-2.1167273994539575,-6.737839154951508,-3.5395348494458267,-0.5995018475556211,0.1918623122671101,-0.407639535288511,-1.6626047900990986,-2.0702443253876095,-2.6881181205794653,-0.8316687541384088,-3.5197868747178744,-0.9199800997040103,-4.439766974421884,-3.9274264100063854,-2.5825848898031087,-6.5100112998094675
2008-03-31,-2.893137720568763,-0.28593580925591044,0.6607465698975766,0.37481076064166613,-1.3647559563579792,-0.9899451957163131,-6.71357692921051,0.7822087050606955,-5.931368224149814,-0.7519714430959781,-6.683339667245793,-5.556557463508148,-2.1167273994539575,-7.673284862962465,-3.5395348494458267,-0.8336388117189425,0.15239719895628612,-0.6812416127626564,-1.6626047900990986,-2.343846402861755,-2.318604010930838,-0.7986599061571217,-3.1172639170879597,-0.9199800997040103,-4.03724401679197,-3.798505529850616,-2.5825848898031087,-6.3810904196536935
2008-06-30,-2.893137720568763,-0.1621269163815807,0.7901127238597981,0.6279858074782174,-1.3647559563579792,-0.7367701488797619,-6.156683160649578,0.8347600569730262,-5.321923103676552,-0.7519714430959781,-6.0738945467725305,-4.693937296198334,-2.1167273994539575,-6.810664695652582,-3.5395348494458267,-0.5318962772860661,0.1781252491203622,-0.353771028165704,-1.6626047900990986,-2.0163758182648026,-2.1768879920686515,-0.8701341040548388,-3.0470220961234897,-0.9199800997040103,-3.9670021958275,-3.400793124289194,-2.5825848898031087,-5.983378014092283
2008-09-30,-2.893137720568763,-0.30873530574683494,0.9114665410247127,0.6027312352778778,-1.3647559563579792,-0.7620247210801016,-6.339660991969613,0.9040032394217453,-5.4356577525478675,-0.7519714430959781,-6.187629195643846,-4.83292651726999,-2.1167273994539575,-6.949653916724092,-3.5395348494458267,-0.35680341224757567,0.39823351529433987,0.04143010304676419,-1.6626047900990986,-1.6211746870523345,-2.545252563556893,-0.89167855676224,-3.4369311203191337,-0.9199800997040103,-4.356911220023144,-3.395501017272369,-2.5825848898031087,-5.9780859070754575
2008-12-31,-2.893137720568763,-0.37583195312687406,0.9694452944905867,0.5936133413637126,-1.3647559563579792,-0.7711426149942666,-5.883207714600531,0.9146987419218232,-4.968508972678709,-0.7519714430959781,-5.720480415774687,-4.374895631314996,-2.1167273994539575,-6.491623030769123,-3.5395348494458267,-0.39030904297435215,0.5690415287401028,0.17873248576575074,-1.6626047900990986,-1.483872304333348,-2.5391643555317556,-0.8760219189689538,-3.415186274500709,-0.9199800997040103,-4.335166374204719,-3.2364537887349583,-2.5825848898031087,-5.819038678538051
2009-03-31,-2.893137720568763,0.10131792805057314,1.6782726816044977,1.7795906096550707,-1.3647559563579792,0.41483465329709146,-3.3737897813001054,1.2930613874927985,-2.080728393807307,-0.7519714430959781,-2.8326998369032848,-0.30113778415223635,-2.1167273994539575,-2.4178651836061618,-3.5395348494458267,0.4899450115674224,0.7568939333606748,1.2468389449280972,-1.6626047900990986,-0.4157658451710015,-0.6735569647741456,-0.8367628498612705,-1.5103198146354162,-0.9199800997040103,-2.430299914339426,-0.263480869707319,-2.5825848898031087,-2.846065759510422
2009-06-30,-2.893137720568763,0.4207107296447882,1.6115333577494206,2.032244087394209,-1.3647559563579792,0.6674881310362297,-0.8600194440104161,1.6083773139274002,0.7483578699169842,-0.7519714430959781,-0.0036135731789939396,2.7806019573111933,-2.1167273994539575,0.663874557857999,-3.5395348494458267,0.6702328608431843,0.7113884530522779,1.3816213138954623,-1.6626047900990986,-0.2809834762036364,0.002655126465225245,-0.8834785175817568,-0.8808233911165315,-0.9199800997040103,-1.800803490820542,0.5007979227789306,-2.5825848898031087,-2.08178696702418
2009-09-30,-2.893137720568763,0.15251848619603764,1.1103079873137798,1.2628264735098174,-1.3647559563579792,-0.10192948284816189,-0.30414336860328783,1.7760299391505552,1.4718865705472675,-0.7519714430959781,0.7199151274512893,2.7347130440570844,-2.1167273994539575,0.6179856446038647,-3.5395348494458267,1.7395051797098922,0.8394814436101082,2.5789866233200005,-1.6626047900990986,0.9163818332209019,1.579613853956427,-0.8687872239360708,0.7108266300203563,-0.9199800997040103,-0.20915346968365395,3.2898132533403572,-2.5825848898031087,0.7072283635372442
2009-12-31,-2.893137720568763,0.12246173339473536,0.3454772308790078,0.46793896427374315,-1.3647559563579792,-0.896816992084236,0.7584831797196168,1.9642171322763762,2.722700311995993,-0.7519714430959781,1.970728868900015,3.190639276269736,-2.1167273994539575,1.07391187681631,-3.5395348494458267,3.492367176399457,1.5773644456218479,5.069731622021305,-1.6626047900990986,3.407126831922206,3.6247631708529373,-0.5286295594086341,3.096133611444303,-0.9199800997040103,2.1761535117402926,8.165865233465608,-2.5825848898031087,5.58328034366249
2010-03-31,-2.893137720568763,-0.031361274756215717,0.0045261868295527,-0.026835087926663018,-1.3647559563579792,-1.3915910442846422,0.16671357952812987,2.1391475798395656,2.305861159367695,-0.7519714430959781,1.5538897162717176,2.2790260714410326,-2.1167273994539575,0.16229867198724673,-3.5395348494458267,2.457097211387527,1.3338083430314833,3.7909055544190102,-1.6626047900990986,2.1283007643199117,3.7799213837539023,-0.5632698216611433,3.216651562092759,-0.9199800997040103,2.2966714623887485,7.00755711651177,-2.5825848898031087,4.4249722267086335
2010-06-30,-2.893137720568763,-0.3055153614824633,-0.33790960599701314,-0.6434249674794764,-1.3647559563579792,-2.0081809238374557,-0.09146759335580207,2.304126614530461,2.212659021174659,-0.7519714430959781,1.4606875780786808,1.569234053695182,-2.1167273994539575,-0.5474933457588176,-3.5395348494458267,1.7175930344881252,1.077638034960639,2.7952310694487643,-1.6626047900990986,1.1326262793496655,3.7163519127753517,-0.5849595023810569,3.131392410394295,-0.9199800997040103,2.2114123106902848,5.926623479843059,-2.5825848898031087,3.3440385900398915
2010-09-30,-2.893137720568763,-0.1943599130752243,-0.37541690310118503,-0.5697768161764094,-1.3647559563579792,-1.9345327725343886,0.13666759256933805,2.5336204521180874,2.6702880446874255,-0.7519714430959781,1.9183166015914475,2.100511228511016,-2.1167273994539575,-0.01621617094309563,-3.5395348494458267,0.0061617165281787805,0.7634465805489047,0.7696082970770834,-1.6626047900990986,-0.8929964930220152,3.4681485367470537,-0.6285931016581555,2.8395554350888985,-0.9199800997040103,1.919575335384888,3.6091637321659817,-2.5825848898031087,1.0265788423628013
2010-12-31,-2.893137720568763,-0.09200089865615417,-0.437222886995322,-0.5292237856514762,-1.3647559563579792,-1.8939797420094553,0.2003685797737841,2.610319114157097,2.810687693930881,-0.7519714430959781,2.0587162508349026,2.281463908279405,-2.1167273994539575,0.16473650882532712,-3.5395348494458267,0.49405758301091285,0.6695930218881987,1.1636506048991115,-1.6626047900990986,-0.49895418519998713,3.7497430690347677,-0.5870729868511475,3.1626700821836202,-0.9199800997040103,2.2426899824796096,4.326320687082732,-2.5825848898031087,1.7437357972795529
2011-03-31,-2.893137720568763,-0.23086771658554406,-0.432223272244483,-0.663090988830027,-1.3647559563579792,-2.0278469451880063,-1.029560417024465,2.63007535243153,1.6005149354070651,-0.7519714430959781,0.8485434923110872,0.9374239465770381,-2.1167273994539575,-1.1793034528771162,-3.5395348494458267,-0.08651505703923305,0.5458688758435803,0.4593538188043473,-1.6626047900990986,-1.2032509712947514,3.7999118474482825,-0.5447966613346049,3.2551151861136773,-0.9199800997040103,2.335135086409667,3.714469004918025,-2.5825848898031087,1.131884115114843
2011-06-30,-2.893137720568763,-0.08398886501392408,-0.6584618194984461,-0.7424506845123702,-1.3647559563579792,-2.10720664087035,-0.852081843757192,2.62005163968357,1.7679697959263778,-0.7519714430959781,1.0159983528303997,1.0255191114140076,-2.1167273994539575,-1.091208288040215,-3.5395348494458267,-0.8798867310501525,0.6765687698907051,-0.2033179611594474,-1.6626047900990986,-1.865922751258546,3.603630746512103,-0.3319094630418166,3.2717212834702862,-0.9199800997040103,2.351741183766276,3.068403322310839,-2.5825848898031087,0.4858184325076508
2011-09-30,-2.893137720568763,-0.22582376861018705,-0.958179330623249,-1.184003099233436,-1.3647559563579792,-2.5487590555914155,-0.8907486016784397,2.7766426913435844,1.8858940896651446,-0.7519714430959781,1.1339226465691665,0.7018909904317086,-2.1167273994539575,-1.4148364090225434,-3.5395348494458267,-0.5874338541761269,0.8030296585281242,0.2155958043519973,-1.6626047900990986,-1.4470089857471014,2.880369002437638,-0.24419837119430593,2.636170631243332,-0.9199800997040103,1.7161905315393218,2.851766435595329,-2.5825848898031087,0.2691815457921628
2011-12-31,-2.893137720568763,-0.5134615007652035,-1.085302995251081,-1.5987644960162843,-1.3647559563579792,-2.9635204523742638,0.33460725754571946,3.2575339315238243,3.592141189069544,-0.7519714430959781,2.840169745973566,1.9933766930532595,-2.1167273994539575,-0.12335070640099818,-3.5395348494458267,-0.15245007660392915,0.8025909015342191,0.65014082493029,-1.6626047900990986,-1.0124639651688088,2.2800765414636754,-0.2333645563801293,2.0467119850835465,-0.9199800997040103,1.126731885379536,2.6968528100138363,-2.5825848898031087,0.1142679202106578
2012-03-31,-2.893137720568763,-0.5341014994014822,-1.1146421428975455,-1.6487436422990276,-1.3647559563579792,-3.0134995986570066,1.1283951167753332,3.553258326105459,4.681653442880792,-0.7519714430959781,3.9296819997848145,3.032909800581765,-2.1167273994539575,0.9161824011276533,-3.5395348494458267,-0.4952432480280753,0.6253674235695613,0.130124175541486,-1.6626047900990986,-1.5324806145576124,2.426069533455232,-0.20069055508070807,2.2253789783745237,-0.9199800997040103,1.3053988786705135,2.35550315391601,-2.5825848898031087,-0.22708173588715463
2012-06-30,-2.893137720568763,-0.4518514014309289,-1.1670837632317441,-1.6189351646626733,-1.3647559563579792,-2.9836911210206525,1.2055730030194665,3.7437406220835205,4.949313625102987,-0.7519714430959781,4.197342182007009,3.330378460440314,-2.1167273994539575,1.2136510609862943,-3.5395348494458267,-0.49519221011613057,0.7750074659063746,0.279815255790244,-1.6626047900990986,-1.3827895343088548,2.2916381574248326,-0.14168811229541628,2.1499500451294162,-0.9199800997040103,1.2299699454254058,2.42976530091966,-2.5825848898031087,-0.15281958888352407
2012-09-30,-2.893137720568763,-0.3271200888820305,-1.4060831206719946,-1.733203209554025,-1.3647559563579792,-3.0979591659120045,2.0572602821342274,3.9597528908670885,6.017013173001317,-0.7519714430959781,5.265041729905339,4.2838099634472915,-2.1167273994539575,2.167082563993194,-3.5395348494458267,-0.4858305543522087,0.9783849188850625,0.49255436453285384,-1.6626047900990986,-1.1700504255662447,2.075119214172258,0.018049578686457082,2.093168792858715,-0.9199800997040103,1.1731886931547049,2.5857231573915693,-2.5825848898031087,0.0031382675883987283
2012-12-31,-2.893137720568763,-0.22063694416050783,-1.327394118833141,-1.5480310629936491,-1.3647559563579792,-2.912787019351628,2.2753994937884556,4.0668714100597985,6.342270903848254,-0.7519714430959781,5.590299460752276,4.794239840854605,-2.1167273994539575,2.6775124414004785,-3.5395348494458267,-0.21607162396467136,1.0233565221983731,0.8072848982337018,-1.6626047900990986,-0.8553198918653968,1.18625760565267,0.04363187773448206,1.2298894833871519,-0.9199800997040103,0.3099093836831417,2.037174381620854,-2.5825848898031087,-0.5454105081823025
2013-03-31,-2.893137720568763,-0.14427761019080237,-1.1282673109846824,-1.2725449211754847,-1.3647559563579792,-2.637300877533464,1.8997316440891199,4.043381428427662,5.943113072516782,-0.7519714430959781,5.191141629420804,4.670568151341298,-2.1167273994539575,2.553840751887108,-3.5395348494458267,-0.734370970174003,0.9999050067723942,0.26553403659839114,-1.6626047900990986,-1.3970707535007074,0.9827684656320986,0.11975611613586079,1.1025245817679594,-0.9199800997040103,0.1825444820639492,1.3680586183663506,-2.5825848898031087,-1.2145262714367948
2013-06-30,-2.893137720568763,-0.043014621228913516,-1.3745347277078726,-1.417549348936786,-1.3647559563579792,-2.7823053052947655,2.8129539807238753,4.083097820867432,6.896051801591306,-0.7519714430959781,6.144080358495328,5.478502452654521,-2.1167273994539575,3.36177505320022,-3.5395348494458267,-0.06541961913390766,1.1059797009634271,1.0405600818295195,-1.6626047900990986,-0.6220447082695791,1.0102321757861383,0.1336042124759002,1.1438363882620386,-0.9199800997040103,0.22385628855802833,2.184396470091558,-2.5825848898031087,-0.39818841971158303
2013-09-30,-2.893137720568763,-0.06232671794442395,-1.2717027906502276,-1.3340295085946516,-1.3647559563579792,-2.6987854649526306,2.54830299492994,4.003064138905795,6.551367133835734,-0.7519714430959781,5.799395690739757,5.2173376252410835,-2.1167273994539575,3.1006102257866925,-3.5395348494458267,-0.28636735569203187,0.992614669893949,0.7062473142019171,-1.6626047900990986,-0.9563574758971813,1.6961155511467008,0.1812402897507215,1.877355840897422,-0.9199800997040103,0.9573757411934118,2.5836031550993392,-2.5825848898031087,0.0010182652961996366
2013-12-31,-2.893137720568763,-0.0022701615257432477,-1.093657441178621,-1.0959276027043645,-1.3647559563579792,-2.4606835590623435,2.0967530518237356,3.8436053668221435,5.940358418645879,-0.7519714430959781,5.188386975549901,4.844430815941514,-2.1167273994539575,2.727703416487107,-3.5395348494458267,-0.8090582581478427,0.9921050915002207,0.183046833352378,-1.6626047900990986,-1.4795579567467205,1.3736052180732548,0.17819082031717554,1.5517960383904303,-0.9199800997040103,0.63181593868642,1.7348428717428084,-2.5825848898031087,-0.8477420180603332
2014-03-31,-2.893137720568763,-0.1575461967555684,-0.9704909297563231,-1.1280371265118916,-1.3647559563579792,-2.492793082869871,1.4095229762508599,3.8069014408678465,5.216424417118707,-0.7519714430959781,4.464452974022729,4.088387290606815,-2.1167273994539575,1.9716598911523961,-3.5395348494458267,-0.5646081454893248,0.9995088155496008,0.434900670060276,-1.6626047900990986,-1.2277041200388226,1.0292048025281058,0.12338479741332048,1.1525895999414264,-0.9199800997040103,0.2326095002374161,1.5874902700017024,-2.5825848898031087,-0.9950946198014413
2014-06-30,-2.893137720568763,0.08782825946726243,-0.8953741253442982,-0.8075458658770357,-1.3647559563579792,-2.172301822235015,2.119858565453881,3.8537639490357347,5.973622514489616,-0.7519714430959781,5.221651071393638,5.166076648612581,-2.1167273994539575,3.0493492491580736,-3.5395348494458267,-0.024229052789980717,1.0030912114456716,0.9788621586556908,-1.6626047900990986,-0.6837426314434077,1.0881312399879792,0.07138601866615484,1.1595172586541342,-0.9199800997040103,0.23953715895012387,2.138379417309825,-2.5825848898031087,-0.4442054724933122
2014-09-30,-2.893137720568763,-0.12648251512626918,-0.6260706287029891,-0.7525531438292583,-1.3647559563579792,-2.1173091001872377,0.7260532107160609,3.797172910563459,4.52322612127952,-0.7519714430959781,3.7712546781835417,3.770672977450262,-2.1167273994539575,1.653945577995698,-3.5395348494458267,-0.3030495693416833,0.9266141703361284,0.6235646009944451,-1.6626047900990986,-1.0390401891046535,1.7606416415115196,0.08265677649314877,1.8432984180046685,-0.9199800997040103,0.9233183183006581,2.4668630189991134,-2.5825848898031087,-0.11572187080402263
2014-12-31,-2.893137720568763,0.05575818400787979,-0.5693574722770478,-0.513599288269168,-1.3647559563579792,-1.8783552446271472,1.2883361091629997,3.7745829553086674,5.062919064471667,-0.7519714430959781,4.310947621375689,4.549319776202499,-2.1167273994539575,2.4325923767478614,-3.5395348494458267,-0.14789253095337176,0.9148187311479303,0.7669262001945586,-1.6626047900990986,-0.89567858990454,1.853151103751756,0.030041972875572413,1.8831930766273284,-0.9199800997040103,0.9632129769233182,2.6501192768218873,-2.5825848898031087,0.06753438701875918
2015-03-31,-2.893137720568763,-0.11539124757397778,-0.41051354861276484,-0.5259047961867426,-1.3647559563579792,-1.8906607525447219,0.4746388182706584,3.825744855065129,4.300383673335787,-0.7519714430959781,3.5484122302398093,3.7744788771490447,-2.1167273994539575,1.657751477694455,-3.5395348494458267,-0.14352536488608744,0.8633397315708614,0.7198143666847739,-1.6626047900990986,-0.9427904234143246,2.067035376812292,0.02952225248106653,2.096557629293359,-0.9199800997040103,1.1765775295893486,2.8163719959781326,-2.5825848898031087,0.23378710617500742
2015-06-30,-2.893137720568763,0.07823074710752663,-0.3110879811392232,-0.23285723403169656,-1.3647559563579792,-1.597613190389676,1.1806702600659165,3.943726438275831,5.124396698341748,-0.7519714430959781,4.37242525524577,4.891539464310051,-2.1167273994539575,2.774812064855441,-3.5395348494458267,-0.305244887185559,0.8809451903132749,0.5757003031277159,-1.6626047900990986,-1.0869044869713826,1.2868759120932962,5.031634544332871e-5,1.2869262284387395,-0.9199800997040103,0.3669461287347292,1.8626265315664554,-2.5825848898031087,-0.7199583582366733
2015-09-30,-2.893137720568763,-0.07961398939096763,-0.1211808888865257,-0.20079487827749337,-1.3647559563579792,-1.5655508346354725,0.164123581692234,3.8012160618809325,3.9653396435731665,-0.7519714430959781,3.2133682004771886,3.7645447652956734,-2.1167273994539575,1.6478173658410384,-3.5395348494458267,-0.12460009211645424,0.9437803102672362,0.8191802181507819,-1.6626047900990986,-0.8434245719483168,0.9508575071884801,-0.015901868129150357,0.9349556390593297,-0.9199800997040103,0.01497553935531939,1.7541358572101116,-2.5825848898031087,-0.8284490325930037
2015-12-31,-2.893137720568763,0.12801555520932792,-0.1103598985386188,0.017655656670709105,-1.3647559563579792,-1.3471002996872703,1.1387897237748439,3.6904285335813185,4.829218257356162,-0.7519714430959781,4.077246814260184,4.8468739140268715,-2.1167273994539575,2.73014651457229,-3.5395348494458267,-0.31180697616944836,1.062196929263509,0.7503899530940608,-1.6626047900990986,-0.9122148370050379,0.39684473355999156,0.03203678989449576,0.4288815234544873,-0.9199800997040103,-0.4910985762495229,1.1792714765485481,-2.5825848898031087,-1.4033134132545628
2016-03-31,-2.893137720568763,0.2302288433181442,0.002155472594618706,0.23238431591276293,-1.3647559563579792,-1.1323716404452164,1.1209835347876917,3.7326627361347255,4.853646270922417,-0.7519714430959781,4.101674827826439,5.0860305868351805,-2.1167273994539575,2.9693031873805418,-3.5395348494458267,-0.04271161646527257,1.1390974554598592,1.0963858389945866,-1.6626047900990986,-0.5662189511045119,0.6463218788791819,0.05752094586930578,0.7038428247484877,-0.9199800997040103,-0.21613727495552257,1.8002286637430747,-2.5825848898031087,-0.7823562260600333
2016-06-30,-2.893137720568763,0.0014691759249035397,-0.043796343731875305,-0.042327167806971766,-1.3647559563579792,-1.407083124164951,0.4360264681976028,3.8811458364652087,4.317172304662812,-0.7519714430959781,3.565200861566834,4.27484513685584,-2.1167273994539575,2.158117737401278,-3.5395348494458267,0.09782855201178142,1.1700053481058452,1.2678339001176266,-1.6626047900990986,-0.39477088998147203,0.6213164144236624,0.04128803093803802,0.6626044453617004,-0.9199800997040103,-0.2573756543423099,1.930438345479327,-2.5825848898031087,-0.6521465443237836
2016-09-30,-2.893137720568763,-0.046999711386821054,-0.29155186547259665,-0.3385515768594177,-1.3647559563579792,-1.7033075332173968,0.4281484802874323,3.935116194295549,4.3632646745829815,-0.7519714430959781,3.6112932314870037,4.024713097723564,-2.1167273994539575,1.9079856982690289,-3.5395348494458267,0.16096994059598663,1.3475173283417965,1.5084872689377833,-1.6626047900990986,-0.1541175211613154,0.30384512991358104,0.08970920419385471,0.39355433410743573,-0.9199800997040103,-0.5264257655965745,1.902041603045219,-2.5825848898031087,-0.6805432867578963
2016-12-31,-2.893137720568763,0.01675066808300089,-0.42857422310256355,-0.41182355501956264,-1.3647559563579792,-1.776579511377542,0.5145828558747952,4.039334871959205,4.553917727834,-0.7519714430959781,3.8019462847380225,4.1420941728144385,-2.1167273994539575,2.025366773359812,-3.5395348494458267,0.18931778830726728,1.3301420984900536,1.5194598867973208,-1.6626047900990986,-0.14314490330177784,0.8504902947564896,0.1153840383203163,0.965874333076806,-0.9199800997040103,0.04589423337279573,2.485334219874127,-2.5825848898031087,-0.09725066992898644
2017-03-31,-2.893137720568763,-0.06412544732043904,-0.6117323449684771,-0.6758577922889161,-1.3647559563579792,-2.040613748646895,0.2061983836075432,3.9962552942644773,4.202453677872021,-0.7519714430959781,3.4504822347760427,3.5265958855831046,-2.1167273994539575,1.4098684861284594,-3.5395348494458267,0.16696708237698452,1.5306597165391438,1.6976267989161282,-1.6626047900990986,0.03502200881702968,-0.21026845789026075,0.12719790714753365,-0.0830705507427271,-0.9199800997040103,-1.0030506504467374,1.6145562481734013,-2.5825848898031087,-0.9680286416297147
2017-06-30,-2.893137720568763,-0.05817646594203262,-0.702746397109479,-0.7609228630515116,-1.3647559563579792,-2.1256788194094907,0.21858447902075942,3.9971745128780434,4.215758991898802,-0.7519714430959781,3.4637875488028245,3.4548361288472913,-2.1167273994539575,1.3381087293926066,-3.5395348494458267,0.20572942606063693,1.353534710745642,1.5592641368062787,-1.6626047900990986,-0.10334065329281979,0.3258265442786016,0.0780647159342105,0.4038912602128121,-0.9199800997040103,-0.5160888394911982,1.963155397019091,-2.5825848898031087,-0.6194294927840269
2017-09-30,-2.893137720568763,0.013567239703142924,-0.5698440550906296,-0.5562768153874867,-1.3647559563579792,-1.9210327717454658,-0.08630797966069165,4.002944660058252,3.9166366803975605,-0.7519714430959781,3.1646652373015827,3.3603598650100737,-2.1167273994539575,1.2436324655553501,-3.5395348494458267,0.13494480618873606,1.3105893526322967,1.4455341588210326,-1.6626047900990986,-0.21707063127806592,-0.2197886478463855,0.03666926086650931,-0.18311938697987618,-0.9199800997040103,-1.1030994866838866,1.2624147718411565,-2.5825848898031087,-1.3201701179619607
2017-12-31,-2.893137720568763,0.08001900371416301,-0.5212361681547041,-0.4412171644405411,-1.3647559563579792,-1.8059731207985203,-0.1391539028282037,3.9381218444006936,3.7989679415724895,-0.7519714430959781,3.0469964984765117,3.3577507771319484,-2.1167273994539575,1.2410233776772275,-3.5395348494458267,0.3274130190341184,1.1341117140336903,1.4615247330678087,-1.6626047900990986,-0.20108005703128998,0.2107489722517601,-0.018487668593033885,0.1922613036587262,-0.9199800997040103,-0.7277187960452841,1.653786036726535,-2.5825848898031087,-0.9287988530765784
2018-03-31,-2.893137720568763,0.0842663802681727,-0.571452199740094,-0.48718581947192124,-1.3647559563579792,-1.8519417758299004,0.06220487554952812,3.862690737514213,3.924895613063741,-0.7519714430959781,3.172924169967763,3.4377097935918197,-2.1167273994539575,1.320982394137022,-3.5395348494458267,0.05520792787713036,1.0074166761472378,1.062624604024368,-1.6626047900990986,-0.5999801860747305,-0.17994416846680225,-0.04128711346984548,-0.2212312819366477,-0.9199800997040103,-1.141211381640658,0.8413933220877204,-2.5825848898031087,-1.741191567715393
2018-06-30,-2.893137720568763,0.06501606495841043,-0.5596875380386094,-0.49467147308019893,-1.3647559563579792,-1.859427429438178,-0.1960537870162983,3.897381266378028,3.7013274793617295,-0.7519714430959781,2.9493560362657516,3.20665600628153,-2.1167273994539575,1.0899286068266973,-3.5395348494458267,0.1331136029844838,0.9636679940315235,1.0967815970160073,-1.6626047900990986,-0.5658231930830914,-0.1664850062314918,-0.029224914385839722,-0.1957099206173315,-0.9199800997040103,-1.1156900203213418,0.9010716763986758,-2.5825848898031087,-1.6815132134044395
2018-09-30,-2.893137720568763,-0.11285490797649772,-0.6583541418758064,-0.7712090498523042,-1.3647559563579792,-2.1359650062102835,-0.6312166114263967,3.8961880665515594,3.264971455125163,-0.7519714430959781,2.513000012029185,2.4937624052728586,-2.1167273994539575,0.3770350058180802,-3.5395348494458267,0.12218570526929166,0.8622021266295394,0.9843878318988312,-1.6626047900990986,-0.6782169582002675,0.023875566660814727,-0.012644467995222983,0.011231098665591745,-0.9199800997040103,-0.9087490010384185,0.9956189305644229,-2.5825848898031087,-1.5869659592386856
2018-12-31,-2.893137720568763,-0.0043148958041245465,-0.7499619857006469,-0.7542768815047715,-1.3647559563579792,-2.1190328378627505,-0.19378098865688936,4.005878468955062,3.8120974802981733,-0.7519714430959781,3.0601260372021954,3.057820598793402,-2.1167273994539575,0.9410931993386114,-3.5395348494458267,-0.28105941724579814,0.7455425291583826,0.46448311191258446,-1.6626047900990986,-1.1981216781865143,-0.46588117168803633,0.018998417244364654,-0.44688275444367165,-0.9199800997040103,-1.366862854147682,0.017600357468912767,-2.5825848898031087,-2.5649845323341998
2019-03-31,-2.893137720568763,-0.059661288012727895,-0.7944850598283015,-0.8541463478410294,-1.3647559563579792,-2.218902304199009,-0.3478905270019189,4.029231984658644,3.6813414576567256,-0.7519714430959781,2.9293700145607473,2.8271951098156958,-2.1167273994539575,0.7104677103609505,-3.5395348494458267,-0.4201671290658985,0.6374421960038505,0.2172750669379521,-1.6626047900990986,-1.4453297231611466,-0.6192119977710655,0.024629213843634402,-0.5945827839274312,-0.9199800997040103,-1.5145628836314415,-0.3773077169894791,-2.5825848898031087,-2.959892606792589
2019-06-30,-2.893137720568763,-0.08377279980729614,-0.5683626724250557,-0.6521354722323519,-1.3647559563579792,-2.016891428590331,-1.179778266774709,4.0610674167929695,2.8812891500182602,-0.7519714430959781,2.129317706922282,2.229153677785908,-2.1167273994539575,0.11242627833120214,-3.5395348494458267,-0.10032775682029724,0.7063962231251724,0.6060684663048752,-1.6626047900990986,-1.0565363237942234,-0.5288104743535592,0.05233399907184997,-0.47647647528170917,-0.9199800997040103,-1.3964565749857194,0.12959199102316601,-2.5825848898031087,-2.4529928987799394
2019-09-30,-2.893137720568763,-0.11238132632645206,-0.49566112669818313,-0.6080424530246352,-1.3647559563579792,-1.9727984093826147,-1.462764372435839,4.094566697143659,2.63180232470782,-0.7519714430959781,1.879830881611842,2.023759871683185,-2.1167273994539575,-0.09296752777155362,-3.5395348494458267,-0.18298608936700056,0.6782323549881936,0.49524626562119295,-1.6626047900990986,-1.1673585244779057,-0.5927658908014347,0.07739014941202534,-0.5153757413894094,-0.9199800997040103,-1.4353558410934197,-0.02012947576821646,-2.5825848898031087,-2.602714365571321
2019-12-31,-2.893137720568763,-0.4040838727535709,-0.3301876612147048,-0.7342715339682756,-1.3647559563579792,-2.099027490326255,-2.074608464544694,4.145999949142964,2.0713914845982706,-0.7519714430959781,1.3194200415022923,1.337119950629995,-2.1167273994539575,-0.7796074488247293,-3.5395348494458267,-0.25560763022141103,0.7382043287044439,0.4825966984830328,-1.6626047900990986,-1.1800080916160658,-0.7300564272596674,0.13430791135961392,-0.5957485159000534,-0.9199800997040103,-1.5157286156040637,-0.11315181741702054,-2.5825848898031087,-2.6957367072201297
2020-03-31,-2.893137720568763,-0.5534399789655461,-0.2836073619753341,-0.8370473409408801,-1.3647559563579792,-2.2018032972988593,-1.83363078807052,4.18256022856808,2.3489294404975594,-0.7519714430959781,1.5969579974015813,1.511882099556679,-2.1167273994539575,-0.6048452998981647,-3.5395348494458267,-0.248781647608003,0.7871986096045654,0.5384169619965624,-1.6626047900990986,-1.1241878281025361,-0.3685539513313697,0.21590787567692624,-0.15264607565444344,-0.9199800997040103,-1.0726261753584538,0.3857708863421189,-2.5825848898031087,-2.1968140034609878
2020-06-30,-2.893137720568763,-0.29987675911169837,-0.28672760776234596,-0.5866043668740443,-1.3647559563579792,-1.9513603232320236,0.28907928182396236,4.290648881738713,4.579728163562676,-0.7519714430959781,3.827756720466698,3.9931237966886313,-2.1167273994539575,1.8763963972338171,-3.5395348494458267,-0.4627546829358835,0.809155753294855,0.3464010703589715,-1.6626047900990986,-1.3162037197401273,-0.9884603560607943,0.22057797514152622,-0.7678823809192681,-0.9199800997040103,-1.6878624806232785,-0.42148131056029664,-2.5825848898031087,-3.0040662003634058
2020-09-30,-2.893137720568763,-0.10653053591463528,-0.289288675602885,-0.39581921151752036,-1.3647559563579792,-1.7605751678754997,2.450912012563192,4.430838304727227,6.88175031729042,-0.7519714430959781,6.129778874194441,6.4859311057729,-2.1167273994539575,4.369203706318103,-3.5395348494458267,-0.7536150870561765,0.8154987721165039,0.06188368506032737,-1.6626047900990986,-1.600721105038771,-1.303701770080688,0.22387637635559784,-1.0798253937250903,-0.9199800997040103,-1.9998054934291007,-1.017941708664763,-2.5825848898031087,-3.6005265984678685
2020-12-31,-2.893137720568763,0.06867234446501574,-0.4787196888015812,-0.4100473443365654,-1.3647559563579792,-1.774803300694545,3.803494082914428,4.459885809383273,8.263379892297701,-0.7519714430959781,7.511408449201722,7.853332547961136,-2.1167273994539575,5.736605148506415,-3.5395348494458267,-1.1266327335581887,0.7481217976589233,-0.3785109358992655,-1.6626047900990986,-2.041115725998364,-0.8444411305222198,0.24386255971877516,-0.6005785708034447,-0.9199800997040103,-1.520558670507455,-0.9790895067027101,-2.5825848898031087,-3.561674396505811
2021-03-31,-2.893137720568763,0.8947482488990897,-0.48288779045737673,0.41186045844171293,-1.3647559563579792,-0.9528954979162663,6.300229802904857,4.4800605096562585,10.780290312561116,-0.7519714430959781,10.028318869465137,11.192150771002828,-2.1167273994539575,9.075423371548,-3.5395348494458267,0.18536913822052856,0.9948922699974491,1.1802614082179776,-1.6626047900990986,-0.48234338188112097,2.362441382706106,0.35876026697446445,2.7212016496805704,-0.9199800997040103,1.80122154997656,3.9014630578985483,-2.5825848898031087,1.318878168095441
2021-06-30,-2.893137720568763,1.026246302455358,-0.351330947687177,0.674915354768181,-1.3647559563579792,-0.6898406015897982,5.335364709301156,4.314348749453207,9.649713458754364,-0.7519714430959781,8.897742015658386,10.324628813522544,-2.1167273994539575,8.207901414067672,-3.5395348494458267,1.0474380797619884,1.0896112566232965,2.1370493363852847,-1.6626047900990986,0.47444454628618626,2.6084383864442056,0.43180734224817174,3.040245728692377,-0.9199800997040103,2.1202656289883675,5.177295065077662,-2.5825848898031087,2.59471017527454
2021-09-30,-2.893137720568763,-0.19233526137586743,-0.46284041584509966,-0.6551756772209671,-1.3647559563579792,-2.0199316335789463,0.5558261835608719,3.846917911089171,4.402744094650044,-0.7519714430959781,3.6507726515540653,3.747568417429076,-2.1167273994539575,1.6308410179741755,-3.5395348494458267,0.7022396182329914,0.8871765499943474,1.5894161682273389,-1.6626047900990986,-0.07318862187175981,4.06999751345656,0.44683002479062167,4.516827538247181,-0.9199800997040103,3.596847438543171,6.10624370647452,-2.5825848898031087,3.523658816671392
2021-12-31,-2.893137720568763,-0.3741518078570039,-0.38242908059812686,-0.7565808884551306,-1.3647559563579792,-2.1213368448131096,-0.4778183079748226,3.7103508616145313,3.2325325536397087,-0.7519714430959781,2.480561110543731,2.4759516651845783,-2.1167273994539575,0.35922426572965405,-3.5395348494458267,-0.32507804101021776,0.7438542278113464,0.4187761868011286,-1.6626047900990986,-1.24382860329797,3.349639702880824,0.45601457846058685,3.8056542813414107,-0.9199800997040103,2.885674181637401,4.22443046814254,-2.5825848898031087,1.641845578339402
2022-03-31,-2.893137720568763,0.2704820796209951,-0.3104502798346804,-0.03996820021368528,-1.3647559563579792,-1.4047241565716644,1.2064149301933333,3.6178241765620993,4.824239106755432,-0.7519714430959781,4.072267663659455,4.784270906541748,-2.1167273994539575,2.6675435070867883,-3.5395348494458267,-0.5016230545067782,0.6029556344975179,0.10133257999073952,-1.6626047900990986,-1.5612722101083591,3.404690182220439,0.35637783914484455,3.7610680213652836,-0.9199800997040103,2.8410879216612734,3.862400601356023,-2.5825848898031087,1.279815711552905
2022-06-30,-2.893137720568763,0.1418255976245821,-0.2960720899118089,-0.15424649228722676,-1.3647559563579792,-1.519002448645206,0.44793773909716683,3.3736274847749295,3.8215652238720965,-0.7519714430959781,3.0695937807761187,3.66731873158487,-2.1167273994539575,1.5505913321299398,-3.5395348494458267,-1.5041951678080006,0.5342146256917379,-0.9699805421162626,-1.6626047900990986,-2.632585332215361,2.6823584128013573,0.33987195005742615,3.0222303628587834,-0.9199800997040103,2.1022502631547733,2.052249820742521,-2.5825848898031087,-0.5303350690605969
2022-09-30,-2.893137720568763,0.19652528137955072,-0.45703087357973193,-0.26050559220018127,-1.3647559563579792,-1.6252615485581605,0.24472462965468453,3.056817800005056,3.30154242965974,-0.7519714430959781,2.5495709865637624,3.0410368374595587,-2.1167273994539575,0.9243094380046868,-3.5395348494458267,-0.5448666907683339,0.47562104737475047,-0.0692456433935835,-1.6626047900990986,-1.731850433492682,4.28888999665447,0.2883701424734672,4.577260139127937,-0.9199800997040103,3.657280039423927,4.508014495734353,-2.5825848898031087,1.925429605931218
2022-12-31,-2.893137720568763,0.05721370179156907,-0.5381869946085502,-0.48097329281698115,-1.3647559563579792,-1.8457292491749604,-0.5042991198952401,2.856719103922462,2.352419984027222,-0.7519714430959781,1.6004485409312443,1.8714466912102412,-2.1167273994539575,-0.2452807082445612,-3.5395348494458267,-0.7035991064242438,0.44443722761673154,-0.25916187880751224,-1.6626047900990986,-1.9217666689066109,3.1677689536091407,0.19047136034205464,3.358240313951195,-0.9199800997040103,2.4382602142471845,3.099078435143683,-2.5825848898031087,0.5164935453405411
2023-03-31,-2.893137720568763,0.04671645513517961,-0.5944131769744326,-0.547696721839253,-1.3647559563579792,-1.9124526781972322,-0.9525841934037744,2.730113739219029,1.7775295458152547,-0.7519714430959781,1.0255581027192766,1.2298328239760017,-2.1167273994539575,-0.88689457547871,-3.5395348494458267,0.9152074152997992,0.5048565612159898,1.420063976515789,-1.6626047900990986,-0.2425408135833097,0.8435035116146898,0.0012822527942565236,0.8447857644089464,-0.9199800997040103,-0.0751943352950639,2.2648497409247352,-2.5825848898031087,-0.31773514887840554
2023-06-30,-2.893137720568763,-0.1927264023187896,-0.6229228385448787,-0.8156492408636683,-1.3647559563579792,-2.1804051972216474,-2.256441186119396,2.675769644466377,0.41932845834698074,-0.7519714430959781,-0.33264298474899734,-0.39632078251668756,-2.1167273994539575,-2.5130481819714374,-3.5395348494458267,0.6071716296368048,0.4089185604427782,1.0160901900795831,-1.6626047900990986,-0.6465146000195156,0.9412981788093013,-0.12295779183124607,0.8183403869780552,-0.9199800997040103,-0.10163971272595503,1.8344305770576383,-2.5825848898031087,-0.7481543127454763
2023-09-30,-2.893137720568763,-0.22751291300824678,-0.7018221775658076,-0.9293350905740544,-1.3647559563579792,-2.2940910469320337,-2.7109707269550123,2.4924804424094567,-0.21849028454555558,-0.7519714430959781,-0.9704617276415336,-1.14782537511961,-2.1167273994539575,-3.264552774574367,-3.5395348494458267,0.7482055681853182,0.2861944794496689,1.0344000476349873,-1.6626047900990986,-0.6282047424641115,-0.9212468447562516,-0.2823261372626543,-1.2035729820189058,-0.9199800997040103,-2.1235530817229162,-0.16917293438391873,-2.5825848898031087,-2.7517578241870324
2023-12-31,-2.893137720568763,-0.222895491397684,-0.8325230346563172,-1.055418526054001,-1.3647559563579792,-2.42017448241198,-2.874170816672693,2.3271803631991856,-0.5469904534735073,-0.7519714430959781,-1.2989618965694854,-1.6024089795275083,-2.1167273994539575,-3.7191363789822622,-3.5395348494458267,0.47235252495776486,0.2393956384838935,0.7117481634416584,-1.6626047900990986,-0.9508566266574403,-0.654699994567895,-0.3553054924123624,-1.0100054869802573,-0.9199800997040103,-1.9299855866842677,-0.2982573235385989,-2.5825848898031087,-2.8808422133417126
2024-03-31,-2.893137720568763,0.10592208571449246,-0.8305921234733448,-0.7246700377588522,-1.3647559563579792,-2.089425994116832,-1.9901471740029264,2.274752021996213,0.2846048479932867,-0.7519714430959781,-0.46736659510269135,-0.4400651897655655,-2.1167273994539575,-2.55679258922034,-3.5395348494458267,-0.9681109970064902,0.2638632302680931,-0.7042477667383971,-1.6626047900990986,-2.366852556837496,-1.2152985742691704,-0.3041538757561509,-1.5194524500253213,-0.9199800997040103,-2.4394325497293314,-2.2237002167637185,-2.5825848898031087,-4.80628510656684
2024-06-30,-2.893137720568763,-0.29933228830852115,-0.6581738522732982,-0.9575061405818193,-1.3647559563579792,-2.3222620969397982,-3.070371108570955,2.2373285537119347,-0.8330425548590205,-0.7519714430959781,-1.5850139979549984,-1.7905486954408398,-2.1167273994539575,-3.9072760948955882,-3.5395348494458267,0.24182393851817305,0.22193723240610141,0.4637611709242745,-1.6626047900990986,-1.1988436191748242,-2.0560826619865455,-0.42279994784262864,-2.4788826098291743,-0.9199800997040103,-3.3988627095331845,-2.0151214389048997,-2.5825848898031087,-4.597706328708012
2024-09-30,-2.893137720568763,-0.014636908359062875,-0.601576482902308,-0.6162133912613709,-1.3647559563579792,-1.9809693476193502,-2.317613479511932,2.1436827432589225,-0.17393073625300962,-0.7519714430959781,-0.9259021793489877,-0.7901441275143805,-2.1167273994539575,-2.906871526969211,-3.5395348494458267,0.2372056823478001,0.02242280502729471,0.2596284873750948,-1.6626047900990986,-1.4029763027240039,-1.4678650653745788,-0.5218906935586922,-1.9897557589332708,-0.9199800997040103,-2.909735858637281,-1.7301272715581761,-2.5825848898031087,-4.312712161361282
2024-12-31,,,,,,,,,,,,,,,-3.5395348494458267,-0.6089838143818821,0.03629699584347188,-0.5726868185384103,-1.6626047900990986,-2.235291608637509,-0.4749283100111385,-0.49001476680222383,-0.9649430768133622,-0.9199800997040103,-1.8849231765173724,-1.5376298953517726,-2.5825848898031087,-4.1202147851548805
2025-03-31,,,,,,,,,,,,,,,-3.5395348494458267,0.15670630177728637,0.06319581418848338,0.21990211596576975,-1.6626047900990986,-1.4427026741333289,-0.5370718804148407,-0.5348495401715309,-1.0719214205863716,-0.9199800997040103,-1.9919015202903818,-0.8520193046206018,-2.5825848898031087,-3.434604194423707
2025-06-30,,,,,,,,,,,,,,,-3.5395348494458267,0.530638529983735,0.04355173700336599,0.5741902669871009,-1.6626047900990986,-1.0884145231119977,-0.8621759104583518,-0.6167774884525058,-1.4789533989108576,-0.9199800997040103,-2.398933498614868,-0.9047631319237568,-2.5825848898031087,-3.4873480217268664
