obs_gdp,obs_hours,obs_wages,obs_gdpdeflator,obs_corepce,obs_nominalrate,obs_consumption,obs_investment,obs_BBBspread,obs_longinflation,obs_longrate,obs_tfp,obs_gdi,obs_AAAspread,obs_nominalrate1,obs_nominalrate2,obs_nominalrate3,obs_nominalrate4,obs_nominalrate5,obs_nominalrate6
0.376578748226164,-48.14046859741211,0.376578748226164,0.5347242578863991,0.49999999999998934,0.8555876099862525,0.376578748226164,0.376578748226164,0.4818473513855164,0.49999999999998934,0.8555876099862525,0.0,0.376578748226164,0.1174310227768634,0.8555876099862525,0.8555876099862525,0.8555876099862525,0.8555876099862525,0.8555876099862525,0.8555876099862525
