obs_gdp,obs_hours,obs_wages,obs_gdpdeflator,obs_corepce,obs_nominalrate,obs_consumption,obs_investment,obs_BBBspread,obs_longinflation,obs_longrate,obs_tfp,obs_gdi,obs_AAAspread,obs_nominalrate1,obs_nominalrate2,obs_nominalrate3,obs_nominalrate4,obs_nominalrate5,obs_nominalrate6
0.39437579471344186,-49.602945196501615,0.39437579471344186,0.4938976269769687,0.49999999999998934,0.8779434363686223,0.39437579471344186,0.39437579471344186,0.47432954504104885,0.49999999999998934,0.8779434363686223,0.0,0.39437579471344186,0.1174310227768634,0.8779434363686223,0.8779434363686223,0.8779434363686223,0.8779434363686223,0.8779434363686223,0.8779434363686223
