obs_gdp,obs_hours,obs_wages,obs_gdpdeflator,obs_corepce,obs_nominalrate,obs_consumption,obs_investment,obs_BBBspread,obs_longinflation,obs_longrate,obs_tfp,obs_gdi,obs_AAAspread,obs_nominalrate1,obs_nominalrate2,obs_nominalrate3,obs_nominalrate4,obs_nominalrate5,obs_nominalrate6
0.39306493456621183,-49.71853199597589,0.39306493456621183,0.49385631066429153,0.49999999999998934,0.8770766425601817,0.39306493456621183,0.39306493456621183,0.4746655557249883,0.49999999999998934,0.8770766425601817,0.0,0.39306493456621183,0.1174310227768634,0.8770766425601817,0.8770766425601817,0.8770766425601817,0.8770766425601817,0.8770766425601817,0.8770766425601817
