obs_gdp,obs_hours,obs_wages,obs_gdpdeflator,obs_corepce,obs_nominalrate,obs_consumption,obs_investment,obs_BBBspread,obs_longinflation,obs_longrate,obs_tfp,obs_gdi,obs_AAAspread,obs_nominalrate1,obs_nominalrate2,obs_nominalrate3,obs_nominalrate4,obs_nominalrate5,obs_nominalrate6
0.393423726844766,-49.69835159985811,0.393423726844766,0.4936831618073247,0.49999999999998934,0.8772163938888689,0.393423726844766,0.393423726844766,0.4746067296160751,0.49999999999998934,0.8772163938888689,0.0,0.393423726844766,0.1174310227768634,0.8772163938888689,0.8772163938888689,0.8772163938888689,0.8772163938888689,0.8772163938888689,0.8772163938888689
