obs_gdp,obs_hours,obs_wages,obs_gdpdeflator,obs_corepce,obs_nominalrate,obs_consumption,obs_investment,obs_BBBspread,obs_longinflation,obs_longrate,obs_tfp,obs_gdi,obs_AAAspread,obs_nominalrate1,obs_nominalrate2,obs_nominalrate3,obs_nominalrate4,obs_nominalrate5,obs_nominalrate6
0.40735673904419567,-47.599998474121094,0.40735673904419567,0.538603346794833,0.49999999999998934,0.9034137601693359,0.40735673904419567,0.40735673904419567,0.4789986740684505,0.49999999999998934,0.9034137601693359,0.0,0.40735673904419567,0.1174310227768634,0.9034137601693359,0.9034137601693359,0.9034137601693359,0.9034137601693359,0.9034137601693359,0.9034137601693359
