obs_gdp,obs_hours,obs_wages,obs_gdpdeflator,obs_corepce,obs_nominalrate,obs_consumption,obs_investment,obs_BBBspread,obs_longinflation,obs_longrate,obs_tfp,obs_gdi,obs_AAAspread,obs_nominalrate1,obs_nominalrate2,obs_nominalrate3,obs_nominalrate4,obs_nominalrate5,obs_nominalrate6
0.39099322869717845,-49.87679855757533,0.39099322869717845,0.4938561754872518,0.49999999999998934,0.8748600580302357,0.39099322869717845,0.39099322869717845,0.4747607870050072,0.49999999999998934,0.8748600580302357,0.0,0.39099322869717845,0.1174310227768634,0.8748600580302357,0.8748600580302357,0.8748600580302357,0.8748600580302357,0.8748600580302357,0.8748600580302357
