obs_gdp,obs_hours,obs_wages,obs_gdpdeflator,obs_corepce,obs_nominalrate,obs_consumption,obs_investment,obs_BBBspread,obs_longinflation,obs_longrate,obs_tfp,obs_gdi,obs_AAAspread,obs_nominalrate1,obs_nominalrate2,obs_nominalrate3,obs_nominalrate4,obs_nominalrate5,obs_nominalrate6
0.41454064846038197,-47.5659065246582,0.41454064846038197,0.5389589667320145,0.49999999999998934,0.9322821926835978,0.41454064846038197,0.41454064846038197,0.4803082896147716,0.49999999999998934,0.9322821926835978,0.0,0.41454064846038197,0.1174310227768634,0.9322821926835978,0.9322821926835978,0.9322821926835978,0.9322821926835978,0.9322821926835978,0.9322821926835978
