obs_gdp,obs_hours,obs_wages,obs_gdpdeflator,obs_corepce,obs_nominalrate,obs_consumption,obs_investment,obs_BBBspread,obs_longinflation,obs_longrate,obs_tfp,obs_gdi,obs_AAAspread,obs_nominalrate1,obs_nominalrate2,obs_nominalrate3,obs_nominalrate4,obs_nominalrate5,obs_nominalrate6
0.42087727785109497,-47.35612869262695,0.42087727785109497,0.54204424470662,0.49999999999998934,0.9095759883067434,0.42087727785109497,0.42087727785109497,0.486794806493543,0.49999999999998934,0.9095759883067434,0.0,0.42087727785109497,0.1174310227768634,0.9095759883067434,0.9095759883067434,0.9095759883067434,0.9095759883067434,0.9095759883067434,0.9095759883067434
