obs_gdp,obs_hours,obs_wages,obs_gdpdeflator,obs_corepce,obs_nominalrate,obs_consumption,obs_investment,obs_BBBspread,obs_longinflation,obs_longrate,obs_tfp,obs_gdi,obs_AAAspread,obs_nominalrate1,obs_nominalrate2,obs_nominalrate3,obs_nominalrate4,obs_nominalrate5,obs_nominalrate6
0.3984681131896872,-49.31250547585371,0.3984681131896872,0.4938592190085466,0.49999999999998934,0.8802425953423842,0.3984681131896872,0.3984681131896872,0.47515893499111267,0.49999999999998934,0.8802425953423842,0.0,0.3984681131896872,0.1174310227768634,0.8802425953423842,0.8802425953423842,0.8802425953423842,0.8802425953423842,0.8802425953423842,0.8802425953423842
