obs_gdp,obs_hours,obs_wages,obs_gdpdeflator,obs_corepce,obs_nominalrate,obs_consumption,obs_investment,obs_BBBspread,obs_longinflation,obs_longrate,obs_tfp,obs_gdi,obs_AAAspread,obs_nominalrate1,obs_nominalrate2,obs_nominalrate3,obs_nominalrate4,obs_nominalrate5,obs_nominalrate6
0.4182680249214199,-47.72267150878906,0.4182680249214199,0.546948712319125,0.49999999999998934,0.9137999657981233,0.4182680249214199,0.4182680249214199,0.4857712459757285,0.49999999999998934,0.9137999657981233,0.0,0.4182680249214199,0.1174310227768634,0.9137999657981233,0.9137999657981233,0.9137999657981233,0.9137999657981233,0.9137999657981233,0.9137999657981233
