obs_gdp,obs_hours,obs_wages,obs_gdpdeflator,obs_corepce,obs_nominalrate,obs_consumption,obs_investment,obs_BBBspread,obs_longinflation,obs_longrate,obs_tfp,obs_gdi,obs_AAAspread,obs_nominalrate1,obs_nominalrate2,obs_nominalrate3,obs_nominalrate4,obs_nominalrate5,obs_nominalrate6
0.40991038084030595,-47.92818069458008,0.40991038084030595,0.5454823300242317,0.49999999999998934,0.9102355072522439,0.40991038084030595,0.40991038084030595,0.4799367249437282,0.49999999999998934,0.9102355072522439,0.0,0.40991038084030595,0.1174310227768634,0.9102355072522439,0.9102355072522439,0.9102355072522439,0.9102355072522439,0.9102355072522439,0.9102355072522439
