obs_gdp,obs_hours,obs_wages,obs_gdpdeflator,obs_corepce,obs_nominalrate,obs_consumption,obs_investment,obs_BBBspread,obs_longinflation,obs_longrate,obs_tfp,obs_gdi,obs_AAAspread,obs_nominalrate1,obs_nominalrate2,obs_nominalrate3,obs_nominalrate4,obs_nominalrate5,obs_nominalrate6
0.39486639822896574,-49.4564974870298,0.39486639822896574,0.4938977591807735,0.49999999999998934,0.8723090747631224,0.39486639822896574,0.39486639822896574,0.47682677473571367,0.49999999999998934,0.8723090747631224,0.0,0.39486639822896574,0.1174310227768634,0.8723090747631224,0.8723090747631224,0.8723090747631224,0.8723090747631224,0.8723090747631224,0.8723090747631224
