obs_gdp,obs_hours,obs_wages,obs_gdpdeflator,obs_corepce,obs_nominalrate,obs_consumption,obs_investment,obs_BBBspread,obs_longinflation,obs_longrate,obs_tfp,obs_gdi,obs_AAAspread,obs_nominalrate1,obs_nominalrate2,obs_nominalrate3,obs_nominalrate4,obs_nominalrate5,obs_nominalrate6
0.40778023004532926,-48.00214385986328,0.40778023004532926,0.5468941517174137,0.49999999999998934,0.9112879385886785,0.40778023004532926,0.40778023004532926,0.47607583031132805,0.49999999999998934,0.9112879385886785,0.0,0.40778023004532926,0.1174310227768634,0.9112879385886785,0.9112879385886785,0.9112879385886785,0.9112879385886785,0.9112879385886785,0.9112879385886785
