obs_gdp,obs_hours,obs_wages,obs_gdpdeflator,obs_corepce,obs_nominalrate,obs_consumption,obs_investment,obs_BBBspread,obs_longinflation,obs_longrate,obs_tfp,obs_gdi,obs_AAAspread,obs_nominalrate1,obs_nominalrate2,obs_nominalrate3,obs_nominalrate4,obs_nominalrate5,obs_nominalrate6
0.40177401900292065,-46.513431549072266,0.40177401900292065,0.4977928930893434,0.49999999999998934,0.877430760087905,0.40177401900292065,0.40177401900292065,0.5230196324058192,0.49999999999998934,0.877430760087905,0.0,0.40177401900292065,0.1174310227768634,0.877430760087905,0.877430760087905,0.877430760087905,0.877430760087905,0.877430760087905,0.877430760087905
