obs_gdp,obs_hours,obs_wages,obs_gdpdeflator,obs_corepce,obs_nominalrate,obs_consumption,obs_investment,obs_BBBspread,obs_longinflation,obs_longrate,obs_tfp,obs_gdi,obs_AAAspread,obs_nominalrate1,obs_nominalrate2,obs_nominalrate3,obs_nominalrate4,obs_nominalrate5,obs_nominalrate6
0.3910665417096171,-49.65269013187832,0.3910665417096171,0.4936562245466761,0.49999999999998934,0.8672066670591061,0.3910665417096171,0.3910665417096171,0.4769654436862359,0.49999999999998934,0.8672066670591061,0.0,0.3910665417096171,0.1174310227768634,0.8672066670591061,0.8672066670591061,0.8672066670591061,0.8672066670591061,0.8672066670591061,0.8672066670591061
