obs_gdp,obs_hours,obs_wages,obs_gdpdeflator,obs_corepce,obs_nominalrate,obs_consumption,obs_investment,obs_BBBspread,obs_longinflation,obs_longrate,obs_tfp,obs_gdi,obs_AAAspread,obs_nominalrate1,obs_nominalrate2,obs_nominalrate3,obs_nominalrate4,obs_nominalrate5,obs_nominalrate6
0.39520174264908725,-47.818275451660156,0.39520174264908725,0.5580225177109135,0.49999999999998934,0.9139724793858051,0.39520174264908725,0.39520174264908725,0.4784966792901857,0.49999999999998934,0.9139724793858051,0.0,0.39520174264908725,0.1174310227768634,0.9139724793858051,0.9139724793858051,0.9139724793858051,0.9139724793858051,0.9139724793858051,0.9139724793858051
