obs_gdp,obs_hours,obs_wages,obs_gdpdeflator,obs_corepce,obs_nominalrate,obs_consumption,obs_investment,obs_BBBspread,obs_longinflation,obs_longrate,obs_tfp,obs_gdi,obs_AAAspread,obs_nominalrate1,obs_nominalrate2,obs_nominalrate3,obs_nominalrate4,obs_nominalrate5,obs_nominalrate6
0.40007302165030456,-47.123626708984375,0.40007302165030456,0.5580286979675186,0.49999999999998934,0.9094169393938367,0.40007302165030456,0.40007302165030456,0.4724585519444125,0.49999999999998934,0.9094169393938367,0.0,0.40007302165030456,0.1174310227768634,0.9094169393938367,0.9094169393938367,0.9094169393938367,0.9094169393938367,0.9094169393938367,0.9094169393938367
