obs_gdp,obs_hours,obs_wages,obs_gdpdeflator,obs_corepce,obs_nominalrate,obs_consumption,obs_investment,obs_BBBspread,obs_longinflation,obs_longrate,obs_tfp,obs_gdi,obs_AAAspread,obs_nominalrate1,obs_nominalrate2,obs_nominalrate3,obs_nominalrate4,obs_nominalrate5,obs_nominalrate6
0.3839491964054531,-50.04231382730791,0.3839491964054531,0.4934883082663943,0.49999999999998934,0.8576483446740779,0.3839491964054531,0.3839491964054531,0.4781522818618083,0.49999999999998934,0.8576483446740779,0.0,0.3839491964054531,0.1174310227768634,0.8576483446740779,0.8576483446740779,0.8576483446740779,0.8576483446740779,0.8576483446740779,0.8576483446740779
