obs_gdp,obs_hours,obs_wages,obs_gdpdeflator,obs_corepce,obs_nominalrate,obs_consumption,obs_investment,obs_BBBspread,obs_longinflation,obs_longrate,obs_tfp,obs_gdi,obs_AAAspread,obs_nominalrate1,obs_nominalrate2,obs_nominalrate3,obs_nominalrate4,obs_nominalrate5,obs_nominalrate6
0.379808266119519,-50.293636793160665,0.379808266119519,0.4931559424283904,0.49999999999998934,0.8504810249187589,0.379808266119519,0.379808266119519,0.477392981086207,0.49999999999998934,0.8504810249187589,0.0,0.379808266119519,0.1174310227768634,0.8504810249187589,0.8504810249187589,0.8504810249187589,0.8504810249187589,0.8504810249187589,0.8504810249187589
