obs_gdp,obs_hours,obs_wages,obs_gdpdeflator,obs_corepce,obs_nominalrate,obs_consumption,obs_investment,obs_BBBspread,obs_longinflation,obs_longrate,obs_tfp,obs_gdi,obs_AAAspread,obs_nominalrate1,obs_nominalrate2,obs_nominalrate3,obs_nominalrate4,obs_nominalrate5,obs_nominalrate6
0.40210548043251304,-46.99156951904297,0.40210548043251304,0.5563325062394036,0.49999999999998934,0.9070797906662209,0.40210548043251304,0.40210548043251304,0.4754549260957905,0.49999999999998934,0.9070797906662209,0.0,0.40210548043251304,0.1174310227768634,0.9070797906662209,0.9070797906662209,0.9070797906662209,0.9070797906662209,0.9070797906662209,0.9070797906662209
