obs_gdp,obs_hours,obs_wages,obs_gdpdeflator,obs_corepce,obs_nominalrate,obs_consumption,obs_investment,obs_BBBspread,obs_longinflation,obs_longrate,obs_tfp,obs_gdi,obs_AAAspread,obs_nominalrate1,obs_nominalrate2,obs_nominalrate3,obs_nominalrate4,obs_nominalrate5,obs_nominalrate6
0.3758167390585543,-50.6178904118263,0.3758167390585543,0.49303863345120735,0.49999999999998934,0.8458614037274437,0.3758167390585543,0.3758167390585543,0.4770097781137091,0.49999999999998934,0.8458614037274437,0.0,0.3758167390585543,0.1174310227768634,0.8458614037274437,0.8458614037274437,0.8458614037274437,0.8458614037274437,0.8458614037274437,0.8458614037274437
