obs_gdp,obs_hours,obs_wages,obs_gdpdeflator,obs_corepce,obs_nominalrate,obs_consumption,obs_investment,obs_BBBspread,obs_longinflation,obs_longrate,obs_tfp,obs_gdi,obs_AAAspread,obs_nominalrate1,obs_nominalrate2,obs_nominalrate3,obs_nominalrate4,obs_nominalrate5,obs_nominalrate6
0.3774260768726334,-50.518227926834854,0.3774260768726334,0.4928027818505252,0.49999999999998934,0.8480858372744926,0.3774260768726334,0.3774260768726334,0.4771520120855731,0.49999999999998934,0.8480858372744926,0.0,0.3774260768726334,0.1174310227768634,0.8480858372744926,0.8480858372744926,0.8480858372744926,0.8480858372744926,0.8480858372744926,0.8480858372744926
