obs_gdp,obs_hours,obs_wages,obs_gdpdeflator,obs_corepce,obs_nominalrate,obs_consumption,obs_investment,obs_BBBspread,obs_longinflation,obs_longrate,obs_tfp,obs_gdi,obs_AAAspread,obs_nominalrate1,obs_nominalrate2,obs_nominalrate3,obs_nominalrate4,obs_nominalrate5,obs_nominalrate6
0.3805694939674975,-50.35358388358962,0.3805694939674975,0.49281939810665104,0.49999999999998934,0.851342630337637,0.3805694939674975,0.3805694939674975,0.4767346865196525,0.49999999999998934,0.851342630337637,0.0,0.3805694939674975,0.1174310227768634,0.851342630337637,0.851342630337637,0.851342630337637,0.851342630337637,0.851342630337637,0.851342630337637
