obs_gdp,obs_hours,obs_wages,obs_gdpdeflator,obs_corepce,obs_nominalrate,obs_consumption,obs_investment,obs_BBBspread,obs_longinflation,obs_longrate,obs_tfp,obs_gdi,obs_AAAspread,obs_nominalrate1,obs_nominalrate2,obs_nominalrate3,obs_nominalrate4,obs_nominalrate5,obs_nominalrate6
0.3884272005169054,-49.89686886145305,0.3884272005169054,0.4932597111448307,0.49999999999998934,0.8593096092919472,0.3884272005169054,0.3884272005169054,0.4774049436779291,0.49999999999998934,0.8593096092919472,0.0,0.3884272005169054,0.1174310227768634,0.8593096092919472,0.8593096092919472,0.8593096092919472,0.8593096092919472,0.8593096092919472,0.8593096092919472
