obs_gdp,obs_hours,obs_wages,obs_gdpdeflator,obs_corepce,obs_nominalrate,obs_consumption,obs_investment,obs_BBBspread,obs_longinflation,obs_longrate,obs_tfp,obs_gdi,obs_AAAspread,obs_nominalrate1,obs_nominalrate2,obs_nominalrate3,obs_nominalrate4,obs_nominalrate5,obs_nominalrate6
0.4219238162040728,-45.941715240478516,0.4219238162040728,0.48836519382892973,0.49999999999998934,0.9172180571787258,0.4219238162040728,0.4219238162040728,0.5145947125731705,0.49999999999998934,0.9172180571787258,0.0,0.4219238162040728,0.1174310227768634,0.9172180571787258,0.9172180571787258,0.9172180571787258,0.9172180571787258,0.9172180571787258,0.9172180571787258
