obs_gdp,obs_hours,obs_wages,obs_gdpdeflator,obs_corepce,obs_nominalrate,obs_consumption,obs_investment,obs_BBBspread,obs_longinflation,obs_longrate,obs_tfp,obs_gdi,obs_AAAspread,obs_nominalrate1,obs_nominalrate2,obs_nominalrate3,obs_nominalrate4,obs_nominalrate5,obs_nominalrate6
0.42749279535689855,-47.47825884281629,0.42749279535689855,0.49396420652127115,0.49999999999998934,0.9259235851972303,0.42749279535689855,0.42749279535689855,0.4661022636378508,0.49999999999998934,0.9259235851972303,0.0,0.42749279535689855,0.1174310227768634,0.9259235851972303,0.9259235851972303,0.9259235851972303,0.9259235851972303,0.9259235851972303,0.9259235851972303
