obs_gdp,obs_hours,obs_wages,obs_gdpdeflator,obs_corepce,obs_nominalrate,obs_consumption,obs_investment,obs_BBBspread,obs_longinflation,obs_longrate,obs_tfp,obs_gdi,obs_AAAspread,obs_nominalrate1,obs_nominalrate2,obs_nominalrate3,obs_nominalrate4,obs_nominalrate5,obs_nominalrate6
0.3928639805901746,-49.50991991520956,0.3928639805901746,0.49329408543918374,0.49999999999998934,0.8598297151731327,0.3928639805901746,0.3928639805901746,0.4784834618732468,0.49999999999998934,0.8598297151731327,0.0,0.3928639805901746,0.1174310227768634,0.8598297151731327,0.8598297151731327,0.8598297151731327,0.8598297151731327,0.8598297151731327,0.8598297151731327
