obs_gdp,obs_hours,obs_wages,obs_gdpdeflator,obs_corepce,obs_nominalrate,obs_consumption,obs_investment,obs_BBBspread,obs_longinflation,obs_longrate,obs_tfp,obs_gdi,obs_AAAspread,obs_nominalrate1,obs_nominalrate2,obs_nominalrate3,obs_nominalrate4,obs_nominalrate5,obs_nominalrate6
0.4320567548274923,-46.71291732788086,0.4320567548274923,0.5579423978924645,0.49999999999998934,0.9019002502085094,0.4320567548274923,0.4320567548274923,0.47464781592862265,0.49999999999998934,0.9019002502085094,0.0,0.4320567548274923,0.1174310227768634,0.9019002502085094,0.9019002502085094,0.9019002502085094,0.9019002502085094,0.9019002502085094,0.9019002502085094
