obs_gdp,obs_hours,obs_wages,obs_gdpdeflator,obs_corepce,obs_nominalrate,obs_consumption,obs_investment,obs_BBBspread,obs_longinflation,obs_longrate,obs_tfp,obs_gdi,obs_AAAspread,obs_nominalrate1,obs_nominalrate2,obs_nominalrate3,obs_nominalrate4,obs_nominalrate5,obs_nominalrate6
0.3920502397675829,-49.55481248481092,0.3920502397675829,0.49318864975776733,0.49999999999998934,0.858541942890878,0.3920502397675829,0.3920502397675829,0.47757183499117906,0.49999999999998934,0.858541942890878,0.0,0.3920502397675829,0.1174310227768634,0.858541942890878,0.858541942890878,0.858541942890878,0.858541942890878,0.858541942890878,0.858541942890878
