obs_gdp,obs_hours,obs_wages,obs_gdpdeflator,obs_corepce,obs_nominalrate,obs_consumption,obs_investment,obs_BBBspread,obs_longinflation,obs_longrate,obs_tfp,obs_gdi,obs_AAAspread,obs_nominalrate1,obs_nominalrate2,obs_nominalrate3,obs_nominalrate4,obs_nominalrate5,obs_nominalrate6
0.4187861680984506,-46.850242614746094,0.4187861680984506,0.552449714392413,0.49999999999998934,0.8636911706502826,0.4187861680984506,0.4187861680984506,0.47584181485492183,0.49999999999998934,0.8636911706502826,0.0,0.4187861680984506,0.1174310227768634,0.8636911706502826,0.8636911706502826,0.8636911706502826,0.8636911706502826,0.8636911706502826,0.8636911706502826
