obs_gdp,obs_hours,obs_wages,obs_gdpdeflator,obs_corepce,obs_nominalrate,obs_consumption,obs_investment,obs_BBBspread,obs_longinflation,obs_longrate,obs_tfp,obs_gdi,obs_AAAspread,obs_nominalrate1,obs_nominalrate2,obs_nominalrate3,obs_nominalrate4,obs_nominalrate5,obs_nominalrate6
0.40464296936988386,-47.51168441772461,0.40464296936988386,0.5490065589547051,0.49999999999998934,0.8350990047183204,0.40464296936988386,0.40464296936988386,0.45568110739816003,0.49999999999998934,0.8350990047183204,0.0,0.40464296936988386,0.1174310227768634,0.8350990047183204,0.8350990047183204,0.8350990047183204,0.8350990047183204,0.8350990047183204,0.8350990047183204
