obs_gdp,obs_hours,obs_wages,obs_gdpdeflator,obs_corepce,obs_nominalrate,obs_consumption,obs_investment,obs_BBBspread,obs_longinflation,obs_longrate,obs_tfp,obs_gdi,obs_AAAspread,obs_nominalrate1,obs_nominalrate2,obs_nominalrate3,obs_nominalrate4,obs_nominalrate5,obs_nominalrate6
0.39059426803897956,-49.60814746468881,0.39059426803897956,0.49316687100000883,0.49999999999998934,0.8542200884262163,0.39059426803897956,0.39059426803897956,0.47780131623244987,0.49999999999998934,0.8542200884262163,0.0,0.39059426803897956,0.1174310227768634,0.8542200884262163,0.8542200884262163,0.8542200884262163,0.8542200884262163,0.8542200884262163,0.8542200884262163
