obs_gdp,obs_hours,obs_wages,obs_gdpdeflator,obs_corepce,obs_nominalrate,obs_consumption,obs_investment,obs_BBBspread,obs_longinflation,obs_longrate,obs_tfp,obs_gdi,obs_AAAspread,obs_nominalrate1,obs_nominalrate2,obs_nominalrate3,obs_nominalrate4,obs_nominalrate5,obs_nominalrate6
0.41906133294105086,-47.43601608276367,0.41906133294105086,0.5458599925041092,0.49999999999998934,0.8506489864375855,0.41906133294105086,0.41906133294105086,0.4462751313139438,0.49999999999998934,0.8506489864375855,0.0,0.41906133294105086,0.1174310227768634,0.8506489864375855,0.8506489864375855,0.8506489864375855,0.8506489864375855,0.8506489864375855,0.8506489864375855
