obs_gdp,obs_hours,obs_wages,obs_gdpdeflator,obs_corepce,obs_nominalrate,obs_consumption,obs_investment,obs_BBBspread,obs_longinflation,obs_longrate,obs_tfp,obs_gdi,obs_AAAspread,obs_nominalrate1,obs_nominalrate2,obs_nominalrate3,obs_nominalrate4,obs_nominalrate5,obs_nominalrate6
0.39333706892401565,-49.3805356234438,0.39333706892401565,0.4933656247764476,0.49999999999998934,0.8552147266322141,0.39333706892401565,0.39333706892401565,0.47804735721321234,0.49999999999998934,0.8552147266322141,0.0,0.39333706892401565,0.1174310227768634,0.8552147266322141,0.8552147266322141,0.8552147266322141,0.8552147266322141,0.8552147266322141,0.8552147266322141
