obs_gdp,obs_hours,obs_wages,obs_gdpdeflator,obs_corepce,obs_nominalrate,obs_consumption,obs_investment,obs_BBBspread,obs_longinflation,obs_longrate,obs_tfp,obs_gdi,obs_AAAspread,obs_nominalrate1,obs_nominalrate2,obs_nominalrate3,obs_nominalrate4,obs_nominalrate5,obs_nominalrate6
0.42472779750823975,-47.492557525634766,0.42472779750823975,0.5373146645724667,0.49999999999998934,0.8786177992954558,0.42472779750823975,0.42472779750823975,0.4502489577895435,0.49999999999998934,0.8786177992954558,0.0,0.42472779750823975,0.1174310227768634,0.8786177992954558,0.8786177992954558,0.8786177992954558,0.8786177992954558,0.8786177992954558,0.8786177992954558
