obs_gdp,obs_hours,obs_wages,obs_gdpdeflator,obs_corepce,obs_nominalrate,obs_consumption,obs_investment,obs_BBBspread,obs_longinflation,obs_longrate,obs_tfp,obs_gdi,obs_AAAspread,obs_nominalrate1,obs_nominalrate2,obs_nominalrate3,obs_nominalrate4,obs_nominalrate5,obs_nominalrate6
0.41663226485253446,-45.921329498291016,0.41663226485253446,0.4885982330888403,0.49999999999998934,0.9079561020495008,0.41663226485253446,0.41663226485253446,0.5108154067084291,0.49999999999998934,0.9079561020495008,0.0,0.41663226485253446,0.1174310227768634,0.9079561020495008,0.9079561020495008,0.9079561020495008,0.9079561020495008,0.9079561020495008,0.9079561020495008
