obs_gdp,obs_hours,obs_wages,obs_gdpdeflator,obs_corepce,obs_nominalrate,obs_consumption,obs_investment,obs_BBBspread,obs_longinflation,obs_longrate,obs_tfp,obs_gdi,obs_AAAspread,obs_nominalrate1,obs_nominalrate2,obs_nominalrate3,obs_nominalrate4,obs_nominalrate5,obs_nominalrate6
0.4105298519134548,-47.687137603759766,0.4105298519134548,0.534924037754525,0.49999999999998934,0.8593084258870398,0.4105298519134548,0.4105298519134548,0.4551994562967329,0.49999999999998934,0.8593084258870398,0.0,0.4105298519134548,0.1174310227768634,0.8593084258870398,0.8593084258870398,0.8593084258870398,0.8593084258870398,0.8593084258870398,0.8593084258870398
