obs_gdp,obs_hours,obs_wages,obs_gdpdeflator,obs_corepce,obs_nominalrate,obs_consumption,obs_investment,obs_BBBspread,obs_longinflation,obs_longrate,obs_tfp,obs_gdi,obs_AAAspread,obs_nominalrate1,obs_nominalrate2,obs_nominalrate3,obs_nominalrate4,obs_nominalrate5,obs_nominalrate6
0.39584128061780355,-49.2416036060245,0.39584128061780355,0.49357586669829057,0.49999999999998934,0.8580909062170017,0.39584128061780355,0.39584128061780355,0.4780977480785291,0.49999999999998934,0.8580909062170017,0.0,0.39584128061780355,0.1174310227768634,0.8580909062170017,0.8580909062170017,0.8580909062170017,0.8580909062170017,0.8580909062170017,0.8580909062170017
