obs_gdp,obs_hours,obs_wages,obs_gdpdeflator,obs_corepce,obs_nominalrate,obs_consumption,obs_investment,obs_BBBspread,obs_longinflation,obs_longrate,obs_tfp,obs_gdi,obs_AAAspread,obs_nominalrate1,obs_nominalrate2,obs_nominalrate3,obs_nominalrate4,obs_nominalrate5,obs_nominalrate6
0.3900918930338948,-49.72931869114027,0.3900918930338948,0.4933201462121997,0.49999999999998934,0.8522025643557418,0.3900918930338948,0.3900918930338948,0.47802000609093365,0.49999999999998934,0.8522025643557418,0.0,0.3900918930338948,0.1174310227768634,0.8522025643557418,0.8522025643557418,0.8522025643557418,0.8522025643557418,0.8522025643557418,0.8522025643557418
