obs_gdp,obs_hours,obs_wages,obs_gdpdeflator,obs_corepce,obs_nominalrate,obs_consumption,obs_investment,obs_BBBspread,obs_longinflation,obs_longrate,obs_tfp,obs_gdi,obs_AAAspread,obs_nominalrate1,obs_nominalrate2,obs_nominalrate3,obs_nominalrate4,obs_nominalrate5,obs_nominalrate6
0.39080595555682773,-49.65701753772808,0.39080595555682773,0.4933895644418514,0.49999999999998934,0.8517322280477746,0.39080595555682773,0.39080595555682773,0.4786127182417477,0.49999999999998934,0.8517322280477746,0.0,0.39080595555682773,0.1174310227768634,0.8517322280477746,0.8517322280477746,0.8517322280477746,0.8517322280477746,0.8517322280477746,0.8517322280477746
