obs_gdp,obs_hours,obs_wages,obs_gdpdeflator,obs_corepce,obs_nominalrate,obs_consumption,obs_investment,obs_BBBspread,obs_longinflation,obs_longrate,obs_tfp,obs_gdi,obs_AAAspread,obs_nominalrate1,obs_nominalrate2,obs_nominalrate3,obs_nominalrate4,obs_nominalrate5,obs_nominalrate6
0.41017773747444863,-47.33626174926758,0.41017773747444863,0.53291867673396,0.49999999999998934,0.901109365470365,0.41017773747444863,0.41017773747444863,0.44984557383969515,0.49999999999998934,0.901109365470365,0.0,0.41017773747444863,0.1174310227768634,0.901109365470365,0.901109365470365,0.901109365470365,0.901109365470365,0.901109365470365,0.901109365470365
