obs_gdp,obs_hours,obs_wages,obs_gdpdeflator,obs_corepce,obs_nominalrate,obs_consumption,obs_investment,obs_BBBspread,obs_longinflation,obs_longrate,obs_tfp,obs_gdi,obs_AAAspread,obs_nominalrate1,obs_nominalrate2,obs_nominalrate3,obs_nominalrate4,obs_nominalrate5,obs_nominalrate6
0.3978517353534716,-47.51106643676758,0.3978517353534716,0.5336205475032223,0.49999999999998934,0.8666175787690023,0.3978517353534716,0.3978517353534716,0.44645690346689487,0.49999999999998934,0.8666175787690023,0.0,0.3978517353534716,0.1174310227768634,0.8666175787690023,0.8666175787690023,0.8666175787690023,0.8666175787690023,0.8666175787690023,0.8666175787690023
