obs_gdp,obs_hours,obs_wages,obs_gdpdeflator,obs_corepce,obs_nominalrate,obs_consumption,obs_investment,obs_BBBspread,obs_longinflation,obs_longrate,obs_tfp,obs_gdi,obs_AAAspread,obs_nominalrate1,obs_nominalrate2,obs_nominalrate3,obs_nominalrate4,obs_nominalrate5,obs_nominalrate6
0.3959377410628129,-49.275998401348865,0.3959377410628129,0.49341649326593956,0.49999999999998934,0.8515722082539368,0.3959377410628129,0.3959377410628129,0.4796650186994489,0.49999999999998934,0.8515722082539368,0.0,0.3959377410628129,0.1174310227768634,0.8515722082539368,0.8515722082539368,0.8515722082539368,0.8515722082539368,0.8515722082539368,0.8515722082539368
