obs_gdp,obs_hours,obs_wages,obs_gdpdeflator,obs_corepce,obs_nominalrate,obs_consumption,obs_investment,obs_BBBspread,obs_longinflation,obs_longrate,obs_tfp,obs_gdi,obs_AAAspread,obs_nominalrate1,obs_nominalrate2,obs_nominalrate3,obs_nominalrate4,obs_nominalrate5,obs_nominalrate6
0.403728485107413,-47.281612396240234,0.403728485107413,0.5400765798985852,0.49999999999998934,0.8750406122230991,0.403728485107413,0.403728485107413,0.44609993402797354,0.49999999999998934,0.8750406122230991,0.0,0.403728485107413,0.1174310227768634,0.8750406122230991,0.8750406122230991,0.8750406122230991,0.8750406122230991,0.8750406122230991,0.8750406122230991
