obs_gdp,obs_hours,obs_wages,obs_gdpdeflator,obs_corepce,obs_nominalrate,obs_consumption,obs_investment,obs_BBBspread,obs_longinflation,obs_longrate,obs_tfp,obs_gdi,obs_AAAspread,obs_nominalrate1,obs_nominalrate2,obs_nominalrate3,obs_nominalrate4,obs_nominalrate5,obs_nominalrate6
0.39231489595583646,-49.59248505347802,0.39231489595583646,0.49343675716736607,0.49999999999998934,0.8509438119243429,0.39231489595583646,0.39231489595583646,0.4783309629326712,0.49999999999998934,0.8509438119243429,0.0,0.39231489595583646,0.1174310227768634,0.8509438119243429,0.8509438119243429,0.8509438119243429,0.8509438119243429,0.8509438119243429,0.8509438119243429
