obs_gdp,obs_hours,obs_wages,obs_gdpdeflator,obs_corepce,obs_nominalrate,obs_consumption,obs_investment,obs_BBBspread,obs_longinflation,obs_longrate,obs_tfp,obs_gdi,obs_AAAspread,obs_nominalrate1,obs_nominalrate2,obs_nominalrate3,obs_nominalrate4,obs_nominalrate5,obs_nominalrate6
0.3941055519363301,-49.46740396018529,0.3941055519363301,0.49347371795412254,0.49999999999998934,0.8518534163091784,0.3941055519363301,0.3941055519363301,0.47840219957778024,0.49999999999998934,0.8518534163091784,0.0,0.3941055519363301,0.1174310227768634,0.8518534163091784,0.8518534163091784,0.8518534163091784,0.8518534163091784,0.8518534163091784,0.8518534163091784
