obs_gdp,obs_hours,obs_wages,obs_gdpdeflator,obs_corepce,obs_nominalrate,obs_consumption,obs_investment,obs_BBBspread,obs_longinflation,obs_longrate,obs_tfp,obs_gdi,obs_AAAspread,obs_nominalrate1,obs_nominalrate2,obs_nominalrate3,obs_nominalrate4,obs_nominalrate5,obs_nominalrate6
0.40212991833685763,-47.720741271972656,0.40212991833685763,0.5314376354217423,0.49999999999998934,0.8728061193182812,0.40212991833685763,0.40212991833685763,0.44256381817947543,0.49999999999998934,0.8728061193182812,0.0,0.40212991833685763,0.1174310227768634,0.8728061193182812,0.8728061193182812,0.8728061193182812,0.8728061193182812,0.8728061193182812,0.8728061193182812
