obs_gdp,obs_hours,obs_wages,obs_gdpdeflator,obs_corepce,obs_nominalrate,obs_consumption,obs_investment,obs_BBBspread,obs_longinflation,obs_longrate,obs_tfp,obs_gdi,obs_AAAspread,obs_nominalrate1,obs_nominalrate2,obs_nominalrate3,obs_nominalrate4,obs_nominalrate5,obs_nominalrate6
0.39092360551538086,-49.785115522450596,0.39092360551538086,0.4934254120562511,0.49999999999998934,0.8515204787961528,0.39092360551538086,0.39092360551538086,0.4794737421450662,0.49999999999998934,0.8515204787961528,0.0,0.39092360551538086,0.1174310227768634,0.8515204787961528,0.8515204787961528,0.8515204787961528,0.8515204787961528,0.8515204787961528,0.8515204787961528
