obs_gdp,obs_hours,obs_wages,obs_gdpdeflator,obs_corepce,obs_nominalrate,obs_consumption,obs_investment,obs_BBBspread,obs_longinflation,obs_longrate,obs_tfp,obs_gdi,obs_AAAspread,obs_nominalrate1,obs_nominalrate2,obs_nominalrate3,obs_nominalrate4,obs_nominalrate5,obs_nominalrate6
0.41284874081610745,-45.687808990478516,0.41284874081610745,0.4894452858716143,0.49999999999998934,0.9180064110975161,0.41284874081610745,0.41284874081610745,0.5063452597005716,0.49999999999998934,0.9180064110975161,0.0,0.41284874081610745,0.1174310227768634,0.9180064110975161,0.9180064110975161,0.9180064110975161,0.9180064110975161,0.9180064110975161,0.9180064110975161
