obs_gdp,obs_hours,obs_wages,obs_gdpdeflator,obs_corepce,obs_nominalrate,obs_consumption,obs_investment,obs_BBBspread,obs_longinflation,obs_longrate,obs_tfp,obs_gdi,obs_AAAspread,obs_nominalrate1,obs_nominalrate2,obs_nominalrate3,obs_nominalrate4,obs_nominalrate5,obs_nominalrate6
0.43756274092985326,-46.74527836123537,0.43756274092985326,0.4936109780146452,0.49999999999998934,0.9374742820621229,0.43756274092985326,0.43756274092985326,0.46589558658163244,0.49999999999998934,0.9374742820621229,0.0,0.43756274092985326,0.1174310227768634,0.9374742820621229,0.9374742820621229,0.9374742820621229,0.9374742820621229,0.9374742820621229,0.9374742820621229
