obs_gdp,obs_hours,obs_wages,obs_gdpdeflator,obs_corepce,obs_nominalrate,obs_consumption,obs_investment,obs_BBBspread,obs_longinflation,obs_longrate,obs_tfp,obs_gdi,obs_AAAspread,obs_nominalrate1,obs_nominalrate2,obs_nominalrate3,obs_nominalrate4,obs_nominalrate5,obs_nominalrate6
0.3976341485977253,-47.973876953125,0.3976341485977253,0.5409299060702217,0.49999999999998934,0.8832865882852703,0.3976341485977253,0.3976341485977253,0.4381556692206188,0.49999999999998934,0.8832865882852703,0.0,0.3976341485977253,0.1174310227768634,0.8832865882852703,0.8832865882852703,0.8832865882852703,0.8832865882852703,0.8832865882852703,0.8832865882852703
