obs_gdp,obs_hours,obs_wages,obs_gdpdeflator,obs_corepce,obs_nominalrate,obs_consumption,obs_investment,obs_BBBspread,obs_longinflation,obs_longrate,obs_tfp,obs_gdi,obs_AAAspread,obs_nominalrate1,obs_nominalrate2,obs_nominalrate3,obs_nominalrate4,obs_nominalrate5,obs_nominalrate6
0.40016368031501326,-47.78573989868164,0.40016368031501326,0.5356513373553646,0.49999999999998934,0.8892040872030549,0.40016368031501326,0.40016368031501326,0.4271906386581024,0.49999999999998934,0.8892040872030549,0.0,0.40016368031501326,0.1174310227768634,0.8892040872030549,0.8892040872030549,0.8892040872030549,0.8892040872030549,0.8892040872030549,0.8892040872030549
