obs_gdp,obs_hours,obs_wages,obs_gdpdeflator,obs_corepce,obs_nominalrate,obs_consumption,obs_investment,obs_BBBspread,obs_longinflation,obs_longrate,obs_tfp,obs_gdi,obs_AAAspread,obs_nominalrate1,obs_nominalrate2,obs_nominalrate3,obs_nominalrate4,obs_nominalrate5,obs_nominalrate6
0.39298325056980055,-49.607493488007336,0.39298325056980055,0.4928376280078625,0.49999999999998934,0.848990155289453,0.39298325056980055,0.39298325056980055,0.48112653890349566,0.49999999999998934,0.848990155289453,0.0,0.39298325056980055,0.1174310227768634,0.848990155289453,0.848990155289453,0.848990155289453,0.848990155289453,0.848990155289453,0.848990155289453
