obs_gdp,obs_hours,obs_wages,obs_gdpdeflator,obs_corepce,obs_nominalrate,obs_consumption,obs_investment,obs_BBBspread,obs_longinflation,obs_longrate,obs_tfp,obs_gdi,obs_AAAspread,obs_nominalrate1,obs_nominalrate2,obs_nominalrate3,obs_nominalrate4,obs_nominalrate5,obs_nominalrate6
0.39584544274124944,-49.403966606380855,0.39584544274124944,0.49263856340631873,0.49999999999998934,0.8504600133797835,0.39584544274124944,0.39584544274124944,0.4806862295911836,0.49999999999998934,0.8504600133797835,0.0,0.39584544274124944,0.1174310227768634,0.8504600133797835,0.8504600133797835,0.8504600133797835,0.8504600133797835,0.8504600133797835,0.8504600133797835
