obs_gdp,obs_hours,obs_wages,obs_gdpdeflator,obs_corepce,obs_nominalrate,obs_consumption,obs_investment,obs_BBBspread,obs_longinflation,obs_longrate,obs_tfp,obs_gdi,obs_AAAspread,obs_nominalrate1,obs_nominalrate2,obs_nominalrate3,obs_nominalrate4,obs_nominalrate5,obs_nominalrate6
0.3972257333659579,-49.32290389790273,0.3972257333659579,0.4928083251029956,0.49999999999998934,0.8522853445779299,0.3972257333659579,0.3972257333659579,0.4811751426791778,0.49999999999998934,0.8522853445779299,0.0,0.3972257333659579,0.1174310227768634,0.8522853445779299,0.8522853445779299,0.8522853445779299,0.8522853445779299,0.8522853445779299,0.8522853445779299
