obs_gdp,obs_hours,obs_wages,obs_gdpdeflator,obs_corepce,obs_nominalrate,obs_consumption,obs_investment,obs_BBBspread,obs_longinflation,obs_longrate,obs_tfp,obs_gdi,obs_AAAspread,obs_nominalrate1,obs_nominalrate2,obs_nominalrate3,obs_nominalrate4,obs_nominalrate5,obs_nominalrate6
0.3975953757762829,-47.87143325805664,0.3975953757762829,0.5350490324199093,0.49999999999998934,0.9027496635619636,0.3975953757762829,0.3975953757762829,0.4280560614633677,0.49999999999998934,0.9027496635619636,0.0,0.3975953757762829,0.1174310227768634,0.9027496635619636,0.9027496635619636,0.9027496635619636,0.9027496635619636,0.9027496635619636,0.9027496635619636
