obs_gdp,obs_hours,obs_wages,obs_gdpdeflator,obs_corepce,obs_nominalrate,obs_consumption,obs_investment,obs_BBBspread,obs_longinflation,obs_longrate,obs_tfp,obs_gdi,obs_AAAspread,obs_nominalrate1,obs_nominalrate2,obs_nominalrate3,obs_nominalrate4,obs_nominalrate5,obs_nominalrate6
0.39810168743132923,-47.94358444213867,0.39810168743132923,0.5363496355712307,0.49999999999998934,0.9023852016273093,0.39810168743132923,0.39810168743132923,0.4321270864723304,0.49999999999998934,0.9023852016273093,0.0,0.39810168743132923,0.1174310227768634,0.9023852016273093,0.9023852016273093,0.9023852016273093,0.9023852016273093,0.9023852016273093,0.9023852016273093
