obs_gdp,obs_hours,obs_wages,obs_gdpdeflator,obs_corepce,obs_nominalrate,obs_consumption,obs_investment,obs_BBBspread,obs_longinflation,obs_longrate,obs_tfp,obs_gdi,obs_AAAspread,obs_nominalrate1,obs_nominalrate2,obs_nominalrate3,obs_nominalrate4,obs_nominalrate5,obs_nominalrate6
0.397070709218017,-49.28777032181465,0.397070709218017,0.4930047678682725,0.49999999999998934,0.851415138408762,0.397070709218017,0.397070709218017,0.48033466908915445,0.49999999999998934,0.851415138408762,0.0,0.397070709218017,0.1174310227768634,0.851415138408762,0.851415138408762,0.851415138408762,0.851415138408762,0.851415138408762,0.851415138408762
