obs_gdp,obs_hours,obs_wages,obs_gdpdeflator,obs_corepce,obs_nominalrate,obs_consumption,obs_investment,obs_BBBspread,obs_longinflation,obs_longrate,obs_tfp,obs_gdi,obs_AAAspread,obs_nominalrate1,obs_nominalrate2,obs_nominalrate3,obs_nominalrate4,obs_nominalrate5,obs_nominalrate6
0.395036102624724,-49.46803471438959,0.395036102624724,0.49305854977524755,0.49999999999998934,0.8465685176207494,0.395036102624724,0.395036102624724,0.4813393356969968,0.49999999999998934,0.8465685176207494,0.0,0.395036102624724,0.1174310227768634,0.8465685176207494,0.8465685176207494,0.8465685176207494,0.8465685176207494,0.8465685176207494,0.8465685176207494
