obs_gdp,obs_hours,obs_wages,obs_gdpdeflator,obs_corepce,obs_nominalrate,obs_consumption,obs_investment,obs_BBBspread,obs_longinflation,obs_longrate,obs_tfp,obs_gdi,obs_AAAspread,obs_nominalrate1,obs_nominalrate2,obs_nominalrate3,obs_nominalrate4,obs_nominalrate5,obs_nominalrate6
0.39741191267967935,-48.09354019165039,0.39741191267967935,0.5303911212831629,0.49999999999998934,0.9187810051797696,0.39741191267967935,0.39741191267967935,0.42864848622958085,0.49999999999998934,0.9187810051797696,0.0,0.39741191267967935,0.1174310227768634,0.9187810051797696,0.9187810051797696,0.9187810051797696,0.9187810051797696,0.9187810051797696,0.9187810051797696
