obs_gdp,obs_hours,obs_wages,obs_gdpdeflator,obs_corepce,obs_nominalrate,obs_consumption,obs_investment,obs_BBBspread,obs_longinflation,obs_longrate,obs_tfp,obs_gdi,obs_AAAspread,obs_nominalrate1,obs_nominalrate2,obs_nominalrate3,obs_nominalrate4,obs_nominalrate5,obs_nominalrate6
0.40384859147604146,-48.886431643554126,0.40384859147604146,0.4937140601166303,0.49999999999998934,0.857599884689586,0.40384859147604146,0.40384859147604146,0.4819546776671351,0.49999999999998934,0.857599884689586,0.0,0.40384859147604146,0.1174310227768634,0.857599884689586,0.857599884689586,0.857599884689586,0.857599884689586,0.857599884689586,0.857599884689586
