obs_gdp,obs_hours,obs_wages,obs_gdpdeflator,obs_corepce,obs_nominalrate,obs_consumption,obs_investment,obs_BBBspread,obs_longinflation,obs_longrate,obs_tfp,obs_gdi,obs_AAAspread,obs_nominalrate1,obs_nominalrate2,obs_nominalrate3,obs_nominalrate4,obs_nominalrate5,obs_nominalrate6
0.4337943830676094,-46.92045453724282,0.4337943830676094,0.4936614820966671,0.49999999999998934,0.9337740260957572,0.4337943830676094,0.4337943830676094,0.46563798042623544,0.49999999999998934,0.9337740260957572,0.0,0.4337943830676094,0.1174310227768634,0.9337740260957572,0.9337740260957572,0.9337740260957572,0.9337740260957572,0.9337740260957572,0.9337740260957572
