obs_gdp,obs_hours,obs_wages,obs_gdpdeflator,obs_corepce,obs_nominalrate,obs_consumption,obs_investment,obs_BBBspread,obs_longinflation,obs_longrate,obs_tfp,obs_gdi,obs_AAAspread,obs_nominalrate1,obs_nominalrate2,obs_nominalrate3,obs_nominalrate4,obs_nominalrate5,obs_nominalrate6
0.4056446388573276,-48.75686059510782,0.4056446388573276,0.4935755797985452,0.49999999999998934,0.8598262208565188,0.4056446388573276,0.4056446388573276,0.4823213552956704,0.49999999999998934,0.8598262208565188,0.0,0.4056446388573276,0.1174310227768634,0.8598262208565188,0.8598262208565188,0.8598262208565188,0.8598262208565188,0.8598262208565188,0.8598262208565188
