obs_gdp,obs_hours,obs_wages,obs_gdpdeflator,obs_corepce,obs_nominalrate,obs_consumption,obs_investment,obs_BBBspread,obs_longinflation,obs_longrate,obs_tfp,obs_gdi,obs_AAAspread,obs_nominalrate1,obs_nominalrate2,obs_nominalrate3,obs_nominalrate4,obs_nominalrate5,obs_nominalrate6
0.4047287740124972,-48.858171211503425,0.4047287740124972,0.4936002839111371,0.49999999999998934,0.8594293940897391,0.4047287740124972,0.4047287740124972,0.48307183289554767,0.49999999999998934,0.8594293940897391,0.0,0.4047287740124972,0.1174310227768634,0.8594293940897391,0.8594293940897391,0.8594293940897391,0.8594293940897391,0.8594293940897391,0.8594293940897391
