obs_gdp,obs_hours,obs_wages,obs_gdpdeflator,obs_corepce,obs_nominalrate,obs_consumption,obs_investment,obs_BBBspread,obs_longinflation,obs_longrate,obs_tfp,obs_gdi,obs_AAAspread,obs_nominalrate1,obs_nominalrate2,obs_nominalrate3,obs_nominalrate4,obs_nominalrate5,obs_nominalrate6
0.39977045044672366,-49.18334063029921,0.39977045044672366,0.49347698427180936,0.49999999999998934,0.8531453929569555,0.39977045044672366,0.39977045044672366,0.482649274767383,0.49999999999998934,0.8531453929569555,0.0,0.39977045044672366,0.1174310227768634,0.8531453929569555,0.8531453929569555,0.8531453929569555,0.8531453929569555,0.8531453929569555,0.8531453929569555
