obs_gdp,obs_hours,obs_wages,obs_gdpdeflator,obs_corepce,obs_nominalrate,obs_consumption,obs_investment,obs_BBBspread,obs_longinflation,obs_longrate,obs_tfp,obs_gdi,obs_AAAspread,obs_nominalrate1,obs_nominalrate2,obs_nominalrate3,obs_nominalrate4,obs_nominalrate5,obs_nominalrate6
0.39661468439828873,-49.38949665747365,0.39661468439828873,0.49299390530762577,0.49999999999998934,0.8513059349635865,0.39661468439828873,0.39661468439828873,0.48148363775209757,0.49999999999998934,0.8513059349635865,0.0,0.39661468439828873,0.1174310227768634,0.8513059349635865,0.8513059349635865,0.8513059349635865,0.8513059349635865,0.8513059349635865,0.8513059349635865
