obs_gdp,obs_hours,obs_wages,obs_gdpdeflator,obs_corepce,obs_nominalrate,obs_consumption,obs_investment,obs_BBBspread,obs_longinflation,obs_longrate,obs_tfp,obs_gdi,obs_AAAspread,obs_nominalrate1,obs_nominalrate2,obs_nominalrate3,obs_nominalrate4,obs_nominalrate5,obs_nominalrate6
0.39259597659111467,-48.10454177856445,0.39259597659111467,0.5408268831670178,0.49999999999998934,0.9877612619469733,0.39259597659111467,0.39259597659111467,0.41324074501912433,0.49999999999998934,0.9877612619469733,0.0,0.39259597659111467,0.1174310227768634,0.9877612619469733,0.9877612619469733,0.9877612619469733,0.9877612619469733,0.9877612619469733,0.9877612619469733
