obs_gdp,obs_hours,obs_wages,obs_gdpdeflator,obs_corepce,obs_nominalrate,obs_consumption,obs_investment,obs_BBBspread,obs_longinflation,obs_longrate,obs_tfp,obs_gdi,obs_AAAspread,obs_nominalrate1,obs_nominalrate2,obs_nominalrate3,obs_nominalrate4,obs_nominalrate5,obs_nominalrate6
0.39554396986769547,-49.51707758420379,0.39554396986769547,0.4929221952398527,0.49999999999998934,0.8528867729889589,0.39554396986769547,0.39554396986769547,0.48090253973748176,0.49999999999998934,0.8528867729889589,0.0,0.39554396986769547,0.1174310227768634,0.8528867729889589,0.8528867729889589,0.8528867729889589,0.8528867729889589,0.8528867729889589,0.8528867729889589
