obs_gdp,obs_hours,obs_wages,obs_gdpdeflator,obs_corepce,obs_nominalrate,obs_consumption,obs_investment,obs_BBBspread,obs_longinflation,obs_longrate,obs_tfp,obs_gdi,obs_AAAspread,obs_nominalrate1,obs_nominalrate2,obs_nominalrate3,obs_nominalrate4,obs_nominalrate5,obs_nominalrate6
0.38884365558624623,-48.18280029296875,0.38884365558624623,0.5424056686460865,0.49999999999998934,0.9755616201253758,0.38884365558624623,0.38884365558624623,0.41975243357619213,0.49999999999998934,0.9755616201253758,0.0,0.38884365558624623,0.1174310227768634,0.9755616201253758,0.9755616201253758,0.9755616201253758,0.9755616201253758,0.9755616201253758,0.9755616201253758
