obs_gdp,obs_hours,obs_wages,obs_gdpdeflator,obs_corepce,obs_nominalrate,obs_consumption,obs_investment,obs_BBBspread,obs_longinflation,obs_longrate,obs_tfp,obs_gdi,obs_AAAspread,obs_nominalrate1,obs_nominalrate2,obs_nominalrate3,obs_nominalrate4,obs_nominalrate5,obs_nominalrate6
0.3886623978614834,-47.893611907958984,0.3886623978614834,0.5400151908397568,0.49999999999998934,1.0004370848571753,0.3886623978614834,0.3886623978614834,0.41971537027613137,0.49999999999998934,1.0004370848571753,0.0,0.3886623978614834,0.1174310227768634,1.0004370848571753,1.0004370848571753,1.0004370848571753,1.0004370848571753,1.0004370848571753,1.0004370848571753
