obs_gdp,obs_hours,obs_wages,obs_gdpdeflator,obs_corepce,obs_nominalrate,obs_consumption,obs_investment,obs_BBBspread,obs_longinflation,obs_longrate,obs_tfp,obs_gdi,obs_AAAspread,obs_nominalrate1,obs_nominalrate2,obs_nominalrate3,obs_nominalrate4,obs_nominalrate5,obs_nominalrate6
0.40369446718291346,-48.97831333331076,0.40369446718291346,0.4931263847812589,0.49999999999998934,0.8591457879401743,0.40369446718291346,0.40369446718291346,0.48009424969044556,0.49999999999998934,0.8591457879401743,0.0,0.40369446718291346,0.1174310227768634,0.8591457879401743,0.8591457879401743,0.8591457879401743,0.8591457879401743,0.8591457879401743,0.8591457879401743
