obs_gdp,obs_hours,obs_wages,obs_gdpdeflator,obs_corepce,obs_nominalrate,obs_consumption,obs_investment,obs_BBBspread,obs_longinflation,obs_longrate,obs_tfp,obs_gdi,obs_AAAspread,obs_nominalrate1,obs_nominalrate2,obs_nominalrate3,obs_nominalrate4,obs_nominalrate5,obs_nominalrate6
0.402357163084921,-49.13474472725061,0.402357163084921,0.4932174515572021,0.49999999999998934,0.8603197594836631,0.402357163084921,0.402357163084921,0.4805199889616257,0.49999999999998934,0.8603197594836631,0.0,0.402357163084921,0.1174310227768634,0.8603197594836631,0.8603197594836631,0.8603197594836631,0.8603197594836631,0.8603197594836631,0.8603197594836631
