obs_gdp,obs_hours,obs_wages,obs_gdpdeflator,obs_corepce,obs_nominalrate,obs_consumption,obs_investment,obs_BBBspread,obs_longinflation,obs_longrate,obs_tfp,obs_gdi,obs_AAAspread,obs_nominalrate1,obs_nominalrate2,obs_nominalrate3,obs_nominalrate4,obs_nominalrate5,obs_nominalrate6
0.4205594956874892,-45.45012283325195,0.4205594956874892,0.4923620298504723,0.49999999999998934,0.9171321511772135,0.4205594956874892,0.4205594956874892,0.5042759543079919,0.49999999999998934,0.9171321511772135,0.0,0.4205594956874892,0.1174310227768634,0.9171321511772135,0.9171321511772135,0.9171321511772135,0.9171321511772135,0.9171321511772135,0.9171321511772135
