obs_gdp,obs_hours,obs_wages,obs_gdpdeflator,obs_corepce,obs_nominalrate,obs_consumption,obs_investment,obs_BBBspread,obs_longinflation,obs_longrate,obs_tfp,obs_gdi,obs_AAAspread,obs_nominalrate1,obs_nominalrate2,obs_nominalrate3,obs_nominalrate4,obs_nominalrate5,obs_nominalrate6
0.4013532996177682,-47.61588668823242,0.4013532996177682,0.5377057082950962,0.49999999999998934,1.0313119870993592,0.4013532996177682,0.4013532996177682,0.41415615348054646,0.49999999999998934,1.0313119870993592,0.0,0.4013532996177682,0.1174310227768634,1.0313119870993592,1.0313119870993592,1.0313119870993592,1.0313119870993592,1.0313119870993592,1.0313119870993592
