obs_gdp,obs_hours,obs_wages,obs_gdpdeflator,obs_corepce,obs_nominalrate,obs_consumption,obs_investment,obs_BBBspread,obs_longinflation,obs_longrate,obs_tfp,obs_gdi,obs_AAAspread,obs_nominalrate1,obs_nominalrate2,obs_nominalrate3,obs_nominalrate4,obs_nominalrate5,obs_nominalrate6
0.40246434301391965,-49.06410175727836,0.40246434301391965,0.4929291922277849,0.49999999999998934,0.8593139968482433,0.40246434301391965,0.40246434301391965,0.48123703529641076,0.49999999999998934,0.8593139968482433,0.0,0.40246434301391965,0.1174310227768634,0.8593139968482433,0.8593139968482433,0.8593139968482433,0.8593139968482433,0.8593139968482433,0.8593139968482433
