obs_gdp,obs_hours,obs_wages,obs_gdpdeflator,obs_corepce,obs_nominalrate,obs_consumption,obs_investment,obs_BBBspread,obs_longinflation,obs_longrate,obs_tfp,obs_gdi,obs_AAAspread,obs_nominalrate1,obs_nominalrate2,obs_nominalrate3,obs_nominalrate4,obs_nominalrate5,obs_nominalrate6
0.3884159028530121,-47.50907897949219,0.3884159028530121,0.5323312729596985,0.49999999999998934,1.0098494708392636,0.3884159028530121,0.3884159028530121,0.421186051809512,0.49999999999998934,1.0098494708392636,0.0,0.3884159028530121,0.1174310227768634,1.0098494708392636,1.0098494708392636,1.0098494708392636,1.0098494708392636,1.0098494708392636,1.0098494708392636
