obs_gdp,obs_hours,obs_wages,obs_gdpdeflator,obs_corepce,obs_nominalrate,obs_consumption,obs_investment,obs_BBBspread,obs_longinflation,obs_longrate,obs_tfp,obs_gdi,obs_AAAspread,obs_nominalrate1,obs_nominalrate2,obs_nominalrate3,obs_nominalrate4,obs_nominalrate5,obs_nominalrate6
0.4057241514631382,-48.76985475673507,0.4057241514631382,0.49299082156388213,0.49999999999998934,0.8640610935001014,0.4057241514631382,0.4057241514631382,0.4799591286341171,0.49999999999998934,0.8640610935001014,0.0,0.4057241514631382,0.1174310227768634,0.8640610935001014,0.8640610935001014,0.8640610935001014,0.8640610935001014,0.8640610935001014,0.8640610935001014
