obs_gdp,obs_hours,obs_wages,obs_gdpdeflator,obs_corepce,obs_nominalrate,obs_consumption,obs_investment,obs_BBBspread,obs_longinflation,obs_longrate,obs_tfp,obs_gdi,obs_AAAspread,obs_nominalrate1,obs_nominalrate2,obs_nominalrate3,obs_nominalrate4,obs_nominalrate5,obs_nominalrate6
0.38049826025963185,-47.615478515625,0.38049826025963185,0.5334751643240345,0.49999999999998934,1.0212426879107062,0.38049826025963185,0.38049826025963185,0.4212667419588651,0.49999999999998934,1.0212426879107062,0.0,0.38049826025963185,0.1174310227768634,1.0212426879107062,1.0212426879107062,1.0212426879107062,1.0212426879107062,1.0212426879107062,1.0212426879107062
