obs_gdp,obs_hours,obs_wages,obs_gdpdeflator,obs_corepce,obs_nominalrate,obs_consumption,obs_investment,obs_BBBspread,obs_longinflation,obs_longrate,obs_tfp,obs_gdi,obs_AAAspread,obs_nominalrate1,obs_nominalrate2,obs_nominalrate3,obs_nominalrate4,obs_nominalrate5,obs_nominalrate6
0.3761442303657603,-47.54163360595703,0.3761442303657603,0.5346368998289002,0.49999999999998934,1.023563658322968,0.3761442303657603,0.3761442303657603,0.4210072248616698,0.49999999999998934,1.023563658322968,0.0,0.3761442303657603,0.1174310227768634,1.023563658322968,1.023563658322968,1.023563658322968,1.023563658322968,1.023563658322968,1.023563658322968
