obs_gdp,obs_hours,obs_wages,obs_gdpdeflator,obs_corepce,obs_nominalrate,obs_consumption,obs_investment,obs_BBBspread,obs_longinflation,obs_longrate,obs_tfp,obs_gdi,obs_AAAspread,obs_nominalrate1,obs_nominalrate2,obs_nominalrate3,obs_nominalrate4,obs_nominalrate5,obs_nominalrate6
0.40672336707907597,-48.737395160471344,0.40672336707907597,0.49285177531232566,0.49999999999998934,0.8650829217954792,0.40672336707907597,0.40672336707907597,0.48042727194669793,0.49999999999998934,0.8650829217954792,0.0,0.40672336707907597,0.1174310227768634,0.8650829217954792,0.8650829217954792,0.8650829217954792,0.8650829217954792,0.8650829217954792,0.8650829217954792
