obs_gdp,obs_hours,obs_wages,obs_gdpdeflator,obs_corepce,obs_nominalrate,obs_consumption,obs_investment,obs_BBBspread,obs_longinflation,obs_longrate,obs_tfp,obs_gdi,obs_AAAspread,obs_nominalrate1,obs_nominalrate2,obs_nominalrate3,obs_nominalrate4,obs_nominalrate5,obs_nominalrate6
0.3779128789901831,-47.513668060302734,0.3779128789901831,0.529681142419566,0.49999999999998934,1.0228916742526462,0.3779128789901831,0.3779128789901831,0.4192143387365626,0.49999999999998934,1.0228916742526462,0.0,0.3779128789901831,0.1174310227768634,1.0228916742526462,1.0228916742526462,1.0228916742526462,1.0228916742526462,1.0228916742526462,1.0228916742526462
