obs_gdp,obs_hours,obs_wages,obs_gdpdeflator,obs_corepce,obs_nominalrate,obs_consumption,obs_investment,obs_BBBspread,obs_longinflation,obs_longrate,obs_tfp,obs_gdi,obs_AAAspread,obs_nominalrate1,obs_nominalrate2,obs_nominalrate3,obs_nominalrate4,obs_nominalrate5,obs_nominalrate6
0.4132438525821458,-48.270374708236034,0.4132438525821458,0.4932795222023898,0.49999999999998934,0.8739787633349927,0.4132438525821458,0.4132438525821458,0.47961935131382416,0.49999999999998934,0.8739787633349927,0.0,0.4132438525821458,0.1174310227768634,0.8739787633349927,0.8739787633349927,0.8739787633349927,0.8739787633349927,0.8739787633349927,0.8739787633349927
