obs_gdp,obs_hours,obs_wages,obs_gdpdeflator,obs_corepce,obs_nominalrate,obs_consumption,obs_investment,obs_BBBspread,obs_longinflation,obs_longrate,obs_tfp,obs_gdi,obs_AAAspread,obs_nominalrate1,obs_nominalrate2,obs_nominalrate3,obs_nominalrate4,obs_nominalrate5,obs_nominalrate6
0.3740808367729276,-47.72666549682617,0.3740808367729276,0.5309922602027548,0.49999999999998934,1.0288195229833264,0.3740808367729276,0.3740808367729276,0.4132730786148974,0.49999999999998934,1.0288195229833264,0.0,0.3740808367729276,0.1174310227768634,1.0288195229833264,1.0288195229833264,1.0288195229833264,1.0288195229833264,1.0288195229833264,1.0288195229833264
