obs_gdp,obs_hours,obs_wages,obs_gdpdeflator,obs_corepce,obs_nominalrate,obs_consumption,obs_investment,obs_BBBspread,obs_longinflation,obs_longrate,obs_tfp,obs_gdi,obs_AAAspread,obs_nominalrate1,obs_nominalrate2,obs_nominalrate3,obs_nominalrate4,obs_nominalrate5,obs_nominalrate6
0.41044707641562095,-48.436399101708744,0.41044707641562095,0.49354967816853085,0.49999999999998934,0.8716501232218343,0.41044707641562095,0.41044707641562095,0.47999882249227643,0.49999999999998934,0.8716501232218343,0.0,0.41044707641562095,0.1174310227768634,0.8716501232218343,0.8716501232218343,0.8716501232218343,0.8716501232218343,0.8716501232218343,0.8716501232218343
