obs_gdp,obs_hours,obs_wages,obs_gdpdeflator,obs_corepce,obs_nominalrate,obs_consumption,obs_investment,obs_BBBspread,obs_longinflation,obs_longrate,obs_tfp,obs_gdi,obs_AAAspread,obs_nominalrate1,obs_nominalrate2,obs_nominalrate3,obs_nominalrate4,obs_nominalrate5,obs_nominalrate6
0.41371778358658684,-48.13621149298546,0.41371778358658684,0.49383328908706575,0.49999999999998934,0.8752325186022647,0.41371778358658684,0.41371778358658684,0.47966958939491633,0.49999999999998934,0.8752325186022647,0.0,0.41371778358658684,0.1174310227768634,0.8752325186022647,0.8752325186022647,0.8752325186022647,0.8752325186022647,0.8752325186022647,0.8752325186022647
