obs_gdp,obs_hours,obs_wages,obs_gdpdeflator,obs_corepce,obs_nominalrate,obs_consumption,obs_investment,obs_BBBspread,obs_longinflation,obs_longrate,obs_tfp,obs_gdi,obs_AAAspread,obs_nominalrate1,obs_nominalrate2,obs_nominalrate3,obs_nominalrate4,obs_nominalrate5,obs_nominalrate6
0.41105326017718546,-48.36117257901593,0.41105326017718546,0.4941583061519581,0.49999999999998934,0.8727698218375268,0.41105326017718546,0.41105326017718546,0.4796722315774011,0.49999999999998934,0.8727698218375268,0.0,0.41105326017718546,0.1174310227768634,0.8727698218375268,0.8727698218375268,0.8727698218375268,0.8727698218375268,0.8727698218375268,0.8727698218375268
