obs_gdp,obs_hours,obs_wages,obs_gdpdeflator,obs_corepce,obs_nominalrate,obs_consumption,obs_investment,obs_BBBspread,obs_longinflation,obs_longrate,obs_tfp,obs_gdi,obs_AAAspread,obs_nominalrate1,obs_nominalrate2,obs_nominalrate3,obs_nominalrate4,obs_nominalrate5,obs_nominalrate6
0.3728022873401571,-47.77780532836914,0.3728022873401571,0.5308777261525286,0.49999999999998934,1.0210646084467312,0.3728022873401571,0.3728022873401571,0.41563894278518965,0.49999999999998934,1.0210646084467312,0.0,0.3728022873401571,0.1174310227768634,1.0210646084467312,1.0210646084467312,1.0210646084467312,1.0210646084467312,1.0210646084467312,1.0210646084467312
