obs_gdp,obs_hours,obs_wages,obs_gdpdeflator,obs_corepce,obs_nominalrate,obs_consumption,obs_investment,obs_BBBspread,obs_longinflation,obs_longrate,obs_tfp,obs_gdi,obs_AAAspread,obs_nominalrate1,obs_nominalrate2,obs_nominalrate3,obs_nominalrate4,obs_nominalrate5,obs_nominalrate6
0.3594041764736211,-47.97380828857422,0.3594041764736211,0.5310664884745968,0.49999999999998934,1.0126849713661068,0.3594041764736211,0.3594041764736211,0.4108485925667235,0.49999999999998934,1.0126849713661068,0.0,0.3594041764736211,0.1174310227768634,1.0126849713661068,1.0126849713661068,1.0126849713661068,1.0126849713661068,1.0126849713661068,1.0126849713661068
