obs_gdp,obs_hours,obs_wages,obs_gdpdeflator,obs_corepce,obs_nominalrate,obs_consumption,obs_investment,obs_BBBspread,obs_longinflation,obs_longrate,obs_tfp,obs_gdi,obs_AAAspread,obs_nominalrate1,obs_nominalrate2,obs_nominalrate3,obs_nominalrate4,obs_nominalrate5,obs_nominalrate6
0.35656872391700567,-48.05312728881836,0.35656872391700567,0.5275153405964268,0.49999999999998934,0.9584090853337557,0.35656872391700567,0.35656872391700567,0.4105488043595917,0.49999999999998934,0.9584090853337557,0.0,0.35656872391700567,0.1174310227768634,0.9584090853337557,0.9584090853337557,0.9584090853337557,0.9584090853337557,0.9584090853337557,0.9584090853337557
