obs_gdp,obs_hours,obs_wages,obs_gdpdeflator,obs_corepce,obs_nominalrate,obs_consumption,obs_investment,obs_BBBspread,obs_longinflation,obs_longrate,obs_tfp,obs_gdi,obs_AAAspread,obs_nominalrate1,obs_nominalrate2,obs_nominalrate3,obs_nominalrate4,obs_nominalrate5,obs_nominalrate6
0.39885738653673286,-49.14936918582847,0.39885738653673286,0.49445322310924006,0.49999999999998934,0.8608395309342765,0.39885738653673286,0.39885738653673286,0.47945503629851505,0.49999999999998934,0.8608395309342765,0.0,0.39885738653673286,0.1174310227768634,0.8608395309342765,0.8608395309342765,0.8608395309342765,0.8608395309342765,0.8608395309342765,0.8608395309342765
