obs_gdp,obs_hours,obs_wages,obs_gdpdeflator,obs_corepce,obs_nominalrate,obs_consumption,obs_investment,obs_BBBspread,obs_longinflation,obs_longrate,obs_tfp,obs_gdi,obs_AAAspread,obs_nominalrate1,obs_nominalrate2,obs_nominalrate3,obs_nominalrate4,obs_nominalrate5,obs_nominalrate6
0.3975777557781779,-49.21647228514704,0.3975777557781779,0.4945407104769716,0.49999999999998934,0.8606602906055194,0.3975777557781779,0.3975777557781779,0.47892427254539727,0.49999999999998934,0.8606602906055194,0.0,0.3975777557781779,0.1174310227768634,0.8606602906055194,0.8606602906055194,0.8606602906055194,0.8606602906055194,0.8606602906055194,0.8606602906055194
