obs_gdp,obs_hours,obs_wages,obs_gdpdeflator,obs_corepce,obs_nominalrate,obs_consumption,obs_investment,obs_BBBspread,obs_longinflation,obs_longrate,obs_tfp,obs_gdi,obs_AAAspread,obs_nominalrate1,obs_nominalrate2,obs_nominalrate3,obs_nominalrate4,obs_nominalrate5,obs_nominalrate6
0.405855102036079,-48.7017830904176,0.405855102036079,0.49464221776317907,0.49999999999998934,0.8694918920743921,0.405855102036079,0.405855102036079,0.4790112656902535,0.49999999999998934,0.8694918920743921,0.0,0.405855102036079,0.1174310227768634,0.8694918920743921,0.8694918920743921,0.8694918920743921,0.8694918920743921,0.8694918920743921,0.8694918920743921
