obs_gdp,obs_hours,obs_wages,obs_gdpdeflator,obs_corepce,obs_nominalrate,obs_consumption,obs_investment,obs_BBBspread,obs_longinflation,obs_longrate,obs_tfp,obs_gdi,obs_AAAspread,obs_nominalrate1,obs_nominalrate2,obs_nominalrate3,obs_nominalrate4,obs_nominalrate5,obs_nominalrate6
0.40378204198103784,-48.81912774899494,0.40378204198103784,0.49444309873910935,0.49999999999998934,0.8651005620030849,0.40378204198103784,0.40378204198103784,0.4795234710349449,0.49999999999998934,0.8651005620030849,0.0,0.40378204198103784,0.1174310227768634,0.8651005620030849,0.8651005620030849,0.8651005620030849,0.8651005620030849,0.8651005620030849,0.8651005620030849
