obs_gdp,obs_hours,obs_wages,obs_gdpdeflator,obs_corepce,obs_nominalrate,obs_consumption,obs_investment,obs_BBBspread,obs_longinflation,obs_longrate,obs_tfp,obs_gdi,obs_AAAspread,obs_nominalrate1,obs_nominalrate2,obs_nominalrate3,obs_nominalrate4,obs_nominalrate5,obs_nominalrate6
0.38315424323080993,-47.6171875,0.38315424323080993,0.5162703823298109,0.49999999999998934,0.9913715013723401,0.38315424323080993,0.38315424323080993,0.4141567144999323,0.49999999999998934,0.9913715013723401,0.0,0.38315424323080993,0.1174310227768634,0.9913715013723401,0.9913715013723401,0.9913715013723401,0.9913715013723401,0.9913715013723401,0.9913715013723401
