obs_gdp,obs_hours,obs_wages,obs_gdpdeflator,obs_corepce,obs_nominalrate,obs_consumption,obs_investment,obs_BBBspread,obs_longinflation,obs_longrate,obs_tfp,obs_gdi,obs_AAAspread,obs_nominalrate1,obs_nominalrate2,obs_nominalrate3,obs_nominalrate4,obs_nominalrate5,obs_nominalrate6
0.4030730239555247,-48.857751594375586,0.4030730239555247,0.4943046585016114,0.49999999999998934,0.8656958630661071,0.4030730239555247,0.4030730239555247,0.4783408011447301,0.49999999999998934,0.8656958630661071,0.0,0.4030730239555247,0.1174310227768634,0.8656958630661071,0.8656958630661071,0.8656958630661071,0.8656958630661071,0.8656958630661071,0.8656958630661071
