obs_gdp,obs_hours,obs_wages,obs_gdpdeflator,obs_corepce,obs_nominalrate,obs_consumption,obs_investment,obs_BBBspread,obs_longinflation,obs_longrate,obs_tfp,obs_gdi,obs_AAAspread,obs_nominalrate1,obs_nominalrate2,obs_nominalrate3,obs_nominalrate4,obs_nominalrate5,obs_nominalrate6
0.4115783227866432,-48.34122278227764,0.4115783227866432,0.4946027713004568,0.49999999999998934,0.8744048234134327,0.4115783227866432,0.4115783227866432,0.47840840311687965,0.49999999999998934,0.8744048234134327,0.0,0.4115783227866432,0.1174310227768634,0.8744048234134327,0.8744048234134327,0.8744048234134327,0.8744048234134327,0.8744048234134327,0.8744048234134327
