obs_gdp,obs_hours,obs_wages,obs_gdpdeflator,obs_corepce,obs_nominalrate,obs_consumption,obs_investment,obs_BBBspread,obs_longinflation,obs_longrate,obs_tfp,obs_gdi,obs_AAAspread,obs_nominalrate1,obs_nominalrate2,obs_nominalrate3,obs_nominalrate4,obs_nominalrate5,obs_nominalrate6
0.4028258025646103,-47.12592697143555,0.4028258025646103,0.5137512851506365,0.49999999999998934,1.0050623698180106,0.4028258025646103,0.4028258025646103,0.4207544502871531,0.49999999999998934,1.0050623698180106,0.0,0.4028258025646103,0.1174310227768634,1.0050623698180106,1.0050623698180106,1.0050623698180106,1.0050623698180106,1.0050623698180106,1.0050623698180106
