obs_gdp,obs_hours,obs_wages,obs_gdpdeflator,obs_corepce,obs_nominalrate,obs_consumption,obs_investment,obs_BBBspread,obs_longinflation,obs_longrate,obs_tfp,obs_gdi,obs_AAAspread,obs_nominalrate1,obs_nominalrate2,obs_nominalrate3,obs_nominalrate4,obs_nominalrate5,obs_nominalrate6
0.42842942476273294,-45.282142639160156,0.42842942476273294,0.4859840394928945,0.49999999999998934,0.9437637064872995,0.42842942476273294,0.42842942476273294,0.4963407692588806,0.49999999999998934,0.9437637064872995,0.0,0.42842942476273294,0.1174310227768634,0.9437637064872995,0.9437637064872995,0.9437637064872995,0.9437637064872995,0.9437637064872995,0.9437637064872995
