obs_gdp,obs_hours,obs_wages,obs_gdpdeflator,obs_corepce,obs_nominalrate,obs_consumption,obs_investment,obs_BBBspread,obs_longinflation,obs_longrate,obs_tfp,obs_gdi,obs_AAAspread,obs_nominalrate1,obs_nominalrate2,obs_nominalrate3,obs_nominalrate4,obs_nominalrate5,obs_nominalrate6
0.4555455302221345,-45.38524861917807,0.4555455302221345,0.4936707068621166,0.49999999999998934,0.9508350994373638,0.4555455302221345,0.4555455302221345,0.46604830327124463,0.49999999999998934,0.9508350994373638,0.0,0.4555455302221345,0.1174310227768634,0.9508350994373638,0.9508350994373638,0.9508350994373638,0.9508350994373638,0.9508350994373638,0.9508350994373638
