obs_gdp,obs_hours,obs_wages,obs_gdpdeflator,obs_corepce,obs_nominalrate,obs_consumption,obs_investment,obs_BBBspread,obs_longinflation,obs_longrate,obs_tfp,obs_gdi,obs_AAAspread,obs_nominalrate1,obs_nominalrate2,obs_nominalrate3,obs_nominalrate4,obs_nominalrate5,obs_nominalrate6
0.41648444918558347,-48.047111929784556,0.41648444918558347,0.494687496873356,0.49999999999998934,0.8808406393868484,0.41648444918558347,0.41648444918558347,0.478465903538012,0.49999999999998934,0.8808406393868484,0.0,0.41648444918558347,0.1174310227768634,0.8808406393868484,0.8808406393868484,0.8808406393868484,0.8808406393868484,0.8808406393868484,0.8808406393868484
