obs_gdp,obs_hours,obs_wages,obs_gdpdeflator,obs_corepce,obs_nominalrate,obs_consumption,obs_investment,obs_BBBspread,obs_longinflation,obs_longrate,obs_tfp,obs_gdi,obs_AAAspread,obs_nominalrate1,obs_nominalrate2,obs_nominalrate3,obs_nominalrate4,obs_nominalrate5,obs_nominalrate6
0.4172885119914982,-46.88632583618164,0.4172885119914982,0.5137402992695463,0.49999999999998934,1.009341465316571,0.4172885119914982,0.4172885119914982,0.4186427691080548,0.49999999999998934,1.009341465316571,0.0,0.4172885119914982,0.1174310227768634,1.009341465316571,1.009341465316571,1.009341465316571,1.009341465316571,1.009341465316571,1.009341465316571
