obs_gdp,obs_hours,obs_wages,obs_gdpdeflator,obs_corepce,obs_nominalrate,obs_consumption,obs_investment,obs_BBBspread,obs_longinflation,obs_longrate,obs_tfp,obs_gdi,obs_AAAspread,obs_nominalrate1,obs_nominalrate2,obs_nominalrate3,obs_nominalrate4,obs_nominalrate5,obs_nominalrate6
0.4209215939044997,-47.047698974609375,0.4209215939044997,0.5129437986761225,0.49999999999998934,1.0263710523428005,0.4209215939044997,0.4209215939044997,0.41608687141610634,0.49999999999998934,1.0263710523428005,0.0,0.4209215939044997,0.1174310227768634,1.0263710523428005,1.0263710523428005,1.0263710523428005,1.0263710523428005,1.0263710523428005,1.0263710523428005
