obs_gdp,obs_hours,obs_wages,obs_gdpdeflator,obs_corepce,obs_nominalrate,obs_consumption,obs_investment,obs_BBBspread,obs_longinflation,obs_longrate,obs_tfp,obs_gdi,obs_AAAspread,obs_nominalrate1,obs_nominalrate2,obs_nominalrate3,obs_nominalrate4,obs_nominalrate5,obs_nominalrate6
0.40386033049200076,-48.93796822594237,0.40386033049200076,0.4952695569061931,0.49999999999998934,0.8722423157161874,0.40386033049200076,0.40386033049200076,0.4774236142870485,0.49999999999998934,0.8722423157161874,0.0,0.40386033049200076,0.1174310227768634,0.8722423157161874,0.8722423157161874,0.8722423157161874,0.8722423157161874,0.8722423157161874,0.8722423157161874
