obs_gdp,obs_hours,obs_wages,obs_gdpdeflator,obs_corepce,obs_nominalrate,obs_consumption,obs_investment,obs_BBBspread,obs_longinflation,obs_longrate,obs_tfp,obs_gdi,obs_AAAspread,obs_nominalrate1,obs_nominalrate2,obs_nominalrate3,obs_nominalrate4,obs_nominalrate5,obs_nominalrate6
0.4083277881145486,-47.137664794921875,0.4083277881145486,0.5312205776572121,0.49999999999998934,0.983047641526813,0.4083277881145486,0.4083277881145486,0.42930125861737123,0.49999999999998934,0.983047641526813,0.0,0.4083277881145486,0.1174310227768634,0.983047641526813,0.983047641526813,0.983047641526813,0.983047641526813,0.983047641526813,0.983047641526813
