obs_gdp,obs_hours,obs_wages,obs_gdpdeflator,obs_corepce,obs_nominalrate,obs_consumption,obs_investment,obs_BBBspread,obs_longinflation,obs_longrate,obs_tfp,obs_gdi,obs_AAAspread,obs_nominalrate1,obs_nominalrate2,obs_nominalrate3,obs_nominalrate4,obs_nominalrate5,obs_nominalrate6
0.40172910891895786,-49.09511321171145,0.40172910891895786,0.49549992140051213,0.49999999999998934,0.8704920203208788,0.40172910891895786,0.40172910891895786,0.47807925599543777,0.49999999999998934,0.8704920203208788,0.0,0.40172910891895786,0.1174310227768634,0.8704920203208788,0.8704920203208788,0.8704920203208788,0.8704920203208788,0.8704920203208788,0.8704920203208788
