obs_gdp,obs_hours,obs_wages,obs_gdpdeflator,obs_corepce,obs_nominalrate,obs_consumption,obs_investment,obs_BBBspread,obs_longinflation,obs_longrate,obs_tfp,obs_gdi,obs_AAAspread,obs_nominalrate1,obs_nominalrate2,obs_nominalrate3,obs_nominalrate4,obs_nominalrate5,obs_nominalrate6
0.4007863273968626,-49.10696929757233,0.4007863273968626,0.49513541135042705,0.49999999999998934,0.8697269560209664,0.4007863273968626,0.4007863273968626,0.47762784726512264,0.49999999999998934,0.8697269560209664,0.0,0.4007863273968626,0.1174310227768634,0.8697269560209664,0.8697269560209664,0.8697269560209664,0.8697269560209664,0.8697269560209664,0.8697269560209664
