obs_gdp,obs_hours,obs_wages,obs_gdpdeflator,obs_corepce,obs_nominalrate,obs_consumption,obs_investment,obs_BBBspread,obs_longinflation,obs_longrate,obs_tfp,obs_gdi,obs_AAAspread,obs_nominalrate1,obs_nominalrate2,obs_nominalrate3,obs_nominalrate4,obs_nominalrate5,obs_nominalrate6
0.4023513719931149,-48.99682033352975,0.4023513719931149,0.49518542913423186,0.49999999999998934,0.8710347186484224,0.4023513719931149,0.4023513719931149,0.47742237941927285,0.49999999999998934,0.8710347186484224,0.0,0.4023513719931149,0.1174310227768634,0.8710347186484224,0.8710347186484224,0.8710347186484224,0.8710347186484224,0.8710347186484224,0.8710347186484224
