obs_gdp,obs_hours,obs_wages,obs_gdpdeflator,obs_corepce,obs_nominalrate,obs_consumption,obs_investment,obs_BBBspread,obs_longinflation,obs_longrate,obs_tfp,obs_gdi,obs_AAAspread,obs_nominalrate1,obs_nominalrate2,obs_nominalrate3,obs_nominalrate4,obs_nominalrate5,obs_nominalrate6
0.41636934876441156,-47.06996536254883,0.41636934876441156,0.5303546153008831,0.49999999999998934,0.9729555631193154,0.41636934876441156,0.41636934876441156,0.42639244585391406,0.49999999999998934,0.9729555631193154,0.0,0.41636934876441156,0.1174310227768634,0.9729555631193154,0.9729555631193154,0.9729555631193154,0.9729555631193154,0.9729555631193154,0.9729555631193154
