obs_gdp,obs_hours,obs_wages,obs_gdpdeflator,obs_corepce,obs_nominalrate,obs_consumption,obs_investment,obs_BBBspread,obs_longinflation,obs_longrate,obs_tfp,obs_gdi,obs_AAAspread,obs_nominalrate1,obs_nominalrate2,obs_nominalrate3,obs_nominalrate4,obs_nominalrate5,obs_nominalrate6
0.41962191462516785,-45.55170440673828,0.41962191462516785,0.48752431944011576,0.49999999999998934,0.9297325251517385,0.41962191462516785,0.41962191462516785,0.4920420857687209,0.49999999999998934,0.9297325251517385,0.0,0.41962191462516785,0.1174310227768634,0.9297325251517385,0.9297325251517385,0.9297325251517385,0.9297325251517385,0.9297325251517385,0.9297325251517385
