obs_gdp,obs_hours,obs_wages,obs_gdpdeflator,obs_corepce,obs_nominalrate,obs_consumption,obs_investment,obs_BBBspread,obs_longinflation,obs_longrate,obs_tfp,obs_gdi,obs_AAAspread,obs_nominalrate1,obs_nominalrate2,obs_nominalrate3,obs_nominalrate4,obs_nominalrate5,obs_nominalrate6
0.42036283016204656,-47.1319580078125,0.42036283016204656,0.5323701910674465,0.49999999999998934,0.9799646079985402,0.42036283016204656,0.42036283016204656,0.43040808945131026,0.49999999999998934,0.9799646079985402,0.0,0.42036283016204656,0.1174310227768634,0.9799646079985402,0.9799646079985402,0.9799646079985402,0.9799646079985402,0.9799646079985402,0.9799646079985402
