obs_gdp,obs_hours,obs_wages,obs_gdpdeflator,obs_corepce,obs_nominalrate,obs_consumption,obs_investment,obs_BBBspread,obs_longinflation,obs_longrate,obs_tfp,obs_gdi,obs_AAAspread,obs_nominalrate1,obs_nominalrate2,obs_nominalrate3,obs_nominalrate4,obs_nominalrate5,obs_nominalrate6
0.4046398569594212,-48.86086123053864,0.4046398569594212,0.4953206498717888,0.49999999999998934,0.8737444211108114,0.4046398569594212,0.4046398569594212,0.47750857460884844,0.49999999999998934,0.8737444211108114,0.0,0.4046398569594212,0.1174310227768634,0.8737444211108114,0.8737444211108114,0.8737444211108114,0.8737444211108114,0.8737444211108114,0.8737444211108114
