obs_gdp,obs_hours,obs_wages,obs_gdpdeflator,obs_corepce,obs_nominalrate,obs_consumption,obs_investment,obs_BBBspread,obs_longinflation,obs_longrate,obs_tfp,obs_gdi,obs_AAAspread,obs_nominalrate1,obs_nominalrate2,obs_nominalrate3,obs_nominalrate4,obs_nominalrate5,obs_nominalrate6
0.4036114612546271,-48.926468811775656,0.4036114612546271,0.4952966624820735,0.49999999999998934,0.8725076003696097,0.4036114612546271,0.4036114612546271,0.47763738377138937,0.49999999999998934,0.8725076003696097,0.0,0.4036114612546271,0.1174310227768634,0.8725076003696097,0.8725076003696097,0.8725076003696097,0.8725076003696097,0.8725076003696097,0.8725076003696097
