obs_gdp,obs_hours,obs_wages,obs_gdpdeflator,obs_corepce,obs_nominalrate,obs_consumption,obs_investment,obs_BBBspread,obs_longinflation,obs_longrate,obs_tfp,obs_gdi,obs_AAAspread,obs_nominalrate1,obs_nominalrate2,obs_nominalrate3,obs_nominalrate4,obs_nominalrate5,obs_nominalrate6
0.42070123553274996,-47.36975860595703,0.42070123553274996,0.5334758237004174,0.49999999999998934,0.9874327097860958,0.42070123553274996,0.42070123553274996,0.4335821678475079,0.49999999999998934,0.9874327097860958,0.0,0.42070123553274996,0.1174310227768634,0.9874327097860958,0.9874327097860958,0.9874327097860958,0.9874327097860958,0.9874327097860958,0.9874327097860958
