obs_gdp,obs_hours,obs_wages,obs_gdpdeflator,obs_corepce,obs_nominalrate,obs_consumption,obs_investment,obs_BBBspread,obs_longinflation,obs_longrate,obs_tfp,obs_gdi,obs_AAAspread,obs_nominalrate1,obs_nominalrate2,obs_nominalrate3,obs_nominalrate4,obs_nominalrate5,obs_nominalrate6
0.4168145954609015,-47.38194274902344,0.4168145954609015,0.5369909778237236,0.49999999999998934,0.9810884684605226,0.4168145954609015,0.4168145954609015,0.43398076912489214,0.49999999999998934,0.9810884684605226,0.0,0.4168145954609015,0.1174310227768634,0.9810884684605226,0.9810884684605226,0.9810884684605226,0.9810884684605226,0.9810884684605226,0.9810884684605226
