obs_gdp,obs_hours,obs_wages,obs_gdpdeflator,obs_corepce,obs_nominalrate,obs_consumption,obs_investment,obs_BBBspread,obs_longinflation,obs_longrate,obs_tfp,obs_gdi,obs_AAAspread,obs_nominalrate1,obs_nominalrate2,obs_nominalrate3,obs_nominalrate4,obs_nominalrate5,obs_nominalrate6
0.41043403035054826,-48.432485638911245,0.41043403035054826,0.49528297073680033,0.49999999999998934,0.8800258325510013,0.41043403035054826,0.41043403035054826,0.47819836722499565,0.49999999999998934,0.8800258325510013,0.0,0.41043403035054826,0.1174310227768634,0.8800258325510013,0.8800258325510013,0.8800258325510013,0.8800258325510013,0.8800258325510013,0.8800258325510013
