obs_gdp,obs_hours,obs_wages,obs_gdpdeflator,obs_corepce,obs_nominalrate,obs_consumption,obs_investment,obs_BBBspread,obs_longinflation,obs_longrate,obs_tfp,obs_gdi,obs_AAAspread,obs_nominalrate1,obs_nominalrate2,obs_nominalrate3,obs_nominalrate4,obs_nominalrate5,obs_nominalrate6
0.4131448864936882,-47.349456787109375,0.4131448864936882,0.5475732646882427,0.49999999999998934,0.9879191420905986,0.4131448864936882,0.4131448864936882,0.4391641313224878,0.49999999999998934,0.9879191420905986,0.0,0.4131448864936882,0.1174310227768634,0.9879191420905986,0.9879191420905986,0.9879191420905986,0.9879191420905986,0.9879191420905986,0.9879191420905986
