obs_gdp,obs_hours,obs_wages,obs_gdpdeflator,obs_corepce,obs_nominalrate,obs_consumption,obs_investment,obs_BBBspread,obs_longinflation,obs_longrate,obs_tfp,obs_gdi,obs_AAAspread,obs_nominalrate1,obs_nominalrate2,obs_nominalrate3,obs_nominalrate4,obs_nominalrate5,obs_nominalrate6
0.4264984130859295,-46.99897003173828,0.4264984130859295,0.5500636696815384,0.49999999999998934,1.0132736929104436,0.4264984130859295,0.4264984130859295,0.4377884924242314,0.49999999999998934,1.0132736929104436,0.0,0.4264984130859295,0.1174310227768634,1.0132736929104436,1.0132736929104436,1.0132736929104436,1.0132736929104436,1.0132736929104436,1.0132736929104436
