obs_gdp,obs_hours,obs_wages,obs_gdpdeflator,obs_corepce,obs_nominalrate,obs_consumption,obs_investment,obs_BBBspread,obs_longinflation,obs_longrate,obs_tfp,obs_gdi,obs_AAAspread,obs_nominalrate1,obs_nominalrate2,obs_nominalrate3,obs_nominalrate4,obs_nominalrate5,obs_nominalrate6
0.4112950002081339,-48.49759264860337,0.4112950002081339,0.49554789273927974,0.49999999999998934,0.8810065998612338,0.4112950002081339,0.4112950002081339,0.47811866712262385,0.49999999999998934,0.8810065998612338,0.0,0.4112950002081339,0.1174310227768634,0.8810065998612338,0.8810065998612338,0.8810065998612338,0.8810065998612338,0.8810065998612338,0.8810065998612338
