obs_gdp,obs_hours,obs_wages,obs_gdpdeflator,obs_corepce,obs_nominalrate,obs_consumption,obs_investment,obs_BBBspread,obs_longinflation,obs_longrate,obs_tfp,obs_gdi,obs_AAAspread,obs_nominalrate1,obs_nominalrate2,obs_nominalrate3,obs_nominalrate4,obs_nominalrate5,obs_nominalrate6
0.41055946502965845,-48.549212664214124,0.41055946502965845,0.49575008479885285,0.49999999999998934,0.8780181521227615,0.41055946502965845,0.41055946502965845,0.47830646916708186,0.49999999999998934,0.8780181521227615,0.0,0.41055946502965845,0.1174310227768634,0.8780181521227615,0.8780181521227615,0.8780181521227615,0.8780181521227615,0.8780181521227615,0.8780181521227615
