obs_gdp,obs_hours,obs_wages,obs_gdpdeflator,obs_corepce,obs_nominalrate,obs_consumption,obs_investment,obs_BBBspread,obs_longinflation,obs_longrate,obs_tfp,obs_gdi,obs_AAAspread,obs_nominalrate1,obs_nominalrate2,obs_nominalrate3,obs_nominalrate4,obs_nominalrate5,obs_nominalrate6
0.41201317310333163,-47.17446517944336,0.41201317310333163,0.5525469146668804,0.49999999999998934,1.0250906100085944,0.41201317310333163,0.41201317310333163,0.43070402490629817,0.49999999999998934,1.0250906100085944,0.0,0.41201317310333163,0.1174310227768634,1.0250906100085944,1.0250906100085944,1.0250906100085944,1.0250906100085944,1.0250906100085944,1.0250906100085944
