obs_gdp,obs_hours,obs_wages,obs_gdpdeflator,obs_corepce,obs_nominalrate,obs_consumption,obs_investment,obs_BBBspread,obs_longinflation,obs_longrate,obs_tfp,obs_gdi,obs_AAAspread,obs_nominalrate1,obs_nominalrate2,obs_nominalrate3,obs_nominalrate4,obs_nominalrate5,obs_nominalrate6
0.41456853961792106,-48.26965741287985,0.41456853961792106,0.49589389321318605,0.49999999999998934,0.8838141496839258,0.41456853961792106,0.41456853961792106,0.4777040194647901,0.49999999999998934,0.8838141496839258,0.0,0.41456853961792106,0.1174310227768634,0.8838141496839258,0.8838141496839258,0.8838141496839258,0.8838141496839258,0.8838141496839258,0.8838141496839258
