obs_gdp,obs_hours,obs_wages,obs_gdpdeflator,obs_corepce,obs_nominalrate,obs_consumption,obs_investment,obs_BBBspread,obs_longinflation,obs_longrate,obs_tfp,obs_gdi,obs_AAAspread,obs_nominalrate1,obs_nominalrate2,obs_nominalrate3,obs_nominalrate4,obs_nominalrate5,obs_nominalrate6
0.40700685977936857,-47.34906768798828,0.40700685977936857,0.5510458759963406,0.49999999999998934,1.0272439809292155,0.40700685977936857,0.40700685977936857,0.4349932054997617,0.49999999999998934,1.0272439809292155,0.0,0.40700685977936857,0.1174310227768634,1.0272439809292155,1.0272439809292155,1.0272439809292155,1.0272439809292155,1.0272439809292155,1.0272439809292155
