obs_gdp,obs_hours,obs_wages,obs_gdpdeflator,obs_corepce,obs_nominalrate,obs_consumption,obs_investment,obs_BBBspread,obs_longinflation,obs_longrate,obs_tfp,obs_gdi,obs_AAAspread,obs_nominalrate1,obs_nominalrate2,obs_nominalrate3,obs_nominalrate4,obs_nominalrate5,obs_nominalrate6
0.42371428012848433,-47.069358825683594,0.42371428012848433,0.556074328720559,0.49999999999998934,1.037135745702944,0.42371428012848433,0.42371428012848433,0.4362200171548471,0.49999999999998934,1.037135745702944,0.0,0.42371428012848433,0.1174310227768634,1.037135745702944,1.037135745702944,1.037135745702944,1.037135745702944,1.037135745702944,1.037135745702944
