obs_gdp,obs_hours,obs_wages,obs_gdpdeflator,obs_corepce,obs_nominalrate,obs_consumption,obs_investment,obs_BBBspread,obs_longinflation,obs_longrate,obs_tfp,obs_gdi,obs_AAAspread,obs_nominalrate1,obs_nominalrate2,obs_nominalrate3,obs_nominalrate4,obs_nominalrate5,obs_nominalrate6
0.4155963116167172,-48.20341416641688,0.4155963116167172,0.49615321110420063,0.49999999999998934,0.8855971876136071,0.4155963116167172,0.4155963116167172,0.4773878061727205,0.49999999999998934,0.8855971876136071,0.0,0.4155963116167172,0.1174310227768634,0.8855971876136071,0.8855971876136071,0.8855971876136071,0.8855971876136071,0.8855971876136071,0.8855971876136071
