obs_gdp,obs_hours,obs_wages,obs_gdpdeflator,obs_corepce,obs_nominalrate,obs_consumption,obs_investment,obs_BBBspread,obs_longinflation,obs_longrate,obs_tfp,obs_gdi,obs_AAAspread,obs_nominalrate1,obs_nominalrate2,obs_nominalrate3,obs_nominalrate4,obs_nominalrate5,obs_nominalrate6
0.41295054554939536,-45.391868591308594,0.41295054554939536,0.4854372348636282,0.49999999999998934,0.9291047069848624,0.41295054554939536,0.41295054554939536,0.49370984491343667,0.49999999999998934,0.9291047069848624,0.0,0.41295054554939536,0.1174310227768634,0.9291047069848624,0.9291047069848624,0.9291047069848624,0.9291047069848624,0.9291047069848624,0.9291047069848624
