obs_gdp,obs_hours,obs_wages,obs_gdpdeflator,obs_corepce,obs_nominalrate,obs_consumption,obs_investment,obs_BBBspread,obs_longinflation,obs_longrate,obs_tfp,obs_gdi,obs_AAAspread,obs_nominalrate1,obs_nominalrate2,obs_nominalrate3,obs_nominalrate4,obs_nominalrate5,obs_nominalrate6
0.41749757528304343,-47.05002975463867,0.41749757528304343,0.4998553131590491,0.49999999999998934,0.8680754626887444,0.41749757528304343,0.41749757528304343,0.5002035675950359,0.49999999999998934,0.8680754626887444,0.0,0.41749757528304343,0.1174310227768634,0.8680754626887444,0.8680754626887444,0.8680754626887444,0.8680754626887444,0.8680754626887444,0.8680754626887444
