obs_gdp,obs_hours,obs_wages,obs_gdpdeflator,obs_corepce,obs_nominalrate,obs_consumption,obs_investment,obs_BBBspread,obs_longinflation,obs_longrate,obs_tfp,obs_gdi,obs_AAAspread,obs_nominalrate1,obs_nominalrate2,obs_nominalrate3,obs_nominalrate4,obs_nominalrate5,obs_nominalrate6
0.431688438261868,-47.19000059627302,0.431688438261868,0.4940062464583936,0.49999999999998934,0.9336493717657879,0.431688438261868,0.431688438261868,0.46606371856693674,0.49999999999998934,0.9336493717657879,0.0,0.431688438261868,0.1174310227768634,0.9336493717657879,0.9336493717657879,0.9336493717657879,0.9336493717657879,0.9336493717657879,0.9336493717657879
