obs_gdp,obs_hours,obs_wages,obs_gdpdeflator,obs_corepce,obs_nominalrate,obs_consumption,obs_investment,obs_BBBspread,obs_longinflation,obs_longrate,obs_tfp,obs_gdi,obs_AAAspread,obs_nominalrate1,obs_nominalrate2,obs_nominalrate3,obs_nominalrate4,obs_nominalrate5,obs_nominalrate6
0.48602624655713633,-47.2431624736234,0.48602624655713633,0.4750975325983115,0.49999999999998934,1.2546431653490675,0.48602624655713633,0.48602624655713633,0.4314566689335859,0.49999999999998934,1.2546431653490675,0.0,0.48602624655713633,0.1174310227768634,1.2546431653490675,1.2546431653490675,1.2546431653490675,1.2546431653490675,1.2546431653490675,1.2546431653490675
