obs_gdp,obs_hours,obs_wages,obs_gdpdeflator,obs_corepce,obs_nominalrate,obs_consumption,obs_investment,obs_BBBspread,obs_longinflation,obs_longrate,obs_tfp,obs_gdi,obs_AAAspread,obs_nominalrate1,obs_nominalrate2,obs_nominalrate3,obs_nominalrate4,obs_nominalrate5,obs_nominalrate6
0.5729946718397327,-43.97970222447163,0.5729946718397327,0.4759801861401471,0.49999999999998934,1.3621241769443682,0.5729946718397327,0.5729946718397327,0.4298857106523042,0.49999999999998934,1.3621241769443682,0.0,0.5729946718397327,0.1174310227768634,1.3621241769443682,1.3621241769443682,1.3621241769443682,1.3621241769443682,1.3621241769443682,1.3621241769443682
