obs_gdp,obs_hours,obs_wages,obs_gdpdeflator,obs_corepce,obs_nominalrate,obs_consumption,obs_investment,obs_BBBspread,obs_longinflation,obs_longrate,obs_tfp,obs_gdi,obs_AAAspread,obs_nominalrate1,obs_nominalrate2,obs_nominalrate3,obs_nominalrate4,obs_nominalrate5,obs_nominalrate6
0.47505706728645514,-47.902833680035364,0.47505706728645514,0.47577002011709774,0.49999999999998934,1.2212917026104497,0.47505706728645514,0.47505706728645514,0.43268725191767715,0.49999999999998934,1.2212917026104497,0.0,0.47505706728645514,0.1174310227768634,1.2212917026104497,1.2212917026104497,1.2212917026104497,1.2212917026104497,1.2212917026104497,1.2212917026104497
