obs_gdp,obs_hours,obs_wages,obs_gdpdeflator,obs_corepce,obs_nominalrate,obs_consumption,obs_investment,obs_BBBspread,obs_longinflation,obs_longrate,obs_tfp,obs_gdi,obs_AAAspread,obs_nominalrate1,obs_nominalrate2,obs_nominalrate3,obs_nominalrate4,obs_nominalrate5,obs_nominalrate6
0.4211286208395837,-48.514778687963684,0.4211286208395837,0.4835579657000953,0.49999999999998934,1.1442153378549813,0.4211286208395837,0.4211286208395837,0.4437578678549015,0.49999999999998934,1.1442153378549813,0.0,0.4211286208395837,0.1174310227768634,1.1442153378549813,1.1442153378549813,1.1442153378549813,1.1442153378549813,1.1442153378549813,1.1442153378549813
