obs_gdp,obs_hours,obs_wages,obs_gdpdeflator,obs_corepce,obs_nominalrate,obs_consumption,obs_investment,obs_BBBspread,obs_longinflation,obs_longrate,obs_tfp,obs_gdi,obs_AAAspread,obs_nominalrate1,obs_nominalrate2,obs_nominalrate3,obs_nominalrate4,obs_nominalrate5,obs_nominalrate6
0.5882313889838731,-43.73434501821055,0.5882313889838731,0.47343913229127005,0.49999999999998934,1.4060042901521408,0.5882313889838731,0.5882313889838731,0.432558860061977,0.49999999999998934,1.4060042901521408,0.0,0.5882313889838731,0.1174310227768634,1.4060042901521408,1.4060042901521408,1.4060042901521408,1.4060042901521408,1.4060042901521408,1.4060042901521408
