obs_gdp,obs_hours,obs_wages,obs_gdpdeflator,obs_corepce,obs_nominalrate,obs_consumption,obs_investment,obs_BBBspread,obs_longinflation,obs_longrate,obs_tfp,obs_gdi,obs_AAAspread,obs_nominalrate1,obs_nominalrate2,obs_nominalrate3,obs_nominalrate4,obs_nominalrate5,obs_nominalrate6
0.49509474174425083,-47.049761923493975,0.49509474174425083,0.47420328301805087,0.49999999999998934,1.2537660756921198,0.49509474174425083,0.49509474174425083,0.4347215594217971,0.49999999999998934,1.2537660756921198,0.0,0.49509474174425083,0.1174310227768634,1.2537660756921198,1.2537660756921198,1.2537660756921198,1.2537660756921198,1.2537660756921198,1.2537660756921198
