obs_gdp,obs_hours,obs_wages,obs_gdpdeflator,obs_corepce,obs_nominalrate,obs_consumption,obs_investment,obs_BBBspread,obs_longinflation,obs_longrate,obs_tfp,obs_gdi,obs_AAAspread,obs_nominalrate1,obs_nominalrate2,obs_nominalrate3,obs_nominalrate4,obs_nominalrate5,obs_nominalrate6
0.4477314146512201,-48.568597454800816,0.4477314146512201,0.47671496347722386,0.49999999999998934,1.1734340995806614,0.4477314146512201,0.4477314146512201,0.43554881618446334,0.49999999999998934,1.1734340995806614,0.0,0.4477314146512201,0.1174310227768634,1.1734340995806614,1.1734340995806614,1.1734340995806614,1.1734340995806614,1.1734340995806614,1.1734340995806614
