obs_gdp,obs_hours,obs_wages,obs_gdpdeflator,obs_corepce,obs_nominalrate,obs_consumption,obs_investment,obs_BBBspread,obs_longinflation,obs_longrate,obs_tfp,obs_gdi,obs_AAAspread,obs_nominalrate1,obs_nominalrate2,obs_nominalrate3,obs_nominalrate4,obs_nominalrate5,obs_nominalrate6
0.4218257833581651,-49.58704479941562,0.4218257833581651,0.47688733267965316,0.49999999999998934,1.1696795844628793,0.4218257833581651,0.4218257833581651,0.43168421750044184,0.49999999999998934,1.1696795844628793,0.0,0.4218257833581651,0.1174310227768634,1.1696795844628793,1.1696795844628793,1.1696795844628793,1.1696795844628793,1.1696795844628793,1.1696795844628793
