obs_gdp,obs_hours,obs_wages,obs_gdpdeflator,obs_corepce,obs_nominalrate,obs_consumption,obs_investment,obs_BBBspread,obs_longinflation,obs_longrate,obs_tfp,obs_gdi,obs_AAAspread,obs_nominalrate1,obs_nominalrate2,obs_nominalrate3,obs_nominalrate4,obs_nominalrate5,obs_nominalrate6
0.49985896183064593,-46.10091177052342,0.49985896183064593,0.4801037442550327,0.49999999999998934,1.2497601060737384,0.49985896183064593,0.49985896183064593,0.4329754643840592,0.49999999999998934,1.2497601060737384,0.0,0.49985896183064593,0.1174310227768634,1.2497601060737384,1.2497601060737384,1.2497601060737384,1.2497601060737384,1.2497601060737384,1.2497601060737384
