obs_gdp,obs_hours,obs_wages,obs_gdpdeflator,obs_corepce,obs_nominalrate,obs_consumption,obs_investment,obs_BBBspread,obs_longinflation,obs_longrate,obs_tfp,obs_gdi,obs_AAAspread,obs_nominalrate1,obs_nominalrate2,obs_nominalrate3,obs_nominalrate4,obs_nominalrate5,obs_nominalrate6
0.4196496281076989,-49.50198819465521,0.4196496281076989,0.4732628919913582,0.49999999999998934,1.1618000914328075,0.4196496281076989,0.4196496281076989,0.4365117529961286,0.49999999999998934,1.1618000914328075,0.0,0.4196496281076989,0.1174310227768634,1.1618000914328075,1.1618000914328075,1.1618000914328075,1.1618000914328075,1.1618000914328075,1.1618000914328075
