obs_gdp,obs_hours,obs_wages,obs_gdpdeflator,obs_corepce,obs_nominalrate,obs_consumption,obs_investment,obs_BBBspread,obs_longinflation,obs_longrate,obs_tfp,obs_gdi,obs_AAAspread,obs_nominalrate1,obs_nominalrate2,obs_nominalrate3,obs_nominalrate4,obs_nominalrate5,obs_nominalrate6
0.5504939698923739,-45.14611490890609,0.5504939698923739,0.47642060419392546,0.49999999999998934,1.3524689479025076,0.5504939698923739,0.5504939698923739,0.4319552233479057,0.49999999999998934,1.3524689479025076,0.0,0.5504939698923739,0.1174310227768634,1.3524689479025076,1.3524689479025076,1.3524689479025076,1.3524689479025076,1.3524689479025076,1.3524689479025076
