obs_gdp,obs_hours,obs_wages,obs_gdpdeflator,obs_corepce,obs_nominalrate,obs_consumption,obs_investment,obs_BBBspread,obs_longinflation,obs_longrate,obs_tfp,obs_gdi,obs_AAAspread,obs_nominalrate1,obs_nominalrate2,obs_nominalrate3,obs_nominalrate4,obs_nominalrate5,obs_nominalrate6
0.5320664321057489,-45.48118768281406,0.5320664321057489,0.47698584909159847,0.49999999999998934,1.306909591243044,0.5320664321057489,0.5320664321057489,0.43736428462545573,0.49999999999998934,1.306909591243044,0.0,0.5320664321057489,0.1174310227768634,1.306909591243044,1.306909591243044,1.306909591243044,1.306909591243044,1.306909591243044,1.306909591243044
