obs_gdp,obs_hours,obs_wages,obs_gdpdeflator,obs_corepce,obs_nominalrate,obs_consumption,obs_investment,obs_BBBspread,obs_longinflation,obs_longrate,obs_tfp,obs_gdi,obs_AAAspread,obs_nominalrate1,obs_nominalrate2,obs_nominalrate3,obs_nominalrate4,obs_nominalrate5,obs_nominalrate6
0.564228282299184,-43.968992817175625,0.564228282299184,0.4820738443936689,0.49999999999998934,1.350401539708157,0.564228282299184,0.564228282299184,0.43643662909744185,0.49999999999998934,1.350401539708157,0.0,0.564228282299184,0.1174310227768634,1.350401539708157,1.350401539708157,1.350401539708157,1.350401539708157,1.350401539708157,1.350401539708157
