obs_gdp,obs_hours,obs_wages,obs_gdpdeflator,obs_corepce,obs_nominalrate,obs_consumption,obs_investment,obs_BBBspread,obs_longinflation,obs_longrate,obs_tfp,obs_gdi,obs_AAAspread,obs_nominalrate1,obs_nominalrate2,obs_nominalrate3,obs_nominalrate4,obs_nominalrate5,obs_nominalrate6
0.5045185621864068,-46.729905558602745,0.5045185621864068,0.47400258674964757,0.49999999999998934,1.2673400666387558,0.5045185621864068,0.5045185621864068,0.4324643158149325,0.49999999999998934,1.2673400666387558,0.0,0.5045185621864068,0.1174310227768634,1.2673400666387558,1.2673400666387558,1.2673400666387558,1.2673400666387558,1.2673400666387558,1.2673400666387558
