obs_gdp,obs_hours,obs_wages,obs_gdpdeflator,obs_corepce,obs_nominalrate,obs_consumption,obs_investment,obs_BBBspread,obs_longinflation,obs_longrate,obs_tfp,obs_gdi,obs_AAAspread,obs_nominalrate1,obs_nominalrate2,obs_nominalrate3,obs_nominalrate4,obs_nominalrate5,obs_nominalrate6
0.5405551628832939,-44.79960031410141,0.5405551628832939,0.4817833664134647,0.49999999999998934,1.3141047516852744,0.5405551628832939,0.5405551628832939,0.43634669047746694,0.49999999999998934,1.3141047516852744,0.0,0.5405551628832939,0.1174310227768634,1.3141047516852744,1.3141047516852744,1.3141047516852744,1.3141047516852744,1.3141047516852744,1.3141047516852744
