obs_gdp,obs_hours,obs_wages,obs_gdpdeflator,obs_corepce,obs_nominalrate,obs_consumption,obs_investment,obs_BBBspread,obs_longinflation,obs_longrate,obs_tfp,obs_gdi,obs_AAAspread,obs_nominalrate1,obs_nominalrate2,obs_nominalrate3,obs_nominalrate4,obs_nominalrate5,obs_nominalrate6
0.45264007232879155,-48.378908330493374,0.45264007232879155,0.4768838812285048,0.49999999999998934,1.1833767190355227,0.45264007232879155,0.45264007232879155,0.4351034040354397,0.49999999999998934,1.1833767190355227,0.0,0.45264007232879155,0.1174310227768634,1.1833767190355227,1.1833767190355227,1.1833767190355227,1.1833767190355227,1.1833767190355227,1.1833767190355227
