obs_gdp,obs_hours,obs_wages,obs_gdpdeflator,obs_corepce,obs_nominalrate,obs_consumption,obs_investment,obs_BBBspread,obs_longinflation,obs_longrate,obs_tfp,obs_gdi,obs_AAAspread,obs_nominalrate1,obs_nominalrate2,obs_nominalrate3,obs_nominalrate4,obs_nominalrate5,obs_nominalrate6
0.4693493508151736,-47.361452907544965,0.4693493508151736,0.47793243155489995,0.49999999999998934,1.2032265991328783,0.4693493508151736,0.4693493508151736,0.4332083797240245,0.49999999999998934,1.2032265991328783,0.0,0.4693493508151736,0.1174310227768634,1.2032265991328783,1.2032265991328783,1.2032265991328783,1.2032265991328783,1.2032265991328783,1.2032265991328783
