obs_gdp,obs_hours,obs_wages,obs_gdpdeflator,obs_corepce,obs_nominalrate,obs_consumption,obs_investment,obs_BBBspread,obs_longinflation,obs_longrate,obs_tfp,obs_gdi,obs_AAAspread,obs_nominalrate1,obs_nominalrate2,obs_nominalrate3,obs_nominalrate4,obs_nominalrate5,obs_nominalrate6
0.49597534712237934,-46.43541456478931,0.49597534712237934,0.4811423749702864,0.49999999999998934,1.238815402594895,0.49597534712237934,0.49597534712237934,0.43389412503542224,0.49999999999998934,1.238815402594895,0.0,0.49597534712237934,0.1174310227768634,1.238815402594895,1.238815402594895,1.238815402594895,1.238815402594895,1.238815402594895,1.238815402594895
