obs_gdp,obs_hours,obs_wages,obs_gdpdeflator,obs_corepce,obs_nominalrate,obs_consumption,obs_investment,obs_BBBspread,obs_longinflation,obs_longrate,obs_tfp,obs_gdi,obs_AAAspread,obs_nominalrate1,obs_nominalrate2,obs_nominalrate3,obs_nominalrate4,obs_nominalrate5,obs_nominalrate6
0.44951213241759547,-47.980980080296405,0.44951213241759547,0.4780386459628113,0.49999999999998934,1.1924244869368827,0.44951213241759547,0.44951213241759547,0.44040214806083927,0.49999999999998934,1.1924244869368827,0.0,0.44951213241759547,0.1174310227768634,1.1924244869368827,1.1924244869368827,1.1924244869368827,1.1924244869368827,1.1924244869368827,1.1924244869368827
