obs_gdp,obs_hours,obs_wages,obs_gdpdeflator,obs_corepce,obs_nominalrate,obs_consumption,obs_investment,obs_BBBspread,obs_longinflation,obs_longrate,obs_tfp,obs_gdi,obs_AAAspread,obs_nominalrate1,obs_nominalrate2,obs_nominalrate3,obs_nominalrate4,obs_nominalrate5,obs_nominalrate6
0.5351890436933404,-45.5341394391463,0.5351890436933404,0.4770060750458044,0.49999999999998934,1.3242748408465843,0.5351890436933404,0.5351890436933404,0.4346394432318458,0.49999999999998934,1.3242748408465843,0.0,0.5351890436933404,0.1174310227768634,1.3242748408465843,1.3242748408465843,1.3242748408465843,1.3242748408465843,1.3242748408465843,1.3242748408465843
