obs_gdp,obs_hours,obs_wages,obs_gdpdeflator,obs_corepce,obs_nominalrate,obs_consumption,obs_investment,obs_BBBspread,obs_longinflation,obs_longrate,obs_tfp,obs_gdi,obs_AAAspread,obs_nominalrate1,obs_nominalrate2,obs_nominalrate3,obs_nominalrate4,obs_nominalrate5,obs_nominalrate6
0.47000339944069935,-47.737354567291746,0.47000339944069935,0.47667224274781517,0.49999999999998934,1.2285689991027304,0.47000339944069935,0.47000339944069935,0.4330250096823091,0.49999999999998934,1.2285689991027304,0.0,0.47000339944069935,0.1174310227768634,1.2285689991027304,1.2285689991027304,1.2285689991027304,1.2285689991027304,1.2285689991027304,1.2285689991027304
