obs_gdp,obs_hours,obs_wages,obs_gdpdeflator,obs_corepce,obs_nominalrate,obs_consumption,obs_investment,obs_BBBspread,obs_longinflation,obs_longrate,obs_tfp,obs_gdi,obs_AAAspread,obs_nominalrate1,obs_nominalrate2,obs_nominalrate3,obs_nominalrate4,obs_nominalrate5,obs_nominalrate6
0.5018257290760886,-46.508925501264784,0.5018257290760886,0.47622734253080773,0.49999999999998934,1.265703085562131,0.5018257290760886,0.5018257290760886,0.4334866888757968,0.49999999999998934,1.265703085562131,0.0,0.5018257290760886,0.1174310227768634,1.265703085562131,1.265703085562131,1.265703085562131,1.265703085562131,1.265703085562131,1.265703085562131
