obs_gdp,obs_hours,obs_wages,obs_gdpdeflator,obs_corepce,obs_nominalrate,obs_consumption,obs_investment,obs_BBBspread,obs_longinflation,obs_longrate,obs_tfp,obs_gdi,obs_AAAspread,obs_nominalrate1,obs_nominalrate2,obs_nominalrate3,obs_nominalrate4,obs_nominalrate5,obs_nominalrate6
0.4669693784238982,-47.74162215405061,0.4669693784238982,0.47736373939373516,0.49999999999998934,1.2228951534018373,0.4669693784238982,0.4669693784238982,0.4294978468229707,0.49999999999998934,1.2228951534018373,0.0,0.4669693784238982,0.1174310227768634,1.2228951534018373,1.2228951534018373,1.2228951534018373,1.2228951534018373,1.2228951534018373,1.2228951534018373
