obs_gdp,obs_hours,obs_wages,obs_gdpdeflator,obs_corepce,obs_nominalrate,obs_consumption,obs_investment,obs_BBBspread,obs_longinflation,obs_longrate,obs_tfp,obs_gdi,obs_AAAspread,obs_nominalrate1,obs_nominalrate2,obs_nominalrate3,obs_nominalrate4,obs_nominalrate5,obs_nominalrate6
0.49160892468691486,-46.55567554357255,0.49160892468691486,0.481947247678729,0.49999999999998934,1.238918537812217,0.49160892468691486,0.49160892468691486,0.43362340407012595,0.49999999999998934,1.238918537812217,0.0,0.49160892468691486,0.1174310227768634,1.238918537812217,1.238918537812217,1.238918537812217,1.238918537812217,1.238918537812217,1.238918537812217
