obs_gdp,obs_hours,obs_wages,obs_gdpdeflator,obs_corepce,obs_nominalrate,obs_consumption,obs_investment,obs_BBBspread,obs_longinflation,obs_longrate,obs_tfp,obs_gdi,obs_AAAspread,obs_nominalrate1,obs_nominalrate2,obs_nominalrate3,obs_nominalrate4,obs_nominalrate5,obs_nominalrate6
0.4436772951508461,-47.9484568535023,0.4436772951508461,0.4842609090551968,0.49999999999998934,1.1825830494874179,0.4436772951508461,0.4436772951508461,0.4355933978094971,0.49999999999998934,1.1825830494874179,0.0,0.4436772951508461,0.1174310227768634,1.1825830494874179,1.1825830494874179,1.1825830494874179,1.1825830494874179,1.1825830494874179,1.1825830494874179
