obs_gdp,obs_hours,obs_wages,obs_gdpdeflator,obs_corepce,obs_nominalrate,obs_consumption,obs_investment,obs_BBBspread,obs_longinflation,obs_longrate,obs_tfp,obs_gdi,obs_AAAspread,obs_nominalrate1,obs_nominalrate2,obs_nominalrate3,obs_nominalrate4,obs_nominalrate5,obs_nominalrate6
0.49250303117165384,-46.929406784664955,0.49250303117165384,0.4735392096392939,0.49999999999998934,1.2655711249961232,0.49250303117165384,0.49250303117165384,0.43909121079091984,0.49999999999998934,1.2655711249961232,0.0,0.49250303117165384,0.1174310227768634,1.2655711249961232,1.2655711249961232,1.2655711249961232,1.2655711249961232,1.2655711249961232,1.2655711249961232
