obs_gdp,obs_hours,obs_wages,obs_gdpdeflator,obs_corepce,obs_nominalrate,obs_consumption,obs_investment,obs_BBBspread,obs_longinflation,obs_longrate,obs_tfp,obs_gdi,obs_AAAspread,obs_nominalrate1,obs_nominalrate2,obs_nominalrate3,obs_nominalrate4,obs_nominalrate5,obs_nominalrate6
0.45515801417250756,-47.39577667513698,0.45515801417250756,0.4783956324528399,0.49999999999998934,1.1932525471037847,0.45515801417250756,0.45515801417250756,0.4369655963395911,0.49999999999998934,1.1932525471037847,0.0,0.45515801417250756,0.1174310227768634,1.1932525471037847,1.1932525471037847,1.1932525471037847,1.1932525471037847,1.1932525471037847,1.1932525471037847
