obs_gdp,obs_hours,obs_wages,obs_gdpdeflator,obs_corepce,obs_nominalrate,obs_consumption,obs_investment,obs_BBBspread,obs_longinflation,obs_longrate,obs_tfp,obs_gdi,obs_AAAspread,obs_nominalrate1,obs_nominalrate2,obs_nominalrate3,obs_nominalrate4,obs_nominalrate5,obs_nominalrate6
0.5027913797889028,-45.93836417302451,0.5027913797889028,0.47711659179445853,0.49999999999998934,1.2529182813369344,0.5027913797889028,0.5027913797889028,0.4351336044338957,0.49999999999998934,1.2529182813369344,0.0,0.5027913797889028,0.1174310227768634,1.2529182813369344,1.2529182813369344,1.2529182813369344,1.2529182813369344,1.2529182813369344,1.2529182813369344
