obs_gdp,obs_hours,obs_wages,obs_gdpdeflator,obs_corepce,obs_nominalrate,obs_consumption,obs_investment,obs_BBBspread,obs_longinflation,obs_longrate,obs_tfp,obs_gdi,obs_AAAspread,obs_nominalrate1,obs_nominalrate2,obs_nominalrate3,obs_nominalrate4,obs_nominalrate5,obs_nominalrate6
0.536843301294132,-45.378831622925205,0.536843301294132,0.475460277850471,0.49999999999998934,1.3181146115208708,0.536843301294132,0.536843301294132,0.4285496133315969,0.49999999999998934,1.3181146115208708,0.0,0.536843301294132,0.1174310227768634,1.3181146115208708,1.3181146115208708,1.3181146115208708,1.3181146115208708,1.3181146115208708,1.3181146115208708
