obs_gdp,obs_hours,obs_wages,obs_gdpdeflator,obs_corepce,obs_nominalrate,obs_consumption,obs_investment,obs_BBBspread,obs_longinflation,obs_longrate,obs_tfp,obs_gdi,obs_AAAspread,obs_nominalrate1,obs_nominalrate2,obs_nominalrate3,obs_nominalrate4,obs_nominalrate5,obs_nominalrate6
0.49442178677845394,-46.184830847849625,0.49442178677845394,0.48000578198174343,0.49999999999998934,1.24017340384186,0.49442178677845394,0.49442178677845394,0.4371551516437311,0.49999999999998934,1.24017340384186,0.0,0.49442178677845394,0.1174310227768634,1.24017340384186,1.24017340384186,1.24017340384186,1.24017340384186,1.24017340384186,1.24017340384186
