obs_gdp,obs_hours,obs_wages,obs_gdpdeflator,obs_corepce,obs_nominalrate,obs_consumption,obs_investment,obs_BBBspread,obs_longinflation,obs_longrate,obs_tfp,obs_gdi,obs_AAAspread,obs_nominalrate1,obs_nominalrate2,obs_nominalrate3,obs_nominalrate4,obs_nominalrate5,obs_nominalrate6
0.517601274127677,-46.26796967167855,0.517601274127677,0.4740629410487598,0.49999999999998934,1.2846209989092028,0.517601274127677,0.517601274127677,0.4339968883556592,0.49999999999998934,1.2846209989092028,0.0,0.517601274127677,0.1174310227768634,1.2846209989092028,1.2846209989092028,1.2846209989092028,1.2846209989092028,1.2846209989092028,1.2846209989092028
