obs_gdp,obs_hours,obs_wages,obs_gdpdeflator,obs_corepce,obs_nominalrate,obs_consumption,obs_investment,obs_BBBspread,obs_longinflation,obs_longrate,obs_tfp,obs_gdi,obs_AAAspread,obs_nominalrate1,obs_nominalrate2,obs_nominalrate3,obs_nominalrate4,obs_nominalrate5,obs_nominalrate6
0.4641985741530297,-47.78608273166468,0.4641985741530297,0.4774997222130925,0.49999999999998934,1.211606546903421,0.4641985741530297,0.4641985741530297,0.43268351283270834,0.49999999999998934,1.211606546903421,0.0,0.4641985741530297,0.1174310227768634,1.211606546903421,1.211606546903421,1.211606546903421,1.211606546903421,1.211606546903421,1.211606546903421
