obs_gdp,obs_hours,obs_wages,obs_gdpdeflator,obs_corepce,obs_nominalrate,obs_consumption,obs_investment,obs_BBBspread,obs_longinflation,obs_longrate,obs_tfp,obs_gdi,obs_AAAspread,obs_nominalrate1,obs_nominalrate2,obs_nominalrate3,obs_nominalrate4,obs_nominalrate5,obs_nominalrate6
0.5464142835516439,-45.18075275740203,0.5464142835516439,0.4763474433554559,0.49999999999998934,1.3464334250361532,0.5464142835516439,0.5464142835516439,0.4316093841918991,0.49999999999998934,1.3464334250361532,0.0,0.5464142835516439,0.1174310227768634,1.3464334250361532,1.3464334250361532,1.3464334250361532,1.3464334250361532,1.3464334250361532,1.3464334250361532
