obs_gdp,obs_hours,obs_wages,obs_gdpdeflator,obs_corepce,obs_nominalrate,obs_consumption,obs_investment,obs_BBBspread,obs_longinflation,obs_longrate,obs_tfp,obs_gdi,obs_AAAspread,obs_nominalrate1,obs_nominalrate2,obs_nominalrate3,obs_nominalrate4,obs_nominalrate5,obs_nominalrate6
0.5540743446317054,-44.70075017139428,0.5540743446317054,0.4748329634482288,0.49999999999998934,1.330717221252331,0.5540743446317054,0.5540743446317054,0.4300992968920688,0.49999999999998934,1.330717221252331,0.0,0.5540743446317054,0.1174310227768634,1.330717221252331,1.330717221252331,1.330717221252331,1.330717221252331,1.330717221252331,1.330717221252331
