obs_gdp,obs_hours,obs_wages,obs_gdpdeflator,obs_corepce,obs_nominalrate,obs_consumption,obs_investment,obs_BBBspread,obs_longinflation,obs_longrate,obs_tfp,obs_gdi,obs_AAAspread,obs_nominalrate1,obs_nominalrate2,obs_nominalrate3,obs_nominalrate4,obs_nominalrate5,obs_nominalrate6
0.486346924855674,-47.22498356805944,0.486346924855674,0.4767027096217034,0.49999999999998934,1.2449662460977784,0.486346924855674,0.486346924855674,0.4298393967452899,0.49999999999998934,1.2449662460977784,0.0,0.486346924855674,0.1174310227768634,1.2449662460977784,1.2449662460977784,1.2449662460977784,1.2449662460977784,1.2449662460977784,1.2449662460977784
