obs_gdp,obs_hours,obs_wages,obs_gdpdeflator,obs_corepce,obs_nominalrate,obs_consumption,obs_investment,obs_BBBspread,obs_longinflation,obs_longrate,obs_tfp,obs_gdi,obs_AAAspread,obs_nominalrate1,obs_nominalrate2,obs_nominalrate3,obs_nominalrate4,obs_nominalrate5,obs_nominalrate6
0.4805264844547352,-47.2869429763277,0.4805264844547352,0.4749239698279338,0.49999999999998934,1.2531827297214582,0.4805264844547352,0.4805264844547352,0.43090905011473657,0.49999999999998934,1.2531827297214582,0.0,0.4805264844547352,0.1174310227768634,1.2531827297214582,1.2531827297214582,1.2531827297214582,1.2531827297214582,1.2531827297214582,1.2531827297214582
