obs_gdp,obs_hours,obs_wages,obs_gdpdeflator,obs_corepce,obs_nominalrate,obs_consumption,obs_investment,obs_BBBspread,obs_longinflation,obs_longrate,obs_tfp,obs_gdi,obs_AAAspread,obs_nominalrate1,obs_nominalrate2,obs_nominalrate3,obs_nominalrate4,obs_nominalrate5,obs_nominalrate6
0.5817378472973589,-43.334080773438615,0.5817378472973589,0.4824792507076887,0.49999999999998934,1.3725149580890106,0.5817378472973589,0.5817378472973589,0.4401524504570807,0.49999999999998934,1.3725149580890106,0.0,0.5817378472973589,0.1174310227768634,1.3725149580890106,1.3725149580890106,1.3725149580890106,1.3725149580890106,1.3725149580890106,1.3725149580890106
