obs_gdp,obs_hours,obs_wages,obs_gdpdeflator,obs_corepce,obs_nominalrate,obs_consumption,obs_investment,obs_BBBspread,obs_longinflation,obs_longrate,obs_tfp,obs_gdi,obs_AAAspread,obs_nominalrate1,obs_nominalrate2,obs_nominalrate3,obs_nominalrate4,obs_nominalrate5,obs_nominalrate6
0.4950296539030008,-46.38817301443989,0.4950296539030008,0.47525032350735186,0.49999999999998934,1.2725586714618542,0.4950296539030008,0.4950296539030008,0.4305612271152078,0.49999999999998934,1.2725586714618542,0.0,0.4950296539030008,0.1174310227768634,1.2725586714618542,1.2725586714618542,1.2725586714618542,1.2725586714618542,1.2725586714618542,1.2725586714618542
