obs_gdp,obs_hours,obs_wages,obs_gdpdeflator,obs_corepce,obs_nominalrate,obs_consumption,obs_investment,obs_BBBspread,obs_longinflation,obs_longrate,obs_tfp,obs_gdi,obs_AAAspread,obs_nominalrate1,obs_nominalrate2,obs_nominalrate3,obs_nominalrate4,obs_nominalrate5,obs_nominalrate6
0.4429963511392243,-48.329831876488754,0.4429963511392243,0.4783076834227229,0.49999999999998934,1.1758487675474383,0.4429963511392243,0.4429963511392243,0.43040678771258434,0.49999999999998934,1.1758487675474383,0.0,0.4429963511392243,0.1174310227768634,1.1758487675474383,1.1758487675474383,1.1758487675474383,1.1758487675474383,1.1758487675474383,1.1758487675474383
