obs_gdp,obs_hours,obs_wages,obs_gdpdeflator,obs_corepce,obs_nominalrate,obs_consumption,obs_investment,obs_BBBspread,obs_longinflation,obs_longrate,obs_tfp,obs_gdi,obs_AAAspread,obs_nominalrate1,obs_nominalrate2,obs_nominalrate3,obs_nominalrate4,obs_nominalrate5,obs_nominalrate6
0.47873375820957076,-47.184187367025345,0.47873375820957076,0.4783516018687245,0.49999999999998934,1.2303173056524175,0.47873375820957076,0.47873375820957076,0.4385681056102124,0.49999999999998934,1.2303173056524175,0.0,0.47873375820957076,0.1174310227768634,1.2303173056524175,1.2303173056524175,1.2303173056524175,1.2303173056524175,1.2303173056524175,1.2303173056524175
