obs_gdp,obs_hours,obs_wages,obs_gdpdeflator,obs_corepce,obs_nominalrate,obs_consumption,obs_investment,obs_BBBspread,obs_longinflation,obs_longrate,obs_tfp,obs_gdi,obs_AAAspread,obs_nominalrate1,obs_nominalrate2,obs_nominalrate3,obs_nominalrate4,obs_nominalrate5,obs_nominalrate6
0.45271432237945497,-48.55157335868406,0.45271432237945497,0.47657285921035153,0.49999999999998934,1.1850042928618576,0.45271432237945497,0.45271432237945497,0.43469152008514966,0.49999999999998934,1.1850042928618576,0.0,0.45271432237945497,0.1174310227768634,1.1850042928618576,1.1850042928618576,1.1850042928618576,1.1850042928618576,1.1850042928618576,1.1850042928618576
