obs_gdp,obs_hours,obs_wages,obs_gdpdeflator,obs_corepce,obs_nominalrate,obs_consumption,obs_investment,obs_BBBspread,obs_longinflation,obs_longrate,obs_tfp,obs_gdi,obs_AAAspread,obs_nominalrate1,obs_nominalrate2,obs_nominalrate3,obs_nominalrate4,obs_nominalrate5,obs_nominalrate6
0.5648970107876572,-44.7321463561972,0.5648970107876572,0.47593840416053884,0.49999999999998934,1.3650680504846413,0.5648970107876572,0.5648970107876572,0.43370766770827957,0.49999999999998934,1.3650680504846413,0.0,0.5648970107876572,0.1174310227768634,1.3650680504846413,1.3650680504846413,1.3650680504846413,1.3650680504846413,1.3650680504846413,1.3650680504846413
