obs_gdp,obs_hours,obs_wages,obs_gdpdeflator,obs_corepce,obs_nominalrate,obs_consumption,obs_investment,obs_BBBspread,obs_longinflation,obs_longrate,obs_tfp,obs_gdi,obs_AAAspread,obs_nominalrate1,obs_nominalrate2,obs_nominalrate3,obs_nominalrate4,obs_nominalrate5,obs_nominalrate6
0.4921747752455019,-46.34731170278302,0.4921747752455019,0.4830184350291387,0.49999999999998934,1.2503099258094341,0.4921747752455019,0.4921747752455019,0.43405536881458695,0.49999999999998934,1.2503099258094341,0.0,0.4921747752455019,0.1174310227768634,1.2503099258094341,1.2503099258094341,1.2503099258094341,1.2503099258094341,1.2503099258094341,1.2503099258094341
