obs_gdp,obs_hours,obs_wages,obs_gdpdeflator,obs_corepce,obs_nominalrate,obs_consumption,obs_investment,obs_BBBspread,obs_longinflation,obs_longrate,obs_tfp,obs_gdi,obs_AAAspread,obs_nominalrate1,obs_nominalrate2,obs_nominalrate3,obs_nominalrate4,obs_nominalrate5,obs_nominalrate6
0.49809109086014214,-46.265743517580574,0.49809109086014214,0.4775278656252837,0.49999999999998934,1.2476067471166141,0.49809109086014214,0.49809109086014214,0.4316204947876689,0.49999999999998934,1.2476067471166141,0.0,0.49809109086014214,0.1174310227768634,1.2476067471166141,1.2476067471166141,1.2476067471166141,1.2476067471166141,1.2476067471166141,1.2476067471166141
