obs_gdp,obs_hours,obs_wages,obs_gdpdeflator,obs_corepce,obs_nominalrate,obs_consumption,obs_investment,obs_BBBspread,obs_longinflation,obs_longrate,obs_tfp,obs_gdi,obs_AAAspread,obs_nominalrate1,obs_nominalrate2,obs_nominalrate3,obs_nominalrate4,obs_nominalrate5,obs_nominalrate6
0.500564802214476,-46.31661037561407,0.500564802214476,0.48102383543730054,0.49999999999998934,1.2458620584050228,0.500564802214476,0.500564802214476,0.43378311013655524,0.49999999999998934,1.2458620584050228,0.0,0.500564802214476,0.1174310227768634,1.2458620584050228,1.2458620584050228,1.2458620584050228,1.2458620584050228,1.2458620584050228,1.2458620584050228
