obs_gdp,obs_hours,obs_wages,obs_gdpdeflator,obs_corepce,obs_nominalrate,obs_consumption,obs_investment,obs_BBBspread,obs_longinflation,obs_longrate,obs_tfp,obs_gdi,obs_AAAspread,obs_nominalrate1,obs_nominalrate2,obs_nominalrate3,obs_nominalrate4,obs_nominalrate5,obs_nominalrate6
0.5148367553299282,-45.95559549764219,0.5148367553299282,0.47448592218927954,0.49999999999998934,1.3053126582109886,0.5148367553299282,0.5148367553299282,0.4290783844912537,0.49999999999998934,1.3053126582109886,0.0,0.5148367553299282,0.1174310227768634,1.3053126582109886,1.3053126582109886,1.3053126582109886,1.3053126582109886,1.3053126582109886,1.3053126582109886
