obs_gdp,obs_hours,obs_wages,obs_gdpdeflator,obs_corepce,obs_nominalrate,obs_consumption,obs_investment,obs_BBBspread,obs_longinflation,obs_longrate,obs_tfp,obs_gdi,obs_AAAspread,obs_nominalrate1,obs_nominalrate2,obs_nominalrate3,obs_nominalrate4,obs_nominalrate5,obs_nominalrate6
0.5550742789518726,-44.59933921868837,0.5550742789518726,0.47473225422657117,0.49999999999998934,1.3562321317951653,0.5550742789518726,0.5550742789518726,0.4330971723938673,0.49999999999998934,1.3562321317951653,0.0,0.5550742789518726,0.1174310227768634,1.3562321317951653,1.3562321317951653,1.3562321317951653,1.3562321317951653,1.3562321317951653,1.3562321317951653
