obs_gdp,obs_hours,obs_wages,obs_gdpdeflator,obs_corepce,obs_nominalrate,obs_consumption,obs_investment,obs_BBBspread,obs_longinflation,obs_longrate,obs_tfp,obs_gdi,obs_AAAspread,obs_nominalrate1,obs_nominalrate2,obs_nominalrate3,obs_nominalrate4,obs_nominalrate5,obs_nominalrate6
0.5310129733165692,-45.392715591995625,0.5310129733165692,0.47607880283536985,0.49999999999998934,1.2930081358186518,0.5310129733165692,0.5310129733165692,0.4329240380302761,0.49999999999998934,1.2930081358186518,0.0,0.5310129733165692,0.1174310227768634,1.2930081358186518,1.2930081358186518,1.2930081358186518,1.2930081358186518,1.2930081358186518,1.2930081358186518
