obs_gdp,obs_hours,obs_wages,obs_gdpdeflator,obs_corepce,obs_nominalrate,obs_consumption,obs_investment,obs_BBBspread,obs_longinflation,obs_longrate,obs_tfp,obs_gdi,obs_AAAspread,obs_nominalrate1,obs_nominalrate2,obs_nominalrate3,obs_nominalrate4,obs_nominalrate5,obs_nominalrate6
0.4886717043040667,-47.04400412103581,0.4886717043040667,0.47498046777953784,0.49999999999998934,1.2622299206161314,0.4886717043040667,0.4886717043040667,0.4318912598275804,0.49999999999998934,1.2622299206161314,0.0,0.4886717043040667,0.1174310227768634,1.2622299206161314,1.2622299206161314,1.2622299206161314,1.2622299206161314,1.2622299206161314,1.2622299206161314
