obs_gdp,obs_hours,obs_wages,obs_gdpdeflator,obs_corepce,obs_nominalrate,obs_consumption,obs_investment,obs_BBBspread,obs_longinflation,obs_longrate,obs_tfp,obs_gdi,obs_AAAspread,obs_nominalrate1,obs_nominalrate2,obs_nominalrate3,obs_nominalrate4,obs_nominalrate5,obs_nominalrate6
0.44633827991702457,-47.7896450851849,0.44633827991702457,0.48263457368904905,0.49999999999998934,1.176769254295018,0.44633827991702457,0.44633827991702457,0.4363322682347041,0.49999999999998934,1.176769254295018,0.0,0.44633827991702457,0.1174310227768634,1.176769254295018,1.176769254295018,1.176769254295018,1.176769254295018,1.176769254295018,1.176769254295018
