obs_gdp,obs_hours,obs_wages,obs_gdpdeflator,obs_corepce,obs_nominalrate,obs_consumption,obs_investment,obs_BBBspread,obs_longinflation,obs_longrate,obs_tfp,obs_gdi,obs_AAAspread,obs_nominalrate1,obs_nominalrate2,obs_nominalrate3,obs_nominalrate4,obs_nominalrate5,obs_nominalrate6
0.5126492880703326,-46.3629767158456,0.5126492880703326,0.4777950496538897,0.49999999999998934,1.2936017755798002,0.5126492880703326,0.5126492880703326,0.4328921922385374,0.49999999999998934,1.2936017755798002,0.0,0.5126492880703326,0.1174310227768634,1.2936017755798002,1.2936017755798002,1.2936017755798002,1.2936017755798002,1.2936017755798002,1.2936017755798002
