obs_gdp,obs_hours,obs_wages,obs_gdpdeflator,obs_corepce,obs_nominalrate,obs_consumption,obs_investment,obs_BBBspread,obs_longinflation,obs_longrate,obs_tfp,obs_gdi,obs_AAAspread,obs_nominalrate1,obs_nominalrate2,obs_nominalrate3,obs_nominalrate4,obs_nominalrate5,obs_nominalrate6
0.4768490527671254,-46.587879814870455,0.4768490527671254,0.4822910088456346,0.49999999999998934,1.2288874940513228,0.4768490527671254,0.4768490527671254,0.43458077300716447,0.49999999999998934,1.2288874940513228,0.0,0.4768490527671254,0.1174310227768634,1.2288874940513228,1.2288874940513228,1.2288874940513228,1.2288874940513228,1.2288874940513228,1.2288874940513228
