obs_gdp,obs_hours,obs_wages,obs_gdpdeflator,obs_corepce,obs_nominalrate,obs_consumption,obs_investment,obs_BBBspread,obs_longinflation,obs_longrate,obs_tfp,obs_gdi,obs_AAAspread,obs_nominalrate1,obs_nominalrate2,obs_nominalrate3,obs_nominalrate4,obs_nominalrate5,obs_nominalrate6
0.470758664410198,-47.10984484532551,0.470758664410198,0.48035814887397454,0.49999999999998934,1.2095129889402978,0.470758664410198,0.470758664410198,0.43511805702880424,0.49999999999998934,1.2095129889402978,0.0,0.470758664410198,0.1174310227768634,1.2095129889402978,1.2095129889402978,1.2095129889402978,1.2095129889402978,1.2095129889402978,1.2095129889402978
