obs_gdp,obs_hours,obs_wages,obs_gdpdeflator,obs_corepce,obs_nominalrate,obs_consumption,obs_investment,obs_BBBspread,obs_longinflation,obs_longrate,obs_tfp,obs_gdi,obs_AAAspread,obs_nominalrate1,obs_nominalrate2,obs_nominalrate3,obs_nominalrate4,obs_nominalrate5,obs_nominalrate6
0.5355258643198857,-45.21976211494306,0.5355258643198857,0.4775389312718256,0.49999999999998934,1.3023430163018768,0.5355258643198857,0.5355258643198857,0.4305350449957045,0.49999999999998934,1.3023430163018768,0.0,0.5355258643198857,0.1174310227768634,1.3023430163018768,1.3023430163018768,1.3023430163018768,1.3023430163018768,1.3023430163018768,1.3023430163018768
