obs_gdp,obs_hours,obs_wages,obs_gdpdeflator,obs_corepce,obs_nominalrate,obs_consumption,obs_investment,obs_BBBspread,obs_longinflation,obs_longrate,obs_tfp,obs_gdi,obs_AAAspread,obs_nominalrate1,obs_nominalrate2,obs_nominalrate3,obs_nominalrate4,obs_nominalrate5,obs_nominalrate6
0.41921157013820043,-48.99776094850564,0.41921157013820043,0.4856654221309251,0.49999999999998934,1.1524560868640954,0.41921157013820043,0.41921157013820043,0.43974521401053984,0.49999999999998934,1.1524560868640954,0.0,0.41921157013820043,0.1174310227768634,1.1524560868640954,1.1524560868640954,1.1524560868640954,1.1524560868640954,1.1524560868640954,1.1524560868640954
