obs_gdp,obs_hours,obs_wages,obs_gdpdeflator,obs_corepce,obs_nominalrate,obs_consumption,obs_investment,obs_BBBspread,obs_longinflation,obs_longrate,obs_tfp,obs_gdi,obs_AAAspread,obs_nominalrate1,obs_nominalrate2,obs_nominalrate3,obs_nominalrate4,obs_nominalrate5,obs_nominalrate6
0.5774484581891892,-44.34267936297787,0.5774484581891892,0.4755695602869311,0.49999999999998934,1.3851209684594412,0.5774484581891892,0.5774484581891892,0.4332464987405712,0.49999999999998934,1.3851209684594412,0.0,0.5774484581891892,0.1174310227768634,1.3851209684594412,1.3851209684594412,1.3851209684594412,1.3851209684594412,1.3851209684594412,1.3851209684594412
