obs_gdp,obs_hours,obs_wages,obs_gdpdeflator,obs_corepce,obs_nominalrate,obs_consumption,obs_investment,obs_BBBspread,obs_longinflation,obs_longrate,obs_tfp,obs_gdi,obs_AAAspread,obs_nominalrate1,obs_nominalrate2,obs_nominalrate3,obs_nominalrate4,obs_nominalrate5,obs_nominalrate6
0.5259879707851134,-45.4761824962559,0.5259879707851134,0.4763657294182955,0.49999999999998934,1.2943107438421642,0.5259879707851134,0.5259879707851134,0.4404511518763822,0.49999999999998934,1.2943107438421642,0.0,0.5259879707851134,0.1174310227768634,1.2943107438421642,1.2943107438421642,1.2943107438421642,1.2943107438421642,1.2943107438421642,1.2943107438421642
