obs_gdp,obs_hours,obs_wages,obs_gdpdeflator,obs_corepce,obs_nominalrate,obs_consumption,obs_investment,obs_BBBspread,obs_longinflation,obs_longrate,obs_tfp,obs_gdi,obs_AAAspread,obs_nominalrate1,obs_nominalrate2,obs_nominalrate3,obs_nominalrate4,obs_nominalrate5,obs_nominalrate6
0.5356626897618177,-45.542870829322645,0.5356626897618177,0.47649217891053786,0.49999999999998934,1.3285936039432622,0.5356626897618177,0.5356626897618177,0.4326883070342488,0.49999999999998934,1.3285936039432622,0.0,0.5356626897618177,0.1174310227768634,1.3285936039432622,1.3285936039432622,1.3285936039432622,1.3285936039432622,1.3285936039432622,1.3285936039432622
