obs_gdp,obs_hours,obs_wages,obs_gdpdeflator,obs_corepce,obs_nominalrate,obs_consumption,obs_investment,obs_BBBspread,obs_longinflation,obs_longrate,obs_tfp,obs_gdi,obs_AAAspread,obs_nominalrate1,obs_nominalrate2,obs_nominalrate3,obs_nominalrate4,obs_nominalrate5,obs_nominalrate6
0.40696488271407816,-48.99521015513766,0.40696488271407816,0.48389968711221903,0.49999999999998934,1.1289124758208535,0.40696488271407816,0.40696488271407816,0.4437006793007366,0.49999999999998934,1.1289124758208535,0.0,0.40696488271407816,0.1174310227768634,1.1289124758208535,1.1289124758208535,1.1289124758208535,1.1289124758208535,1.1289124758208535,1.1289124758208535
