obs_gdp,obs_hours,obs_wages,obs_gdpdeflator,obs_corepce,obs_nominalrate,obs_consumption,obs_investment,obs_BBBspread,obs_longinflation,obs_longrate,obs_tfp,obs_gdi,obs_AAAspread,obs_nominalrate1,obs_nominalrate2,obs_nominalrate3,obs_nominalrate4,obs_nominalrate5,obs_nominalrate6
0.524093134359771,-45.69970163830637,0.524093134359771,0.47462155115520577,0.49999999999998934,1.3188266581705577,0.524093134359771,0.524093134359771,0.42951025575236657,0.49999999999998934,1.3188266581705577,0.0,0.524093134359771,0.1174310227768634,1.3188266581705577,1.3188266581705577,1.3188266581705577,1.3188266581705577,1.3188266581705577,1.3188266581705577
