obs_gdp,obs_hours,obs_wages,obs_gdpdeflator,obs_corepce,obs_nominalrate,obs_consumption,obs_investment,obs_BBBspread,obs_longinflation,obs_longrate,obs_tfp,obs_gdi,obs_AAAspread,obs_nominalrate1,obs_nominalrate2,obs_nominalrate3,obs_nominalrate4,obs_nominalrate5,obs_nominalrate6
0.5038602482557497,-45.63741383653932,0.5038602482557497,0.4803050753279779,0.49999999999998934,1.257550026541221,0.5038602482557497,0.5038602482557497,0.4360981973584179,0.49999999999998934,1.257550026541221,0.0,0.5038602482557497,0.1174310227768634,1.257550026541221,1.257550026541221,1.257550026541221,1.257550026541221,1.257550026541221,1.257550026541221
