obs_gdp,obs_hours,obs_wages,obs_gdpdeflator,obs_corepce,obs_nominalrate,obs_consumption,obs_investment,obs_BBBspread,obs_longinflation,obs_longrate,obs_tfp,obs_gdi,obs_AAAspread,obs_nominalrate1,obs_nominalrate2,obs_nominalrate3,obs_nominalrate4,obs_nominalrate5,obs_nominalrate6
0.465355932860656,-47.37301324055945,0.465355932860656,0.48440311835827043,0.49999999999998934,1.2120651780596514,0.465355932860656,0.465355932860656,0.43970790519568753,0.49999999999998934,1.2120651780596514,0.0,0.465355932860656,0.1174310227768634,1.2120651780596514,1.2120651780596514,1.2120651780596514,1.2120651780596514,1.2120651780596514,1.2120651780596514
