obs_gdp,obs_hours,obs_wages,obs_gdpdeflator,obs_corepce,obs_nominalrate,obs_consumption,obs_investment,obs_BBBspread,obs_longinflation,obs_longrate,obs_tfp,obs_gdi,obs_AAAspread,obs_nominalrate1,obs_nominalrate2,obs_nominalrate3,obs_nominalrate4,obs_nominalrate5,obs_nominalrate6
0.4458045841065461,-48.747955608478,0.4458045841065461,0.47605059624332485,0.49999999999998934,1.1769751450418697,0.4458045841065461,0.4458045841065461,0.4310574361658097,0.49999999999998934,1.1769751450418697,0.0,0.4458045841065461,0.1174310227768634,1.1769751450418697,1.1769751450418697,1.1769751450418697,1.1769751450418697,1.1769751450418697,1.1769751450418697
