obs_gdp,obs_hours,obs_wages,obs_gdpdeflator,obs_corepce,obs_nominalrate,obs_consumption,obs_investment,obs_BBBspread,obs_longinflation,obs_longrate,obs_tfp,obs_gdi,obs_AAAspread,obs_nominalrate1,obs_nominalrate2,obs_nominalrate3,obs_nominalrate4,obs_nominalrate5,obs_nominalrate6
0.5200759738688276,-46.157944715414565,0.5200759738688276,0.4748704313860922,0.49999999999998934,1.3048129688689736,0.5200759738688276,0.5200759738688276,0.43014690482643325,0.49999999999998934,1.3048129688689736,0.0,0.5200759738688276,0.1174310227768634,1.3048129688689736,1.3048129688689736,1.3048129688689736,1.3048129688689736,1.3048129688689736,1.3048129688689736
