obs_gdp,obs_hours,obs_wages,obs_gdpdeflator,obs_corepce,obs_nominalrate,obs_consumption,obs_investment,obs_BBBspread,obs_longinflation,obs_longrate,obs_tfp,obs_gdi,obs_AAAspread,obs_nominalrate1,obs_nominalrate2,obs_nominalrate3,obs_nominalrate4,obs_nominalrate5,obs_nominalrate6
0.457706013311987,-48.02285014097375,0.457706013311987,0.4769573418090316,0.49999999999998934,1.1945124307806365,0.457706013311987,0.457706013311987,0.42931461022115736,0.49999999999998934,1.1945124307806365,0.0,0.457706013311987,0.1174310227768634,1.1945124307806365,1.1945124307806365,1.1945124307806365,1.1945124307806365,1.1945124307806365,1.1945124307806365
