obs_gdp,obs_hours,obs_wages,obs_gdpdeflator,obs_corepce,obs_nominalrate,obs_consumption,obs_investment,obs_BBBspread,obs_longinflation,obs_longrate,obs_tfp,obs_gdi,obs_AAAspread,obs_nominalrate1,obs_nominalrate2,obs_nominalrate3,obs_nominalrate4,obs_nominalrate5,obs_nominalrate6
0.4490691884987186,-48.493451405208845,0.4490691884987186,0.47685669579255496,0.49999999999998934,1.1786883432703954,0.4490691884987186,0.4490691884987186,0.4349436879572677,0.49999999999998934,1.1786883432703954,0.0,0.4490691884987186,0.1174310227768634,1.1786883432703954,1.1786883432703954,1.1786883432703954,1.1786883432703954,1.1786883432703954,1.1786883432703954
