obs_gdp,obs_hours,obs_wages,obs_gdpdeflator,obs_corepce,obs_nominalrate,obs_consumption,obs_investment,obs_BBBspread,obs_longinflation,obs_longrate,obs_tfp,obs_gdi,obs_AAAspread,obs_nominalrate1,obs_nominalrate2,obs_nominalrate3,obs_nominalrate4,obs_nominalrate5,obs_nominalrate6
0.522713877230907,-45.646259833027585,0.522713877230907,0.4766069047368174,0.49999999999998934,1.2896156018393556,0.522713877230907,0.522713877230907,0.44025084417919663,0.49999999999998934,1.2896156018393556,0.0,0.522713877230907,0.1174310227768634,1.2896156018393556,1.2896156018393556,1.2896156018393556,1.2896156018393556,1.2896156018393556,1.2896156018393556
