obs_gdp,obs_hours,obs_wages,obs_gdpdeflator,obs_corepce,obs_nominalrate,obs_consumption,obs_investment,obs_BBBspread,obs_longinflation,obs_longrate,obs_tfp,obs_gdi,obs_AAAspread,obs_nominalrate1,obs_nominalrate2,obs_nominalrate3,obs_nominalrate4,obs_nominalrate5,obs_nominalrate6
0.5044422880345012,-46.35838818827609,0.5044422880345012,0.4761833604993101,0.49999999999998934,1.2770192595896956,0.5044422880345012,0.5044422880345012,0.4312777025941609,0.49999999999998934,1.2770192595896956,0.0,0.5044422880345012,0.1174310227768634,1.2770192595896956,1.2770192595896956,1.2770192595896956,1.2770192595896956,1.2770192595896956,1.2770192595896956
