obs_gdp,obs_hours,obs_wages,obs_gdpdeflator,obs_corepce,obs_nominalrate,obs_consumption,obs_investment,obs_BBBspread,obs_longinflation,obs_longrate,obs_tfp,obs_gdi,obs_AAAspread,obs_nominalrate1,obs_nominalrate2,obs_nominalrate3,obs_nominalrate4,obs_nominalrate5,obs_nominalrate6
0.43191305069563146,-49.124610549412246,0.43191305069563146,0.4770067115532426,0.49999999999998934,1.1705144042572169,0.43191305069563146,0.43191305069563146,0.43083309698642525,0.49999999999998934,1.1705144042572169,0.0,0.43191305069563146,0.1174310227768634,1.1705144042572169,1.1705144042572169,1.1705144042572169,1.1705144042572169,1.1705144042572169,1.1705144042572169
