obs_gdp,obs_hours,obs_wages,obs_gdpdeflator,obs_corepce,obs_nominalrate,obs_consumption,obs_investment,obs_BBBspread,obs_longinflation,obs_longrate,obs_tfp,obs_gdi,obs_AAAspread,obs_nominalrate1,obs_nominalrate2,obs_nominalrate3,obs_nominalrate4,obs_nominalrate5,obs_nominalrate6
0.5060316305559143,-45.98002724779684,0.5060316305559143,0.4745110387870136,0.49999999999998934,1.2811385223373328,0.5060316305559143,0.5060316305559143,0.43362790081540314,0.49999999999998934,1.2811385223373328,0.0,0.5060316305559143,0.1174310227768634,1.2811385223373328,1.2811385223373328,1.2811385223373328,1.2811385223373328,1.2811385223373328,1.2811385223373328
