obs_gdp,obs_hours,obs_wages,obs_gdpdeflator,obs_corepce,obs_nominalrate,obs_consumption,obs_investment,obs_BBBspread,obs_longinflation,obs_longrate,obs_tfp,obs_gdi,obs_AAAspread,obs_nominalrate1,obs_nominalrate2,obs_nominalrate3,obs_nominalrate4,obs_nominalrate5,obs_nominalrate6
0.46873828846327736,-47.03313354647157,0.46873828846327736,0.4828866819704039,0.49999999999998934,1.1964180068511965,0.46873828846327736,0.46873828846327736,0.4390515632237669,0.49999999999998934,1.1964180068511965,0.0,0.46873828846327736,0.1174310227768634,1.1964180068511965,1.1964180068511965,1.1964180068511965,1.1964180068511965,1.1964180068511965,1.1964180068511965
