obs_gdp,obs_hours,obs_wages,obs_gdpdeflator,obs_corepce,obs_nominalrate,obs_consumption,obs_investment,obs_BBBspread,obs_longinflation,obs_longrate,obs_tfp,obs_gdi,obs_AAAspread,obs_nominalrate1,obs_nominalrate2,obs_nominalrate3,obs_nominalrate4,obs_nominalrate5,obs_nominalrate6
0.5807879592796272,-44.13971804766978,0.5807879592796272,0.47420526588706013,0.49999999999998934,1.3918367895817019,0.5807879592796272,0.5807879592796272,0.4329911723852229,0.49999999999998934,1.3918367895817019,0.0,0.5807879592796272,0.1174310227768634,1.3918367895817019,1.3918367895817019,1.3918367895817019,1.3918367895817019,1.3918367895817019,1.3918367895817019
