obs_gdp,obs_hours,obs_wages,obs_gdpdeflator,obs_corepce,obs_nominalrate,obs_consumption,obs_investment,obs_BBBspread,obs_longinflation,obs_longrate,obs_tfp,obs_gdi,obs_AAAspread,obs_nominalrate1,obs_nominalrate2,obs_nominalrate3,obs_nominalrate4,obs_nominalrate5,obs_nominalrate6
0.5355773331920277,-45.53179707296792,0.5355773331920277,0.4766759629823975,0.49999999999998934,1.3256668128059257,0.5355773331920277,0.5355773331920277,0.4328314551770156,0.49999999999998934,1.3256668128059257,0.0,0.5355773331920277,0.1174310227768634,1.3256668128059257,1.3256668128059257,1.3256668128059257,1.3256668128059257,1.3256668128059257,1.3256668128059257
