obs_gdp,obs_hours,obs_wages,obs_gdpdeflator,obs_corepce,obs_nominalrate,obs_consumption,obs_investment,obs_BBBspread,obs_longinflation,obs_longrate,obs_tfp,obs_gdi,obs_AAAspread,obs_nominalrate1,obs_nominalrate2,obs_nominalrate3,obs_nominalrate4,obs_nominalrate5,obs_nominalrate6
0.48480696376866916,-47.1792981017465,0.48480696376866916,0.47422952306391036,0.49999999999998934,1.230256768258542,0.48480696376866916,0.48480696376866916,0.4343511617156882,0.49999999999998934,1.230256768258542,0.0,0.48480696376866916,0.1174310227768634,1.230256768258542,1.230256768258542,1.230256768258542,1.230256768258542,1.230256768258542,1.230256768258542
