obs_gdp,obs_hours,obs_wages,obs_gdpdeflator,obs_corepce,obs_nominalrate,obs_consumption,obs_investment,obs_BBBspread,obs_longinflation,obs_longrate,obs_tfp,obs_gdi,obs_AAAspread,obs_nominalrate1,obs_nominalrate2,obs_nominalrate3,obs_nominalrate4,obs_nominalrate5,obs_nominalrate6
0.5531865644302636,-44.90888256508265,0.5531865644302636,0.4769873579889177,0.49999999999998934,1.3477983652013137,0.5531865644302636,0.5531865644302636,0.434706724186479,0.49999999999998934,1.3477983652013137,0.0,0.5531865644302636,0.1174310227768634,1.3477983652013137,1.3477983652013137,1.3477983652013137,1.3477983652013137,1.3477983652013137,1.3477983652013137
