obs_gdp,obs_hours,obs_wages,obs_gdpdeflator,obs_corepce,obs_nominalrate,obs_consumption,obs_investment,obs_BBBspread,obs_longinflation,obs_longrate,obs_tfp,obs_gdi,obs_AAAspread,obs_nominalrate1,obs_nominalrate2,obs_nominalrate3,obs_nominalrate4,obs_nominalrate5,obs_nominalrate6
0.5081224765770109,-45.94487053455981,0.5081224765770109,0.48282113292404766,0.49999999999998934,1.2671768031688568,0.5081224765770109,0.5081224765770109,0.4392559052728761,0.49999999999998934,1.2671768031688568,0.0,0.5081224765770109,0.1174310227768634,1.2671768031688568,1.2671768031688568,1.2671768031688568,1.2671768031688568,1.2671768031688568,1.2671768031688568
