obs_gdp,obs_hours,obs_wages,obs_gdpdeflator,obs_corepce,obs_nominalrate,obs_consumption,obs_investment,obs_BBBspread,obs_longinflation,obs_longrate,obs_tfp,obs_gdi,obs_AAAspread,obs_nominalrate1,obs_nominalrate2,obs_nominalrate3,obs_nominalrate4,obs_nominalrate5,obs_nominalrate6
0.45217442943508157,-48.6596918381818,0.45217442943508157,0.4760584171224899,0.49999999999998934,1.1886897984084044,0.45217442943508157,0.45217442943508157,0.43211857940445086,0.49999999999998934,1.1886897984084044,0.0,0.45217442943508157,0.1174310227768634,1.1886897984084044,1.1886897984084044,1.1886897984084044,1.1886897984084044,1.1886897984084044,1.1886897984084044
