obs_gdp,obs_hours,obs_wages,obs_gdpdeflator,obs_corepce,obs_nominalrate,obs_consumption,obs_investment,obs_BBBspread,obs_longinflation,obs_longrate,obs_tfp,obs_gdi,obs_AAAspread,obs_nominalrate1,obs_nominalrate2,obs_nominalrate3,obs_nominalrate4,obs_nominalrate5,obs_nominalrate6
0.47328052215489524,-46.78677009529229,0.47328052215489524,0.4774514637779097,0.49999999999998934,1.2169574647528325,0.47328052215489524,0.47328052215489524,0.43895848442618923,0.49999999999998934,1.2169574647528325,0.0,0.47328052215489524,0.1174310227768634,1.2169574647528325,1.2169574647528325,1.2169574647528325,1.2169574647528325,1.2169574647528325,1.2169574647528325
