obs_gdp,obs_hours,obs_wages,obs_gdpdeflator,obs_corepce,obs_nominalrate,obs_consumption,obs_investment,obs_BBBspread,obs_longinflation,obs_longrate,obs_tfp,obs_gdi,obs_AAAspread,obs_nominalrate1,obs_nominalrate2,obs_nominalrate3,obs_nominalrate4,obs_nominalrate5,obs_nominalrate6
0.44058296041538103,-48.78280337760633,0.44058296041538103,0.4737486040037961,0.49999999999998934,1.196146027976397,0.44058296041538103,0.44058296041538103,0.4341186627581455,0.49999999999998934,1.196146027976397,0.0,0.44058296041538103,0.1174310227768634,1.196146027976397,1.196146027976397,1.196146027976397,1.196146027976397,1.196146027976397,1.196146027976397
