obs_gdp,obs_hours,obs_wages,obs_gdpdeflator,obs_corepce,obs_nominalrate,obs_consumption,obs_investment,obs_BBBspread,obs_longinflation,obs_longrate,obs_tfp,obs_gdi,obs_AAAspread,obs_nominalrate1,obs_nominalrate2,obs_nominalrate3,obs_nominalrate4,obs_nominalrate5,obs_nominalrate6
0.4773491347931369,-46.91915846933338,0.4773491347931369,0.48191470362053246,0.49999999999998934,1.2088169801926396,0.4773491347931369,0.4773491347931369,0.44056350579885756,0.49999999999998934,1.2088169801926396,0.0,0.4773491347931369,0.1174310227768634,1.2088169801926396,1.2088169801926396,1.2088169801926396,1.2088169801926396,1.2088169801926396,1.2088169801926396
