obs_gdp,obs_hours,obs_wages,obs_gdpdeflator,obs_corepce,obs_nominalrate,obs_consumption,obs_investment,obs_BBBspread,obs_longinflation,obs_longrate,obs_tfp,obs_gdi,obs_AAAspread,obs_nominalrate1,obs_nominalrate2,obs_nominalrate3,obs_nominalrate4,obs_nominalrate5,obs_nominalrate6
0.5728839183510859,-43.5171218757412,0.5728839183510859,0.4752141516241134,0.49999999999998934,1.3589784712444208,0.5728839183510859,0.5728839183510859,0.4384086506777156,0.49999999999998934,1.3589784712444208,0.0,0.5728839183510859,0.1174310227768634,1.3589784712444208,1.3589784712444208,1.3589784712444208,1.3589784712444208,1.3589784712444208,1.3589784712444208
