obs_gdp,obs_hours,obs_wages,obs_gdpdeflator,obs_corepce,obs_nominalrate,obs_consumption,obs_investment,obs_BBBspread,obs_longinflation,obs_longrate,obs_tfp,obs_gdi,obs_AAAspread,obs_nominalrate1,obs_nominalrate2,obs_nominalrate3,obs_nominalrate4,obs_nominalrate5,obs_nominalrate6
0.4736311145544958,-47.186904225568284,0.4736311145544958,0.48122760742780457,0.49999999999998934,1.2098600270052051,0.4736311145544958,0.4736311145544958,0.4337290941420739,0.49999999999998934,1.2098600270052051,0.0,0.4736311145544958,0.1174310227768634,1.2098600270052051,1.2098600270052051,1.2098600270052051,1.2098600270052051,1.2098600270052051,1.2098600270052051
