obs_gdp,obs_hours,obs_wages,obs_gdpdeflator,obs_corepce,obs_nominalrate,obs_consumption,obs_investment,obs_BBBspread,obs_longinflation,obs_longrate,obs_tfp,obs_gdi,obs_AAAspread,obs_nominalrate1,obs_nominalrate2,obs_nominalrate3,obs_nominalrate4,obs_nominalrate5,obs_nominalrate6
0.5206793347452665,-45.51718614197301,0.5206793347452665,0.4830969653295937,0.49999999999998934,1.267341566501945,0.5206793347452665,0.5206793347452665,0.4417610421579462,0.49999999999998934,1.267341566501945,0.0,0.5206793347452665,0.1174310227768634,1.267341566501945,1.267341566501945,1.267341566501945,1.267341566501945,1.267341566501945,1.267341566501945
