obs_gdp,obs_hours,obs_wages,obs_gdpdeflator,obs_corepce,obs_nominalrate,obs_consumption,obs_investment,obs_BBBspread,obs_longinflation,obs_longrate,obs_tfp,obs_gdi,obs_AAAspread,obs_nominalrate1,obs_nominalrate2,obs_nominalrate3,obs_nominalrate4,obs_nominalrate5,obs_nominalrate6
0.5613284345730163,-44.81056533491881,0.5613284345730163,0.47546165363944326,0.49999999999998934,1.3595168166130822,0.5613284345730163,0.5613284345730163,0.43282216081751457,0.49999999999998934,1.3595168166130822,0.0,0.5613284345730163,0.1174310227768634,1.3595168166130822,1.3595168166130822,1.3595168166130822,1.3595168166130822,1.3595168166130822,1.3595168166130822
