obs_gdp,obs_hours,obs_wages,obs_gdpdeflator,obs_corepce,obs_nominalrate,obs_consumption,obs_investment,obs_BBBspread,obs_longinflation,obs_longrate,obs_tfp,obs_gdi,obs_AAAspread,obs_nominalrate1,obs_nominalrate2,obs_nominalrate3,obs_nominalrate4,obs_nominalrate5,obs_nominalrate6
0.43903818965573826,-48.104549095238205,0.43903818965573826,0.4839920897306005,0.49999999999998934,1.1764331694577468,0.43903818965573826,0.43903818965573826,0.4356182191862645,0.49999999999998934,1.1764331694577468,0.0,0.43903818965573826,0.1174310227768634,1.1764331694577468,1.1764331694577468,1.1764331694577468,1.1764331694577468,1.1764331694577468,1.1764331694577468
