obs_gdp,obs_hours,obs_wages,obs_gdpdeflator,obs_corepce,obs_nominalrate,obs_consumption,obs_investment,obs_BBBspread,obs_longinflation,obs_longrate,obs_tfp,obs_gdi,obs_AAAspread,obs_nominalrate1,obs_nominalrate2,obs_nominalrate3,obs_nominalrate4,obs_nominalrate5,obs_nominalrate6
0.4935953680737182,-46.23163535270373,0.4935953680737182,0.4834333777030324,0.49999999999998934,1.2465132165515813,0.4935953680737182,0.4935953680737182,0.43645941786407316,0.49999999999998934,1.2465132165515813,0.0,0.4935953680737182,0.1174310227768634,1.2465132165515813,1.2465132165515813,1.2465132165515813,1.2465132165515813,1.2465132165515813,1.2465132165515813
