obs_gdp,obs_hours,obs_wages,obs_gdpdeflator,obs_corepce,obs_nominalrate,obs_consumption,obs_investment,obs_BBBspread,obs_longinflation,obs_longrate,obs_tfp,obs_gdi,obs_AAAspread,obs_nominalrate1,obs_nominalrate2,obs_nominalrate3,obs_nominalrate4,obs_nominalrate5,obs_nominalrate6
0.549389901616526,-45.03830838892829,0.549389901616526,0.47534452835525937,0.49999999999998934,1.3341283283297312,0.549389901616526,0.549389901616526,0.42874643272912094,0.49999999999998934,1.3341283283297312,0.0,0.549389901616526,0.1174310227768634,1.3341283283297312,1.3341283283297312,1.3341283283297312,1.3341283283297312,1.3341283283297312,1.3341283283297312
