obs_gdp,obs_hours,obs_wages,obs_gdpdeflator,obs_corepce,obs_nominalrate,obs_consumption,obs_investment,obs_BBBspread,obs_longinflation,obs_longrate,obs_tfp,obs_gdi,obs_AAAspread,obs_nominalrate1,obs_nominalrate2,obs_nominalrate3,obs_nominalrate4,obs_nominalrate5,obs_nominalrate6
0.47530656542933425,-46.753152826625694,0.47530656542933425,0.4807915153985898,0.49999999999998934,1.2120885255395786,0.47530656542933425,0.47530656542933425,0.43578150979768054,0.49999999999998934,1.2120885255395786,0.0,0.47530656542933425,0.1174310227768634,1.2120885255395786,1.2120885255395786,1.2120885255395786,1.2120885255395786,1.2120885255395786,1.2120885255395786
