obs_gdp,obs_hours,obs_wages,obs_gdpdeflator,obs_corepce,obs_nominalrate,obs_consumption,obs_investment,obs_BBBspread,obs_longinflation,obs_longrate,obs_tfp,obs_gdi,obs_AAAspread,obs_nominalrate1,obs_nominalrate2,obs_nominalrate3,obs_nominalrate4,obs_nominalrate5,obs_nominalrate6
0.5091513588239227,-45.7647889574493,0.5091513588239227,0.48294936052822784,0.49999999999998934,1.2666384350678017,0.5091513588239227,0.5091513588239227,0.4369534574925554,0.49999999999998934,1.2666384350678017,0.0,0.5091513588239227,0.1174310227768634,1.2666384350678017,1.2666384350678017,1.2666384350678017,1.2666384350678017,1.2666384350678017,1.2666384350678017
