obs_gdp,obs_hours,obs_wages,obs_gdpdeflator,obs_corepce,obs_nominalrate,obs_consumption,obs_investment,obs_BBBspread,obs_longinflation,obs_longrate,obs_tfp,obs_gdi,obs_AAAspread,obs_nominalrate1,obs_nominalrate2,obs_nominalrate3,obs_nominalrate4,obs_nominalrate5,obs_nominalrate6
0.45390126546906995,-48.62037893542873,0.45390126546906995,0.47621308113989197,0.49999999999998934,1.1865667441413486,0.45390126546906995,0.45390126546906995,0.4326053763217723,0.49999999999998934,1.1865667441413486,0.0,0.45390126546906995,0.1174310227768634,1.1865667441413486,1.1865667441413486,1.1865667441413486,1.1865667441413486,1.1865667441413486,1.1865667441413486
