obs_gdp,obs_hours,obs_wages,obs_gdpdeflator,obs_corepce,obs_nominalrate,obs_consumption,obs_investment,obs_BBBspread,obs_longinflation,obs_longrate,obs_tfp,obs_gdi,obs_AAAspread,obs_nominalrate1,obs_nominalrate2,obs_nominalrate3,obs_nominalrate4,obs_nominalrate5,obs_nominalrate6
0.5057483063677148,-46.38245872739309,0.5057483063677148,0.47787961847552135,0.49999999999998934,1.2538539588293984,0.5057483063677148,0.5057483063677148,0.4328188449726032,0.49999999999998934,1.2538539588293984,0.0,0.5057483063677148,0.1174310227768634,1.2538539588293984,1.2538539588293984,1.2538539588293984,1.2538539588293984,1.2538539588293984,1.2538539588293984
