obs_gdp,obs_hours,obs_wages,obs_gdpdeflator,obs_corepce,obs_nominalrate,obs_consumption,obs_investment,obs_BBBspread,obs_longinflation,obs_longrate,obs_tfp,obs_gdi,obs_AAAspread,obs_nominalrate1,obs_nominalrate2,obs_nominalrate3,obs_nominalrate4,obs_nominalrate5,obs_nominalrate6
0.5147375062443116,-45.83103054606821,0.5147375062443116,0.48262779900755565,0.49999999999998934,1.2627483070493994,0.5147375062443116,0.5147375062443116,0.4400241358917586,0.49999999999998934,1.2627483070493994,0.0,0.5147375062443116,0.1174310227768634,1.2627483070493994,1.2627483070493994,1.2627483070493994,1.2627483070493994,1.2627483070493994,1.2627483070493994
