obs_gdp,obs_hours,obs_wages,obs_gdpdeflator,obs_corepce,obs_nominalrate,obs_consumption,obs_investment,obs_BBBspread,obs_longinflation,obs_longrate,obs_tfp,obs_gdi,obs_AAAspread,obs_nominalrate1,obs_nominalrate2,obs_nominalrate3,obs_nominalrate4,obs_nominalrate5,obs_nominalrate6
0.5215515553755878,-45.17980121662604,0.5215515553755878,0.47710771296680804,0.49999999999998934,1.2828631593737816,0.5215515553755878,0.5215515553755878,0.4375066681198948,0.49999999999998934,1.2828631593737816,0.0,0.5215515553755878,0.1174310227768634,1.2828631593737816,1.2828631593737816,1.2828631593737816,1.2828631593737816,1.2828631593737816,1.2828631593737816
