obs_gdp,obs_hours,obs_wages,obs_gdpdeflator,obs_corepce,obs_nominalrate,obs_consumption,obs_investment,obs_BBBspread,obs_longinflation,obs_longrate,obs_tfp,obs_gdi,obs_AAAspread,obs_nominalrate1,obs_nominalrate2,obs_nominalrate3,obs_nominalrate4,obs_nominalrate5,obs_nominalrate6
0.49346784153270207,-46.69549978822997,0.49346784153270207,0.4779318322682526,0.49999999999998934,1.2496224134507017,0.49346784153270207,0.49346784153270207,0.4387056234572583,0.49999999999998934,1.2496224134507017,0.0,0.49346784153270207,0.1174310227768634,1.2496224134507017,1.2496224134507017,1.2496224134507017,1.2496224134507017,1.2496224134507017,1.2496224134507017
