obs_gdp,obs_hours,obs_wages,obs_gdpdeflator,obs_corepce,obs_nominalrate,obs_consumption,obs_investment,obs_BBBspread,obs_longinflation,obs_longrate,obs_tfp,obs_gdi,obs_AAAspread,obs_nominalrate1,obs_nominalrate2,obs_nominalrate3,obs_nominalrate4,obs_nominalrate5,obs_nominalrate6
0.4726735210849986,-47.55406113536535,0.4726735210849986,0.47791262835347953,0.49999999999998934,1.2403496580104312,0.4726735210849986,0.4726735210849986,0.43477322057458173,0.49999999999998934,1.2403496580104312,0.0,0.4726735210849986,0.1174310227768634,1.2403496580104312,1.2403496580104312,1.2403496580104312,1.2403496580104312,1.2403496580104312,1.2403496580104312
