obs_gdp,obs_hours,obs_wages,obs_gdpdeflator,obs_corepce,obs_nominalrate,obs_consumption,obs_investment,obs_BBBspread,obs_longinflation,obs_longrate,obs_tfp,obs_gdi,obs_AAAspread,obs_nominalrate1,obs_nominalrate2,obs_nominalrate3,obs_nominalrate4,obs_nominalrate5,obs_nominalrate6
0.49505454086227196,-47.044590356360445,0.49505454086227196,0.4752711846255095,0.49999999999998934,1.2478882704005434,0.49505454086227196,0.49505454086227196,0.4309474123471887,0.49999999999998934,1.2478882704005434,0.0,0.49505454086227196,0.1174310227768634,1.2478882704005434,1.2478882704005434,1.2478882704005434,1.2478882704005434,1.2478882704005434,1.2478882704005434
