obs_gdp,obs_hours,obs_wages,obs_gdpdeflator,obs_corepce,obs_nominalrate,obs_consumption,obs_investment,obs_BBBspread,obs_longinflation,obs_longrate,obs_tfp,obs_gdi,obs_AAAspread,obs_nominalrate1,obs_nominalrate2,obs_nominalrate3,obs_nominalrate4,obs_nominalrate5,obs_nominalrate6
0.46165597729497243,-47.50553950427208,0.46165597729497243,0.4845478329640851,0.49999999999998934,1.2085983287687174,0.46165597729497243,0.46165597729497243,0.4401124405738892,0.49999999999998934,1.2085983287687174,0.0,0.46165597729497243,0.1174310227768634,1.2085983287687174,1.2085983287687174,1.2085983287687174,1.2085983287687174,1.2085983287687174,1.2085983287687174
