obs_gdp,obs_hours,obs_wages,obs_gdpdeflator,obs_corepce,obs_nominalrate,obs_consumption,obs_investment,obs_BBBspread,obs_longinflation,obs_longrate,obs_tfp,obs_gdi,obs_AAAspread,obs_nominalrate1,obs_nominalrate2,obs_nominalrate3,obs_nominalrate4,obs_nominalrate5,obs_nominalrate6
0.4852174068501469,-47.17519852657951,0.4852174068501469,0.4767624369299332,0.49999999999998934,1.2499258221399856,0.4852174068501469,0.4852174068501469,0.43340809506844563,0.49999999999998934,1.2499258221399856,0.0,0.4852174068501469,0.1174310227768634,1.2499258221399856,1.2499258221399856,1.2499258221399856,1.2499258221399856,1.2499258221399856,1.2499258221399856
