obs_gdp,obs_hours,obs_wages,obs_gdpdeflator,obs_corepce,obs_nominalrate,obs_consumption,obs_investment,obs_BBBspread,obs_longinflation,obs_longrate,obs_tfp,obs_gdi,obs_AAAspread,obs_nominalrate1,obs_nominalrate2,obs_nominalrate3,obs_nominalrate4,obs_nominalrate5,obs_nominalrate6
0.5627614722174767,-44.51705950451124,0.5627614722174767,0.4757195141309494,0.49999999999998934,1.359876040148178,0.5627614722174767,0.5627614722174767,0.43445135766120346,0.49999999999998934,1.359876040148178,0.0,0.5627614722174767,0.1174310227768634,1.359876040148178,1.359876040148178,1.359876040148178,1.359876040148178,1.359876040148178,1.359876040148178
