obs_gdp,obs_hours,obs_wages,obs_gdpdeflator,obs_corepce,obs_nominalrate,obs_consumption,obs_investment,obs_BBBspread,obs_longinflation,obs_longrate,obs_tfp,obs_gdi,obs_AAAspread,obs_nominalrate1,obs_nominalrate2,obs_nominalrate3,obs_nominalrate4,obs_nominalrate5,obs_nominalrate6
0.4884090000563335,-46.94688746023771,0.4884090000563335,0.4747969442847917,0.49999999999998934,1.2382326811583466,0.4884090000563335,0.4884090000563335,0.4303274688160737,0.49999999999998934,1.2382326811583466,0.0,0.4884090000563335,0.1174310227768634,1.2382326811583466,1.2382326811583466,1.2382326811583466,1.2382326811583466,1.2382326811583466,1.2382326811583466
