obs_gdp,obs_hours,obs_wages,obs_gdpdeflator,obs_corepce,obs_nominalrate,obs_consumption,obs_investment,obs_BBBspread,obs_longinflation,obs_longrate,obs_tfp,obs_gdi,obs_AAAspread,obs_nominalrate1,obs_nominalrate2,obs_nominalrate3,obs_nominalrate4,obs_nominalrate5,obs_nominalrate6
0.4668660053264384,-47.85033799358287,0.4668660053264384,0.47673248084840064,0.49999999999998934,1.2144191819640549,0.4668660053264384,0.4668660053264384,0.43101137702435677,0.49999999999998934,1.2144191819640549,0.0,0.4668660053264384,0.1174310227768634,1.2144191819640549,1.2144191819640549,1.2144191819640549,1.2144191819640549,1.2144191819640549,1.2144191819640549
