obs_gdp,obs_hours,obs_wages,obs_gdpdeflator,obs_corepce,obs_nominalrate,obs_consumption,obs_investment,obs_BBBspread,obs_longinflation,obs_longrate,obs_tfp,obs_gdi,obs_AAAspread,obs_nominalrate1,obs_nominalrate2,obs_nominalrate3,obs_nominalrate4,obs_nominalrate5,obs_nominalrate6
0.5967173588855124,-43.26868213379021,0.5967173588855124,0.47406879997365364,0.49999999999998934,1.4142142855338546,0.5967173588855124,0.5967173588855124,0.43619292464213116,0.49999999999998934,1.4142142855338546,0.0,0.5967173588855124,0.1174310227768634,1.4142142855338546,1.4142142855338546,1.4142142855338546,1.4142142855338546,1.4142142855338546,1.4142142855338546
