obs_gdp,obs_hours,obs_wages,obs_gdpdeflator,obs_corepce,obs_nominalrate,obs_consumption,obs_investment,obs_BBBspread,obs_longinflation,obs_longrate,obs_tfp,obs_gdi,obs_AAAspread,obs_nominalrate1,obs_nominalrate2,obs_nominalrate3,obs_nominalrate4,obs_nominalrate5,obs_nominalrate6
0.4943088279115271,-46.18740058067955,0.4943088279115271,0.4840901774788425,0.49999999999998934,1.2515263081899874,0.4943088279115271,0.4943088279115271,0.44253442462550063,0.49999999999998934,1.2515263081899874,0.0,0.4943088279115271,0.1174310227768634,1.2515263081899874,1.2515263081899874,1.2515263081899874,1.2515263081899874,1.2515263081899874,1.2515263081899874
