obs_gdp,obs_hours,obs_wages,obs_gdpdeflator,obs_corepce,obs_nominalrate,obs_consumption,obs_investment,obs_BBBspread,obs_longinflation,obs_longrate,obs_tfp,obs_gdi,obs_AAAspread,obs_nominalrate1,obs_nominalrate2,obs_nominalrate3,obs_nominalrate4,obs_nominalrate5,obs_nominalrate6
0.4942130748780249,-46.82048172669185,0.4942130748780249,0.47731002476058365,0.49999999999998934,1.272219901826488,0.4942130748780249,0.4942130748780249,0.43452150073860313,0.49999999999998934,1.272219901826488,0.0,0.4942130748780249,0.1174310227768634,1.272219901826488,1.272219901826488,1.272219901826488,1.272219901826488,1.272219901826488,1.272219901826488
