obs_gdp,obs_hours,obs_wages,obs_gdpdeflator,obs_corepce,obs_nominalrate,obs_consumption,obs_investment,obs_BBBspread,obs_longinflation,obs_longrate,obs_tfp,obs_gdi,obs_AAAspread,obs_nominalrate1,obs_nominalrate2,obs_nominalrate3,obs_nominalrate4,obs_nominalrate5,obs_nominalrate6
0.4570856038212501,-48.13989590701883,0.4570856038212501,0.4772149440250905,0.49999999999998934,1.2034635862995247,0.4570856038212501,0.4570856038212501,0.4330307669603464,0.49999999999998934,1.2034635862995247,0.0,0.4570856038212501,0.1174310227768634,1.2034635862995247,1.2034635862995247,1.2034635862995247,1.2034635862995247,1.2034635862995247,1.2034635862995247
