obs_gdp,obs_hours,obs_wages,obs_gdpdeflator,obs_corepce,obs_nominalrate,obs_consumption,obs_investment,obs_BBBspread,obs_longinflation,obs_longrate,obs_tfp,obs_gdi,obs_AAAspread,obs_nominalrate1,obs_nominalrate2,obs_nominalrate3,obs_nominalrate4,obs_nominalrate5,obs_nominalrate6
0.5144504490007362,-45.831095994215616,0.5144504490007362,0.47471547575424705,0.49999999999998934,1.3047651588260045,0.5144504490007362,0.5144504490007362,0.4299054267972152,0.49999999999998934,1.3047651588260045,0.0,0.5144504490007362,0.1174310227768634,1.3047651588260045,1.3047651588260045,1.3047651588260045,1.3047651588260045,1.3047651588260045,1.3047651588260045
