obs_gdp,obs_hours,obs_wages,obs_gdpdeflator,obs_corepce,obs_nominalrate,obs_consumption,obs_investment,obs_BBBspread,obs_longinflation,obs_longrate,obs_tfp,obs_gdi,obs_AAAspread,obs_nominalrate1,obs_nominalrate2,obs_nominalrate3,obs_nominalrate4,obs_nominalrate5,obs_nominalrate6
0.5435556804891606,-45.3595233200033,0.5435556804891606,0.4755250059654704,0.49999999999998934,1.3327527784137594,0.5435556804891606,0.5435556804891606,0.4300751701601181,0.49999999999998934,1.3327527784137594,0.0,0.5435556804891606,0.1174310227768634,1.3327527784137594,1.3327527784137594,1.3327527784137594,1.3327527784137594,1.3327527784137594,1.3327527784137594
