obs_gdp,obs_hours,obs_wages,obs_gdpdeflator,obs_corepce,obs_nominalrate,obs_consumption,obs_investment,obs_BBBspread,obs_longinflation,obs_longrate,obs_tfp,obs_gdi,obs_AAAspread,obs_nominalrate1,obs_nominalrate2,obs_nominalrate3,obs_nominalrate4,obs_nominalrate5,obs_nominalrate6
0.5564669017257273,-44.88797887672895,0.5564669017257273,0.47627356774398155,0.49999999999998934,1.3614944011495211,0.5564669017257273,0.5564669017257273,0.43227636457786056,0.49999999999998934,1.3614944011495211,0.0,0.5564669017257273,0.1174310227768634,1.3614944011495211,1.3614944011495211,1.3614944011495211,1.3614944011495211,1.3614944011495211,1.3614944011495211
