obs_gdp,obs_hours,obs_wages,obs_gdpdeflator,obs_corepce,obs_nominalrate,obs_consumption,obs_investment,obs_BBBspread,obs_longinflation,obs_longrate,obs_tfp,obs_gdi,obs_AAAspread,obs_nominalrate1,obs_nominalrate2,obs_nominalrate3,obs_nominalrate4,obs_nominalrate5,obs_nominalrate6
0.49518678418569717,-46.525813526867736,0.49518678418569717,0.47796102264833595,0.49999999999998934,1.2553804569206184,0.49518678418569717,0.49518678418569717,0.43789014026329637,0.49999999999998934,1.2553804569206184,0.0,0.49518678418569717,0.1174310227768634,1.2553804569206184,1.2553804569206184,1.2553804569206184,1.2553804569206184,1.2553804569206184,1.2553804569206184
