obs_gdp,obs_hours,obs_wages,obs_gdpdeflator,obs_corepce,obs_nominalrate,obs_consumption,obs_investment,obs_BBBspread,obs_longinflation,obs_longrate,obs_tfp,obs_gdi,obs_AAAspread,obs_nominalrate1,obs_nominalrate2,obs_nominalrate3,obs_nominalrate4,obs_nominalrate5,obs_nominalrate6
0.5460660220193203,-45.06412202214838,0.5460660220193203,0.47321578870738956,0.49999999999998934,1.3218904858278258,0.5460660220193203,0.5460660220193203,0.4324635674665994,0.49999999999998934,1.3218904858278258,0.0,0.5460660220193203,0.1174310227768634,1.3218904858278258,1.3218904858278258,1.3218904858278258,1.3218904858278258,1.3218904858278258,1.3218904858278258
