obs_gdp,obs_hours,obs_wages,obs_gdpdeflator,obs_corepce,obs_nominalrate,obs_consumption,obs_investment,obs_BBBspread,obs_longinflation,obs_longrate,obs_tfp,obs_gdi,obs_AAAspread,obs_nominalrate1,obs_nominalrate2,obs_nominalrate3,obs_nominalrate4,obs_nominalrate5,obs_nominalrate6
0.5278572473131016,-45.953890948264,0.5278572473131016,0.4736967249104005,0.49999999999998934,1.3051018294597316,0.5278572473131016,0.5278572473131016,0.4339077345466842,0.49999999999998934,1.3051018294597316,0.0,0.5278572473131016,0.1174310227768634,1.3051018294597316,1.3051018294597316,1.3051018294597316,1.3051018294597316,1.3051018294597316,1.3051018294597316
