obs_gdp,obs_hours,obs_wages,obs_gdpdeflator,obs_corepce,obs_nominalrate,obs_consumption,obs_investment,obs_BBBspread,obs_longinflation,obs_longrate,obs_tfp,obs_gdi,obs_AAAspread,obs_nominalrate1,obs_nominalrate2,obs_nominalrate3,obs_nominalrate4,obs_nominalrate5,obs_nominalrate6
0.5445634399797283,-45.24631460990973,0.5445634399797283,0.4732060666790508,0.49999999999998934,1.321806143731763,0.5445634399797283,0.5445634399797283,0.4305920726752336,0.49999999999998934,1.321806143731763,0.0,0.5445634399797283,0.1174310227768634,1.321806143731763,1.321806143731763,1.321806143731763,1.321806143731763,1.321806143731763,1.321806143731763
