obs_gdp,obs_hours,obs_wages,obs_gdpdeflator,obs_corepce,obs_nominalrate,obs_consumption,obs_investment,obs_BBBspread,obs_longinflation,obs_longrate,obs_tfp,obs_gdi,obs_AAAspread,obs_nominalrate1,obs_nominalrate2,obs_nominalrate3,obs_nominalrate4,obs_nominalrate5,obs_nominalrate6
0.5489398774024323,-44.75631414690023,0.5489398774024323,0.48245224079931714,0.49999999999998934,1.3167358928955153,0.5489398774024323,0.5489398774024323,0.43985347336850883,0.49999999999998934,1.3167358928955153,0.0,0.5489398774024323,0.1174310227768634,1.3167358928955153,1.3167358928955153,1.3167358928955153,1.3167358928955153,1.3167358928955153,1.3167358928955153
