obs_gdp,obs_hours,obs_wages,obs_gdpdeflator,obs_corepce,obs_nominalrate,obs_consumption,obs_investment,obs_BBBspread,obs_longinflation,obs_longrate,obs_tfp,obs_gdi,obs_AAAspread,obs_nominalrate1,obs_nominalrate2,obs_nominalrate3,obs_nominalrate4,obs_nominalrate5,obs_nominalrate6
0.5485215135075716,-44.56989174106219,0.5485215135075716,0.4740499847661175,0.49999999999998934,1.3446684937098219,0.5485215135075716,0.5485215135075716,0.4333130362031972,0.49999999999998934,1.3446684937098219,0.0,0.5485215135075716,0.1174310227768634,1.3446684937098219,1.3446684937098219,1.3446684937098219,1.3446684937098219,1.3446684937098219,1.3446684937098219
