obs_gdp,obs_hours,obs_wages,obs_gdpdeflator,obs_corepce,obs_nominalrate,obs_consumption,obs_investment,obs_BBBspread,obs_longinflation,obs_longrate,obs_tfp,obs_gdi,obs_AAAspread,obs_nominalrate1,obs_nominalrate2,obs_nominalrate3,obs_nominalrate4,obs_nominalrate5,obs_nominalrate6
0.4616191461351393,-47.642826122968295,0.4616191461351393,0.4779080623332215,0.49999999999998934,1.1993435057504165,0.4616191461351393,0.4616191461351393,0.43173977626094806,0.49999999999998934,1.1993435057504165,0.0,0.4616191461351393,0.1174310227768634,1.1993435057504165,1.1993435057504165,1.1993435057504165,1.1993435057504165,1.1993435057504165,1.1993435057504165
