obs_gdp,obs_hours,obs_wages,obs_gdpdeflator,obs_corepce,obs_nominalrate,obs_consumption,obs_investment,obs_BBBspread,obs_longinflation,obs_longrate,obs_tfp,obs_gdi,obs_AAAspread,obs_nominalrate1,obs_nominalrate2,obs_nominalrate3,obs_nominalrate4,obs_nominalrate5,obs_nominalrate6
0.4931458253653265,-47.11032127980767,0.4931458253653265,0.4765279634829107,0.49999999999998934,1.2548560340185588,0.4931458253653265,0.4931458253653265,0.4302116424277978,0.49999999999998934,1.2548560340185588,0.0,0.4931458253653265,0.1174310227768634,1.2548560340185588,1.2548560340185588,1.2548560340185588,1.2548560340185588,1.2548560340185588,1.2548560340185588
