obs_gdp,obs_hours,obs_wages,obs_gdpdeflator,obs_corepce,obs_nominalrate,obs_consumption,obs_investment,obs_BBBspread,obs_longinflation,obs_longrate,obs_tfp,obs_gdi,obs_AAAspread,obs_nominalrate1,obs_nominalrate2,obs_nominalrate3,obs_nominalrate4,obs_nominalrate5,obs_nominalrate6
0.5427421807257637,-45.05816140136932,0.5427421807257637,0.4757718590923928,0.49999999999998934,1.3322208957935233,0.5427421807257637,0.5427421807257637,0.433454508700902,0.49999999999998934,1.3322208957935233,0.0,0.5427421807257637,0.1174310227768634,1.3322208957935233,1.3322208957935233,1.3322208957935233,1.3322208957935233,1.3322208957935233,1.3322208957935233
