obs_gdp,obs_hours,obs_wages,obs_gdpdeflator,obs_corepce,obs_nominalrate,obs_consumption,obs_investment,obs_BBBspread,obs_longinflation,obs_longrate,obs_tfp,obs_gdi,obs_AAAspread,obs_nominalrate1,obs_nominalrate2,obs_nominalrate3,obs_nominalrate4,obs_nominalrate5,obs_nominalrate6
0.44772258668266396,-47.68126779920239,0.44772258668266396,0.4788099584421843,0.49999999999998934,1.1859467910746435,0.44772258668266396,0.44772258668266396,0.4377635030759179,0.49999999999998934,1.1859467910746435,0.0,0.44772258668266396,0.1174310227768634,1.1859467910746435,1.1859467910746435,1.1859467910746435,1.1859467910746435,1.1859467910746435,1.1859467910746435
