obs_gdp,obs_hours,obs_wages,obs_gdpdeflator,obs_corepce,obs_nominalrate,obs_consumption,obs_investment,obs_BBBspread,obs_longinflation,obs_longrate,obs_tfp,obs_gdi,obs_AAAspread,obs_nominalrate1,obs_nominalrate2,obs_nominalrate3,obs_nominalrate4,obs_nominalrate5,obs_nominalrate6
0.43794962172341023,-48.89783321616061,0.43794962172341023,0.4741176085530714,0.49999999999998934,1.2023196846715045,0.43794962172341023,0.43794962172341023,0.43098185996935007,0.49999999999998934,1.2023196846715045,0.0,0.43794962172341023,0.1174310227768634,1.2023196846715045,1.2023196846715045,1.2023196846715045,1.2023196846715045,1.2023196846715045,1.2023196846715045
