obs_gdp,obs_hours,obs_wages,obs_gdpdeflator,obs_corepce,obs_nominalrate,obs_consumption,obs_investment,obs_BBBspread,obs_longinflation,obs_longrate,obs_tfp,obs_gdi,obs_AAAspread,obs_nominalrate1,obs_nominalrate2,obs_nominalrate3,obs_nominalrate4,obs_nominalrate5,obs_nominalrate6
0.4674156872963797,-47.38759162070698,0.4674156872963797,0.4825313202047553,0.49999999999998934,1.2017820382610678,0.4674156872963797,0.4674156872963797,0.4333151958523857,0.49999999999998934,1.2017820382610678,0.0,0.4674156872963797,0.1174310227768634,1.2017820382610678,1.2017820382610678,1.2017820382610678,1.2017820382610678,1.2017820382610678,1.2017820382610678
