obs_gdp,obs_hours,obs_wages,obs_gdpdeflator,obs_corepce,obs_nominalrate,obs_consumption,obs_investment,obs_BBBspread,obs_longinflation,obs_longrate,obs_tfp,obs_gdi,obs_AAAspread,obs_nominalrate1,obs_nominalrate2,obs_nominalrate3,obs_nominalrate4,obs_nominalrate5,obs_nominalrate6
0.4606567583446797,-47.98102278849621,0.4606567583446797,0.47758478659552855,0.49999999999998934,1.2095795061079384,0.4606567583446797,0.4606567583446797,0.430103775242826,0.49999999999998934,1.2095795061079384,0.0,0.4606567583446797,0.1174310227768634,1.2095795061079384,1.2095795061079384,1.2095795061079384,1.2095795061079384,1.2095795061079384,1.2095795061079384
