obs_gdp,obs_hours,obs_wages,obs_gdpdeflator,obs_corepce,obs_nominalrate,obs_consumption,obs_investment,obs_BBBspread,obs_longinflation,obs_longrate,obs_tfp,obs_gdi,obs_AAAspread,obs_nominalrate1,obs_nominalrate2,obs_nominalrate3,obs_nominalrate4,obs_nominalrate5,obs_nominalrate6
0.5174372579795916,-45.90950310363639,0.5174372579795916,0.47746678167096346,0.49999999999998934,1.2715844330195347,0.5174372579795916,0.5174372579795916,0.43409709587158457,0.49999999999998934,1.2715844330195347,0.0,0.5174372579795916,0.1174310227768634,1.2715844330195347,1.2715844330195347,1.2715844330195347,1.2715844330195347,1.2715844330195347,1.2715844330195347
