obs_gdp,obs_hours,obs_wages,obs_gdpdeflator,obs_corepce,obs_nominalrate,obs_consumption,obs_investment,obs_BBBspread,obs_longinflation,obs_longrate,obs_tfp,obs_gdi,obs_AAAspread,obs_nominalrate1,obs_nominalrate2,obs_nominalrate3,obs_nominalrate4,obs_nominalrate5,obs_nominalrate6
0.4325341339261657,-48.42905521719352,0.4325341339261657,0.4861171618526535,0.49999999999998934,1.1740229102470634,0.4325341339261657,0.4325341339261657,0.44082908706994983,0.49999999999998934,1.1740229102470634,0.0,0.4325341339261657,0.1174310227768634,1.1740229102470634,1.1740229102470634,1.1740229102470634,1.1740229102470634,1.1740229102470634,1.1740229102470634
