obs_gdp,obs_hours,obs_wages,obs_gdpdeflator,obs_corepce,obs_nominalrate,obs_consumption,obs_investment,obs_BBBspread,obs_longinflation,obs_longrate,obs_tfp,obs_gdi,obs_AAAspread,obs_nominalrate1,obs_nominalrate2,obs_nominalrate3,obs_nominalrate4,obs_nominalrate5,obs_nominalrate6
0.4690297060404358,-47.962460033513935,0.4690297060404358,0.47715930125756406,0.49999999999998934,1.2130526602498692,0.4690297060404358,0.4690297060404358,0.43247109755168367,0.49999999999998934,1.2130526602498692,0.0,0.4690297060404358,0.1174310227768634,1.2130526602498692,1.2130526602498692,1.2130526602498692,1.2130526602498692,1.2130526602498692,1.2130526602498692
