obs_gdp,obs_hours,obs_wages,obs_gdpdeflator,obs_corepce,obs_nominalrate,obs_consumption,obs_investment,obs_BBBspread,obs_longinflation,obs_longrate,obs_tfp,obs_gdi,obs_AAAspread,obs_nominalrate1,obs_nominalrate2,obs_nominalrate3,obs_nominalrate4,obs_nominalrate5,obs_nominalrate6
0.5138602282623195,-45.75531712668262,0.5138602282623195,0.48372541535266456,0.49999999999998934,1.2605529697602869,0.5138602282623195,0.5138602282623195,0.4410493415952826,0.49999999999998934,1.2605529697602869,0.0,0.5138602282623195,0.1174310227768634,1.2605529697602869,1.2605529697602869,1.2605529697602869,1.2605529697602869,1.2605529697602869,1.2605529697602869
