obs_gdp,obs_hours,obs_wages,obs_gdpdeflator,obs_corepce,obs_nominalrate,obs_consumption,obs_investment,obs_BBBspread,obs_longinflation,obs_longrate,obs_tfp,obs_gdi,obs_AAAspread,obs_nominalrate1,obs_nominalrate2,obs_nominalrate3,obs_nominalrate4,obs_nominalrate5,obs_nominalrate6
0.4345547588302301,-48.4833395625823,0.4345547588302301,0.4851156071266318,0.49999999999998934,1.171755334805713,0.4345547588302301,0.4345547588302301,0.4394903495421729,0.49999999999998934,1.171755334805713,0.0,0.4345547588302301,0.1174310227768634,1.171755334805713,1.171755334805713,1.171755334805713,1.171755334805713,1.171755334805713,1.171755334805713
