obs_gdp,obs_hours,obs_wages,obs_gdpdeflator,obs_corepce,obs_nominalrate,obs_consumption,obs_investment,obs_BBBspread,obs_longinflation,obs_longrate,obs_tfp,obs_gdi,obs_AAAspread,obs_nominalrate1,obs_nominalrate2,obs_nominalrate3,obs_nominalrate4,obs_nominalrate5,obs_nominalrate6
0.4997626101763686,-46.284646461384064,0.4997626101763686,0.47745787479865387,0.49999999999998934,1.246491060970878,0.4997626101763686,0.4997626101763686,0.4322397412058601,0.49999999999998934,1.246491060970878,0.0,0.4997626101763686,0.1174310227768634,1.246491060970878,1.246491060970878,1.246491060970878,1.246491060970878,1.246491060970878,1.246491060970878
