obs_gdp,obs_hours,obs_wages,obs_gdpdeflator,obs_corepce,obs_nominalrate,obs_consumption,obs_investment,obs_BBBspread,obs_longinflation,obs_longrate,obs_tfp,obs_gdi,obs_AAAspread,obs_nominalrate1,obs_nominalrate2,obs_nominalrate3,obs_nominalrate4,obs_nominalrate5,obs_nominalrate6
0.5051633058026139,-45.9751312760897,0.5051633058026139,0.48203294734929725,0.49999999999998934,1.2588180560535678,0.5051633058026139,0.5051633058026139,0.4361655815979255,0.49999999999998934,1.2588180560535678,0.0,0.5051633058026139,0.1174310227768634,1.2588180560535678,1.2588180560535678,1.2588180560535678,1.2588180560535678,1.2588180560535678,1.2588180560535678
