obs_gdp,obs_hours,obs_wages,obs_gdpdeflator,obs_corepce,obs_nominalrate,obs_consumption,obs_investment,obs_BBBspread,obs_longinflation,obs_longrate,obs_tfp,obs_gdi,obs_AAAspread,obs_nominalrate1,obs_nominalrate2,obs_nominalrate3,obs_nominalrate4,obs_nominalrate5,obs_nominalrate6
0.43100884322706534,-48.57864380786839,0.43100884322706534,0.4853346626784184,0.49999999999998934,1.1677211375699992,0.43100884322706534,0.43100884322706534,0.43932711359299687,0.49999999999998934,1.1677211375699992,0.0,0.43100884322706534,0.1174310227768634,1.1677211375699992,1.1677211375699992,1.1677211375699992,1.1677211375699992,1.1677211375699992,1.1677211375699992
