obs_gdp,obs_hours,obs_wages,obs_gdpdeflator,obs_corepce,obs_nominalrate,obs_consumption,obs_investment,obs_BBBspread,obs_longinflation,obs_longrate,obs_tfp,obs_gdi,obs_AAAspread,obs_nominalrate1,obs_nominalrate2,obs_nominalrate3,obs_nominalrate4,obs_nominalrate5,obs_nominalrate6
0.4914737861466012,-46.37674645143747,0.4914737861466012,0.4794382945994358,0.49999999999998934,1.2376760770160589,0.4914737861466012,0.4914737861466012,0.43568325007305203,0.49999999999998934,1.2376760770160589,0.0,0.4914737861466012,0.1174310227768634,1.2376760770160589,1.2376760770160589,1.2376760770160589,1.2376760770160589,1.2376760770160589,1.2376760770160589
