obs_gdp,obs_hours,obs_wages,obs_gdpdeflator,obs_corepce,obs_nominalrate,obs_consumption,obs_investment,obs_BBBspread,obs_longinflation,obs_longrate,obs_tfp,obs_gdi,obs_AAAspread,obs_nominalrate1,obs_nominalrate2,obs_nominalrate3,obs_nominalrate4,obs_nominalrate5,obs_nominalrate6
0.5327832741511385,-45.548477401553754,0.5327832741511385,0.4767097510729776,0.49999999999998934,1.3313806061674427,0.5327832741511385,0.5327832741511385,0.4331688749818889,0.49999999999998934,1.3313806061674427,0.0,0.5327832741511385,0.1174310227768634,1.3313806061674427,1.3313806061674427,1.3313806061674427,1.3313806061674427,1.3313806061674427,1.3313806061674427
