obs_gdp,obs_hours,obs_wages,obs_gdpdeflator,obs_corepce,obs_nominalrate,obs_consumption,obs_investment,obs_BBBspread,obs_longinflation,obs_longrate,obs_tfp,obs_gdi,obs_AAAspread,obs_nominalrate1,obs_nominalrate2,obs_nominalrate3,obs_nominalrate4,obs_nominalrate5,obs_nominalrate6
0.5221675387788061,-45.73187239942222,0.5221675387788061,0.47498002564848163,0.49999999999998934,1.302273437881163,0.5221675387788061,0.5221675387788061,0.43278495848177273,0.49999999999998934,1.302273437881163,0.0,0.5221675387788061,0.1174310227768634,1.302273437881163,1.302273437881163,1.302273437881163,1.302273437881163,1.302273437881163,1.302273437881163
