obs_gdp,obs_hours,obs_wages,obs_gdpdeflator,obs_corepce,obs_nominalrate,obs_consumption,obs_investment,obs_BBBspread,obs_longinflation,obs_longrate,obs_tfp,obs_gdi,obs_AAAspread,obs_nominalrate1,obs_nominalrate2,obs_nominalrate3,obs_nominalrate4,obs_nominalrate5,obs_nominalrate6
0.46024247864826506,-47.24349133458508,0.46024247864826506,0.47883252035034307,0.49999999999998934,1.1939135877657048,0.46024247864826506,0.46024247864826506,0.43963476650855937,0.49999999999998934,1.1939135877657048,0.0,0.46024247864826506,0.1174310227768634,1.1939135877657048,1.1939135877657048,1.1939135877657048,1.1939135877657048,1.1939135877657048,1.1939135877657048
