obs_gdp,obs_hours,obs_wages,obs_gdpdeflator,obs_corepce,obs_nominalrate,obs_consumption,obs_investment,obs_BBBspread,obs_longinflation,obs_longrate,obs_tfp,obs_gdi,obs_AAAspread,obs_nominalrate1,obs_nominalrate2,obs_nominalrate3,obs_nominalrate4,obs_nominalrate5,obs_nominalrate6
0.47776620014492455,-46.52485454203096,0.47776620014492455,0.4825160797495124,0.49999999999998934,1.2288684686424745,0.47776620014492455,0.47776620014492455,0.43574187520889146,0.49999999999998934,1.2288684686424745,0.0,0.47776620014492455,0.1174310227768634,1.2288684686424745,1.2288684686424745,1.2288684686424745,1.2288684686424745,1.2288684686424745,1.2288684686424745
