obs_gdp,obs_hours,obs_wages,obs_gdpdeflator,obs_corepce,obs_nominalrate,obs_consumption,obs_investment,obs_BBBspread,obs_longinflation,obs_longrate,obs_tfp,obs_gdi,obs_AAAspread,obs_nominalrate1,obs_nominalrate2,obs_nominalrate3,obs_nominalrate4,obs_nominalrate5,obs_nominalrate6
0.44055539198313287,-48.79501602590199,0.44055539198313287,0.47503050576463146,0.49999999999998934,1.1688572988770796,0.44055539198313287,0.44055539198313287,0.43394262777904047,0.49999999999998934,1.1688572988770796,0.0,0.44055539198313287,0.1174310227768634,1.1688572988770796,1.1688572988770796,1.1688572988770796,1.1688572988770796,1.1688572988770796,1.1688572988770796
