obs_gdp,obs_hours,obs_wages,obs_gdpdeflator,obs_corepce,obs_nominalrate,obs_consumption,obs_investment,obs_BBBspread,obs_longinflation,obs_longrate,obs_tfp,obs_gdi,obs_AAAspread,obs_nominalrate1,obs_nominalrate2,obs_nominalrate3,obs_nominalrate4,obs_nominalrate5,obs_nominalrate6
0.5366478825782783,-44.606840609214856,0.5366478825782783,0.47993372226469394,0.49999999999998934,1.3052815923038308,0.5366478825782783,0.5366478825782783,0.43539343920936285,0.49999999999998934,1.3052815923038308,0.0,0.5366478825782783,0.1174310227768634,1.3052815923038308,1.3052815923038308,1.3052815923038308,1.3052815923038308,1.3052815923038308,1.3052815923038308
