obs_gdp,obs_hours,obs_wages,obs_gdpdeflator,obs_corepce,obs_nominalrate,obs_consumption,obs_investment,obs_BBBspread,obs_longinflation,obs_longrate,obs_tfp,obs_gdi,obs_AAAspread,obs_nominalrate1,obs_nominalrate2,obs_nominalrate3,obs_nominalrate4,obs_nominalrate5,obs_nominalrate6
0.5328269081033232,-45.614876099264464,0.5328269081033232,0.47394501082085927,0.49999999999998934,1.3022611769466508,0.5328269081033232,0.5328269081033232,0.43323330539914484,0.49999999999998934,1.3022611769466508,0.0,0.5328269081033232,0.1174310227768634,1.3022611769466508,1.3022611769466508,1.3022611769466508,1.3022611769466508,1.3022611769466508,1.3022611769466508
