obs_gdp,obs_hours,obs_wages,obs_gdpdeflator,obs_corepce,obs_nominalrate,obs_consumption,obs_investment,obs_BBBspread,obs_longinflation,obs_longrate,obs_tfp,obs_gdi,obs_AAAspread,obs_nominalrate1,obs_nominalrate2,obs_nominalrate3,obs_nominalrate4,obs_nominalrate5,obs_nominalrate6
0.5075015751537126,-45.58556307336471,0.5075015751537126,0.48059013431323083,0.49999999999998934,1.266408698462751,0.5075015751537126,0.5075015751537126,0.43528488334284604,0.49999999999998934,1.266408698462751,0.0,0.5075015751537126,0.1174310227768634,1.266408698462751,1.266408698462751,1.266408698462751,1.266408698462751,1.266408698462751,1.266408698462751
