obs_gdp,obs_hours,obs_wages,obs_gdpdeflator,obs_corepce,obs_nominalrate,obs_consumption,obs_investment,obs_BBBspread,obs_longinflation,obs_longrate,obs_tfp,obs_gdi,obs_AAAspread,obs_nominalrate1,obs_nominalrate2,obs_nominalrate3,obs_nominalrate4,obs_nominalrate5,obs_nominalrate6
0.44722981356786207,-47.859433161717,0.44722981356786207,0.48404489018777846,0.49999999999998934,1.1852869050740455,0.44722981356786207,0.44722981356786207,0.4358932814121527,0.49999999999998934,1.1852869050740455,0.0,0.44722981356786207,0.1174310227768634,1.1852869050740455,1.1852869050740455,1.1852869050740455,1.1852869050740455,1.1852869050740455,1.1852869050740455
