obs_gdp,obs_hours,obs_wages,obs_gdpdeflator,obs_corepce,obs_nominalrate,obs_consumption,obs_investment,obs_BBBspread,obs_longinflation,obs_longrate,obs_tfp,obs_gdi,obs_AAAspread,obs_nominalrate1,obs_nominalrate2,obs_nominalrate3,obs_nominalrate4,obs_nominalrate5,obs_nominalrate6
0.4831579644446693,-47.12680686726527,0.4831579644446693,0.4759948675030037,0.49999999999998934,1.2395167142696284,0.4831579644446693,0.4831579644446693,0.43362747248542194,0.49999999999998934,1.2395167142696284,0.0,0.4831579644446693,0.1174310227768634,1.2395167142696284,1.2395167142696284,1.2395167142696284,1.2395167142696284,1.2395167142696284,1.2395167142696284
