obs_gdp,obs_hours,obs_wages,obs_gdpdeflator,obs_corepce,obs_nominalrate,obs_consumption,obs_investment,obs_BBBspread,obs_longinflation,obs_longrate,obs_tfp,obs_gdi,obs_AAAspread,obs_nominalrate1,obs_nominalrate2,obs_nominalrate3,obs_nominalrate4,obs_nominalrate5,obs_nominalrate6
0.4546745672212582,-47.66901251295068,0.4546745672212582,0.48525886203022905,0.49999999999998934,1.203531428236615,0.4546745672212582,0.4546745672212582,0.4417249000712075,0.49999999999998934,1.203531428236615,0.0,0.4546745672212582,0.1174310227768634,1.203531428236615,1.203531428236615,1.203531428236615,1.203531428236615,1.203531428236615,1.203531428236615
