obs_gdp,obs_hours,obs_wages,obs_gdpdeflator,obs_corepce,obs_nominalrate,obs_consumption,obs_investment,obs_BBBspread,obs_longinflation,obs_longrate,obs_tfp,obs_gdi,obs_AAAspread,obs_nominalrate1,obs_nominalrate2,obs_nominalrate3,obs_nominalrate4,obs_nominalrate5,obs_nominalrate6
0.5302455720746169,-45.523475808867076,0.5302455720746169,0.475614508949102,0.49999999999998934,1.2998798737111628,0.5302455720746169,0.5302455720746169,0.4293543483732258,0.49999999999998934,1.2998798737111628,0.0,0.5302455720746169,0.1174310227768634,1.2998798737111628,1.2998798737111628,1.2998798737111628,1.2998798737111628,1.2998798737111628,1.2998798737111628
