obs_gdp,obs_hours,obs_wages,obs_gdpdeflator,obs_corepce,obs_nominalrate,obs_consumption,obs_investment,obs_BBBspread,obs_longinflation,obs_longrate,obs_tfp,obs_gdi,obs_AAAspread,obs_nominalrate1,obs_nominalrate2,obs_nominalrate3,obs_nominalrate4,obs_nominalrate5,obs_nominalrate6
0.49096042783673965,-46.785176846393725,0.49096042783673965,0.4748779460745985,0.49999999999998934,1.2683802422956525,0.49096042783673965,0.49096042783673965,0.430295180054869,0.49999999999998934,1.2683802422956525,0.0,0.49096042783673965,0.1174310227768634,1.2683802422956525,1.2683802422956525,1.2683802422956525,1.2683802422956525,1.2683802422956525,1.2683802422956525
