obs_gdp,obs_hours,obs_wages,obs_gdpdeflator,obs_corepce,obs_nominalrate,obs_consumption,obs_investment,obs_BBBspread,obs_longinflation,obs_longrate,obs_tfp,obs_gdi,obs_AAAspread,obs_nominalrate1,obs_nominalrate2,obs_nominalrate3,obs_nominalrate4,obs_nominalrate5,obs_nominalrate6
0.44919181926763585,-48.39848691545067,0.44919181926763585,0.4786047332332244,0.49999999999998934,1.1961485248462411,0.44919181926763585,0.44919181926763585,0.42975214963411934,0.49999999999998934,1.1961485248462411,0.0,0.44919181926763585,0.1174310227768634,1.1961485248462411,1.1961485248462411,1.1961485248462411,1.1961485248462411,1.1961485248462411,1.1961485248462411
