obs_gdp,obs_hours,obs_wages,obs_gdpdeflator,obs_corepce,obs_nominalrate,obs_consumption,obs_investment,obs_BBBspread,obs_longinflation,obs_longrate,obs_tfp,obs_gdi,obs_AAAspread,obs_nominalrate1,obs_nominalrate2,obs_nominalrate3,obs_nominalrate4,obs_nominalrate5,obs_nominalrate6
0.47641331408176946,-47.17713887477726,0.47641331408176946,0.4779795745462855,0.49999999999998934,1.2253740672822255,0.47641331408176946,0.47641331408176946,0.4393446364352568,0.49999999999998934,1.2253740672822255,0.0,0.47641331408176946,0.1174310227768634,1.2253740672822255,1.2253740672822255,1.2253740672822255,1.2253740672822255,1.2253740672822255,1.2253740672822255
