obs_gdp,obs_hours,obs_wages,obs_gdpdeflator,obs_corepce,obs_nominalrate,obs_consumption,obs_investment,obs_BBBspread,obs_longinflation,obs_longrate,obs_tfp,obs_gdi,obs_AAAspread,obs_nominalrate1,obs_nominalrate2,obs_nominalrate3,obs_nominalrate4,obs_nominalrate5,obs_nominalrate6
0.49301252510176585,-46.755822499033656,0.49301252510176585,0.47720506065832713,0.49999999999998934,1.2354542086670195,0.49301252510176585,0.49301252510176585,0.4341936932089443,0.49999999999998934,1.2354542086670195,0.0,0.49301252510176585,0.1174310227768634,1.2354542086670195,1.2354542086670195,1.2354542086670195,1.2354542086670195,1.2354542086670195,1.2354542086670195
