obs_gdp,obs_hours,obs_wages,obs_gdpdeflator,obs_corepce,obs_nominalrate,obs_consumption,obs_investment,obs_BBBspread,obs_longinflation,obs_longrate,obs_tfp,obs_gdi,obs_AAAspread,obs_nominalrate1,obs_nominalrate2,obs_nominalrate3,obs_nominalrate4,obs_nominalrate5,obs_nominalrate6
0.5590388163906557,-44.702432035014965,0.5590388163906557,0.4747202130396112,0.49999999999998934,1.35474250250327,0.5590388163906557,0.5590388163906557,0.4282076218428638,0.49999999999998934,1.35474250250327,0.0,0.5590388163906557,0.1174310227768634,1.35474250250327,1.35474250250327,1.35474250250327,1.35474250250327,1.35474250250327,1.35474250250327
