obs_gdp,obs_hours,obs_wages,obs_gdpdeflator,obs_corepce,obs_nominalrate,obs_consumption,obs_investment,obs_BBBspread,obs_longinflation,obs_longrate,obs_tfp,obs_gdi,obs_AAAspread,obs_nominalrate1,obs_nominalrate2,obs_nominalrate3,obs_nominalrate4,obs_nominalrate5,obs_nominalrate6
0.5572983516324292,-44.23677175227059,0.5572983516324292,0.48332695991132957,0.49999999999998934,1.3260466567151186,0.5572983516324292,0.5572983516324292,0.44143271215652746,0.49999999999998934,1.3260466567151186,0.0,0.5572983516324292,0.1174310227768634,1.3260466567151186,1.3260466567151186,1.3260466567151186,1.3260466567151186,1.3260466567151186,1.3260466567151186
