obs_gdp,obs_hours,obs_wages,obs_gdpdeflator,obs_corepce,obs_nominalrate,obs_consumption,obs_investment,obs_BBBspread,obs_longinflation,obs_longrate,obs_tfp,obs_gdi,obs_AAAspread,obs_nominalrate1,obs_nominalrate2,obs_nominalrate3,obs_nominalrate4,obs_nominalrate5,obs_nominalrate6
0.48206344694092795,-46.65013138981544,0.48206344694092795,0.4844036549613636,0.49999999999998934,1.2369497192330936,0.48206344694092795,0.48206344694092795,0.44113318250320516,0.49999999999998934,1.2369497192330936,0.0,0.48206344694092795,0.1174310227768634,1.2369497192330936,1.2369497192330936,1.2369497192330936,1.2369497192330936,1.2369497192330936,1.2369497192330936
