obs_gdp,obs_hours,obs_wages,obs_gdpdeflator,obs_corepce,obs_nominalrate,obs_consumption,obs_investment,obs_BBBspread,obs_longinflation,obs_longrate,obs_tfp,obs_gdi,obs_AAAspread,obs_nominalrate1,obs_nominalrate2,obs_nominalrate3,obs_nominalrate4,obs_nominalrate5,obs_nominalrate6
0.5431792832123916,-45.08084707924544,0.5431792832123916,0.4769601683953259,0.49999999999998934,1.3251034650255233,0.5431792832123916,0.5431792832123916,0.437550310255481,0.49999999999998934,1.3251034650255233,0.0,0.5431792832123916,0.1174310227768634,1.3251034650255233,1.3251034650255233,1.3251034650255233,1.3251034650255233,1.3251034650255233,1.3251034650255233
