obs_gdp,obs_hours,obs_wages,obs_gdpdeflator,obs_corepce,obs_nominalrate,obs_consumption,obs_investment,obs_BBBspread,obs_longinflation,obs_longrate,obs_tfp,obs_gdi,obs_AAAspread,obs_nominalrate1,obs_nominalrate2,obs_nominalrate3,obs_nominalrate4,obs_nominalrate5,obs_nominalrate6
0.4931801409819414,-47.101322347792205,0.4931801409819414,0.4745331733633495,0.49999999999998934,1.2456135384540268,0.4931801409819414,0.4931801409819414,0.4304184479718332,0.49999999999998934,1.2456135384540268,0.0,0.4931801409819414,0.1174310227768634,1.2456135384540268,1.2456135384540268,1.2456135384540268,1.2456135384540268,1.2456135384540268,1.2456135384540268
