obs_gdp,obs_hours,obs_wages,obs_gdpdeflator,obs_corepce,obs_nominalrate,obs_consumption,obs_investment,obs_BBBspread,obs_longinflation,obs_longrate,obs_tfp,obs_gdi,obs_AAAspread,obs_nominalrate1,obs_nominalrate2,obs_nominalrate3,obs_nominalrate4,obs_nominalrate5,obs_nominalrate6
0.46705091027918755,-47.10226004988884,0.46705091027918755,0.4820163370136975,0.49999999999998934,1.19968931184673,0.46705091027918755,0.46705091027918755,0.437297005263511,0.49999999999998934,1.19968931184673,0.0,0.46705091027918755,0.1174310227768634,1.19968931184673,1.19968931184673,1.19968931184673,1.19968931184673,1.19968931184673,1.19968931184673
