obs_gdp,obs_hours,obs_wages,obs_gdpdeflator,obs_corepce,obs_nominalrate,obs_consumption,obs_investment,obs_BBBspread,obs_longinflation,obs_longrate,obs_tfp,obs_gdi,obs_AAAspread,obs_nominalrate1,obs_nominalrate2,obs_nominalrate3,obs_nominalrate4,obs_nominalrate5,obs_nominalrate6
0.46478680438533093,-47.091210064658895,0.46478680438533093,0.4839141010089367,0.49999999999998934,1.195387297197259,0.46478680438533093,0.46478680438533093,0.4413336351594255,0.49999999999998934,1.195387297197259,0.0,0.46478680438533093,0.1174310227768634,1.195387297197259,1.195387297197259,1.195387297197259,1.195387297197259,1.195387297197259,1.195387297197259
