obs_gdp,obs_hours,obs_wages,obs_gdpdeflator,obs_corepce,obs_nominalrate,obs_consumption,obs_investment,obs_BBBspread,obs_longinflation,obs_longrate,obs_tfp,obs_gdi,obs_AAAspread,obs_nominalrate1,obs_nominalrate2,obs_nominalrate3,obs_nominalrate4,obs_nominalrate5,obs_nominalrate6
0.44411490264557596,-48.33011658300397,0.44411490264557596,0.4768517086684681,0.49999999999998934,1.19701540400452,0.44411490264557596,0.44411490264557596,0.4309939134392025,0.49999999999998934,1.19701540400452,0.0,0.44411490264557596,0.1174310227768634,1.19701540400452,1.19701540400452,1.19701540400452,1.19701540400452,1.19701540400452,1.19701540400452
