obs_gdp,obs_hours,obs_wages,obs_gdpdeflator,obs_corepce,obs_nominalrate,obs_consumption,obs_investment,obs_BBBspread,obs_longinflation,obs_longrate,obs_tfp,obs_gdi,obs_AAAspread,obs_nominalrate1,obs_nominalrate2,obs_nominalrate3,obs_nominalrate4,obs_nominalrate5,obs_nominalrate6
0.5023998967999876,-46.62633112243132,0.5023998967999876,0.47377695438768064,0.49999999999998934,1.2793864337512506,0.5023998967999876,0.5023998967999876,0.4394683442502237,0.49999999999998934,1.2793864337512506,0.0,0.5023998967999876,0.1174310227768634,1.2793864337512506,1.2793864337512506,1.2793864337512506,1.2793864337512506,1.2793864337512506,1.2793864337512506
