obs_gdp,obs_hours,obs_wages,obs_gdpdeflator,obs_corepce,obs_nominalrate,obs_consumption,obs_investment,obs_BBBspread,obs_longinflation,obs_longrate,obs_tfp,obs_gdi,obs_AAAspread,obs_nominalrate1,obs_nominalrate2,obs_nominalrate3,obs_nominalrate4,obs_nominalrate5,obs_nominalrate6
0.4307821149516222,-49.061764772835595,0.4307821149516222,0.4741345549767541,0.49999999999998934,1.183999874439734,0.4307821149516222,0.4307821149516222,0.43418061923257717,0.49999999999998934,1.183999874439734,0.0,0.4307821149516222,0.1174310227768634,1.183999874439734,1.183999874439734,1.183999874439734,1.183999874439734,1.183999874439734,1.183999874439734
