obs_gdp,obs_hours,obs_wages,obs_gdpdeflator,obs_corepce,obs_nominalrate,obs_consumption,obs_investment,obs_BBBspread,obs_longinflation,obs_longrate,obs_tfp,obs_gdi,obs_AAAspread,obs_nominalrate1,obs_nominalrate2,obs_nominalrate3,obs_nominalrate4,obs_nominalrate5,obs_nominalrate6
0.46839789473835935,-47.68220441520969,0.46839789473835935,0.4766825278269431,0.49999999999998934,1.2196141007642103,0.46839789473835935,0.46839789473835935,0.43202991334573526,0.49999999999998934,1.2196141007642103,0.0,0.46839789473835935,0.1174310227768634,1.2196141007642103,1.2196141007642103,1.2196141007642103,1.2196141007642103,1.2196141007642103,1.2196141007642103
