obs_gdp,obs_hours,obs_wages,obs_gdpdeflator,obs_corepce,obs_nominalrate,obs_consumption,obs_investment,obs_BBBspread,obs_longinflation,obs_longrate,obs_tfp,obs_gdi,obs_AAAspread,obs_nominalrate1,obs_nominalrate2,obs_nominalrate3,obs_nominalrate4,obs_nominalrate5,obs_nominalrate6
0.5528704841142984,-44.44887124494395,0.5528704841142984,0.4831382590802569,0.49999999999998934,1.3318777362817835,0.5528704841142984,0.5528704841142984,0.4374804088183652,0.49999999999998934,1.3318777362817835,0.0,0.5528704841142984,0.1174310227768634,1.3318777362817835,1.3318777362817835,1.3318777362817835,1.3318777362817835,1.3318777362817835,1.3318777362817835
