obs_gdp,obs_hours,obs_wages,obs_gdpdeflator,obs_corepce,obs_nominalrate,obs_consumption,obs_investment,obs_BBBspread,obs_longinflation,obs_longrate,obs_tfp,obs_gdi,obs_AAAspread,obs_nominalrate1,obs_nominalrate2,obs_nominalrate3,obs_nominalrate4,obs_nominalrate5,obs_nominalrate6
0.4322479262384382,-49.36185168622576,0.4322479262384382,0.4768897806273693,0.49999999999998934,1.1519729710256943,0.4322479262384382,0.4322479262384382,0.4348488425835977,0.49999999999998934,1.1519729710256943,0.0,0.4322479262384382,0.1174310227768634,1.1519729710256943,1.1519729710256943,1.1519729710256943,1.1519729710256943,1.1519729710256943,1.1519729710256943
