obs_gdp,obs_hours,obs_wages,obs_gdpdeflator,obs_corepce,obs_nominalrate,obs_consumption,obs_investment,obs_BBBspread,obs_longinflation,obs_longrate,obs_tfp,obs_gdi,obs_AAAspread,obs_nominalrate1,obs_nominalrate2,obs_nominalrate3,obs_nominalrate4,obs_nominalrate5,obs_nominalrate6
0.5750146042396098,-43.54822328317412,0.5750146042396098,0.4822751388284513,0.49999999999998934,1.3608219365083052,0.5750146042396098,0.5750146042396098,0.4403943847313003,0.49999999999998934,1.3608219365083052,0.0,0.5750146042396098,0.1174310227768634,1.3608219365083052,1.3608219365083052,1.3608219365083052,1.3608219365083052,1.3608219365083052,1.3608219365083052
