obs_gdp,obs_hours,obs_wages,obs_gdpdeflator,obs_corepce,obs_nominalrate,obs_consumption,obs_investment,obs_BBBspread,obs_longinflation,obs_longrate,obs_tfp,obs_gdi,obs_AAAspread,obs_nominalrate1,obs_nominalrate2,obs_nominalrate3,obs_nominalrate4,obs_nominalrate5,obs_nominalrate6
0.38792489892753856,-50.590040802916135,0.38792489892753856,0.4757328326032103,0.49999999999998934,1.1410762285962939,0.38792489892753856,0.38792489892753856,0.42888823129705217,0.49999999999998934,1.1410762285962939,0.0,0.38792489892753856,0.1174310227768634,1.1410762285962939,1.1410762285962939,1.1410762285962939,1.1410762285962939,1.1410762285962939,1.1410762285962939
