obs_gdp,obs_hours,obs_wages,obs_gdpdeflator,obs_corepce,obs_nominalrate,obs_consumption,obs_investment,obs_BBBspread,obs_longinflation,obs_longrate,obs_tfp,obs_gdi,obs_AAAspread,obs_nominalrate1,obs_nominalrate2,obs_nominalrate3,obs_nominalrate4,obs_nominalrate5,obs_nominalrate6
0.4224907273831846,-49.525252573102335,0.4224907273831846,0.4762126882079838,0.49999999999998934,1.1744135958100532,0.4224907273831846,0.4224907273831846,0.4327784979897089,0.49999999999998934,1.1744135958100532,0.0,0.4224907273831846,0.1174310227768634,1.1744135958100532,1.1744135958100532,1.1744135958100532,1.1744135958100532,1.1744135958100532,1.1744135958100532
