obs_gdp,obs_hours,obs_wages,obs_gdpdeflator,obs_corepce,obs_nominalrate,obs_consumption,obs_investment,obs_BBBspread,obs_longinflation,obs_longrate,obs_tfp,obs_gdi,obs_AAAspread,obs_nominalrate1,obs_nominalrate2,obs_nominalrate3,obs_nominalrate4,obs_nominalrate5,obs_nominalrate6
0.5468610502776583,-45.07179450686313,0.5468610502776583,0.4737473297449841,0.49999999999998934,1.3235994652405658,0.5468610502776583,0.5468610502776583,0.43247643562232646,0.49999999999998934,1.3235994652405658,0.0,0.5468610502776583,0.1174310227768634,1.3235994652405658,1.3235994652405658,1.3235994652405658,1.3235994652405658,1.3235994652405658,1.3235994652405658
