obs_gdp,obs_hours,obs_wages,obs_gdpdeflator,obs_corepce,obs_nominalrate,obs_consumption,obs_investment,obs_BBBspread,obs_longinflation,obs_longrate,obs_tfp,obs_gdi,obs_AAAspread,obs_nominalrate1,obs_nominalrate2,obs_nominalrate3,obs_nominalrate4,obs_nominalrate5,obs_nominalrate6
0.5488774905986649,-44.698728406623026,0.5488774905986649,0.476484446016926,0.49999999999998934,1.3252686041327566,0.5488774905986649,0.5488774905986649,0.42982611190132813,0.49999999999998934,1.3252686041327566,0.0,0.5488774905986649,0.1174310227768634,1.3252686041327566,1.3252686041327566,1.3252686041327566,1.3252686041327566,1.3252686041327566,1.3252686041327566
