obs_gdp,obs_hours,obs_wages,obs_gdpdeflator,obs_corepce,obs_nominalrate,obs_consumption,obs_investment,obs_BBBspread,obs_longinflation,obs_longrate,obs_tfp,obs_gdi,obs_AAAspread,obs_nominalrate1,obs_nominalrate2,obs_nominalrate3,obs_nominalrate4,obs_nominalrate5,obs_nominalrate6
0.49222989343258305,-45.99871518567237,0.49222989343258305,0.48076009745385195,0.49999999999998934,1.2468741281627782,0.49222989343258305,0.49222989343258305,0.43566262353991997,0.49999999999998934,1.2468741281627782,0.0,0.49222989343258305,0.1174310227768634,1.2468741281627782,1.2468741281627782,1.2468741281627782,1.2468741281627782,1.2468741281627782,1.2468741281627782
