obs_gdp,obs_hours,obs_wages,obs_gdpdeflator,obs_corepce,obs_nominalrate,obs_consumption,obs_investment,obs_BBBspread,obs_longinflation,obs_longrate,obs_tfp,obs_gdi,obs_AAAspread,obs_nominalrate1,obs_nominalrate2,obs_nominalrate3,obs_nominalrate4,obs_nominalrate5,obs_nominalrate6
0.5169590289214154,-45.39037639930795,0.5169590289214154,0.4774174708006384,0.49999999999998934,1.2725839944457196,0.5169590289214154,0.5169590289214154,0.43937606797440143,0.49999999999998934,1.2725839944457196,0.0,0.5169590289214154,0.1174310227768634,1.2725839944457196,1.2725839944457196,1.2725839944457196,1.2725839944457196,1.2725839944457196,1.2725839944457196
