obs_gdp,obs_hours,obs_wages,obs_gdpdeflator,obs_corepce,obs_nominalrate,obs_consumption,obs_investment,obs_BBBspread,obs_longinflation,obs_longrate,obs_tfp,obs_gdi,obs_AAAspread,obs_nominalrate1,obs_nominalrate2,obs_nominalrate3,obs_nominalrate4,obs_nominalrate5,obs_nominalrate6
0.5164035027060088,-45.67110440431147,0.5164035027060088,0.4755761076218535,0.49999999999998934,1.2695397799385777,0.5164035027060088,0.5164035027060088,0.43291191052813066,0.49999999999998934,1.2695397799385777,0.0,0.5164035027060088,0.1174310227768634,1.2695397799385777,1.2695397799385777,1.2695397799385777,1.2695397799385777,1.2695397799385777,1.2695397799385777
