obs_gdp,obs_hours,obs_wages,obs_gdpdeflator,obs_corepce,obs_nominalrate,obs_consumption,obs_investment,obs_BBBspread,obs_longinflation,obs_longrate,obs_tfp,obs_gdi,obs_AAAspread,obs_nominalrate1,obs_nominalrate2,obs_nominalrate3,obs_nominalrate4,obs_nominalrate5,obs_nominalrate6
0.5453141062148559,-45.21086409242421,0.5453141062148559,0.4747322331112205,0.49999999999998934,1.3329619836435658,0.5453141062148559,0.5453141062148559,0.4325903252381788,0.49999999999998934,1.3329619836435658,0.0,0.5453141062148559,0.1174310227768634,1.3329619836435658,1.3329619836435658,1.3329619836435658,1.3329619836435658,1.3329619836435658,1.3329619836435658
