obs_gdp,obs_hours,obs_wages,obs_gdpdeflator,obs_corepce,obs_nominalrate,obs_consumption,obs_investment,obs_BBBspread,obs_longinflation,obs_longrate,obs_tfp,obs_gdi,obs_AAAspread,obs_nominalrate1,obs_nominalrate2,obs_nominalrate3,obs_nominalrate4,obs_nominalrate5,obs_nominalrate6
0.4940958544233487,-47.28062524022127,0.4940958544233487,0.4756975497485024,0.49999999999998934,1.2470311911738419,0.4940958544233487,0.4940958544233487,0.4322562527331292,0.49999999999998934,1.2470311911738419,0.0,0.4940958544233487,0.1174310227768634,1.2470311911738419,1.2470311911738419,1.2470311911738419,1.2470311911738419,1.2470311911738419,1.2470311911738419
