obs_gdp,obs_hours,obs_wages,obs_gdpdeflator,obs_corepce,obs_nominalrate,obs_consumption,obs_investment,obs_BBBspread,obs_longinflation,obs_longrate,obs_tfp,obs_gdi,obs_AAAspread,obs_nominalrate1,obs_nominalrate2,obs_nominalrate3,obs_nominalrate4,obs_nominalrate5,obs_nominalrate6
0.44849864567613196,-48.42021026360574,0.44849864567613196,0.47837963861748223,0.49999999999998934,1.20793906063974,0.44849864567613196,0.44849864567613196,0.43358555360935547,0.49999999999998934,1.20793906063974,0.0,0.44849864567613196,0.1174310227768634,1.20793906063974,1.20793906063974,1.20793906063974,1.20793906063974,1.20793906063974,1.20793906063974
