obs_gdp,obs_hours,obs_wages,obs_gdpdeflator,obs_corepce,obs_nominalrate,obs_consumption,obs_investment,obs_BBBspread,obs_longinflation,obs_longrate,obs_tfp,obs_gdi,obs_AAAspread,obs_nominalrate1,obs_nominalrate2,obs_nominalrate3,obs_nominalrate4,obs_nominalrate5,obs_nominalrate6
0.4500445296049316,-48.26528365038053,0.4500445296049316,0.47679564375149885,0.49999999999998934,1.1955551505784978,0.4500445296049316,0.4500445296049316,0.43233709948536814,0.49999999999998934,1.1955551505784978,0.0,0.4500445296049316,0.1174310227768634,1.1955551505784978,1.1955551505784978,1.1955551505784978,1.1955551505784978,1.1955551505784978,1.1955551505784978
