obs_gdp,obs_hours,obs_wages,obs_gdpdeflator,obs_corepce,obs_nominalrate,obs_consumption,obs_investment,obs_BBBspread,obs_longinflation,obs_longrate,obs_tfp,obs_gdi,obs_AAAspread,obs_nominalrate1,obs_nominalrate2,obs_nominalrate3,obs_nominalrate4,obs_nominalrate5,obs_nominalrate6
0.48987517618483967,-46.463672575290786,0.48987517618483967,0.4831157455986853,0.49999999999998934,1.2444771335043292,0.48987517618483967,0.48987517618483967,0.4339979013671453,0.49999999999998934,1.2444771335043292,0.0,0.48987517618483967,0.1174310227768634,1.2444771335043292,1.2444771335043292,1.2444771335043292,1.2444771335043292,1.2444771335043292,1.2444771335043292
