obs_gdp,obs_hours,obs_wages,obs_gdpdeflator,obs_corepce,obs_nominalrate,obs_consumption,obs_investment,obs_BBBspread,obs_longinflation,obs_longrate,obs_tfp,obs_gdi,obs_AAAspread,obs_nominalrate1,obs_nominalrate2,obs_nominalrate3,obs_nominalrate4,obs_nominalrate5,obs_nominalrate6
0.4935381844225706,-46.245862872698865,0.4935381844225706,0.47826668958561036,0.49999999999998934,1.2450393367829493,0.4935381844225706,0.4935381844225706,0.43849046894028104,0.49999999999998934,1.2450393367829493,0.0,0.4935381844225706,0.1174310227768634,1.2450393367829493,1.2450393367829493,1.2450393367829493,1.2450393367829493,1.2450393367829493,1.2450393367829493
