obs_gdp,obs_hours,obs_wages,obs_gdpdeflator,obs_corepce,obs_nominalrate,obs_consumption,obs_investment,obs_BBBspread,obs_longinflation,obs_longrate,obs_tfp,obs_gdi,obs_AAAspread,obs_nominalrate1,obs_nominalrate2,obs_nominalrate3,obs_nominalrate4,obs_nominalrate5,obs_nominalrate6
0.5046895062231993,-45.730668944769214,0.5046895062231993,0.4800254633099347,0.49999999999998934,1.25355927179982,0.5046895062231993,0.5046895062231993,0.43443259052168215,0.49999999999998934,1.25355927179982,0.0,0.5046895062231993,0.1174310227768634,1.25355927179982,1.25355927179982,1.25355927179982,1.25355927179982,1.25355927179982,1.25355927179982
