obs_gdp,obs_hours,obs_wages,obs_gdpdeflator,obs_corepce,obs_nominalrate,obs_consumption,obs_investment,obs_BBBspread,obs_longinflation,obs_longrate,obs_tfp,obs_gdi,obs_AAAspread,obs_nominalrate1,obs_nominalrate2,obs_nominalrate3,obs_nominalrate4,obs_nominalrate5,obs_nominalrate6
0.5582852539884664,-44.439478830945696,0.5582852539884664,0.47628824504295136,0.49999999999998934,1.3322325920256173,0.5582852539884664,0.5582852539884664,0.4332119505253156,0.49999999999998934,1.3322325920256173,0.0,0.5582852539884664,0.1174310227768634,1.3322325920256173,1.3322325920256173,1.3322325920256173,1.3322325920256173,1.3322325920256173,1.3322325920256173
