obs_gdp,obs_hours,obs_wages,obs_gdpdeflator,obs_corepce,obs_nominalrate,obs_consumption,obs_investment,obs_BBBspread,obs_longinflation,obs_longrate,obs_tfp,obs_gdi,obs_AAAspread,obs_nominalrate1,obs_nominalrate2,obs_nominalrate3,obs_nominalrate4,obs_nominalrate5,obs_nominalrate6
0.39245321776602005,-50.45662907138098,0.39245321776602005,0.47506854233766754,0.49999999999998934,1.146919692373638,0.39245321776602005,0.39245321776602005,0.42767741431552964,0.49999999999998934,1.146919692373638,0.0,0.39245321776602005,0.1174310227768634,1.146919692373638,1.146919692373638,1.146919692373638,1.146919692373638,1.146919692373638,1.146919692373638
