obs_gdp,obs_hours,obs_wages,obs_gdpdeflator,obs_corepce,obs_nominalrate,obs_consumption,obs_investment,obs_BBBspread,obs_longinflation,obs_longrate,obs_tfp,obs_gdi,obs_AAAspread,obs_nominalrate1,obs_nominalrate2,obs_nominalrate3,obs_nominalrate4,obs_nominalrate5,obs_nominalrate6
0.47159685514268634,-47.84015053625501,0.47159685514268634,0.4764915173959604,0.49999999999998934,1.248198446328952,0.47159685514268634,0.47159685514268634,0.42620594954131935,0.49999999999998934,1.248198446328952,0.0,0.47159685514268634,0.1174310227768634,1.248198446328952,1.248198446328952,1.248198446328952,1.248198446328952,1.248198446328952,1.248198446328952
