obs_gdp,obs_hours,obs_wages,obs_gdpdeflator,obs_corepce,obs_nominalrate,obs_consumption,obs_investment,obs_BBBspread,obs_longinflation,obs_longrate,obs_tfp,obs_gdi,obs_AAAspread,obs_nominalrate1,obs_nominalrate2,obs_nominalrate3,obs_nominalrate4,obs_nominalrate5,obs_nominalrate6
0.5392633779893297,-45.30476954227662,0.5392633779893297,0.47610314932230025,0.49999999999998934,1.3196564404637012,0.5392633779893297,0.5392633779893297,0.4309260072012388,0.49999999999998934,1.3196564404637012,0.0,0.5392633779893297,0.1174310227768634,1.3196564404637012,1.3196564404637012,1.3196564404637012,1.3196564404637012,1.3196564404637012,1.3196564404637012
