obs_gdp,obs_hours,obs_wages,obs_gdpdeflator,obs_corepce,obs_nominalrate,obs_consumption,obs_investment,obs_BBBspread,obs_longinflation,obs_longrate,obs_tfp,obs_gdi,obs_AAAspread,obs_nominalrate1,obs_nominalrate2,obs_nominalrate3,obs_nominalrate4,obs_nominalrate5,obs_nominalrate6
0.5464518138178498,-44.89469314927401,0.5464518138178498,0.47632065464938655,0.49999999999998934,1.3137893833246261,0.5464518138178498,0.5464518138178498,0.4329401397137991,0.49999999999998934,1.3137893833246261,0.0,0.5464518138178498,0.1174310227768634,1.3137893833246261,1.3137893833246261,1.3137893833246261,1.3137893833246261,1.3137893833246261,1.3137893833246261
