obs_gdp,obs_hours,obs_wages,obs_gdpdeflator,obs_corepce,obs_nominalrate,obs_consumption,obs_investment,obs_BBBspread,obs_longinflation,obs_longrate,obs_tfp,obs_gdi,obs_AAAspread,obs_nominalrate1,obs_nominalrate2,obs_nominalrate3,obs_nominalrate4,obs_nominalrate5,obs_nominalrate6
0.5361241798973682,-45.21504895175728,0.5361241798973682,0.4765199573844746,0.49999999999998934,1.3036735790776577,0.5361241798973682,0.5361241798973682,0.42993239187627863,0.49999999999998934,1.3036735790776577,0.0,0.5361241798973682,0.1174310227768634,1.3036735790776577,1.3036735790776577,1.3036735790776577,1.3036735790776577,1.3036735790776577,1.3036735790776577
