obs_gdp,obs_hours,obs_wages,obs_gdpdeflator,obs_corepce,obs_nominalrate,obs_consumption,obs_investment,obs_BBBspread,obs_longinflation,obs_longrate,obs_tfp,obs_gdi,obs_AAAspread,obs_nominalrate1,obs_nominalrate2,obs_nominalrate3,obs_nominalrate4,obs_nominalrate5,obs_nominalrate6
0.42664444437672255,-49.4862010012992,0.42664444437672255,0.4764324986812717,0.49999999999998934,1.1484197794253248,0.42664444437672255,0.42664444437672255,0.43323142921474583,0.49999999999998934,1.1484197794253248,0.0,0.42664444437672255,0.1174310227768634,1.1484197794253248,1.1484197794253248,1.1484197794253248,1.1484197794253248,1.1484197794253248,1.1484197794253248
