obs_gdp,obs_hours,obs_wages,obs_gdpdeflator,obs_corepce,obs_nominalrate,obs_consumption,obs_investment,obs_BBBspread,obs_longinflation,obs_longrate,obs_tfp,obs_gdi,obs_AAAspread,obs_nominalrate1,obs_nominalrate2,obs_nominalrate3,obs_nominalrate4,obs_nominalrate5,obs_nominalrate6
0.4798273261821917,-46.63734452063246,0.4798273261821917,0.4831001596211096,0.49999999999998934,1.212640343711202,0.4798273261821917,0.4798273261821917,0.43925943522612476,0.49999999999998934,1.212640343711202,0.0,0.4798273261821917,0.1174310227768634,1.212640343711202,1.212640343711202,1.212640343711202,1.212640343711202,1.212640343711202,1.212640343711202
