obs_gdp,obs_hours,obs_wages,obs_gdpdeflator,obs_corepce,obs_nominalrate,obs_consumption,obs_investment,obs_BBBspread,obs_longinflation,obs_longrate,obs_tfp,obs_gdi,obs_AAAspread,obs_nominalrate1,obs_nominalrate2,obs_nominalrate3,obs_nominalrate4,obs_nominalrate5,obs_nominalrate6
0.46174597073032064,-47.52601697916969,0.46174597073032064,0.48467594838239975,0.49999999999998934,1.207373423176339,0.46174597073032064,0.46174597073032064,0.4396509198201639,0.49999999999998934,1.207373423176339,0.0,0.46174597073032064,0.1174310227768634,1.207373423176339,1.207373423176339,1.207373423176339,1.207373423176339,1.207373423176339,1.207373423176339
