obs_gdp,obs_hours,obs_wages,obs_gdpdeflator,obs_corepce,obs_nominalrate,obs_consumption,obs_investment,obs_BBBspread,obs_longinflation,obs_longrate,obs_tfp,obs_gdi,obs_AAAspread,obs_nominalrate1,obs_nominalrate2,obs_nominalrate3,obs_nominalrate4,obs_nominalrate5,obs_nominalrate6
0.5667787662044566,-43.86309654193837,0.5667787662044566,0.47487266090328395,0.49999999999998934,1.3507320543369339,0.5667787662044566,0.5667787662044566,0.4328209218365608,0.49999999999998934,1.3507320543369339,0.0,0.5667787662044566,0.1174310227768634,1.3507320543369339,1.3507320543369339,1.3507320543369339,1.3507320543369339,1.3507320543369339,1.3507320543369339
