obs_gdp,obs_hours,obs_wages,obs_gdpdeflator,obs_corepce,obs_nominalrate,obs_consumption,obs_investment,obs_BBBspread,obs_longinflation,obs_longrate,obs_tfp,obs_gdi,obs_AAAspread,obs_nominalrate1,obs_nominalrate2,obs_nominalrate3,obs_nominalrate4,obs_nominalrate5,obs_nominalrate6
0.41917248713427835,-48.99126747397683,0.41917248713427835,0.48550631005652417,0.49999999999998934,1.1518211702091774,0.41917248713427835,0.41917248713427835,0.43940391203105034,0.49999999999998934,1.1518211702091774,0.0,0.41917248713427835,0.1174310227768634,1.1518211702091774,1.1518211702091774,1.1518211702091774,1.1518211702091774,1.1518211702091774,1.1518211702091774
