obs_gdp,obs_hours,obs_wages,obs_gdpdeflator,obs_corepce,obs_nominalrate,obs_consumption,obs_investment,obs_BBBspread,obs_longinflation,obs_longrate,obs_tfp,obs_gdi,obs_AAAspread,obs_nominalrate1,obs_nominalrate2,obs_nominalrate3,obs_nominalrate4,obs_nominalrate5,obs_nominalrate6
0.46031365150742687,-47.33458376497917,0.46031365150742687,0.4789593624373048,0.49999999999998934,1.1966557431587033,0.46031365150742687,0.46031365150742687,0.4386255674769626,0.49999999999998934,1.1966557431587033,0.0,0.46031365150742687,0.1174310227768634,1.1966557431587033,1.1966557431587033,1.1966557431587033,1.1966557431587033,1.1966557431587033,1.1966557431587033
