obs_gdp,obs_hours,obs_wages,obs_gdpdeflator,obs_corepce,obs_nominalrate,obs_consumption,obs_investment,obs_BBBspread,obs_longinflation,obs_longrate,obs_tfp,obs_gdi,obs_AAAspread,obs_nominalrate1,obs_nominalrate2,obs_nominalrate3,obs_nominalrate4,obs_nominalrate5,obs_nominalrate6
0.5278161038575258,-45.87183874447287,0.5278161038575258,0.4755237556174763,0.49999999999998934,1.331279454065415,0.5278161038575258,0.5278161038575258,0.42753781294126314,0.49999999999998934,1.331279454065415,0.0,0.5278161038575258,0.1174310227768634,1.331279454065415,1.331279454065415,1.331279454065415,1.331279454065415,1.331279454065415,1.331279454065415
