obs_gdp,obs_hours,obs_wages,obs_gdpdeflator,obs_corepce,obs_nominalrate,obs_consumption,obs_investment,obs_BBBspread,obs_longinflation,obs_longrate,obs_tfp,obs_gdi,obs_AAAspread,obs_nominalrate1,obs_nominalrate2,obs_nominalrate3,obs_nominalrate4,obs_nominalrate5,obs_nominalrate6
0.5138906514861041,-45.61926170764762,0.5138906514861041,0.4832847594767433,0.49999999999998934,1.2700377674947916,0.5138906514861041,0.5138906514861041,0.4390636870501796,0.49999999999998934,1.2700377674947916,0.0,0.5138906514861041,0.1174310227768634,1.2700377674947916,1.2700377674947916,1.2700377674947916,1.2700377674947916,1.2700377674947916,1.2700377674947916
