obs_gdp,obs_hours,obs_wages,obs_gdpdeflator,obs_corepce,obs_nominalrate,obs_consumption,obs_investment,obs_BBBspread,obs_longinflation,obs_longrate,obs_tfp,obs_gdi,obs_AAAspread,obs_nominalrate1,obs_nominalrate2,obs_nominalrate3,obs_nominalrate4,obs_nominalrate5,obs_nominalrate6
0.5478325651336879,-44.50318136426697,0.5478325651336879,0.4818618797920922,0.49999999999998934,1.3251693872820658,0.5478325651336879,0.5478325651336879,0.4383397188166039,0.49999999999998934,1.3251693872820658,0.0,0.5478325651336879,0.1174310227768634,1.3251693872820658,1.3251693872820658,1.3251693872820658,1.3251693872820658,1.3251693872820658,1.3251693872820658
