obs_gdp,obs_hours,obs_wages,obs_gdpdeflator,obs_corepce,obs_nominalrate,obs_consumption,obs_investment,obs_BBBspread,obs_longinflation,obs_longrate,obs_tfp,obs_gdi,obs_AAAspread,obs_nominalrate1,obs_nominalrate2,obs_nominalrate3,obs_nominalrate4,obs_nominalrate5,obs_nominalrate6
0.451563000983346,-47.53594501435559,0.451563000983346,0.47883506060321185,0.49999999999998934,1.1809104511779855,0.451563000983346,0.451563000983346,0.4396102318344308,0.49999999999998934,1.1809104511779855,0.0,0.451563000983346,0.1174310227768634,1.1809104511779855,1.1809104511779855,1.1809104511779855,1.1809104511779855,1.1809104511779855,1.1809104511779855
