obs_gdp,obs_hours,obs_wages,obs_gdpdeflator,obs_corepce,obs_nominalrate,obs_consumption,obs_investment,obs_BBBspread,obs_longinflation,obs_longrate,obs_tfp,obs_gdi,obs_AAAspread,obs_nominalrate1,obs_nominalrate2,obs_nominalrate3,obs_nominalrate4,obs_nominalrate5,obs_nominalrate6
0.47679243552221084,-46.64081859057178,0.47679243552221084,0.47870089953209694,0.49999999999998934,1.2185412650642435,0.47679243552221084,0.47679243552221084,0.43816902105091166,0.49999999999998934,1.2185412650642435,0.0,0.47679243552221084,0.1174310227768634,1.2185412650642435,1.2185412650642435,1.2185412650642435,1.2185412650642435,1.2185412650642435,1.2185412650642435
