obs_gdp,obs_hours,obs_wages,obs_gdpdeflator,obs_corepce,obs_nominalrate,obs_consumption,obs_investment,obs_BBBspread,obs_longinflation,obs_longrate,obs_tfp,obs_gdi,obs_AAAspread,obs_nominalrate1,obs_nominalrate2,obs_nominalrate3,obs_nominalrate4,obs_nominalrate5,obs_nominalrate6
0.5508067261488447,-44.766488458512576,0.5508067261488447,0.4754431593036186,0.49999999999998934,1.3384968180858658,0.5508067261488447,0.5508067261488447,0.4365438364721515,0.49999999999998934,1.3384968180858658,0.0,0.5508067261488447,0.1174310227768634,1.3384968180858658,1.3384968180858658,1.3384968180858658,1.3384968180858658,1.3384968180858658,1.3384968180858658
