obs_gdp,obs_hours,obs_wages,obs_gdpdeflator,obs_corepce,obs_nominalrate,obs_consumption,obs_investment,obs_BBBspread,obs_longinflation,obs_longrate,obs_tfp,obs_gdi,obs_AAAspread,obs_nominalrate1,obs_nominalrate2,obs_nominalrate3,obs_nominalrate4,obs_nominalrate5,obs_nominalrate6
0.5529806230423207,-44.60508599250949,0.5529806230423207,0.47701737130864535,0.49999999999998934,1.328265564732134,0.5529806230423207,0.5529806230423207,0.42994404715967405,0.49999999999998934,1.328265564732134,0.0,0.5529806230423207,0.1174310227768634,1.328265564732134,1.328265564732134,1.328265564732134,1.328265564732134,1.328265564732134,1.328265564732134
