obs_gdp,obs_hours,obs_wages,obs_gdpdeflator,obs_corepce,obs_nominalrate,obs_consumption,obs_investment,obs_BBBspread,obs_longinflation,obs_longrate,obs_tfp,obs_gdi,obs_AAAspread,obs_nominalrate1,obs_nominalrate2,obs_nominalrate3,obs_nominalrate4,obs_nominalrate5,obs_nominalrate6
0.4722330392651797,-47.629677682451636,0.4722330392651797,0.47799948171325296,0.49999999999998934,1.240269339088762,0.4722330392651797,0.4722330392651797,0.43314420265342074,0.49999999999998934,1.240269339088762,0.0,0.4722330392651797,0.1174310227768634,1.240269339088762,1.240269339088762,1.240269339088762,1.240269339088762,1.240269339088762,1.240269339088762
