obs_gdp,obs_hours,obs_wages,obs_gdpdeflator,obs_corepce,obs_nominalrate,obs_consumption,obs_investment,obs_BBBspread,obs_longinflation,obs_longrate,obs_tfp,obs_gdi,obs_AAAspread,obs_nominalrate1,obs_nominalrate2,obs_nominalrate3,obs_nominalrate4,obs_nominalrate5,obs_nominalrate6
0.4611129337550812,-48.047693451086424,0.4611129337550812,0.47645419277476103,0.49999999999998934,1.2137754127801825,0.4611129337550812,0.4611129337550812,0.4329379944935841,0.49999999999998934,1.2137754127801825,0.0,0.4611129337550812,0.1174310227768634,1.2137754127801825,1.2137754127801825,1.2137754127801825,1.2137754127801825,1.2137754127801825,1.2137754127801825
