obs_gdp,obs_hours,obs_wages,obs_gdpdeflator,obs_corepce,obs_nominalrate,obs_consumption,obs_investment,obs_BBBspread,obs_longinflation,obs_longrate,obs_tfp,obs_gdi,obs_AAAspread,obs_nominalrate1,obs_nominalrate2,obs_nominalrate3,obs_nominalrate4,obs_nominalrate5,obs_nominalrate6
0.39554407845436845,-50.40516030846408,0.39554407845436845,0.4756847117143595,0.49999999999998934,1.1494467012429954,0.39554407845436845,0.39554407845436845,0.42843140993191675,0.49999999999998934,1.1494467012429954,0.0,0.39554407845436845,0.1174310227768634,1.1494467012429954,1.1494467012429954,1.1494467012429954,1.1494467012429954,1.1494467012429954,1.1494467012429954
