obs_gdp,obs_hours,obs_wages,obs_gdpdeflator,obs_corepce,obs_nominalrate,obs_consumption,obs_investment,obs_BBBspread,obs_longinflation,obs_longrate,obs_tfp,obs_gdi,obs_AAAspread,obs_nominalrate1,obs_nominalrate2,obs_nominalrate3,obs_nominalrate4,obs_nominalrate5,obs_nominalrate6
0.542450074686629,-45.26287800222282,0.542450074686629,0.4750938508711548,0.49999999999998934,1.3219885439708534,0.542450074686629,0.542450074686629,0.4274642660152283,0.49999999999998934,1.3219885439708534,0.0,0.542450074686629,0.1174310227768634,1.3219885439708534,1.3219885439708534,1.3219885439708534,1.3219885439708534,1.3219885439708534,1.3219885439708534
