obs_gdp,obs_hours,obs_wages,obs_gdpdeflator,obs_corepce,obs_nominalrate,obs_consumption,obs_investment,obs_BBBspread,obs_longinflation,obs_longrate,obs_tfp,obs_gdi,obs_AAAspread,obs_nominalrate1,obs_nominalrate2,obs_nominalrate3,obs_nominalrate4,obs_nominalrate5,obs_nominalrate6
0.5118903221682958,-46.1061651040206,0.5118903221682958,0.4767363465438233,0.49999999999998934,1.2759066392810103,0.5118903221682958,0.5118903221682958,0.4380069313307994,0.49999999999998934,1.2759066392810103,0.0,0.5118903221682958,0.1174310227768634,1.2759066392810103,1.2759066392810103,1.2759066392810103,1.2759066392810103,1.2759066392810103,1.2759066392810103
