obs_gdp,obs_hours,obs_wages,obs_gdpdeflator,obs_corepce,obs_nominalrate,obs_consumption,obs_investment,obs_BBBspread,obs_longinflation,obs_longrate,obs_tfp,obs_gdi,obs_AAAspread,obs_nominalrate1,obs_nominalrate2,obs_nominalrate3,obs_nominalrate4,obs_nominalrate5,obs_nominalrate6
0.5219591232270337,-45.865780166511236,0.5219591232270337,0.473735697302058,0.49999999999998934,1.3086441727264253,0.5219591232270337,0.5219591232270337,0.43082218854060245,0.49999999999998934,1.3086441727264253,0.0,0.5219591232270337,0.1174310227768634,1.3086441727264253,1.3086441727264253,1.3086441727264253,1.3086441727264253,1.3086441727264253,1.3086441727264253
