obs_gdp,obs_hours,obs_wages,obs_gdpdeflator,obs_corepce,obs_nominalrate,obs_consumption,obs_investment,obs_BBBspread,obs_longinflation,obs_longrate,obs_tfp,obs_gdi,obs_AAAspread,obs_nominalrate1,obs_nominalrate2,obs_nominalrate3,obs_nominalrate4,obs_nominalrate5,obs_nominalrate6
0.46609663769405785,-47.18724136561137,0.46609663769405785,0.4798216917952863,0.49999999999998934,1.2019031908058642,0.46609663769405785,0.46609663769405785,0.43325571514909256,0.49999999999998934,1.2019031908058642,0.0,0.46609663769405785,0.1174310227768634,1.2019031908058642,1.2019031908058642,1.2019031908058642,1.2019031908058642,1.2019031908058642,1.2019031908058642
