obs_gdp,obs_hours,obs_wages,obs_gdpdeflator,obs_corepce,obs_nominalrate,obs_consumption,obs_investment,obs_BBBspread,obs_longinflation,obs_longrate,obs_tfp,obs_gdi,obs_AAAspread,obs_nominalrate1,obs_nominalrate2,obs_nominalrate3,obs_nominalrate4,obs_nominalrate5,obs_nominalrate6
0.49902820884617505,-45.83556720802947,0.49902820884617505,0.48104878819896796,0.49999999999998934,1.2565764711383487,0.49902820884617505,0.49902820884617505,0.43440980430644005,0.49999999999998934,1.2565764711383487,0.0,0.49902820884617505,0.1174310227768634,1.2565764711383487,1.2565764711383487,1.2565764711383487,1.2565764711383487,1.2565764711383487,1.2565764711383487
