obs_gdp,obs_hours,obs_wages,obs_gdpdeflator,obs_corepce,obs_nominalrate,obs_consumption,obs_investment,obs_BBBspread,obs_longinflation,obs_longrate,obs_tfp,obs_gdi,obs_AAAspread,obs_nominalrate1,obs_nominalrate2,obs_nominalrate3,obs_nominalrate4,obs_nominalrate5,obs_nominalrate6
0.5003886803700563,-46.22692683440935,0.5003886803700563,0.47771004070972345,0.49999999999998934,1.2552023161794823,0.5003886803700563,0.5003886803700563,0.43036194619581425,0.49999999999998934,1.2552023161794823,0.0,0.5003886803700563,0.1174310227768634,1.2552023161794823,1.2552023161794823,1.2552023161794823,1.2552023161794823,1.2552023161794823,1.2552023161794823
