obs_gdp,obs_hours,obs_wages,obs_gdpdeflator,obs_corepce,obs_nominalrate,obs_consumption,obs_investment,obs_BBBspread,obs_longinflation,obs_longrate,obs_tfp,obs_gdi,obs_AAAspread,obs_nominalrate1,obs_nominalrate2,obs_nominalrate3,obs_nominalrate4,obs_nominalrate5,obs_nominalrate6
0.4987966900028118,-46.50721121961734,0.4987966900028118,0.47494811064563236,0.49999999999998934,1.2820535267207278,0.4987966900028118,0.4987966900028118,0.4296118507508286,0.49999999999998934,1.2820535267207278,0.0,0.4987966900028118,0.1174310227768634,1.2820535267207278,1.2820535267207278,1.2820535267207278,1.2820535267207278,1.2820535267207278,1.2820535267207278
