obs_gdp,obs_hours,obs_wages,obs_gdpdeflator,obs_corepce,obs_nominalrate,obs_consumption,obs_investment,obs_BBBspread,obs_longinflation,obs_longrate,obs_tfp,obs_gdi,obs_AAAspread,obs_nominalrate1,obs_nominalrate2,obs_nominalrate3,obs_nominalrate4,obs_nominalrate5,obs_nominalrate6
0.45422469571421153,-48.1498864523325,0.45422469571421153,0.4777496237706702,0.49999999999998934,1.206112974512008,0.45422469571421153,0.45422469571421153,0.43487667875957764,0.49999999999998934,1.206112974512008,0.0,0.45422469571421153,0.1174310227768634,1.206112974512008,1.206112974512008,1.206112974512008,1.206112974512008,1.206112974512008,1.206112974512008
