obs_gdp,obs_hours,obs_wages,obs_gdpdeflator,obs_corepce,obs_nominalrate,obs_consumption,obs_investment,obs_BBBspread,obs_longinflation,obs_longrate,obs_tfp,obs_gdi,obs_AAAspread,obs_nominalrate1,obs_nominalrate2,obs_nominalrate3,obs_nominalrate4,obs_nominalrate5,obs_nominalrate6
0.5470357720856134,-44.347387741379485,0.5470357720856134,0.4763054754052333,0.49999999999998934,1.319039497319019,0.5470357720856134,0.5470357720856134,0.43856428828002214,0.49999999999998934,1.319039497319019,0.0,0.5470357720856134,0.1174310227768634,1.319039497319019,1.319039497319019,1.319039497319019,1.319039497319019,1.319039497319019,1.319039497319019
