obs_gdp,obs_hours,obs_wages,obs_gdpdeflator,obs_corepce,obs_nominalrate,obs_consumption,obs_investment,obs_BBBspread,obs_longinflation,obs_longrate,obs_tfp,obs_gdi,obs_AAAspread,obs_nominalrate1,obs_nominalrate2,obs_nominalrate3,obs_nominalrate4,obs_nominalrate5,obs_nominalrate6
0.4934767711179955,-47.02009892310855,0.4934767711179955,0.47635151657329267,0.49999999999998934,1.253164704051768,0.4934767711179955,0.4934767711179955,0.43026481734287036,0.49999999999998934,1.253164704051768,0.0,0.4934767711179955,0.1174310227768634,1.253164704051768,1.253164704051768,1.253164704051768,1.253164704051768,1.253164704051768,1.253164704051768
