obs_gdp,obs_hours,obs_wages,obs_gdpdeflator,obs_corepce,obs_nominalrate,obs_consumption,obs_investment,obs_BBBspread,obs_longinflation,obs_longrate,obs_tfp,obs_gdi,obs_AAAspread,obs_nominalrate1,obs_nominalrate2,obs_nominalrate3,obs_nominalrate4,obs_nominalrate5,obs_nominalrate6
0.48415098230563114,-46.433891247993586,0.48415098230563114,0.4774295545240073,0.49999999999998934,1.2315066981758216,0.48415098230563114,0.48415098230563114,0.43653118650167944,0.49999999999998934,1.2315066981758216,0.0,0.48415098230563114,0.1174310227768634,1.2315066981758216,1.2315066981758216,1.2315066981758216,1.2315066981758216,1.2315066981758216,1.2315066981758216
