obs_gdp,obs_hours,obs_wages,obs_gdpdeflator,obs_corepce,obs_nominalrate,obs_consumption,obs_investment,obs_BBBspread,obs_longinflation,obs_longrate,obs_tfp,obs_gdi,obs_AAAspread,obs_nominalrate1,obs_nominalrate2,obs_nominalrate3,obs_nominalrate4,obs_nominalrate5,obs_nominalrate6
0.4851394196832226,-46.394626049416125,0.4851394196832226,0.47845113130706296,0.49999999999998934,1.231667506480738,0.4851394196832226,0.4851394196832226,0.4374612928534911,0.49999999999998934,1.231667506480738,0.0,0.4851394196832226,0.1174310227768634,1.231667506480738,1.231667506480738,1.231667506480738,1.231667506480738,1.231667506480738,1.231667506480738
