obs_gdp,obs_hours,obs_wages,obs_gdpdeflator,obs_corepce,obs_nominalrate,obs_consumption,obs_investment,obs_BBBspread,obs_longinflation,obs_longrate,obs_tfp,obs_gdi,obs_AAAspread,obs_nominalrate1,obs_nominalrate2,obs_nominalrate3,obs_nominalrate4,obs_nominalrate5,obs_nominalrate6
0.4767729467100468,-47.30242103564169,0.4767729467100468,0.4763929764430926,0.49999999999998934,1.2353396860042665,0.4767729467100468,0.4767729467100468,0.43257428867610287,0.49999999999998934,1.2353396860042665,0.0,0.4767729467100468,0.1174310227768634,1.2353396860042665,1.2353396860042665,1.2353396860042665,1.2353396860042665,1.2353396860042665,1.2353396860042665
