obs_gdp,obs_hours,obs_wages,obs_gdpdeflator,obs_corepce,obs_nominalrate,obs_consumption,obs_investment,obs_BBBspread,obs_longinflation,obs_longrate,obs_tfp,obs_gdi,obs_AAAspread,obs_nominalrate1,obs_nominalrate2,obs_nominalrate3,obs_nominalrate4,obs_nominalrate5,obs_nominalrate6
0.45999817861843706,-47.66379539664614,0.45999817861843706,0.4856788739109369,0.49999999999998934,1.2043341028984411,0.45999817861843706,0.45999817861843706,0.4397489236283302,0.49999999999998934,1.2043341028984411,0.0,0.45999817861843706,0.1174310227768634,1.2043341028984411,1.2043341028984411,1.2043341028984411,1.2043341028984411,1.2043341028984411,1.2043341028984411
