obs_gdp,obs_hours,obs_wages,obs_gdpdeflator,obs_corepce,obs_nominalrate,obs_consumption,obs_investment,obs_BBBspread,obs_longinflation,obs_longrate,obs_tfp,obs_gdi,obs_AAAspread,obs_nominalrate1,obs_nominalrate2,obs_nominalrate3,obs_nominalrate4,obs_nominalrate5,obs_nominalrate6
0.4220837182159265,-49.36859939558649,0.4220837182159265,0.47528201530607284,0.49999999999998934,1.185035939905732,0.4220837182159265,0.4220837182159265,0.4306410922688965,0.49999999999998934,1.185035939905732,0.0,0.4220837182159265,0.1174310227768634,1.185035939905732,1.185035939905732,1.185035939905732,1.185035939905732,1.185035939905732,1.185035939905732
