obs_gdp,obs_hours,obs_wages,obs_gdpdeflator,obs_corepce,obs_nominalrate,obs_consumption,obs_investment,obs_BBBspread,obs_longinflation,obs_longrate,obs_tfp,obs_gdi,obs_AAAspread,obs_nominalrate1,obs_nominalrate2,obs_nominalrate3,obs_nominalrate4,obs_nominalrate5,obs_nominalrate6
0.5581844170204908,-44.46290801133051,0.5581844170204908,0.47688169497011157,0.49999999999998934,1.340457572481979,0.5581844170204908,0.5581844170204908,0.42892674120576746,0.49999999999998934,1.340457572481979,0.0,0.5581844170204908,0.1174310227768634,1.340457572481979,1.340457572481979,1.340457572481979,1.340457572481979,1.340457572481979,1.340457572481979
