obs_gdp,obs_hours,obs_wages,obs_gdpdeflator,obs_corepce,obs_nominalrate,obs_consumption,obs_investment,obs_BBBspread,obs_longinflation,obs_longrate,obs_tfp,obs_gdi,obs_AAAspread,obs_nominalrate1,obs_nominalrate2,obs_nominalrate3,obs_nominalrate4,obs_nominalrate5,obs_nominalrate6
0.5393454480105087,-45.28660696729402,0.5393454480105087,0.4750470160577542,0.49999999999998934,1.3096521877349998,0.5393454480105087,0.5393454480105087,0.4305259755662341,0.49999999999998934,1.3096521877349998,0.0,0.5393454480105087,0.1174310227768634,1.3096521877349998,1.3096521877349998,1.3096521877349998,1.3096521877349998,1.3096521877349998,1.3096521877349998
