obs_gdp,obs_hours,obs_wages,obs_gdpdeflator,obs_corepce,obs_nominalrate,obs_consumption,obs_investment,obs_BBBspread,obs_longinflation,obs_longrate,obs_tfp,obs_gdi,obs_AAAspread,obs_nominalrate1,obs_nominalrate2,obs_nominalrate3,obs_nominalrate4,obs_nominalrate5,obs_nominalrate6
0.447705635047968,-48.553347924733906,0.447705635047968,0.4774740998840309,0.49999999999998934,1.190309948105539,0.447705635047968,0.447705635047968,0.43041117414312274,0.49999999999998934,1.190309948105539,0.0,0.447705635047968,0.1174310227768634,1.190309948105539,1.190309948105539,1.190309948105539,1.190309948105539,1.190309948105539,1.190309948105539
