obs_gdp,obs_hours,obs_wages,obs_gdpdeflator,obs_corepce,obs_nominalrate,obs_consumption,obs_investment,obs_BBBspread,obs_longinflation,obs_longrate,obs_tfp,obs_gdi,obs_AAAspread,obs_nominalrate1,obs_nominalrate2,obs_nominalrate3,obs_nominalrate4,obs_nominalrate5,obs_nominalrate6
0.5022755792329692,-46.65518413060603,0.5022755792329692,0.47720871424211964,0.49999999999998934,1.2825241620742167,0.5022755792329692,0.5022755792329692,0.43309338212836274,0.49999999999998934,1.2825241620742167,0.0,0.5022755792329692,0.1174310227768634,1.2825241620742167,1.2825241620742167,1.2825241620742167,1.2825241620742167,1.2825241620742167,1.2825241620742167
