obs_gdp,obs_hours,obs_wages,obs_gdpdeflator,obs_corepce,obs_nominalrate,obs_consumption,obs_investment,obs_BBBspread,obs_longinflation,obs_longrate,obs_tfp,obs_gdi,obs_AAAspread,obs_nominalrate1,obs_nominalrate2,obs_nominalrate3,obs_nominalrate4,obs_nominalrate5,obs_nominalrate6
0.4483134141004319,-48.24851135049193,0.4483134141004319,0.4782515476787798,0.49999999999998934,1.2085340593559701,0.4483134141004319,0.4483134141004319,0.4356642704650391,0.49999999999998934,1.2085340593559701,0.0,0.4483134141004319,0.1174310227768634,1.2085340593559701,1.2085340593559701,1.2085340593559701,1.2085340593559701,1.2085340593559701,1.2085340593559701
