obs_gdp,obs_hours,obs_wages,obs_gdpdeflator,obs_corepce,obs_nominalrate,obs_consumption,obs_investment,obs_BBBspread,obs_longinflation,obs_longrate,obs_tfp,obs_gdi,obs_AAAspread,obs_nominalrate1,obs_nominalrate2,obs_nominalrate3,obs_nominalrate4,obs_nominalrate5,obs_nominalrate6
0.4770269332398769,-47.249878616389665,0.4770269332398769,0.47763744713272305,0.49999999999998934,1.2481947538984572,0.4770269332398769,0.4770269332398769,0.43504470746988794,0.49999999999998934,1.2481947538984572,0.0,0.4770269332398769,0.1174310227768634,1.2481947538984572,1.2481947538984572,1.2481947538984572,1.2481947538984572,1.2481947538984572,1.2481947538984572
