obs_gdp,obs_hours,obs_wages,obs_gdpdeflator,obs_corepce,obs_nominalrate,obs_consumption,obs_investment,obs_BBBspread,obs_longinflation,obs_longrate,obs_tfp,obs_gdi,obs_AAAspread,obs_nominalrate1,obs_nominalrate2,obs_nominalrate3,obs_nominalrate4,obs_nominalrate5,obs_nominalrate6
0.47309910979096426,-47.088707844819204,0.47309910979096426,0.48322087224925614,0.49999999999998934,1.217537914322575,0.47309910979096426,0.47309910979096426,0.43454300969005155,0.49999999999998934,1.217537914322575,0.0,0.47309910979096426,0.1174310227768634,1.217537914322575,1.217537914322575,1.217537914322575,1.217537914322575,1.217537914322575,1.217537914322575
