obs_gdp,obs_hours,obs_wages,obs_gdpdeflator,obs_corepce,obs_nominalrate,obs_consumption,obs_investment,obs_BBBspread,obs_longinflation,obs_longrate,obs_tfp,obs_gdi,obs_AAAspread,obs_nominalrate1,obs_nominalrate2,obs_nominalrate3,obs_nominalrate4,obs_nominalrate5,obs_nominalrate6
0.5453530617564706,-45.01218374720595,0.5453530617564706,0.47474318827221257,0.49999999999998934,1.337017472805102,0.5453530617564706,0.5453530617564706,0.43192237661642774,0.49999999999998934,1.337017472805102,0.0,0.5453530617564706,0.1174310227768634,1.337017472805102,1.337017472805102,1.337017472805102,1.337017472805102,1.337017472805102,1.337017472805102
