obs_gdp,obs_hours,obs_wages,obs_gdpdeflator,obs_corepce,obs_nominalrate,obs_consumption,obs_investment,obs_BBBspread,obs_longinflation,obs_longrate,obs_tfp,obs_gdi,obs_AAAspread,obs_nominalrate1,obs_nominalrate2,obs_nominalrate3,obs_nominalrate4,obs_nominalrate5,obs_nominalrate6
0.5715470289537228,-44.11350377631418,0.5715470289537228,0.47566178566126627,0.49999999999998934,1.3644836251436976,0.5715470289537228,0.5715470289537228,0.4390501629745896,0.49999999999998934,1.3644836251436976,0.0,0.5715470289537228,0.1174310227768634,1.3644836251436976,1.3644836251436976,1.3644836251436976,1.3644836251436976,1.3644836251436976,1.3644836251436976
