obs_gdp,obs_hours,obs_wages,obs_gdpdeflator,obs_corepce,obs_nominalrate,obs_consumption,obs_investment,obs_BBBspread,obs_longinflation,obs_longrate,obs_tfp,obs_gdi,obs_AAAspread,obs_nominalrate1,obs_nominalrate2,obs_nominalrate3,obs_nominalrate4,obs_nominalrate5,obs_nominalrate6
0.51077395407233,-46.29698868939731,0.51077395407233,0.47528746472625966,0.49999999999998934,1.2772264418730916,0.51077395407233,0.51077395407233,0.4340470629961153,0.49999999999998934,1.2772264418730916,0.0,0.51077395407233,0.1174310227768634,1.2772264418730916,1.2772264418730916,1.2772264418730916,1.2772264418730916,1.2772264418730916,1.2772264418730916
