obs_gdp,obs_hours,obs_wages,obs_gdpdeflator,obs_corepce,obs_nominalrate,obs_consumption,obs_investment,obs_BBBspread,obs_longinflation,obs_longrate,obs_tfp,obs_gdi,obs_AAAspread,obs_nominalrate1,obs_nominalrate2,obs_nominalrate3,obs_nominalrate4,obs_nominalrate5,obs_nominalrate6
0.4912893435529808,-47.24799672515928,0.4912893435529808,0.47498763503632124,0.49999999999998934,1.2460839554998993,0.4912893435529808,0.4912893435529808,0.4329955113953988,0.49999999999998934,1.2460839554998993,0.0,0.4912893435529808,0.1174310227768634,1.2460839554998993,1.2460839554998993,1.2460839554998993,1.2460839554998993,1.2460839554998993,1.2460839554998993
