obs_gdp,obs_hours,obs_wages,obs_gdpdeflator,obs_corepce,obs_nominalrate,obs_consumption,obs_investment,obs_BBBspread,obs_longinflation,obs_longrate,obs_tfp,obs_gdi,obs_AAAspread,obs_nominalrate1,obs_nominalrate2,obs_nominalrate3,obs_nominalrate4,obs_nominalrate5,obs_nominalrate6
0.4968555546391862,-46.648436492438876,0.4968555546391862,0.47463039182547706,0.49999999999998934,1.2735770014021153,0.4968555546391862,0.4968555546391862,0.43039863394998745,0.49999999999998934,1.2735770014021153,0.0,0.4968555546391862,0.1174310227768634,1.2735770014021153,1.2735770014021153,1.2735770014021153,1.2735770014021153,1.2735770014021153,1.2735770014021153
