obs_gdp,obs_hours,obs_wages,obs_gdpdeflator,obs_corepce,obs_nominalrate,obs_consumption,obs_investment,obs_BBBspread,obs_longinflation,obs_longrate,obs_tfp,obs_gdi,obs_AAAspread,obs_nominalrate1,obs_nominalrate2,obs_nominalrate3,obs_nominalrate4,obs_nominalrate5,obs_nominalrate6
0.5493049643388703,-44.53595868802634,0.5493049643388703,0.4830265868477202,0.49999999999998934,1.326463980061221,0.5493049643388703,0.5493049643388703,0.4378218051637321,0.49999999999998934,1.326463980061221,0.0,0.5493049643388703,0.1174310227768634,1.326463980061221,1.326463980061221,1.326463980061221,1.326463980061221,1.326463980061221,1.326463980061221
