obs_gdp,obs_hours,obs_wages,obs_gdpdeflator,obs_corepce,obs_nominalrate,obs_consumption,obs_investment,obs_BBBspread,obs_longinflation,obs_longrate,obs_tfp,obs_gdi,obs_AAAspread,obs_nominalrate1,obs_nominalrate2,obs_nominalrate3,obs_nominalrate4,obs_nominalrate5,obs_nominalrate6
0.48662341241936247,-47.09721331152647,0.48662341241936247,0.4733652900171449,0.49999999999998934,1.2517057119252772,0.48662341241936247,0.48662341241936247,0.43092615255019373,0.49999999999998934,1.2517057119252772,0.0,0.48662341241936247,0.1174310227768634,1.2517057119252772,1.2517057119252772,1.2517057119252772,1.2517057119252772,1.2517057119252772,1.2517057119252772
