obs_gdp,obs_hours,obs_wages,obs_gdpdeflator,obs_corepce,obs_nominalrate,obs_consumption,obs_investment,obs_BBBspread,obs_longinflation,obs_longrate,obs_tfp,obs_gdi,obs_AAAspread,obs_nominalrate1,obs_nominalrate2,obs_nominalrate3,obs_nominalrate4,obs_nominalrate5,obs_nominalrate6
0.5272213768872547,-45.01821549090372,0.5272213768872547,0.4774863616116565,0.49999999999998934,1.2872021618321572,0.5272213768872547,0.5272213768872547,0.4389296604907537,0.49999999999998934,1.2872021618321572,0.0,0.5272213768872547,0.1174310227768634,1.2872021618321572,1.2872021618321572,1.2872021618321572,1.2872021618321572,1.2872021618321572,1.2872021618321572
