obs_gdp,obs_hours,obs_wages,obs_gdpdeflator,obs_corepce,obs_nominalrate,obs_consumption,obs_investment,obs_BBBspread,obs_longinflation,obs_longrate,obs_tfp,obs_gdi,obs_AAAspread,obs_nominalrate1,obs_nominalrate2,obs_nominalrate3,obs_nominalrate4,obs_nominalrate5,obs_nominalrate6
0.4519406965302508,-47.50403854930251,0.4519406965302508,0.4777771195323415,0.49999999999998934,1.1892988499849988,0.4519406965302508,0.4519406965302508,0.43870208847179337,0.49999999999998934,1.1892988499849988,0.0,0.4519406965302508,0.1174310227768634,1.1892988499849988,1.1892988499849988,1.1892988499849988,1.1892988499849988,1.1892988499849988,1.1892988499849988
