obs_gdp,obs_hours,obs_wages,obs_gdpdeflator,obs_corepce,obs_nominalrate,obs_consumption,obs_investment,obs_BBBspread,obs_longinflation,obs_longrate,obs_tfp,obs_gdi,obs_AAAspread,obs_nominalrate1,obs_nominalrate2,obs_nominalrate3,obs_nominalrate4,obs_nominalrate5,obs_nominalrate6
0.4663478191416326,-48.12892564381636,0.4663478191416326,0.47584183756099674,0.49999999999998934,1.2392033528901836,0.4663478191416326,0.4663478191416326,0.4269669297775817,0.49999999999998934,1.2392033528901836,0.0,0.4663478191416326,0.1174310227768634,1.2392033528901836,1.2392033528901836,1.2392033528901836,1.2392033528901836,1.2392033528901836,1.2392033528901836
