obs_gdp,obs_hours,obs_wages,obs_gdpdeflator,obs_corepce,obs_nominalrate,obs_consumption,obs_investment,obs_BBBspread,obs_longinflation,obs_longrate,obs_tfp,obs_gdi,obs_AAAspread,obs_nominalrate1,obs_nominalrate2,obs_nominalrate3,obs_nominalrate4,obs_nominalrate5,obs_nominalrate6
0.45050102428043637,-47.72256664043195,0.45050102428043637,0.4791352183822799,0.49999999999998934,1.1862394805935095,0.45050102428043637,0.45050102428043637,0.4384478071841559,0.49999999999998934,1.1862394805935095,0.0,0.45050102428043637,0.1174310227768634,1.1862394805935095,1.1862394805935095,1.1862394805935095,1.1862394805935095,1.1862394805935095,1.1862394805935095
