obs_gdp,obs_hours,obs_wages,obs_gdpdeflator,obs_corepce,obs_nominalrate,obs_consumption,obs_investment,obs_BBBspread,obs_longinflation,obs_longrate,obs_tfp,obs_gdi,obs_AAAspread,obs_nominalrate1,obs_nominalrate2,obs_nominalrate3,obs_nominalrate4,obs_nominalrate5,obs_nominalrate6
0.528453447070576,-45.42808909519481,0.528453447070576,0.4761121143303883,0.49999999999998934,1.310778227959486,0.528453447070576,0.528453447070576,0.43373229207847047,0.49999999999998934,1.310778227959486,0.0,0.528453447070576,0.1174310227768634,1.310778227959486,1.310778227959486,1.310778227959486,1.310778227959486,1.310778227959486,1.310778227959486
