obs_gdp,obs_hours,obs_wages,obs_gdpdeflator,obs_corepce,obs_nominalrate,obs_consumption,obs_investment,obs_BBBspread,obs_longinflation,obs_longrate,obs_tfp,obs_gdi,obs_AAAspread,obs_nominalrate1,obs_nominalrate2,obs_nominalrate3,obs_nominalrate4,obs_nominalrate5,obs_nominalrate6
0.4973662016387381,-46.244345321786305,0.4973662016387381,0.48151060995934836,0.49999999999998934,1.2439175317827234,0.4973662016387381,0.4973662016387381,0.43393913037388865,0.49999999999998934,1.2439175317827234,0.0,0.4973662016387381,0.1174310227768634,1.2439175317827234,1.2439175317827234,1.2439175317827234,1.2439175317827234,1.2439175317827234,1.2439175317827234
