obs_gdp,obs_hours,obs_wages,obs_gdpdeflator,obs_corepce,obs_nominalrate,obs_consumption,obs_investment,obs_BBBspread,obs_longinflation,obs_longrate,obs_tfp,obs_gdi,obs_AAAspread,obs_nominalrate1,obs_nominalrate2,obs_nominalrate3,obs_nominalrate4,obs_nominalrate5,obs_nominalrate6
0.5566783805456499,-44.7714522225544,0.5566783805456499,0.4738646116846746,0.49999999999998934,1.352664713136842,0.5566783805456499,0.5566783805456499,0.43330598492424005,0.49999999999998934,1.352664713136842,0.0,0.5566783805456499,0.1174310227768634,1.352664713136842,1.352664713136842,1.352664713136842,1.352664713136842,1.352664713136842,1.352664713136842
