obs_gdp,obs_hours,obs_wages,obs_gdpdeflator,obs_corepce,obs_nominalrate,obs_consumption,obs_investment,obs_BBBspread,obs_longinflation,obs_longrate,obs_tfp,obs_gdi,obs_AAAspread,obs_nominalrate1,obs_nominalrate2,obs_nominalrate3,obs_nominalrate4,obs_nominalrate5,obs_nominalrate6
0.4802139151021345,-46.78324630885605,0.4802139151021345,0.4769209070603771,0.49999999999998934,1.2285121022033385,0.4802139151021345,0.4802139151021345,0.4321711714260404,0.49999999999998934,1.2285121022033385,0.0,0.4802139151021345,0.1174310227768634,1.2285121022033385,1.2285121022033385,1.2285121022033385,1.2285121022033385,1.2285121022033385,1.2285121022033385
