obs_gdp,obs_hours,obs_wages,obs_gdpdeflator,obs_corepce,obs_nominalrate,obs_consumption,obs_investment,obs_BBBspread,obs_longinflation,obs_longrate,obs_tfp,obs_gdi,obs_AAAspread,obs_nominalrate1,obs_nominalrate2,obs_nominalrate3,obs_nominalrate4,obs_nominalrate5,obs_nominalrate6
0.5510284715875002,-44.54134283994789,0.5510284715875002,0.48337123930209264,0.49999999999998934,1.3295862375489964,0.5510284715875002,0.5510284715875002,0.43666824632574275,0.49999999999998934,1.3295862375489964,0.0,0.5510284715875002,0.1174310227768634,1.3295862375489964,1.3295862375489964,1.3295862375489964,1.3295862375489964,1.3295862375489964,1.3295862375489964
