obs_gdp,obs_hours,obs_wages,obs_gdpdeflator,obs_corepce,obs_nominalrate,obs_consumption,obs_investment,obs_BBBspread,obs_longinflation,obs_longrate,obs_tfp,obs_gdi,obs_AAAspread,obs_nominalrate1,obs_nominalrate2,obs_nominalrate3,obs_nominalrate4,obs_nominalrate5,obs_nominalrate6
0.511731301841456,-45.79208695113944,0.511731301841456,0.47602257226162,0.49999999999998934,1.2677184225575289,0.511731301841456,0.511731301841456,0.4328733663781013,0.49999999999998934,1.2677184225575289,0.0,0.511731301841456,0.1174310227768634,1.2677184225575289,1.2677184225575289,1.2677184225575289,1.2677184225575289,1.2677184225575289,1.2677184225575289
