obs_gdp,obs_hours,obs_wages,obs_gdpdeflator,obs_corepce,obs_nominalrate,obs_consumption,obs_investment,obs_BBBspread,obs_longinflation,obs_longrate,obs_tfp,obs_gdi,obs_AAAspread,obs_nominalrate1,obs_nominalrate2,obs_nominalrate3,obs_nominalrate4,obs_nominalrate5,obs_nominalrate6
0.4731300292246887,-46.944684162045505,0.4731300292246887,0.47969874915552646,0.49999999999998934,1.213329225690396,0.4731300292246887,0.4731300292246887,0.4367474787087934,0.49999999999998934,1.213329225690396,0.0,0.4731300292246887,0.1174310227768634,1.213329225690396,1.213329225690396,1.213329225690396,1.213329225690396,1.213329225690396,1.213329225690396
