obs_gdp,obs_hours,obs_wages,obs_gdpdeflator,obs_corepce,obs_nominalrate,obs_consumption,obs_investment,obs_BBBspread,obs_longinflation,obs_longrate,obs_tfp,obs_gdi,obs_AAAspread,obs_nominalrate1,obs_nominalrate2,obs_nominalrate3,obs_nominalrate4,obs_nominalrate5,obs_nominalrate6
0.44148589640187197,-47.96645607166277,0.44148589640187197,0.478963260962009,0.49999999999998934,1.1665545599805593,0.44148589640187197,0.44148589640187197,0.43979296019936825,0.49999999999998934,1.1665545599805593,0.0,0.44148589640187197,0.1174310227768634,1.1665545599805593,1.1665545599805593,1.1665545599805593,1.1665545599805593,1.1665545599805593,1.1665545599805593
