obs_gdp,obs_hours,obs_wages,obs_gdpdeflator,obs_corepce,obs_nominalrate,obs_consumption,obs_investment,obs_BBBspread,obs_longinflation,obs_longrate,obs_tfp,obs_gdi,obs_AAAspread,obs_nominalrate1,obs_nominalrate2,obs_nominalrate3,obs_nominalrate4,obs_nominalrate5,obs_nominalrate6
0.47584251512313713,-47.233068790364506,0.47584251512313713,0.47840597244019717,0.49999999999998934,1.2156169559675467,0.47584251512313713,0.47584251512313713,0.4316933157213273,0.49999999999998934,1.2156169559675467,0.0,0.47584251512313713,0.1174310227768634,1.2156169559675467,1.2156169559675467,1.2156169559675467,1.2156169559675467,1.2156169559675467,1.2156169559675467
