obs_gdp,obs_hours,obs_wages,obs_gdpdeflator,obs_corepce,obs_nominalrate,obs_consumption,obs_investment,obs_BBBspread,obs_longinflation,obs_longrate,obs_tfp,obs_gdi,obs_AAAspread,obs_nominalrate1,obs_nominalrate2,obs_nominalrate3,obs_nominalrate4,obs_nominalrate5,obs_nominalrate6
0.4301859107649131,-48.54401510396496,0.4301859107649131,0.4860943145137852,0.49999999999998934,1.1690786506649564,0.4301859107649131,0.4301859107649131,0.43858681922836223,0.49999999999998934,1.1690786506649564,0.0,0.4301859107649131,0.1174310227768634,1.1690786506649564,1.1690786506649564,1.1690786506649564,1.1690786506649564,1.1690786506649564,1.1690786506649564
