obs_gdp,obs_hours,obs_wages,obs_gdpdeflator,obs_corepce,obs_nominalrate,obs_consumption,obs_investment,obs_BBBspread,obs_longinflation,obs_longrate,obs_tfp,obs_gdi,obs_AAAspread,obs_nominalrate1,obs_nominalrate2,obs_nominalrate3,obs_nominalrate4,obs_nominalrate5,obs_nominalrate6
0.5293989674916677,-45.80942256233752,0.5293989674916677,0.4751101605137853,0.49999999999998934,1.3360677562364698,0.5293989674916677,0.5293989674916677,0.4269397555129231,0.49999999999998934,1.3360677562364698,0.0,0.5293989674916677,0.1174310227768634,1.3360677562364698,1.3360677562364698,1.3360677562364698,1.3360677562364698,1.3360677562364698,1.3360677562364698
