obs_gdp,obs_hours,obs_wages,obs_gdpdeflator,obs_corepce,obs_nominalrate,obs_consumption,obs_investment,obs_BBBspread,obs_longinflation,obs_longrate,obs_tfp,obs_gdi,obs_AAAspread,obs_nominalrate1,obs_nominalrate2,obs_nominalrate3,obs_nominalrate4,obs_nominalrate5,obs_nominalrate6
0.4138120959213287,-49.65497166493322,0.4138120959213287,0.4749497751688869,0.49999999999998934,1.1745198720918726,0.4138120959213287,0.4138120959213287,0.4299958308610918,0.49999999999998934,1.1745198720918726,0.0,0.4138120959213287,0.1174310227768634,1.1745198720918726,1.1745198720918726,1.1745198720918726,1.1745198720918726,1.1745198720918726,1.1745198720918726
