obs_gdp,obs_hours,obs_wages,obs_gdpdeflator,obs_corepce,obs_nominalrate,obs_consumption,obs_investment,obs_BBBspread,obs_longinflation,obs_longrate,obs_tfp,obs_gdi,obs_AAAspread,obs_nominalrate1,obs_nominalrate2,obs_nominalrate3,obs_nominalrate4,obs_nominalrate5,obs_nominalrate6
0.4965305407796272,-46.3708783454653,0.4965305407796272,0.48366374150137925,0.49999999999998934,1.2531877978860129,0.4965305407796272,0.4965305407796272,0.4392015117861322,0.49999999999998934,1.2531877978860129,0.0,0.4965305407796272,0.1174310227768634,1.2531877978860129,1.2531877978860129,1.2531877978860129,1.2531877978860129,1.2531877978860129,1.2531877978860129
