obs_gdp,obs_hours,obs_wages,obs_gdpdeflator,obs_corepce,obs_nominalrate,obs_consumption,obs_investment,obs_BBBspread,obs_longinflation,obs_longrate,obs_tfp,obs_gdi,obs_AAAspread,obs_nominalrate1,obs_nominalrate2,obs_nominalrate3,obs_nominalrate4,obs_nominalrate5,obs_nominalrate6
0.49212763225998657,-46.977280132046864,0.49212763225998657,0.4763331405638074,0.49999999999998934,1.248364072212249,0.49212763225998657,0.49212763225998657,0.42869298414093965,0.49999999999998934,1.248364072212249,0.0,0.49212763225998657,0.1174310227768634,1.248364072212249,1.248364072212249,1.248364072212249,1.248364072212249,1.248364072212249,1.248364072212249
