obs_gdp,obs_hours,obs_wages,obs_gdpdeflator,obs_corepce,obs_nominalrate,obs_consumption,obs_investment,obs_BBBspread,obs_longinflation,obs_longrate,obs_tfp,obs_gdi,obs_AAAspread,obs_nominalrate1,obs_nominalrate2,obs_nominalrate3,obs_nominalrate4,obs_nominalrate5,obs_nominalrate6
0.49684654025414776,-46.44992624997047,0.49684654025414776,0.47518152214993825,0.49999999999998934,1.2781499346592007,0.49684654025414776,0.49684654025414776,0.42969350731085504,0.49999999999998934,1.2781499346592007,0.0,0.49684654025414776,0.1174310227768634,1.2781499346592007,1.2781499346592007,1.2781499346592007,1.2781499346592007,1.2781499346592007,1.2781499346592007
