obs_gdp,obs_hours,obs_wages,obs_gdpdeflator,obs_corepce,obs_nominalrate,obs_consumption,obs_investment,obs_BBBspread,obs_longinflation,obs_longrate,obs_tfp,obs_gdi,obs_AAAspread,obs_nominalrate1,obs_nominalrate2,obs_nominalrate3,obs_nominalrate4,obs_nominalrate5,obs_nominalrate6
0.5006939423196854,-46.2902947634403,0.5006939423196854,0.48139973719686796,0.49999999999998934,1.2460730685273536,0.5006939423196854,0.5006939423196854,0.4338772320635857,0.49999999999998934,1.2460730685273536,0.0,0.5006939423196854,0.1174310227768634,1.2460730685273536,1.2460730685273536,1.2460730685273536,1.2460730685273536,1.2460730685273536,1.2460730685273536
