obs_gdp,obs_hours,obs_wages,obs_gdpdeflator,obs_corepce,obs_nominalrate,obs_consumption,obs_investment,obs_BBBspread,obs_longinflation,obs_longrate,obs_tfp,obs_gdi,obs_AAAspread,obs_nominalrate1,obs_nominalrate2,obs_nominalrate3,obs_nominalrate4,obs_nominalrate5,obs_nominalrate6
0.4433765021297775,-47.873576304731,0.4433765021297775,0.47800624464459585,0.49999999999998934,1.1774951758018792,0.4433765021297775,0.4433765021297775,0.4393011865656421,0.49999999999998934,1.1774951758018792,0.0,0.4433765021297775,0.1174310227768634,1.1774951758018792,1.1774951758018792,1.1774951758018792,1.1774951758018792,1.1774951758018792,1.1774951758018792
