obs_gdp,obs_hours,obs_wages,obs_gdpdeflator,obs_corepce,obs_nominalrate,obs_consumption,obs_investment,obs_BBBspread,obs_longinflation,obs_longrate,obs_tfp,obs_gdi,obs_AAAspread,obs_nominalrate1,obs_nominalrate2,obs_nominalrate3,obs_nominalrate4,obs_nominalrate5,obs_nominalrate6
0.43574639640995283,-48.99547821037728,0.43574639640995283,0.4745337190449169,0.49999999999998934,1.1980290966838947,0.43574639640995283,0.43574639640995283,0.43165644208227577,0.49999999999998934,1.1980290966838947,0.0,0.43574639640995283,0.1174310227768634,1.1980290966838947,1.1980290966838947,1.1980290966838947,1.1980290966838947,1.1980290966838947,1.1980290966838947
