obs_gdp,obs_hours,obs_wages,obs_gdpdeflator,obs_corepce,obs_nominalrate,obs_consumption,obs_investment,obs_BBBspread,obs_longinflation,obs_longrate,obs_tfp,obs_gdi,obs_AAAspread,obs_nominalrate1,obs_nominalrate2,obs_nominalrate3,obs_nominalrate4,obs_nominalrate5,obs_nominalrate6
0.4395581612581356,-47.98311567922653,0.4395581612581356,0.4782303902497297,0.49999999999998934,1.172752752752948,0.4395581612581356,0.4395581612581356,0.43960907658053006,0.49999999999998934,1.172752752752948,0.0,0.4395581612581356,0.1174310227768634,1.172752752752948,1.172752752752948,1.172752752752948,1.172752752752948,1.172752752752948,1.172752752752948
