obs_gdp,obs_hours,obs_wages,obs_gdpdeflator,obs_corepce,obs_nominalrate,obs_consumption,obs_investment,obs_BBBspread,obs_longinflation,obs_longrate,obs_tfp,obs_gdi,obs_AAAspread,obs_nominalrate1,obs_nominalrate2,obs_nominalrate3,obs_nominalrate4,obs_nominalrate5,obs_nominalrate6
0.5212898863423687,-45.60082810864739,0.5212898863423687,0.4847999081137504,0.49999999999998934,1.299045295393464,0.5212898863423687,0.5212898863423687,0.439121711687558,0.49999999999998934,1.299045295393464,0.0,0.5212898863423687,0.1174310227768634,1.299045295393464,1.299045295393464,1.299045295393464,1.299045295393464,1.299045295393464,1.299045295393464
