obs_gdp,obs_hours,obs_wages,obs_gdpdeflator,obs_corepce,obs_nominalrate,obs_consumption,obs_investment,obs_BBBspread,obs_longinflation,obs_longrate,obs_tfp,obs_gdi,obs_AAAspread,obs_nominalrate1,obs_nominalrate2,obs_nominalrate3,obs_nominalrate4,obs_nominalrate5,obs_nominalrate6
0.5067783987709573,-46.71578104695049,0.5067783987709573,0.47431291387436,0.49999999999998934,1.2695608047851303,0.5067783987709573,0.5067783987709573,0.4338288369489436,0.49999999999998934,1.2695608047851303,0.0,0.5067783987709573,0.1174310227768634,1.2695608047851303,1.2695608047851303,1.2695608047851303,1.2695608047851303,1.2695608047851303,1.2695608047851303
