obs_gdp,obs_hours,obs_wages,obs_gdpdeflator,obs_corepce,obs_nominalrate,obs_consumption,obs_investment,obs_BBBspread,obs_longinflation,obs_longrate,obs_tfp,obs_gdi,obs_AAAspread,obs_nominalrate1,obs_nominalrate2,obs_nominalrate3,obs_nominalrate4,obs_nominalrate5,obs_nominalrate6
0.5388062570309993,-45.429566627457596,0.5388062570309993,0.47418232590724574,0.49999999999998934,1.3129927428161103,0.5388062570309993,0.5388062570309993,0.43266430301759395,0.49999999999998934,1.3129927428161103,0.0,0.5388062570309993,0.1174310227768634,1.3129927428161103,1.3129927428161103,1.3129927428161103,1.3129927428161103,1.3129927428161103,1.3129927428161103
