obs_gdp,obs_hours,obs_wages,obs_gdpdeflator,obs_corepce,obs_nominalrate,obs_consumption,obs_investment,obs_BBBspread,obs_longinflation,obs_longrate,obs_tfp,obs_gdi,obs_AAAspread,obs_nominalrate1,obs_nominalrate2,obs_nominalrate3,obs_nominalrate4,obs_nominalrate5,obs_nominalrate6
0.4641262328136886,-47.051509771499155,0.4641262328136886,0.48253037284072714,0.49999999999998934,1.1973617303294937,0.4641262328136886,0.4641262328136886,0.4446423578474198,0.49999999999998934,1.1973617303294937,0.0,0.4641262328136886,0.1174310227768634,1.1973617303294937,1.1973617303294937,1.1973617303294937,1.1973617303294937,1.1973617303294937,1.1973617303294937
