obs_gdp,obs_hours,obs_wages,obs_gdpdeflator,obs_corepce,obs_nominalrate,obs_consumption,obs_investment,obs_BBBspread,obs_longinflation,obs_longrate,obs_tfp,obs_gdi,obs_AAAspread,obs_nominalrate1,obs_nominalrate2,obs_nominalrate3,obs_nominalrate4,obs_nominalrate5,obs_nominalrate6
0.41242382061938976,-49.918626726995846,0.41242382061938976,0.47582513187422093,0.49999999999998934,1.1598528709254596,0.41242382061938976,0.41242382061938976,0.43359457313788724,0.49999999999998934,1.1598528709254596,0.0,0.41242382061938976,0.1174310227768634,1.1598528709254596,1.1598528709254596,1.1598528709254596,1.1598528709254596,1.1598528709254596,1.1598528709254596
