obs_gdp,obs_hours,obs_wages,obs_gdpdeflator,obs_corepce,obs_nominalrate,obs_consumption,obs_investment,obs_BBBspread,obs_longinflation,obs_longrate,obs_tfp,obs_gdi,obs_AAAspread,obs_nominalrate1,obs_nominalrate2,obs_nominalrate3,obs_nominalrate4,obs_nominalrate5,obs_nominalrate6
0.5058253005189473,-46.37602907169463,0.5058253005189473,0.4772309771257025,0.49999999999998934,1.2530763230506503,0.5058253005189473,0.5058253005189473,0.43338624391735,0.49999999999998934,1.2530763230506503,0.0,0.5058253005189473,0.1174310227768634,1.2530763230506503,1.2530763230506503,1.2530763230506503,1.2530763230506503,1.2530763230506503,1.2530763230506503
