obs_gdp,obs_hours,obs_wages,obs_gdpdeflator,obs_corepce,obs_nominalrate,obs_consumption,obs_investment,obs_BBBspread,obs_longinflation,obs_longrate,obs_tfp,obs_gdi,obs_AAAspread,obs_nominalrate1,obs_nominalrate2,obs_nominalrate3,obs_nominalrate4,obs_nominalrate5,obs_nominalrate6
0.45899741361006274,-48.030112724134796,0.45899741361006274,0.4777101868921609,0.49999999999998934,1.2116505816412326,0.45899741361006274,0.45899741361006274,0.4356138838860755,0.49999999999998934,1.2116505816412326,0.0,0.45899741361006274,0.1174310227768634,1.2116505816412326,1.2116505816412326,1.2116505816412326,1.2116505816412326,1.2116505816412326,1.2116505816412326
