obs_gdp,obs_hours,obs_wages,obs_gdpdeflator,obs_corepce,obs_nominalrate,obs_consumption,obs_investment,obs_BBBspread,obs_longinflation,obs_longrate,obs_tfp,obs_gdi,obs_AAAspread,obs_nominalrate1,obs_nominalrate2,obs_nominalrate3,obs_nominalrate4,obs_nominalrate5,obs_nominalrate6
0.5451110975695395,-44.73891415818674,0.5451110975695395,0.482919914628403,0.49999999999998934,1.3059955439429283,0.5451110975695395,0.5451110975695395,0.4417690126702319,0.49999999999998934,1.3059955439429283,0.0,0.5451110975695395,0.1174310227768634,1.3059955439429283,1.3059955439429283,1.3059955439429283,1.3059955439429283,1.3059955439429283,1.3059955439429283
