obs_gdp,obs_hours,obs_wages,obs_gdpdeflator,obs_corepce,obs_nominalrate,obs_consumption,obs_investment,obs_BBBspread,obs_longinflation,obs_longrate,obs_tfp,obs_gdi,obs_AAAspread,obs_nominalrate1,obs_nominalrate2,obs_nominalrate3,obs_nominalrate4,obs_nominalrate5,obs_nominalrate6
0.5403293732928027,-44.708795996083445,0.5403293732928027,0.4827559426488096,0.49999999999998934,1.304357624774033,0.5403293732928027,0.5403293732928027,0.44116319939650195,0.49999999999998934,1.304357624774033,0.0,0.5403293732928027,0.1174310227768634,1.304357624774033,1.304357624774033,1.304357624774033,1.304357624774033,1.304357624774033,1.304357624774033
