obs_gdp,obs_hours,obs_wages,obs_gdpdeflator,obs_corepce,obs_nominalrate,obs_consumption,obs_investment,obs_BBBspread,obs_longinflation,obs_longrate,obs_tfp,obs_gdi,obs_AAAspread,obs_nominalrate1,obs_nominalrate2,obs_nominalrate3,obs_nominalrate4,obs_nominalrate5,obs_nominalrate6
0.4831279982713932,-47.273004469769866,0.4831279982713932,0.47627306472695474,0.49999999999998934,1.237238598186896,0.4831279982713932,0.4831279982713932,0.4319044358190134,0.49999999999998934,1.237238598186896,0.0,0.4831279982713932,0.1174310227768634,1.237238598186896,1.237238598186896,1.237238598186896,1.237238598186896,1.237238598186896,1.237238598186896
