obs_gdp,obs_hours,obs_wages,obs_gdpdeflator,obs_corepce,obs_nominalrate,obs_consumption,obs_investment,obs_BBBspread,obs_longinflation,obs_longrate,obs_tfp,obs_gdi,obs_AAAspread,obs_nominalrate1,obs_nominalrate2,obs_nominalrate3,obs_nominalrate4,obs_nominalrate5,obs_nominalrate6
0.4636749588136535,-47.039569167691404,0.4636749588136535,0.4828051326683418,0.49999999999998934,1.2122545743735058,0.4636749588136535,0.4636749588136535,0.435845661817776,0.49999999999998934,1.2122545743735058,0.0,0.4636749588136535,0.1174310227768634,1.2122545743735058,1.2122545743735058,1.2122545743735058,1.2122545743735058,1.2122545743735058,1.2122545743735058
