obs_gdp,obs_hours,obs_wages,obs_gdpdeflator,obs_corepce,obs_nominalrate,obs_consumption,obs_investment,obs_BBBspread,obs_longinflation,obs_longrate,obs_tfp,obs_gdi,obs_AAAspread,obs_nominalrate1,obs_nominalrate2,obs_nominalrate3,obs_nominalrate4,obs_nominalrate5,obs_nominalrate6
0.5332496320400892,-45.08250168809314,0.5332496320400892,0.4817947704365641,0.49999999999998934,1.2906008690153348,0.5332496320400892,0.5332496320400892,0.4409860267494692,0.49999999999998934,1.2906008690153348,0.0,0.5332496320400892,0.1174310227768634,1.2906008690153348,1.2906008690153348,1.2906008690153348,1.2906008690153348,1.2906008690153348,1.2906008690153348
