obs_gdp,obs_hours,obs_wages,obs_gdpdeflator,obs_corepce,obs_nominalrate,obs_consumption,obs_investment,obs_BBBspread,obs_longinflation,obs_longrate,obs_tfp,obs_gdi,obs_AAAspread,obs_nominalrate1,obs_nominalrate2,obs_nominalrate3,obs_nominalrate4,obs_nominalrate5,obs_nominalrate6
0.4877259157635816,-46.2847263380755,0.4877259157635816,0.484196444663125,0.49999999999998934,1.238429604281155,0.4877259157635816,0.4877259157635816,0.4441839176103241,0.49999999999998934,1.238429604281155,0.0,0.4877259157635816,0.1174310227768634,1.238429604281155,1.238429604281155,1.238429604281155,1.238429604281155,1.238429604281155,1.238429604281155
