obs_gdp,obs_hours,obs_wages,obs_gdpdeflator,obs_corepce,obs_nominalrate,obs_consumption,obs_investment,obs_BBBspread,obs_longinflation,obs_longrate,obs_tfp,obs_gdi,obs_AAAspread,obs_nominalrate1,obs_nominalrate2,obs_nominalrate3,obs_nominalrate4,obs_nominalrate5,obs_nominalrate6
0.426481824386693,-48.40287262575806,0.426481824386693,0.4828942832098282,0.49999999999998934,1.1504475174427098,0.426481824386693,0.426481824386693,0.44334981831678827,0.49999999999998934,1.1504475174427098,0.0,0.426481824386693,0.1174310227768634,1.1504475174427098,1.1504475174427098,1.1504475174427098,1.1504475174427098,1.1504475174427098,1.1504475174427098
