obs_gdp,obs_hours,obs_wages,obs_gdpdeflator,obs_corepce,obs_nominalrate,obs_consumption,obs_investment,obs_BBBspread,obs_longinflation,obs_longrate,obs_tfp,obs_gdi,obs_AAAspread,obs_nominalrate1,obs_nominalrate2,obs_nominalrate3,obs_nominalrate4,obs_nominalrate5,obs_nominalrate6
0.5048808374773284,-46.221196959435844,0.5048808374773284,0.47487544782729735,0.49999999999998934,1.291318819876719,0.5048808374773284,0.5048808374773284,0.4298017010219248,0.49999999999998934,1.291318819876719,0.0,0.5048808374773284,0.1174310227768634,1.291318819876719,1.291318819876719,1.291318819876719,1.291318819876719,1.291318819876719,1.291318819876719
