obs_gdp,obs_hours,obs_wages,obs_gdpdeflator,obs_corepce,obs_nominalrate,obs_consumption,obs_investment,obs_BBBspread,obs_longinflation,obs_longrate,obs_tfp,obs_gdi,obs_AAAspread,obs_nominalrate1,obs_nominalrate2,obs_nominalrate3,obs_nominalrate4,obs_nominalrate5,obs_nominalrate6
0.4604898541096025,-47.382354811647744,0.4604898541096025,0.47718172799939307,0.49999999999998934,1.1986954719674037,0.4604898541096025,0.4604898541096025,0.4323664403949842,0.49999999999998934,1.1986954719674037,0.0,0.4604898541096025,0.1174310227768634,1.1986954719674037,1.1986954719674037,1.1986954719674037,1.1986954719674037,1.1986954719674037,1.1986954719674037
