obs_gdp,obs_hours,obs_wages,obs_gdpdeflator,obs_corepce,obs_nominalrate,obs_consumption,obs_investment,obs_BBBspread,obs_longinflation,obs_longrate,obs_tfp,obs_gdi,obs_AAAspread,obs_nominalrate1,obs_nominalrate2,obs_nominalrate3,obs_nominalrate4,obs_nominalrate5,obs_nominalrate6
0.5336764585728515,-45.094999064859735,0.5336764585728515,0.47534072637407193,0.49999999999998934,1.298627586078327,0.5336764585728515,0.5336764585728515,0.4324905726153257,0.49999999999998934,1.298627586078327,0.0,0.5336764585728515,0.1174310227768634,1.298627586078327,1.298627586078327,1.298627586078327,1.298627586078327,1.298627586078327,1.298627586078327
