obs_gdp,obs_hours,obs_wages,obs_gdpdeflator,obs_corepce,obs_nominalrate,obs_consumption,obs_investment,obs_BBBspread,obs_longinflation,obs_longrate,obs_tfp,obs_gdi,obs_AAAspread,obs_nominalrate1,obs_nominalrate2,obs_nominalrate3,obs_nominalrate4,obs_nominalrate5,obs_nominalrate6
0.5008398148108606,-46.16228067195381,0.5008398148108606,0.47465791965496296,0.49999999999998934,1.274533468049821,0.5008398148108606,0.5008398148108606,0.4329901910931854,0.49999999999998934,1.274533468049821,0.0,0.5008398148108606,0.1174310227768634,1.274533468049821,1.274533468049821,1.274533468049821,1.274533468049821,1.274533468049821,1.274533468049821
