obs_gdp,obs_hours,obs_wages,obs_gdpdeflator,obs_corepce,obs_nominalrate,obs_consumption,obs_investment,obs_BBBspread,obs_longinflation,obs_longrate,obs_tfp,obs_gdi,obs_AAAspread,obs_nominalrate1,obs_nominalrate2,obs_nominalrate3,obs_nominalrate4,obs_nominalrate5,obs_nominalrate6
0.4127782466242014,-49.72692357660447,0.4127782466242014,0.47757267658727914,0.49999999999998934,1.1298427097409691,0.4127782466242014,0.4127782466242014,0.4353993047751181,0.49999999999998934,1.1298427097409691,0.0,0.4127782466242014,0.1174310227768634,1.1298427097409691,1.1298427097409691,1.1298427097409691,1.1298427097409691,1.1298427097409691,1.1298427097409691
