obs_gdp,obs_hours,obs_wages,obs_gdpdeflator,obs_corepce,obs_nominalrate,obs_consumption,obs_investment,obs_BBBspread,obs_longinflation,obs_longrate,obs_tfp,obs_gdi,obs_AAAspread,obs_nominalrate1,obs_nominalrate2,obs_nominalrate3,obs_nominalrate4,obs_nominalrate5,obs_nominalrate6
0.45272379321661393,-48.3795720710968,0.45272379321661393,0.4763251904104973,0.49999999999998934,1.1835728181193605,0.45272379321661393,0.45272379321661393,0.43499594304339234,0.49999999999998934,1.1835728181193605,0.0,0.45272379321661393,0.1174310227768634,1.1835728181193605,1.1835728181193605,1.1835728181193605,1.1835728181193605,1.1835728181193605,1.1835728181193605
