obs_gdp,obs_hours,obs_wages,obs_gdpdeflator,obs_corepce,obs_nominalrate,obs_consumption,obs_investment,obs_BBBspread,obs_longinflation,obs_longrate,obs_tfp,obs_gdi,obs_AAAspread,obs_nominalrate1,obs_nominalrate2,obs_nominalrate3,obs_nominalrate4,obs_nominalrate5,obs_nominalrate6
0.5823172830025758,-43.36406103726582,0.5823172830025758,0.4744420413934127,0.49999999999998934,1.3766167744590163,0.5823172830025758,0.5823172830025758,0.4329767542776237,0.49999999999998934,1.3766167744590163,0.0,0.5823172830025758,0.1174310227768634,1.3766167744590163,1.3766167744590163,1.3766167744590163,1.3766167744590163,1.3766167744590163,1.3766167744590163
