obs_gdp,obs_hours,obs_wages,obs_gdpdeflator,obs_corepce,obs_nominalrate,obs_consumption,obs_investment,obs_BBBspread,obs_longinflation,obs_longrate,obs_tfp,obs_gdi,obs_AAAspread,obs_nominalrate1,obs_nominalrate2,obs_nominalrate3,obs_nominalrate4,obs_nominalrate5,obs_nominalrate6
0.48213392852543,-47.13646815492632,0.48213392852543,0.4763937217626809,0.49999999999998934,1.2407716601651186,0.48213392852543,0.48213392852543,0.4322766261118848,0.49999999999998934,1.2407716601651186,0.0,0.48213392852543,0.1174310227768634,1.2407716601651186,1.2407716601651186,1.2407716601651186,1.2407716601651186,1.2407716601651186,1.2407716601651186
