obs_gdp,obs_hours,obs_wages,obs_gdpdeflator,obs_corepce,obs_nominalrate,obs_consumption,obs_investment,obs_BBBspread,obs_longinflation,obs_longrate,obs_tfp,obs_gdi,obs_AAAspread,obs_nominalrate1,obs_nominalrate2,obs_nominalrate3,obs_nominalrate4,obs_nominalrate5,obs_nominalrate6
0.4769450425571975,-47.29748038406937,0.4769450425571975,0.47473517078863264,0.49999999999998934,1.2452884815553622,0.4769450425571975,0.4769450425571975,0.43081708219194753,0.49999999999998934,1.2452884815553622,0.0,0.4769450425571975,0.1174310227768634,1.2452884815553622,1.2452884815553622,1.2452884815553622,1.2452884815553622,1.2452884815553622,1.2452884815553622
