obs_gdp,obs_hours,obs_wages,obs_gdpdeflator,obs_corepce,obs_nominalrate,obs_consumption,obs_investment,obs_BBBspread,obs_longinflation,obs_longrate,obs_tfp,obs_gdi,obs_AAAspread,obs_nominalrate1,obs_nominalrate2,obs_nominalrate3,obs_nominalrate4,obs_nominalrate5,obs_nominalrate6
0.49629142604650234,-46.78493456161836,0.49629142604650234,0.47421652196114883,0.49999999999998934,1.2661019026164233,0.49629142604650234,0.49629142604650234,0.4311634613308721,0.49999999999998934,1.2661019026164233,0.0,0.49629142604650234,0.1174310227768634,1.2661019026164233,1.2661019026164233,1.2661019026164233,1.2661019026164233,1.2661019026164233,1.2661019026164233
