obs_gdp,obs_hours,obs_wages,obs_gdpdeflator,obs_corepce,obs_nominalrate,obs_consumption,obs_investment,obs_BBBspread,obs_longinflation,obs_longrate,obs_tfp,obs_gdi,obs_AAAspread,obs_nominalrate1,obs_nominalrate2,obs_nominalrate3,obs_nominalrate4,obs_nominalrate5,obs_nominalrate6
0.5307472947472247,-45.0835603133739,0.5307472947472247,0.479653837055696,0.49999999999998934,1.2968257473924272,0.5307472947472247,0.5307472947472247,0.43292043417149895,0.49999999999998934,1.2968257473924272,0.0,0.5307472947472247,0.1174310227768634,1.2968257473924272,1.2968257473924272,1.2968257473924272,1.2968257473924272,1.2968257473924272,1.2968257473924272
