obs_gdp,obs_hours,obs_wages,obs_gdpdeflator,obs_corepce,obs_nominalrate,obs_consumption,obs_investment,obs_BBBspread,obs_longinflation,obs_longrate,obs_tfp,obs_gdi,obs_AAAspread,obs_nominalrate1,obs_nominalrate2,obs_nominalrate3,obs_nominalrate4,obs_nominalrate5,obs_nominalrate6
0.5498540127476303,-45.055051648787504,0.5498540127476303,0.4748959673204898,0.49999999999998934,1.332869431235384,0.5498540127476303,0.5498540127476303,0.4287192734093425,0.49999999999998934,1.332869431235384,0.0,0.5498540127476303,0.1174310227768634,1.332869431235384,1.332869431235384,1.332869431235384,1.332869431235384,1.332869431235384,1.332869431235384
