obs_gdp,obs_hours,obs_wages,obs_gdpdeflator,obs_corepce,obs_nominalrate,obs_consumption,obs_investment,obs_BBBspread,obs_longinflation,obs_longrate,obs_tfp,obs_gdi,obs_AAAspread,obs_nominalrate1,obs_nominalrate2,obs_nominalrate3,obs_nominalrate4,obs_nominalrate5,obs_nominalrate6
0.466311539599662,-47.19066037748896,0.466311539599662,0.48333704576378805,0.49999999999998934,1.212702195533888,0.466311539599662,0.466311539599662,0.4348152771375533,0.49999999999998934,1.212702195533888,0.0,0.466311539599662,0.1174310227768634,1.212702195533888,1.212702195533888,1.212702195533888,1.212702195533888,1.212702195533888,1.212702195533888
