obs_gdp,obs_hours,obs_wages,obs_gdpdeflator,obs_corepce,obs_nominalrate,obs_consumption,obs_investment,obs_BBBspread,obs_longinflation,obs_longrate,obs_tfp,obs_gdi,obs_AAAspread,obs_nominalrate1,obs_nominalrate2,obs_nominalrate3,obs_nominalrate4,obs_nominalrate5,obs_nominalrate6
0.45752788142339185,-48.140136310476514,0.45752788142339185,0.47416477122635714,0.49999999999998934,1.2075853226928501,0.45752788142339185,0.45752788142339185,0.43973466488875435,0.49999999999998934,1.2075853226928501,0.0,0.45752788142339185,0.1174310227768634,1.2075853226928501,1.2075853226928501,1.2075853226928501,1.2075853226928501,1.2075853226928501,1.2075853226928501
