obs_gdp,obs_hours,obs_wages,obs_gdpdeflator,obs_corepce,obs_nominalrate,obs_consumption,obs_investment,obs_BBBspread,obs_longinflation,obs_longrate,obs_tfp,obs_gdi,obs_AAAspread,obs_nominalrate1,obs_nominalrate2,obs_nominalrate3,obs_nominalrate4,obs_nominalrate5,obs_nominalrate6
0.4994652083447848,-46.38452622811642,0.4994652083447848,0.47827559140939063,0.49999999999998934,1.2474447919544218,0.4994652083447848,0.4994652083447848,0.4338156898266247,0.49999999999998934,1.2474447919544218,0.0,0.4994652083447848,0.1174310227768634,1.2474447919544218,1.2474447919544218,1.2474447919544218,1.2474447919544218,1.2474447919544218,1.2474447919544218
