obs_gdp,obs_hours,obs_wages,obs_gdpdeflator,obs_corepce,obs_nominalrate,obs_consumption,obs_investment,obs_BBBspread,obs_longinflation,obs_longrate,obs_tfp,obs_gdi,obs_AAAspread,obs_nominalrate1,obs_nominalrate2,obs_nominalrate3,obs_nominalrate4,obs_nominalrate5,obs_nominalrate6
0.4964234618868524,-46.90725293556105,0.4964234618868524,0.4775616141622905,0.49999999999998934,1.270356017542018,0.4964234618868524,0.4964234618868524,0.43284723427711336,0.49999999999998934,1.270356017542018,0.0,0.4964234618868524,0.1174310227768634,1.270356017542018,1.270356017542018,1.270356017542018,1.270356017542018,1.270356017542018,1.270356017542018
