obs_gdp,obs_hours,obs_wages,obs_gdpdeflator,obs_corepce,obs_nominalrate,obs_consumption,obs_investment,obs_BBBspread,obs_longinflation,obs_longrate,obs_tfp,obs_gdi,obs_AAAspread,obs_nominalrate1,obs_nominalrate2,obs_nominalrate3,obs_nominalrate4,obs_nominalrate5,obs_nominalrate6
0.5033654493937112,-46.73912569328889,0.5033654493937112,0.4739757045077324,0.49999999999998934,1.2650482165317278,0.5033654493937112,0.5033654493937112,0.43524342901549706,0.49999999999998934,1.2650482165317278,0.0,0.5033654493937112,0.1174310227768634,1.2650482165317278,1.2650482165317278,1.2650482165317278,1.2650482165317278,1.2650482165317278,1.2650482165317278
