obs_gdp,obs_hours,obs_wages,obs_gdpdeflator,obs_corepce,obs_nominalrate,obs_consumption,obs_investment,obs_BBBspread,obs_longinflation,obs_longrate,obs_tfp,obs_gdi,obs_AAAspread,obs_nominalrate1,obs_nominalrate2,obs_nominalrate3,obs_nominalrate4,obs_nominalrate5,obs_nominalrate6
0.48740303583225675,-47.053299210296295,0.48740303583225675,0.4744097421978434,0.49999999999998934,1.2335890489182377,0.48740303583225675,0.48740303583225675,0.4341627125279521,0.49999999999998934,1.2335890489182377,0.0,0.48740303583225675,0.1174310227768634,1.2335890489182377,1.2335890489182377,1.2335890489182377,1.2335890489182377,1.2335890489182377,1.2335890489182377
