obs_gdp,obs_hours,obs_wages,obs_gdpdeflator,obs_corepce,obs_nominalrate,obs_consumption,obs_investment,obs_BBBspread,obs_longinflation,obs_longrate,obs_tfp,obs_gdi,obs_AAAspread,obs_nominalrate1,obs_nominalrate2,obs_nominalrate3,obs_nominalrate4,obs_nominalrate5,obs_nominalrate6
0.43321630906345554,-49.28254336033487,0.43321630906345554,0.4765505522614711,0.49999999999998934,1.1890197616511777,0.43321630906345554,0.43321630906345554,0.42898295972551104,0.49999999999998934,1.1890197616511777,0.0,0.43321630906345554,0.1174310227768634,1.1890197616511777,1.1890197616511777,1.1890197616511777,1.1890197616511777,1.1890197616511777,1.1890197616511777
