obs_gdp,obs_hours,obs_wages,obs_gdpdeflator,obs_corepce,obs_nominalrate,obs_consumption,obs_investment,obs_BBBspread,obs_longinflation,obs_longrate,obs_tfp,obs_gdi,obs_AAAspread,obs_nominalrate1,obs_nominalrate2,obs_nominalrate3,obs_nominalrate4,obs_nominalrate5,obs_nominalrate6
0.5443793004657582,-45.2132040293712,0.5443793004657582,0.4735886335518092,0.49999999999998934,1.322928369193943,0.5443793004657582,0.5443793004657582,0.4307452522339462,0.49999999999998934,1.322928369193943,0.0,0.5443793004657582,0.1174310227768634,1.322928369193943,1.322928369193943,1.322928369193943,1.322928369193943,1.322928369193943,1.322928369193943
