obs_gdp,obs_hours,obs_wages,obs_gdpdeflator,obs_corepce,obs_nominalrate,obs_consumption,obs_investment,obs_BBBspread,obs_longinflation,obs_longrate,obs_tfp,obs_gdi,obs_AAAspread,obs_nominalrate1,obs_nominalrate2,obs_nominalrate3,obs_nominalrate4,obs_nominalrate5,obs_nominalrate6
0.4460098607685925,-47.832371907717935,0.4460098607685925,0.4843886477110241,0.49999999999998934,1.1883685849580106,0.4460098607685925,0.4460098607685925,0.4351028959023519,0.49999999999998934,1.1883685849580106,0.0,0.4460098607685925,0.1174310227768634,1.1883685849580106,1.1883685849580106,1.1883685849580106,1.1883685849580106,1.1883685849580106,1.1883685849580106
