obs_gdp,obs_hours,obs_wages,obs_gdpdeflator,obs_corepce,obs_nominalrate,obs_consumption,obs_investment,obs_BBBspread,obs_longinflation,obs_longrate,obs_tfp,obs_gdi,obs_AAAspread,obs_nominalrate1,obs_nominalrate2,obs_nominalrate3,obs_nominalrate4,obs_nominalrate5,obs_nominalrate6
0.4754433504963629,-46.665313926599424,0.4754433504963629,0.4785044820111304,0.49999999999998934,1.2146259858636155,0.4754433504963629,0.4754433504963629,0.4392685133928584,0.49999999999998934,1.2146259858636155,0.0,0.4754433504963629,0.1174310227768634,1.2146259858636155,1.2146259858636155,1.2146259858636155,1.2146259858636155,1.2146259858636155,1.2146259858636155
