obs_gdp,obs_hours,obs_wages,obs_gdpdeflator,obs_corepce,obs_nominalrate,obs_consumption,obs_investment,obs_BBBspread,obs_longinflation,obs_longrate,obs_tfp,obs_gdi,obs_AAAspread,obs_nominalrate1,obs_nominalrate2,obs_nominalrate3,obs_nominalrate4,obs_nominalrate5,obs_nominalrate6
0.49125331667772,-46.9746557962932,0.49125331667772,0.4765334162586601,0.49999999999998934,1.2730164390826193,0.49125331667772,0.49125331667772,0.429450242589501,0.49999999999998934,1.2730164390826193,0.0,0.49125331667772,0.1174310227768634,1.2730164390826193,1.2730164390826193,1.2730164390826193,1.2730164390826193,1.2730164390826193,1.2730164390826193
