obs_gdp,obs_hours,obs_wages,obs_gdpdeflator,obs_corepce,obs_nominalrate,obs_consumption,obs_investment,obs_BBBspread,obs_longinflation,obs_longrate,obs_tfp,obs_gdi,obs_AAAspread,obs_nominalrate1,obs_nominalrate2,obs_nominalrate3,obs_nominalrate4,obs_nominalrate5,obs_nominalrate6
0.42198855775710253,-49.45040421086572,0.42198855775710253,0.4735783896436051,0.49999999999998934,1.1613894255020796,0.42198855775710253,0.42198855775710253,0.43628334339969843,0.49999999999998934,1.1613894255020796,0.0,0.42198855775710253,0.1174310227768634,1.1613894255020796,1.1613894255020796,1.1613894255020796,1.1613894255020796,1.1613894255020796,1.1613894255020796
