obs_gdp,obs_hours,obs_wages,obs_gdpdeflator,obs_corepce,obs_nominalrate,obs_consumption,obs_investment,obs_BBBspread,obs_longinflation,obs_longrate,obs_tfp,obs_gdi,obs_AAAspread,obs_nominalrate1,obs_nominalrate2,obs_nominalrate3,obs_nominalrate4,obs_nominalrate5,obs_nominalrate6
0.5131781997143703,-46.10628501334911,0.5131781997143703,0.47501098042985973,0.49999999999998934,1.2753899077529551,0.5131781997143703,0.5131781997143703,0.42944909729230474,0.49999999999998934,1.2753899077529551,0.0,0.5131781997143703,0.1174310227768634,1.2753899077529551,1.2753899077529551,1.2753899077529551,1.2753899077529551,1.2753899077529551,1.2753899077529551
