obs_gdp,obs_hours,obs_wages,obs_gdpdeflator,obs_corepce,obs_nominalrate,obs_consumption,obs_investment,obs_BBBspread,obs_longinflation,obs_longrate,obs_tfp,obs_gdi,obs_AAAspread,obs_nominalrate1,obs_nominalrate2,obs_nominalrate3,obs_nominalrate4,obs_nominalrate5,obs_nominalrate6
0.5121716349883121,-46.39604620253484,0.5121716349883121,0.47703161516366976,0.49999999999998934,1.2845580468407336,0.5121716349883121,0.5121716349883121,0.4323478983723421,0.49999999999998934,1.2845580468407336,0.0,0.5121716349883121,0.1174310227768634,1.2845580468407336,1.2845580468407336,1.2845580468407336,1.2845580468407336,1.2845580468407336,1.2845580468407336
