obs_gdp,obs_hours,obs_wages,obs_gdpdeflator,obs_corepce,obs_nominalrate,obs_consumption,obs_investment,obs_BBBspread,obs_longinflation,obs_longrate,obs_tfp,obs_gdi,obs_AAAspread,obs_nominalrate1,obs_nominalrate2,obs_nominalrate3,obs_nominalrate4,obs_nominalrate5,obs_nominalrate6
0.5114242088888332,-46.50883915483041,0.5114242088888332,0.4759809815609239,0.49999999999998934,1.2817854958222963,0.5114242088888332,0.5114242088888332,0.4345900932878288,0.49999999999998934,1.2817854958222963,0.0,0.5114242088888332,0.1174310227768634,1.2817854958222963,1.2817854958222963,1.2817854958222963,1.2817854958222963,1.2817854958222963,1.2817854958222963
