obs_gdp,obs_hours,obs_wages,obs_gdpdeflator,obs_corepce,obs_nominalrate,obs_consumption,obs_investment,obs_BBBspread,obs_longinflation,obs_longrate,obs_tfp,obs_gdi,obs_AAAspread,obs_nominalrate1,obs_nominalrate2,obs_nominalrate3,obs_nominalrate4,obs_nominalrate5,obs_nominalrate6
0.47254587013632054,-47.8206359729569,0.47254587013632054,0.4763558185646358,0.49999999999998934,1.2488549322158926,0.47254587013632054,0.47254587013632054,0.4265245956181334,0.49999999999998934,1.2488549322158926,0.0,0.47254587013632054,0.1174310227768634,1.2488549322158926,1.2488549322158926,1.2488549322158926,1.2488549322158926,1.2488549322158926,1.2488549322158926
