obs_gdp,obs_hours,obs_wages,obs_gdpdeflator,obs_corepce,obs_nominalrate,obs_consumption,obs_investment,obs_BBBspread,obs_longinflation,obs_longrate,obs_tfp,obs_gdi,obs_AAAspread,obs_nominalrate1,obs_nominalrate2,obs_nominalrate3,obs_nominalrate4,obs_nominalrate5,obs_nominalrate6
0.46612868549484876,-47.13200002184647,0.46612868549484876,0.48203825603985406,0.49999999999998934,1.194254995013444,0.46612868549484876,0.46612868549484876,0.4430959239588827,0.49999999999998934,1.194254995013444,0.0,0.46612868549484876,0.1174310227768634,1.194254995013444,1.194254995013444,1.194254995013444,1.194254995013444,1.194254995013444,1.194254995013444
