obs_gdp,obs_hours,obs_wages,obs_gdpdeflator,obs_corepce,obs_nominalrate,obs_consumption,obs_investment,obs_BBBspread,obs_longinflation,obs_longrate,obs_tfp,obs_gdi,obs_AAAspread,obs_nominalrate1,obs_nominalrate2,obs_nominalrate3,obs_nominalrate4,obs_nominalrate5,obs_nominalrate6
0.4839493851095389,-47.33312525948077,0.4839493851095389,0.4754035560496065,0.49999999999998934,1.249965703173217,0.4839493851095389,0.4839493851095389,0.43246243568103276,0.49999999999998934,1.249965703173217,0.0,0.4839493851095389,0.1174310227768634,1.249965703173217,1.249965703173217,1.249965703173217,1.249965703173217,1.249965703173217,1.249965703173217
