obs_gdp,obs_hours,obs_wages,obs_gdpdeflator,obs_corepce,obs_nominalrate,obs_consumption,obs_investment,obs_BBBspread,obs_longinflation,obs_longrate,obs_tfp,obs_gdi,obs_AAAspread,obs_nominalrate1,obs_nominalrate2,obs_nominalrate3,obs_nominalrate4,obs_nominalrate5,obs_nominalrate6
0.5154817396626044,-45.74848639693077,0.5154817396626044,0.4811125541451733,0.49999999999998934,1.2701082633744587,0.5154817396626044,0.5154817396626044,0.43341872574874896,0.49999999999998934,1.2701082633744587,0.0,0.5154817396626044,0.1174310227768634,1.2701082633744587,1.2701082633744587,1.2701082633744587,1.2701082633744587,1.2701082633744587,1.2701082633744587
