obs_gdp,obs_hours,obs_wages,obs_gdpdeflator,obs_corepce,obs_nominalrate,obs_consumption,obs_investment,obs_BBBspread,obs_longinflation,obs_longrate,obs_tfp,obs_gdi,obs_AAAspread,obs_nominalrate1,obs_nominalrate2,obs_nominalrate3,obs_nominalrate4,obs_nominalrate5,obs_nominalrate6
0.4712709317603814,-47.01456746523527,0.4712709317603814,0.4799083091280337,0.49999999999998934,1.2111067192771552,0.4712709317603814,0.4712709317603814,0.43582311953249436,0.49999999999998934,1.2111067192771552,0.0,0.4712709317603814,0.1174310227768634,1.2111067192771552,1.2111067192771552,1.2111067192771552,1.2111067192771552,1.2111067192771552,1.2111067192771552
