obs_gdp,obs_hours,obs_wages,obs_gdpdeflator,obs_corepce,obs_nominalrate,obs_consumption,obs_investment,obs_BBBspread,obs_longinflation,obs_longrate,obs_tfp,obs_gdi,obs_AAAspread,obs_nominalrate1,obs_nominalrate2,obs_nominalrate3,obs_nominalrate4,obs_nominalrate5,obs_nominalrate6
0.4379044161200163,-48.702931222463064,0.4379044161200163,0.4744998059869692,0.49999999999998934,1.1815848537839013,0.4379044161200163,0.4379044161200163,0.44054293610160045,0.49999999999998934,1.1815848537839013,0.0,0.4379044161200163,0.1174310227768634,1.1815848537839013,1.1815848537839013,1.1815848537839013,1.1815848537839013,1.1815848537839013,1.1815848537839013
