obs_gdp,obs_hours,obs_wages,obs_gdpdeflator,obs_corepce,obs_nominalrate,obs_consumption,obs_investment,obs_BBBspread,obs_longinflation,obs_longrate,obs_tfp,obs_gdi,obs_AAAspread,obs_nominalrate1,obs_nominalrate2,obs_nominalrate3,obs_nominalrate4,obs_nominalrate5,obs_nominalrate6
0.5090237230161332,-46.42673111974153,0.5090237230161332,0.4743885092150121,0.49999999999998934,1.2811993344844286,0.5090237230161332,0.5090237230161332,0.431134678686869,0.49999999999998934,1.2811993344844286,0.0,0.5090237230161332,0.1174310227768634,1.2811993344844286,1.2811993344844286,1.2811993344844286,1.2811993344844286,1.2811993344844286,1.2811993344844286
