obs_gdp,obs_hours,obs_wages,obs_gdpdeflator,obs_corepce,obs_nominalrate,obs_consumption,obs_investment,obs_BBBspread,obs_longinflation,obs_longrate,obs_tfp,obs_gdi,obs_AAAspread,obs_nominalrate1,obs_nominalrate2,obs_nominalrate3,obs_nominalrate4,obs_nominalrate5,obs_nominalrate6
0.5030346020657772,-45.95570281513264,0.5030346020657772,0.48401814028969165,0.49999999999998934,1.2480394036916254,0.5030346020657772,0.5030346020657772,0.44104298976984974,0.49999999999998934,1.2480394036916254,0.0,0.5030346020657772,0.1174310227768634,1.2480394036916254,1.2480394036916254,1.2480394036916254,1.2480394036916254,1.2480394036916254,1.2480394036916254
