obs_gdp,obs_hours,obs_wages,obs_gdpdeflator,obs_corepce,obs_nominalrate,obs_consumption,obs_investment,obs_BBBspread,obs_longinflation,obs_longrate,obs_tfp,obs_gdi,obs_AAAspread,obs_nominalrate1,obs_nominalrate2,obs_nominalrate3,obs_nominalrate4,obs_nominalrate5,obs_nominalrate6
0.49589148756903345,-46.579622780941556,0.49589148756903345,0.4768589895794587,0.49999999999998934,1.253161303757544,0.49589148756903345,0.49589148756903345,0.4388331493494049,0.49999999999998934,1.253161303757544,0.0,0.49589148756903345,0.1174310227768634,1.253161303757544,1.253161303757544,1.253161303757544,1.253161303757544,1.253161303757544,1.253161303757544
