obs_gdp,obs_hours,obs_wages,obs_gdpdeflator,obs_corepce,obs_nominalrate,obs_consumption,obs_investment,obs_BBBspread,obs_longinflation,obs_longrate,obs_tfp,obs_gdi,obs_AAAspread,obs_nominalrate1,obs_nominalrate2,obs_nominalrate3,obs_nominalrate4,obs_nominalrate5,obs_nominalrate6
0.38653615803774244,-49.73160082465569,0.38653615803774244,0.4845589109658165,0.49999999999998934,1.1085546822284131,0.38653615803774244,0.38653615803774244,0.4445786203925037,0.49999999999998934,1.1085546822284131,0.0,0.38653615803774244,0.1174310227768634,1.1085546822284131,1.1085546822284131,1.1085546822284131,1.1085546822284131,1.1085546822284131,1.1085546822284131
