obs_gdp,obs_hours,obs_wages,obs_gdpdeflator,obs_corepce,obs_nominalrate,obs_consumption,obs_investment,obs_BBBspread,obs_longinflation,obs_longrate,obs_tfp,obs_gdi,obs_AAAspread,obs_nominalrate1,obs_nominalrate2,obs_nominalrate3,obs_nominalrate4,obs_nominalrate5,obs_nominalrate6
0.4121962676257418,-49.84846679859172,0.4121962676257418,0.4774822338249414,0.49999999999998934,1.1429073627749142,0.4121962676257418,0.4121962676257418,0.43015144162199676,0.49999999999998934,1.1429073627749142,0.0,0.4121962676257418,0.1174310227768634,1.1429073627749142,1.1429073627749142,1.1429073627749142,1.1429073627749142,1.1429073627749142,1.1429073627749142
