obs_gdp,obs_hours,obs_wages,obs_gdpdeflator,obs_corepce,obs_nominalrate,obs_consumption,obs_investment,obs_BBBspread,obs_longinflation,obs_longrate,obs_tfp,obs_gdi,obs_AAAspread,obs_nominalrate1,obs_nominalrate2,obs_nominalrate3,obs_nominalrate4,obs_nominalrate5,obs_nominalrate6
0.46191090130061063,-48.32409694562045,0.46191090130061063,0.47595601853571357,0.49999999999998934,1.2009108230986332,0.46191090130061063,0.46191090130061063,0.4321449944137498,0.49999999999998934,1.2009108230986332,0.0,0.46191090130061063,0.1174310227768634,1.2009108230986332,1.2009108230986332,1.2009108230986332,1.2009108230986332,1.2009108230986332,1.2009108230986332
