obs_gdp,obs_hours,obs_wages,obs_gdpdeflator,obs_corepce,obs_nominalrate,obs_consumption,obs_investment,obs_BBBspread,obs_longinflation,obs_longrate,obs_tfp,obs_gdi,obs_AAAspread,obs_nominalrate1,obs_nominalrate2,obs_nominalrate3,obs_nominalrate4,obs_nominalrate5,obs_nominalrate6
0.5288363708883193,-45.63896030778614,0.5288363708883193,0.47535132770356725,0.49999999999998934,1.3039947103575589,0.5288363708883193,0.5288363708883193,0.4290698419251818,0.49999999999998934,1.3039947103575589,0.0,0.5288363708883193,0.1174310227768634,1.3039947103575589,1.3039947103575589,1.3039947103575589,1.3039947103575589,1.3039947103575589,1.3039947103575589
