obs_gdp,obs_hours,obs_wages,obs_gdpdeflator,obs_corepce,obs_nominalrate,obs_consumption,obs_investment,obs_BBBspread,obs_longinflation,obs_longrate,obs_tfp,obs_gdi,obs_AAAspread,obs_nominalrate1,obs_nominalrate2,obs_nominalrate3,obs_nominalrate4,obs_nominalrate5,obs_nominalrate6
0.4922084719634068,-46.12827838675937,0.4922084719634068,0.48018032145895817,0.49999999999998934,1.2344971819307382,0.4922084719634068,0.4922084719634068,0.4359174063891745,0.49999999999998934,1.2344971819307382,0.0,0.4922084719634068,0.1174310227768634,1.2344971819307382,1.2344971819307382,1.2344971819307382,1.2344971819307382,1.2344971819307382,1.2344971819307382
