obs_gdp,obs_hours,obs_wages,obs_gdpdeflator,obs_corepce,obs_nominalrate,obs_consumption,obs_investment,obs_BBBspread,obs_longinflation,obs_longrate,obs_tfp,obs_gdi,obs_AAAspread,obs_nominalrate1,obs_nominalrate2,obs_nominalrate3,obs_nominalrate4,obs_nominalrate5,obs_nominalrate6
0.530924796868093,-45.659326507845314,0.530924796868093,0.4740021363694701,0.49999999999998934,1.2989263006078389,0.530924796868093,0.530924796868093,0.4321523466042138,0.49999999999998934,1.2989263006078389,0.0,0.530924796868093,0.1174310227768634,1.2989263006078389,1.2989263006078389,1.2989263006078389,1.2989263006078389,1.2989263006078389,1.2989263006078389
