obs_gdp,obs_hours,obs_wages,obs_gdpdeflator,obs_corepce,obs_nominalrate,obs_consumption,obs_investment,obs_BBBspread,obs_longinflation,obs_longrate,obs_tfp,obs_gdi,obs_AAAspread,obs_nominalrate1,obs_nominalrate2,obs_nominalrate3,obs_nominalrate4,obs_nominalrate5,obs_nominalrate6
0.5057846213528006,-45.78723401241998,0.5057846213528006,0.48186991459883255,0.49999999999998934,1.2643715043194614,0.5057846213528006,0.5057846213528006,0.43422318633760487,0.49999999999998934,1.2643715043194614,0.0,0.5057846213528006,0.1174310227768634,1.2643715043194614,1.2643715043194614,1.2643715043194614,1.2643715043194614,1.2643715043194614,1.2643715043194614
