obs_gdp,obs_hours,obs_wages,obs_gdpdeflator,obs_corepce,obs_nominalrate,obs_consumption,obs_investment,obs_BBBspread,obs_longinflation,obs_longrate,obs_tfp,obs_gdi,obs_AAAspread,obs_nominalrate1,obs_nominalrate2,obs_nominalrate3,obs_nominalrate4,obs_nominalrate5,obs_nominalrate6
0.4887528790287199,-46.339432441037374,0.4887528790287199,0.4766952879669259,0.49999999999998934,1.2373108074904549,0.4887528790287199,0.4887528790287199,0.43545374058601133,0.49999999999998934,1.2373108074904549,0.0,0.4887528790287199,0.1174310227768634,1.2373108074904549,1.2373108074904549,1.2373108074904549,1.2373108074904549,1.2373108074904549,1.2373108074904549
