obs_gdp,obs_hours,obs_wages,obs_gdpdeflator,obs_corepce,obs_nominalrate,obs_consumption,obs_investment,obs_BBBspread,obs_longinflation,obs_longrate,obs_tfp,obs_gdi,obs_AAAspread,obs_nominalrate1,obs_nominalrate2,obs_nominalrate3,obs_nominalrate4,obs_nominalrate5,obs_nominalrate6
0.42339965207831565,-48.42893331096329,0.42339965207831565,0.4844253073042927,0.49999999999998934,1.152561437718158,0.42339965207831565,0.42339965207831565,0.4452167319796094,0.49999999999998934,1.152561437718158,0.0,0.42339965207831565,0.1174310227768634,1.152561437718158,1.152561437718158,1.152561437718158,1.152561437718158,1.152561437718158,1.152561437718158
