obs_gdp,obs_hours,obs_wages,obs_gdpdeflator,obs_corepce,obs_nominalrate,obs_consumption,obs_investment,obs_BBBspread,obs_longinflation,obs_longrate,obs_tfp,obs_gdi,obs_AAAspread,obs_nominalrate1,obs_nominalrate2,obs_nominalrate3,obs_nominalrate4,obs_nominalrate5,obs_nominalrate6
0.48337624843306504,-46.7594398427872,0.48337624843306504,0.4780603543285777,0.49999999999998934,1.2289458165681388,0.48337624843306504,0.48337624843306504,0.43169668963072144,0.49999999999998934,1.2289458165681388,0.0,0.48337624843306504,0.1174310227768634,1.2289458165681388,1.2289458165681388,1.2289458165681388,1.2289458165681388,1.2289458165681388,1.2289458165681388
