obs_gdp,obs_hours,obs_wages,obs_gdpdeflator,obs_corepce,obs_nominalrate,obs_consumption,obs_investment,obs_BBBspread,obs_longinflation,obs_longrate,obs_tfp,obs_gdi,obs_AAAspread,obs_nominalrate1,obs_nominalrate2,obs_nominalrate3,obs_nominalrate4,obs_nominalrate5,obs_nominalrate6
0.4231020980256073,-49.44328517080503,0.4231020980256073,0.47490011498226037,0.49999999999998934,1.186483761579793,0.4231020980256073,0.4231020980256073,0.42826947150496913,0.49999999999998934,1.186483761579793,0.0,0.4231020980256073,0.1174310227768634,1.186483761579793,1.186483761579793,1.186483761579793,1.186483761579793,1.186483761579793,1.186483761579793
