obs_gdp,obs_hours,obs_wages,obs_gdpdeflator,obs_corepce,obs_nominalrate,obs_consumption,obs_investment,obs_BBBspread,obs_longinflation,obs_longrate,obs_tfp,obs_gdi,obs_AAAspread,obs_nominalrate1,obs_nominalrate2,obs_nominalrate3,obs_nominalrate4,obs_nominalrate5,obs_nominalrate6
0.49846523431253953,-45.98238633991868,0.49846523431253953,0.4805153423799847,0.49999999999998934,1.2476191700009354,0.49846523431253953,0.49846523431253953,0.4355826044010232,0.49999999999998934,1.2476191700009354,0.0,0.49846523431253953,0.1174310227768634,1.2476191700009354,1.2476191700009354,1.2476191700009354,1.2476191700009354,1.2476191700009354,1.2476191700009354
