obs_gdp,obs_hours,obs_wages,obs_gdpdeflator,obs_corepce,obs_nominalrate,obs_consumption,obs_investment,obs_BBBspread,obs_longinflation,obs_longrate,obs_tfp,obs_gdi,obs_AAAspread,obs_nominalrate1,obs_nominalrate2,obs_nominalrate3,obs_nominalrate4,obs_nominalrate5,obs_nominalrate6
0.494963748556021,-46.92949771814722,0.494963748556021,0.4780311400325868,0.49999999999998934,1.26729457398429,0.494963748556021,0.494963748556021,0.4330463782768292,0.49999999999998934,1.26729457398429,0.0,0.494963748556021,0.1174310227768634,1.26729457398429,1.26729457398429,1.26729457398429,1.26729457398429,1.26729457398429,1.26729457398429
