obs_gdp,obs_hours,obs_wages,obs_gdpdeflator,obs_corepce,obs_nominalrate,obs_consumption,obs_investment,obs_BBBspread,obs_longinflation,obs_longrate,obs_tfp,obs_gdi,obs_AAAspread,obs_nominalrate1,obs_nominalrate2,obs_nominalrate3,obs_nominalrate4,obs_nominalrate5,obs_nominalrate6
0.5074163609050997,-46.10695040291619,0.5074163609050997,0.4775239654419456,0.49999999999998934,1.269507414374349,0.5074163609050997,0.5074163609050997,0.4381502975570481,0.49999999999998934,1.269507414374349,0.0,0.5074163609050997,0.1174310227768634,1.269507414374349,1.269507414374349,1.269507414374349,1.269507414374349,1.269507414374349,1.269507414374349
