obs_gdp,obs_hours,obs_wages,obs_gdpdeflator,obs_corepce,obs_nominalrate,obs_consumption,obs_investment,obs_BBBspread,obs_longinflation,obs_longrate,obs_tfp,obs_gdi,obs_AAAspread,obs_nominalrate1,obs_nominalrate2,obs_nominalrate3,obs_nominalrate4,obs_nominalrate5,obs_nominalrate6
0.4940972469770877,-46.96565419922128,0.4940972469770877,0.4767209209053722,0.49999999999998934,1.2774910948520457,0.4940972469770877,0.4940972469770877,0.4283585150066338,0.49999999999998934,1.2774910948520457,0.0,0.4940972469770877,0.1174310227768634,1.2774910948520457,1.2774910948520457,1.2774910948520457,1.2774910948520457,1.2774910948520457,1.2774910948520457
