obs_gdp,obs_hours,obs_wages,obs_gdpdeflator,obs_corepce,obs_nominalrate,obs_consumption,obs_investment,obs_BBBspread,obs_longinflation,obs_longrate,obs_tfp,obs_gdi,obs_AAAspread,obs_nominalrate1,obs_nominalrate2,obs_nominalrate3,obs_nominalrate4,obs_nominalrate5,obs_nominalrate6
0.5186080159692352,-45.41193279366442,0.5186080159692352,0.47961418877210493,0.49999999999998934,1.276783273254023,0.5186080159692352,0.5186080159692352,0.435974843453128,0.49999999999998934,1.276783273254023,0.0,0.5186080159692352,0.1174310227768634,1.276783273254023,1.276783273254023,1.276783273254023,1.276783273254023,1.276783273254023,1.276783273254023
