obs_gdp,obs_hours,obs_wages,obs_gdpdeflator,obs_corepce,obs_nominalrate,obs_consumption,obs_investment,obs_BBBspread,obs_longinflation,obs_longrate,obs_tfp,obs_gdi,obs_AAAspread,obs_nominalrate1,obs_nominalrate2,obs_nominalrate3,obs_nominalrate4,obs_nominalrate5,obs_nominalrate6
0.5037122941527361,-46.58484465320209,0.5037122941527361,0.47632331963371743,0.49999999999998934,1.265451788991112,0.5037122941527361,0.5037122941527361,0.4282093823372652,0.49999999999998934,1.265451788991112,0.0,0.5037122941527361,0.1174310227768634,1.265451788991112,1.265451788991112,1.265451788991112,1.265451788991112,1.265451788991112,1.265451788991112
