obs_gdp,obs_hours,obs_wages,obs_gdpdeflator,obs_corepce,obs_nominalrate,obs_consumption,obs_investment,obs_BBBspread,obs_longinflation,obs_longrate,obs_tfp,obs_gdi,obs_AAAspread,obs_nominalrate1,obs_nominalrate2,obs_nominalrate3,obs_nominalrate4,obs_nominalrate5,obs_nominalrate6
0.5414964491801788,-45.28473907453505,0.5414964491801788,0.47548870093429246,0.49999999999998934,1.326971270008226,0.5414964491801788,0.5414964491801788,0.42857306269186035,0.49999999999998934,1.326971270008226,0.0,0.5414964491801788,0.1174310227768634,1.326971270008226,1.326971270008226,1.326971270008226,1.326971270008226,1.326971270008226,1.326971270008226
