obs_gdp,obs_hours,obs_wages,obs_gdpdeflator,obs_corepce,obs_nominalrate,obs_consumption,obs_investment,obs_BBBspread,obs_longinflation,obs_longrate,obs_tfp,obs_gdi,obs_AAAspread,obs_nominalrate1,obs_nominalrate2,obs_nominalrate3,obs_nominalrate4,obs_nominalrate5,obs_nominalrate6
0.5046446080753109,-45.69058272917731,0.5046446080753109,0.4840310252875932,0.49999999999998934,1.261192911386999,0.5046446080753109,0.5046446080753109,0.44408460124162574,0.49999999999998934,1.261192911386999,0.0,0.5046446080753109,0.1174310227768634,1.261192911386999,1.261192911386999,1.261192911386999,1.261192911386999,1.261192911386999,1.261192911386999
