obs_gdp,obs_hours,obs_wages,obs_gdpdeflator,obs_corepce,obs_nominalrate,obs_consumption,obs_investment,obs_BBBspread,obs_longinflation,obs_longrate,obs_tfp,obs_gdi,obs_AAAspread,obs_nominalrate1,obs_nominalrate2,obs_nominalrate3,obs_nominalrate4,obs_nominalrate5,obs_nominalrate6
0.5165605508763216,-45.44256914416871,0.5165605508763216,0.4812426101339646,0.49999999999998934,1.2787101176340743,0.5165605508763216,0.5165605508763216,0.4339882548577648,0.49999999999998934,1.2787101176340743,0.0,0.5165605508763216,0.1174310227768634,1.2787101176340743,1.2787101176340743,1.2787101176340743,1.2787101176340743,1.2787101176340743,1.2787101176340743
