obs_gdp,obs_hours,obs_wages,obs_gdpdeflator,obs_corepce,obs_nominalrate,obs_consumption,obs_investment,obs_BBBspread,obs_longinflation,obs_longrate,obs_tfp,obs_gdi,obs_AAAspread,obs_nominalrate1,obs_nominalrate2,obs_nominalrate3,obs_nominalrate4,obs_nominalrate5,obs_nominalrate6
0.4464347586703665,-48.46113430142153,0.4464347586703665,0.47633960490986127,0.49999999999998934,1.2078394077902344,0.4464347586703665,0.4464347586703665,0.4323623846601666,0.49999999999998934,1.2078394077902344,0.0,0.4464347586703665,0.1174310227768634,1.2078394077902344,1.2078394077902344,1.2078394077902344,1.2078394077902344,1.2078394077902344,1.2078394077902344
