obs_gdp,obs_hours,obs_wages,obs_gdpdeflator,obs_corepce,obs_nominalrate,obs_consumption,obs_investment,obs_BBBspread,obs_longinflation,obs_longrate,obs_tfp,obs_gdi,obs_AAAspread,obs_nominalrate1,obs_nominalrate2,obs_nominalrate3,obs_nominalrate4,obs_nominalrate5,obs_nominalrate6
0.46228105296945987,-47.22779518765603,0.46228105296945987,0.4824156318317404,0.49999999999998934,1.1928865332168304,0.46228105296945987,0.46228105296945987,0.4426441029955418,0.49999999999998934,1.1928865332168304,0.0,0.46228105296945987,0.1174310227768634,1.1928865332168304,1.1928865332168304,1.1928865332168304,1.1928865332168304,1.1928865332168304,1.1928865332168304
