obs_gdp,obs_hours,obs_wages,obs_gdpdeflator,obs_corepce,obs_nominalrate,obs_consumption,obs_investment,obs_BBBspread,obs_longinflation,obs_longrate,obs_tfp,obs_gdi,obs_AAAspread,obs_nominalrate1,obs_nominalrate2,obs_nominalrate3,obs_nominalrate4,obs_nominalrate5,obs_nominalrate6
0.528935388927021,-45.36858981660457,0.528935388927021,0.48054668758697583,0.49999999999998934,1.2927416205406272,0.528935388927021,0.528935388927021,0.4326589098711295,0.49999999999998934,1.2927416205406272,0.0,0.528935388927021,0.1174310227768634,1.2927416205406272,1.2927416205406272,1.2927416205406272,1.2927416205406272,1.2927416205406272,1.2927416205406272
