obs_gdp,obs_hours,obs_wages,obs_gdpdeflator,obs_corepce,obs_nominalrate,obs_consumption,obs_investment,obs_BBBspread,obs_longinflation,obs_longrate,obs_tfp,obs_gdi,obs_AAAspread,obs_nominalrate1,obs_nominalrate2,obs_nominalrate3,obs_nominalrate4,obs_nominalrate5,obs_nominalrate6
0.5342379983248158,-45.25559630167094,0.5342379983248158,0.4824501357320773,0.49999999999998934,1.294908068968792,0.5342379983248158,0.5342379983248158,0.4392026590111792,0.49999999999998934,1.294908068968792,0.0,0.5342379983248158,0.1174310227768634,1.294908068968792,1.294908068968792,1.294908068968792,1.294908068968792,1.294908068968792,1.294908068968792
