obs_gdp,obs_hours,obs_wages,obs_gdpdeflator,obs_corepce,obs_nominalrate,obs_consumption,obs_investment,obs_BBBspread,obs_longinflation,obs_longrate,obs_tfp,obs_gdi,obs_AAAspread,obs_nominalrate1,obs_nominalrate2,obs_nominalrate3,obs_nominalrate4,obs_nominalrate5,obs_nominalrate6
0.5060447820047997,-46.40259868453918,0.5060447820047997,0.4779002337419209,0.49999999999998934,1.2517343704804285,0.5060447820047997,0.5060447820047997,0.43216700875630965,0.49999999999998934,1.2517343704804285,0.0,0.5060447820047997,0.1174310227768634,1.2517343704804285,1.2517343704804285,1.2517343704804285,1.2517343704804285,1.2517343704804285,1.2517343704804285
