obs_gdp,obs_hours,obs_wages,obs_gdpdeflator,obs_corepce,obs_nominalrate,obs_consumption,obs_investment,obs_BBBspread,obs_longinflation,obs_longrate,obs_tfp,obs_gdi,obs_AAAspread,obs_nominalrate1,obs_nominalrate2,obs_nominalrate3,obs_nominalrate4,obs_nominalrate5,obs_nominalrate6
0.4712013700165052,-46.809636525223006,0.4712013700165052,0.484441633569197,0.49999999999998934,1.2180879687280433,0.4712013700165052,0.4712013700165052,0.44387793270310894,0.49999999999998934,1.2180879687280433,0.0,0.4712013700165052,0.1174310227768634,1.2180879687280433,1.2180879687280433,1.2180879687280433,1.2180879687280433,1.2180879687280433,1.2180879687280433
