obs_gdp,obs_hours,obs_wages,obs_gdpdeflator,obs_corepce,obs_nominalrate,obs_consumption,obs_investment,obs_BBBspread,obs_longinflation,obs_longrate,obs_tfp,obs_gdi,obs_AAAspread,obs_nominalrate1,obs_nominalrate2,obs_nominalrate3,obs_nominalrate4,obs_nominalrate5,obs_nominalrate6
0.45678014752432716,-47.43367231903468,0.45678014752432716,0.48243661339333954,0.49999999999998934,1.1880530100585096,0.45678014752432716,0.45678014752432716,0.4427848405987874,0.49999999999998934,1.1880530100585096,0.0,0.45678014752432716,0.1174310227768634,1.1880530100585096,1.1880530100585096,1.1880530100585096,1.1880530100585096,1.1880530100585096,1.1880530100585096
