obs_gdp,obs_hours,obs_wages,obs_gdpdeflator,obs_corepce,obs_nominalrate,obs_consumption,obs_investment,obs_BBBspread,obs_longinflation,obs_longrate,obs_tfp,obs_gdi,obs_AAAspread,obs_nominalrate1,obs_nominalrate2,obs_nominalrate3,obs_nominalrate4,obs_nominalrate5,obs_nominalrate6
0.49317864036719783,-47.133159088441346,0.49317864036719783,0.4740126618696203,0.49999999999998934,1.2763393384625843,0.49317864036719783,0.49317864036719783,0.43181554119052395,0.49999999999998934,1.2763393384625843,0.0,0.49317864036719783,0.1174310227768634,1.2763393384625843,1.2763393384625843,1.2763393384625843,1.2763393384625843,1.2763393384625843,1.2763393384625843
