obs_gdp,obs_hours,obs_wages,obs_gdpdeflator,obs_corepce,obs_nominalrate,obs_consumption,obs_investment,obs_BBBspread,obs_longinflation,obs_longrate,obs_tfp,obs_gdi,obs_AAAspread,obs_nominalrate1,obs_nominalrate2,obs_nominalrate3,obs_nominalrate4,obs_nominalrate5,obs_nominalrate6
0.4311539682492205,-49.09315033278189,0.4311539682492205,0.4751867212669424,0.49999999999998934,1.1971672685793466,0.4311539682492205,0.4311539682492205,0.42961645955807737,0.49999999999998934,1.1971672685793466,0.0,0.4311539682492205,0.1174310227768634,1.1971672685793466,1.1971672685793466,1.1971672685793466,1.1971672685793466,1.1971672685793466,1.1971672685793466
