obs_gdp,obs_hours,obs_wages,obs_gdpdeflator,obs_corepce,obs_nominalrate,obs_consumption,obs_investment,obs_BBBspread,obs_longinflation,obs_longrate,obs_tfp,obs_gdi,obs_AAAspread,obs_nominalrate1,obs_nominalrate2,obs_nominalrate3,obs_nominalrate4,obs_nominalrate5,obs_nominalrate6
0.4395174280349634,-49.00855487138664,0.4395174280349634,0.4768643563374705,0.49999999999998934,1.1676296372624018,0.4395174280349634,0.4395174280349634,0.4345029061336452,0.49999999999998934,1.1676296372624018,0.0,0.4395174280349634,0.1174310227768634,1.1676296372624018,1.1676296372624018,1.1676296372624018,1.1676296372624018,1.1676296372624018,1.1676296372624018
