obs_gdp,obs_hours,obs_wages,obs_gdpdeflator,obs_corepce,obs_nominalrate,obs_consumption,obs_investment,obs_BBBspread,obs_longinflation,obs_longrate,obs_tfp,obs_gdi,obs_AAAspread,obs_nominalrate1,obs_nominalrate2,obs_nominalrate3,obs_nominalrate4,obs_nominalrate5,obs_nominalrate6
0.486110497284864,-47.07131141306843,0.486110497284864,0.47640770393572557,0.49999999999998934,1.2346461670905695,0.486110497284864,0.486110497284864,0.42896173746062427,0.49999999999998934,1.2346461670905695,0.0,0.486110497284864,0.1174310227768634,1.2346461670905695,1.2346461670905695,1.2346461670905695,1.2346461670905695,1.2346461670905695,1.2346461670905695
