obs_gdp,obs_hours,obs_wages,obs_gdpdeflator,obs_corepce,obs_nominalrate,obs_consumption,obs_investment,obs_BBBspread,obs_longinflation,obs_longrate,obs_tfp,obs_gdi,obs_AAAspread,obs_nominalrate1,obs_nominalrate2,obs_nominalrate3,obs_nominalrate4,obs_nominalrate5,obs_nominalrate6
0.5319581631527015,-45.115672392219764,0.5319581631527015,0.4826483514751271,0.49999999999998934,1.3040771142045715,0.5319581631527015,0.5319581631527015,0.4374633352565708,0.49999999999998934,1.3040771142045715,0.0,0.5319581631527015,0.1174310227768634,1.3040771142045715,1.3040771142045715,1.3040771142045715,1.3040771142045715,1.3040771142045715,1.3040771142045715
