obs_gdp,obs_hours,obs_wages,obs_gdpdeflator,obs_corepce,obs_nominalrate,obs_consumption,obs_investment,obs_BBBspread,obs_longinflation,obs_longrate,obs_tfp,obs_gdi,obs_AAAspread,obs_nominalrate1,obs_nominalrate2,obs_nominalrate3,obs_nominalrate4,obs_nominalrate5,obs_nominalrate6
0.4544723075488699,-48.06078235525567,0.4544723075488699,0.47694786103282644,0.49999999999998934,1.2051445975691966,0.4544723075488699,0.4544723075488699,0.4299067398912562,0.49999999999998934,1.2051445975691966,0.0,0.4544723075488699,0.1174310227768634,1.2051445975691966,1.2051445975691966,1.2051445975691966,1.2051445975691966,1.2051445975691966,1.2051445975691966
