obs_gdp,obs_hours,obs_wages,obs_gdpdeflator,obs_corepce,obs_nominalrate,obs_consumption,obs_investment,obs_BBBspread,obs_longinflation,obs_longrate,obs_tfp,obs_gdi,obs_AAAspread,obs_nominalrate1,obs_nominalrate2,obs_nominalrate3,obs_nominalrate4,obs_nominalrate5,obs_nominalrate6
0.4789524085795138,-46.54869808619478,0.4789524085795138,0.4784793922616965,0.49999999999998934,1.2239094984604737,0.4789524085795138,0.4789524085795138,0.4373620093476206,0.49999999999998934,1.2239094984604737,0.0,0.4789524085795138,0.1174310227768634,1.2239094984604737,1.2239094984604737,1.2239094984604737,1.2239094984604737,1.2239094984604737,1.2239094984604737
