obs_gdp,obs_hours,obs_wages,obs_gdpdeflator,obs_corepce,obs_nominalrate,obs_consumption,obs_investment,obs_BBBspread,obs_longinflation,obs_longrate,obs_tfp,obs_gdi,obs_AAAspread,obs_nominalrate1,obs_nominalrate2,obs_nominalrate3,obs_nominalrate4,obs_nominalrate5,obs_nominalrate6
0.48188241387276953,-47.260549200499234,0.48188241387276953,0.4768470957380807,0.49999999999998934,1.2373519093312746,0.48188241387276953,0.48188241387276953,0.4304697856437309,0.49999999999998934,1.2373519093312746,0.0,0.48188241387276953,0.1174310227768634,1.2373519093312746,1.2373519093312746,1.2373519093312746,1.2373519093312746,1.2373519093312746,1.2373519093312746
