obs_gdp,obs_hours,obs_wages,obs_gdpdeflator,obs_corepce,obs_nominalrate,obs_consumption,obs_investment,obs_BBBspread,obs_longinflation,obs_longrate,obs_tfp,obs_gdi,obs_AAAspread,obs_nominalrate1,obs_nominalrate2,obs_nominalrate3,obs_nominalrate4,obs_nominalrate5,obs_nominalrate6
0.5648421531840198,-44.07173135376202,0.5648421531840198,0.48225671325543185,0.49999999999998934,1.3417255744549994,0.5648421531840198,0.5648421531840198,0.43999746630360775,0.49999999999998934,1.3417255744549994,0.0,0.5648421531840198,0.1174310227768634,1.3417255744549994,1.3417255744549994,1.3417255744549994,1.3417255744549994,1.3417255744549994,1.3417255744549994
