obs_gdp,obs_hours,obs_wages,obs_gdpdeflator,obs_corepce,obs_nominalrate,obs_consumption,obs_investment,obs_BBBspread,obs_longinflation,obs_longrate,obs_tfp,obs_gdi,obs_AAAspread,obs_nominalrate1,obs_nominalrate2,obs_nominalrate3,obs_nominalrate4,obs_nominalrate5,obs_nominalrate6
0.5205621648704417,-45.75912785710547,0.5205621648704417,0.47476112575908164,0.49999999999998934,1.3149506917824905,0.5205621648704417,0.5205621648704417,0.4283820549777514,0.49999999999998934,1.3149506917824905,0.0,0.5205621648704417,0.1174310227768634,1.3149506917824905,1.3149506917824905,1.3149506917824905,1.3149506917824905,1.3149506917824905,1.3149506917824905
