obs_gdp,obs_hours,obs_wages,obs_gdpdeflator,obs_corepce,obs_nominalrate,obs_consumption,obs_investment,obs_BBBspread,obs_longinflation,obs_longrate,obs_tfp,obs_gdi,obs_AAAspread,obs_nominalrate1,obs_nominalrate2,obs_nominalrate3,obs_nominalrate4,obs_nominalrate5,obs_nominalrate6
0.53208706139527,-45.68252115695735,0.53208706139527,0.472832690418911,0.49999999999998934,1.3396075525228701,0.53208706139527,0.53208706139527,0.4333252949941168,0.49999999999998934,1.3396075525228701,0.0,0.53208706139527,0.1174310227768634,1.3396075525228701,1.3396075525228701,1.3396075525228701,1.3396075525228701,1.3396075525228701,1.3396075525228701
