obs_gdp,obs_hours,obs_wages,obs_gdpdeflator,obs_corepce,obs_nominalrate,obs_consumption,obs_investment,obs_BBBspread,obs_longinflation,obs_longrate,obs_tfp,obs_gdi,obs_AAAspread,obs_nominalrate1,obs_nominalrate2,obs_nominalrate3,obs_nominalrate4,obs_nominalrate5,obs_nominalrate6
0.4342097268036138,-48.94178817119567,0.4342097268036138,0.4780086789696264,0.49999999999998934,1.174626647823107,0.4342097268036138,0.4342097268036138,0.4306188313659316,0.49999999999998934,1.174626647823107,0.0,0.4342097268036138,0.1174310227768634,1.174626647823107,1.174626647823107,1.174626647823107,1.174626647823107,1.174626647823107,1.174626647823107
