obs_gdp,obs_hours,obs_wages,obs_gdpdeflator,obs_corepce,obs_nominalrate,obs_consumption,obs_investment,obs_BBBspread,obs_longinflation,obs_longrate,obs_tfp,obs_gdi,obs_AAAspread,obs_nominalrate1,obs_nominalrate2,obs_nominalrate3,obs_nominalrate4,obs_nominalrate5,obs_nominalrate6
0.4694370431919337,-47.16061910830362,0.4694370431919337,0.4838281964061889,0.49999999999998934,1.2043641617075052,0.4694370431919337,0.4694370431919337,0.4399695446896273,0.49999999999998934,1.2043641617075052,0.0,0.4694370431919337,0.1174310227768634,1.2043641617075052,1.2043641617075052,1.2043641617075052,1.2043641617075052,1.2043641617075052,1.2043641617075052
