obs_gdp,obs_hours,obs_wages,obs_gdpdeflator,obs_corepce,obs_nominalrate,obs_consumption,obs_investment,obs_BBBspread,obs_longinflation,obs_longrate,obs_tfp,obs_gdi,obs_AAAspread,obs_nominalrate1,obs_nominalrate2,obs_nominalrate3,obs_nominalrate4,obs_nominalrate5,obs_nominalrate6
0.4564545567648848,-47.395136192005275,0.4564545567648848,0.4824791819516271,0.49999999999998934,1.191136435322604,0.4564545567648848,0.4564545567648848,0.44325303353673506,0.49999999999998934,1.191136435322604,0.0,0.4564545567648848,0.1174310227768634,1.191136435322604,1.191136435322604,1.191136435322604,1.191136435322604,1.191136435322604,1.191136435322604
