obs_gdp,obs_hours,obs_wages,obs_gdpdeflator,obs_corepce,obs_nominalrate,obs_consumption,obs_investment,obs_BBBspread,obs_longinflation,obs_longrate,obs_tfp,obs_gdi,obs_AAAspread,obs_nominalrate1,obs_nominalrate2,obs_nominalrate3,obs_nominalrate4,obs_nominalrate5,obs_nominalrate6
0.46995679365235965,-46.78509178954518,0.46995679365235965,0.4811663747218312,0.49999999999998934,1.2097332086145052,0.46995679365235965,0.46995679365235965,0.4354942942635518,0.49999999999998934,1.2097332086145052,0.0,0.46995679365235965,0.1174310227768634,1.2097332086145052,1.2097332086145052,1.2097332086145052,1.2097332086145052,1.2097332086145052,1.2097332086145052
