obs_gdp,obs_hours,obs_wages,obs_gdpdeflator,obs_corepce,obs_nominalrate,obs_consumption,obs_investment,obs_BBBspread,obs_longinflation,obs_longrate,obs_tfp,obs_gdi,obs_AAAspread,obs_nominalrate1,obs_nominalrate2,obs_nominalrate3,obs_nominalrate4,obs_nominalrate5,obs_nominalrate6
0.5520922175479726,-44.702608855710594,0.5520922175479726,0.47595530025794386,0.49999999999998934,1.3223999592237856,0.5520922175479726,0.5520922175479726,0.43335347352970743,0.49999999999998934,1.3223999592237856,0.0,0.5520922175479726,0.1174310227768634,1.3223999592237856,1.3223999592237856,1.3223999592237856,1.3223999592237856,1.3223999592237856,1.3223999592237856
