obs_gdp,obs_hours,obs_wages,obs_gdpdeflator,obs_corepce,obs_nominalrate,obs_consumption,obs_investment,obs_BBBspread,obs_longinflation,obs_longrate,obs_tfp,obs_gdi,obs_AAAspread,obs_nominalrate1,obs_nominalrate2,obs_nominalrate3,obs_nominalrate4,obs_nominalrate5,obs_nominalrate6
0.508447708953641,-45.784526573274896,0.508447708953641,0.479076681048523,0.49999999999998934,1.256306458189549,0.508447708953641,0.508447708953641,0.4369663600679723,0.49999999999998934,1.256306458189549,0.0,0.508447708953641,0.1174310227768634,1.256306458189549,1.256306458189549,1.256306458189549,1.256306458189549,1.256306458189549,1.256306458189549
