obs_gdp,obs_hours,obs_wages,obs_gdpdeflator,obs_corepce,obs_nominalrate,obs_consumption,obs_investment,obs_BBBspread,obs_longinflation,obs_longrate,obs_tfp,obs_gdi,obs_AAAspread,obs_nominalrate1,obs_nominalrate2,obs_nominalrate3,obs_nominalrate4,obs_nominalrate5,obs_nominalrate6
0.509610724743581,-46.00426155752589,0.509610724743581,0.4775840410982176,0.49999999999998934,1.259510534817232,0.509610724743581,0.509610724743581,0.4345714019703452,0.49999999999998934,1.259510534817232,0.0,0.509610724743581,0.1174310227768634,1.259510534817232,1.259510534817232,1.259510534817232,1.259510534817232,1.259510534817232,1.259510534817232
