obs_gdp,obs_hours,obs_wages,obs_gdpdeflator,obs_corepce,obs_nominalrate,obs_consumption,obs_investment,obs_BBBspread,obs_longinflation,obs_longrate,obs_tfp,obs_gdi,obs_AAAspread,obs_nominalrate1,obs_nominalrate2,obs_nominalrate3,obs_nominalrate4,obs_nominalrate5,obs_nominalrate6
0.4850091616380281,-47.056415323010384,0.4850091616380281,0.4759852136952191,0.49999999999998934,1.2282918678234722,0.4850091616380281,0.4850091616380281,0.4320020882982373,0.49999999999998934,1.2282918678234722,0.0,0.4850091616380281,0.1174310227768634,1.2282918678234722,1.2282918678234722,1.2282918678234722,1.2282918678234722,1.2282918678234722,1.2282918678234722
