obs_gdp,obs_hours,obs_wages,obs_gdpdeflator,obs_corepce,obs_nominalrate,obs_consumption,obs_investment,obs_BBBspread,obs_longinflation,obs_longrate,obs_tfp,obs_gdi,obs_AAAspread,obs_nominalrate1,obs_nominalrate2,obs_nominalrate3,obs_nominalrate4,obs_nominalrate5,obs_nominalrate6
0.47598087036297976,-47.60613115908849,0.47598087036297976,0.4748414924317011,0.49999999999998934,1.2220778923984987,0.47598087036297976,0.47598087036297976,0.43453810500691076,0.49999999999998934,1.2220778923984987,0.0,0.47598087036297976,0.1174310227768634,1.2220778923984987,1.2220778923984987,1.2220778923984987,1.2220778923984987,1.2220778923984987,1.2220778923984987
