obs_gdp,obs_hours,obs_wages,obs_gdpdeflator,obs_corepce,obs_nominalrate,obs_consumption,obs_investment,obs_BBBspread,obs_longinflation,obs_longrate,obs_tfp,obs_gdi,obs_AAAspread,obs_nominalrate1,obs_nominalrate2,obs_nominalrate3,obs_nominalrate4,obs_nominalrate5,obs_nominalrate6
0.5325537860355167,-45.75467257572024,0.5325537860355167,0.4754136769106776,0.49999999999998934,1.309585650770262,0.5325537860355167,0.5325537860355167,0.4321184564262551,0.49999999999998934,1.309585650770262,0.0,0.5325537860355167,0.1174310227768634,1.309585650770262,1.309585650770262,1.309585650770262,1.309585650770262,1.309585650770262,1.309585650770262
