obs_gdp,obs_hours,obs_wages,obs_gdpdeflator,obs_corepce,obs_nominalrate,obs_consumption,obs_investment,obs_BBBspread,obs_longinflation,obs_longrate,obs_tfp,obs_gdi,obs_AAAspread,obs_nominalrate1,obs_nominalrate2,obs_nominalrate3,obs_nominalrate4,obs_nominalrate5,obs_nominalrate6
0.5355275544691507,-45.00632819485143,0.5355275544691507,0.4817930519422898,0.49999999999998934,1.2960185051817064,0.5355275544691507,0.5355275544691507,0.4404982573299146,0.49999999999998934,1.2960185051817064,0.0,0.5355275544691507,0.1174310227768634,1.2960185051817064,1.2960185051817064,1.2960185051817064,1.2960185051817064,1.2960185051817064,1.2960185051817064
