obs_gdp,obs_hours,obs_wages,obs_gdpdeflator,obs_corepce,obs_nominalrate,obs_consumption,obs_investment,obs_BBBspread,obs_longinflation,obs_longrate,obs_tfp,obs_gdi,obs_AAAspread,obs_nominalrate1,obs_nominalrate2,obs_nominalrate3,obs_nominalrate4,obs_nominalrate5,obs_nominalrate6
0.5107399642938049,-46.29652886081029,0.5107399642938049,0.47438263680715387,0.49999999999998934,1.2664842038855317,0.5107399642938049,0.5107399642938049,0.4333550374504883,0.49999999999998934,1.2664842038855317,0.0,0.5107399642938049,0.1174310227768634,1.2664842038855317,1.2664842038855317,1.2664842038855317,1.2664842038855317,1.2664842038855317,1.2664842038855317
