obs_gdp,obs_hours,obs_wages,obs_gdpdeflator,obs_corepce,obs_nominalrate,obs_consumption,obs_investment,obs_BBBspread,obs_longinflation,obs_longrate,obs_tfp,obs_gdi,obs_AAAspread,obs_nominalrate1,obs_nominalrate2,obs_nominalrate3,obs_nominalrate4,obs_nominalrate5,obs_nominalrate6
0.5045323022881965,-46.7040524491798,0.5045323022881965,0.4768340876951447,0.49999999999998934,1.2695815327307791,0.5045323022881965,0.5045323022881965,0.43243650017318724,0.49999999999998934,1.2695815327307791,0.0,0.5045323022881965,0.1174310227768634,1.2695815327307791,1.2695815327307791,1.2695815327307791,1.2695815327307791,1.2695815327307791,1.2695815327307791
