obs_gdp,obs_hours,obs_wages,obs_gdpdeflator,obs_corepce,obs_nominalrate,obs_consumption,obs_investment,obs_BBBspread,obs_longinflation,obs_longrate,obs_tfp,obs_gdi,obs_AAAspread,obs_nominalrate1,obs_nominalrate2,obs_nominalrate3,obs_nominalrate4,obs_nominalrate5,obs_nominalrate6
0.4931500356138985,-46.14882917665925,0.4931500356138985,0.4769481431391866,0.49999999999998934,1.2432994752636484,0.4931500356138985,0.4931500356138985,0.4394327324298488,0.49999999999998934,1.2432994752636484,0.0,0.4931500356138985,0.1174310227768634,1.2432994752636484,1.2432994752636484,1.2432994752636484,1.2432994752636484,1.2432994752636484,1.2432994752636484
