obs_gdp,obs_hours,obs_wages,obs_gdpdeflator,obs_corepce,obs_nominalrate,obs_consumption,obs_investment,obs_BBBspread,obs_longinflation,obs_longrate,obs_tfp,obs_gdi,obs_AAAspread,obs_nominalrate1,obs_nominalrate2,obs_nominalrate3,obs_nominalrate4,obs_nominalrate5,obs_nominalrate6
0.5325976935562693,-44.96501487684918,0.5325976935562693,0.4831821566783504,0.49999999999998934,1.3030194311560717,0.5325976935562693,0.5325976935562693,0.4357625614610567,0.49999999999998934,1.3030194311560717,0.0,0.5325976935562693,0.1174310227768634,1.3030194311560717,1.3030194311560717,1.3030194311560717,1.3030194311560717,1.3030194311560717,1.3030194311560717
