obs_gdp,obs_hours,obs_wages,obs_gdpdeflator,obs_corepce,obs_nominalrate,obs_consumption,obs_investment,obs_BBBspread,obs_longinflation,obs_longrate,obs_tfp,obs_gdi,obs_AAAspread,obs_nominalrate1,obs_nominalrate2,obs_nominalrate3,obs_nominalrate4,obs_nominalrate5,obs_nominalrate6
0.46554450052103125,-47.80272441819416,0.46554450052103125,0.47435238808868413,0.49999999999998934,1.2243372737796188,0.46554450052103125,0.46554450052103125,0.43068321124917597,0.49999999999998934,1.2243372737796188,0.0,0.46554450052103125,0.1174310227768634,1.2243372737796188,1.2243372737796188,1.2243372737796188,1.2243372737796188,1.2243372737796188,1.2243372737796188
