obs_gdp,obs_hours,obs_wages,obs_gdpdeflator,obs_corepce,obs_nominalrate,obs_consumption,obs_investment,obs_BBBspread,obs_longinflation,obs_longrate,obs_tfp,obs_gdi,obs_AAAspread,obs_nominalrate1,obs_nominalrate2,obs_nominalrate3,obs_nominalrate4,obs_nominalrate5,obs_nominalrate6
0.5125490701953561,-45.78479373141421,0.5125490701953561,0.48340631814534657,0.49999999999998934,1.258354666220618,0.5125490701953561,0.5125490701953561,0.4417800413863412,0.49999999999998934,1.258354666220618,0.0,0.5125490701953561,0.1174310227768634,1.258354666220618,1.258354666220618,1.258354666220618,1.258354666220618,1.258354666220618,1.258354666220618
