obs_gdp,obs_hours,obs_wages,obs_gdpdeflator,obs_corepce,obs_nominalrate,obs_consumption,obs_investment,obs_BBBspread,obs_longinflation,obs_longrate,obs_tfp,obs_gdi,obs_AAAspread,obs_nominalrate1,obs_nominalrate2,obs_nominalrate3,obs_nominalrate4,obs_nominalrate5,obs_nominalrate6
0.49772822980911346,-46.69183823269915,0.49772822980911346,0.4767724862470497,0.49999999999998934,1.2661850906060312,0.49772822980911346,0.49772822980911346,0.4344664815333965,0.49999999999998934,1.2661850906060312,0.0,0.49772822980911346,0.1174310227768634,1.2661850906060312,1.2661850906060312,1.2661850906060312,1.2661850906060312,1.2661850906060312,1.2661850906060312
