obs_gdp,obs_hours,obs_wages,obs_gdpdeflator,obs_corepce,obs_nominalrate,obs_consumption,obs_investment,obs_BBBspread,obs_longinflation,obs_longrate,obs_tfp,obs_gdi,obs_AAAspread,obs_nominalrate1,obs_nominalrate2,obs_nominalrate3,obs_nominalrate4,obs_nominalrate5,obs_nominalrate6
0.4357343094260946,-49.14021762593103,0.4357343094260946,0.47660031507723444,0.49999999999998934,1.1948216207961604,0.4357343094260946,0.4357343094260946,0.4285075412057198,0.49999999999998934,1.1948216207961604,0.0,0.4357343094260946,0.1174310227768634,1.1948216207961604,1.1948216207961604,1.1948216207961604,1.1948216207961604,1.1948216207961604,1.1948216207961604
