obs_gdp,obs_hours,obs_wages,obs_gdpdeflator,obs_corepce,obs_nominalrate,obs_consumption,obs_investment,obs_BBBspread,obs_longinflation,obs_longrate,obs_tfp,obs_gdi,obs_AAAspread,obs_nominalrate1,obs_nominalrate2,obs_nominalrate3,obs_nominalrate4,obs_nominalrate5,obs_nominalrate6
0.5694555155780989,-43.80506976223596,0.5694555155780989,0.48216257186436184,0.49999999999998934,1.3477179813979445,0.5694555155780989,0.5694555155780989,0.44039680569255507,0.49999999999998934,1.3477179813979445,0.0,0.5694555155780989,0.1174310227768634,1.3477179813979445,1.3477179813979445,1.3477179813979445,1.3477179813979445,1.3477179813979445,1.3477179813979445
