obs_gdp,obs_hours,obs_wages,obs_gdpdeflator,obs_corepce,obs_nominalrate,obs_consumption,obs_investment,obs_BBBspread,obs_longinflation,obs_longrate,obs_tfp,obs_gdi,obs_AAAspread,obs_nominalrate1,obs_nominalrate2,obs_nominalrate3,obs_nominalrate4,obs_nominalrate5,obs_nominalrate6
0.4632929347879511,-47.754033184962445,0.4632929347879511,0.4771192347338131,0.49999999999998934,1.2166049113958133,0.4632929347879511,0.4632929347879511,0.4305508228687385,0.49999999999998934,1.2166049113958133,0.0,0.4632929347879511,0.1174310227768634,1.2166049113958133,1.2166049113958133,1.2166049113958133,1.2166049113958133,1.2166049113958133,1.2166049113958133
