obs_gdp,obs_hours,obs_wages,obs_gdpdeflator,obs_corepce,obs_nominalrate,obs_consumption,obs_investment,obs_BBBspread,obs_longinflation,obs_longrate,obs_tfp,obs_gdi,obs_AAAspread,obs_nominalrate1,obs_nominalrate2,obs_nominalrate3,obs_nominalrate4,obs_nominalrate5,obs_nominalrate6
0.5519669089016466,-44.75373900564425,0.5519669089016466,0.47610141532749023,0.49999999999998934,1.3402368087894967,0.5519669089016466,0.5519669089016466,0.4363406255454482,0.49999999999998934,1.3402368087894967,0.0,0.5519669089016466,0.1174310227768634,1.3402368087894967,1.3402368087894967,1.3402368087894967,1.3402368087894967,1.3402368087894967,1.3402368087894967
