obs_gdp,obs_hours,obs_wages,obs_gdpdeflator,obs_corepce,obs_nominalrate,obs_consumption,obs_investment,obs_BBBspread,obs_longinflation,obs_longrate,obs_tfp,obs_gdi,obs_AAAspread,obs_nominalrate1,obs_nominalrate2,obs_nominalrate3,obs_nominalrate4,obs_nominalrate5,obs_nominalrate6
0.4854423358393145,-47.07095182326681,0.4854423358393145,0.47783424815604114,0.49999999999998934,1.258842736580279,0.4854423358393145,0.4854423358393145,0.4347039127173164,0.49999999999998934,1.258842736580279,0.0,0.4854423358393145,0.1174310227768634,1.258842736580279,1.258842736580279,1.258842736580279,1.258842736580279,1.258842736580279,1.258842736580279
