obs_gdp,obs_hours,obs_wages,obs_gdpdeflator,obs_corepce,obs_nominalrate,obs_consumption,obs_investment,obs_BBBspread,obs_longinflation,obs_longrate,obs_tfp,obs_gdi,obs_AAAspread,obs_nominalrate1,obs_nominalrate2,obs_nominalrate3,obs_nominalrate4,obs_nominalrate5,obs_nominalrate6
0.5147385798806914,-46.18003299556851,0.5147385798806914,0.47576497598332285,0.49999999999998934,1.2833747978057586,0.5147385798806914,0.5147385798806914,0.42755856691107097,0.49999999999998934,1.2833747978057586,0.0,0.5147385798806914,0.1174310227768634,1.2833747978057586,1.2833747978057586,1.2833747978057586,1.2833747978057586,1.2833747978057586,1.2833747978057586
