obs_gdp,obs_hours,obs_wages,obs_gdpdeflator,obs_corepce,obs_nominalrate,obs_consumption,obs_investment,obs_BBBspread,obs_longinflation,obs_longrate,obs_tfp,obs_gdi,obs_AAAspread,obs_nominalrate1,obs_nominalrate2,obs_nominalrate3,obs_nominalrate4,obs_nominalrate5,obs_nominalrate6
0.4499845141892722,-48.23613746550418,0.4499845141892722,0.47639848546153474,0.49999999999998934,1.2022092273093143,0.4499845141892722,0.4499845141892722,0.4308864684411423,0.49999999999998934,1.2022092273093143,0.0,0.4499845141892722,0.1174310227768634,1.2022092273093143,1.2022092273093143,1.2022092273093143,1.2022092273093143,1.2022092273093143,1.2022092273093143
