obs_gdp,obs_hours,obs_wages,obs_gdpdeflator,obs_corepce,obs_nominalrate,obs_consumption,obs_investment,obs_BBBspread,obs_longinflation,obs_longrate,obs_tfp,obs_gdi,obs_AAAspread,obs_nominalrate1,obs_nominalrate2,obs_nominalrate3,obs_nominalrate4,obs_nominalrate5,obs_nominalrate6
0.5181758245924151,-46.207357554921124,0.5181758245924151,0.47467081752511,0.49999999999998934,1.3004343727257561,0.5181758245924151,0.5181758245924151,0.4308593697082943,0.49999999999998934,1.3004343727257561,0.0,0.5181758245924151,0.1174310227768634,1.3004343727257561,1.3004343727257561,1.3004343727257561,1.3004343727257561,1.3004343727257561,1.3004343727257561
