obs_gdp,obs_hours,obs_wages,obs_gdpdeflator,obs_corepce,obs_nominalrate,obs_consumption,obs_investment,obs_BBBspread,obs_longinflation,obs_longrate,obs_tfp,obs_gdi,obs_AAAspread,obs_nominalrate1,obs_nominalrate2,obs_nominalrate3,obs_nominalrate4,obs_nominalrate5,obs_nominalrate6
0.5191427004262783,-45.61617272543349,0.5191427004262783,0.4771112797996338,0.49999999999998934,1.2780680660697818,0.5191427004262783,0.5191427004262783,0.4317205533567365,0.49999999999998934,1.2780680660697818,0.0,0.5191427004262783,0.1174310227768634,1.2780680660697818,1.2780680660697818,1.2780680660697818,1.2780680660697818,1.2780680660697818,1.2780680660697818
