obs_gdp,obs_hours,obs_wages,obs_gdpdeflator,obs_corepce,obs_nominalrate,obs_consumption,obs_investment,obs_BBBspread,obs_longinflation,obs_longrate,obs_tfp,obs_gdi,obs_AAAspread,obs_nominalrate1,obs_nominalrate2,obs_nominalrate3,obs_nominalrate4,obs_nominalrate5,obs_nominalrate6
0.4512974722265195,-47.42725085741308,0.4512974722265195,0.48265508224391585,0.49999999999998934,1.1971279090890796,0.4512974722265195,0.4512974722265195,0.43615708041828344,0.49999999999998934,1.1971279090890796,0.0,0.4512974722265195,0.1174310227768634,1.1971279090890796,1.1971279090890796,1.1971279090890796,1.1971279090890796,1.1971279090890796,1.1971279090890796
