obs_gdp,obs_hours,obs_wages,obs_gdpdeflator,obs_corepce,obs_nominalrate,obs_consumption,obs_investment,obs_BBBspread,obs_longinflation,obs_longrate,obs_tfp,obs_gdi,obs_AAAspread,obs_nominalrate1,obs_nominalrate2,obs_nominalrate3,obs_nominalrate4,obs_nominalrate5,obs_nominalrate6
0.46717508545577324,-47.75727310327899,0.46717508545577324,0.4782567996452847,0.49999999999998934,1.2322598782003036,0.46717508545577324,0.46717508545577324,0.43427838477864367,0.49999999999998934,1.2322598782003036,0.0,0.46717508545577324,0.1174310227768634,1.2322598782003036,1.2322598782003036,1.2322598782003036,1.2322598782003036,1.2322598782003036,1.2322598782003036
