obs_gdp,obs_hours,obs_wages,obs_gdpdeflator,obs_corepce,obs_nominalrate,obs_consumption,obs_investment,obs_BBBspread,obs_longinflation,obs_longrate,obs_tfp,obs_gdi,obs_AAAspread,obs_nominalrate1,obs_nominalrate2,obs_nominalrate3,obs_nominalrate4,obs_nominalrate5,obs_nominalrate6
0.4879660188390478,-46.44090153616043,0.4879660188390478,0.4838264544376749,0.49999999999998934,1.232078318288199,0.4879660188390478,0.4879660188390478,0.44034619205092573,0.49999999999998934,1.232078318288199,0.0,0.4879660188390478,0.1174310227768634,1.232078318288199,1.232078318288199,1.232078318288199,1.232078318288199,1.232078318288199,1.232078318288199
