obs_gdp,obs_hours,obs_wages,obs_gdpdeflator,obs_corepce,obs_nominalrate,obs_consumption,obs_investment,obs_BBBspread,obs_longinflation,obs_longrate,obs_tfp,obs_gdi,obs_AAAspread,obs_nominalrate1,obs_nominalrate2,obs_nominalrate3,obs_nominalrate4,obs_nominalrate5,obs_nominalrate6
0.5205046503999222,-45.638218570145405,0.5205046503999222,0.4810734268265688,0.49999999999998934,1.2811201825792207,0.5205046503999222,0.5205046503999222,0.4331662416950402,0.49999999999998934,1.2811201825792207,0.0,0.5205046503999222,0.1174310227768634,1.2811201825792207,1.2811201825792207,1.2811201825792207,1.2811201825792207,1.2811201825792207,1.2811201825792207
