obs_gdp,obs_hours,obs_wages,obs_gdpdeflator,obs_corepce,obs_nominalrate,obs_consumption,obs_investment,obs_BBBspread,obs_longinflation,obs_longrate,obs_tfp,obs_gdi,obs_AAAspread,obs_nominalrate1,obs_nominalrate2,obs_nominalrate3,obs_nominalrate4,obs_nominalrate5,obs_nominalrate6
0.530100508939424,-45.82753573471217,0.530100508939424,0.47378758304732527,0.49999999999998934,1.3047885194434672,0.530100508939424,0.530100508939424,0.4335345766840759,0.49999999999998934,1.3047885194434672,0.0,0.530100508939424,0.1174310227768634,1.3047885194434672,1.3047885194434672,1.3047885194434672,1.3047885194434672,1.3047885194434672,1.3047885194434672
