obs_gdp,obs_hours,obs_wages,obs_gdpdeflator,obs_corepce,obs_nominalrate,obs_consumption,obs_investment,obs_BBBspread,obs_longinflation,obs_longrate,obs_tfp,obs_gdi,obs_AAAspread,obs_nominalrate1,obs_nominalrate2,obs_nominalrate3,obs_nominalrate4,obs_nominalrate5,obs_nominalrate6
0.4537027073760358,-48.365679531982664,0.4537027073760358,0.4767316733374696,0.49999999999998934,1.1859458832963021,0.4537027073760358,0.4537027073760358,0.4350242593355382,0.49999999999998934,1.1859458832963021,0.0,0.4537027073760358,0.1174310227768634,1.1859458832963021,1.1859458832963021,1.1859458832963021,1.1859458832963021,1.1859458832963021,1.1859458832963021
