obs_gdp,obs_hours,obs_wages,obs_gdpdeflator,obs_corepce,obs_nominalrate,obs_consumption,obs_investment,obs_BBBspread,obs_longinflation,obs_longrate,obs_tfp,obs_gdi,obs_AAAspread,obs_nominalrate1,obs_nominalrate2,obs_nominalrate3,obs_nominalrate4,obs_nominalrate5,obs_nominalrate6
0.49480684285083676,-46.10474781418579,0.49480684285083676,0.47732111046614095,0.49999999999998934,1.2425480022631996,0.49480684285083676,0.49480684285083676,0.4363473665353744,0.49999999999998934,1.2425480022631996,0.0,0.49480684285083676,0.1174310227768634,1.2425480022631996,1.2425480022631996,1.2425480022631996,1.2425480022631996,1.2425480022631996,1.2425480022631996
