obs_gdp,obs_hours,obs_wages,obs_gdpdeflator,obs_corepce,obs_nominalrate,obs_consumption,obs_investment,obs_BBBspread,obs_longinflation,obs_longrate,obs_tfp,obs_gdi,obs_AAAspread,obs_nominalrate1,obs_nominalrate2,obs_nominalrate3,obs_nominalrate4,obs_nominalrate5,obs_nominalrate6
0.5101736221232,-46.24649930639517,0.5101736221232,0.473775003064554,0.49999999999998934,1.2919424646242073,0.5101736221232,0.5101736221232,0.43040911667526105,0.49999999999998934,1.2919424646242073,0.0,0.5101736221232,0.1174310227768634,1.2919424646242073,1.2919424646242073,1.2919424646242073,1.2919424646242073,1.2919424646242073,1.2919424646242073
