obs_gdp,obs_hours,obs_wages,obs_gdpdeflator,obs_corepce,obs_nominalrate,obs_consumption,obs_investment,obs_BBBspread,obs_longinflation,obs_longrate,obs_tfp,obs_gdi,obs_AAAspread,obs_nominalrate1,obs_nominalrate2,obs_nominalrate3,obs_nominalrate4,obs_nominalrate5,obs_nominalrate6
0.4968726032092752,-46.57948781547128,0.4968726032092752,0.47617363501025267,0.49999999999998934,1.264359325344655,0.4968726032092752,0.4968726032092752,0.4319208368168931,0.49999999999998934,1.264359325344655,0.0,0.4968726032092752,0.1174310227768634,1.264359325344655,1.264359325344655,1.264359325344655,1.264359325344655,1.264359325344655,1.264359325344655
