obs_gdp,obs_hours,obs_wages,obs_gdpdeflator,obs_corepce,obs_nominalrate,obs_consumption,obs_investment,obs_BBBspread,obs_longinflation,obs_longrate,obs_tfp,obs_gdi,obs_AAAspread,obs_nominalrate1,obs_nominalrate2,obs_nominalrate3,obs_nominalrate4,obs_nominalrate5,obs_nominalrate6
0.5255403226817723,-45.691012997190654,0.5255403226817723,0.475027624944292,0.49999999999998934,1.2863620624131267,0.5255403226817723,0.5255403226817723,0.430965936940918,0.49999999999998934,1.2863620624131267,0.0,0.5255403226817723,0.1174310227768634,1.2863620624131267,1.2863620624131267,1.2863620624131267,1.2863620624131267,1.2863620624131267,1.2863620624131267
