obs_gdp,obs_hours,obs_wages,obs_gdpdeflator,obs_corepce,obs_nominalrate,obs_consumption,obs_investment,obs_BBBspread,obs_longinflation,obs_longrate,obs_tfp,obs_gdi,obs_AAAspread,obs_nominalrate1,obs_nominalrate2,obs_nominalrate3,obs_nominalrate4,obs_nominalrate5,obs_nominalrate6
0.498407608809015,-45.949748972269134,0.498407608809015,0.48162795667889224,0.49999999999998934,1.254986166331662,0.498407608809015,0.498407608809015,0.4345441677759289,0.49999999999998934,1.254986166331662,0.0,0.498407608809015,0.1174310227768634,1.254986166331662,1.254986166331662,1.254986166331662,1.254986166331662,1.254986166331662,1.254986166331662
