obs_gdp,obs_hours,obs_wages,obs_gdpdeflator,obs_corepce,obs_nominalrate,obs_consumption,obs_investment,obs_BBBspread,obs_longinflation,obs_longrate,obs_tfp,obs_gdi,obs_AAAspread,obs_nominalrate1,obs_nominalrate2,obs_nominalrate3,obs_nominalrate4,obs_nominalrate5,obs_nominalrate6
0.5275952052091082,-45.45353737375148,0.5275952052091082,0.47573296346782135,0.49999999999998934,1.2990447502239766,0.5275952052091082,0.5275952052091082,0.43912401185574274,0.49999999999998934,1.2990447502239766,0.0,0.5275952052091082,0.1174310227768634,1.2990447502239766,1.2990447502239766,1.2990447502239766,1.2990447502239766,1.2990447502239766,1.2990447502239766
