obs_gdp,obs_hours,obs_wages,obs_gdpdeflator,obs_corepce,obs_nominalrate,obs_consumption,obs_investment,obs_BBBspread,obs_longinflation,obs_longrate,obs_tfp,obs_gdi,obs_AAAspread,obs_nominalrate1,obs_nominalrate2,obs_nominalrate3,obs_nominalrate4,obs_nominalrate5,obs_nominalrate6
0.4811766197090561,-47.1858316438289,0.4811766197090561,0.4764346701003667,0.49999999999998934,1.2273301476461995,0.4811766197090561,0.4811766197090561,0.4296492257972506,0.49999999999998934,1.2273301476461995,0.0,0.4811766197090561,0.1174310227768634,1.2273301476461995,1.2273301476461995,1.2273301476461995,1.2273301476461995,1.2273301476461995,1.2273301476461995
