obs_gdp,obs_hours,obs_wages,obs_gdpdeflator,obs_corepce,obs_nominalrate,obs_consumption,obs_investment,obs_BBBspread,obs_longinflation,obs_longrate,obs_tfp,obs_gdi,obs_AAAspread,obs_nominalrate1,obs_nominalrate2,obs_nominalrate3,obs_nominalrate4,obs_nominalrate5,obs_nominalrate6
0.46376572037547525,-47.875282117839205,0.46376572037547525,0.47738045135384377,0.49999999999998934,1.2101269050564856,0.46376572037547525,0.46376572037547525,0.432220306292725,0.49999999999998934,1.2101269050564856,0.0,0.46376572037547525,0.1174310227768634,1.2101269050564856,1.2101269050564856,1.2101269050564856,1.2101269050564856,1.2101269050564856,1.2101269050564856
