obs_gdp,obs_hours,obs_wages,obs_gdpdeflator,obs_corepce,obs_nominalrate,obs_consumption,obs_investment,obs_BBBspread,obs_longinflation,obs_longrate,obs_tfp,obs_gdi,obs_AAAspread,obs_nominalrate1,obs_nominalrate2,obs_nominalrate3,obs_nominalrate4,obs_nominalrate5,obs_nominalrate6
0.5137253201180192,-45.75516158490485,0.5137253201180192,0.48254405942653117,0.49999999999998934,1.275950127856551,0.5137253201180192,0.5137253201180192,0.4387568490381774,0.49999999999998934,1.275950127856551,0.0,0.5137253201180192,0.1174310227768634,1.275950127856551,1.275950127856551,1.275950127856551,1.275950127856551,1.275950127856551,1.275950127856551
