obs_gdp,obs_hours,obs_wages,obs_gdpdeflator,obs_corepce,obs_nominalrate,obs_consumption,obs_investment,obs_BBBspread,obs_longinflation,obs_longrate,obs_tfp,obs_gdi,obs_AAAspread,obs_nominalrate1,obs_nominalrate2,obs_nominalrate3,obs_nominalrate4,obs_nominalrate5,obs_nominalrate6
0.45904388830873,-48.33308271037892,0.45904388830873,0.4760634501549176,0.49999999999998934,1.2267019449163863,0.45904388830873,0.45904388830873,0.4322788588825649,0.49999999999998934,1.2267019449163863,0.0,0.45904388830873,0.1174310227768634,1.2267019449163863,1.2267019449163863,1.2267019449163863,1.2267019449163863,1.2267019449163863,1.2267019449163863
