obs_gdp,obs_hours,obs_wages,obs_gdpdeflator,obs_corepce,obs_nominalrate,obs_consumption,obs_investment,obs_BBBspread,obs_longinflation,obs_longrate,obs_tfp,obs_gdi,obs_AAAspread,obs_nominalrate1,obs_nominalrate2,obs_nominalrate3,obs_nominalrate4,obs_nominalrate5,obs_nominalrate6
0.4327233840737854,-48.87193407476523,0.4327233840737854,0.4777854111646106,0.49999999999998934,1.1772007642228965,0.4327233840737854,0.4327233840737854,0.42901034751063555,0.49999999999998934,1.1772007642228965,0.0,0.4327233840737854,0.1174310227768634,1.1772007642228965,1.1772007642228965,1.1772007642228965,1.1772007642228965,1.1772007642228965,1.1772007642228965
