obs_gdp,obs_hours,obs_wages,obs_gdpdeflator,obs_corepce,obs_nominalrate,obs_consumption,obs_investment,obs_BBBspread,obs_longinflation,obs_longrate,obs_tfp,obs_gdi,obs_AAAspread,obs_nominalrate1,obs_nominalrate2,obs_nominalrate3,obs_nominalrate4,obs_nominalrate5,obs_nominalrate6
0.48136975548542793,-46.48661303687273,0.48136975548542793,0.47716280096739305,0.49999999999998934,1.2309396423112684,0.48136975548542793,0.48136975548542793,0.4387645730072751,0.49999999999998934,1.2309396423112684,0.0,0.48136975548542793,0.1174310227768634,1.2309396423112684,1.2309396423112684,1.2309396423112684,1.2309396423112684,1.2309396423112684,1.2309396423112684
