obs_gdp,obs_hours,obs_wages,obs_gdpdeflator,obs_corepce,obs_nominalrate,obs_consumption,obs_investment,obs_BBBspread,obs_longinflation,obs_longrate,obs_tfp,obs_gdi,obs_AAAspread,obs_nominalrate1,obs_nominalrate2,obs_nominalrate3,obs_nominalrate4,obs_nominalrate5,obs_nominalrate6
0.5134929257730292,-45.36952726730888,0.5134929257730292,0.4807954213356142,0.49999999999998934,1.2699229301209591,0.5134929257730292,0.5134929257730292,0.4336877608713638,0.49999999999998934,1.2699229301209591,0.0,0.5134929257730292,0.1174310227768634,1.2699229301209591,1.2699229301209591,1.2699229301209591,1.2699229301209591,1.2699229301209591,1.2699229301209591
