obs_gdp,obs_hours,obs_wages,obs_gdpdeflator,obs_corepce,obs_nominalrate,obs_consumption,obs_investment,obs_BBBspread,obs_longinflation,obs_longrate,obs_tfp,obs_gdi,obs_AAAspread,obs_nominalrate1,obs_nominalrate2,obs_nominalrate3,obs_nominalrate4,obs_nominalrate5,obs_nominalrate6
0.4915356489626266,-46.41074410348623,0.4915356489626266,0.47663781121005777,0.49999999999998934,1.243779372062992,0.4915356489626266,0.4915356489626266,0.4307037985180266,0.49999999999998934,1.243779372062992,0.0,0.4915356489626266,0.1174310227768634,1.243779372062992,1.243779372062992,1.243779372062992,1.243779372062992,1.243779372062992,1.243779372062992
