obs_gdp,obs_hours,obs_wages,obs_gdpdeflator,obs_corepce,obs_nominalrate,obs_consumption,obs_investment,obs_BBBspread,obs_longinflation,obs_longrate,obs_tfp,obs_gdi,obs_AAAspread,obs_nominalrate1,obs_nominalrate2,obs_nominalrate3,obs_nominalrate4,obs_nominalrate5,obs_nominalrate6
0.495504239483302,-46.97808144519366,0.495504239483302,0.4745484496069301,0.49999999999998934,1.25120808341872,0.495504239483302,0.495504239483302,0.43452084626696685,0.49999999999998934,1.25120808341872,0.0,0.495504239483302,0.1174310227768634,1.25120808341872,1.25120808341872,1.25120808341872,1.25120808341872,1.25120808341872,1.25120808341872
