obs_gdp,obs_hours,obs_wages,obs_gdpdeflator,obs_corepce,obs_nominalrate,obs_consumption,obs_investment,obs_BBBspread,obs_longinflation,obs_longrate,obs_tfp,obs_gdi,obs_AAAspread,obs_nominalrate1,obs_nominalrate2,obs_nominalrate3,obs_nominalrate4,obs_nominalrate5,obs_nominalrate6
0.4773615069546766,-46.67459210815701,0.4773615069546766,0.4782524927174847,0.49999999999998934,1.219780588517061,0.4773615069546766,0.4773615069546766,0.440160984924915,0.49999999999998934,1.219780588517061,0.0,0.4773615069546766,0.1174310227768634,1.219780588517061,1.219780588517061,1.219780588517061,1.219780588517061,1.219780588517061,1.219780588517061
