obs_gdp,obs_hours,obs_wages,obs_gdpdeflator,obs_corepce,obs_nominalrate,obs_consumption,obs_investment,obs_BBBspread,obs_longinflation,obs_longrate,obs_tfp,obs_gdi,obs_AAAspread,obs_nominalrate1,obs_nominalrate2,obs_nominalrate3,obs_nominalrate4,obs_nominalrate5,obs_nominalrate6
0.48338634791096347,-47.379080886245184,0.48338634791096347,0.47432078701233416,0.49999999999998934,1.2294838929236551,0.48338634791096347,0.48338634791096347,0.4329985654555637,0.49999999999998934,1.2294838929236551,0.0,0.48338634791096347,0.1174310227768634,1.2294838929236551,1.2294838929236551,1.2294838929236551,1.2294838929236551,1.2294838929236551,1.2294838929236551
