obs_gdp,obs_hours,obs_wages,obs_gdpdeflator,obs_corepce,obs_nominalrate,obs_consumption,obs_investment,obs_BBBspread,obs_longinflation,obs_longrate,obs_tfp,obs_gdi,obs_AAAspread,obs_nominalrate1,obs_nominalrate2,obs_nominalrate3,obs_nominalrate4,obs_nominalrate5,obs_nominalrate6
0.42229355986160844,-49.642885771251215,0.42229355986160844,0.4765276189514414,0.49999999999998934,1.1427086335084047,0.42229355986160844,0.42229355986160844,0.43254362581984973,0.49999999999998934,1.1427086335084047,0.0,0.42229355986160844,0.1174310227768634,1.1427086335084047,1.1427086335084047,1.1427086335084047,1.1427086335084047,1.1427086335084047,1.1427086335084047
