obs_gdp,obs_hours,obs_wages,obs_gdpdeflator,obs_corepce,obs_nominalrate,obs_consumption,obs_investment,obs_BBBspread,obs_longinflation,obs_longrate,obs_tfp,obs_gdi,obs_AAAspread,obs_nominalrate1,obs_nominalrate2,obs_nominalrate3,obs_nominalrate4,obs_nominalrate5,obs_nominalrate6
0.44988904849472267,-48.40826464528108,0.44988904849472267,0.4735069738399637,0.49999999999998934,1.2097834590509393,0.44988904849472267,0.44988904849472267,0.43438539442957524,0.49999999999998934,1.2097834590509393,0.0,0.44988904849472267,0.1174310227768634,1.2097834590509393,1.2097834590509393,1.2097834590509393,1.2097834590509393,1.2097834590509393,1.2097834590509393
