obs_gdp,obs_hours,obs_wages,obs_gdpdeflator,obs_corepce,obs_nominalrate,obs_consumption,obs_investment,obs_BBBspread,obs_longinflation,obs_longrate,obs_tfp,obs_gdi,obs_AAAspread,obs_nominalrate1,obs_nominalrate2,obs_nominalrate3,obs_nominalrate4,obs_nominalrate5,obs_nominalrate6
0.4482658337504164,-47.685428933998516,0.4482658337504164,0.4783152042875243,0.49999999999998934,1.1815437561494502,0.4482658337504164,0.4482658337504164,0.44004097416855203,0.49999999999998934,1.1815437561494502,0.0,0.4482658337504164,0.1174310227768634,1.1815437561494502,1.1815437561494502,1.1815437561494502,1.1815437561494502,1.1815437561494502,1.1815437561494502
