obs_gdp,obs_hours,obs_wages,obs_gdpdeflator,obs_corepce,obs_nominalrate,obs_consumption,obs_investment,obs_BBBspread,obs_longinflation,obs_longrate,obs_tfp,obs_gdi,obs_AAAspread,obs_nominalrate1,obs_nominalrate2,obs_nominalrate3,obs_nominalrate4,obs_nominalrate5,obs_nominalrate6
0.5047457383097642,-45.91639689060474,0.5047457383097642,0.48209986670104976,0.49999999999998934,1.2455835644069602,0.5047457383097642,0.5047457383097642,0.4434511873525162,0.49999999999998934,1.2455835644069602,0.0,0.5047457383097642,0.1174310227768634,1.2455835644069602,1.2455835644069602,1.2455835644069602,1.2455835644069602,1.2455835644069602,1.2455835644069602
