obs_gdp,obs_hours,obs_wages,obs_gdpdeflator,obs_corepce,obs_nominalrate,obs_consumption,obs_investment,obs_BBBspread,obs_longinflation,obs_longrate,obs_tfp,obs_gdi,obs_AAAspread,obs_nominalrate1,obs_nominalrate2,obs_nominalrate3,obs_nominalrate4,obs_nominalrate5,obs_nominalrate6
0.4626341587867566,-47.83884795601737,0.4626341587867566,0.4771019828008224,0.49999999999998934,1.2179058861374825,0.4626341587867566,0.4626341587867566,0.4301983675417214,0.49999999999998934,1.2179058861374825,0.0,0.4626341587867566,0.1174310227768634,1.2179058861374825,1.2179058861374825,1.2179058861374825,1.2179058861374825,1.2179058861374825,1.2179058861374825
