obs_gdp,obs_hours,obs_wages,obs_gdpdeflator,obs_corepce,obs_nominalrate,obs_consumption,obs_investment,obs_BBBspread,obs_longinflation,obs_longrate,obs_tfp,obs_gdi,obs_AAAspread,obs_nominalrate1,obs_nominalrate2,obs_nominalrate3,obs_nominalrate4,obs_nominalrate5,obs_nominalrate6
0.466127392580451,-47.08868409525081,0.466127392580451,0.47750108260863006,0.49999999999998934,1.209004929833668,0.466127392580451,0.466127392580451,0.4391064848548639,0.49999999999998934,1.209004929833668,0.0,0.466127392580451,0.1174310227768634,1.209004929833668,1.209004929833668,1.209004929833668,1.209004929833668,1.209004929833668,1.209004929833668
