obs_gdp,obs_hours,obs_wages,obs_gdpdeflator,obs_corepce,obs_nominalrate,obs_consumption,obs_investment,obs_BBBspread,obs_longinflation,obs_longrate,obs_tfp,obs_gdi,obs_AAAspread,obs_nominalrate1,obs_nominalrate2,obs_nominalrate3,obs_nominalrate4,obs_nominalrate5,obs_nominalrate6
0.4485968739188495,-48.593553115603264,0.4485968739188495,0.47674185527966356,0.49999999999998934,1.1803754947170342,0.4485968739188495,0.4485968739188495,0.43498368989897823,0.49999999999998934,1.1803754947170342,0.0,0.4485968739188495,0.1174310227768634,1.1803754947170342,1.1803754947170342,1.1803754947170342,1.1803754947170342,1.1803754947170342,1.1803754947170342
