obs_gdp,obs_hours,obs_wages,obs_gdpdeflator,obs_corepce,obs_nominalrate,obs_consumption,obs_investment,obs_BBBspread,obs_longinflation,obs_longrate,obs_tfp,obs_gdi,obs_AAAspread,obs_nominalrate1,obs_nominalrate2,obs_nominalrate3,obs_nominalrate4,obs_nominalrate5,obs_nominalrate6
0.4525955755185107,-48.50614010305936,0.4525955755185107,0.47657762350594834,0.49999999999998934,1.1926236485565234,0.4525955755185107,0.4525955755185107,0.434518637356575,0.49999999999998934,1.1926236485565234,0.0,0.4525955755185107,0.1174310227768634,1.1926236485565234,1.1926236485565234,1.1926236485565234,1.1926236485565234,1.1926236485565234,1.1926236485565234
