obs_gdp,obs_hours,obs_wages,obs_gdpdeflator,obs_corepce,obs_nominalrate,obs_consumption,obs_investment,obs_BBBspread,obs_longinflation,obs_longrate,obs_tfp,obs_gdi,obs_AAAspread,obs_nominalrate1,obs_nominalrate2,obs_nominalrate3,obs_nominalrate4,obs_nominalrate5,obs_nominalrate6
0.461403903145996,-47.407249006814965,0.461403903145996,0.48053836445842846,0.49999999999998934,1.1970040759452738,0.461403903145996,0.461403903145996,0.43252081410967147,0.49999999999998934,1.1970040759452738,0.0,0.461403903145996,0.1174310227768634,1.1970040759452738,1.1970040759452738,1.1970040759452738,1.1970040759452738,1.1970040759452738,1.1970040759452738
