obs_gdp,obs_hours,obs_wages,obs_gdpdeflator,obs_corepce,obs_nominalrate,obs_consumption,obs_investment,obs_BBBspread,obs_longinflation,obs_longrate,obs_tfp,obs_gdi,obs_AAAspread,obs_nominalrate1,obs_nominalrate2,obs_nominalrate3,obs_nominalrate4,obs_nominalrate5,obs_nominalrate6
0.4482306823344606,-47.6583702798571,0.4482306823344606,0.4786716317115282,0.49999999999998934,1.178960540100582,0.4482306823344606,0.4482306823344606,0.43972967020486536,0.49999999999998934,1.178960540100582,0.0,0.4482306823344606,0.1174310227768634,1.178960540100582,1.178960540100582,1.178960540100582,1.178960540100582,1.178960540100582,1.178960540100582
