obs_gdp,obs_hours,obs_wages,obs_gdpdeflator,obs_corepce,obs_nominalrate,obs_consumption,obs_investment,obs_BBBspread,obs_longinflation,obs_longrate,obs_tfp,obs_gdi,obs_AAAspread,obs_nominalrate1,obs_nominalrate2,obs_nominalrate3,obs_nominalrate4,obs_nominalrate5,obs_nominalrate6
0.4457660186984791,-47.93104880868791,0.4457660186984791,0.48275729173966575,0.49999999999998934,1.1641803908393866,0.4457660186984791,0.4457660186984791,0.44218382757483027,0.49999999999998934,1.1641803908393866,0.0,0.4457660186984791,0.1174310227768634,1.1641803908393866,1.1641803908393866,1.1641803908393866,1.1641803908393866,1.1641803908393866,1.1641803908393866
