obs_gdp,obs_hours,obs_wages,obs_gdpdeflator,obs_corepce,obs_nominalrate,obs_consumption,obs_investment,obs_BBBspread,obs_longinflation,obs_longrate,obs_tfp,obs_gdi,obs_AAAspread,obs_nominalrate1,obs_nominalrate2,obs_nominalrate3,obs_nominalrate4,obs_nominalrate5,obs_nominalrate6
0.4659812179845124,-47.149123018939754,0.4659812179845124,0.4795398166788296,0.49999999999998934,1.2031517643481093,0.4659812179845124,0.4659812179845124,0.43845422927746475,0.49999999999998934,1.2031517643481093,0.0,0.4659812179845124,0.1174310227768634,1.2031517643481093,1.2031517643481093,1.2031517643481093,1.2031517643481093,1.2031517643481093,1.2031517643481093
