obs_gdp,obs_hours,obs_wages,obs_gdpdeflator,obs_corepce,obs_nominalrate,obs_consumption,obs_investment,obs_BBBspread,obs_longinflation,obs_longrate,obs_tfp,obs_gdi,obs_AAAspread,obs_nominalrate1,obs_nominalrate2,obs_nominalrate3,obs_nominalrate4,obs_nominalrate5,obs_nominalrate6
0.4624030595844042,-47.113400490586216,0.4624030595844042,0.48223533852625344,0.49999999999998934,1.1981551387169054,0.4624030595844042,0.4624030595844042,0.44272172908039276,0.49999999999998934,1.1981551387169054,0.0,0.4624030595844042,0.1174310227768634,1.1981551387169054,1.1981551387169054,1.1981551387169054,1.1981551387169054,1.1981551387169054,1.1981551387169054
