obs_gdp,obs_hours,obs_wages,obs_gdpdeflator,obs_corepce,obs_nominalrate,obs_consumption,obs_investment,obs_BBBspread,obs_longinflation,obs_longrate,obs_tfp,obs_gdi,obs_AAAspread,obs_nominalrate1,obs_nominalrate2,obs_nominalrate3,obs_nominalrate4,obs_nominalrate5,obs_nominalrate6
0.46990985621537806,-46.9219686216334,0.46990985621537806,0.48307042206634443,0.49999999999998934,1.219448106628307,0.46990985621537806,0.46990985621537806,0.4347177147393939,0.49999999999998934,1.219448106628307,0.0,0.46990985621537806,0.1174310227768634,1.219448106628307,1.219448106628307,1.219448106628307,1.219448106628307,1.219448106628307,1.219448106628307
