obs_gdp,obs_hours,obs_wages,obs_gdpdeflator,obs_corepce,obs_nominalrate,obs_consumption,obs_investment,obs_BBBspread,obs_longinflation,obs_longrate,obs_tfp,obs_gdi,obs_AAAspread,obs_nominalrate1,obs_nominalrate2,obs_nominalrate3,obs_nominalrate4,obs_nominalrate5,obs_nominalrate6
0.43236371420505293,-49.05811372535096,0.43236371420505293,0.47739459601487966,0.49999999999998934,1.154502442576133,0.43236371420505293,0.43236371420505293,0.4351939200148082,0.49999999999998934,1.154502442576133,0.0,0.43236371420505293,0.1174310227768634,1.154502442576133,1.154502442576133,1.154502442576133,1.154502442576133,1.154502442576133,1.154502442576133
