obs_gdp,obs_hours,obs_wages,obs_gdpdeflator,obs_corepce,obs_nominalrate,obs_consumption,obs_investment,obs_BBBspread,obs_longinflation,obs_longrate,obs_tfp,obs_gdi,obs_AAAspread,obs_nominalrate1,obs_nominalrate2,obs_nominalrate3,obs_nominalrate4,obs_nominalrate5,obs_nominalrate6
0.4472816832431503,-48.39823870449428,0.4472816832431503,0.4742215847548076,0.49999999999998934,1.2081688820748004,0.4472816832431503,0.4472816832431503,0.4343751522853742,0.49999999999998934,1.2081688820748004,0.0,0.4472816832431503,0.1174310227768634,1.2081688820748004,1.2081688820748004,1.2081688820748004,1.2081688820748004,1.2081688820748004,1.2081688820748004
