obs_gdp,obs_hours,obs_wages,obs_gdpdeflator,obs_corepce,obs_nominalrate,obs_consumption,obs_investment,obs_BBBspread,obs_longinflation,obs_longrate,obs_tfp,obs_gdi,obs_AAAspread,obs_nominalrate1,obs_nominalrate2,obs_nominalrate3,obs_nominalrate4,obs_nominalrate5,obs_nominalrate6
0.4925932721789872,-46.50040314415746,0.4925932721789872,0.48181102356571043,0.49999999999998934,1.2393947113467974,0.4925932721789872,0.4925932721789872,0.43377327309527014,0.49999999999998934,1.2393947113467974,0.0,0.4925932721789872,0.1174310227768634,1.2393947113467974,1.2393947113467974,1.2393947113467974,1.2393947113467974,1.2393947113467974,1.2393947113467974
