obs_gdp,obs_hours,obs_wages,obs_gdpdeflator,obs_corepce,obs_nominalrate,obs_consumption,obs_investment,obs_BBBspread,obs_longinflation,obs_longrate,obs_tfp,obs_gdi,obs_AAAspread,obs_nominalrate1,obs_nominalrate2,obs_nominalrate3,obs_nominalrate4,obs_nominalrate5,obs_nominalrate6
0.5236618663146508,-45.16611496371909,0.5236618663146508,0.4801521186258469,0.49999999999998934,1.2813709653853866,0.5236618663146508,0.5236618663146508,0.4356388807444147,0.49999999999998934,1.2813709653853866,0.0,0.5236618663146508,0.1174310227768634,1.2813709653853866,1.2813709653853866,1.2813709653853866,1.2813709653853866,1.2813709653853866,1.2813709653853866
