obs_gdp,obs_hours,obs_wages,obs_gdpdeflator,obs_corepce,obs_nominalrate,obs_consumption,obs_investment,obs_BBBspread,obs_longinflation,obs_longrate,obs_tfp,obs_gdi,obs_AAAspread,obs_nominalrate1,obs_nominalrate2,obs_nominalrate3,obs_nominalrate4,obs_nominalrate5,obs_nominalrate6
0.4261926055025844,-49.00802956004876,0.4261926055025844,0.47737207104768026,0.49999999999998934,1.1735434508659326,0.4261926055025844,0.4261926055025844,0.4311254493325717,0.49999999999998934,1.1735434508659326,0.0,0.4261926055025844,0.1174310227768634,1.1735434508659326,1.1735434508659326,1.1735434508659326,1.1735434508659326,1.1735434508659326,1.1735434508659326
