obs_gdp,obs_hours,obs_wages,obs_gdpdeflator,obs_corepce,obs_nominalrate,obs_consumption,obs_investment,obs_BBBspread,obs_longinflation,obs_longrate,obs_tfp,obs_gdi,obs_AAAspread,obs_nominalrate1,obs_nominalrate2,obs_nominalrate3,obs_nominalrate4,obs_nominalrate5,obs_nominalrate6
0.5214318580733179,-45.944445639971605,0.5214318580733179,0.47625650228128297,0.49999999999998934,1.294744862629016,0.5214318580733179,0.5214318580733179,0.4295777247719979,0.49999999999998934,1.294744862629016,0.0,0.5214318580733179,0.1174310227768634,1.294744862629016,1.294744862629016,1.294744862629016,1.294744862629016,1.294744862629016,1.294744862629016
