obs_gdp,obs_hours,obs_wages,obs_gdpdeflator,obs_corepce,obs_nominalrate,obs_consumption,obs_investment,obs_BBBspread,obs_longinflation,obs_longrate,obs_tfp,obs_gdi,obs_AAAspread,obs_nominalrate1,obs_nominalrate2,obs_nominalrate3,obs_nominalrate4,obs_nominalrate5,obs_nominalrate6
0.4435964759305966,-48.866347858390995,0.4435964759305966,0.47633674809529797,0.49999999999998934,1.2073577639103217,0.4435964759305966,0.4435964759305966,0.4275318136215823,0.49999999999998934,1.2073577639103217,0.0,0.4435964759305966,0.1174310227768634,1.2073577639103217,1.2073577639103217,1.2073577639103217,1.2073577639103217,1.2073577639103217,1.2073577639103217
