obs_gdp,obs_hours,obs_wages,obs_gdpdeflator,obs_corepce,obs_nominalrate,obs_consumption,obs_investment,obs_BBBspread,obs_longinflation,obs_longrate,obs_tfp,obs_gdi,obs_AAAspread,obs_nominalrate1,obs_nominalrate2,obs_nominalrate3,obs_nominalrate4,obs_nominalrate5,obs_nominalrate6
0.4964421385168727,-46.37171788019691,0.4964421385168727,0.4851068096881965,0.49999999999998934,1.2543251772247466,0.4964421385168727,0.4964421385168727,0.4399084664302888,0.49999999999998934,1.2543251772247466,0.0,0.4964421385168727,0.1174310227768634,1.2543251772247466,1.2543251772247466,1.2543251772247466,1.2543251772247466,1.2543251772247466,1.2543251772247466
