obs_gdp,obs_hours,obs_wages,obs_gdpdeflator,obs_corepce,obs_nominalrate,obs_consumption,obs_investment,obs_BBBspread,obs_longinflation,obs_longrate,obs_tfp,obs_gdi,obs_AAAspread,obs_nominalrate1,obs_nominalrate2,obs_nominalrate3,obs_nominalrate4,obs_nominalrate5,obs_nominalrate6
0.4965795365847292,-46.26053201775675,0.4965795365847292,0.4831538199358669,0.49999999999998934,1.242284410101302,0.4965795365847292,0.4965795365847292,0.44026535691072677,0.49999999999998934,1.242284410101302,0.0,0.4965795365847292,0.1174310227768634,1.242284410101302,1.242284410101302,1.242284410101302,1.242284410101302,1.242284410101302,1.242284410101302
