obs_gdp,obs_hours,obs_wages,obs_gdpdeflator,obs_corepce,obs_nominalrate,obs_consumption,obs_investment,obs_BBBspread,obs_longinflation,obs_longrate,obs_tfp,obs_gdi,obs_AAAspread,obs_nominalrate1,obs_nominalrate2,obs_nominalrate3,obs_nominalrate4,obs_nominalrate5,obs_nominalrate6
0.5213567728986401,-45.42640999001905,0.5213567728986401,0.48332351022375597,0.49999999999998934,1.2696580718652761,0.5213567728986401,0.5213567728986401,0.4419923413665804,0.49999999999998934,1.2696580718652761,0.0,0.5213567728986401,0.1174310227768634,1.2696580718652761,1.2696580718652761,1.2696580718652761,1.2696580718652761,1.2696580718652761,1.2696580718652761
