obs_gdp,obs_hours,obs_wages,obs_gdpdeflator,obs_corepce,obs_nominalrate,obs_consumption,obs_investment,obs_BBBspread,obs_longinflation,obs_longrate,obs_tfp,obs_gdi,obs_AAAspread,obs_nominalrate1,obs_nominalrate2,obs_nominalrate3,obs_nominalrate4,obs_nominalrate5,obs_nominalrate6
0.4935297732663768,-46.73130763312059,0.4935297732663768,0.4761966723114179,0.49999999999998934,1.246250549160699,0.4935297732663768,0.4935297732663768,0.42964878981961274,0.49999999999998934,1.246250549160699,0.0,0.4935297732663768,0.1174310227768634,1.246250549160699,1.246250549160699,1.246250549160699,1.246250549160699,1.246250549160699,1.246250549160699
