obs_gdp,obs_hours,obs_wages,obs_gdpdeflator,obs_corepce,obs_nominalrate,obs_consumption,obs_investment,obs_BBBspread,obs_longinflation,obs_longrate,obs_tfp,obs_gdi,obs_AAAspread,obs_nominalrate1,obs_nominalrate2,obs_nominalrate3,obs_nominalrate4,obs_nominalrate5,obs_nominalrate6
0.5341220266770419,-44.647758431029175,0.5341220266770419,0.4801524565476926,0.49999999999998934,1.3039243637860576,0.5341220266770419,0.5341220266770419,0.43453208941608085,0.49999999999998934,1.3039243637860576,0.0,0.5341220266770419,0.1174310227768634,1.3039243637860576,1.3039243637860576,1.3039243637860576,1.3039243637860576,1.3039243637860576,1.3039243637860576
