obs_gdp,obs_hours,obs_wages,obs_gdpdeflator,obs_corepce,obs_nominalrate,obs_consumption,obs_investment,obs_BBBspread,obs_longinflation,obs_longrate,obs_tfp,obs_gdi,obs_AAAspread,obs_nominalrate1,obs_nominalrate2,obs_nominalrate3,obs_nominalrate4,obs_nominalrate5,obs_nominalrate6
0.4581544515698699,-47.266464009832454,0.4581544515698699,0.4786672486439647,0.49999999999998934,1.1999460956150454,0.4581544515698699,0.4581544515698699,0.43764593354717857,0.49999999999998934,1.1999460956150454,0.0,0.4581544515698699,0.1174310227768634,1.1999460956150454,1.1999460956150454,1.1999460956150454,1.1999460956150454,1.1999460956150454,1.1999460956150454
