obs_gdp,obs_hours,obs_wages,obs_gdpdeflator,obs_corepce,obs_nominalrate,obs_consumption,obs_investment,obs_BBBspread,obs_longinflation,obs_longrate,obs_tfp,obs_gdi,obs_AAAspread,obs_nominalrate1,obs_nominalrate2,obs_nominalrate3,obs_nominalrate4,obs_nominalrate5,obs_nominalrate6
0.5168067491691186,-46.13996148459665,0.5168067491691186,0.47684075286537597,0.49999999999998934,1.2985848495056684,0.5168067491691186,0.5168067491691186,0.43472328986610537,0.49999999999998934,1.2985848495056684,0.0,0.5168067491691186,0.1174310227768634,1.2985848495056684,1.2985848495056684,1.2985848495056684,1.2985848495056684,1.2985848495056684,1.2985848495056684
