obs_gdp,obs_hours,obs_wages,obs_gdpdeflator,obs_corepce,obs_nominalrate,obs_consumption,obs_investment,obs_BBBspread,obs_longinflation,obs_longrate,obs_tfp,obs_gdi,obs_AAAspread,obs_nominalrate1,obs_nominalrate2,obs_nominalrate3,obs_nominalrate4,obs_nominalrate5,obs_nominalrate6
0.4845236712241574,-46.575414474831234,0.4845236712241574,0.48142408092159095,0.49999999999998934,1.2242524615627248,0.4845236712241574,0.4845236712241574,0.43595044734670035,0.49999999999998934,1.2242524615627248,0.0,0.4845236712241574,0.1174310227768634,1.2242524615627248,1.2242524615627248,1.2242524615627248,1.2242524615627248,1.2242524615627248,1.2242524615627248
