obs_gdp,obs_hours,obs_wages,obs_gdpdeflator,obs_corepce,obs_nominalrate,obs_consumption,obs_investment,obs_BBBspread,obs_longinflation,obs_longrate,obs_tfp,obs_gdi,obs_AAAspread,obs_nominalrate1,obs_nominalrate2,obs_nominalrate3,obs_nominalrate4,obs_nominalrate5,obs_nominalrate6
0.519156132197085,-46.0193000699982,0.519156132197085,0.47604994796602124,0.49999999999998934,1.286854633839618,0.519156132197085,0.519156132197085,0.4319383682707009,0.49999999999998934,1.286854633839618,0.0,0.519156132197085,0.1174310227768634,1.286854633839618,1.286854633839618,1.286854633839618,1.286854633839618,1.286854633839618,1.286854633839618
