obs_gdp,obs_hours,obs_wages,obs_gdpdeflator,obs_corepce,obs_nominalrate,obs_consumption,obs_investment,obs_BBBspread,obs_longinflation,obs_longrate,obs_tfp,obs_gdi,obs_AAAspread,obs_nominalrate1,obs_nominalrate2,obs_nominalrate3,obs_nominalrate4,obs_nominalrate5,obs_nominalrate6
0.5175134980650808,-46.352110484964165,0.5175134980650808,0.4756931812994049,0.49999999999998934,1.2883164985565188,0.5175134980650808,0.5175134980650808,0.43495119433307583,0.49999999999998934,1.2883164985565188,0.0,0.5175134980650808,0.1174310227768634,1.2883164985565188,1.2883164985565188,1.2883164985565188,1.2883164985565188,1.2883164985565188,1.2883164985565188
