obs_gdp,obs_hours,obs_wages,obs_gdpdeflator,obs_corepce,obs_nominalrate,obs_consumption,obs_investment,obs_BBBspread,obs_longinflation,obs_longrate,obs_tfp,obs_gdi,obs_AAAspread,obs_nominalrate1,obs_nominalrate2,obs_nominalrate3,obs_nominalrate4,obs_nominalrate5,obs_nominalrate6
0.4203237769667689,-48.94331427940808,0.4203237769667689,0.48535869503890516,0.49999999999998934,1.1518467486715256,0.4203237769667689,0.4203237769667689,0.4400126175563011,0.49999999999998934,1.1518467486715256,0.0,0.4203237769667689,0.1174310227768634,1.1518467486715256,1.1518467486715256,1.1518467486715256,1.1518467486715256,1.1518467486715256,1.1518467486715256
