obs_gdp,obs_hours,obs_wages,obs_gdpdeflator,obs_corepce,obs_nominalrate,obs_consumption,obs_investment,obs_BBBspread,obs_longinflation,obs_longrate,obs_tfp,obs_gdi,obs_AAAspread,obs_nominalrate1,obs_nominalrate2,obs_nominalrate3,obs_nominalrate4,obs_nominalrate5,obs_nominalrate6
0.51716129067374,-46.185070022303535,0.51716129067374,0.47595849574381144,0.49999999999998934,1.31445608265095,0.51716129067374,0.51716129067374,0.4280933407698359,0.49999999999998934,1.31445608265095,0.0,0.51716129067374,0.1174310227768634,1.31445608265095,1.31445608265095,1.31445608265095,1.31445608265095,1.31445608265095,1.31445608265095
