obs_gdp,obs_hours,obs_wages,obs_gdpdeflator,obs_corepce,obs_nominalrate,obs_consumption,obs_investment,obs_BBBspread,obs_longinflation,obs_longrate,obs_tfp,obs_gdi,obs_AAAspread,obs_nominalrate1,obs_nominalrate2,obs_nominalrate3,obs_nominalrate4,obs_nominalrate5,obs_nominalrate6
0.422657546029237,-48.840427446915676,0.422657546029237,0.4853082618610577,0.49999999999998934,1.1565924384458581,0.422657546029237,0.422657546029237,0.438902052173869,0.49999999999998934,1.1565924384458581,0.0,0.422657546029237,0.1174310227768634,1.1565924384458581,1.1565924384458581,1.1565924384458581,1.1565924384458581,1.1565924384458581,1.1565924384458581
