obs_gdp,obs_hours,obs_wages,obs_gdpdeflator,obs_corepce,obs_nominalrate,obs_consumption,obs_investment,obs_BBBspread,obs_longinflation,obs_longrate,obs_tfp,obs_gdi,obs_AAAspread,obs_nominalrate1,obs_nominalrate2,obs_nominalrate3,obs_nominalrate4,obs_nominalrate5,obs_nominalrate6
0.4516087596867058,-48.43711337065952,0.4516087596867058,0.47708229563767246,0.49999999999998934,1.1965708944238207,0.4516087596867058,0.4516087596867058,0.43115497441336303,0.49999999999998934,1.1965708944238207,0.0,0.4516087596867058,0.1174310227768634,1.1965708944238207,1.1965708944238207,1.1965708944238207,1.1965708944238207,1.1965708944238207,1.1965708944238207
