obs_gdp,obs_hours,obs_wages,obs_gdpdeflator,obs_corepce,obs_nominalrate,obs_consumption,obs_investment,obs_BBBspread,obs_longinflation,obs_longrate,obs_tfp,obs_gdi,obs_AAAspread,obs_nominalrate1,obs_nominalrate2,obs_nominalrate3,obs_nominalrate4,obs_nominalrate5,obs_nominalrate6
0.45793467640449226,-48.14980079907514,0.45793467640449226,0.4745166000041613,0.49999999999998934,1.2343644759805983,0.45793467640449226,0.45793467640449226,0.42989653336008415,0.49999999999998934,1.2343644759805983,0.0,0.45793467640449226,0.1174310227768634,1.2343644759805983,1.2343644759805983,1.2343644759805983,1.2343644759805983,1.2343644759805983,1.2343644759805983
