obs_gdp,obs_hours,obs_wages,obs_gdpdeflator,obs_corepce,obs_nominalrate,obs_consumption,obs_investment,obs_BBBspread,obs_longinflation,obs_longrate,obs_tfp,obs_gdi,obs_AAAspread,obs_nominalrate1,obs_nominalrate2,obs_nominalrate3,obs_nominalrate4,obs_nominalrate5,obs_nominalrate6
0.4012753359714738,-50.24731725184943,0.4012753359714738,0.4768654002770206,0.49999999999998934,1.144214540513322,0.4012753359714738,0.4012753359714738,0.4303503578946622,0.49999999999998934,1.144214540513322,0.0,0.4012753359714738,0.1174310227768634,1.144214540513322,1.144214540513322,1.144214540513322,1.144214540513322,1.144214540513322,1.144214540513322
