obs_gdp,obs_hours,obs_wages,obs_gdpdeflator,obs_corepce,obs_nominalrate,obs_consumption,obs_investment,obs_BBBspread,obs_longinflation,obs_longrate,obs_tfp,obs_gdi,obs_AAAspread,obs_nominalrate1,obs_nominalrate2,obs_nominalrate3,obs_nominalrate4,obs_nominalrate5,obs_nominalrate6
0.45887491084553034,-47.67145088733813,0.45887491084553034,0.4860280707986232,0.49999999999998934,1.2083046287250543,0.45887491084553034,0.45887491084553034,0.43911738218126845,0.49999999999998934,1.2083046287250543,0.0,0.45887491084553034,0.1174310227768634,1.2083046287250543,1.2083046287250543,1.2083046287250543,1.2083046287250543,1.2083046287250543,1.2083046287250543
