obs_gdp,obs_hours,obs_wages,obs_gdpdeflator,obs_corepce,obs_nominalrate,obs_consumption,obs_investment,obs_BBBspread,obs_longinflation,obs_longrate,obs_tfp,obs_gdi,obs_AAAspread,obs_nominalrate1,obs_nominalrate2,obs_nominalrate3,obs_nominalrate4,obs_nominalrate5,obs_nominalrate6
0.4763872072292008,-46.83635303341171,0.4763872072292008,0.47881867121701827,0.49999999999998934,1.221107370250385,0.4763872072292008,0.4763872072292008,0.4377850183633259,0.49999999999998934,1.221107370250385,0.0,0.4763872072292008,0.1174310227768634,1.221107370250385,1.221107370250385,1.221107370250385,1.221107370250385,1.221107370250385,1.221107370250385
