obs_gdp,obs_hours,obs_wages,obs_gdpdeflator,obs_corepce,obs_nominalrate,obs_consumption,obs_investment,obs_BBBspread,obs_longinflation,obs_longrate,obs_tfp,obs_gdi,obs_AAAspread,obs_nominalrate1,obs_nominalrate2,obs_nominalrate3,obs_nominalrate4,obs_nominalrate5,obs_nominalrate6
0.5322576011423941,-45.616116537024304,0.5322576011423941,0.4749872325124886,0.49999999999998934,1.308767980687664,0.5322576011423941,0.5322576011423941,0.43357708653629257,0.49999999999998934,1.308767980687664,0.0,0.5322576011423941,0.1174310227768634,1.308767980687664,1.308767980687664,1.308767980687664,1.308767980687664,1.308767980687664,1.308767980687664
