obs_gdp,obs_hours,obs_wages,obs_gdpdeflator,obs_corepce,obs_nominalrate,obs_consumption,obs_investment,obs_BBBspread,obs_longinflation,obs_longrate,obs_tfp,obs_gdi,obs_AAAspread,obs_nominalrate1,obs_nominalrate2,obs_nominalrate3,obs_nominalrate4,obs_nominalrate5,obs_nominalrate6
0.5096911395786607,-46.60628922914915,0.5096911395786607,0.47440794373068795,0.49999999999998934,1.2725208849926117,0.5096911395786607,0.5096911395786607,0.4330044173918763,0.49999999999998934,1.2725208849926117,0.0,0.5096911395786607,0.1174310227768634,1.2725208849926117,1.2725208849926117,1.2725208849926117,1.2725208849926117,1.2725208849926117,1.2725208849926117
