obs_gdp,obs_hours,obs_wages,obs_gdpdeflator,obs_corepce,obs_nominalrate,obs_consumption,obs_investment,obs_BBBspread,obs_longinflation,obs_longrate,obs_tfp,obs_gdi,obs_AAAspread,obs_nominalrate1,obs_nominalrate2,obs_nominalrate3,obs_nominalrate4,obs_nominalrate5,obs_nominalrate6
0.47846708492282897,-46.96096432679365,0.47846708492282897,0.47829309382521024,0.49999999999998934,1.222074150669994,0.47846708492282897,0.47846708492282897,0.4303642984013347,0.49999999999998934,1.222074150669994,0.0,0.47846708492282897,0.1174310227768634,1.222074150669994,1.222074150669994,1.222074150669994,1.222074150669994,1.222074150669994,1.222074150669994
