obs_gdp,obs_hours,obs_wages,obs_gdpdeflator,obs_corepce,obs_nominalrate,obs_consumption,obs_investment,obs_BBBspread,obs_longinflation,obs_longrate,obs_tfp,obs_gdi,obs_AAAspread,obs_nominalrate1,obs_nominalrate2,obs_nominalrate3,obs_nominalrate4,obs_nominalrate5,obs_nominalrate6
0.44195531436328483,-47.79841694079333,0.44195531436328483,0.478045729303382,0.49999999999998934,1.1772869964257193,0.44195531436328483,0.44195531436328483,0.43920886201655246,0.49999999999998934,1.1772869964257193,0.0,0.44195531436328483,0.1174310227768634,1.1772869964257193,1.1772869964257193,1.1772869964257193,1.1772869964257193,1.1772869964257193,1.1772869964257193
