obs_gdp,obs_hours,obs_wages,obs_gdpdeflator,obs_corepce,obs_nominalrate,obs_consumption,obs_investment,obs_BBBspread,obs_longinflation,obs_longrate,obs_tfp,obs_gdi,obs_AAAspread,obs_nominalrate1,obs_nominalrate2,obs_nominalrate3,obs_nominalrate4,obs_nominalrate5,obs_nominalrate6
0.5521888907006778,-44.76665850776011,0.5521888907006778,0.47497230340228175,0.49999999999998934,1.337030505041703,0.5521888907006778,0.5521888907006778,0.437417052635083,0.49999999999998934,1.337030505041703,0.0,0.5521888907006778,0.1174310227768634,1.337030505041703,1.337030505041703,1.337030505041703,1.337030505041703,1.337030505041703,1.337030505041703
