obs_gdp,obs_hours,obs_wages,obs_gdpdeflator,obs_corepce,obs_nominalrate,obs_consumption,obs_investment,obs_BBBspread,obs_longinflation,obs_longrate,obs_tfp,obs_gdi,obs_AAAspread,obs_nominalrate1,obs_nominalrate2,obs_nominalrate3,obs_nominalrate4,obs_nominalrate5,obs_nominalrate6
0.4655392500843458,-47.75348399557055,0.4655392500843458,0.4768209975910201,0.49999999999998934,1.2143081772021391,0.4655392500843458,0.4655392500843458,0.43173791260124206,0.49999999999998934,1.2143081772021391,0.0,0.4655392500843458,0.1174310227768634,1.2143081772021391,1.2143081772021391,1.2143081772021391,1.2143081772021391,1.2143081772021391,1.2143081772021391
