obs_gdp,obs_hours,obs_wages,obs_gdpdeflator,obs_corepce,obs_nominalrate,obs_consumption,obs_investment,obs_BBBspread,obs_longinflation,obs_longrate,obs_tfp,obs_gdi,obs_AAAspread,obs_nominalrate1,obs_nominalrate2,obs_nominalrate3,obs_nominalrate4,obs_nominalrate5,obs_nominalrate6
0.46579522206726676,-47.05468100563236,0.46579522206726676,0.47787004851043124,0.49999999999998934,1.2055940855641767,0.46579522206726676,0.46579522206726676,0.4370886673522779,0.49999999999998934,1.2055940855641767,0.0,0.46579522206726676,0.1174310227768634,1.2055940855641767,1.2055940855641767,1.2055940855641767,1.2055940855641767,1.2055940855641767,1.2055940855641767
