obs_gdp,obs_hours,obs_wages,obs_gdpdeflator,obs_corepce,obs_nominalrate,obs_consumption,obs_investment,obs_BBBspread,obs_longinflation,obs_longrate,obs_tfp,obs_gdi,obs_AAAspread,obs_nominalrate1,obs_nominalrate2,obs_nominalrate3,obs_nominalrate4,obs_nominalrate5,obs_nominalrate6
0.42633552895363636,-49.192835938558545,0.42633552895363636,0.47441118151378514,0.49999999999998934,1.1858974322552784,0.42633552895363636,0.42633552895363636,0.4310375265526075,0.49999999999998934,1.1858974322552784,0.0,0.42633552895363636,0.1174310227768634,1.1858974322552784,1.1858974322552784,1.1858974322552784,1.1858974322552784,1.1858974322552784,1.1858974322552784
