obs_gdp,obs_hours,obs_wages,obs_gdpdeflator,obs_corepce,obs_nominalrate,obs_consumption,obs_investment,obs_BBBspread,obs_longinflation,obs_longrate,obs_tfp,obs_gdi,obs_AAAspread,obs_nominalrate1,obs_nominalrate2,obs_nominalrate3,obs_nominalrate4,obs_nominalrate5,obs_nominalrate6
0.41622172756210496,-49.652493694399226,0.41622172756210496,0.47427225817608726,0.49999999999998934,1.171768228832737,0.41622172756210496,0.41622172756210496,0.42965470859048904,0.49999999999998934,1.171768228832737,0.0,0.41622172756210496,0.1174310227768634,1.171768228832737,1.171768228832737,1.171768228832737,1.171768228832737,1.171768228832737,1.171768228832737
