obs_gdp,obs_hours,obs_wages,obs_gdpdeflator,obs_corepce,obs_nominalrate,obs_consumption,obs_investment,obs_BBBspread,obs_longinflation,obs_longrate,obs_tfp,obs_gdi,obs_AAAspread,obs_nominalrate1,obs_nominalrate2,obs_nominalrate3,obs_nominalrate4,obs_nominalrate5,obs_nominalrate6
0.4010160054235268,-50.19973658489099,0.4010160054235268,0.47500735629636215,0.49999999999998934,1.1549764487508218,0.4010160054235268,0.4010160054235268,0.42812857201864574,0.49999999999998934,1.1549764487508218,0.0,0.4010160054235268,0.1174310227768634,1.1549764487508218,1.1549764487508218,1.1549764487508218,1.1549764487508218,1.1549764487508218,1.1549764487508218
