obs_gdp,obs_hours,obs_wages,obs_gdpdeflator,obs_corepce,obs_nominalrate,obs_consumption,obs_investment,obs_BBBspread,obs_longinflation,obs_longrate,obs_tfp,obs_gdi,obs_AAAspread,obs_nominalrate1,obs_nominalrate2,obs_nominalrate3,obs_nominalrate4,obs_nominalrate5,obs_nominalrate6
0.45996855643892776,-47.80607741136045,0.45996855643892776,0.47785064442789416,0.49999999999998934,1.2241796234850222,0.45996855643892776,0.45996855643892776,0.4358337850089331,0.49999999999998934,1.2241796234850222,0.0,0.45996855643892776,0.1174310227768634,1.2241796234850222,1.2241796234850222,1.2241796234850222,1.2241796234850222,1.2241796234850222,1.2241796234850222
