obs_gdp,obs_hours,obs_wages,obs_gdpdeflator,obs_corepce,obs_nominalrate,obs_consumption,obs_investment,obs_BBBspread,obs_longinflation,obs_longrate,obs_tfp,obs_gdi,obs_AAAspread,obs_nominalrate1,obs_nominalrate2,obs_nominalrate3,obs_nominalrate4,obs_nominalrate5,obs_nominalrate6
0.4862222781511383,-46.83822700934775,0.4862222781511383,0.47783107097269023,0.49999999999998934,1.241593035234434,0.4862222781511383,0.4862222781511383,0.43867261013820896,0.49999999999998934,1.241593035234434,0.0,0.4862222781511383,0.1174310227768634,1.241593035234434,1.241593035234434,1.241593035234434,1.241593035234434,1.241593035234434,1.241593035234434
