obs_gdp,obs_hours,obs_wages,obs_gdpdeflator,obs_corepce,obs_nominalrate,obs_consumption,obs_investment,obs_BBBspread,obs_longinflation,obs_longrate,obs_tfp,obs_gdi,obs_AAAspread,obs_nominalrate1,obs_nominalrate2,obs_nominalrate3,obs_nominalrate4,obs_nominalrate5,obs_nominalrate6
0.4493242798952579,-48.08330006287926,0.4493242798952579,0.478124533906285,0.49999999999998934,1.1768439670309494,0.4493242798952579,0.4493242798952579,0.4328054021690163,0.49999999999998934,1.1768439670309494,0.0,0.4493242798952579,0.1174310227768634,1.1768439670309494,1.1768439670309494,1.1768439670309494,1.1768439670309494,1.1768439670309494,1.1768439670309494
