obs_gdp,obs_hours,obs_wages,obs_gdpdeflator,obs_corepce,obs_nominalrate,obs_consumption,obs_investment,obs_BBBspread,obs_longinflation,obs_longrate,obs_tfp,obs_gdi,obs_AAAspread,obs_nominalrate1,obs_nominalrate2,obs_nominalrate3,obs_nominalrate4,obs_nominalrate5,obs_nominalrate6
0.5509464564496858,-44.51917924497975,0.5509464564496858,0.48317840476562746,0.49999999999998934,1.3149893529789125,0.5509464564496858,0.5509464564496858,0.4413607184795538,0.49999999999998934,1.3149893529789125,0.0,0.5509464564496858,0.1174310227768634,1.3149893529789125,1.3149893529789125,1.3149893529789125,1.3149893529789125,1.3149893529789125,1.3149893529789125
