obs_gdp,obs_hours,obs_wages,obs_gdpdeflator,obs_corepce,obs_nominalrate,obs_consumption,obs_investment,obs_BBBspread,obs_longinflation,obs_longrate,obs_tfp,obs_gdi,obs_AAAspread,obs_nominalrate1,obs_nominalrate2,obs_nominalrate3,obs_nominalrate4,obs_nominalrate5,obs_nominalrate6
0.5390578056616135,-44.94213957399404,0.5390578056616135,0.4743942050134916,0.49999999999998934,1.3344034973377328,0.5390578056616135,0.5390578056616135,0.43127545795992966,0.49999999999998934,1.3344034973377328,0.0,0.5390578056616135,0.1174310227768634,1.3344034973377328,1.3344034973377328,1.3344034973377328,1.3344034973377328,1.3344034973377328,1.3344034973377328
