obs_gdp,obs_hours,obs_wages,obs_gdpdeflator,obs_corepce,obs_nominalrate,obs_consumption,obs_investment,obs_BBBspread,obs_longinflation,obs_longrate,obs_tfp,obs_gdi,obs_AAAspread,obs_nominalrate1,obs_nominalrate2,obs_nominalrate3,obs_nominalrate4,obs_nominalrate5,obs_nominalrate6
0.4828425753196086,-47.43815897442482,0.4828425753196086,0.477047678662617,0.49999999999998934,1.2388884538091505,0.4828425753196086,0.4828425753196086,0.43353742312997257,0.49999999999998934,1.2388884538091505,0.0,0.4828425753196086,0.1174310227768634,1.2388884538091505,1.2388884538091505,1.2388884538091505,1.2388884538091505,1.2388884538091505,1.2388884538091505
