obs_gdp,obs_hours,obs_wages,obs_gdpdeflator,obs_corepce,obs_nominalrate,obs_consumption,obs_investment,obs_BBBspread,obs_longinflation,obs_longrate,obs_tfp,obs_gdi,obs_AAAspread,obs_nominalrate1,obs_nominalrate2,obs_nominalrate3,obs_nominalrate4,obs_nominalrate5,obs_nominalrate6
0.4561811999946874,-48.56229513662784,0.4561811999946874,0.4762691964032054,0.49999999999998934,1.1902870939910493,0.4561811999946874,0.4561811999946874,0.4336881392580558,0.49999999999998934,1.1902870939910493,0.0,0.4561811999946874,0.1174310227768634,1.1902870939910493,1.1902870939910493,1.1902870939910493,1.1902870939910493,1.1902870939910493,1.1902870939910493
