obs_gdp,obs_hours,obs_wages,obs_gdpdeflator,obs_corepce,obs_nominalrate,obs_consumption,obs_investment,obs_BBBspread,obs_longinflation,obs_longrate,obs_tfp,obs_gdi,obs_AAAspread,obs_nominalrate1,obs_nominalrate2,obs_nominalrate3,obs_nominalrate4,obs_nominalrate5,obs_nominalrate6
0.453654944994919,-47.57229591317811,0.453654944994919,0.48047353314473246,0.49999999999998934,1.1882229181282788,0.453654944994919,0.453654944994919,0.4327358308815375,0.49999999999998934,1.1882229181282788,0.0,0.453654944994919,0.1174310227768634,1.1882229181282788,1.1882229181282788,1.1882229181282788,1.1882229181282788,1.1882229181282788,1.1882229181282788
