obs_gdp,obs_hours,obs_wages,obs_gdpdeflator,obs_corepce,obs_nominalrate,obs_consumption,obs_investment,obs_BBBspread,obs_longinflation,obs_longrate,obs_tfp,obs_gdi,obs_AAAspread,obs_nominalrate1,obs_nominalrate2,obs_nominalrate3,obs_nominalrate4,obs_nominalrate5,obs_nominalrate6
0.4379840079890007,-48.672587606447664,0.4379840079890007,0.47887508360518405,0.49999999999998934,1.185592325197593,0.4379840079890007,0.4379840079890007,0.4299375346656773,0.49999999999998934,1.185592325197593,0.0,0.4379840079890007,0.1174310227768634,1.185592325197593,1.185592325197593,1.185592325197593,1.185592325197593,1.185592325197593,1.185592325197593
