obs_gdp,obs_hours,obs_wages,obs_gdpdeflator,obs_corepce,obs_nominalrate,obs_consumption,obs_investment,obs_BBBspread,obs_longinflation,obs_longrate,obs_tfp,obs_gdi,obs_AAAspread,obs_nominalrate1,obs_nominalrate2,obs_nominalrate3,obs_nominalrate4,obs_nominalrate5,obs_nominalrate6
0.45790658086435343,-48.05469916951007,0.45790658086435343,0.47656503267367145,0.49999999999998934,1.200328764624925,0.45790658086435343,0.45790658086435343,0.4277818157443738,0.49999999999998934,1.200328764624925,0.0,0.45790658086435343,0.1174310227768634,1.200328764624925,1.200328764624925,1.200328764624925,1.200328764624925,1.200328764624925,1.200328764624925
