obs_gdp,obs_hours,obs_wages,obs_gdpdeflator,obs_corepce,obs_nominalrate,obs_consumption,obs_investment,obs_BBBspread,obs_longinflation,obs_longrate,obs_tfp,obs_gdi,obs_AAAspread,obs_nominalrate1,obs_nominalrate2,obs_nominalrate3,obs_nominalrate4,obs_nominalrate5,obs_nominalrate6
0.4579728806596961,-47.637765901970575,0.4579728806596961,0.4850081946834209,0.49999999999998934,1.205945225587035,0.4579728806596961,0.4579728806596961,0.44133906281656227,0.49999999999998934,1.205945225587035,0.0,0.4579728806596961,0.1174310227768634,1.205945225587035,1.205945225587035,1.205945225587035,1.205945225587035,1.205945225587035,1.205945225587035
