obs_gdp,obs_hours,obs_wages,obs_gdpdeflator,obs_corepce,obs_nominalrate,obs_consumption,obs_investment,obs_BBBspread,obs_longinflation,obs_longrate,obs_tfp,obs_gdi,obs_AAAspread,obs_nominalrate1,obs_nominalrate2,obs_nominalrate3,obs_nominalrate4,obs_nominalrate5,obs_nominalrate6
0.5306601608994654,-45.80486332954685,0.5306601608994654,0.4742121969252246,0.49999999999998934,1.3282478684135013,0.5306601608994654,0.5306601608994654,0.42950709144540256,0.49999999999998934,1.3282478684135013,0.0,0.5306601608994654,0.1174310227768634,1.3282478684135013,1.3282478684135013,1.3282478684135013,1.3282478684135013,1.3282478684135013,1.3282478684135013
