obs_gdp,obs_hours,obs_wages,obs_gdpdeflator,obs_corepce,obs_nominalrate,obs_consumption,obs_investment,obs_BBBspread,obs_longinflation,obs_longrate,obs_tfp,obs_gdi,obs_AAAspread,obs_nominalrate1,obs_nominalrate2,obs_nominalrate3,obs_nominalrate4,obs_nominalrate5,obs_nominalrate6
0.4901440262119028,-46.4950653173269,0.4901440262119028,0.4830474701532803,0.49999999999998934,1.2446233814355834,0.4901440262119028,0.4901440262119028,0.43425387279064476,0.49999999999998934,1.2446233814355834,0.0,0.4901440262119028,0.1174310227768634,1.2446233814355834,1.2446233814355834,1.2446233814355834,1.2446233814355834,1.2446233814355834,1.2446233814355834
