obs_gdp,obs_hours,obs_wages,obs_gdpdeflator,obs_corepce,obs_nominalrate,obs_consumption,obs_investment,obs_BBBspread,obs_longinflation,obs_longrate,obs_tfp,obs_gdi,obs_AAAspread,obs_nominalrate1,obs_nominalrate2,obs_nominalrate3,obs_nominalrate4,obs_nominalrate5,obs_nominalrate6
0.5673124081223557,-43.955585198523785,0.5673124081223557,0.47937144722060165,0.49999999999998934,1.3521486561112628,0.5673124081223557,0.5673124081223557,0.4335516623215907,0.49999999999998934,1.3521486561112628,0.0,0.5673124081223557,0.1174310227768634,1.3521486561112628,1.3521486561112628,1.3521486561112628,1.3521486561112628,1.3521486561112628,1.3521486561112628
