obs_gdp,obs_hours,obs_wages,obs_gdpdeflator,obs_corepce,obs_nominalrate,obs_consumption,obs_investment,obs_BBBspread,obs_longinflation,obs_longrate,obs_tfp,obs_gdi,obs_AAAspread,obs_nominalrate1,obs_nominalrate2,obs_nominalrate3,obs_nominalrate4,obs_nominalrate5,obs_nominalrate6
0.4825667636819686,-46.576740278238304,0.4825667636819686,0.48229451474330864,0.49999999999998934,1.2227851130020673,0.4825667636819686,0.4825667636819686,0.4426467693710282,0.49999999999998934,1.2227851130020673,0.0,0.4825667636819686,0.1174310227768634,1.2227851130020673,1.2227851130020673,1.2227851130020673,1.2227851130020673,1.2227851130020673,1.2227851130020673
