obs_gdp,obs_hours,obs_wages,obs_gdpdeflator,obs_corepce,obs_nominalrate,obs_consumption,obs_investment,obs_BBBspread,obs_longinflation,obs_longrate,obs_tfp,obs_gdi,obs_AAAspread,obs_nominalrate1,obs_nominalrate2,obs_nominalrate3,obs_nominalrate4,obs_nominalrate5,obs_nominalrate6
0.5346873217131565,-45.32060360430215,0.5346873217131565,0.47499907532296987,0.49999999999998934,1.2999326264747202,0.5346873217131565,0.5346873217131565,0.4307611539509073,0.49999999999998934,1.2999326264747202,0.0,0.5346873217131565,0.1174310227768634,1.2999326264747202,1.2999326264747202,1.2999326264747202,1.2999326264747202,1.2999326264747202,1.2999326264747202
