obs_gdp,obs_hours,obs_wages,obs_gdpdeflator,obs_corepce,obs_nominalrate,obs_consumption,obs_investment,obs_BBBspread,obs_longinflation,obs_longrate,obs_tfp,obs_gdi,obs_AAAspread,obs_nominalrate1,obs_nominalrate2,obs_nominalrate3,obs_nominalrate4,obs_nominalrate5,obs_nominalrate6
0.5251397452044282,-45.83209007236835,0.5251397452044282,0.47729636897380784,0.49999999999998934,1.3064959860641157,0.5251397452044282,0.5251397452044282,0.434347881053015,0.49999999999998934,1.3064959860641157,0.0,0.5251397452044282,0.1174310227768634,1.3064959860641157,1.3064959860641157,1.3064959860641157,1.3064959860641157,1.3064959860641157,1.3064959860641157
