obs_gdp,obs_hours,obs_wages,obs_gdpdeflator,obs_corepce,obs_nominalrate,obs_consumption,obs_investment,obs_BBBspread,obs_longinflation,obs_longrate,obs_tfp,obs_gdi,obs_AAAspread,obs_nominalrate1,obs_nominalrate2,obs_nominalrate3,obs_nominalrate4,obs_nominalrate5,obs_nominalrate6
0.45160951589300335,-47.9706377853103,0.45160951589300335,0.47792512604175064,0.49999999999998934,1.1852839647175095,0.45160951589300335,0.45160951589300335,0.4313383513335767,0.49999999999998934,1.1852839647175095,0.0,0.45160951589300335,0.1174310227768634,1.1852839647175095,1.1852839647175095,1.1852839647175095,1.1852839647175095,1.1852839647175095,1.1852839647175095
