obs_gdp,obs_hours,obs_wages,obs_gdpdeflator,obs_corepce,obs_nominalrate,obs_consumption,obs_investment,obs_BBBspread,obs_longinflation,obs_longrate,obs_tfp,obs_gdi,obs_AAAspread,obs_nominalrate1,obs_nominalrate2,obs_nominalrate3,obs_nominalrate4,obs_nominalrate5,obs_nominalrate6
0.526466898035105,-45.251202095305366,0.526466898035105,0.47966936411423855,0.49999999999998934,1.2870210281155536,0.526466898035105,0.526466898035105,0.43414583881916763,0.49999999999998934,1.2870210281155536,0.0,0.526466898035105,0.1174310227768634,1.2870210281155536,1.2870210281155536,1.2870210281155536,1.2870210281155536,1.2870210281155536,1.2870210281155536
