obs_gdp,obs_hours,obs_wages,obs_gdpdeflator,obs_corepce,obs_nominalrate,obs_consumption,obs_investment,obs_BBBspread,obs_longinflation,obs_longrate,obs_tfp,obs_gdi,obs_AAAspread,obs_nominalrate1,obs_nominalrate2,obs_nominalrate3,obs_nominalrate4,obs_nominalrate5,obs_nominalrate6
0.4250193370691102,-48.43948297663708,0.4250193370691102,0.4793588673858391,0.49999999999998934,1.1487839101567143,0.4250193370691102,0.4250193370691102,0.4400271871012374,0.49999999999998934,1.1487839101567143,0.0,0.4250193370691102,0.1174310227768634,1.1487839101567143,1.1487839101567143,1.1487839101567143,1.1487839101567143,1.1487839101567143,1.1487839101567143
