obs_gdp,obs_hours,obs_wages,obs_gdpdeflator,obs_corepce,obs_nominalrate,obs_consumption,obs_investment,obs_BBBspread,obs_longinflation,obs_longrate,obs_tfp,obs_gdi,obs_AAAspread,obs_nominalrate1,obs_nominalrate2,obs_nominalrate3,obs_nominalrate4,obs_nominalrate5,obs_nominalrate6
0.5018370540111006,-46.84574448249364,0.5018370540111006,0.4746251806581146,0.49999999999998934,1.257595738100381,0.5018370540111006,0.5018370540111006,0.4305421824125025,0.49999999999998934,1.257595738100381,0.0,0.5018370540111006,0.1174310227768634,1.257595738100381,1.257595738100381,1.257595738100381,1.257595738100381,1.257595738100381,1.257595738100381
