obs_gdp,obs_hours,obs_wages,obs_gdpdeflator,obs_corepce,obs_nominalrate,obs_consumption,obs_investment,obs_BBBspread,obs_longinflation,obs_longrate,obs_tfp,obs_gdi,obs_AAAspread,obs_nominalrate1,obs_nominalrate2,obs_nominalrate3,obs_nominalrate4,obs_nominalrate5,obs_nominalrate6
0.544550127026544,-44.92122849772815,0.544550127026544,0.47621728602989477,0.49999999999998934,1.3108756502841823,0.544550127026544,0.544550127026544,0.43392081065815635,0.49999999999998934,1.3108756502841823,0.0,0.544550127026544,0.1174310227768634,1.3108756502841823,1.3108756502841823,1.3108756502841823,1.3108756502841823,1.3108756502841823,1.3108756502841823
