obs_gdp,obs_hours,obs_wages,obs_gdpdeflator,obs_corepce,obs_nominalrate,obs_consumption,obs_investment,obs_BBBspread,obs_longinflation,obs_longrate,obs_tfp,obs_gdi,obs_AAAspread,obs_nominalrate1,obs_nominalrate2,obs_nominalrate3,obs_nominalrate4,obs_nominalrate5,obs_nominalrate6
0.4869644829561981,-46.791885594083965,0.4869644829561981,0.4779006556957232,0.49999999999998934,1.2368702849017144,0.4869644829561981,0.4869644829561981,0.430931900790181,0.49999999999998934,1.2368702849017144,0.0,0.4869644829561981,0.1174310227768634,1.2368702849017144,1.2368702849017144,1.2368702849017144,1.2368702849017144,1.2368702849017144,1.2368702849017144
