obs_gdp,obs_hours,obs_wages,obs_gdpdeflator,obs_corepce,obs_nominalrate,obs_consumption,obs_investment,obs_BBBspread,obs_longinflation,obs_longrate,obs_tfp,obs_gdi,obs_AAAspread,obs_nominalrate1,obs_nominalrate2,obs_nominalrate3,obs_nominalrate4,obs_nominalrate5,obs_nominalrate6
0.4917724854707428,-46.35504777308818,0.4917724854707428,0.4766423365770439,0.49999999999998934,1.2397636542782475,0.4917724854707428,0.4917724854707428,0.43250756987336647,0.49999999999998934,1.2397636542782475,0.0,0.4917724854707428,0.1174310227768634,1.2397636542782475,1.2397636542782475,1.2397636542782475,1.2397636542782475,1.2397636542782475,1.2397636542782475
