obs_gdp,obs_hours,obs_wages,obs_gdpdeflator,obs_corepce,obs_nominalrate,obs_consumption,obs_investment,obs_BBBspread,obs_longinflation,obs_longrate,obs_tfp,obs_gdi,obs_AAAspread,obs_nominalrate1,obs_nominalrate2,obs_nominalrate3,obs_nominalrate4,obs_nominalrate5,obs_nominalrate6
0.4988682370320685,-46.61972503377421,0.4988682370320685,0.47438698379689925,0.49999999999998934,1.2806561276362594,0.4988682370320685,0.4988682370320685,0.42916810351016876,0.49999999999998934,1.2806561276362594,0.0,0.4988682370320685,0.1174310227768634,1.2806561276362594,1.2806561276362594,1.2806561276362594,1.2806561276362594,1.2806561276362594,1.2806561276362594
