obs_gdp,obs_hours,obs_wages,obs_gdpdeflator,obs_corepce,obs_nominalrate,obs_consumption,obs_investment,obs_BBBspread,obs_longinflation,obs_longrate,obs_tfp,obs_gdi,obs_AAAspread,obs_nominalrate1,obs_nominalrate2,obs_nominalrate3,obs_nominalrate4,obs_nominalrate5,obs_nominalrate6
0.47106516714134905,-47.16836879734761,0.47106516714134905,0.4782394838080771,0.49999999999998934,1.2138668771082717,0.47106516714134905,0.47106516714134905,0.43094790043300785,0.49999999999998934,1.2138668771082717,0.0,0.47106516714134905,0.1174310227768634,1.2138668771082717,1.2138668771082717,1.2138668771082717,1.2138668771082717,1.2138668771082717,1.2138668771082717
