obs_gdp,obs_hours,obs_wages,obs_gdpdeflator,obs_corepce,obs_nominalrate,obs_consumption,obs_investment,obs_BBBspread,obs_longinflation,obs_longrate,obs_tfp,obs_gdi,obs_AAAspread,obs_nominalrate1,obs_nominalrate2,obs_nominalrate3,obs_nominalrate4,obs_nominalrate5,obs_nominalrate6
0.5314817249397752,-44.94156822304225,0.5314817249397752,0.4823156722583533,0.49999999999998934,1.3040639010686528,0.5314817249397752,0.5314817249397752,0.43752896009918546,0.49999999999998934,1.3040639010686528,0.0,0.5314817249397752,0.1174310227768634,1.3040639010686528,1.3040639010686528,1.3040639010686528,1.3040639010686528,1.3040639010686528,1.3040639010686528
