obs_gdp,obs_hours,obs_wages,obs_gdpdeflator,obs_corepce,obs_nominalrate,obs_consumption,obs_investment,obs_BBBspread,obs_longinflation,obs_longrate,obs_tfp,obs_gdi,obs_AAAspread,obs_nominalrate1,obs_nominalrate2,obs_nominalrate3,obs_nominalrate4,obs_nominalrate5,obs_nominalrate6
0.4926300625718749,-46.600233712515056,0.4926300625718749,0.48109949513941314,0.49999999999998934,1.2342369567739597,0.4926300625718749,0.4926300625718749,0.4334502278298405,0.49999999999998934,1.2342369567739597,0.0,0.4926300625718749,0.1174310227768634,1.2342369567739597,1.2342369567739597,1.2342369567739597,1.2342369567739597,1.2342369567739597,1.2342369567739597
