obs_gdp,obs_hours,obs_wages,obs_gdpdeflator,obs_corepce,obs_nominalrate,obs_consumption,obs_investment,obs_BBBspread,obs_longinflation,obs_longrate,obs_tfp,obs_gdi,obs_AAAspread,obs_nominalrate1,obs_nominalrate2,obs_nominalrate3,obs_nominalrate4,obs_nominalrate5,obs_nominalrate6
0.4891908405610046,-46.701159462816804,0.4891908405610046,0.4779203526494611,0.49999999999998934,1.2425570046001644,0.4891908405610046,0.4891908405610046,0.4394294428096386,0.49999999999998934,1.2425570046001644,0.0,0.4891908405610046,0.1174310227768634,1.2425570046001644,1.2425570046001644,1.2425570046001644,1.2425570046001644,1.2425570046001644,1.2425570046001644
