obs_gdp,obs_hours,obs_wages,obs_gdpdeflator,obs_corepce,obs_nominalrate,obs_consumption,obs_investment,obs_BBBspread,obs_longinflation,obs_longrate,obs_tfp,obs_gdi,obs_AAAspread,obs_nominalrate1,obs_nominalrate2,obs_nominalrate3,obs_nominalrate4,obs_nominalrate5,obs_nominalrate6
0.5503994050878314,-44.560786931909,0.5503994050878314,0.4824703178258347,0.49999999999998934,1.3176274354116835,0.5503994050878314,0.5503994050878314,0.44040354900308204,0.49999999999998934,1.3176274354116835,0.0,0.5503994050878314,0.1174310227768634,1.3176274354116835,1.3176274354116835,1.3176274354116835,1.3176274354116835,1.3176274354116835,1.3176274354116835
