obs_gdp,obs_hours,obs_wages,obs_gdpdeflator,obs_corepce,obs_nominalrate,obs_consumption,obs_investment,obs_BBBspread,obs_longinflation,obs_longrate,obs_tfp,obs_gdi,obs_AAAspread,obs_nominalrate1,obs_nominalrate2,obs_nominalrate3,obs_nominalrate4,obs_nominalrate5,obs_nominalrate6
0.5362788331115809,-45.5550774263773,0.5362788331115809,0.47318231937396826,0.49999999999998934,1.3176046519761675,0.5362788331115809,0.5362788331115809,0.4350443288284043,0.49999999999998934,1.3176046519761675,0.0,0.5362788331115809,0.1174310227768634,1.3176046519761675,1.3176046519761675,1.3176046519761675,1.3176046519761675,1.3176046519761675,1.3176046519761675
