obs_gdp,obs_hours,obs_wages,obs_gdpdeflator,obs_corepce,obs_nominalrate,obs_consumption,obs_investment,obs_BBBspread,obs_longinflation,obs_longrate,obs_tfp,obs_gdi,obs_AAAspread,obs_nominalrate1,obs_nominalrate2,obs_nominalrate3,obs_nominalrate4,obs_nominalrate5,obs_nominalrate6
0.5141493826980703,-45.89755731583265,0.5141493826980703,0.48282919019657783,0.49999999999998934,1.2642760800569253,0.5141493826980703,0.5141493826980703,0.4394996473225961,0.49999999999998934,1.2642760800569253,0.0,0.5141493826980703,0.1174310227768634,1.2642760800569253,1.2642760800569253,1.2642760800569253,1.2642760800569253,1.2642760800569253,1.2642760800569253
