obs_gdp,obs_hours,obs_wages,obs_gdpdeflator,obs_corepce,obs_nominalrate,obs_consumption,obs_investment,obs_BBBspread,obs_longinflation,obs_longrate,obs_tfp,obs_gdi,obs_AAAspread,obs_nominalrate1,obs_nominalrate2,obs_nominalrate3,obs_nominalrate4,obs_nominalrate5,obs_nominalrate6
0.4709844751348502,-47.08600547457793,0.4709844751348502,0.48069404139962213,0.49999999999998934,1.207582641769278,0.4709844751348502,0.4709844751348502,0.432959371784319,0.49999999999998934,1.207582641769278,0.0,0.4709844751348502,0.1174310227768634,1.207582641769278,1.207582641769278,1.207582641769278,1.207582641769278,1.207582641769278,1.207582641769278
