obs_gdp,obs_hours,obs_wages,obs_gdpdeflator,obs_corepce,obs_nominalrate,obs_consumption,obs_investment,obs_BBBspread,obs_longinflation,obs_longrate,obs_tfp,obs_gdi,obs_AAAspread,obs_nominalrate1,obs_nominalrate2,obs_nominalrate3,obs_nominalrate4,obs_nominalrate5,obs_nominalrate6
0.4767404028146238,-47.35731061265542,0.4767404028146238,0.47612428984958793,0.49999999999998934,1.2151536913776573,0.4767404028146238,0.4767404028146238,0.4319846919110412,0.49999999999998934,1.2151536913776573,0.0,0.4767404028146238,0.1174310227768634,1.2151536913776573,1.2151536913776573,1.2151536913776573,1.2151536913776573,1.2151536913776573,1.2151536913776573
