obs_gdp,obs_hours,obs_wages,obs_gdpdeflator,obs_corepce,obs_nominalrate,obs_consumption,obs_investment,obs_BBBspread,obs_longinflation,obs_longrate,obs_tfp,obs_gdi,obs_AAAspread,obs_nominalrate1,obs_nominalrate2,obs_nominalrate3,obs_nominalrate4,obs_nominalrate5,obs_nominalrate6
0.48451896757308877,-47.11179094736535,0.48451896757308877,0.4745776941744324,0.49999999999998934,1.2596183716181653,0.48451896757308877,0.48451896757308877,0.42891241684526166,0.49999999999998934,1.2596183716181653,0.0,0.48451896757308877,0.1174310227768634,1.2596183716181653,1.2596183716181653,1.2596183716181653,1.2596183716181653,1.2596183716181653,1.2596183716181653
