obs_gdp,obs_hours,obs_wages,obs_gdpdeflator,obs_corepce,obs_nominalrate,obs_consumption,obs_investment,obs_BBBspread,obs_longinflation,obs_longrate,obs_tfp,obs_gdi,obs_AAAspread,obs_nominalrate1,obs_nominalrate2,obs_nominalrate3,obs_nominalrate4,obs_nominalrate5,obs_nominalrate6
0.4422901368119403,-48.87128248027849,0.4422901368119403,0.47587018259723146,0.49999999999998934,1.20213522107544,0.4422901368119403,0.4422901368119403,0.4311897089312601,0.49999999999998934,1.20213522107544,0.0,0.4422901368119403,0.1174310227768634,1.20213522107544,1.20213522107544,1.20213522107544,1.20213522107544,1.20213522107544,1.20213522107544
