obs_gdp,obs_hours,obs_wages,obs_gdpdeflator,obs_corepce,obs_nominalrate,obs_consumption,obs_investment,obs_BBBspread,obs_longinflation,obs_longrate,obs_tfp,obs_gdi,obs_AAAspread,obs_nominalrate1,obs_nominalrate2,obs_nominalrate3,obs_nominalrate4,obs_nominalrate5,obs_nominalrate6
0.46298610564861065,-47.686053291002786,0.46298610564861065,0.4776703324959577,0.49999999999998934,1.2000639307134353,0.46298610564861065,0.46298610564861065,0.4298874689689437,0.49999999999998934,1.2000639307134353,0.0,0.46298610564861065,0.1174310227768634,1.2000639307134353,1.2000639307134353,1.2000639307134353,1.2000639307134353,1.2000639307134353,1.2000639307134353
