obs_gdp,obs_hours,obs_wages,obs_gdpdeflator,obs_corepce,obs_nominalrate,obs_consumption,obs_investment,obs_BBBspread,obs_longinflation,obs_longrate,obs_tfp,obs_gdi,obs_AAAspread,obs_nominalrate1,obs_nominalrate2,obs_nominalrate3,obs_nominalrate4,obs_nominalrate5,obs_nominalrate6
0.4437615724270261,-48.75579434830221,0.4437615724270261,0.4739510521255635,0.49999999999998934,1.1889755788734968,0.4437615724270261,0.4437615724270261,0.4365601651225897,0.49999999999998934,1.1889755788734968,0.0,0.4437615724270261,0.1174310227768634,1.1889755788734968,1.1889755788734968,1.1889755788734968,1.1889755788734968,1.1889755788734968,1.1889755788734968
