obs_gdp,obs_hours,obs_wages,obs_gdpdeflator,obs_corepce,obs_nominalrate,obs_consumption,obs_investment,obs_BBBspread,obs_longinflation,obs_longrate,obs_tfp,obs_gdi,obs_AAAspread,obs_nominalrate1,obs_nominalrate2,obs_nominalrate3,obs_nominalrate4,obs_nominalrate5,obs_nominalrate6
0.48434398296341996,-46.91032998978951,0.48434398296341996,0.4782321160851607,0.49999999999998934,1.2372703211848135,0.48434398296341996,0.48434398296341996,0.4388407224084463,0.49999999999998934,1.2372703211848135,0.0,0.48434398296341996,0.1174310227768634,1.2372703211848135,1.2372703211848135,1.2372703211848135,1.2372703211848135,1.2372703211848135,1.2372703211848135
