obs_gdp,obs_hours,obs_wages,obs_gdpdeflator,obs_corepce,obs_nominalrate,obs_consumption,obs_investment,obs_BBBspread,obs_longinflation,obs_longrate,obs_tfp,obs_gdi,obs_AAAspread,obs_nominalrate1,obs_nominalrate2,obs_nominalrate3,obs_nominalrate4,obs_nominalrate5,obs_nominalrate6
0.5696704999438751,-43.61518650374904,0.5696704999438751,0.47507267401296877,0.49999999999998934,1.3527477970572077,0.5696704999438751,0.5696704999438751,0.4380497632231787,0.49999999999998934,1.3527477970572077,0.0,0.5696704999438751,0.1174310227768634,1.3527477970572077,1.3527477970572077,1.3527477970572077,1.3527477970572077,1.3527477970572077,1.3527477970572077
