obs_gdp,obs_hours,obs_wages,obs_gdpdeflator,obs_corepce,obs_nominalrate,obs_consumption,obs_investment,obs_BBBspread,obs_longinflation,obs_longrate,obs_tfp,obs_gdi,obs_AAAspread,obs_nominalrate1,obs_nominalrate2,obs_nominalrate3,obs_nominalrate4,obs_nominalrate5,obs_nominalrate6
0.4420875226895493,-48.46246110838542,0.4420875226895493,0.4764773778013472,0.49999999999998934,1.1913583561580898,0.4420875226895493,0.4420875226895493,0.4317059124579314,0.49999999999998934,1.1913583561580898,0.0,0.4420875226895493,0.1174310227768634,1.1913583561580898,1.1913583561580898,1.1913583561580898,1.1913583561580898,1.1913583561580898,1.1913583561580898
