obs_gdp,obs_hours,obs_wages,obs_gdpdeflator,obs_corepce,obs_nominalrate,obs_consumption,obs_investment,obs_BBBspread,obs_longinflation,obs_longrate,obs_tfp,obs_gdi,obs_AAAspread,obs_nominalrate1,obs_nominalrate2,obs_nominalrate3,obs_nominalrate4,obs_nominalrate5,obs_nominalrate6
0.47462204797978913,-47.66663862229897,0.47462204797978913,0.4745744966727208,0.49999999999998934,1.2477938179036752,0.47462204797978913,0.47462204797978913,0.43343554542691576,0.49999999999998934,1.2477938179036752,0.0,0.47462204797978913,0.1174310227768634,1.2477938179036752,1.2477938179036752,1.2477938179036752,1.2477938179036752,1.2477938179036752,1.2477938179036752
