obs_gdp,obs_hours,obs_wages,obs_gdpdeflator,obs_corepce,obs_nominalrate,obs_consumption,obs_investment,obs_BBBspread,obs_longinflation,obs_longrate,obs_tfp,obs_gdi,obs_AAAspread,obs_nominalrate1,obs_nominalrate2,obs_nominalrate3,obs_nominalrate4,obs_nominalrate5,obs_nominalrate6
0.4621129095186083,-47.95494193266473,0.4621129095186083,0.47233531970755605,0.49999999999998934,1.2281841930463333,0.4621129095186083,0.4621129095186083,0.43551376123808433,0.49999999999998934,1.2281841930463333,0.0,0.4621129095186083,0.1174310227768634,1.2281841930463333,1.2281841930463333,1.2281841930463333,1.2281841930463333,1.2281841930463333,1.2281841930463333
