obs_gdp,obs_hours,obs_wages,obs_gdpdeflator,obs_corepce,obs_nominalrate,obs_consumption,obs_investment,obs_BBBspread,obs_longinflation,obs_longrate,obs_tfp,obs_gdi,obs_AAAspread,obs_nominalrate1,obs_nominalrate2,obs_nominalrate3,obs_nominalrate4,obs_nominalrate5,obs_nominalrate6
0.5514947900928657,-45.019194057845965,0.5514947900928657,0.4750582376235928,0.49999999999998934,1.343842597984013,0.5514947900928657,0.5514947900928657,0.4277647726268086,0.49999999999998934,1.343842597984013,0.0,0.5514947900928657,0.1174310227768634,1.343842597984013,1.343842597984013,1.343842597984013,1.343842597984013,1.343842597984013,1.343842597984013
