obs_gdp,obs_hours,obs_wages,obs_gdpdeflator,obs_corepce,obs_nominalrate,obs_consumption,obs_investment,obs_BBBspread,obs_longinflation,obs_longrate,obs_tfp,obs_gdi,obs_AAAspread,obs_nominalrate1,obs_nominalrate2,obs_nominalrate3,obs_nominalrate4,obs_nominalrate5,obs_nominalrate6
0.5372431836306646,-44.841530596203384,0.5372431836306646,0.48210110220666713,0.49999999999998934,1.300034470119571,0.5372431836306646,0.5372431836306646,0.4410479680295284,0.49999999999998934,1.300034470119571,0.0,0.5372431836306646,0.1174310227768634,1.300034470119571,1.300034470119571,1.300034470119571,1.300034470119571,1.300034470119571,1.300034470119571
