obs_gdp,obs_hours,obs_wages,obs_gdpdeflator,obs_corepce,obs_nominalrate,obs_consumption,obs_investment,obs_BBBspread,obs_longinflation,obs_longrate,obs_tfp,obs_gdi,obs_AAAspread,obs_nominalrate1,obs_nominalrate2,obs_nominalrate3,obs_nominalrate4,obs_nominalrate5,obs_nominalrate6
0.46530355673812807,-48.0186430784384,0.46530355673812807,0.47358381093101026,0.49999999999998934,1.231365771664561,0.46530355673812807,0.46530355673812807,0.4337126469042021,0.49999999999998934,1.231365771664561,0.0,0.46530355673812807,0.1174310227768634,1.231365771664561,1.231365771664561,1.231365771664561,1.231365771664561,1.231365771664561,1.231365771664561
