obs_gdp,obs_hours,obs_wages,obs_gdpdeflator,obs_corepce,obs_nominalrate,obs_consumption,obs_investment,obs_BBBspread,obs_longinflation,obs_longrate,obs_tfp,obs_gdi,obs_AAAspread,obs_nominalrate1,obs_nominalrate2,obs_nominalrate3,obs_nominalrate4,obs_nominalrate5,obs_nominalrate6
0.4400522417456587,-48.191263196073116,0.4400522417456587,0.48597996879385674,0.49999999999998934,1.183095942278567,0.4400522417456587,0.4400522417456587,0.440540612903142,0.49999999999998934,1.183095942278567,0.0,0.4400522417456587,0.1174310227768634,1.183095942278567,1.183095942278567,1.183095942278567,1.183095942278567,1.183095942278567,1.183095942278567
