obs_gdp,obs_hours,obs_wages,obs_gdpdeflator,obs_corepce,obs_nominalrate,obs_consumption,obs_investment,obs_BBBspread,obs_longinflation,obs_longrate,obs_tfp,obs_gdi,obs_AAAspread,obs_nominalrate1,obs_nominalrate2,obs_nominalrate3,obs_nominalrate4,obs_nominalrate5,obs_nominalrate6
0.5454147999784942,-44.71488621762219,0.5454147999784942,0.4825030889471623,0.49999999999998934,1.3254983877857507,0.5454147999784942,0.5454147999784942,0.43783036002775944,0.49999999999998934,1.3254983877857507,0.0,0.5454147999784942,0.1174310227768634,1.3254983877857507,1.3254983877857507,1.3254983877857507,1.3254983877857507,1.3254983877857507,1.3254983877857507
