obs_gdp,obs_hours,obs_wages,obs_gdpdeflator,obs_corepce,obs_nominalrate,obs_consumption,obs_investment,obs_BBBspread,obs_longinflation,obs_longrate,obs_tfp,obs_gdi,obs_AAAspread,obs_nominalrate1,obs_nominalrate2,obs_nominalrate3,obs_nominalrate4,obs_nominalrate5,obs_nominalrate6
0.47011456242320726,-47.08751887257966,0.47011456242320726,0.48363562829219753,0.49999999999998934,1.199513764225446,0.47011456242320726,0.47011456242320726,0.4419269662167946,0.49999999999998934,1.199513764225446,0.0,0.47011456242320726,0.1174310227768634,1.199513764225446,1.199513764225446,1.199513764225446,1.199513764225446,1.199513764225446,1.199513764225446
