obs_gdp,obs_hours,obs_wages,obs_gdpdeflator,obs_corepce,obs_nominalrate,obs_consumption,obs_investment,obs_BBBspread,obs_longinflation,obs_longrate,obs_tfp,obs_gdi,obs_AAAspread,obs_nominalrate1,obs_nominalrate2,obs_nominalrate3,obs_nominalrate4,obs_nominalrate5,obs_nominalrate6
0.5171142246157334,-46.09584599666358,0.5171142246157334,0.47421903646985036,0.49999999999998934,1.2977027002430752,0.5171142246157334,0.5171142246157334,0.43100012569805807,0.49999999999998934,1.2977027002430752,0.0,0.5171142246157334,0.1174310227768634,1.2977027002430752,1.2977027002430752,1.2977027002430752,1.2977027002430752,1.2977027002430752,1.2977027002430752
