obs_gdp,obs_hours,obs_wages,obs_gdpdeflator,obs_corepce,obs_nominalrate,obs_consumption,obs_investment,obs_BBBspread,obs_longinflation,obs_longrate,obs_tfp,obs_gdi,obs_AAAspread,obs_nominalrate1,obs_nominalrate2,obs_nominalrate3,obs_nominalrate4,obs_nominalrate5,obs_nominalrate6
0.43247217907267377,-48.91437888874207,0.43247217907267377,0.47501472358823904,0.49999999999998934,1.180302522549015,0.43247217907267377,0.43247217907267377,0.43072344557248626,0.49999999999998934,1.180302522549015,0.0,0.43247217907267377,0.1174310227768634,1.180302522549015,1.180302522549015,1.180302522549015,1.180302522549015,1.180302522549015,1.180302522549015
