obs_gdp,obs_hours,obs_wages,obs_gdpdeflator,obs_corepce,obs_nominalrate,obs_consumption,obs_investment,obs_BBBspread,obs_longinflation,obs_longrate,obs_tfp,obs_gdi,obs_AAAspread,obs_nominalrate1,obs_nominalrate2,obs_nominalrate3,obs_nominalrate4,obs_nominalrate5,obs_nominalrate6
0.5386505863754998,-44.88455563390643,0.5386505863754998,0.4795480563649359,0.49999999999998934,1.3049337680705486,0.5386505863754998,0.5386505863754998,0.43517378147244523,0.49999999999998934,1.3049337680705486,0.0,0.5386505863754998,0.1174310227768634,1.3049337680705486,1.3049337680705486,1.3049337680705486,1.3049337680705486,1.3049337680705486,1.3049337680705486
