obs_gdp,obs_hours,obs_wages,obs_gdpdeflator,obs_corepce,obs_nominalrate,obs_consumption,obs_investment,obs_BBBspread,obs_longinflation,obs_longrate,obs_tfp,obs_gdi,obs_AAAspread,obs_nominalrate1,obs_nominalrate2,obs_nominalrate3,obs_nominalrate4,obs_nominalrate5,obs_nominalrate6
0.4766456012500919,-47.561893120478224,0.4766456012500919,0.4738228151261149,0.49999999999998934,1.2358078967744213,0.4766456012500919,0.4766456012500919,0.4295006107925938,0.49999999999998934,1.2358078967744213,0.0,0.4766456012500919,0.1174310227768634,1.2358078967744213,1.2358078967744213,1.2358078967744213,1.2358078967744213,1.2358078967744213,1.2358078967744213
