obs_gdp,obs_hours,obs_wages,obs_gdpdeflator,obs_corepce,obs_nominalrate,obs_consumption,obs_investment,obs_BBBspread,obs_longinflation,obs_longrate,obs_tfp,obs_gdi,obs_AAAspread,obs_nominalrate1,obs_nominalrate2,obs_nominalrate3,obs_nominalrate4,obs_nominalrate5,obs_nominalrate6
0.49232864430084344,-46.189523765351076,0.49232864430084344,0.48432076637688476,0.49999999999998934,1.2476077572730837,0.49232864430084344,0.49232864430084344,0.44289165056861357,0.49999999999998934,1.2476077572730837,0.0,0.49232864430084344,0.1174310227768634,1.2476077572730837,1.2476077572730837,1.2476077572730837,1.2476077572730837,1.2476077572730837,1.2476077572730837
