obs_gdp,obs_hours,obs_wages,obs_gdpdeflator,obs_corepce,obs_nominalrate,obs_consumption,obs_investment,obs_BBBspread,obs_longinflation,obs_longrate,obs_tfp,obs_gdi,obs_AAAspread,obs_nominalrate1,obs_nominalrate2,obs_nominalrate3,obs_nominalrate4,obs_nominalrate5,obs_nominalrate6
0.4661269813241109,-47.115006052423006,0.4661269813241109,0.48331770933009294,0.49999999999998934,1.1946923275335308,0.4661269813241109,0.4661269813241109,0.44048016046915467,0.49999999999998934,1.1946923275335308,0.0,0.4661269813241109,0.1174310227768634,1.1946923275335308,1.1946923275335308,1.1946923275335308,1.1946923275335308,1.1946923275335308,1.1946923275335308
