obs_gdp,obs_hours,obs_wages,obs_gdpdeflator,obs_corepce,obs_nominalrate,obs_consumption,obs_investment,obs_BBBspread,obs_longinflation,obs_longrate,obs_tfp,obs_gdi,obs_AAAspread,obs_nominalrate1,obs_nominalrate2,obs_nominalrate3,obs_nominalrate4,obs_nominalrate5,obs_nominalrate6
0.5033963828701138,-46.69574751944026,0.5033963828701138,0.4750685974478471,0.49999999999998934,1.2782365757636915,0.5033963828701138,0.5033963828701138,0.4312245732485731,0.49999999999998934,1.2782365757636915,0.0,0.5033963828701138,0.1174310227768634,1.2782365757636915,1.2782365757636915,1.2782365757636915,1.2782365757636915,1.2782365757636915,1.2782365757636915
