obs_gdp,obs_hours,obs_wages,obs_gdpdeflator,obs_corepce,obs_nominalrate,obs_consumption,obs_investment,obs_BBBspread,obs_longinflation,obs_longrate,obs_tfp,obs_gdi,obs_AAAspread,obs_nominalrate1,obs_nominalrate2,obs_nominalrate3,obs_nominalrate4,obs_nominalrate5,obs_nominalrate6
0.514575005914919,-45.64996896386245,0.514575005914919,0.4758318783101796,0.49999999999998934,1.2724485654936668,0.514575005914919,0.514575005914919,0.4330086012233375,0.49999999999998934,1.2724485654936668,0.0,0.514575005914919,0.1174310227768634,1.2724485654936668,1.2724485654936668,1.2724485654936668,1.2724485654936668,1.2724485654936668,1.2724485654936668
