obs_gdp,obs_hours,obs_wages,obs_gdpdeflator,obs_corepce,obs_nominalrate,obs_consumption,obs_investment,obs_BBBspread,obs_longinflation,obs_longrate,obs_tfp,obs_gdi,obs_AAAspread,obs_nominalrate1,obs_nominalrate2,obs_nominalrate3,obs_nominalrate4,obs_nominalrate5,obs_nominalrate6
0.5298034028214493,-45.8721634427137,0.5298034028214493,0.473310111683988,0.49999999999998934,1.3403489213789088,0.5298034028214493,0.5298034028214493,0.4299245997113208,0.49999999999998934,1.3403489213789088,0.0,0.5298034028214493,0.1174310227768634,1.3403489213789088,1.3403489213789088,1.3403489213789088,1.3403489213789088,1.3403489213789088,1.3403489213789088
