obs_gdp,obs_hours,obs_wages,obs_gdpdeflator,obs_corepce,obs_nominalrate,obs_consumption,obs_investment,obs_BBBspread,obs_longinflation,obs_longrate,obs_tfp,obs_gdi,obs_AAAspread,obs_nominalrate1,obs_nominalrate2,obs_nominalrate3,obs_nominalrate4,obs_nominalrate5,obs_nominalrate6
0.49715606435125625,-46.317619774379445,0.49715606435125625,0.48173319931019176,0.49999999999998934,1.2431133749768453,0.49715606435125625,0.49715606435125625,0.434631366050845,0.49999999999998934,1.2431133749768453,0.0,0.49715606435125625,0.1174310227768634,1.2431133749768453,1.2431133749768453,1.2431133749768453,1.2431133749768453,1.2431133749768453,1.2431133749768453
