obs_gdp,obs_hours,obs_wages,obs_gdpdeflator,obs_corepce,obs_nominalrate,obs_consumption,obs_investment,obs_BBBspread,obs_longinflation,obs_longrate,obs_tfp,obs_gdi,obs_AAAspread,obs_nominalrate1,obs_nominalrate2,obs_nominalrate3,obs_nominalrate4,obs_nominalrate5,obs_nominalrate6
0.42892441223534306,-49.12335033103683,0.42892441223534306,0.47517141014414765,0.49999999999998934,1.1917167181103139,0.42892441223534306,0.42892441223534306,0.4313209218845271,0.49999999999998934,1.1917167181103139,0.0,0.42892441223534306,0.1174310227768634,1.1917167181103139,1.1917167181103139,1.1917167181103139,1.1917167181103139,1.1917167181103139,1.1917167181103139
