obs_gdp,obs_hours,obs_wages,obs_gdpdeflator,obs_corepce,obs_nominalrate,obs_consumption,obs_investment,obs_BBBspread,obs_longinflation,obs_longrate,obs_tfp,obs_gdi,obs_AAAspread,obs_nominalrate1,obs_nominalrate2,obs_nominalrate3,obs_nominalrate4,obs_nominalrate5,obs_nominalrate6
0.44377843184579824,-48.83364493824912,0.44377843184579824,0.4762250403346696,0.49999999999998934,1.2083429516659638,0.44377843184579824,0.44377843184579824,0.42751324506564486,0.49999999999998934,1.2083429516659638,0.0,0.44377843184579824,0.1174310227768634,1.2083429516659638,1.2083429516659638,1.2083429516659638,1.2083429516659638,1.2083429516659638,1.2083429516659638
