obs_gdp,obs_hours,obs_wages,obs_gdpdeflator,obs_corepce,obs_nominalrate,obs_consumption,obs_investment,obs_BBBspread,obs_longinflation,obs_longrate,obs_tfp,obs_gdi,obs_AAAspread,obs_nominalrate1,obs_nominalrate2,obs_nominalrate3,obs_nominalrate4,obs_nominalrate5,obs_nominalrate6
0.5179251521974626,-45.94297428567203,0.5179251521974626,0.47786921415488687,0.49999999999998934,1.2725871829340818,0.5179251521974626,0.5179251521974626,0.43327355627608766,0.49999999999998934,1.2725871829340818,0.0,0.5179251521974626,0.1174310227768634,1.2725871829340818,1.2725871829340818,1.2725871829340818,1.2725871829340818,1.2725871829340818,1.2725871829340818
