obs_gdp,obs_hours,obs_wages,obs_gdpdeflator,obs_corepce,obs_nominalrate,obs_consumption,obs_investment,obs_BBBspread,obs_longinflation,obs_longrate,obs_tfp,obs_gdi,obs_AAAspread,obs_nominalrate1,obs_nominalrate2,obs_nominalrate3,obs_nominalrate4,obs_nominalrate5,obs_nominalrate6
0.4608323931194036,-47.884458029444296,0.4608323931194036,0.4769844862500471,0.49999999999998934,1.2066385758262799,0.4608323931194036,0.4608323931194036,0.43334137380827764,0.49999999999998934,1.2066385758262799,0.0,0.4608323931194036,0.1174310227768634,1.2066385758262799,1.2066385758262799,1.2066385758262799,1.2066385758262799,1.2066385758262799,1.2066385758262799
