obs_gdp,obs_hours,obs_wages,obs_gdpdeflator,obs_corepce,obs_nominalrate,obs_consumption,obs_investment,obs_BBBspread,obs_longinflation,obs_longrate,obs_tfp,obs_gdi,obs_AAAspread,obs_nominalrate1,obs_nominalrate2,obs_nominalrate3,obs_nominalrate4,obs_nominalrate5,obs_nominalrate6
0.5504662369553825,-43.49014700425773,0.5504662369553825,0.4646515323837346,0.49999999999998934,1.4034985603359917,0.5504662369553825,0.5504662369553825,0.43433844125887616,0.49999999999998934,1.4034985603359917,0.0,0.5504662369553825,0.1174310227768634,1.4034985603359917,1.4034985603359917,1.4034985603359917,1.4034985603359917,1.4034985603359917,1.4034985603359917
