obs_gdp,obs_hours,obs_wages,obs_gdpdeflator,obs_corepce,obs_nominalrate,obs_consumption,obs_investment,obs_BBBspread,obs_longinflation,obs_longrate,obs_tfp,obs_gdi,obs_AAAspread,obs_nominalrate1,obs_nominalrate2,obs_nominalrate3,obs_nominalrate4,obs_nominalrate5,obs_nominalrate6
0.4938753556555264,-45.857524315929766,0.4938753556555264,0.4653593056342093,0.49999999999998934,1.2945208540038555,0.4938753556555264,0.4938753556555264,0.42962812445218385,0.49999999999998934,1.2945208540038555,0.0,0.4938753556555264,0.1174310227768634,1.2945208540038555,1.2945208540038555,1.2945208540038555,1.2945208540038555,1.2945208540038555,1.2945208540038555
