obs_gdp,obs_hours,obs_wages,obs_gdpdeflator,obs_corepce,obs_nominalrate,obs_consumption,obs_investment,obs_BBBspread,obs_longinflation,obs_longrate,obs_tfp,obs_gdi,obs_AAAspread,obs_nominalrate1,obs_nominalrate2,obs_nominalrate3,obs_nominalrate4,obs_nominalrate5,obs_nominalrate6
0.5450433918983366,-44.10471367587064,0.5450433918983366,0.46288083811997877,0.49999999999998934,1.3709088166345529,0.5450433918983366,0.5450433918983366,0.4306432375060181,0.49999999999998934,1.3709088166345529,0.0,0.5450433918983366,0.1174310227768634,1.3709088166345529,1.3709088166345529,1.3709088166345529,1.3709088166345529,1.3709088166345529,1.3709088166345529
