obs_gdp,obs_hours,obs_wages,obs_gdpdeflator,obs_corepce,obs_nominalrate,obs_consumption,obs_investment,obs_BBBspread,obs_longinflation,obs_longrate,obs_tfp,obs_gdi,obs_AAAspread,obs_nominalrate1,obs_nominalrate2,obs_nominalrate3,obs_nominalrate4,obs_nominalrate5,obs_nominalrate6
0.3833456553833825,-49.80244989321888,0.3833456553833825,0.4676825356946389,0.49999999999998934,1.1348631130180697,0.3833456553833825,0.3833456553833825,0.41942010460356294,0.49999999999998934,1.1348631130180697,0.0,0.3833456553833825,0.1174310227768634,1.1348631130180697,1.1348631130180697,1.1348631130180697,1.1348631130180697,1.1348631130180697,1.1348631130180697
