obs_gdp,obs_hours,obs_wages,obs_gdpdeflator,obs_corepce,obs_nominalrate,obs_consumption,obs_investment,obs_BBBspread,obs_longinflation,obs_longrate,obs_tfp,obs_gdi,obs_AAAspread,obs_nominalrate1,obs_nominalrate2,obs_nominalrate3,obs_nominalrate4,obs_nominalrate5,obs_nominalrate6
0.4919104868481128,-44.829782849303285,0.4919104868481128,0.4704793514298876,0.49999999999998934,1.2924405512865889,0.4919104868481128,0.4919104868481128,0.4302578567487111,0.49999999999998934,1.2924405512865889,0.0,0.4919104868481128,0.1174310227768634,1.2924405512865889,1.2924405512865889,1.2924405512865889,1.2924405512865889,1.2924405512865889,1.2924405512865889
