obs_gdp,obs_hours,obs_wages,obs_gdpdeflator,obs_corepce,obs_nominalrate,obs_consumption,obs_investment,obs_BBBspread,obs_longinflation,obs_longrate,obs_tfp,obs_gdi,obs_AAAspread,obs_nominalrate1,obs_nominalrate2,obs_nominalrate3,obs_nominalrate4,obs_nominalrate5,obs_nominalrate6
0.42961373548933146,-47.46504409567383,0.42961373548933146,0.47016531598785877,0.49999999999998934,1.2148826764071696,0.42961373548933146,0.42961373548933146,0.42083707759877675,0.49999999999998934,1.2148826764071696,0.0,0.42961373548933146,0.1174310227768634,1.2148826764071696,1.2148826764071696,1.2148826764071696,1.2148826764071696,1.2148826764071696,1.2148826764071696
