obs_gdp,obs_hours,obs_wages,obs_gdpdeflator,obs_corepce,obs_nominalrate,obs_consumption,obs_investment,obs_BBBspread,obs_longinflation,obs_longrate,obs_tfp,obs_gdi,obs_AAAspread,obs_nominalrate1,obs_nominalrate2,obs_nominalrate3,obs_nominalrate4,obs_nominalrate5,obs_nominalrate6
0.45719574002331953,-46.9569484358657,0.45719574002331953,0.4640996393983527,0.49999999999998934,1.2363308872680445,0.45719574002331953,0.45719574002331953,0.4268187178966587,0.49999999999998934,1.2363308872680445,0.0,0.45719574002331953,0.1174310227768634,1.2363308872680445,1.2363308872680445,1.2363308872680445,1.2363308872680445,1.2363308872680445,1.2363308872680445
