obs_gdp,obs_hours,obs_wages,obs_gdpdeflator,obs_corepce,obs_nominalrate,obs_consumption,obs_investment,obs_BBBspread,obs_longinflation,obs_longrate,obs_tfp,obs_gdi,obs_AAAspread,obs_nominalrate1,obs_nominalrate2,obs_nominalrate3,obs_nominalrate4,obs_nominalrate5,obs_nominalrate6
0.4889964336161956,-45.88745465907375,0.4889964336161956,0.4658760632356409,0.49999999999998934,1.2801977658887687,0.4889964336161956,0.4889964336161956,0.4232749894072194,0.49999999999998934,1.2801977658887687,0.0,0.4889964336161956,0.1174310227768634,1.2801977658887687,1.2801977658887687,1.2801977658887687,1.2801977658887687,1.2801977658887687,1.2801977658887687
