obs_gdp,obs_hours,obs_wages,obs_gdpdeflator,obs_corepce,obs_nominalrate,obs_consumption,obs_investment,obs_BBBspread,obs_longinflation,obs_longrate,obs_tfp,obs_gdi,obs_AAAspread,obs_nominalrate1,obs_nominalrate2,obs_nominalrate3,obs_nominalrate4,obs_nominalrate5,obs_nominalrate6
0.564111472466311,-43.08833224462715,0.564111472466311,0.46403644653241455,0.49999999999998934,1.4279322027733077,0.564111472466311,0.564111472466311,0.4327586124631306,0.49999999999998934,1.4279322027733077,0.0,0.564111472466311,0.1174310227768634,1.4279322027733077,1.4279322027733077,1.4279322027733077,1.4279322027733077,1.4279322027733077,1.4279322027733077
