obs_gdp,obs_hours,obs_wages,obs_gdpdeflator,obs_corepce,obs_nominalrate,obs_consumption,obs_investment,obs_BBBspread,obs_longinflation,obs_longrate,obs_tfp,obs_gdi,obs_AAAspread,obs_nominalrate1,obs_nominalrate2,obs_nominalrate3,obs_nominalrate4,obs_nominalrate5,obs_nominalrate6
0.48759360803474205,-45.0905322140461,0.48759360803474205,0.47205196397802124,0.49999999999998934,1.2584991876979368,0.48759360803474205,0.48759360803474205,0.4373192807868591,0.49999999999998934,1.2584991876979368,0.0,0.48759360803474205,0.1174310227768634,1.2584991876979368,1.2584991876979368,1.2584991876979368,1.2584991876979368,1.2584991876979368,1.2584991876979368
