obs_gdp,obs_hours,obs_wages,obs_gdpdeflator,obs_corepce,obs_nominalrate,obs_consumption,obs_investment,obs_BBBspread,obs_longinflation,obs_longrate,obs_tfp,obs_gdi,obs_AAAspread,obs_nominalrate1,obs_nominalrate2,obs_nominalrate3,obs_nominalrate4,obs_nominalrate5,obs_nominalrate6
0.4467327811251476,-46.5507320585131,0.4467327811251476,0.46958479671581016,0.49999999999998934,1.2322034017096861,0.4467327811251476,0.4467327811251476,0.4286754133016303,0.49999999999998934,1.2322034017096861,0.0,0.4467327811251476,0.1174310227768634,1.2322034017096861,1.2322034017096861,1.2322034017096861,1.2322034017096861,1.2322034017096861,1.2322034017096861
