obs_gdp,obs_hours,obs_wages,obs_gdpdeflator,obs_corepce,obs_nominalrate,obs_consumption,obs_investment,obs_BBBspread,obs_longinflation,obs_longrate,obs_tfp,obs_gdi,obs_AAAspread,obs_nominalrate1,obs_nominalrate2,obs_nominalrate3,obs_nominalrate4,obs_nominalrate5,obs_nominalrate6
0.4802623470996803,-45.22193375376521,0.4802623470996803,0.470497204036885,0.49999999999998934,1.2750819804750568,0.4802623470996803,0.4802623470996803,0.4296777681262779,0.49999999999998934,1.2750819804750568,0.0,0.4802623470996803,0.1174310227768634,1.2750819804750568,1.2750819804750568,1.2750819804750568,1.2750819804750568,1.2750819804750568,1.2750819804750568
