obs_gdp,obs_hours,obs_wages,obs_gdpdeflator,obs_corepce,obs_nominalrate,obs_consumption,obs_investment,obs_BBBspread,obs_longinflation,obs_longrate,obs_tfp,obs_gdi,obs_AAAspread,obs_nominalrate1,obs_nominalrate2,obs_nominalrate3,obs_nominalrate4,obs_nominalrate5,obs_nominalrate6
0.4808543202211579,-45.57063780274999,0.4808543202211579,0.4721275606129116,0.49999999999998934,1.2560230194460287,0.4808543202211579,0.4808543202211579,0.4302889170599158,0.49999999999998934,1.2560230194460287,0.0,0.4808543202211579,0.1174310227768634,1.2560230194460287,1.2560230194460287,1.2560230194460287,1.2560230194460287,1.2560230194460287,1.2560230194460287
