obs_gdp,obs_hours,obs_wages,obs_gdpdeflator,obs_corepce,obs_nominalrate,obs_consumption,obs_investment,obs_BBBspread,obs_longinflation,obs_longrate,obs_tfp,obs_gdi,obs_AAAspread,obs_nominalrate1,obs_nominalrate2,obs_nominalrate3,obs_nominalrate4,obs_nominalrate5,obs_nominalrate6
0.5119885789439893,-44.81186244774441,0.5119885789439893,0.46710751576189957,0.49999999999998934,1.3458751059802765,0.5119885789439893,0.5119885789439893,0.427766807076322,0.49999999999998934,1.3458751059802765,0.0,0.5119885789439893,0.1174310227768634,1.3458751059802765,1.3458751059802765,1.3458751059802765,1.3458751059802765,1.3458751059802765,1.3458751059802765
