obs_gdp,obs_hours,obs_wages,obs_gdpdeflator,obs_corepce,obs_nominalrate,obs_consumption,obs_investment,obs_BBBspread,obs_longinflation,obs_longrate,obs_tfp,obs_gdi,obs_AAAspread,obs_nominalrate1,obs_nominalrate2,obs_nominalrate3,obs_nominalrate4,obs_nominalrate5,obs_nominalrate6
0.446968082707877,-46.917914144172656,0.446968082707877,0.47404040368971645,0.49999999999998934,1.1854873355094053,0.446968082707877,0.446968082707877,0.43605122247705125,0.49999999999998934,1.1854873355094053,0.0,0.446968082707877,0.1174310227768634,1.1854873355094053,1.1854873355094053,1.1854873355094053,1.1854873355094053,1.1854873355094053,1.1854873355094053
