obs_gdp,obs_hours,obs_wages,obs_gdpdeflator,obs_corepce,obs_nominalrate,obs_consumption,obs_investment,obs_BBBspread,obs_longinflation,obs_longrate,obs_tfp,obs_gdi,obs_AAAspread,obs_nominalrate1,obs_nominalrate2,obs_nominalrate3,obs_nominalrate4,obs_nominalrate5,obs_nominalrate6
0.5531950463692592,-43.554623930568916,0.5531950463692592,0.4674864105895118,0.49999999999998934,1.4033163956725048,0.5531950463692592,0.5531950463692592,0.42069735408350584,0.49999999999998934,1.4033163956725048,0.0,0.5531950463692592,0.1174310227768634,1.4033163956725048,1.4033163956725048,1.4033163956725048,1.4033163956725048,1.4033163956725048,1.4033163956725048
