obs_gdp,obs_hours,obs_wages,obs_gdpdeflator,obs_corepce,obs_nominalrate,obs_consumption,obs_investment,obs_BBBspread,obs_longinflation,obs_longrate,obs_tfp,obs_gdi,obs_AAAspread,obs_nominalrate1,obs_nominalrate2,obs_nominalrate3,obs_nominalrate4,obs_nominalrate5,obs_nominalrate6
0.49418922819892686,-45.00791340728559,0.49418922819892686,0.4711940168138433,0.49999999999998934,1.2718851323390012,0.49418922819892686,0.49418922819892686,0.432403390228982,0.49999999999998934,1.2718851323390012,0.0,0.49418922819892686,0.1174310227768634,1.2718851323390012,1.2718851323390012,1.2718851323390012,1.2718851323390012,1.2718851323390012,1.2718851323390012
