obs_gdp,obs_hours,obs_wages,obs_gdpdeflator,obs_corepce,obs_nominalrate,obs_consumption,obs_investment,obs_BBBspread,obs_longinflation,obs_longrate,obs_tfp,obs_gdi,obs_AAAspread,obs_nominalrate1,obs_nominalrate2,obs_nominalrate3,obs_nominalrate4,obs_nominalrate5,obs_nominalrate6
0.514149185046131,-44.84452334247096,0.514149185046131,0.46728850282665085,0.49999999999998934,1.3455518343081785,0.514149185046131,0.514149185046131,0.4184743884255248,0.49999999999998934,1.3455518343081785,0.0,0.514149185046131,0.1174310227768634,1.3455518343081785,1.3455518343081785,1.3455518343081785,1.3455518343081785,1.3455518343081785,1.3455518343081785
