obs_gdp,obs_hours,obs_wages,obs_gdpdeflator,obs_corepce,obs_nominalrate,obs_consumption,obs_investment,obs_BBBspread,obs_longinflation,obs_longrate,obs_tfp,obs_gdi,obs_AAAspread,obs_nominalrate1,obs_nominalrate2,obs_nominalrate3,obs_nominalrate4,obs_nominalrate5,obs_nominalrate6
0.501686542566282,-45.363025104346214,0.501686542566282,0.466848837711133,0.49999999999998934,1.323361645234078,0.501686542566282,0.501686542566282,0.4233545498162479,0.49999999999998934,1.323361645234078,0.0,0.501686542566282,0.1174310227768634,1.323361645234078,1.323361645234078,1.323361645234078,1.323361645234078,1.323361645234078,1.323361645234078
