obs_gdp,obs_hours,obs_wages,obs_gdpdeflator,obs_corepce,obs_nominalrate,obs_consumption,obs_investment,obs_BBBspread,obs_longinflation,obs_longrate,obs_tfp,obs_gdi,obs_AAAspread,obs_nominalrate1,obs_nominalrate2,obs_nominalrate3,obs_nominalrate4,obs_nominalrate5,obs_nominalrate6
0.5058434606458162,-45.12452440710085,0.5058434606458162,0.46843745838881823,0.49999999999998934,1.3276919228782935,0.5058434606458162,0.5058434606458162,0.42178047594527035,0.49999999999998934,1.3276919228782935,0.0,0.5058434606458162,0.1174310227768634,1.3276919228782935,1.3276919228782935,1.3276919228782935,1.3276919228782935,1.3276919228782935,1.3276919228782935
