obs_gdp,obs_hours,obs_wages,obs_gdpdeflator,obs_corepce,obs_nominalrate,obs_consumption,obs_investment,obs_BBBspread,obs_longinflation,obs_longrate,obs_tfp,obs_gdi,obs_AAAspread,obs_nominalrate1,obs_nominalrate2,obs_nominalrate3,obs_nominalrate4,obs_nominalrate5,obs_nominalrate6
0.46316565414958877,-46.0059550058446,0.46316565414958877,0.47144650681483913,0.49999999999998934,1.2145719375880493,0.46316565414958877,0.46316565414958877,0.43532066872304587,0.49999999999998934,1.2145719375880493,0.0,0.46316565414958877,0.1174310227768634,1.2145719375880493,1.2145719375880493,1.2145719375880493,1.2145719375880493,1.2145719375880493,1.2145719375880493
