obs_gdp,obs_hours,obs_wages,obs_gdpdeflator,obs_corepce,obs_nominalrate,obs_consumption,obs_investment,obs_BBBspread,obs_longinflation,obs_longrate,obs_tfp,obs_gdi,obs_AAAspread,obs_nominalrate1,obs_nominalrate2,obs_nominalrate3,obs_nominalrate4,obs_nominalrate5,obs_nominalrate6
0.49352754346554395,-45.59022576491998,0.49352754346554395,0.46518944179331606,0.49999999999998934,1.3120530657195983,0.49352754346554395,0.49352754346554395,0.431717045091846,0.49999999999998934,1.3120530657195983,0.0,0.49352754346554395,0.1174310227768634,1.3120530657195983,1.3120530657195983,1.3120530657195983,1.3120530657195983,1.3120530657195983,1.3120530657195983
