obs_gdp,obs_hours,obs_wages,obs_gdpdeflator,obs_corepce,obs_nominalrate,obs_consumption,obs_investment,obs_BBBspread,obs_longinflation,obs_longrate,obs_tfp,obs_gdi,obs_AAAspread,obs_nominalrate1,obs_nominalrate2,obs_nominalrate3,obs_nominalrate4,obs_nominalrate5,obs_nominalrate6
0.49684973378549824,-45.530710129794265,0.49684973378549824,0.467780812704987,0.49999999999998934,1.3157430978937512,0.49684973378549824,0.49684973378549824,0.4186073205104171,0.49999999999998934,1.3157430978937512,0.0,0.49684973378549824,0.1174310227768634,1.3157430978937512,1.3157430978937512,1.3157430978937512,1.3157430978937512,1.3157430978937512,1.3157430978937512
