obs_gdp,obs_hours,obs_wages,obs_gdpdeflator,obs_corepce,obs_nominalrate,obs_consumption,obs_investment,obs_BBBspread,obs_longinflation,obs_longrate,obs_tfp,obs_gdi,obs_AAAspread,obs_nominalrate1,obs_nominalrate2,obs_nominalrate3,obs_nominalrate4,obs_nominalrate5,obs_nominalrate6
0.4917217108141525,-45.970952456580704,0.4917217108141525,0.4634915550363397,0.49999999999998934,1.2791623288439968,0.4917217108141525,0.4917217108141525,0.41820319045727344,0.49999999999998934,1.2791623288439968,0.0,0.4917217108141525,0.1174310227768634,1.2791623288439968,1.2791623288439968,1.2791623288439968,1.2791623288439968,1.2791623288439968,1.2791623288439968
