obs_gdp,obs_hours,obs_wages,obs_gdpdeflator,obs_corepce,obs_nominalrate,obs_consumption,obs_investment,obs_BBBspread,obs_longinflation,obs_longrate,obs_tfp,obs_gdi,obs_AAAspread,obs_nominalrate1,obs_nominalrate2,obs_nominalrate3,obs_nominalrate4,obs_nominalrate5,obs_nominalrate6
0.4810387840157748,-45.94899031555192,0.4810387840157748,0.46579132353569785,0.49999999999998934,1.2747034866704476,0.4810387840157748,0.4810387840157748,0.4215823382124751,0.49999999999998934,1.2747034866704476,0.0,0.4810387840157748,0.1174310227768634,1.2747034866704476,1.2747034866704476,1.2747034866704476,1.2747034866704476,1.2747034866704476,1.2747034866704476
