obs_gdp,obs_hours,obs_wages,obs_gdpdeflator,obs_corepce,obs_nominalrate,obs_consumption,obs_investment,obs_BBBspread,obs_longinflation,obs_longrate,obs_tfp,obs_gdi,obs_AAAspread,obs_nominalrate1,obs_nominalrate2,obs_nominalrate3,obs_nominalrate4,obs_nominalrate5,obs_nominalrate6
0.49325494763168276,-44.97418534740214,0.49325494763168276,0.47005593888836095,0.49999999999998934,1.2626886948694738,0.49325494763168276,0.49325494763168276,0.4367147469280729,0.49999999999998934,1.2626886948694738,0.0,0.49325494763168276,0.1174310227768634,1.2626886948694738,1.2626886948694738,1.2626886948694738,1.2626886948694738,1.2626886948694738,1.2626886948694738
