obs_gdp,obs_hours,obs_wages,obs_gdpdeflator,obs_corepce,obs_nominalrate,obs_consumption,obs_investment,obs_BBBspread,obs_longinflation,obs_longrate,obs_tfp,obs_gdi,obs_AAAspread,obs_nominalrate1,obs_nominalrate2,obs_nominalrate3,obs_nominalrate4,obs_nominalrate5,obs_nominalrate6
0.49794391566091445,-45.71952598662128,0.49794391566091445,0.46452179884454786,0.49999999999998934,1.3031366231303743,0.49794391566091445,0.49794391566091445,0.43067768320527444,0.49999999999998934,1.3031366231303743,0.0,0.49794391566091445,0.1174310227768634,1.3031366231303743,1.3031366231303743,1.3031366231303743,1.3031366231303743,1.3031366231303743,1.3031366231303743
