obs_gdp,obs_hours,obs_wages,obs_gdpdeflator,obs_corepce,obs_nominalrate,obs_consumption,obs_investment,obs_BBBspread,obs_longinflation,obs_longrate,obs_tfp,obs_gdi,obs_AAAspread,obs_nominalrate1,obs_nominalrate2,obs_nominalrate3,obs_nominalrate4,obs_nominalrate5,obs_nominalrate6
0.5295381150705492,-44.10274455294165,0.5295381150705492,0.463614142036315,0.49999999999998934,1.3658968555693152,0.5295381150705492,0.5295381150705492,0.4342205108047756,0.49999999999998934,1.3658968555693152,0.0,0.5295381150705492,0.1174310227768634,1.3658968555693152,1.3658968555693152,1.3658968555693152,1.3658968555693152,1.3658968555693152,1.3658968555693152
