obs_gdp,obs_hours,obs_wages,obs_gdpdeflator,obs_corepce,obs_nominalrate,obs_consumption,obs_investment,obs_BBBspread,obs_longinflation,obs_longrate,obs_tfp,obs_gdi,obs_AAAspread,obs_nominalrate1,obs_nominalrate2,obs_nominalrate3,obs_nominalrate4,obs_nominalrate5,obs_nominalrate6
0.5131908785904971,-44.18813899039332,0.5131908785904971,0.4717673435218705,0.49999999999998934,1.3131647324259532,0.5131908785904971,0.5131908785904971,0.43341888470316836,0.49999999999998934,1.3131647324259532,0.0,0.5131908785904971,0.1174310227768634,1.3131647324259532,1.3131647324259532,1.3131647324259532,1.3131647324259532,1.3131647324259532,1.3131647324259532
