obs_gdp,obs_hours,obs_wages,obs_gdpdeflator,obs_corepce,obs_nominalrate,obs_consumption,obs_investment,obs_BBBspread,obs_longinflation,obs_longrate,obs_tfp,obs_gdi,obs_AAAspread,obs_nominalrate1,obs_nominalrate2,obs_nominalrate3,obs_nominalrate4,obs_nominalrate5,obs_nominalrate6
0.49138446302203764,-45.54534348274038,0.49138446302203764,0.4669973072670595,0.49999999999998934,1.313569794242575,0.49138446302203764,0.49138446302203764,0.42792641176913504,0.49999999999998934,1.313569794242575,0.0,0.49138446302203764,0.1174310227768634,1.313569794242575,1.313569794242575,1.313569794242575,1.313569794242575,1.313569794242575,1.313569794242575
