obs_gdp,obs_hours,obs_wages,obs_gdpdeflator,obs_corepce,obs_nominalrate,obs_consumption,obs_investment,obs_BBBspread,obs_longinflation,obs_longrate,obs_tfp,obs_gdi,obs_AAAspread,obs_nominalrate1,obs_nominalrate2,obs_nominalrate3,obs_nominalrate4,obs_nominalrate5,obs_nominalrate6
0.49991720212090307,-45.41339056033567,0.49991720212090307,0.46704547928728235,0.49999999999998934,1.323270259329301,0.49991720212090307,0.49991720212090307,0.42445966473714514,0.49999999999998934,1.323270259329301,0.0,0.49991720212090307,0.1174310227768634,1.323270259329301,1.323270259329301,1.323270259329301,1.323270259329301,1.323270259329301,1.323270259329301
