obs_gdp,obs_hours,obs_wages,obs_gdpdeflator,obs_corepce,obs_nominalrate,obs_consumption,obs_investment,obs_BBBspread,obs_longinflation,obs_longrate,obs_tfp,obs_gdi,obs_AAAspread,obs_nominalrate1,obs_nominalrate2,obs_nominalrate3,obs_nominalrate4,obs_nominalrate5,obs_nominalrate6
0.47355966678952477,-46.25888388226057,0.47355966678952477,0.4688476095121148,0.49999999999998934,1.2816946803656304,0.47355966678952477,0.47355966678952477,0.4180536648152519,0.49999999999998934,1.2816946803656304,0.0,0.47355966678952477,0.1174310227768634,1.2816946803656304,1.2816946803656304,1.2816946803656304,1.2816946803656304,1.2816946803656304,1.2816946803656304
