obs_gdp,obs_hours,obs_wages,obs_gdpdeflator,obs_corepce,obs_nominalrate,obs_consumption,obs_investment,obs_BBBspread,obs_longinflation,obs_longrate,obs_tfp,obs_gdi,obs_AAAspread,obs_nominalrate1,obs_nominalrate2,obs_nominalrate3,obs_nominalrate4,obs_nominalrate5,obs_nominalrate6
0.5042577162147177,-45.043969315599,0.5042577162147177,0.4632985340135959,0.49999999999998934,1.3256513841483963,0.5042577162147177,0.5042577162147177,0.43373476358674484,0.49999999999998934,1.3256513841483963,0.0,0.5042577162147177,0.1174310227768634,1.3256513841483963,1.3256513841483963,1.3256513841483963,1.3256513841483963,1.3256513841483963,1.3256513841483963
