obs_gdp,obs_hours,obs_wages,obs_gdpdeflator,obs_corepce,obs_nominalrate,obs_consumption,obs_investment,obs_BBBspread,obs_longinflation,obs_longrate,obs_tfp,obs_gdi,obs_AAAspread,obs_nominalrate1,obs_nominalrate2,obs_nominalrate3,obs_nominalrate4,obs_nominalrate5,obs_nominalrate6
0.46006390409765174,-46.2558700898071,0.46006390409765174,0.4701963181907607,0.49999999999998934,1.2491851403846566,0.46006390409765174,0.46006390409765174,0.4230096924969402,0.49999999999998934,1.2491851403846566,0.0,0.46006390409765174,0.1174310227768634,1.2491851403846566,1.2491851403846566,1.2491851403846566,1.2491851403846566,1.2491851403846566,1.2491851403846566
