obs_gdp,obs_hours,obs_wages,obs_gdpdeflator,obs_corepce,obs_nominalrate,obs_consumption,obs_investment,obs_BBBspread,obs_longinflation,obs_longrate,obs_tfp,obs_gdi,obs_AAAspread,obs_nominalrate1,obs_nominalrate2,obs_nominalrate3,obs_nominalrate4,obs_nominalrate5,obs_nominalrate6
0.4222376780597781,-48.09166430767935,0.4222376780597781,0.4701102731892595,0.49999999999998934,1.2123515150148423,0.4222376780597781,0.4222376780597781,0.41790836032005624,0.49999999999998934,1.2123515150148423,0.0,0.4222376780597781,0.1174310227768634,1.2123515150148423,1.2123515150148423,1.2123515150148423,1.2123515150148423,1.2123515150148423,1.2123515150148423
