obs_gdp,obs_hours,obs_wages,obs_gdpdeflator,obs_corepce,obs_nominalrate,obs_consumption,obs_investment,obs_BBBspread,obs_longinflation,obs_longrate,obs_tfp,obs_gdi,obs_AAAspread,obs_nominalrate1,obs_nominalrate2,obs_nominalrate3,obs_nominalrate4,obs_nominalrate5,obs_nominalrate6
0.48545825608619086,-45.10958173747531,0.48545825608619086,0.4695374756499262,0.49999999999998934,1.2834665957000224,0.48545825608619086,0.48545825608619086,0.42863239351730337,0.49999999999998934,1.2834665957000224,0.0,0.48545825608619086,0.1174310227768634,1.2834665957000224,1.2834665957000224,1.2834665957000224,1.2834665957000224,1.2834665957000224,1.2834665957000224
