obs_gdp,obs_hours,obs_wages,obs_gdpdeflator,obs_corepce,obs_nominalrate,obs_consumption,obs_investment,obs_BBBspread,obs_longinflation,obs_longrate,obs_tfp,obs_gdi,obs_AAAspread,obs_nominalrate1,obs_nominalrate2,obs_nominalrate3,obs_nominalrate4,obs_nominalrate5,obs_nominalrate6
0.530996372087067,-44.14527644357122,0.530996372087067,0.4667964377813873,0.49999999999998934,1.3763134954625889,0.530996372087067,0.530996372087067,0.4286595699758052,0.49999999999998934,1.3763134954625889,0.0,0.530996372087067,0.1174310227768634,1.3763134954625889,1.3763134954625889,1.3763134954625889,1.3763134954625889,1.3763134954625889,1.3763134954625889
