obs_gdp,obs_hours,obs_wages,obs_gdpdeflator,obs_corepce,obs_nominalrate,obs_consumption,obs_investment,obs_BBBspread,obs_longinflation,obs_longrate,obs_tfp,obs_gdi,obs_AAAspread,obs_nominalrate1,obs_nominalrate2,obs_nominalrate3,obs_nominalrate4,obs_nominalrate5,obs_nominalrate6
0.5019219326547253,-45.1808475249087,0.5019219326547253,0.4670750458807282,0.49999999999998934,1.3288214536953502,0.5019219326547253,0.5019219326547253,0.4282062562772969,0.49999999999998934,1.3288214536953502,0.0,0.5019219326547253,0.1174310227768634,1.3288214536953502,1.3288214536953502,1.3288214536953502,1.3288214536953502,1.3288214536953502,1.3288214536953502
