obs_gdp,obs_hours,obs_wages,obs_gdpdeflator,obs_corepce,obs_nominalrate,obs_consumption,obs_investment,obs_BBBspread,obs_longinflation,obs_longrate,obs_tfp,obs_gdi,obs_AAAspread,obs_nominalrate1,obs_nominalrate2,obs_nominalrate3,obs_nominalrate4,obs_nominalrate5,obs_nominalrate6
0.48658433547308366,-45.7885476405147,0.48658433547308366,0.46901083402213906,0.49999999999998934,1.2959343929920042,0.48658433547308366,0.48658433547308366,0.42337104797211583,0.49999999999998934,1.2959343929920042,0.0,0.48658433547308366,0.1174310227768634,1.2959343929920042,1.2959343929920042,1.2959343929920042,1.2959343929920042,1.2959343929920042,1.2959343929920042
