obs_gdp,obs_hours,obs_wages,obs_gdpdeflator,obs_corepce,obs_nominalrate,obs_consumption,obs_investment,obs_BBBspread,obs_longinflation,obs_longrate,obs_tfp,obs_gdi,obs_AAAspread,obs_nominalrate1,obs_nominalrate2,obs_nominalrate3,obs_nominalrate4,obs_nominalrate5,obs_nominalrate6
0.41908828519798824,-48.28867238380278,0.41908828519798824,0.46656347455109404,0.49999999999998934,1.2012573472204302,0.41908828519798824,0.41908828519798824,0.4308193132499092,0.49999999999998934,1.2012573472204302,0.0,0.41908828519798824,0.1174310227768634,1.2012573472204302,1.2012573472204302,1.2012573472204302,1.2012573472204302,1.2012573472204302,1.2012573472204302
