obs_gdp,obs_hours,obs_wages,obs_gdpdeflator,obs_corepce,obs_nominalrate,obs_consumption,obs_investment,obs_BBBspread,obs_longinflation,obs_longrate,obs_tfp,obs_gdi,obs_AAAspread,obs_nominalrate1,obs_nominalrate2,obs_nominalrate3,obs_nominalrate4,obs_nominalrate5,obs_nominalrate6
0.4442145525804575,-47.31908052314703,0.4442145525804575,0.46607104996447607,0.49999999999998934,1.2137757866838461,0.4442145525804575,0.4442145525804575,0.4252288219001091,0.49999999999998934,1.2137757866838461,0.0,0.4442145525804575,0.1174310227768634,1.2137757866838461,1.2137757866838461,1.2137757866838461,1.2137757866838461,1.2137757866838461,1.2137757866838461
