obs_gdp,obs_hours,obs_wages,obs_gdpdeflator,obs_corepce,obs_nominalrate,obs_consumption,obs_investment,obs_BBBspread,obs_longinflation,obs_longrate,obs_tfp,obs_gdi,obs_AAAspread,obs_nominalrate1,obs_nominalrate2,obs_nominalrate3,obs_nominalrate4,obs_nominalrate5,obs_nominalrate6
0.48347097281042917,-45.861682121668224,0.48347097281042917,0.46825419855342654,0.49999999999998934,1.2873388347019343,0.48347097281042917,0.48347097281042917,0.4232486108513951,0.49999999999998934,1.2873388347019343,0.0,0.48347097281042917,0.1174310227768634,1.2873388347019343,1.2873388347019343,1.2873388347019343,1.2873388347019343,1.2873388347019343,1.2873388347019343
