obs_gdp,obs_hours,obs_wages,obs_gdpdeflator,obs_corepce,obs_nominalrate,obs_consumption,obs_investment,obs_BBBspread,obs_longinflation,obs_longrate,obs_tfp,obs_gdi,obs_AAAspread,obs_nominalrate1,obs_nominalrate2,obs_nominalrate3,obs_nominalrate4,obs_nominalrate5,obs_nominalrate6
0.5478911444217527,-44.069168279956074,0.5478911444217527,0.46497757837932835,0.49999999999998934,1.3701606225305474,0.5478911444217527,0.5478911444217527,0.42073306760901086,0.49999999999998934,1.3701606225305474,0.0,0.5478911444217527,0.1174310227768634,1.3701606225305474,1.3701606225305474,1.3701606225305474,1.3701606225305474,1.3701606225305474,1.3701606225305474
