obs_gdp,obs_hours,obs_wages,obs_gdpdeflator,obs_corepce,obs_nominalrate,obs_consumption,obs_investment,obs_BBBspread,obs_longinflation,obs_longrate,obs_tfp,obs_gdi,obs_AAAspread,obs_nominalrate1,obs_nominalrate2,obs_nominalrate3,obs_nominalrate4,obs_nominalrate5,obs_nominalrate6
0.522915430629034,-44.456231659316295,0.522915430629034,0.4661106109267825,0.49999999999998934,1.3564440822737556,0.522915430629034,0.522915430629034,0.4294843422257129,0.49999999999998934,1.3564440822737556,0.0,0.522915430629034,0.1174310227768634,1.3564440822737556,1.3564440822737556,1.3564440822737556,1.3564440822737556,1.3564440822737556,1.3564440822737556
