obs_gdp,obs_hours,obs_wages,obs_gdpdeflator,obs_corepce,obs_nominalrate,obs_consumption,obs_investment,obs_BBBspread,obs_longinflation,obs_longrate,obs_tfp,obs_gdi,obs_AAAspread,obs_nominalrate1,obs_nominalrate2,obs_nominalrate3,obs_nominalrate4,obs_nominalrate5,obs_nominalrate6
0.5220539123852452,-43.956366557804856,0.5220539123852452,0.47222475245704154,0.49999999999998934,1.319229232806074,0.5220539123852452,0.5220539123852452,0.43434720430014784,0.49999999999998934,1.319229232806074,0.0,0.5220539123852452,0.1174310227768634,1.319229232806074,1.319229232806074,1.319229232806074,1.319229232806074,1.319229232806074,1.319229232806074
