obs_gdp,obs_hours,obs_wages,obs_gdpdeflator,obs_corepce,obs_nominalrate,obs_consumption,obs_investment,obs_BBBspread,obs_longinflation,obs_longrate,obs_tfp,obs_gdi,obs_AAAspread,obs_nominalrate1,obs_nominalrate2,obs_nominalrate3,obs_nominalrate4,obs_nominalrate5,obs_nominalrate6
0.5273639217387327,-44.301843782031916,0.5273639217387327,0.4668838420819809,0.49999999999998934,1.370538592898729,0.5273639217387327,0.5273639217387327,0.42787588845760266,0.49999999999998934,1.370538592898729,0.0,0.5273639217387327,0.1174310227768634,1.370538592898729,1.370538592898729,1.370538592898729,1.370538592898729,1.370538592898729,1.370538592898729
