obs_gdp,obs_hours,obs_wages,obs_gdpdeflator,obs_corepce,obs_nominalrate,obs_consumption,obs_investment,obs_BBBspread,obs_longinflation,obs_longrate,obs_tfp,obs_gdi,obs_AAAspread,obs_nominalrate1,obs_nominalrate2,obs_nominalrate3,obs_nominalrate4,obs_nominalrate5,obs_nominalrate6
0.49643396362313297,-44.768203597012736,0.49643396362313297,0.4689034882951238,0.49999999999998934,1.3006180170288095,0.49643396362313297,0.49643396362313297,0.42836099592968946,0.49999999999998934,1.3006180170288095,0.0,0.49643396362313297,0.1174310227768634,1.3006180170288095,1.3006180170288095,1.3006180170288095,1.3006180170288095,1.3006180170288095,1.3006180170288095
