obs_gdp,obs_hours,obs_wages,obs_gdpdeflator,obs_corepce,obs_nominalrate,obs_consumption,obs_investment,obs_BBBspread,obs_longinflation,obs_longrate,obs_tfp,obs_gdi,obs_AAAspread,obs_nominalrate1,obs_nominalrate2,obs_nominalrate3,obs_nominalrate4,obs_nominalrate5,obs_nominalrate6
0.5074597762189548,-44.54547062113509,0.5074597762189548,0.4711840663131108,0.49999999999998934,1.284763790603094,0.5074597762189548,0.5074597762189548,0.4336070565851218,0.49999999999998934,1.284763790603094,0.0,0.5074597762189548,0.1174310227768634,1.284763790603094,1.284763790603094,1.284763790603094,1.284763790603094,1.284763790603094,1.284763790603094
