obs_gdp,obs_hours,obs_wages,obs_gdpdeflator,obs_corepce,obs_nominalrate,obs_consumption,obs_investment,obs_BBBspread,obs_longinflation,obs_longrate,obs_tfp,obs_gdi,obs_AAAspread,obs_nominalrate1,obs_nominalrate2,obs_nominalrate3,obs_nominalrate4,obs_nominalrate5,obs_nominalrate6
0.46188848773822677,-46.17906373696602,0.46188848773822677,0.47214647952360217,0.49999999999998934,1.2271742661467577,0.46188848773822677,0.46188848773822677,0.43312424631944035,0.49999999999998934,1.2271742661467577,0.0,0.46188848773822677,0.1174310227768634,1.2271742661467577,1.2271742661467577,1.2271742661467577,1.2271742661467577,1.2271742661467577,1.2271742661467577
