obs_gdp,obs_hours,obs_wages,obs_gdpdeflator,obs_corepce,obs_nominalrate,obs_consumption,obs_investment,obs_BBBspread,obs_longinflation,obs_longrate,obs_tfp,obs_gdi,obs_AAAspread,obs_nominalrate1,obs_nominalrate2,obs_nominalrate3,obs_nominalrate4,obs_nominalrate5,obs_nominalrate6
0.5027224355052873,-45.246100678865176,0.5027224355052873,0.4683669305232687,0.49999999999998934,1.318514413531191,0.5027224355052873,0.5027224355052873,0.4226733294034432,0.49999999999998934,1.318514413531191,0.0,0.5027224355052873,0.1174310227768634,1.318514413531191,1.318514413531191,1.318514413531191,1.318514413531191,1.318514413531191,1.318514413531191
