obs_gdp,obs_hours,obs_wages,obs_gdpdeflator,obs_corepce,obs_nominalrate,obs_consumption,obs_investment,obs_BBBspread,obs_longinflation,obs_longrate,obs_tfp,obs_gdi,obs_AAAspread,obs_nominalrate1,obs_nominalrate2,obs_nominalrate3,obs_nominalrate4,obs_nominalrate5,obs_nominalrate6
0.4770772745894991,-45.88076688025888,0.4770772745894991,0.4680262076587707,0.49999999999998934,1.280826241987465,0.4770772745894991,0.4770772745894991,0.42641961341718704,0.49999999999998934,1.280826241987465,0.0,0.4770772745894991,0.1174310227768634,1.280826241987465,1.280826241987465,1.280826241987465,1.280826241987465,1.280826241987465,1.280826241987465
