obs_gdp,obs_hours,obs_wages,obs_gdpdeflator,obs_corepce,obs_nominalrate,obs_consumption,obs_investment,obs_BBBspread,obs_longinflation,obs_longrate,obs_tfp,obs_gdi,obs_AAAspread,obs_nominalrate1,obs_nominalrate2,obs_nominalrate3,obs_nominalrate4,obs_nominalrate5,obs_nominalrate6
0.5235947384989004,-44.556191751160675,0.5235947384989004,0.46849876406915125,0.49999999999998934,1.352602041247386,0.5235947384989004,0.5235947384989004,0.4225334935021487,0.49999999999998934,1.352602041247386,0.0,0.5235947384989004,0.1174310227768634,1.352602041247386,1.352602041247386,1.352602041247386,1.352602041247386,1.352602041247386,1.352602041247386
