obs_gdp,obs_hours,obs_wages,obs_gdpdeflator,obs_corepce,obs_nominalrate,obs_consumption,obs_investment,obs_BBBspread,obs_longinflation,obs_longrate,obs_tfp,obs_gdi,obs_AAAspread,obs_nominalrate1,obs_nominalrate2,obs_nominalrate3,obs_nominalrate4,obs_nominalrate5,obs_nominalrate6
0.5232792462883218,-44.51918454165947,0.5232792462883218,0.4681381644067614,0.49999999999998934,1.3562424051147826,0.5232792462883218,0.5232792462883218,0.42192582102217135,0.49999999999998934,1.3562424051147826,0.0,0.5232792462883218,0.1174310227768634,1.3562424051147826,1.3562424051147826,1.3562424051147826,1.3562424051147826,1.3562424051147826,1.3562424051147826
