obs_gdp,obs_hours,obs_wages,obs_gdpdeflator,obs_corepce,obs_nominalrate,obs_consumption,obs_investment,obs_BBBspread,obs_longinflation,obs_longrate,obs_tfp,obs_gdi,obs_AAAspread,obs_nominalrate1,obs_nominalrate2,obs_nominalrate3,obs_nominalrate4,obs_nominalrate5,obs_nominalrate6
0.5148552884450375,-45.019697394502316,0.5148552884450375,0.46382494371476046,0.49999999999998934,1.3300726959939446,0.5148552884450375,0.5148552884450375,0.42905294214187256,0.49999999999998934,1.3300726959939446,0.0,0.5148552884450375,0.1174310227768634,1.3300726959939446,1.3300726959939446,1.3300726959939446,1.3300726959939446,1.3300726959939446,1.3300726959939446
