obs_gdp,obs_hours,obs_wages,obs_gdpdeflator,obs_corepce,obs_nominalrate,obs_consumption,obs_investment,obs_BBBspread,obs_longinflation,obs_longrate,obs_tfp,obs_gdi,obs_AAAspread,obs_nominalrate1,obs_nominalrate2,obs_nominalrate3,obs_nominalrate4,obs_nominalrate5,obs_nominalrate6
0.5315319442826372,-44.01987727150269,0.5315319442826372,0.4623355830203641,0.49999999999998934,1.3736227676544477,0.5315319442826372,0.5315319442826372,0.43264497138183217,0.49999999999998934,1.3736227676544477,0.0,0.5315319442826372,0.1174310227768634,1.3736227676544477,1.3736227676544477,1.3736227676544477,1.3736227676544477,1.3736227676544477,1.3736227676544477
