obs_gdp,obs_hours,obs_wages,obs_gdpdeflator,obs_corepce,obs_nominalrate,obs_consumption,obs_investment,obs_BBBspread,obs_longinflation,obs_longrate,obs_tfp,obs_gdi,obs_AAAspread,obs_nominalrate1,obs_nominalrate2,obs_nominalrate3,obs_nominalrate4,obs_nominalrate5,obs_nominalrate6
0.485837380795906,-46.0000943122198,0.485837380795906,0.46353539722440307,0.49999999999998934,1.2849491143369862,0.485837380795906,0.485837380795906,0.4287906392045995,0.49999999999998934,1.2849491143369862,0.0,0.485837380795906,0.1174310227768634,1.2849491143369862,1.2849491143369862,1.2849491143369862,1.2849491143369862,1.2849491143369862,1.2849491143369862
