obs_gdp,obs_hours,obs_wages,obs_gdpdeflator,obs_corepce,obs_nominalrate,obs_consumption,obs_investment,obs_BBBspread,obs_longinflation,obs_longrate,obs_tfp,obs_gdi,obs_AAAspread,obs_nominalrate1,obs_nominalrate2,obs_nominalrate3,obs_nominalrate4,obs_nominalrate5,obs_nominalrate6
0.5294913324232375,-44.421411957752795,0.5294913324232375,0.46546558629939583,0.49999999999998934,1.3412970650817257,0.5294913324232375,0.5294913324232375,0.4245973527095463,0.49999999999998934,1.3412970650817257,0.0,0.5294913324232375,0.1174310227768634,1.3412970650817257,1.3412970650817257,1.3412970650817257,1.3412970650817257,1.3412970650817257,1.3412970650817257
