obs_gdp,obs_hours,obs_wages,obs_gdpdeflator,obs_corepce,obs_nominalrate,obs_consumption,obs_investment,obs_BBBspread,obs_longinflation,obs_longrate,obs_tfp,obs_gdi,obs_AAAspread,obs_nominalrate1,obs_nominalrate2,obs_nominalrate3,obs_nominalrate4,obs_nominalrate5,obs_nominalrate6
0.5040189609055057,-45.443669487163085,0.5040189609055057,0.4638466462954038,0.49999999999998934,1.3085460342915578,0.5040189609055057,0.5040189609055057,0.4308313734708822,0.49999999999998934,1.3085460342915578,0.0,0.5040189609055057,0.1174310227768634,1.3085460342915578,1.3085460342915578,1.3085460342915578,1.3085460342915578,1.3085460342915578,1.3085460342915578
