obs_gdp,obs_hours,obs_wages,obs_gdpdeflator,obs_corepce,obs_nominalrate,obs_consumption,obs_investment,obs_BBBspread,obs_longinflation,obs_longrate,obs_tfp,obs_gdi,obs_AAAspread,obs_nominalrate1,obs_nominalrate2,obs_nominalrate3,obs_nominalrate4,obs_nominalrate5,obs_nominalrate6
0.5457761663599792,-43.58803767034815,0.5457761663599792,0.4672367853696835,0.49999999999998934,1.3813884849638303,0.5457761663599792,0.5457761663599792,0.4245492847777555,0.49999999999998934,1.3813884849638303,0.0,0.5457761663599792,0.1174310227768634,1.3813884849638303,1.3813884849638303,1.3813884849638303,1.3813884849638303,1.3813884849638303,1.3813884849638303
