obs_gdp,obs_hours,obs_wages,obs_gdpdeflator,obs_corepce,obs_nominalrate,obs_consumption,obs_investment,obs_BBBspread,obs_longinflation,obs_longrate,obs_tfp,obs_gdi,obs_AAAspread,obs_nominalrate1,obs_nominalrate2,obs_nominalrate3,obs_nominalrate4,obs_nominalrate5,obs_nominalrate6
0.5025374175260389,-45.048018712244605,0.5025374175260389,0.47389269982124227,0.49999999999998934,1.243910081931765,0.5025374175260389,0.5025374175260389,0.4421752686090725,0.49999999999998934,1.243910081931765,0.0,0.5025374175260389,0.1174310227768634,1.243910081931765,1.243910081931765,1.243910081931765,1.243910081931765,1.243910081931765,1.243910081931765
