obs_gdp,obs_hours,obs_wages,obs_gdpdeflator,obs_corepce,obs_nominalrate,obs_consumption,obs_investment,obs_BBBspread,obs_longinflation,obs_longrate,obs_tfp,obs_gdi,obs_AAAspread,obs_nominalrate1,obs_nominalrate2,obs_nominalrate3,obs_nominalrate4,obs_nominalrate5,obs_nominalrate6
0.4754217785667647,-46.6664831252504,0.4754217785667647,0.4657400702502147,0.49999999999998934,1.2467344964411042,0.4754217785667647,0.4754217785667647,0.4239257153424267,0.49999999999998934,1.2467344964411042,0.0,0.4754217785667647,0.1174310227768634,1.2467344964411042,1.2467344964411042,1.2467344964411042,1.2467344964411042,1.2467344964411042,1.2467344964411042
