obs_gdp,obs_hours,obs_wages,obs_gdpdeflator,obs_corepce,obs_nominalrate,obs_consumption,obs_investment,obs_BBBspread,obs_longinflation,obs_longrate,obs_tfp,obs_gdi,obs_AAAspread,obs_nominalrate1,obs_nominalrate2,obs_nominalrate3,obs_nominalrate4,obs_nominalrate5,obs_nominalrate6
0.3994911269066037,-48.53313471211717,0.3994911269066037,0.47055828623987245,0.49999999999998934,1.1777951778657592,0.3994911269066037,0.3994911269066037,0.41997517595433453,0.49999999999998934,1.1777951778657592,0.0,0.3994911269066037,0.1174310227768634,1.1777951778657592,1.1777951778657592,1.1777951778657592,1.1777951778657592,1.1777951778657592,1.1777951778657592
