obs_gdp,obs_hours,obs_wages,obs_gdpdeflator,obs_corepce,obs_nominalrate,obs_consumption,obs_investment,obs_BBBspread,obs_longinflation,obs_longrate,obs_tfp,obs_gdi,obs_AAAspread,obs_nominalrate1,obs_nominalrate2,obs_nominalrate3,obs_nominalrate4,obs_nominalrate5,obs_nominalrate6
0.501204676059519,-45.296276202673795,0.501204676059519,0.46584232050177676,0.49999999999998934,1.3193436835345018,0.501204676059519,0.501204676059519,0.4321828846887976,0.49999999999998934,1.3193436835345018,0.0,0.501204676059519,0.1174310227768634,1.3193436835345018,1.3193436835345018,1.3193436835345018,1.3193436835345018,1.3193436835345018,1.3193436835345018
