obs_gdp,obs_hours,obs_wages,obs_gdpdeflator,obs_corepce,obs_nominalrate,obs_consumption,obs_investment,obs_BBBspread,obs_longinflation,obs_longrate,obs_tfp,obs_gdi,obs_AAAspread,obs_nominalrate1,obs_nominalrate2,obs_nominalrate3,obs_nominalrate4,obs_nominalrate5,obs_nominalrate6
0.4358374513484309,-46.9640511738668,0.4358374513484309,0.4710341961478105,0.49999999999998934,1.1650532040651917,0.4358374513484309,0.4358374513484309,0.4347809172641044,0.49999999999998934,1.1650532040651917,0.0,0.4358374513484309,0.1174310227768634,1.1650532040651917,1.1650532040651917,1.1650532040651917,1.1650532040651917,1.1650532040651917,1.1650532040651917
