obs_gdp,obs_hours,obs_wages,obs_gdpdeflator,obs_corepce,obs_nominalrate,obs_consumption,obs_investment,obs_BBBspread,obs_longinflation,obs_longrate,obs_tfp,obs_gdi,obs_AAAspread,obs_nominalrate1,obs_nominalrate2,obs_nominalrate3,obs_nominalrate4,obs_nominalrate5,obs_nominalrate6
0.5399736313747461,-43.93580612677395,0.5399736313747461,0.4746715465204005,0.49999999999998934,1.2990224703774977,0.5399736313747461,0.5399736313747461,0.4410579363067401,0.49999999999998934,1.2990224703774977,0.0,0.5399736313747461,0.1174310227768634,1.2990224703774977,1.2990224703774977,1.2990224703774977,1.2990224703774977,1.2990224703774977,1.2990224703774977
