obs_gdp,obs_hours,obs_wages,obs_gdpdeflator,obs_corepce,obs_nominalrate,obs_consumption,obs_investment,obs_BBBspread,obs_longinflation,obs_longrate,obs_tfp,obs_gdi,obs_AAAspread,obs_nominalrate1,obs_nominalrate2,obs_nominalrate3,obs_nominalrate4,obs_nominalrate5,obs_nominalrate6
0.4836899321549515,-45.956557044518945,0.4836899321549515,0.4678157268735882,0.49999999999998934,1.296876381471912,0.4836899321549515,0.4836899321549515,0.4201698026607726,0.49999999999998934,1.296876381471912,0.0,0.4836899321549515,0.1174310227768634,1.296876381471912,1.296876381471912,1.296876381471912,1.296876381471912,1.296876381471912,1.296876381471912
