obs_gdp,obs_hours,obs_wages,obs_gdpdeflator,obs_corepce,obs_nominalrate,obs_consumption,obs_investment,obs_BBBspread,obs_longinflation,obs_longrate,obs_tfp,obs_gdi,obs_AAAspread,obs_nominalrate1,obs_nominalrate2,obs_nominalrate3,obs_nominalrate4,obs_nominalrate5,obs_nominalrate6
0.44090000667260654,-46.85648918668302,0.44090000667260654,0.4720828804688976,0.49999999999998934,1.1735527860812667,0.44090000667260654,0.44090000667260654,0.43496448686846284,0.49999999999998934,1.1735527860812667,0.0,0.44090000667260654,0.1174310227768634,1.1735527860812667,1.1735527860812667,1.1735527860812667,1.1735527860812667,1.1735527860812667,1.1735527860812667
