obs_gdp,obs_hours,obs_wages,obs_gdpdeflator,obs_corepce,obs_nominalrate,obs_consumption,obs_investment,obs_BBBspread,obs_longinflation,obs_longrate,obs_tfp,obs_gdi,obs_AAAspread,obs_nominalrate1,obs_nominalrate2,obs_nominalrate3,obs_nominalrate4,obs_nominalrate5,obs_nominalrate6
0.5061821194245697,-44.85096028443405,0.5061821194245697,0.4737877017433216,0.49999999999998934,1.254765522753143,0.5061821194245697,0.5061821194245697,0.4424092669565822,0.49999999999998934,1.254765522753143,0.0,0.5061821194245697,0.1174310227768634,1.254765522753143,1.254765522753143,1.254765522753143,1.254765522753143,1.254765522753143,1.254765522753143
