obs_gdp,obs_hours,obs_wages,obs_gdpdeflator,obs_corepce,obs_nominalrate,obs_consumption,obs_investment,obs_BBBspread,obs_longinflation,obs_longrate,obs_tfp,obs_gdi,obs_AAAspread,obs_nominalrate1,obs_nominalrate2,obs_nominalrate3,obs_nominalrate4,obs_nominalrate5,obs_nominalrate6
0.540648897353635,-43.8840763022095,0.540648897353635,0.4722425274780132,0.49999999999998934,1.3016759903862418,0.540648897353635,0.540648897353635,0.43587212565377825,0.49999999999998934,1.3016759903862418,0.0,0.540648897353635,0.1174310227768634,1.3016759903862418,1.3016759903862418,1.3016759903862418,1.3016759903862418,1.3016759903862418,1.3016759903862418
