obs_gdp,obs_hours,obs_wages,obs_gdpdeflator,obs_corepce,obs_nominalrate,obs_consumption,obs_investment,obs_BBBspread,obs_longinflation,obs_longrate,obs_tfp,obs_gdi,obs_AAAspread,obs_nominalrate1,obs_nominalrate2,obs_nominalrate3,obs_nominalrate4,obs_nominalrate5,obs_nominalrate6
0.5124532114723079,-44.299310232791676,0.5124532114723079,0.4703431376212173,0.49999999999998934,1.2891331964712371,0.5124532114723079,0.5124532114723079,0.4360894103944178,0.49999999999998934,1.2891331964712371,0.0,0.5124532114723079,0.1174310227768634,1.2891331964712371,1.2891331964712371,1.2891331964712371,1.2891331964712371,1.2891331964712371,1.2891331964712371
