obs_gdp,obs_hours,obs_wages,obs_gdpdeflator,obs_corepce,obs_nominalrate,obs_consumption,obs_investment,obs_BBBspread,obs_longinflation,obs_longrate,obs_tfp,obs_gdi,obs_AAAspread,obs_nominalrate1,obs_nominalrate2,obs_nominalrate3,obs_nominalrate4,obs_nominalrate5,obs_nominalrate6
0.46137437055491226,-46.24165989513392,0.46137437055491226,0.4701494438499342,0.49999999999998934,1.2511810917916089,0.46137437055491226,0.46137437055491226,0.4246646724577013,0.49999999999998934,1.2511810917916089,0.0,0.46137437055491226,0.1174310227768634,1.2511810917916089,1.2511810917916089,1.2511810917916089,1.2511810917916089,1.2511810917916089,1.2511810917916089
