obs_gdp,obs_hours,obs_wages,obs_gdpdeflator,obs_corepce,obs_nominalrate,obs_consumption,obs_investment,obs_BBBspread,obs_longinflation,obs_longrate,obs_tfp,obs_gdi,obs_AAAspread,obs_nominalrate1,obs_nominalrate2,obs_nominalrate3,obs_nominalrate4,obs_nominalrate5,obs_nominalrate6
0.39855138505950904,-48.99133850985631,0.39855138505950904,0.4657630540287987,0.49999999999998934,1.175833488885547,0.39855138505950904,0.39855138505950904,0.43097591234880706,0.49999999999998934,1.175833488885547,0.0,0.39855138505950904,0.1174310227768634,1.175833488885547,1.175833488885547,1.175833488885547,1.175833488885547,1.175833488885547,1.175833488885547
