obs_gdp,obs_hours,obs_wages,obs_gdpdeflator,obs_corepce,obs_nominalrate,obs_consumption,obs_investment,obs_BBBspread,obs_longinflation,obs_longrate,obs_tfp,obs_gdi,obs_AAAspread,obs_nominalrate1,obs_nominalrate2,obs_nominalrate3,obs_nominalrate4,obs_nominalrate5,obs_nominalrate6
0.4727148863540753,-46.714807597997144,0.4727148863540753,0.46599125414948783,0.49999999999998934,1.2436326480103732,0.4727148863540753,0.4727148863540753,0.4251028903162468,0.49999999999998934,1.2436326480103732,0.0,0.4727148863540753,0.1174310227768634,1.2436326480103732,1.2436326480103732,1.2436326480103732,1.2436326480103732,1.2436326480103732,1.2436326480103732
