obs_gdp,obs_hours,obs_wages,obs_gdpdeflator,obs_corepce,obs_nominalrate,obs_consumption,obs_investment,obs_BBBspread,obs_longinflation,obs_longrate,obs_tfp,obs_gdi,obs_AAAspread,obs_nominalrate1,obs_nominalrate2,obs_nominalrate3,obs_nominalrate4,obs_nominalrate5,obs_nominalrate6
0.5496422191446415,-43.56362099468611,0.5496422191446415,0.46455522636610824,0.49999999999998934,1.401320580911447,0.5496422191446415,0.5496422191446415,0.4337803241367532,0.49999999999998934,1.401320580911447,0.0,0.5496422191446415,0.1174310227768634,1.401320580911447,1.401320580911447,1.401320580911447,1.401320580911447,1.401320580911447,1.401320580911447
