obs_gdp,obs_hours,obs_wages,obs_gdpdeflator,obs_corepce,obs_nominalrate,obs_consumption,obs_investment,obs_BBBspread,obs_longinflation,obs_longrate,obs_tfp,obs_gdi,obs_AAAspread,obs_nominalrate1,obs_nominalrate2,obs_nominalrate3,obs_nominalrate4,obs_nominalrate5,obs_nominalrate6
0.5228469784983814,-44.54458297154381,0.5228469784983814,0.4682176541180114,0.49999999999998934,1.3566669840225254,0.5228469784983814,0.5228469784983814,0.421158469103251,0.49999999999998934,1.3566669840225254,0.0,0.5228469784983814,0.1174310227768634,1.3566669840225254,1.3566669840225254,1.3566669840225254,1.3566669840225254,1.3566669840225254,1.3566669840225254
