obs_gdp,obs_hours,obs_wages,obs_gdpdeflator,obs_corepce,obs_nominalrate,obs_consumption,obs_investment,obs_BBBspread,obs_longinflation,obs_longrate,obs_tfp,obs_gdi,obs_AAAspread,obs_nominalrate1,obs_nominalrate2,obs_nominalrate3,obs_nominalrate4,obs_nominalrate5,obs_nominalrate6
0.5406341461979602,-43.86163041218687,0.5406341461979602,0.47405612736313907,0.49999999999998934,1.297062562347251,0.5406341461979602,0.5406341461979602,0.44308773528543316,0.49999999999998934,1.297062562347251,0.0,0.5406341461979602,0.1174310227768634,1.297062562347251,1.297062562347251,1.297062562347251,1.297062562347251,1.297062562347251,1.297062562347251
