obs_gdp,obs_hours,obs_wages,obs_gdpdeflator,obs_corepce,obs_nominalrate,obs_consumption,obs_investment,obs_BBBspread,obs_longinflation,obs_longrate,obs_tfp,obs_gdi,obs_AAAspread,obs_nominalrate1,obs_nominalrate2,obs_nominalrate3,obs_nominalrate4,obs_nominalrate5,obs_nominalrate6
0.45018910075942387,-46.79150711057777,0.45018910075942387,0.47285181442197166,0.49999999999998934,1.19003985812709,0.45018910075942387,0.45018910075942387,0.4339814591402041,0.49999999999998934,1.19003985812709,0.0,0.45018910075942387,0.1174310227768634,1.19003985812709,1.19003985812709,1.19003985812709,1.19003985812709,1.19003985812709,1.19003985812709
