obs_gdp,obs_hours,obs_wages,obs_gdpdeflator,obs_corepce,obs_nominalrate,obs_consumption,obs_investment,obs_BBBspread,obs_longinflation,obs_longrate,obs_tfp,obs_gdi,obs_AAAspread,obs_nominalrate1,obs_nominalrate2,obs_nominalrate3,obs_nominalrate4,obs_nominalrate5,obs_nominalrate6
0.4607896759004415,-46.40554107353434,0.4607896759004415,0.4714920199775176,0.49999999999998934,1.2014634091792376,0.4607896759004415,0.4607896759004415,0.43579928725426637,0.49999999999998934,1.2014634091792376,0.0,0.4607896759004415,0.1174310227768634,1.2014634091792376,1.2014634091792376,1.2014634091792376,1.2014634091792376,1.2014634091792376,1.2014634091792376
