obs_gdp,obs_hours,obs_wages,obs_gdpdeflator,obs_corepce,obs_nominalrate,obs_consumption,obs_investment,obs_BBBspread,obs_longinflation,obs_longrate,obs_tfp,obs_gdi,obs_AAAspread,obs_nominalrate1,obs_nominalrate2,obs_nominalrate3,obs_nominalrate4,obs_nominalrate5,obs_nominalrate6
0.4253855627187164,-47.44563621132923,0.4253855627187164,0.471940768725258,0.49999999999998934,1.1807229200031966,0.4253855627187164,0.4253855627187164,0.43122321008976966,0.49999999999998934,1.1807229200031966,0.0,0.4253855627187164,0.1174310227768634,1.1807229200031966,1.1807229200031966,1.1807229200031966,1.1807229200031966,1.1807229200031966,1.1807229200031966
