obs_gdp,obs_hours,obs_wages,obs_gdpdeflator,obs_corepce,obs_nominalrate,obs_consumption,obs_investment,obs_BBBspread,obs_longinflation,obs_longrate,obs_tfp,obs_gdi,obs_AAAspread,obs_nominalrate1,obs_nominalrate2,obs_nominalrate3,obs_nominalrate4,obs_nominalrate5,obs_nominalrate6
0.465428950566138,-45.81881003664772,0.465428950566138,0.47237704180023016,0.49999999999998934,1.226481160214088,0.465428950566138,0.465428950566138,0.4387275623020461,0.49999999999998934,1.226481160214088,0.0,0.465428950566138,0.1174310227768634,1.226481160214088,1.226481160214088,1.226481160214088,1.226481160214088,1.226481160214088,1.226481160214088
