obs_gdp,obs_hours,obs_wages,obs_gdpdeflator,obs_corepce,obs_nominalrate,obs_consumption,obs_investment,obs_BBBspread,obs_longinflation,obs_longrate,obs_tfp,obs_gdi,obs_AAAspread,obs_nominalrate1,obs_nominalrate2,obs_nominalrate3,obs_nominalrate4,obs_nominalrate5,obs_nominalrate6
0.4697492073664655,-46.41179209291279,0.4697492073664655,0.4639187425068607,0.49999999999998934,1.2720379480239519,0.4697492073664655,0.4697492073664655,0.4294655508874078,0.49999999999998934,1.2720379480239519,0.0,0.4697492073664655,0.1174310227768634,1.2720379480239519,1.2720379480239519,1.2720379480239519,1.2720379480239519,1.2720379480239519,1.2720379480239519
