obs_gdp,obs_hours,obs_wages,obs_gdpdeflator,obs_corepce,obs_nominalrate,obs_consumption,obs_investment,obs_BBBspread,obs_longinflation,obs_longrate,obs_tfp,obs_gdi,obs_AAAspread,obs_nominalrate1,obs_nominalrate2,obs_nominalrate3,obs_nominalrate4,obs_nominalrate5,obs_nominalrate6
0.5115036219085933,-44.93166660800601,0.5115036219085933,0.4712939689902083,0.49999999999998934,1.250555532092612,0.5115036219085933,0.5115036219085933,0.4344735850709296,0.49999999999998934,1.250555532092612,0.0,0.5115036219085933,0.1174310227768634,1.250555532092612,1.250555532092612,1.250555532092612,1.250555532092612,1.250555532092612,1.250555532092612
