obs_gdp,obs_hours,obs_wages,obs_gdpdeflator,obs_corepce,obs_nominalrate,obs_consumption,obs_investment,obs_BBBspread,obs_longinflation,obs_longrate,obs_tfp,obs_gdi,obs_AAAspread,obs_nominalrate1,obs_nominalrate2,obs_nominalrate3,obs_nominalrate4,obs_nominalrate5,obs_nominalrate6
0.5096831761329579,-44.314514902715445,0.5096831761329579,0.47112570485671634,0.49999999999998934,1.285981269401626,0.5096831761329579,0.5096831761329579,0.43829632117618805,0.49999999999998934,1.285981269401626,0.0,0.5096831761329579,0.1174310227768634,1.285981269401626,1.285981269401626,1.285981269401626,1.285981269401626,1.285981269401626,1.285981269401626
