obs_gdp,obs_hours,obs_wages,obs_gdpdeflator,obs_corepce,obs_nominalrate,obs_consumption,obs_investment,obs_BBBspread,obs_longinflation,obs_longrate,obs_tfp,obs_gdi,obs_AAAspread,obs_nominalrate1,obs_nominalrate2,obs_nominalrate3,obs_nominalrate4,obs_nominalrate5,obs_nominalrate6
0.485479135253275,-45.839844228353726,0.485479135253275,0.47166927794045366,0.49999999999998934,1.2136780150517223,0.485479135253275,0.485479135253275,0.4350123477512251,0.49999999999998934,1.2136780150517223,0.0,0.485479135253275,0.1174310227768634,1.2136780150517223,1.2136780150517223,1.2136780150517223,1.2136780150517223,1.2136780150517223,1.2136780150517223
