obs_gdp,obs_hours,obs_wages,obs_gdpdeflator,obs_corepce,obs_nominalrate,obs_consumption,obs_investment,obs_BBBspread,obs_longinflation,obs_longrate,obs_tfp,obs_gdi,obs_AAAspread,obs_nominalrate1,obs_nominalrate2,obs_nominalrate3,obs_nominalrate4,obs_nominalrate5,obs_nominalrate6
0.5100241997871846,-44.97512167717107,0.5100241997871846,0.4654003420594731,0.49999999999998934,1.3165220374141695,0.5100241997871846,0.5100241997871846,0.42043965357668267,0.49999999999998934,1.3165220374141695,0.0,0.5100241997871846,0.1174310227768634,1.3165220374141695,1.3165220374141695,1.3165220374141695,1.3165220374141695,1.3165220374141695,1.3165220374141695
