obs_gdp,obs_hours,obs_wages,obs_gdpdeflator,obs_corepce,obs_nominalrate,obs_consumption,obs_investment,obs_BBBspread,obs_longinflation,obs_longrate,obs_tfp,obs_gdi,obs_AAAspread,obs_nominalrate1,obs_nominalrate2,obs_nominalrate3,obs_nominalrate4,obs_nominalrate5,obs_nominalrate6
0.510724557019282,-45.454204408820054,0.510724557019282,0.46559932963402356,0.49999999999998934,1.3051538646857264,0.510724557019282,0.510724557019282,0.42194658488414255,0.49999999999998934,1.3051538646857264,0.0,0.510724557019282,0.1174310227768634,1.3051538646857264,1.3051538646857264,1.3051538646857264,1.3051538646857264,1.3051538646857264,1.3051538646857264
