obs_gdp,obs_hours,obs_wages,obs_gdpdeflator,obs_corepce,obs_nominalrate,obs_consumption,obs_investment,obs_BBBspread,obs_longinflation,obs_longrate,obs_tfp,obs_gdi,obs_AAAspread,obs_nominalrate1,obs_nominalrate2,obs_nominalrate3,obs_nominalrate4,obs_nominalrate5,obs_nominalrate6
0.5109960714259509,-44.60620617281261,0.5109960714259509,0.4697497724224263,0.49999999999998934,1.3291134713925068,0.5109960714259509,0.5109960714259509,0.42217170912050633,0.49999999999998934,1.3291134713925068,0.0,0.5109960714259509,0.1174310227768634,1.3291134713925068,1.3291134713925068,1.3291134713925068,1.3291134713925068,1.3291134713925068,1.3291134713925068
