obs_gdp,obs_hours,obs_wages,obs_gdpdeflator,obs_corepce,obs_nominalrate,obs_consumption,obs_investment,obs_BBBspread,obs_longinflation,obs_longrate,obs_tfp,obs_gdi,obs_AAAspread,obs_nominalrate1,obs_nominalrate2,obs_nominalrate3,obs_nominalrate4,obs_nominalrate5,obs_nominalrate6
0.47139789813406274,-46.42896462381447,0.47139789813406274,0.4635848641910709,0.49999999999998934,1.2752148547947817,0.47139789813406274,0.47139789813406274,0.43131667716919786,0.49999999999998934,1.2752148547947817,0.0,0.47139789813406274,0.1174310227768634,1.2752148547947817,1.2752148547947817,1.2752148547947817,1.2752148547947817,1.2752148547947817,1.2752148547947817
