obs_gdp,obs_hours,obs_wages,obs_gdpdeflator,obs_corepce,obs_nominalrate,obs_consumption,obs_investment,obs_BBBspread,obs_longinflation,obs_longrate,obs_tfp,obs_gdi,obs_AAAspread,obs_nominalrate1,obs_nominalrate2,obs_nominalrate3,obs_nominalrate4,obs_nominalrate5,obs_nominalrate6
0.4009612409333174,-49.09248177479729,0.4009612409333174,0.4663874996510311,0.49999999999998934,1.1521357433792456,0.4009612409333174,0.4009612409333174,0.418923841809532,0.49999999999998934,1.1521357433792456,0.0,0.4009612409333174,0.1174310227768634,1.1521357433792456,1.1521357433792456,1.1521357433792456,1.1521357433792456,1.1521357433792456,1.1521357433792456
