obs_gdp,obs_hours,obs_wages,obs_gdpdeflator,obs_corepce,obs_nominalrate,obs_consumption,obs_investment,obs_BBBspread,obs_longinflation,obs_longrate,obs_tfp,obs_gdi,obs_AAAspread,obs_nominalrate1,obs_nominalrate2,obs_nominalrate3,obs_nominalrate4,obs_nominalrate5,obs_nominalrate6
0.5063423421605817,-45.125990697093904,0.5063423421605817,0.4684791751012074,0.49999999999998934,1.3275905454442682,0.5063423421605817,0.5063423421605817,0.4229309635847537,0.49999999999998934,1.3275905454442682,0.0,0.5063423421605817,0.1174310227768634,1.3275905454442682,1.3275905454442682,1.3275905454442682,1.3275905454442682,1.3275905454442682,1.3275905454442682
