obs_gdp,obs_hours,obs_wages,obs_gdpdeflator,obs_corepce,obs_nominalrate,obs_consumption,obs_investment,obs_BBBspread,obs_longinflation,obs_longrate,obs_tfp,obs_gdi,obs_AAAspread,obs_nominalrate1,obs_nominalrate2,obs_nominalrate3,obs_nominalrate4,obs_nominalrate5,obs_nominalrate6
0.4152279537639192,-48.395998847517845,0.4152279537639192,0.4658309693958532,0.49999999999998934,1.1979290274265253,0.4152279537639192,0.4152279537639192,0.43025714081722916,0.49999999999998934,1.1979290274265253,0.0,0.4152279537639192,0.1174310227768634,1.1979290274265253,1.1979290274265253,1.1979290274265253,1.1979290274265253,1.1979290274265253,1.1979290274265253
