obs_gdp,obs_hours,obs_wages,obs_gdpdeflator,obs_corepce,obs_nominalrate,obs_consumption,obs_investment,obs_BBBspread,obs_longinflation,obs_longrate,obs_tfp,obs_gdi,obs_AAAspread,obs_nominalrate1,obs_nominalrate2,obs_nominalrate3,obs_nominalrate4,obs_nominalrate5,obs_nominalrate6
0.46944612643577965,-46.06567474646228,0.46944612643577965,0.4718908854418688,0.49999999999998934,1.2154149267427083,0.46944612643577965,0.46944612643577965,0.43582985637747595,0.49999999999998934,1.2154149267427083,0.0,0.46944612643577965,0.1174310227768634,1.2154149267427083,1.2154149267427083,1.2154149267427083,1.2154149267427083,1.2154149267427083,1.2154149267427083
