obs_gdp,obs_hours,obs_wages,obs_gdpdeflator,obs_corepce,obs_nominalrate,obs_consumption,obs_investment,obs_BBBspread,obs_longinflation,obs_longrate,obs_tfp,obs_gdi,obs_AAAspread,obs_nominalrate1,obs_nominalrate2,obs_nominalrate3,obs_nominalrate4,obs_nominalrate5,obs_nominalrate6
0.4676673893245331,-46.38907436580902,0.4676673893245331,0.47003076548301786,0.49999999999998934,1.2862357457166906,0.4676673893245331,0.4676673893245331,0.41844951338477193,0.49999999999998934,1.2862357457166906,0.0,0.4676673893245331,0.1174310227768634,1.2862357457166906,1.2862357457166906,1.2862357457166906,1.2862357457166906,1.2862357457166906,1.2862357457166906
