obs_gdp,obs_hours,obs_wages,obs_gdpdeflator,obs_corepce,obs_nominalrate,obs_consumption,obs_investment,obs_BBBspread,obs_longinflation,obs_longrate,obs_tfp,obs_gdi,obs_AAAspread,obs_nominalrate1,obs_nominalrate2,obs_nominalrate3,obs_nominalrate4,obs_nominalrate5,obs_nominalrate6
0.43792423263777636,-47.211633868831896,0.43792423263777636,0.473523771209587,0.49999999999998934,1.1752507270057722,0.43792423263777636,0.43792423263777636,0.4342604825685552,0.49999999999998934,1.1752507270057722,0.0,0.43792423263777636,0.1174310227768634,1.1752507270057722,1.1752507270057722,1.1752507270057722,1.1752507270057722,1.1752507270057722,1.1752507270057722
