obs_gdp,obs_hours,obs_wages,obs_gdpdeflator,obs_corepce,obs_nominalrate,obs_consumption,obs_investment,obs_BBBspread,obs_longinflation,obs_longrate,obs_tfp,obs_gdi,obs_AAAspread,obs_nominalrate1,obs_nominalrate2,obs_nominalrate3,obs_nominalrate4,obs_nominalrate5,obs_nominalrate6
0.44314374764293785,-47.18836520376995,0.44314374764293785,0.4685876367792951,0.49999999999998934,1.233334074855641,0.44314374764293785,0.44314374764293785,0.42369869672292604,0.49999999999998934,1.233334074855641,0.0,0.44314374764293785,0.1174310227768634,1.233334074855641,1.233334074855641,1.233334074855641,1.233334074855641,1.233334074855641,1.233334074855641
