obs_gdp,obs_hours,obs_wages,obs_gdpdeflator,obs_corepce,obs_nominalrate,obs_consumption,obs_investment,obs_BBBspread,obs_longinflation,obs_longrate,obs_tfp,obs_gdi,obs_AAAspread,obs_nominalrate1,obs_nominalrate2,obs_nominalrate3,obs_nominalrate4,obs_nominalrate5,obs_nominalrate6
0.5134769670474659,-44.8506400954361,0.5134769670474659,0.4660842971501172,0.49999999999998934,1.322619545881909,0.5134769670474659,0.5134769670474659,0.42066681293246694,0.49999999999998934,1.322619545881909,0.0,0.5134769670474659,0.1174310227768634,1.322619545881909,1.322619545881909,1.322619545881909,1.322619545881909,1.322619545881909,1.322619545881909
