obs_gdp,obs_hours,obs_wages,obs_gdpdeflator,obs_corepce,obs_nominalrate,obs_consumption,obs_investment,obs_BBBspread,obs_longinflation,obs_longrate,obs_tfp,obs_gdi,obs_AAAspread,obs_nominalrate1,obs_nominalrate2,obs_nominalrate3,obs_nominalrate4,obs_nominalrate5,obs_nominalrate6
0.5189690563087268,-44.64324280418872,0.5189690563087268,0.4672733608342764,0.49999999999998934,1.3547985634583704,0.5189690563087268,0.5189690563087268,0.4167998970944027,0.49999999999998934,1.3547985634583704,0.0,0.5189690563087268,0.1174310227768634,1.3547985634583704,1.3547985634583704,1.3547985634583704,1.3547985634583704,1.3547985634583704,1.3547985634583704
