obs_gdp,obs_hours,obs_wages,obs_gdpdeflator,obs_corepce,obs_nominalrate,obs_consumption,obs_investment,obs_BBBspread,obs_longinflation,obs_longrate,obs_tfp,obs_gdi,obs_AAAspread,obs_nominalrate1,obs_nominalrate2,obs_nominalrate3,obs_nominalrate4,obs_nominalrate5,obs_nominalrate6
0.4414754998314896,-46.77417733903822,0.4414754998314896,0.47081666667537586,0.49999999999998934,1.1745452405789836,0.4414754998314896,0.4414754998314896,0.4342640853596946,0.49999999999998934,1.1745452405789836,0.0,0.4414754998314896,0.1174310227768634,1.1745452405789836,1.1745452405789836,1.1745452405789836,1.1745452405789836,1.1745452405789836,1.1745452405789836
