obs_gdp,obs_hours,obs_wages,obs_gdpdeflator,obs_corepce,obs_nominalrate,obs_consumption,obs_investment,obs_BBBspread,obs_longinflation,obs_longrate,obs_tfp,obs_gdi,obs_AAAspread,obs_nominalrate1,obs_nominalrate2,obs_nominalrate3,obs_nominalrate4,obs_nominalrate5,obs_nominalrate6
0.47510367974099577,-46.19203554034931,0.47510367974099577,0.4666936016903797,0.49999999999998934,1.2846941561037273,0.47510367974099577,0.47510367974099577,0.42243090125447125,0.49999999999998934,1.2846941561037273,0.0,0.47510367974099577,0.1174310227768634,1.2846941561037273,1.2846941561037273,1.2846941561037273,1.2846941561037273,1.2846941561037273,1.2846941561037273
