obs_gdp,obs_hours,obs_wages,obs_gdpdeflator,obs_corepce,obs_nominalrate,obs_consumption,obs_investment,obs_BBBspread,obs_longinflation,obs_longrate,obs_tfp,obs_gdi,obs_AAAspread,obs_nominalrate1,obs_nominalrate2,obs_nominalrate3,obs_nominalrate4,obs_nominalrate5,obs_nominalrate6
0.4776675801382746,-46.123889431222466,0.4776675801382746,0.46716775767521934,0.49999999999998934,1.288453473584461,0.4776675801382746,0.4776675801382746,0.4230781374048911,0.49999999999998934,1.288453473584461,0.0,0.4776675801382746,0.1174310227768634,1.288453473584461,1.288453473584461,1.288453473584461,1.288453473584461,1.288453473584461,1.288453473584461
