obs_gdp,obs_hours,obs_wages,obs_gdpdeflator,obs_corepce,obs_nominalrate,obs_consumption,obs_investment,obs_BBBspread,obs_longinflation,obs_longrate,obs_tfp,obs_gdi,obs_AAAspread,obs_nominalrate1,obs_nominalrate2,obs_nominalrate3,obs_nominalrate4,obs_nominalrate5,obs_nominalrate6
0.44377563090309824,-46.92560331555884,0.44377563090309824,0.4683855129269346,0.49999999999998934,1.2384688938372967,0.44377563090309824,0.44377563090309824,0.4210739567449773,0.49999999999998934,1.2384688938372967,0.0,0.44377563090309824,0.1174310227768634,1.2384688938372967,1.2384688938372967,1.2384688938372967,1.2384688938372967,1.2384688938372967,1.2384688938372967
