obs_gdp,obs_hours,obs_wages,obs_gdpdeflator,obs_corepce,obs_nominalrate,obs_consumption,obs_investment,obs_BBBspread,obs_longinflation,obs_longrate,obs_tfp,obs_gdi,obs_AAAspread,obs_nominalrate1,obs_nominalrate2,obs_nominalrate3,obs_nominalrate4,obs_nominalrate5,obs_nominalrate6
0.4117451329625821,-47.80268128241963,0.4117451329625821,0.4714243166757464,0.49999999999998934,1.1406529791168962,0.4117451329625821,0.4117451329625821,0.4345165272838164,0.49999999999998934,1.1406529791168962,0.0,0.4117451329625821,0.1174310227768634,1.1406529791168962,1.1406529791168962,1.1406529791168962,1.1406529791168962,1.1406529791168962,1.1406529791168962
