obs_gdp,obs_hours,obs_wages,obs_gdpdeflator,obs_corepce,obs_nominalrate,obs_consumption,obs_investment,obs_BBBspread,obs_longinflation,obs_longrate,obs_tfp,obs_gdi,obs_AAAspread,obs_nominalrate1,obs_nominalrate2,obs_nominalrate3,obs_nominalrate4,obs_nominalrate5,obs_nominalrate6
0.4725298101851072,-46.42340964021856,0.4725298101851072,0.463705790994737,0.49999999999998934,1.2747004832800002,0.4725298101851072,0.4725298101851072,0.43071544796305494,0.49999999999998934,1.2747004832800002,0.0,0.4725298101851072,0.1174310227768634,1.2747004832800002,1.2747004832800002,1.2747004832800002,1.2747004832800002,1.2747004832800002,1.2747004832800002
