obs_gdp,obs_hours,obs_wages,obs_gdpdeflator,obs_corepce,obs_nominalrate,obs_consumption,obs_investment,obs_BBBspread,obs_longinflation,obs_longrate,obs_tfp,obs_gdi,obs_AAAspread,obs_nominalrate1,obs_nominalrate2,obs_nominalrate3,obs_nominalrate4,obs_nominalrate5,obs_nominalrate6
0.5117082042948029,-45.09288662817894,0.5117082042948029,0.4638375727673787,0.49999999999998934,1.3130547144071913,0.5117082042948029,0.5117082042948029,0.42717766515950456,0.49999999999998934,1.3130547144071913,0.0,0.5117082042948029,0.1174310227768634,1.3130547144071913,1.3130547144071913,1.3130547144071913,1.3130547144071913,1.3130547144071913,1.3130547144071913
