obs_gdp,obs_hours,obs_wages,obs_gdpdeflator,obs_corepce,obs_nominalrate,obs_consumption,obs_investment,obs_BBBspread,obs_longinflation,obs_longrate,obs_tfp,obs_gdi,obs_AAAspread,obs_nominalrate1,obs_nominalrate2,obs_nominalrate3,obs_nominalrate4,obs_nominalrate5,obs_nominalrate6
0.4286358250205291,-47.30556706267996,0.4286358250205291,0.47277226640630476,0.49999999999998934,1.1878002924811337,0.4286358250205291,0.4286358250205291,0.43188507661040554,0.49999999999998934,1.1878002924811337,0.0,0.4286358250205291,0.1174310227768634,1.1878002924811337,1.1878002924811337,1.1878002924811337,1.1878002924811337,1.1878002924811337,1.1878002924811337
