obs_gdp,obs_hours,obs_wages,obs_gdpdeflator,obs_corepce,obs_nominalrate,obs_consumption,obs_investment,obs_BBBspread,obs_longinflation,obs_longrate,obs_tfp,obs_gdi,obs_AAAspread,obs_nominalrate1,obs_nominalrate2,obs_nominalrate3,obs_nominalrate4,obs_nominalrate5,obs_nominalrate6
0.511050181984074,-44.29514909074597,0.511050181984074,0.47298989066589836,0.49999999999998934,1.3092028760125496,0.511050181984074,0.511050181984074,0.43307064768950515,0.49999999999998934,1.3092028760125496,0.0,0.511050181984074,0.1174310227768634,1.3092028760125496,1.3092028760125496,1.3092028760125496,1.3092028760125496,1.3092028760125496,1.3092028760125496
