obs_gdp,obs_hours,obs_wages,obs_gdpdeflator,obs_corepce,obs_nominalrate,obs_consumption,obs_investment,obs_BBBspread,obs_longinflation,obs_longrate,obs_tfp,obs_gdi,obs_AAAspread,obs_nominalrate1,obs_nominalrate2,obs_nominalrate3,obs_nominalrate4,obs_nominalrate5,obs_nominalrate6
0.4623339950475591,-46.38740401271636,0.4623339950475591,0.47231941811277534,0.49999999999998934,1.2042673055375985,0.4623339950475591,0.4623339950475591,0.4336512642215005,0.49999999999998934,1.2042673055375985,0.0,0.4623339950475591,0.1174310227768634,1.2042673055375985,1.2042673055375985,1.2042673055375985,1.2042673055375985,1.2042673055375985,1.2042673055375985
