obs_gdp,obs_hours,obs_wages,obs_gdpdeflator,obs_corepce,obs_nominalrate,obs_consumption,obs_investment,obs_BBBspread,obs_longinflation,obs_longrate,obs_tfp,obs_gdi,obs_AAAspread,obs_nominalrate1,obs_nominalrate2,obs_nominalrate3,obs_nominalrate4,obs_nominalrate5,obs_nominalrate6
0.45879150122634105,-46.816313075314184,0.45879150122634105,0.46578841314743435,0.49999999999998934,1.2331618559816127,0.45879150122634105,0.45879150122634105,0.4253117354046822,0.49999999999998934,1.2331618559816127,0.0,0.45879150122634105,0.1174310227768634,1.2331618559816127,1.2331618559816127,1.2331618559816127,1.2331618559816127,1.2331618559816127,1.2331618559816127
