obs_gdp,obs_hours,obs_wages,obs_gdpdeflator,obs_corepce,obs_nominalrate,obs_consumption,obs_investment,obs_BBBspread,obs_longinflation,obs_longrate,obs_tfp,obs_gdi,obs_AAAspread,obs_nominalrate1,obs_nominalrate2,obs_nominalrate3,obs_nominalrate4,obs_nominalrate5,obs_nominalrate6
0.5241181177299881,-44.866760073918634,0.5241181177299881,0.4658826559120285,0.49999999999998934,1.3322404514045427,0.5241181177299881,0.5241181177299881,0.4186378749837862,0.49999999999998934,1.3322404514045427,0.0,0.5241181177299881,0.1174310227768634,1.3322404514045427,1.3322404514045427,1.3322404514045427,1.3322404514045427,1.3322404514045427,1.3322404514045427
