obs_gdp,obs_hours,obs_wages,obs_gdpdeflator,obs_corepce,obs_nominalrate,obs_consumption,obs_investment,obs_BBBspread,obs_longinflation,obs_longrate,obs_tfp,obs_gdi,obs_AAAspread,obs_nominalrate1,obs_nominalrate2,obs_nominalrate3,obs_nominalrate4,obs_nominalrate5,obs_nominalrate6
0.5264925925714259,-44.234675984184754,0.5264925925714259,0.4627435461058923,0.49999999999998934,1.3653736035555086,0.5264925925714259,0.5264925925714259,0.4319582605740465,0.49999999999998934,1.3653736035555086,0.0,0.5264925925714259,0.1174310227768634,1.3653736035555086,1.3653736035555086,1.3653736035555086,1.3653736035555086,1.3653736035555086,1.3653736035555086
