obs_gdp,obs_hours,obs_wages,obs_gdpdeflator,obs_corepce,obs_nominalrate,obs_consumption,obs_investment,obs_BBBspread,obs_longinflation,obs_longrate,obs_tfp,obs_gdi,obs_AAAspread,obs_nominalrate1,obs_nominalrate2,obs_nominalrate3,obs_nominalrate4,obs_nominalrate5,obs_nominalrate6
0.47822669429045117,-46.220378643298154,0.47822669429045117,0.46581577611063324,0.49999999999998934,1.280696646767332,0.47822669429045117,0.47822669429045117,0.43289417100092953,0.49999999999998934,1.280696646767332,0.0,0.47822669429045117,0.1174310227768634,1.280696646767332,1.280696646767332,1.280696646767332,1.280696646767332,1.280696646767332,1.280696646767332
