obs_gdp,obs_hours,obs_wages,obs_gdpdeflator,obs_corepce,obs_nominalrate,obs_consumption,obs_investment,obs_BBBspread,obs_longinflation,obs_longrate,obs_tfp,obs_gdi,obs_AAAspread,obs_nominalrate1,obs_nominalrate2,obs_nominalrate3,obs_nominalrate4,obs_nominalrate5,obs_nominalrate6
0.4587972356923098,-46.767628272630965,0.4587972356923098,0.46580695232244246,0.49999999999998934,1.2352944629593798,0.4587972356923098,0.4587972356923098,0.42580395864177956,0.49999999999998934,1.2352944629593798,0.0,0.4587972356923098,0.1174310227768634,1.2352944629593798,1.2352944629593798,1.2352944629593798,1.2352944629593798,1.2352944629593798,1.2352944629593798
