obs_gdp,obs_hours,obs_wages,obs_gdpdeflator,obs_corepce,obs_nominalrate,obs_consumption,obs_investment,obs_BBBspread,obs_longinflation,obs_longrate,obs_tfp,obs_gdi,obs_AAAspread,obs_nominalrate1,obs_nominalrate2,obs_nominalrate3,obs_nominalrate4,obs_nominalrate5,obs_nominalrate6
0.521418846888122,-44.0502582996851,0.521418846888122,0.47126278974247965,0.49999999999998934,1.3143101783043232,0.521418846888122,0.521418846888122,0.43495499806048327,0.49999999999998934,1.3143101783043232,0.0,0.521418846888122,0.1174310227768634,1.3143101783043232,1.3143101783043232,1.3143101783043232,1.3143101783043232,1.3143101783043232,1.3143101783043232
