obs_gdp,obs_hours,obs_wages,obs_gdpdeflator,obs_corepce,obs_nominalrate,obs_consumption,obs_investment,obs_BBBspread,obs_longinflation,obs_longrate,obs_tfp,obs_gdi,obs_AAAspread,obs_nominalrate1,obs_nominalrate2,obs_nominalrate3,obs_nominalrate4,obs_nominalrate5,obs_nominalrate6
0.4315532006218925,-47.1498950255766,0.4315532006218925,0.4708916144560271,0.49999999999998934,1.1572592238749957,0.4315532006218925,0.4315532006218925,0.43491801431414606,0.49999999999998934,1.1572592238749957,0.0,0.4315532006218925,0.1174310227768634,1.1572592238749957,1.1572592238749957,1.1572592238749957,1.1572592238749957,1.1572592238749957,1.1572592238749957
