obs_gdp,obs_hours,obs_wages,obs_gdpdeflator,obs_corepce,obs_nominalrate,obs_consumption,obs_investment,obs_BBBspread,obs_longinflation,obs_longrate,obs_tfp,obs_gdi,obs_AAAspread,obs_nominalrate1,obs_nominalrate2,obs_nominalrate3,obs_nominalrate4,obs_nominalrate5,obs_nominalrate6
0.5478881976169747,-44.00277119852604,0.5478881976169747,0.46277321446711756,0.49999999999998934,1.377238314053053,0.5478881976169747,0.5478881976169747,0.4298784513918477,0.49999999999998934,1.377238314053053,0.0,0.5478881976169747,0.1174310227768634,1.377238314053053,1.377238314053053,1.377238314053053,1.377238314053053,1.377238314053053,1.377238314053053
