obs_gdp,obs_hours,obs_wages,obs_gdpdeflator,obs_corepce,obs_nominalrate,obs_consumption,obs_investment,obs_BBBspread,obs_longinflation,obs_longrate,obs_tfp,obs_gdi,obs_AAAspread,obs_nominalrate1,obs_nominalrate2,obs_nominalrate3,obs_nominalrate4,obs_nominalrate5,obs_nominalrate6
0.4148602090942255,-47.756663458830026,0.4148602090942255,0.4725190463096015,0.49999999999998934,1.162333495966461,0.4148602090942255,0.4148602090942255,0.4366680198590713,0.49999999999998934,1.162333495966461,0.0,0.4148602090942255,0.1174310227768634,1.162333495966461,1.162333495966461,1.162333495966461,1.162333495966461,1.162333495966461,1.162333495966461
