obs_gdp,obs_hours,obs_wages,obs_gdpdeflator,obs_corepce,obs_nominalrate,obs_consumption,obs_investment,obs_BBBspread,obs_longinflation,obs_longrate,obs_tfp,obs_gdi,obs_AAAspread,obs_nominalrate1,obs_nominalrate2,obs_nominalrate3,obs_nominalrate4,obs_nominalrate5,obs_nominalrate6
0.5592238489863233,-43.28143169757513,0.5592238489863233,0.4670479637970657,0.49999999999998934,1.414035484536691,0.5592238489863233,0.5592238489863233,0.42173134873047835,0.49999999999998934,1.414035484536691,0.0,0.5592238489863233,0.1174310227768634,1.414035484536691,1.414035484536691,1.414035484536691,1.414035484536691,1.414035484536691,1.414035484536691
