obs_gdp,obs_hours,obs_wages,obs_gdpdeflator,obs_corepce,obs_nominalrate,obs_consumption,obs_investment,obs_BBBspread,obs_longinflation,obs_longrate,obs_tfp,obs_gdi,obs_AAAspread,obs_nominalrate1,obs_nominalrate2,obs_nominalrate3,obs_nominalrate4,obs_nominalrate5,obs_nominalrate6
0.5209802178948175,-43.93713913525943,0.5209802178948175,0.4725195408745393,0.49999999999998934,1.3224992385235002,0.5209802178948175,0.5209802178948175,0.43339330691181105,0.49999999999998934,1.3224992385235002,0.0,0.5209802178948175,0.1174310227768634,1.3224992385235002,1.3224992385235002,1.3224992385235002,1.3224992385235002,1.3224992385235002,1.3224992385235002
