obs_gdp,obs_hours,obs_wages,obs_gdpdeflator,obs_corepce,obs_nominalrate,obs_consumption,obs_investment,obs_BBBspread,obs_longinflation,obs_longrate,obs_tfp,obs_gdi,obs_AAAspread,obs_nominalrate1,obs_nominalrate2,obs_nominalrate3,obs_nominalrate4,obs_nominalrate5,obs_nominalrate6
0.5571921835593185,-43.274197572711394,0.5571921835593185,0.4663514271100191,0.49999999999998934,1.4014891556594966,0.5571921835593185,0.5571921835593185,0.4227060196908628,0.49999999999998934,1.4014891556594966,0.0,0.5571921835593185,0.1174310227768634,1.4014891556594966,1.4014891556594966,1.4014891556594966,1.4014891556594966,1.4014891556594966,1.4014891556594966
