obs_gdp,obs_hours,obs_wages,obs_gdpdeflator,obs_corepce,obs_nominalrate,obs_consumption,obs_investment,obs_BBBspread,obs_longinflation,obs_longrate,obs_tfp,obs_gdi,obs_AAAspread,obs_nominalrate1,obs_nominalrate2,obs_nominalrate3,obs_nominalrate4,obs_nominalrate5,obs_nominalrate6
0.45732021019464497,-46.79505875872156,0.45732021019464497,0.46842282284603304,0.49999999999998934,1.2585606809586425,0.45732021019464497,0.45732021019464497,0.42151125473153833,0.49999999999998934,1.2585606809586425,0.0,0.45732021019464497,0.1174310227768634,1.2585606809586425,1.2585606809586425,1.2585606809586425,1.2585606809586425,1.2585606809586425,1.2585606809586425
