obs_gdp,obs_hours,obs_wages,obs_gdpdeflator,obs_corepce,obs_nominalrate,obs_consumption,obs_investment,obs_BBBspread,obs_longinflation,obs_longrate,obs_tfp,obs_gdi,obs_AAAspread,obs_nominalrate1,obs_nominalrate2,obs_nominalrate3,obs_nominalrate4,obs_nominalrate5,obs_nominalrate6
0.4567028215010538,-46.827253070681955,0.4567028215010538,0.470189103563044,0.49999999999998934,1.2620967467499522,0.4567028215010538,0.4567028215010538,0.420176640702696,0.49999999999998934,1.2620967467499522,0.0,0.4567028215010538,0.1174310227768634,1.2620967467499522,1.2620967467499522,1.2620967467499522,1.2620967467499522,1.2620967467499522,1.2620967467499522
