obs_gdp,obs_hours,obs_wages,obs_gdpdeflator,obs_corepce,obs_nominalrate,obs_consumption,obs_investment,obs_BBBspread,obs_longinflation,obs_longrate,obs_tfp,obs_gdi,obs_AAAspread,obs_nominalrate1,obs_nominalrate2,obs_nominalrate3,obs_nominalrate4,obs_nominalrate5,obs_nominalrate6
0.521550534339954,-44.58397905689801,0.521550534339954,0.46588640906441026,0.49999999999998934,1.3505870701116862,0.521550534339954,0.521550534339954,0.4330149911381439,0.49999999999998934,1.3505870701116862,0.0,0.521550534339954,0.1174310227768634,1.3505870701116862,1.3505870701116862,1.3505870701116862,1.3505870701116862,1.3505870701116862,1.3505870701116862
