obs_gdp,obs_hours,obs_wages,obs_gdpdeflator,obs_corepce,obs_nominalrate,obs_consumption,obs_investment,obs_BBBspread,obs_longinflation,obs_longrate,obs_tfp,obs_gdi,obs_AAAspread,obs_nominalrate1,obs_nominalrate2,obs_nominalrate3,obs_nominalrate4,obs_nominalrate5,obs_nominalrate6
0.46952552642192114,-46.39688304465458,0.46952552642192114,0.4673230399253874,0.49999999999998934,1.2723810398904467,0.46952552642192114,0.46952552642192114,0.4230179935114531,0.49999999999998934,1.2723810398904467,0.0,0.46952552642192114,0.1174310227768634,1.2723810398904467,1.2723810398904467,1.2723810398904467,1.2723810398904467,1.2723810398904467,1.2723810398904467
