obs_gdp,obs_hours,obs_wages,obs_gdpdeflator,obs_corepce,obs_nominalrate,obs_consumption,obs_investment,obs_BBBspread,obs_longinflation,obs_longrate,obs_tfp,obs_gdi,obs_AAAspread,obs_nominalrate1,obs_nominalrate2,obs_nominalrate3,obs_nominalrate4,obs_nominalrate5,obs_nominalrate6
0.45462675831577926,-46.382329519729794,0.45462675831577926,0.47206258002908175,0.49999999999998934,1.1966124623195462,0.45462675831577926,0.45462675831577926,0.4356930593505724,0.49999999999998934,1.1966124623195462,0.0,0.45462675831577926,0.1174310227768634,1.1966124623195462,1.1966124623195462,1.1966124623195462,1.1966124623195462,1.1966124623195462,1.1966124623195462
