obs_gdp,obs_hours,obs_wages,obs_gdpdeflator,obs_corepce,obs_nominalrate,obs_consumption,obs_investment,obs_BBBspread,obs_longinflation,obs_longrate,obs_tfp,obs_gdi,obs_AAAspread,obs_nominalrate1,obs_nominalrate2,obs_nominalrate3,obs_nominalrate4,obs_nominalrate5,obs_nominalrate6
0.4994262255260118,-44.71219812175001,0.4994262255260118,0.47151541516233775,0.49999999999998934,1.2925760774424644,0.4994262255260118,0.4994262255260118,0.43037648813604185,0.49999999999998934,1.2925760774424644,0.0,0.4994262255260118,0.1174310227768634,1.2925760774424644,1.2925760774424644,1.2925760774424644,1.2925760774424644,1.2925760774424644,1.2925760774424644
