obs_gdp,obs_hours,obs_wages,obs_gdpdeflator,obs_corepce,obs_nominalrate,obs_consumption,obs_investment,obs_BBBspread,obs_longinflation,obs_longrate,obs_tfp,obs_gdi,obs_AAAspread,obs_nominalrate1,obs_nominalrate2,obs_nominalrate3,obs_nominalrate4,obs_nominalrate5,obs_nominalrate6
0.5115004073805718,-44.842223926006845,0.5115004073805718,0.46494936761271477,0.49999999999998934,1.3405094088123182,0.5115004073805718,0.5115004073805718,0.4347666176049138,0.49999999999998934,1.3405094088123182,0.0,0.5115004073805718,0.1174310227768634,1.3405094088123182,1.3405094088123182,1.3405094088123182,1.3405094088123182,1.3405094088123182,1.3405094088123182
