obs_gdp,obs_hours,obs_wages,obs_gdpdeflator,obs_corepce,obs_nominalrate,obs_consumption,obs_investment,obs_BBBspread,obs_longinflation,obs_longrate,obs_tfp,obs_gdi,obs_AAAspread,obs_nominalrate1,obs_nominalrate2,obs_nominalrate3,obs_nominalrate4,obs_nominalrate5,obs_nominalrate6
0.5317553876516667,-43.92902029929141,0.5317553876516667,0.4711639219893224,0.49999999999998934,1.3050800457216072,0.5317553876516667,0.5317553876516667,0.4340539151047906,0.49999999999998934,1.3050800457216072,0.0,0.5317553876516667,0.1174310227768634,1.3050800457216072,1.3050800457216072,1.3050800457216072,1.3050800457216072,1.3050800457216072,1.3050800457216072
