obs_gdp,obs_hours,obs_wages,obs_gdpdeflator,obs_corepce,obs_nominalrate,obs_consumption,obs_investment,obs_BBBspread,obs_longinflation,obs_longrate,obs_tfp,obs_gdi,obs_AAAspread,obs_nominalrate1,obs_nominalrate2,obs_nominalrate3,obs_nominalrate4,obs_nominalrate5,obs_nominalrate6
0.4388157547282834,-46.92015654196571,0.4388157547282834,0.47194266154755105,0.49999999999998934,1.1908151383744903,0.4388157547282834,0.4388157547282834,0.43749447105515477,0.49999999999998934,1.1908151383744903,0.0,0.4388157547282834,0.1174310227768634,1.1908151383744903,1.1908151383744903,1.1908151383744903,1.1908151383744903,1.1908151383744903,1.1908151383744903
