obs_gdp,obs_hours,obs_wages,obs_gdpdeflator,obs_corepce,obs_nominalrate,obs_consumption,obs_investment,obs_BBBspread,obs_longinflation,obs_longrate,obs_tfp,obs_gdi,obs_AAAspread,obs_nominalrate1,obs_nominalrate2,obs_nominalrate3,obs_nominalrate4,obs_nominalrate5,obs_nominalrate6
0.4296079706999745,-47.90788527867608,0.4296079706999745,0.46631996785934404,0.49999999999998934,1.2159864773114482,0.4296079706999745,0.4296079706999745,0.4311816166830196,0.49999999999998934,1.2159864773114482,0.0,0.4296079706999745,0.1174310227768634,1.2159864773114482,1.2159864773114482,1.2159864773114482,1.2159864773114482,1.2159864773114482,1.2159864773114482
