obs_gdp,obs_hours,obs_wages,obs_gdpdeflator,obs_corepce,obs_nominalrate,obs_consumption,obs_investment,obs_BBBspread,obs_longinflation,obs_longrate,obs_tfp,obs_gdi,obs_AAAspread,obs_nominalrate1,obs_nominalrate2,obs_nominalrate3,obs_nominalrate4,obs_nominalrate5,obs_nominalrate6
0.42039127624389216,-47.53548499634819,0.42039127624389216,0.47157118486172883,0.49999999999998934,1.167348231441423,0.42039127624389216,0.42039127624389216,0.4368684288649361,0.49999999999998934,1.167348231441423,0.0,0.42039127624389216,0.1174310227768634,1.167348231441423,1.167348231441423,1.167348231441423,1.167348231441423,1.167348231441423,1.167348231441423
