obs_gdp,obs_hours,obs_wages,obs_gdpdeflator,obs_corepce,obs_nominalrate,obs_consumption,obs_investment,obs_BBBspread,obs_longinflation,obs_longrate,obs_tfp,obs_gdi,obs_AAAspread,obs_nominalrate1,obs_nominalrate2,obs_nominalrate3,obs_nominalrate4,obs_nominalrate5,obs_nominalrate6
0.5182672948671696,-44.6766815049034,0.5182672948671696,0.46653561296866264,0.49999999999998934,1.3435079403681272,0.5182672948671696,0.5182672948671696,0.4313269520025663,0.49999999999998934,1.3435079403681272,0.0,0.5182672948671696,0.1174310227768634,1.3435079403681272,1.3435079403681272,1.3435079403681272,1.3435079403681272,1.3435079403681272,1.3435079403681272
