obs_gdp,obs_hours,obs_wages,obs_gdpdeflator,obs_corepce,obs_nominalrate,obs_consumption,obs_investment,obs_BBBspread,obs_longinflation,obs_longrate,obs_tfp,obs_gdi,obs_AAAspread,obs_nominalrate1,obs_nominalrate2,obs_nominalrate3,obs_nominalrate4,obs_nominalrate5,obs_nominalrate6
0.5006702373069105,-45.17833498756111,0.5006702373069105,0.4635040911959002,0.49999999999998934,1.3180393990837036,0.5006702373069105,0.5006702373069105,0.4315864106042435,0.49999999999998934,1.3180393990837036,0.0,0.5006702373069105,0.1174310227768634,1.3180393990837036,1.3180393990837036,1.3180393990837036,1.3180393990837036,1.3180393990837036,1.3180393990837036
