obs_gdp,obs_hours,obs_wages,obs_gdpdeflator,obs_corepce,obs_nominalrate,obs_consumption,obs_investment,obs_BBBspread,obs_longinflation,obs_longrate,obs_tfp,obs_gdi,obs_AAAspread,obs_nominalrate1,obs_nominalrate2,obs_nominalrate3,obs_nominalrate4,obs_nominalrate5,obs_nominalrate6
0.4745476856510722,-46.5406657174004,0.4745476856510722,0.4658093914904311,0.49999999999998934,1.2508225759646496,0.4745476856510722,0.4745476856510722,0.426165731812006,0.49999999999998934,1.2508225759646496,0.0,0.4745476856510722,0.1174310227768634,1.2508225759646496,1.2508225759646496,1.2508225759646496,1.2508225759646496,1.2508225759646496,1.2508225759646496
