obs_gdp,obs_hours,obs_wages,obs_gdpdeflator,obs_corepce,obs_nominalrate,obs_consumption,obs_investment,obs_BBBspread,obs_longinflation,obs_longrate,obs_tfp,obs_gdi,obs_AAAspread,obs_nominalrate1,obs_nominalrate2,obs_nominalrate3,obs_nominalrate4,obs_nominalrate5,obs_nominalrate6
0.4474092945016661,-47.1640813835401,0.4474092945016661,0.4691353900203122,0.49999999999998934,1.2472034711524138,0.4474092945016661,0.4474092945016661,0.4162774169624606,0.49999999999998934,1.2472034711524138,0.0,0.4474092945016661,0.1174310227768634,1.2472034711524138,1.2472034711524138,1.2472034711524138,1.2472034711524138,1.2472034711524138,1.2472034711524138
