obs_gdp,obs_hours,obs_wages,obs_gdpdeflator,obs_corepce,obs_nominalrate,obs_consumption,obs_investment,obs_BBBspread,obs_longinflation,obs_longrate,obs_tfp,obs_gdi,obs_AAAspread,obs_nominalrate1,obs_nominalrate2,obs_nominalrate3,obs_nominalrate4,obs_nominalrate5,obs_nominalrate6
0.4770180980759431,-46.12281855507914,0.4770180980759431,0.4661401114450106,0.49999999999998934,1.2888167861138111,0.4770180980759431,0.4770180980759431,0.43176763934752044,0.49999999999998934,1.2888167861138111,0.0,0.4770180980759431,0.1174310227768634,1.2888167861138111,1.2888167861138111,1.2888167861138111,1.2888167861138111,1.2888167861138111,1.2888167861138111
