obs_gdp,obs_hours,obs_wages,obs_gdpdeflator,obs_corepce,obs_nominalrate,obs_consumption,obs_investment,obs_BBBspread,obs_longinflation,obs_longrate,obs_tfp,obs_gdi,obs_AAAspread,obs_nominalrate1,obs_nominalrate2,obs_nominalrate3,obs_nominalrate4,obs_nominalrate5,obs_nominalrate6
0.4915838621097679,-45.14253511390564,0.4915838621097679,0.47212820940467953,0.49999999999998934,1.2728994172768182,0.4915838621097679,0.4915838621097679,0.43284121238329304,0.49999999999998934,1.2728994172768182,0.0,0.4915838621097679,0.1174310227768634,1.2728994172768182,1.2728994172768182,1.2728994172768182,1.2728994172768182,1.2728994172768182,1.2728994172768182
