obs_gdp,obs_hours,obs_wages,obs_gdpdeflator,obs_corepce,obs_nominalrate,obs_consumption,obs_investment,obs_BBBspread,obs_longinflation,obs_longrate,obs_tfp,obs_gdi,obs_AAAspread,obs_nominalrate1,obs_nominalrate2,obs_nominalrate3,obs_nominalrate4,obs_nominalrate5,obs_nominalrate6
0.5287022821622189,-44.299078927795,0.5287022821622189,0.4651248558402061,0.49999999999998934,1.36121870273902,0.5287022821622189,0.5287022821622189,0.4331959166085634,0.49999999999998934,1.36121870273902,0.0,0.5287022821622189,0.1174310227768634,1.36121870273902,1.36121870273902,1.36121870273902,1.36121870273902,1.36121870273902,1.36121870273902
