obs_gdp,obs_hours,obs_wages,obs_gdpdeflator,obs_corepce,obs_nominalrate,obs_consumption,obs_investment,obs_BBBspread,obs_longinflation,obs_longrate,obs_tfp,obs_gdi,obs_AAAspread,obs_nominalrate1,obs_nominalrate2,obs_nominalrate3,obs_nominalrate4,obs_nominalrate5,obs_nominalrate6
0.4572459920523242,-46.72345503801053,0.4572459920523242,0.4681448458548199,0.49999999999998934,1.2493272829054103,0.4572459920523242,0.4572459920523242,0.4246259292117354,0.49999999999998934,1.2493272829054103,0.0,0.4572459920523242,0.1174310227768634,1.2493272829054103,1.2493272829054103,1.2493272829054103,1.2493272829054103,1.2493272829054103,1.2493272829054103
