obs_gdp,obs_hours,obs_wages,obs_gdpdeflator,obs_corepce,obs_nominalrate,obs_consumption,obs_investment,obs_BBBspread,obs_longinflation,obs_longrate,obs_tfp,obs_gdi,obs_AAAspread,obs_nominalrate1,obs_nominalrate2,obs_nominalrate3,obs_nominalrate4,obs_nominalrate5,obs_nominalrate6
0.5143245886821912,-44.57268399426129,0.5143245886821912,0.47304660518992536,0.49999999999998934,1.2775286653163853,0.5143245886821912,0.5143245886821912,0.4369865280155545,0.49999999999998934,1.2775286653163853,0.0,0.5143245886821912,0.1174310227768634,1.2775286653163853,1.2775286653163853,1.2775286653163853,1.2775286653163853,1.2775286653163853,1.2775286653163853
