obs_gdp,obs_hours,obs_wages,obs_gdpdeflator,obs_corepce,obs_nominalrate,obs_consumption,obs_investment,obs_BBBspread,obs_longinflation,obs_longrate,obs_tfp,obs_gdi,obs_AAAspread,obs_nominalrate1,obs_nominalrate2,obs_nominalrate3,obs_nominalrate4,obs_nominalrate5,obs_nominalrate6
0.47579944149886977,-46.20641532119415,0.47579944149886977,0.4657589899762501,0.49999999999998934,1.2576335755634327,0.47579944149886977,0.47579944149886977,0.42588862144528894,0.49999999999998934,1.2576335755634327,0.0,0.47579944149886977,0.1174310227768634,1.2576335755634327,1.2576335755634327,1.2576335755634327,1.2576335755634327,1.2576335755634327,1.2576335755634327
