obs_gdp,obs_hours,obs_wages,obs_gdpdeflator,obs_corepce,obs_nominalrate,obs_consumption,obs_investment,obs_BBBspread,obs_longinflation,obs_longrate,obs_tfp,obs_gdi,obs_AAAspread,obs_nominalrate1,obs_nominalrate2,obs_nominalrate3,obs_nominalrate4,obs_nominalrate5,obs_nominalrate6
0.4964926396739955,-45.37825744926954,0.4964926396739955,0.47192659805072656,0.49999999999998934,1.2305180734210275,0.4964926396739955,0.4964926396739955,0.43716152343167775,0.49999999999998934,1.2305180734210275,0.0,0.4964926396739955,0.1174310227768634,1.2305180734210275,1.2305180734210275,1.2305180734210275,1.2305180734210275,1.2305180734210275,1.2305180734210275
