obs_gdp,obs_hours,obs_wages,obs_gdpdeflator,obs_corepce,obs_nominalrate,obs_consumption,obs_investment,obs_BBBspread,obs_longinflation,obs_longrate,obs_tfp,obs_gdi,obs_AAAspread,obs_nominalrate1,obs_nominalrate2,obs_nominalrate3,obs_nominalrate4,obs_nominalrate5,obs_nominalrate6
0.49168494367148874,-45.113889980424524,0.49168494367148874,0.47228295699289513,0.49999999999998934,1.2705116224087654,0.49168494367148874,0.49168494367148874,0.4334786072680156,0.49999999999998934,1.2705116224087654,0.0,0.49168494367148874,0.1174310227768634,1.2705116224087654,1.2705116224087654,1.2705116224087654,1.2705116224087654,1.2705116224087654,1.2705116224087654
