obs_gdp,obs_hours,obs_wages,obs_gdpdeflator,obs_corepce,obs_nominalrate,obs_consumption,obs_investment,obs_BBBspread,obs_longinflation,obs_longrate,obs_tfp,obs_gdi,obs_AAAspread,obs_nominalrate1,obs_nominalrate2,obs_nominalrate3,obs_nominalrate4,obs_nominalrate5,obs_nominalrate6
0.5078025704671862,-45.19240991763132,0.5078025704671862,0.4643785001439261,0.49999999999998934,1.3080629206771777,0.5078025704671862,0.5078025704671862,0.42274722651281177,0.49999999999998934,1.3080629206771777,0.0,0.5078025704671862,0.1174310227768634,1.3080629206771777,1.3080629206771777,1.3080629206771777,1.3080629206771777,1.3080629206771777,1.3080629206771777
