obs_gdp,obs_hours,obs_wages,obs_gdpdeflator,obs_corepce,obs_nominalrate,obs_consumption,obs_investment,obs_BBBspread,obs_longinflation,obs_longrate,obs_tfp,obs_gdi,obs_AAAspread,obs_nominalrate1,obs_nominalrate2,obs_nominalrate3,obs_nominalrate4,obs_nominalrate5,obs_nominalrate6
0.4813196448451018,-45.97065570776859,0.4813196448451018,0.47287573409929856,0.49999999999998934,1.2062899324396081,0.4813196448451018,0.4813196448451018,0.4353876518988015,0.49999999999998934,1.2062899324396081,0.0,0.4813196448451018,0.1174310227768634,1.2062899324396081,1.2062899324396081,1.2062899324396081,1.2062899324396081,1.2062899324396081,1.2062899324396081
