obs_gdp,obs_hours,obs_wages,obs_gdpdeflator,obs_corepce,obs_nominalrate,obs_consumption,obs_investment,obs_BBBspread,obs_longinflation,obs_longrate,obs_tfp,obs_gdi,obs_AAAspread,obs_nominalrate1,obs_nominalrate2,obs_nominalrate3,obs_nominalrate4,obs_nominalrate5,obs_nominalrate6
0.504312472188917,-45.14579843452619,0.504312472188917,0.47442140034198826,0.49999999999998934,1.2396534160286299,0.504312472188917,0.504312472188917,0.44419924782519976,0.49999999999998934,1.2396534160286299,0.0,0.504312472188917,0.1174310227768634,1.2396534160286299,1.2396534160286299,1.2396534160286299,1.2396534160286299,1.2396534160286299,1.2396534160286299
