obs_gdp,obs_hours,obs_wages,obs_gdpdeflator,obs_corepce,obs_nominalrate,obs_consumption,obs_investment,obs_BBBspread,obs_longinflation,obs_longrate,obs_tfp,obs_gdi,obs_AAAspread,obs_nominalrate1,obs_nominalrate2,obs_nominalrate3,obs_nominalrate4,obs_nominalrate5,obs_nominalrate6
0.42457014951977623,-47.63488797736578,0.42457014951977623,0.4700893301920746,0.49999999999998934,1.210036759195332,0.42457014951977623,0.42457014951977623,0.41937629282194816,0.49999999999998934,1.210036759195332,0.0,0.42457014951977623,0.1174310227768634,1.210036759195332,1.210036759195332,1.210036759195332,1.210036759195332,1.210036759195332,1.210036759195332
