obs_gdp,obs_hours,obs_wages,obs_gdpdeflator,obs_corepce,obs_nominalrate,obs_consumption,obs_investment,obs_BBBspread,obs_longinflation,obs_longrate,obs_tfp,obs_gdi,obs_AAAspread,obs_nominalrate1,obs_nominalrate2,obs_nominalrate3,obs_nominalrate4,obs_nominalrate5,obs_nominalrate6
0.4543818671831623,-46.19580385304311,0.4543818671831623,0.4709244854003013,0.49999999999998934,1.2351357759252224,0.4543818671831623,0.4543818671831623,0.4315017455197159,0.49999999999998934,1.2351357759252224,0.0,0.4543818671831623,0.1174310227768634,1.2351357759252224,1.2351357759252224,1.2351357759252224,1.2351357759252224,1.2351357759252224,1.2351357759252224
