obs_gdp,obs_hours,obs_wages,obs_gdpdeflator,obs_corepce,obs_nominalrate,obs_consumption,obs_investment,obs_BBBspread,obs_longinflation,obs_longrate,obs_tfp,obs_gdi,obs_AAAspread,obs_nominalrate1,obs_nominalrate2,obs_nominalrate3,obs_nominalrate4,obs_nominalrate5,obs_nominalrate6
0.5217965945452541,-44.51854483910039,0.5217965945452541,0.4667770600672599,0.49999999999998934,1.3609238295388293,0.5217965945452541,0.5217965945452541,0.42505507582038354,0.49999999999998934,1.3609238295388293,0.0,0.5217965945452541,0.1174310227768634,1.3609238295388293,1.3609238295388293,1.3609238295388293,1.3609238295388293,1.3609238295388293,1.3609238295388293
