obs_gdp,obs_hours,obs_wages,obs_gdpdeflator,obs_corepce,obs_nominalrate,obs_consumption,obs_investment,obs_BBBspread,obs_longinflation,obs_longrate,obs_tfp,obs_gdi,obs_AAAspread,obs_nominalrate1,obs_nominalrate2,obs_nominalrate3,obs_nominalrate4,obs_nominalrate5,obs_nominalrate6
0.5529567690785164,-43.65370330901034,0.5529567690785164,0.4646819498186867,0.49999999999998934,1.3920429392850986,0.5529567690785164,0.5529567690785164,0.4311590295144928,0.49999999999998934,1.3920429392850986,0.0,0.5529567690785164,0.1174310227768634,1.3920429392850986,1.3920429392850986,1.3920429392850986,1.3920429392850986,1.3920429392850986,1.3920429392850986
