obs_gdp,obs_hours,obs_wages,obs_gdpdeflator,obs_corepce,obs_nominalrate,obs_consumption,obs_investment,obs_BBBspread,obs_longinflation,obs_longrate,obs_tfp,obs_gdi,obs_AAAspread,obs_nominalrate1,obs_nominalrate2,obs_nominalrate3,obs_nominalrate4,obs_nominalrate5,obs_nominalrate6
0.40207328984065427,-48.281670052997804,0.40207328984065427,0.4729026602145979,0.49999999999998934,1.1510218178201193,0.40207328984065427,0.40207328984065427,0.4319559652509415,0.49999999999998934,1.1510218178201193,0.0,0.40207328984065427,0.1174310227768634,1.1510218178201193,1.1510218178201193,1.1510218178201193,1.1510218178201193,1.1510218178201193,1.1510218178201193
