obs_gdp,obs_hours,obs_wages,obs_gdpdeflator,obs_corepce,obs_nominalrate,obs_consumption,obs_investment,obs_BBBspread,obs_longinflation,obs_longrate,obs_tfp,obs_gdi,obs_AAAspread,obs_nominalrate1,obs_nominalrate2,obs_nominalrate3,obs_nominalrate4,obs_nominalrate5,obs_nominalrate6
0.4870607269000571,-45.56746124828769,0.4870607269000571,0.46752852307780424,0.49999999999998934,1.2950981919554572,0.4870607269000571,0.4870607269000571,0.4254118620808514,0.49999999999998934,1.2950981919554572,0.0,0.4870607269000571,0.1174310227768634,1.2950981919554572,1.2950981919554572,1.2950981919554572,1.2950981919554572,1.2950981919554572,1.2950981919554572
