obs_gdp,obs_hours,obs_wages,obs_gdpdeflator,obs_corepce,obs_nominalrate,obs_consumption,obs_investment,obs_BBBspread,obs_longinflation,obs_longrate,obs_tfp,obs_gdi,obs_AAAspread,obs_nominalrate1,obs_nominalrate2,obs_nominalrate3,obs_nominalrate4,obs_nominalrate5,obs_nominalrate6
0.5668203768158353,-42.955498812442144,0.5668203768158353,0.46404000274832885,0.49999999999998934,1.431187024520697,0.5668203768158353,0.5668203768158353,0.43302331678473605,0.49999999999998934,1.431187024520697,0.0,0.5668203768158353,0.1174310227768634,1.431187024520697,1.431187024520697,1.431187024520697,1.431187024520697,1.431187024520697,1.431187024520697
