obs_gdp,obs_hours,obs_wages,obs_gdpdeflator,obs_corepce,obs_nominalrate,obs_consumption,obs_investment,obs_BBBspread,obs_longinflation,obs_longrate,obs_tfp,obs_gdi,obs_AAAspread,obs_nominalrate1,obs_nominalrate2,obs_nominalrate3,obs_nominalrate4,obs_nominalrate5,obs_nominalrate6
0.5053080360966744,-45.24726425887024,0.5053080360966744,0.4685455817270587,0.49999999999998934,1.3346465848255606,0.5053080360966744,0.5053080360966744,0.41944999965829904,0.49999999999998934,1.3346465848255606,0.0,0.5053080360966744,0.1174310227768634,1.3346465848255606,1.3346465848255606,1.3346465848255606,1.3346465848255606,1.3346465848255606,1.3346465848255606
