obs_gdp,obs_hours,obs_wages,obs_gdpdeflator,obs_corepce,obs_nominalrate,obs_consumption,obs_investment,obs_BBBspread,obs_longinflation,obs_longrate,obs_tfp,obs_gdi,obs_AAAspread,obs_nominalrate1,obs_nominalrate2,obs_nominalrate3,obs_nominalrate4,obs_nominalrate5,obs_nominalrate6
0.5050731928549768,-44.61075454335729,0.5050731928549768,0.471417751222141,0.49999999999998934,1.2891132336170674,0.5050731928549768,0.5050731928549768,0.43248138104279327,0.49999999999998934,1.2891132336170674,0.0,0.5050731928549768,0.1174310227768634,1.2891132336170674,1.2891132336170674,1.2891132336170674,1.2891132336170674,1.2891132336170674,1.2891132336170674
