obs_gdp,obs_hours,obs_wages,obs_gdpdeflator,obs_corepce,obs_nominalrate,obs_consumption,obs_investment,obs_BBBspread,obs_longinflation,obs_longrate,obs_tfp,obs_gdi,obs_AAAspread,obs_nominalrate1,obs_nominalrate2,obs_nominalrate3,obs_nominalrate4,obs_nominalrate5,obs_nominalrate6
0.5098904126147996,-44.74534998421369,0.5098904126147996,0.4676978174494652,0.49999999999998934,1.331100725034573,0.5098904126147996,0.5098904126147996,0.4260607188853215,0.49999999999998934,1.331100725034573,0.0,0.5098904126147996,0.1174310227768634,1.331100725034573,1.331100725034573,1.331100725034573,1.331100725034573,1.331100725034573,1.331100725034573
