obs_gdp,obs_hours,obs_wages,obs_gdpdeflator,obs_corepce,obs_nominalrate,obs_consumption,obs_investment,obs_BBBspread,obs_longinflation,obs_longrate,obs_tfp,obs_gdi,obs_AAAspread,obs_nominalrate1,obs_nominalrate2,obs_nominalrate3,obs_nominalrate4,obs_nominalrate5,obs_nominalrate6
0.5258038186247926,-44.204850949577605,0.5258038186247926,0.4680578086237766,0.49999999999998934,1.3560879756871813,0.5258038186247926,0.5258038186247926,0.42090750180965864,0.49999999999998934,1.3560879756871813,0.0,0.5258038186247926,0.1174310227768634,1.3560879756871813,1.3560879756871813,1.3560879756871813,1.3560879756871813,1.3560879756871813,1.3560879756871813
