obs_gdp,obs_hours,obs_wages,obs_gdpdeflator,obs_corepce,obs_nominalrate,obs_consumption,obs_investment,obs_BBBspread,obs_longinflation,obs_longrate,obs_tfp,obs_gdi,obs_AAAspread,obs_nominalrate1,obs_nominalrate2,obs_nominalrate3,obs_nominalrate4,obs_nominalrate5,obs_nominalrate6
0.5102287825574425,-45.107987013554,0.5102287825574425,0.4659161419547386,0.49999999999998934,1.3319914403062905,0.5102287825574425,0.5102287825574425,0.43221569279500455,0.49999999999998934,1.3319914403062905,0.0,0.5102287825574425,0.1174310227768634,1.3319914403062905,1.3319914403062905,1.3319914403062905,1.3319914403062905,1.3319914403062905,1.3319914403062905
