obs_gdp,obs_hours,obs_wages,obs_gdpdeflator,obs_corepce,obs_nominalrate,obs_consumption,obs_investment,obs_BBBspread,obs_longinflation,obs_longrate,obs_tfp,obs_gdi,obs_AAAspread,obs_nominalrate1,obs_nominalrate2,obs_nominalrate3,obs_nominalrate4,obs_nominalrate5,obs_nominalrate6
0.5175138980720195,-44.646793663620834,0.5175138980720195,0.46721821333540886,0.49999999999998934,1.355057885672073,0.5175138980720195,0.5175138980720195,0.42740552658848807,0.49999999999998934,1.355057885672073,0.0,0.5175138980720195,0.1174310227768634,1.355057885672073,1.355057885672073,1.355057885672073,1.355057885672073,1.355057885672073,1.355057885672073
