obs_gdp,obs_hours,obs_wages,obs_gdpdeflator,obs_corepce,obs_nominalrate,obs_consumption,obs_investment,obs_BBBspread,obs_longinflation,obs_longrate,obs_tfp,obs_gdi,obs_AAAspread,obs_nominalrate1,obs_nominalrate2,obs_nominalrate3,obs_nominalrate4,obs_nominalrate5,obs_nominalrate6
0.4603794130990213,-46.09758346826687,0.4603794130990213,0.47006109727527884,0.49999999999998934,1.2497895075745502,0.4603794130990213,0.4603794130990213,0.42763563181098935,0.49999999999998934,1.2497895075745502,0.0,0.4603794130990213,0.1174310227768634,1.2497895075745502,1.2497895075745502,1.2497895075745502,1.2497895075745502,1.2497895075745502,1.2497895075745502
