obs_gdp,obs_hours,obs_wages,obs_gdpdeflator,obs_corepce,obs_nominalrate,obs_consumption,obs_investment,obs_BBBspread,obs_longinflation,obs_longrate,obs_tfp,obs_gdi,obs_AAAspread,obs_nominalrate1,obs_nominalrate2,obs_nominalrate3,obs_nominalrate4,obs_nominalrate5,obs_nominalrate6
0.4963747578151212,-45.51186997657088,0.4963747578151212,0.46873193071889435,0.49999999999998934,1.3068438370091862,0.4963747578151212,0.4963747578151212,0.4239384282319068,0.49999999999998934,1.3068438370091862,0.0,0.4963747578151212,0.1174310227768634,1.3068438370091862,1.3068438370091862,1.3068438370091862,1.3068438370091862,1.3068438370091862,1.3068438370091862
