obs_gdp,obs_hours,obs_wages,obs_gdpdeflator,obs_corepce,obs_nominalrate,obs_consumption,obs_investment,obs_BBBspread,obs_longinflation,obs_longrate,obs_tfp,obs_gdi,obs_AAAspread,obs_nominalrate1,obs_nominalrate2,obs_nominalrate3,obs_nominalrate4,obs_nominalrate5,obs_nominalrate6
0.5038579001897414,-45.042586619982295,0.5038579001897414,0.465787362399475,0.49999999999998934,1.3116808126806934,0.5038579001897414,0.5038579001897414,0.42215540436424176,0.49999999999998934,1.3116808126806934,0.0,0.5038579001897414,0.1174310227768634,1.3116808126806934,1.3116808126806934,1.3116808126806934,1.3116808126806934,1.3116808126806934,1.3116808126806934
