obs_gdp,obs_hours,obs_wages,obs_gdpdeflator,obs_corepce,obs_nominalrate,obs_consumption,obs_investment,obs_BBBspread,obs_longinflation,obs_longrate,obs_tfp,obs_gdi,obs_AAAspread,obs_nominalrate1,obs_nominalrate2,obs_nominalrate3,obs_nominalrate4,obs_nominalrate5,obs_nominalrate6
0.4987886475626757,-45.729164666439594,0.4987886475626757,0.4638785111546438,0.49999999999998934,1.2970423047766078,0.4987886475626757,0.4987886475626757,0.43086358895262356,0.49999999999998934,1.2970423047766078,0.0,0.4987886475626757,0.1174310227768634,1.2970423047766078,1.2970423047766078,1.2970423047766078,1.2970423047766078,1.2970423047766078,1.2970423047766078
