obs_gdp,obs_hours,obs_wages,obs_gdpdeflator,obs_corepce,obs_nominalrate,obs_consumption,obs_investment,obs_BBBspread,obs_longinflation,obs_longrate,obs_tfp,obs_gdi,obs_AAAspread,obs_nominalrate1,obs_nominalrate2,obs_nominalrate3,obs_nominalrate4,obs_nominalrate5,obs_nominalrate6
0.4633700567442611,-46.5651140245373,0.4633700567442611,0.46755545107143487,0.49999999999998934,1.2647951069029162,0.4633700567442611,0.4633700567442611,0.43171366841465164,0.49999999999998934,1.2647951069029162,0.0,0.4633700567442611,0.1174310227768634,1.2647951069029162,1.2647951069029162,1.2647951069029162,1.2647951069029162,1.2647951069029162,1.2647951069029162
