obs_gdp,obs_hours,obs_wages,obs_gdpdeflator,obs_corepce,obs_nominalrate,obs_consumption,obs_investment,obs_BBBspread,obs_longinflation,obs_longrate,obs_tfp,obs_gdi,obs_AAAspread,obs_nominalrate1,obs_nominalrate2,obs_nominalrate3,obs_nominalrate4,obs_nominalrate5,obs_nominalrate6
0.45033516685668573,-47.436017787136116,0.45033516685668573,0.4675561388544341,0.49999999999998934,1.2221391232084988,0.45033516685668573,0.45033516685668573,0.41953700934987154,0.49999999999998934,1.2221391232084988,0.0,0.45033516685668573,0.1174310227768634,1.2221391232084988,1.2221391232084988,1.2221391232084988,1.2221391232084988,1.2221391232084988,1.2221391232084988
