obs_gdp,obs_hours,obs_wages,obs_gdpdeflator,obs_corepce,obs_nominalrate,obs_consumption,obs_investment,obs_BBBspread,obs_longinflation,obs_longrate,obs_tfp,obs_gdi,obs_AAAspread,obs_nominalrate1,obs_nominalrate2,obs_nominalrate3,obs_nominalrate4,obs_nominalrate5,obs_nominalrate6
0.49958535434844187,-45.35923958483282,0.49958535434844187,0.47148774003997274,0.49999999999998934,1.2326852794917853,0.49958535434844187,0.49958535434844187,0.43478556184059125,0.49999999999998934,1.2326852794917853,0.0,0.49958535434844187,0.1174310227768634,1.2326852794917853,1.2326852794917853,1.2326852794917853,1.2326852794917853,1.2326852794917853,1.2326852794917853
