obs_gdp,obs_hours,obs_wages,obs_gdpdeflator,obs_corepce,obs_nominalrate,obs_consumption,obs_investment,obs_BBBspread,obs_longinflation,obs_longrate,obs_tfp,obs_gdi,obs_AAAspread,obs_nominalrate1,obs_nominalrate2,obs_nominalrate3,obs_nominalrate4,obs_nominalrate5,obs_nominalrate6
0.44717599477741565,-46.652508634733216,0.44717599477741565,0.47249226426935376,0.49999999999998934,1.2119766222157935,0.44717599477741565,0.44717599477741565,0.4323662654118798,0.49999999999998934,1.2119766222157935,0.0,0.44717599477741565,0.1174310227768634,1.2119766222157935,1.2119766222157935,1.2119766222157935,1.2119766222157935,1.2119766222157935,1.2119766222157935
