obs_gdp,obs_hours,obs_wages,obs_gdpdeflator,obs_corepce,obs_nominalrate,obs_consumption,obs_investment,obs_BBBspread,obs_longinflation,obs_longrate,obs_tfp,obs_gdi,obs_AAAspread,obs_nominalrate1,obs_nominalrate2,obs_nominalrate3,obs_nominalrate4,obs_nominalrate5,obs_nominalrate6
0.4260038074829442,-47.97619898503963,0.4260038074829442,0.46780484869501926,0.49999999999998934,1.1968077443548442,0.4260038074829442,0.4260038074829442,0.423346072859551,0.49999999999998934,1.1968077443548442,0.0,0.4260038074829442,0.1174310227768634,1.1968077443548442,1.1968077443548442,1.1968077443548442,1.1968077443548442,1.1968077443548442,1.1968077443548442
