obs_gdp,obs_hours,obs_wages,obs_gdpdeflator,obs_corepce,obs_nominalrate,obs_consumption,obs_investment,obs_BBBspread,obs_longinflation,obs_longrate,obs_tfp,obs_gdi,obs_AAAspread,obs_nominalrate1,obs_nominalrate2,obs_nominalrate3,obs_nominalrate4,obs_nominalrate5,obs_nominalrate6
0.4652689401746235,-46.972599938960904,0.4652689401746235,0.4669294182707102,0.49999999999998934,1.2380803226932358,0.4652689401746235,0.4652689401746235,0.4206445617908058,0.49999999999998934,1.2380803226932358,0.0,0.4652689401746235,0.1174310227768634,1.2380803226932358,1.2380803226932358,1.2380803226932358,1.2380803226932358,1.2380803226932358,1.2380803226932358
