obs_gdp,obs_hours,obs_wages,obs_gdpdeflator,obs_corepce,obs_nominalrate,obs_consumption,obs_investment,obs_BBBspread,obs_longinflation,obs_longrate,obs_tfp,obs_gdi,obs_AAAspread,obs_nominalrate1,obs_nominalrate2,obs_nominalrate3,obs_nominalrate4,obs_nominalrate5,obs_nominalrate6
0.5137953118414362,-44.236651585191964,0.5137953118414362,0.4716552706092471,0.49999999999998934,1.2956104846103322,0.5137953118414362,0.5137953118414362,0.4354907107565949,0.49999999999998934,1.2956104846103322,0.0,0.5137953118414362,0.1174310227768634,1.2956104846103322,1.2956104846103322,1.2956104846103322,1.2956104846103322,1.2956104846103322,1.2956104846103322
