obs_gdp,obs_hours,obs_wages,obs_gdpdeflator,obs_corepce,obs_nominalrate,obs_consumption,obs_investment,obs_BBBspread,obs_longinflation,obs_longrate,obs_tfp,obs_gdi,obs_AAAspread,obs_nominalrate1,obs_nominalrate2,obs_nominalrate3,obs_nominalrate4,obs_nominalrate5,obs_nominalrate6
0.49139089877505704,-45.391049403398895,0.49139089877505704,0.4734095959014156,0.49999999999998934,1.246721210689028,0.49139089877505704,0.49139089877505704,0.4359661614386607,0.49999999999998934,1.246721210689028,0.0,0.49139089877505704,0.1174310227768634,1.246721210689028,1.246721210689028,1.246721210689028,1.246721210689028,1.246721210689028,1.246721210689028
