obs_gdp,obs_hours,obs_wages,obs_gdpdeflator,obs_corepce,obs_nominalrate,obs_consumption,obs_investment,obs_BBBspread,obs_longinflation,obs_longrate,obs_tfp,obs_gdi,obs_AAAspread,obs_nominalrate1,obs_nominalrate2,obs_nominalrate3,obs_nominalrate4,obs_nominalrate5,obs_nominalrate6
0.5333900638072597,-43.41398738068004,0.5333900638072597,0.46985982175158536,0.49999999999998934,1.3479516900334332,0.5333900638072597,0.5333900638072597,0.43038399004330635,0.49999999999998934,1.3479516900334332,0.0,0.5333900638072597,0.1174310227768634,1.3479516900334332,1.3479516900334332,1.3479516900334332,1.3479516900334332,1.3479516900334332,1.3479516900334332
