obs_gdp,obs_hours,obs_wages,obs_gdpdeflator,obs_corepce,obs_nominalrate,obs_consumption,obs_investment,obs_BBBspread,obs_longinflation,obs_longrate,obs_tfp,obs_gdi,obs_AAAspread,obs_nominalrate1,obs_nominalrate2,obs_nominalrate3,obs_nominalrate4,obs_nominalrate5,obs_nominalrate6
0.4783916463158011,-46.06272904265207,0.4783916463158011,0.47282058111584285,0.49999999999998934,1.2058233610458657,0.4783916463158011,0.4783916463158011,0.43498716858765984,0.49999999999998934,1.2058233610458657,0.0,0.4783916463158011,0.1174310227768634,1.2058233610458657,1.2058233610458657,1.2058233610458657,1.2058233610458657,1.2058233610458657,1.2058233610458657
