obs_gdp,obs_hours,obs_wages,obs_gdpdeflator,obs_corepce,obs_nominalrate,obs_consumption,obs_investment,obs_BBBspread,obs_longinflation,obs_longrate,obs_tfp,obs_gdi,obs_AAAspread,obs_nominalrate1,obs_nominalrate2,obs_nominalrate3,obs_nominalrate4,obs_nominalrate5,obs_nominalrate6
0.5169077919488396,-45.203762900508046,0.5169077919488396,0.46547536874121265,0.49999999999998934,1.3166898546735695,0.5169077919488396,0.5169077919488396,0.4213255347649357,0.49999999999998934,1.3166898546735695,0.0,0.5169077919488396,0.1174310227768634,1.3166898546735695,1.3166898546735695,1.3166898546735695,1.3166898546735695,1.3166898546735695,1.3166898546735695
