obs_gdp,obs_hours,obs_wages,obs_gdpdeflator,obs_corepce,obs_nominalrate,obs_consumption,obs_investment,obs_BBBspread,obs_longinflation,obs_longrate,obs_tfp,obs_gdi,obs_AAAspread,obs_nominalrate1,obs_nominalrate2,obs_nominalrate3,obs_nominalrate4,obs_nominalrate5,obs_nominalrate6
0.485655593501777,-45.61892442563332,0.485655593501777,0.4684377379516502,0.49999999999998934,1.2943676924532133,0.485655593501777,0.485655593501777,0.4205744991032705,0.49999999999998934,1.2943676924532133,0.0,0.485655593501777,0.1174310227768634,1.2943676924532133,1.2943676924532133,1.2943676924532133,1.2943676924532133,1.2943676924532133,1.2943676924532133
