obs_gdp,obs_hours,obs_wages,obs_gdpdeflator,obs_corepce,obs_nominalrate,obs_consumption,obs_investment,obs_BBBspread,obs_longinflation,obs_longrate,obs_tfp,obs_gdi,obs_AAAspread,obs_nominalrate1,obs_nominalrate2,obs_nominalrate3,obs_nominalrate4,obs_nominalrate5,obs_nominalrate6
0.4944034810369091,-45.5181154991542,0.4944034810369091,0.47446104308357073,0.49999999999998934,1.2263787444418695,0.4944034810369091,0.4944034810369091,0.4428648939162668,0.49999999999998934,1.2263787444418695,0.0,0.4944034810369091,0.1174310227768634,1.2263787444418695,1.2263787444418695,1.2263787444418695,1.2263787444418695,1.2263787444418695,1.2263787444418695
