obs_gdp,obs_hours,obs_wages,obs_gdpdeflator,obs_corepce,obs_nominalrate,obs_consumption,obs_investment,obs_BBBspread,obs_longinflation,obs_longrate,obs_tfp,obs_gdi,obs_AAAspread,obs_nominalrate1,obs_nominalrate2,obs_nominalrate3,obs_nominalrate4,obs_nominalrate5,obs_nominalrate6
0.4889091723144334,-45.36833542390783,0.4889091723144334,0.46845153653652655,0.49999999999998934,1.3014414420331244,0.4889091723144334,0.4889091723144334,0.4212219273544043,0.49999999999998934,1.3014414420331244,0.0,0.4889091723144334,0.1174310227768634,1.3014414420331244,1.3014414420331244,1.3014414420331244,1.3014414420331244,1.3014414420331244,1.3014414420331244
