obs_gdp,obs_hours,obs_wages,obs_gdpdeflator,obs_corepce,obs_nominalrate,obs_consumption,obs_investment,obs_BBBspread,obs_longinflation,obs_longrate,obs_tfp,obs_gdi,obs_AAAspread,obs_nominalrate1,obs_nominalrate2,obs_nominalrate3,obs_nominalrate4,obs_nominalrate5,obs_nominalrate6
0.4778692558988107,-45.72193108946668,0.4778692558988107,0.4701467053489851,0.49999999999998934,1.221110204088971,0.4778692558988107,0.4778692558988107,0.4355576989505482,0.49999999999998934,1.221110204088971,0.0,0.4778692558988107,0.1174310227768634,1.221110204088971,1.221110204088971,1.221110204088971,1.221110204088971,1.221110204088971,1.221110204088971
