obs_gdp,obs_hours,obs_wages,obs_gdpdeflator,obs_corepce,obs_nominalrate,obs_consumption,obs_investment,obs_BBBspread,obs_longinflation,obs_longrate,obs_tfp,obs_gdi,obs_AAAspread,obs_nominalrate1,obs_nominalrate2,obs_nominalrate3,obs_nominalrate4,obs_nominalrate5,obs_nominalrate6
0.4748465091571008,-46.19217439353445,0.4748465091571008,0.47174314391072764,0.49999999999998934,1.1972462493256453,0.4748465091571008,0.4748465091571008,0.4343779472783445,0.49999999999998934,1.1972462493256453,0.0,0.4748465091571008,0.1174310227768634,1.1972462493256453,1.1972462493256453,1.1972462493256453,1.1972462493256453,1.1972462493256453,1.1972462493256453
