obs_gdp,obs_hours,obs_wages,obs_gdpdeflator,obs_corepce,obs_nominalrate,obs_consumption,obs_investment,obs_BBBspread,obs_longinflation,obs_longrate,obs_tfp,obs_gdi,obs_AAAspread,obs_nominalrate1,obs_nominalrate2,obs_nominalrate3,obs_nominalrate4,obs_nominalrate5,obs_nominalrate6
0.48905246859984874,-45.24680892982726,0.48905246859984874,0.47158703428033527,0.49999999999998934,1.267082097121941,0.48905246859984874,0.48905246859984874,0.43029007111365003,0.49999999999998934,1.267082097121941,0.0,0.48905246859984874,0.1174310227768634,1.267082097121941,1.267082097121941,1.267082097121941,1.267082097121941,1.267082097121941,1.267082097121941
