obs_gdp,obs_hours,obs_wages,obs_gdpdeflator,obs_corepce,obs_nominalrate,obs_consumption,obs_investment,obs_BBBspread,obs_longinflation,obs_longrate,obs_tfp,obs_gdi,obs_AAAspread,obs_nominalrate1,obs_nominalrate2,obs_nominalrate3,obs_nominalrate4,obs_nominalrate5,obs_nominalrate6
0.4924584704857793,-44.913777732675946,0.4924584704857793,0.47124740072972277,0.49999999999998934,1.2857513115183128,0.4924584704857793,0.4924584704857793,0.4296739841436253,0.49999999999998934,1.2857513115183128,0.0,0.4924584704857793,0.1174310227768634,1.2857513115183128,1.2857513115183128,1.2857513115183128,1.2857513115183128,1.2857513115183128,1.2857513115183128
