obs_gdp,obs_hours,obs_wages,obs_gdpdeflator,obs_corepce,obs_nominalrate,obs_consumption,obs_investment,obs_BBBspread,obs_longinflation,obs_longrate,obs_tfp,obs_gdi,obs_AAAspread,obs_nominalrate1,obs_nominalrate2,obs_nominalrate3,obs_nominalrate4,obs_nominalrate5,obs_nominalrate6
0.5393462754520684,-43.72155456938972,0.5393462754520684,0.46716827585525367,0.49999999999998934,1.3735179641587658,0.5393462754520684,0.5393462754520684,0.4264864990038456,0.49999999999998934,1.3735179641587658,0.0,0.5393462754520684,0.1174310227768634,1.3735179641587658,1.3735179641587658,1.3735179641587658,1.3735179641587658,1.3735179641587658,1.3735179641587658
