obs_gdp,obs_hours,obs_wages,obs_gdpdeflator,obs_corepce,obs_nominalrate,obs_consumption,obs_investment,obs_BBBspread,obs_longinflation,obs_longrate,obs_tfp,obs_gdi,obs_AAAspread,obs_nominalrate1,obs_nominalrate2,obs_nominalrate3,obs_nominalrate4,obs_nominalrate5,obs_nominalrate6
0.41405172923694167,-48.417276604762776,0.41405172923694167,0.4706501851904246,0.49999999999998934,1.2097566326115583,0.41405172923694167,0.41405172923694167,0.41635992310539194,0.49999999999998934,1.2097566326115583,0.0,0.41405172923694167,0.1174310227768634,1.2097566326115583,1.2097566326115583,1.2097566326115583,1.2097566326115583,1.2097566326115583,1.2097566326115583
