obs_gdp,obs_hours,obs_wages,obs_gdpdeflator,obs_corepce,obs_nominalrate,obs_consumption,obs_investment,obs_BBBspread,obs_longinflation,obs_longrate,obs_tfp,obs_gdi,obs_AAAspread,obs_nominalrate1,obs_nominalrate2,obs_nominalrate3,obs_nominalrate4,obs_nominalrate5,obs_nominalrate6
0.44270555989560645,-47.31385230743891,0.44270555989560645,0.46638467621085594,0.49999999999998934,1.239075811571544,0.44270555989560645,0.44270555989560645,0.4324760106019403,0.49999999999998934,1.239075811571544,0.0,0.44270555989560645,0.1174310227768634,1.239075811571544,1.239075811571544,1.239075811571544,1.239075811571544,1.239075811571544,1.239075811571544
