obs_gdp,obs_hours,obs_wages,obs_gdpdeflator,obs_corepce,obs_nominalrate,obs_consumption,obs_investment,obs_BBBspread,obs_longinflation,obs_longrate,obs_tfp,obs_gdi,obs_AAAspread,obs_nominalrate1,obs_nominalrate2,obs_nominalrate3,obs_nominalrate4,obs_nominalrate5,obs_nominalrate6
0.4810822389114344,-45.51512684960232,0.4810822389114344,0.46979209359254537,0.49999999999998934,1.2793440510963094,0.4810822389114344,0.4810822389114344,0.42258428304324064,0.49999999999998934,1.2793440510963094,0.0,0.4810822389114344,0.1174310227768634,1.2793440510963094,1.2793440510963094,1.2793440510963094,1.2793440510963094,1.2793440510963094,1.2793440510963094
