obs_gdp,obs_hours,obs_wages,obs_gdpdeflator,obs_corepce,obs_nominalrate,obs_consumption,obs_investment,obs_BBBspread,obs_longinflation,obs_longrate,obs_tfp,obs_gdi,obs_AAAspread,obs_nominalrate1,obs_nominalrate2,obs_nominalrate3,obs_nominalrate4,obs_nominalrate5,obs_nominalrate6
0.5215855978827344,-44.33170331419911,0.5215855978827344,0.46701474747548194,0.49999999999998934,1.351358249368606,0.5215855978827344,0.5215855978827344,0.42519890694629714,0.49999999999998934,1.351358249368606,0.0,0.5215855978827344,0.1174310227768634,1.351358249368606,1.351358249368606,1.351358249368606,1.351358249368606,1.351358249368606,1.351358249368606
