obs_gdp,obs_hours,obs_wages,obs_gdpdeflator,obs_corepce,obs_nominalrate,obs_consumption,obs_investment,obs_BBBspread,obs_longinflation,obs_longrate,obs_tfp,obs_gdi,obs_AAAspread,obs_nominalrate1,obs_nominalrate2,obs_nominalrate3,obs_nominalrate4,obs_nominalrate5,obs_nominalrate6
0.5502689486428958,-43.57120593756718,0.5502689486428958,0.4745432777649471,0.49999999999998934,1.3158407995589538,0.5502689486428958,0.5502689486428958,0.44134685585675837,0.49999999999998934,1.3158407995589538,0.0,0.5502689486428958,0.1174310227768634,1.3158407995589538,1.3158407995589538,1.3158407995589538,1.3158407995589538,1.3158407995589538,1.3158407995589538
