obs_gdp,obs_hours,obs_wages,obs_gdpdeflator,obs_corepce,obs_nominalrate,obs_consumption,obs_investment,obs_BBBspread,obs_longinflation,obs_longrate,obs_tfp,obs_gdi,obs_AAAspread,obs_nominalrate1,obs_nominalrate2,obs_nominalrate3,obs_nominalrate4,obs_nominalrate5,obs_nominalrate6
0.4880717630001863,-45.794531474216505,0.4880717630001863,0.4696391394420326,0.49999999999998934,1.304067802459552,0.4880717630001863,0.4880717630001863,0.4192690110527607,0.49999999999998934,1.304067802459552,0.0,0.4880717630001863,0.1174310227768634,1.304067802459552,1.304067802459552,1.304067802459552,1.304067802459552,1.304067802459552,1.304067802459552
