obs_gdp,obs_hours,obs_wages,obs_gdpdeflator,obs_corepce,obs_nominalrate,obs_consumption,obs_investment,obs_BBBspread,obs_longinflation,obs_longrate,obs_tfp,obs_gdi,obs_AAAspread,obs_nominalrate1,obs_nominalrate2,obs_nominalrate3,obs_nominalrate4,obs_nominalrate5,obs_nominalrate6
0.44287960282689554,-46.60717853251468,0.44287960282689554,0.470672921796163,0.49999999999998934,1.21718946558802,0.44287960282689554,0.44287960282689554,0.4323880025476525,0.49999999999998934,1.21718946558802,0.0,0.44287960282689554,0.1174310227768634,1.21718946558802,1.21718946558802,1.21718946558802,1.21718946558802,1.21718946558802,1.21718946558802
