obs_gdp,obs_hours,obs_wages,obs_gdpdeflator,obs_corepce,obs_nominalrate,obs_consumption,obs_investment,obs_BBBspread,obs_longinflation,obs_longrate,obs_tfp,obs_gdi,obs_AAAspread,obs_nominalrate1,obs_nominalrate2,obs_nominalrate3,obs_nominalrate4,obs_nominalrate5,obs_nominalrate6
0.5115381490739868,-44.92131857422079,0.5115381490739868,0.4712761404811475,0.49999999999998934,1.2514320805596002,0.5115381490739868,0.5115381490739868,0.4345378009436737,0.49999999999998934,1.2514320805596002,0.0,0.5115381490739868,0.1174310227768634,1.2514320805596002,1.2514320805596002,1.2514320805596002,1.2514320805596002,1.2514320805596002,1.2514320805596002
