obs_gdp,obs_hours,obs_wages,obs_gdpdeflator,obs_corepce,obs_nominalrate,obs_consumption,obs_investment,obs_BBBspread,obs_longinflation,obs_longrate,obs_tfp,obs_gdi,obs_AAAspread,obs_nominalrate1,obs_nominalrate2,obs_nominalrate3,obs_nominalrate4,obs_nominalrate5,obs_nominalrate6
0.44463220049204555,-46.7060628470115,0.44463220049204555,0.47124005437310396,0.49999999999998934,1.1771822355553851,0.44463220049204555,0.44463220049204555,0.4354272866359447,0.49999999999998934,1.1771822355553851,0.0,0.44463220049204555,0.1174310227768634,1.1771822355553851,1.1771822355553851,1.1771822355553851,1.1771822355553851,1.1771822355553851,1.1771822355553851
