obs_gdp,obs_hours,obs_wages,obs_gdpdeflator,obs_corepce,obs_nominalrate,obs_consumption,obs_investment,obs_BBBspread,obs_longinflation,obs_longrate,obs_tfp,obs_gdi,obs_AAAspread,obs_nominalrate1,obs_nominalrate2,obs_nominalrate3,obs_nominalrate4,obs_nominalrate5,obs_nominalrate6
0.4202992684120721,-48.18755795219805,0.4202992684120721,0.47064491321658963,0.49999999999998934,1.2139671770939442,0.4202992684120721,0.4202992684120721,0.4168488184505178,0.49999999999998934,1.2139671770939442,0.0,0.4202992684120721,0.1174310227768634,1.2139671770939442,1.2139671770939442,1.2139671770939442,1.2139671770939442,1.2139671770939442,1.2139671770939442
