obs_gdp,obs_hours,obs_wages,obs_gdpdeflator,obs_corepce,obs_nominalrate,obs_consumption,obs_investment,obs_BBBspread,obs_longinflation,obs_longrate,obs_tfp,obs_gdi,obs_AAAspread,obs_nominalrate1,obs_nominalrate2,obs_nominalrate3,obs_nominalrate4,obs_nominalrate5,obs_nominalrate6
0.5274246372344971,-44.124327412688764,0.5274246372344971,0.467311613282303,0.49999999999998934,1.355144285627552,0.5274246372344971,0.5274246372344971,0.4237626442101461,0.49999999999998934,1.355144285627552,0.0,0.5274246372344971,0.1174310227768634,1.355144285627552,1.355144285627552,1.355144285627552,1.355144285627552,1.355144285627552,1.355144285627552
