obs_gdp,obs_hours,obs_wages,obs_gdpdeflator,obs_corepce,obs_nominalrate,obs_consumption,obs_investment,obs_BBBspread,obs_longinflation,obs_longrate,obs_tfp,obs_gdi,obs_AAAspread,obs_nominalrate1,obs_nominalrate2,obs_nominalrate3,obs_nominalrate4,obs_nominalrate5,obs_nominalrate6
0.49653182191031764,-45.50905539026858,0.49653182191031764,0.467753048612879,0.49999999999998934,1.3149030790999605,0.49653182191031764,0.49653182191031764,0.420766650308685,0.49999999999998934,1.3149030790999605,0.0,0.49653182191031764,0.1174310227768634,1.3149030790999605,1.3149030790999605,1.3149030790999605,1.3149030790999605,1.3149030790999605,1.3149030790999605
