obs_gdp,obs_hours,obs_wages,obs_gdpdeflator,obs_corepce,obs_nominalrate,obs_consumption,obs_investment,obs_BBBspread,obs_longinflation,obs_longrate,obs_tfp,obs_gdi,obs_AAAspread,obs_nominalrate1,obs_nominalrate2,obs_nominalrate3,obs_nominalrate4,obs_nominalrate5,obs_nominalrate6
0.5322141728701046,-44.520743592248465,0.5322141728701046,0.4630147587560179,0.49999999999998934,1.3397145714657999,0.5322141728701046,0.5322141728701046,0.418391184626909,0.49999999999998934,1.3397145714657999,0.0,0.5322141728701046,0.1174310227768634,1.3397145714657999,1.3397145714657999,1.3397145714657999,1.3397145714657999,1.3397145714657999,1.3397145714657999
