obs_gdp,obs_hours,obs_wages,obs_gdpdeflator,obs_corepce,obs_nominalrate,obs_consumption,obs_investment,obs_BBBspread,obs_longinflation,obs_longrate,obs_tfp,obs_gdi,obs_AAAspread,obs_nominalrate1,obs_nominalrate2,obs_nominalrate3,obs_nominalrate4,obs_nominalrate5,obs_nominalrate6
0.45176493007852425,-47.06436806823567,0.45176493007852425,0.4684710760397133,0.49999999999998934,1.2482634862529984,0.45176493007852425,0.45176493007852425,0.42202634459857996,0.49999999999998934,1.2482634862529984,0.0,0.45176493007852425,0.1174310227768634,1.2482634862529984,1.2482634862529984,1.2482634862529984,1.2482634862529984,1.2482634862529984,1.2482634862529984
