obs_gdp,obs_hours,obs_wages,obs_gdpdeflator,obs_corepce,obs_nominalrate,obs_consumption,obs_investment,obs_BBBspread,obs_longinflation,obs_longrate,obs_tfp,obs_gdi,obs_AAAspread,obs_nominalrate1,obs_nominalrate2,obs_nominalrate3,obs_nominalrate4,obs_nominalrate5,obs_nominalrate6
0.48277080611873746,-45.94156104590942,0.48277080611873746,0.46799692409722804,0.49999999999998934,1.2924247745063289,0.48277080611873746,0.48277080611873746,0.4180002459390644,0.49999999999998934,1.2924247745063289,0.0,0.48277080611873746,0.1174310227768634,1.2924247745063289,1.2924247745063289,1.2924247745063289,1.2924247745063289,1.2924247745063289,1.2924247745063289
