obs_gdp,obs_hours,obs_wages,obs_gdpdeflator,obs_corepce,obs_nominalrate,obs_consumption,obs_investment,obs_BBBspread,obs_longinflation,obs_longrate,obs_tfp,obs_gdi,obs_AAAspread,obs_nominalrate1,obs_nominalrate2,obs_nominalrate3,obs_nominalrate4,obs_nominalrate5,obs_nominalrate6
0.43895698558047425,-47.505330722662144,0.43895698558047425,0.46938448517200865,0.49999999999998934,1.2335419952145932,0.43895698558047425,0.43895698558047425,0.4183924085173201,0.49999999999998934,1.2335419952145932,0.0,0.43895698558047425,0.1174310227768634,1.2335419952145932,1.2335419952145932,1.2335419952145932,1.2335419952145932,1.2335419952145932,1.2335419952145932
