obs_gdp,obs_hours,obs_wages,obs_gdpdeflator,obs_corepce,obs_nominalrate,obs_consumption,obs_investment,obs_BBBspread,obs_longinflation,obs_longrate,obs_tfp,obs_gdi,obs_AAAspread,obs_nominalrate1,obs_nominalrate2,obs_nominalrate3,obs_nominalrate4,obs_nominalrate5,obs_nominalrate6
0.4987902730855476,-45.564052560767,0.4987902730855476,0.4658557070418027,0.49999999999998934,1.3133501949230686,0.4987902730855476,0.4987902730855476,0.43193306038421486,0.49999999999998934,1.3133501949230686,0.0,0.4987902730855476,0.1174310227768634,1.3133501949230686,1.3133501949230686,1.3133501949230686,1.3133501949230686,1.3133501949230686,1.3133501949230686
