obs_gdp,obs_hours,obs_wages,obs_gdpdeflator,obs_corepce,obs_nominalrate,obs_consumption,obs_investment,obs_BBBspread,obs_longinflation,obs_longrate,obs_tfp,obs_gdi,obs_AAAspread,obs_nominalrate1,obs_nominalrate2,obs_nominalrate3,obs_nominalrate4,obs_nominalrate5,obs_nominalrate6
0.47055873524868286,-45.970191208286295,0.47055873524868286,0.4701894816496234,0.49999999999998934,1.2604104320542042,0.47055873524868286,0.47055873524868286,0.42811829467898066,0.49999999999998934,1.2604104320542042,0.0,0.47055873524868286,0.1174310227768634,1.2604104320542042,1.2604104320542042,1.2604104320542042,1.2604104320542042,1.2604104320542042,1.2604104320542042
