obs_gdp,obs_hours,obs_wages,obs_gdpdeflator,obs_corepce,obs_nominalrate,obs_consumption,obs_investment,obs_BBBspread,obs_longinflation,obs_longrate,obs_tfp,obs_gdi,obs_AAAspread,obs_nominalrate1,obs_nominalrate2,obs_nominalrate3,obs_nominalrate4,obs_nominalrate5,obs_nominalrate6
0.5424048241831514,-43.87749865859437,0.5424048241831514,0.46788921862431415,0.49999999999998934,1.3909500854148993,0.5424048241831514,0.5424048241831514,0.4202256602637921,0.49999999999998934,1.3909500854148993,0.0,0.5424048241831514,0.1174310227768634,1.3909500854148993,1.3909500854148993,1.3909500854148993,1.3909500854148993,1.3909500854148993,1.3909500854148993
