obs_gdp,obs_hours,obs_wages,obs_gdpdeflator,obs_corepce,obs_nominalrate,obs_consumption,obs_investment,obs_BBBspread,obs_longinflation,obs_longrate,obs_tfp,obs_gdi,obs_AAAspread,obs_nominalrate1,obs_nominalrate2,obs_nominalrate3,obs_nominalrate4,obs_nominalrate5,obs_nominalrate6
0.4824136857201289,-45.69457681892958,0.4824136857201289,0.4734742305829911,0.49999999999998934,1.231808654591826,0.4824136857201289,0.4824136857201289,0.4362197018336786,0.49999999999998934,1.231808654591826,0.0,0.4824136857201289,0.1174310227768634,1.231808654591826,1.231808654591826,1.231808654591826,1.231808654591826,1.231808654591826,1.231808654591826
