obs_gdp,obs_hours,obs_wages,obs_gdpdeflator,obs_corepce,obs_nominalrate,obs_consumption,obs_investment,obs_BBBspread,obs_longinflation,obs_longrate,obs_tfp,obs_gdi,obs_AAAspread,obs_nominalrate1,obs_nominalrate2,obs_nominalrate3,obs_nominalrate4,obs_nominalrate5,obs_nominalrate6
0.4969254325811079,-45.47601561818573,0.4969254325811079,0.4691975129077068,0.49999999999998934,1.310587248482431,0.4969254325811079,0.4969254325811079,0.4231205898398472,0.49999999999998934,1.310587248482431,0.0,0.4969254325811079,0.1174310227768634,1.310587248482431,1.310587248482431,1.310587248482431,1.310587248482431,1.310587248482431,1.310587248482431
