obs_gdp,obs_hours,obs_wages,obs_gdpdeflator,obs_corepce,obs_nominalrate,obs_consumption,obs_investment,obs_BBBspread,obs_longinflation,obs_longrate,obs_tfp,obs_gdi,obs_AAAspread,obs_nominalrate1,obs_nominalrate2,obs_nominalrate3,obs_nominalrate4,obs_nominalrate5,obs_nominalrate6
0.4797370464224793,-45.57894104135083,0.4797370464224793,0.469773446473454,0.49999999999998934,1.275674576508079,0.4797370464224793,0.4797370464224793,0.4236798828393773,0.49999999999998934,1.275674576508079,0.0,0.4797370464224793,0.1174310227768634,1.275674576508079,1.275674576508079,1.275674576508079,1.275674576508079,1.275674576508079,1.275674576508079
