obs_gdp,obs_hours,obs_wages,obs_gdpdeflator,obs_corepce,obs_nominalrate,obs_consumption,obs_investment,obs_BBBspread,obs_longinflation,obs_longrate,obs_tfp,obs_gdi,obs_AAAspread,obs_nominalrate1,obs_nominalrate2,obs_nominalrate3,obs_nominalrate4,obs_nominalrate5,obs_nominalrate6
0.5367168698975133,-43.39967244134595,0.5367168698975133,0.47090840634930164,0.49999999999998934,1.3508106424449329,0.5367168698975133,0.5367168698975133,0.43075965840768565,0.49999999999998934,1.3508106424449329,0.0,0.5367168698975133,0.1174310227768634,1.3508106424449329,1.3508106424449329,1.3508106424449329,1.3508106424449329,1.3508106424449329,1.3508106424449329
