obs_gdp,obs_hours,obs_wages,obs_gdpdeflator,obs_corepce,obs_nominalrate,obs_consumption,obs_investment,obs_BBBspread,obs_longinflation,obs_longrate,obs_tfp,obs_gdi,obs_AAAspread,obs_nominalrate1,obs_nominalrate2,obs_nominalrate3,obs_nominalrate4,obs_nominalrate5,obs_nominalrate6
0.5123021317971599,-44.930584114056906,0.5123021317971599,0.46637624351245827,0.49999999999998934,1.3221446437353235,0.5123021317971599,0.5123021317971599,0.4224478398299132,0.49999999999998934,1.3221446437353235,0.0,0.5123021317971599,0.1174310227768634,1.3221446437353235,1.3221446437353235,1.3221446437353235,1.3221446437353235,1.3221446437353235,1.3221446437353235
