obs_gdp,obs_hours,obs_wages,obs_gdpdeflator,obs_corepce,obs_nominalrate,obs_consumption,obs_investment,obs_BBBspread,obs_longinflation,obs_longrate,obs_tfp,obs_gdi,obs_AAAspread,obs_nominalrate1,obs_nominalrate2,obs_nominalrate3,obs_nominalrate4,obs_nominalrate5,obs_nominalrate6
0.43393751849551965,-47.68339729834736,0.43393751849551965,0.4689960859302863,0.49999999999998934,1.221610061911771,0.43393751849551965,0.43393751849551965,0.4225998240890113,0.49999999999998934,1.221610061911771,0.0,0.43393751849551965,0.1174310227768634,1.221610061911771,1.221610061911771,1.221610061911771,1.221610061911771,1.221610061911771,1.221610061911771
