obs_gdp,obs_hours,obs_wages,obs_gdpdeflator,obs_corepce,obs_nominalrate,obs_consumption,obs_investment,obs_BBBspread,obs_longinflation,obs_longrate,obs_tfp,obs_gdi,obs_AAAspread,obs_nominalrate1,obs_nominalrate2,obs_nominalrate3,obs_nominalrate4,obs_nominalrate5,obs_nominalrate6
0.47203331933509673,-46.74769726753448,0.47203331933509673,0.4647691388476647,0.49999999999998934,1.2390703539569836,0.47203331933509673,0.47203331933509673,0.42315436079987495,0.49999999999998934,1.2390703539569836,0.0,0.47203331933509673,0.1174310227768634,1.2390703539569836,1.2390703539569836,1.2390703539569836,1.2390703539569836,1.2390703539569836,1.2390703539569836
