obs_gdp,obs_hours,obs_wages,obs_gdpdeflator,obs_corepce,obs_nominalrate,obs_consumption,obs_investment,obs_BBBspread,obs_longinflation,obs_longrate,obs_tfp,obs_gdi,obs_AAAspread,obs_nominalrate1,obs_nominalrate2,obs_nominalrate3,obs_nominalrate4,obs_nominalrate5,obs_nominalrate6
0.3774938778677406,-49.92525172497935,0.3774938778677406,0.46709263812141844,0.49999999999998934,1.127857121161835,0.3774938778677406,0.3774938778677406,0.4198622269002845,0.49999999999998934,1.127857121161835,0.0,0.3774938778677406,0.1174310227768634,1.127857121161835,1.127857121161835,1.127857121161835,1.127857121161835,1.127857121161835,1.127857121161835
