obs_gdp,obs_hours,obs_wages,obs_gdpdeflator,obs_corepce,obs_nominalrate,obs_consumption,obs_investment,obs_BBBspread,obs_longinflation,obs_longrate,obs_tfp,obs_gdi,obs_AAAspread,obs_nominalrate1,obs_nominalrate2,obs_nominalrate3,obs_nominalrate4,obs_nominalrate5,obs_nominalrate6
0.46960319952003005,-46.73664607071852,0.46960319952003005,0.4652559734619806,0.49999999999998934,1.2535370474361374,0.46960319952003005,0.46960319952003005,0.4307249291997277,0.49999999999998934,1.2535370474361374,0.0,0.46960319952003005,0.1174310227768634,1.2535370474361374,1.2535370474361374,1.2535370474361374,1.2535370474361374,1.2535370474361374,1.2535370474361374
