obs_gdp,obs_hours,obs_wages,obs_gdpdeflator,obs_corepce,obs_nominalrate,obs_consumption,obs_investment,obs_BBBspread,obs_longinflation,obs_longrate,obs_tfp,obs_gdi,obs_AAAspread,obs_nominalrate1,obs_nominalrate2,obs_nominalrate3,obs_nominalrate4,obs_nominalrate5,obs_nominalrate6
0.52155500477018,-44.55355414682413,0.52155500477018,0.4667565283375026,0.49999999999998934,1.3541250155871154,0.52155500477018,0.52155500477018,0.4193678986164881,0.49999999999998934,1.3541250155871154,0.0,0.52155500477018,0.1174310227768634,1.3541250155871154,1.3541250155871154,1.3541250155871154,1.3541250155871154,1.3541250155871154,1.3541250155871154
