obs_gdp,obs_hours,obs_wages,obs_gdpdeflator,obs_corepce,obs_nominalrate,obs_consumption,obs_investment,obs_BBBspread,obs_longinflation,obs_longrate,obs_tfp,obs_gdi,obs_AAAspread,obs_nominalrate1,obs_nominalrate2,obs_nominalrate3,obs_nominalrate4,obs_nominalrate5,obs_nominalrate6
0.5296171837683827,-44.156118605965375,0.5296171837683827,0.4673318265623132,0.49999999999998934,1.3598587712441823,0.5296171837683827,0.5296171837683827,0.4248051437950532,0.49999999999998934,1.3598587712441823,0.0,0.5296171837683827,0.1174310227768634,1.3598587712441823,1.3598587712441823,1.3598587712441823,1.3598587712441823,1.3598587712441823,1.3598587712441823
