obs_gdp,obs_hours,obs_wages,obs_gdpdeflator,obs_corepce,obs_nominalrate,obs_consumption,obs_investment,obs_BBBspread,obs_longinflation,obs_longrate,obs_tfp,obs_gdi,obs_AAAspread,obs_nominalrate1,obs_nominalrate2,obs_nominalrate3,obs_nominalrate4,obs_nominalrate5,obs_nominalrate6
0.4737659190021448,-46.196809889199706,0.4737659190021448,0.47488559671881947,0.49999999999998934,1.201052422620985,0.4737659190021448,0.4737659190021448,0.44055505057429606,0.49999999999998934,1.201052422620985,0.0,0.4737659190021448,0.1174310227768634,1.201052422620985,1.201052422620985,1.201052422620985,1.201052422620985,1.201052422620985,1.201052422620985
