obs_gdp,obs_hours,obs_wages,obs_gdpdeflator,obs_corepce,obs_nominalrate,obs_consumption,obs_investment,obs_BBBspread,obs_longinflation,obs_longrate,obs_tfp,obs_gdi,obs_AAAspread,obs_nominalrate1,obs_nominalrate2,obs_nominalrate3,obs_nominalrate4,obs_nominalrate5,obs_nominalrate6
0.5154599129831627,-44.536316626614685,0.5154599129831627,0.4714524345869886,0.49999999999998934,1.2778246879850963,0.5154599129831627,0.5154599129831627,0.43429507968554654,0.49999999999998934,1.2778246879850963,0.0,0.5154599129831627,0.1174310227768634,1.2778246879850963,1.2778246879850963,1.2778246879850963,1.2778246879850963,1.2778246879850963,1.2778246879850963
