obs_gdp,obs_hours,obs_wages,obs_gdpdeflator,obs_corepce,obs_nominalrate,obs_consumption,obs_investment,obs_BBBspread,obs_longinflation,obs_longrate,obs_tfp,obs_gdi,obs_AAAspread,obs_nominalrate1,obs_nominalrate2,obs_nominalrate3,obs_nominalrate4,obs_nominalrate5,obs_nominalrate6
0.5205881368130605,-44.72363857773523,0.5205881368130605,0.46535855802659554,0.49999999999998934,1.3296282250358393,0.5205881368130605,0.5205881368130605,0.42352845171194703,0.49999999999998934,1.3296282250358393,0.0,0.5205881368130605,0.1174310227768634,1.3296282250358393,1.3296282250358393,1.3296282250358393,1.3296282250358393,1.3296282250358393,1.3296282250358393
