obs_gdp,obs_hours,obs_wages,obs_gdpdeflator,obs_corepce,obs_nominalrate,obs_consumption,obs_investment,obs_BBBspread,obs_longinflation,obs_longrate,obs_tfp,obs_gdi,obs_AAAspread,obs_nominalrate1,obs_nominalrate2,obs_nominalrate3,obs_nominalrate4,obs_nominalrate5,obs_nominalrate6
0.5318552632074702,-44.38399180788602,0.5318552632074702,0.4653760625428901,0.49999999999998934,1.3588104710395177,0.5318552632074702,0.5318552632074702,0.4322517894086975,0.49999999999998934,1.3588104710395177,0.0,0.5318552632074702,0.1174310227768634,1.3588104710395177,1.3588104710395177,1.3588104710395177,1.3588104710395177,1.3588104710395177,1.3588104710395177
