obs_gdp,obs_hours,obs_wages,obs_gdpdeflator,obs_corepce,obs_nominalrate,obs_consumption,obs_investment,obs_BBBspread,obs_longinflation,obs_longrate,obs_tfp,obs_gdi,obs_AAAspread,obs_nominalrate1,obs_nominalrate2,obs_nominalrate3,obs_nominalrate4,obs_nominalrate5,obs_nominalrate6
0.4298132396117538,-48.123056570694075,0.4298132396117538,0.4657954876781325,0.49999999999998934,1.190192723354011,0.4298132396117538,0.4298132396117538,0.41852421735276035,0.49999999999998934,1.190192723354011,0.0,0.4298132396117538,0.1174310227768634,1.190192723354011,1.190192723354011,1.190192723354011,1.190192723354011,1.190192723354011,1.190192723354011
