obs_gdp,obs_hours,obs_wages,obs_gdpdeflator,obs_corepce,obs_nominalrate,obs_consumption,obs_investment,obs_BBBspread,obs_longinflation,obs_longrate,obs_tfp,obs_gdi,obs_AAAspread,obs_nominalrate1,obs_nominalrate2,obs_nominalrate3,obs_nominalrate4,obs_nominalrate5,obs_nominalrate6
0.47362785141296104,-46.327340585847864,0.47362785141296104,0.4678841744903451,0.49999999999998934,1.277361324478754,0.47362785141296104,0.47362785141296104,0.4181274700654677,0.49999999999998934,1.277361324478754,0.0,0.47362785141296104,0.1174310227768634,1.277361324478754,1.277361324478754,1.277361324478754,1.277361324478754,1.277361324478754,1.277361324478754
