obs_gdp,obs_hours,obs_wages,obs_gdpdeflator,obs_corepce,obs_nominalrate,obs_consumption,obs_investment,obs_BBBspread,obs_longinflation,obs_longrate,obs_tfp,obs_gdi,obs_AAAspread,obs_nominalrate1,obs_nominalrate2,obs_nominalrate3,obs_nominalrate4,obs_nominalrate5,obs_nominalrate6
0.4478024208004916,-46.80029616764571,0.4478024208004916,0.4691963164689013,0.49999999999998934,1.2449592058912051,0.4478024208004916,0.4478024208004916,0.42109225463241357,0.49999999999998934,1.2449592058912051,0.0,0.4478024208004916,0.1174310227768634,1.2449592058912051,1.2449592058912051,1.2449592058912051,1.2449592058912051,1.2449592058912051,1.2449592058912051
