obs_gdp,obs_hours,obs_wages,obs_gdpdeflator,obs_corepce,obs_nominalrate,obs_consumption,obs_investment,obs_BBBspread,obs_longinflation,obs_longrate,obs_tfp,obs_gdi,obs_AAAspread,obs_nominalrate1,obs_nominalrate2,obs_nominalrate3,obs_nominalrate4,obs_nominalrate5,obs_nominalrate6
0.4785272551734998,-46.538089228599524,0.4785272551734998,0.4662186826207192,0.49999999999998934,1.249644933145455,0.4785272551734998,0.4785272551734998,0.42408102211532134,0.49999999999998934,1.249644933145455,0.0,0.4785272551734998,0.1174310227768634,1.249644933145455,1.249644933145455,1.249644933145455,1.249644933145455,1.249644933145455,1.249644933145455
