obs_gdp,obs_hours,obs_wages,obs_gdpdeflator,obs_corepce,obs_nominalrate,obs_consumption,obs_investment,obs_BBBspread,obs_longinflation,obs_longrate,obs_tfp,obs_gdi,obs_AAAspread,obs_nominalrate1,obs_nominalrate2,obs_nominalrate3,obs_nominalrate4,obs_nominalrate5,obs_nominalrate6
0.5143050247517378,-45.10190837723938,0.5143050247517378,0.4630836540915831,0.49999999999998934,1.324716988242769,0.5143050247517378,0.5143050247517378,0.430725906171848,0.49999999999998934,1.324716988242769,0.0,0.5143050247517378,0.1174310227768634,1.324716988242769,1.324716988242769,1.324716988242769,1.324716988242769,1.324716988242769,1.324716988242769
