obs_gdp,obs_hours,obs_wages,obs_gdpdeflator,obs_corepce,obs_nominalrate,obs_consumption,obs_investment,obs_BBBspread,obs_longinflation,obs_longrate,obs_tfp,obs_gdi,obs_AAAspread,obs_nominalrate1,obs_nominalrate2,obs_nominalrate3,obs_nominalrate4,obs_nominalrate5,obs_nominalrate6
0.4680208479882486,-46.06893966205068,0.4680208479882486,0.4680913769623414,0.49999999999998934,1.2731241470793409,0.4680208479882486,0.4680208479882486,0.42131557979492373,0.49999999999998934,1.2731241470793409,0.0,0.4680208479882486,0.1174310227768634,1.2731241470793409,1.2731241470793409,1.2731241470793409,1.2731241470793409,1.2731241470793409,1.2731241470793409
