obs_gdp,obs_hours,obs_wages,obs_gdpdeflator,obs_corepce,obs_nominalrate,obs_consumption,obs_investment,obs_BBBspread,obs_longinflation,obs_longrate,obs_tfp,obs_gdi,obs_AAAspread,obs_nominalrate1,obs_nominalrate2,obs_nominalrate3,obs_nominalrate4,obs_nominalrate5,obs_nominalrate6
0.4326395059991883,-48.116299215232736,0.4326395059991883,0.46816151721416677,0.49999999999998934,1.194335073077668,0.4326395059991883,0.4326395059991883,0.4201421126690319,0.49999999999998934,1.194335073077668,0.0,0.4326395059991883,0.1174310227768634,1.194335073077668,1.194335073077668,1.194335073077668,1.194335073077668,1.194335073077668,1.194335073077668
