obs_gdp,obs_hours,obs_wages,obs_gdpdeflator,obs_corepce,obs_nominalrate,obs_consumption,obs_investment,obs_BBBspread,obs_longinflation,obs_longrate,obs_tfp,obs_gdi,obs_AAAspread,obs_nominalrate1,obs_nominalrate2,obs_nominalrate3,obs_nominalrate4,obs_nominalrate5,obs_nominalrate6
0.5382120643099952,-43.984518629686065,0.5382120643099952,0.46577663881061426,0.49999999999998934,1.3770050832762282,0.5382120643099952,0.5382120643099952,0.4331234847969506,0.49999999999998934,1.3770050832762282,0.0,0.5382120643099952,0.1174310227768634,1.3770050832762282,1.3770050832762282,1.3770050832762282,1.3770050832762282,1.3770050832762282,1.3770050832762282
