obs_gdp,obs_hours,obs_wages,obs_gdpdeflator,obs_corepce,obs_nominalrate,obs_consumption,obs_investment,obs_BBBspread,obs_longinflation,obs_longrate,obs_tfp,obs_gdi,obs_AAAspread,obs_nominalrate1,obs_nominalrate2,obs_nominalrate3,obs_nominalrate4,obs_nominalrate5,obs_nominalrate6
0.5199785825999115,-44.62180691445117,0.5199785825999115,0.4725760315927402,0.49999999999998934,1.271727134873113,0.5199785825999115,0.5199785825999115,0.4349477334740047,0.49999999999998934,1.271727134873113,0.0,0.5199785825999115,0.1174310227768634,1.271727134873113,1.271727134873113,1.271727134873113,1.271727134873113,1.271727134873113,1.271727134873113
