obs_gdp,obs_hours,obs_wages,obs_gdpdeflator,obs_corepce,obs_nominalrate,obs_consumption,obs_investment,obs_BBBspread,obs_longinflation,obs_longrate,obs_tfp,obs_gdi,obs_AAAspread,obs_nominalrate1,obs_nominalrate2,obs_nominalrate3,obs_nominalrate4,obs_nominalrate5,obs_nominalrate6
0.539258207116311,-44.46767780110136,0.539258207116311,0.46500561508834426,0.49999999999998934,1.3499680771178468,0.539258207116311,0.539258207116311,0.4222712544420022,0.49999999999998934,1.3499680771178468,0.0,0.539258207116311,0.1174310227768634,1.3499680771178468,1.3499680771178468,1.3499680771178468,1.3499680771178468,1.3499680771178468,1.3499680771178468
