obs_gdp,obs_hours,obs_wages,obs_gdpdeflator,obs_corepce,obs_nominalrate,obs_consumption,obs_investment,obs_BBBspread,obs_longinflation,obs_longrate,obs_tfp,obs_gdi,obs_AAAspread,obs_nominalrate1,obs_nominalrate2,obs_nominalrate3,obs_nominalrate4,obs_nominalrate5,obs_nominalrate6
0.490270898187517,-45.46867810714277,0.490270898187517,0.4685746914007977,0.49999999999998934,1.2998640623757218,0.490270898187517,0.490270898187517,0.4209011792130681,0.49999999999998934,1.2998640623757218,0.0,0.490270898187517,0.1174310227768634,1.2998640623757218,1.2998640623757218,1.2998640623757218,1.2998640623757218,1.2998640623757218,1.2998640623757218
