obs_gdp,obs_hours,obs_wages,obs_gdpdeflator,obs_corepce,obs_nominalrate,obs_consumption,obs_investment,obs_BBBspread,obs_longinflation,obs_longrate,obs_tfp,obs_gdi,obs_AAAspread,obs_nominalrate1,obs_nominalrate2,obs_nominalrate3,obs_nominalrate4,obs_nominalrate5,obs_nominalrate6
0.546400741204689,-43.03976331063365,0.546400741204689,0.4708873894438411,0.49999999999998934,1.3660075664586158,0.546400741204689,0.546400741204689,0.43189287672880305,0.49999999999998934,1.3660075664586158,0.0,0.546400741204689,0.1174310227768634,1.3660075664586158,1.3660075664586158,1.3660075664586158,1.3660075664586158,1.3660075664586158,1.3660075664586158
