obs_gdp,obs_hours,obs_wages,obs_gdpdeflator,obs_corepce,obs_nominalrate,obs_consumption,obs_investment,obs_BBBspread,obs_longinflation,obs_longrate,obs_tfp,obs_gdi,obs_AAAspread,obs_nominalrate1,obs_nominalrate2,obs_nominalrate3,obs_nominalrate4,obs_nominalrate5,obs_nominalrate6
0.48170478169062836,-45.933829242262455,0.48170478169062836,0.4661796297954864,0.49999999999998934,1.289441650975065,0.48170478169062836,0.48170478169062836,0.42994447370501443,0.49999999999998934,1.289441650975065,0.0,0.48170478169062836,0.1174310227768634,1.289441650975065,1.289441650975065,1.289441650975065,1.289441650975065,1.289441650975065,1.289441650975065
