obs_gdp,obs_hours,obs_wages,obs_gdpdeflator,obs_corepce,obs_nominalrate,obs_consumption,obs_investment,obs_BBBspread,obs_longinflation,obs_longrate,obs_tfp,obs_gdi,obs_AAAspread,obs_nominalrate1,obs_nominalrate2,obs_nominalrate3,obs_nominalrate4,obs_nominalrate5,obs_nominalrate6
0.5088207654805554,-45.12154093033781,0.5088207654805554,0.4679816952376292,0.49999999999998934,1.333120933534837,0.5088207654805554,0.5088207654805554,0.41825009146164854,0.49999999999998934,1.333120933534837,0.0,0.5088207654805554,0.1174310227768634,1.333120933534837,1.333120933534837,1.333120933534837,1.333120933534837,1.333120933534837,1.333120933534837
