obs_gdp,obs_hours,obs_wages,obs_gdpdeflator,obs_corepce,obs_nominalrate,obs_consumption,obs_investment,obs_BBBspread,obs_longinflation,obs_longrate,obs_tfp,obs_gdi,obs_AAAspread,obs_nominalrate1,obs_nominalrate2,obs_nominalrate3,obs_nominalrate4,obs_nominalrate5,obs_nominalrate6
0.5368365239410533,-44.26889326899388,0.5368365239410533,0.4652321956478244,0.49999999999998934,1.3727987659492014,0.5368365239410533,0.5368365239410533,0.43037590391061936,0.49999999999998934,1.3727987659492014,0.0,0.5368365239410533,0.1174310227768634,1.3727987659492014,1.3727987659492014,1.3727987659492014,1.3727987659492014,1.3727987659492014,1.3727987659492014
