obs_gdp,obs_hours,obs_wages,obs_gdpdeflator,obs_corepce,obs_nominalrate,obs_consumption,obs_investment,obs_BBBspread,obs_longinflation,obs_longrate,obs_tfp,obs_gdi,obs_AAAspread,obs_nominalrate1,obs_nominalrate2,obs_nominalrate3,obs_nominalrate4,obs_nominalrate5,obs_nominalrate6
0.5196697686238538,-44.399531859438305,0.5196697686238538,0.47289315753638006,0.49999999999998934,1.272459119342395,0.5196697686238538,0.5196697686238538,0.4439640002977625,0.49999999999998934,1.272459119342395,0.0,0.5196697686238538,0.1174310227768634,1.272459119342395,1.272459119342395,1.272459119342395,1.272459119342395,1.272459119342395,1.272459119342395
