obs_gdp,obs_hours,obs_wages,obs_gdpdeflator,obs_corepce,obs_nominalrate,obs_consumption,obs_investment,obs_BBBspread,obs_longinflation,obs_longrate,obs_tfp,obs_gdi,obs_AAAspread,obs_nominalrate1,obs_nominalrate2,obs_nominalrate3,obs_nominalrate4,obs_nominalrate5,obs_nominalrate6
0.4896684322663214,-45.86922590059277,0.4896684322663214,0.46402219258625343,0.49999999999998934,1.2783039430741994,0.4896684322663214,0.4896684322663214,0.42762739124529636,0.49999999999998934,1.2783039430741994,0.0,0.4896684322663214,0.1174310227768634,1.2783039430741994,1.2783039430741994,1.2783039430741994,1.2783039430741994,1.2783039430741994,1.2783039430741994
