obs_gdp,obs_hours,obs_wages,obs_gdpdeflator,obs_corepce,obs_nominalrate,obs_consumption,obs_investment,obs_BBBspread,obs_longinflation,obs_longrate,obs_tfp,obs_gdi,obs_AAAspread,obs_nominalrate1,obs_nominalrate2,obs_nominalrate3,obs_nominalrate4,obs_nominalrate5,obs_nominalrate6
0.48487795893426,-45.489285138664805,0.48487795893426,0.47085071343876195,0.49999999999998934,1.23598677280361,0.48487795893426,0.48487795893426,0.4349861808244742,0.49999999999998934,1.23598677280361,0.0,0.48487795893426,0.1174310227768634,1.23598677280361,1.23598677280361,1.23598677280361,1.23598677280361,1.23598677280361,1.23598677280361
