obs_gdp,obs_hours,obs_wages,obs_gdpdeflator,obs_corepce,obs_nominalrate,obs_consumption,obs_investment,obs_BBBspread,obs_longinflation,obs_longrate,obs_tfp,obs_gdi,obs_AAAspread,obs_nominalrate1,obs_nominalrate2,obs_nominalrate3,obs_nominalrate4,obs_nominalrate5,obs_nominalrate6
0.48413669553548644,-45.678733235919424,0.48413669553548644,0.47209968831199245,0.49999999999998934,1.2357187349969267,0.48413669553548644,0.48413669553548644,0.4334527572959496,0.49999999999998934,1.2357187349969267,0.0,0.48413669553548644,0.1174310227768634,1.2357187349969267,1.2357187349969267,1.2357187349969267,1.2357187349969267,1.2357187349969267,1.2357187349969267
