obs_gdp,obs_hours,obs_wages,obs_gdpdeflator,obs_corepce,obs_nominalrate,obs_consumption,obs_investment,obs_BBBspread,obs_longinflation,obs_longrate,obs_tfp,obs_gdi,obs_AAAspread,obs_nominalrate1,obs_nominalrate2,obs_nominalrate3,obs_nominalrate4,obs_nominalrate5,obs_nominalrate6
0.49409500773200943,-45.97783188365984,0.49409500773200943,0.46592093854691574,0.49999999999998934,1.2783500471164277,0.49409500773200943,0.49409500773200943,0.4231797041130648,0.49999999999998934,1.2783500471164277,0.0,0.49409500773200943,0.1174310227768634,1.2783500471164277,1.2783500471164277,1.2783500471164277,1.2783500471164277,1.2783500471164277,1.2783500471164277
