obs_gdp,obs_hours,obs_wages,obs_gdpdeflator,obs_corepce,obs_nominalrate,obs_consumption,obs_investment,obs_BBBspread,obs_longinflation,obs_longrate,obs_tfp,obs_gdi,obs_AAAspread,obs_nominalrate1,obs_nominalrate2,obs_nominalrate3,obs_nominalrate4,obs_nominalrate5,obs_nominalrate6
0.4950891545498992,-45.49459691916824,0.4950891545498992,0.46551696545519966,0.49999999999998934,1.311173539965682,0.4950891545498992,0.4950891545498992,0.4325158764903499,0.49999999999998934,1.311173539965682,0.0,0.4950891545498992,0.1174310227768634,1.311173539965682,1.311173539965682,1.311173539965682,1.311173539965682,1.311173539965682,1.311173539965682
