obs_gdp,obs_hours,obs_wages,obs_gdpdeflator,obs_corepce,obs_nominalrate,obs_consumption,obs_investment,obs_BBBspread,obs_longinflation,obs_longrate,obs_tfp,obs_gdi,obs_AAAspread,obs_nominalrate1,obs_nominalrate2,obs_nominalrate3,obs_nominalrate4,obs_nominalrate5,obs_nominalrate6
0.5256951407804467,-44.38827657994898,0.5256951407804467,0.46605864905225625,0.49999999999998934,1.3558244174189271,0.5256951407804467,0.5256951407804467,0.43051792008977163,0.49999999999998934,1.3558244174189271,0.0,0.5256951407804467,0.1174310227768634,1.3558244174189271,1.3558244174189271,1.3558244174189271,1.3558244174189271,1.3558244174189271,1.3558244174189271
