obs_gdp,obs_hours,obs_wages,obs_gdpdeflator,obs_corepce,obs_nominalrate,obs_consumption,obs_investment,obs_BBBspread,obs_longinflation,obs_longrate,obs_tfp,obs_gdi,obs_AAAspread,obs_nominalrate1,obs_nominalrate2,obs_nominalrate3,obs_nominalrate4,obs_nominalrate5,obs_nominalrate6
0.5331241959811495,-43.56036527720272,0.5331241959811495,0.47094952132955215,0.49999999999998934,1.3237061334766098,0.5331241959811495,0.5331241959811495,0.4368523778008697,0.49999999999998934,1.3237061334766098,0.0,0.5331241959811495,0.1174310227768634,1.3237061334766098,1.3237061334766098,1.3237061334766098,1.3237061334766098,1.3237061334766098,1.3237061334766098
