obs_gdp,obs_hours,obs_wages,obs_gdpdeflator,obs_corepce,obs_nominalrate,obs_consumption,obs_investment,obs_BBBspread,obs_longinflation,obs_longrate,obs_tfp,obs_gdi,obs_AAAspread,obs_nominalrate1,obs_nominalrate2,obs_nominalrate3,obs_nominalrate4,obs_nominalrate5,obs_nominalrate6
0.4510556015454803,-46.683117979139695,0.4510556015454803,0.46850094169686274,0.49999999999998934,1.249213604852284,0.4510556015454803,0.4510556015454803,0.4203511229114211,0.49999999999998934,1.249213604852284,0.0,0.4510556015454803,0.1174310227768634,1.249213604852284,1.249213604852284,1.249213604852284,1.249213604852284,1.249213604852284,1.249213604852284
