obs_gdp,obs_hours,obs_wages,obs_gdpdeflator,obs_corepce,obs_nominalrate,obs_consumption,obs_investment,obs_BBBspread,obs_longinflation,obs_longrate,obs_tfp,obs_gdi,obs_AAAspread,obs_nominalrate1,obs_nominalrate2,obs_nominalrate3,obs_nominalrate4,obs_nominalrate5,obs_nominalrate6
0.5037986218487278,-45.199750472103275,0.5037986218487278,0.465259195353122,0.49999999999998934,1.3267171728580385,0.5037986218487278,0.5037986218487278,0.4319182811031359,0.49999999999998934,1.3267171728580385,0.0,0.5037986218487278,0.1174310227768634,1.3267171728580385,1.3267171728580385,1.3267171728580385,1.3267171728580385,1.3267171728580385,1.3267171728580385
