obs_gdp,obs_hours,obs_wages,obs_gdpdeflator,obs_corepce,obs_nominalrate,obs_consumption,obs_investment,obs_BBBspread,obs_longinflation,obs_longrate,obs_tfp,obs_gdi,obs_AAAspread,obs_nominalrate1,obs_nominalrate2,obs_nominalrate3,obs_nominalrate4,obs_nominalrate5,obs_nominalrate6
0.4712356975881571,-46.46391328451187,0.4712356975881571,0.4657401393134544,0.49999999999998934,1.2703833365077077,0.4712356975881571,0.4712356975881571,0.43195679450362356,0.49999999999998934,1.2703833365077077,0.0,0.4712356975881571,0.1174310227768634,1.2703833365077077,1.2703833365077077,1.2703833365077077,1.2703833365077077,1.2703833365077077,1.2703833365077077
