obs_gdp,obs_hours,obs_wages,obs_gdpdeflator,obs_corepce,obs_nominalrate,obs_consumption,obs_investment,obs_BBBspread,obs_longinflation,obs_longrate,obs_tfp,obs_gdi,obs_AAAspread,obs_nominalrate1,obs_nominalrate2,obs_nominalrate3,obs_nominalrate4,obs_nominalrate5,obs_nominalrate6
0.4837425974464349,-46.41358862687788,0.4837425974464349,0.46469746284588787,0.49999999999998934,1.254437862245661,0.4837425974464349,0.4837425974464349,0.4238498493023879,0.49999999999998934,1.254437862245661,0.0,0.4837425974464349,0.1174310227768634,1.254437862245661,1.254437862245661,1.254437862245661,1.254437862245661,1.254437862245661,1.254437862245661
