obs_gdp,obs_hours,obs_wages,obs_gdpdeflator,obs_corepce,obs_nominalrate,obs_consumption,obs_investment,obs_BBBspread,obs_longinflation,obs_longrate,obs_tfp,obs_gdi,obs_AAAspread,obs_nominalrate1,obs_nominalrate2,obs_nominalrate3,obs_nominalrate4,obs_nominalrate5,obs_nominalrate6
0.474018766561235,-45.93022596838957,0.474018766561235,0.4701175672571401,0.49999999999998934,1.2738029869429068,0.474018766561235,0.474018766561235,0.4217968463981748,0.49999999999998934,1.2738029869429068,0.0,0.474018766561235,0.1174310227768634,1.2738029869429068,1.2738029869429068,1.2738029869429068,1.2738029869429068,1.2738029869429068,1.2738029869429068
