obs_gdp,obs_hours,obs_wages,obs_gdpdeflator,obs_corepce,obs_nominalrate,obs_consumption,obs_investment,obs_BBBspread,obs_longinflation,obs_longrate,obs_tfp,obs_gdi,obs_AAAspread,obs_nominalrate1,obs_nominalrate2,obs_nominalrate3,obs_nominalrate4,obs_nominalrate5,obs_nominalrate6
0.5235329810424849,-44.80539943358545,0.5235329810424849,0.46327361478417756,0.49999999999998934,1.3290373009289924,0.5235329810424849,0.5235329810424849,0.417785755416187,0.49999999999998934,1.3290373009289924,0.0,0.5235329810424849,0.1174310227768634,1.3290373009289924,1.3290373009289924,1.3290373009289924,1.3290373009289924,1.3290373009289924,1.3290373009289924
