obs_gdp,obs_hours,obs_wages,obs_gdpdeflator,obs_corepce,obs_nominalrate,obs_consumption,obs_investment,obs_BBBspread,obs_longinflation,obs_longrate,obs_tfp,obs_gdi,obs_AAAspread,obs_nominalrate1,obs_nominalrate2,obs_nominalrate3,obs_nominalrate4,obs_nominalrate5,obs_nominalrate6
0.49087141572383697,-45.91917313501606,0.49087141572383697,0.46396717974522045,0.49999999999998934,1.276046014200083,0.49087141572383697,0.49087141572383697,0.42655164073883667,0.49999999999998934,1.276046014200083,0.0,0.49087141572383697,0.1174310227768634,1.276046014200083,1.276046014200083,1.276046014200083,1.276046014200083,1.276046014200083,1.276046014200083
