obs_gdp,obs_hours,obs_wages,obs_gdpdeflator,obs_corepce,obs_nominalrate,obs_consumption,obs_investment,obs_BBBspread,obs_longinflation,obs_longrate,obs_tfp,obs_gdi,obs_AAAspread,obs_nominalrate1,obs_nominalrate2,obs_nominalrate3,obs_nominalrate4,obs_nominalrate5,obs_nominalrate6
0.5326485458980068,-44.13057023840482,0.5326485458980068,0.46667433519975393,0.49999999999998934,1.3613559319584079,0.5326485458980068,0.5326485458980068,0.4232923484122558,0.49999999999998934,1.3613559319584079,0.0,0.5326485458980068,0.1174310227768634,1.3613559319584079,1.3613559319584079,1.3613559319584079,1.3613559319584079,1.3613559319584079,1.3613559319584079
