obs_gdp,obs_hours,obs_wages,obs_gdpdeflator,obs_corepce,obs_nominalrate,obs_consumption,obs_investment,obs_BBBspread,obs_longinflation,obs_longrate,obs_tfp,obs_gdi,obs_AAAspread,obs_nominalrate1,obs_nominalrate2,obs_nominalrate3,obs_nominalrate4,obs_nominalrate5,obs_nominalrate6
0.4746634209276568,-45.55396060597781,0.4746634209276568,0.46915296056125083,0.49999999999998934,1.2712874917590433,0.4746634209276568,0.4746634209276568,0.4278374964685381,0.49999999999998934,1.2712874917590433,0.0,0.4746634209276568,0.1174310227768634,1.2712874917590433,1.2712874917590433,1.2712874917590433,1.2712874917590433,1.2712874917590433,1.2712874917590433
