obs_gdp,obs_hours,obs_wages,obs_gdpdeflator,obs_corepce,obs_nominalrate,obs_consumption,obs_investment,obs_BBBspread,obs_longinflation,obs_longrate,obs_tfp,obs_gdi,obs_AAAspread,obs_nominalrate1,obs_nominalrate2,obs_nominalrate3,obs_nominalrate4,obs_nominalrate5,obs_nominalrate6
0.4543217826974866,-46.347472802928515,0.4543217826974866,0.4715600941429749,0.49999999999998934,1.190268616702106,0.4543217826974866,0.4543217826974866,0.435342789906637,0.49999999999998934,1.190268616702106,0.0,0.4543217826974866,0.1174310227768634,1.190268616702106,1.190268616702106,1.190268616702106,1.190268616702106,1.190268616702106,1.190268616702106
