obs_gdp,obs_hours,obs_wages,obs_gdpdeflator,obs_corepce,obs_nominalrate,obs_consumption,obs_investment,obs_BBBspread,obs_longinflation,obs_longrate,obs_tfp,obs_gdi,obs_AAAspread,obs_nominalrate1,obs_nominalrate2,obs_nominalrate3,obs_nominalrate4,obs_nominalrate5,obs_nominalrate6
0.5132585147824997,-45.164829889015884,0.5132585147824997,0.463014924037412,0.49999999999998934,1.3110151326262143,0.5132585147824997,0.5132585147824997,0.4264247982251789,0.49999999999998934,1.3110151326262143,0.0,0.5132585147824997,0.1174310227768634,1.3110151326262143,1.3110151326262143,1.3110151326262143,1.3110151326262143,1.3110151326262143,1.3110151326262143
