obs_gdp,obs_hours,obs_wages,obs_gdpdeflator,obs_corepce,obs_nominalrate,obs_consumption,obs_investment,obs_BBBspread,obs_longinflation,obs_longrate,obs_tfp,obs_gdi,obs_AAAspread,obs_nominalrate1,obs_nominalrate2,obs_nominalrate3,obs_nominalrate4,obs_nominalrate5,obs_nominalrate6
0.49800318769477325,-45.72275900448582,0.49800318769477325,0.465091612003536,0.49999999999998934,1.2997502979418485,0.49800318769477325,0.49800318769477325,0.43000073830066815,0.49999999999998934,1.2997502979418485,0.0,0.49800318769477325,0.1174310227768634,1.2997502979418485,1.2997502979418485,1.2997502979418485,1.2997502979418485,1.2997502979418485,1.2997502979418485
