obs_gdp,obs_hours,obs_wages,obs_gdpdeflator,obs_corepce,obs_nominalrate,obs_consumption,obs_investment,obs_BBBspread,obs_longinflation,obs_longrate,obs_tfp,obs_gdi,obs_AAAspread,obs_nominalrate1,obs_nominalrate2,obs_nominalrate3,obs_nominalrate4,obs_nominalrate5,obs_nominalrate6
0.4668735031111204,-46.1189902214933,0.4668735031111204,0.46921160004740825,0.49999999999998934,1.2712658733583737,0.4668735031111204,0.4668735031111204,0.42234263638764236,0.49999999999998934,1.2712658733583737,0.0,0.4668735031111204,0.1174310227768634,1.2712658733583737,1.2712658733583737,1.2712658733583737,1.2712658733583737,1.2712658733583737,1.2712658733583737
