obs_gdp,obs_hours,obs_wages,obs_gdpdeflator,obs_corepce,obs_nominalrate,obs_consumption,obs_investment,obs_BBBspread,obs_longinflation,obs_longrate,obs_tfp,obs_gdi,obs_AAAspread,obs_nominalrate1,obs_nominalrate2,obs_nominalrate3,obs_nominalrate4,obs_nominalrate5,obs_nominalrate6
0.5366625800813374,-43.73344792309509,0.5366625800813374,0.47329660707820226,0.49999999999998934,1.3031551155085364,0.5366625800813374,0.5366625800813374,0.442235205659539,0.49999999999998934,1.3031551155085364,0.0,0.5366625800813374,0.1174310227768634,1.3031551155085364,1.3031551155085364,1.3031551155085364,1.3031551155085364,1.3031551155085364,1.3031551155085364
