obs_gdp,obs_hours,obs_wages,obs_gdpdeflator,obs_corepce,obs_nominalrate,obs_consumption,obs_investment,obs_BBBspread,obs_longinflation,obs_longrate,obs_tfp,obs_gdi,obs_AAAspread,obs_nominalrate1,obs_nominalrate2,obs_nominalrate3,obs_nominalrate4,obs_nominalrate5,obs_nominalrate6
0.5167135025121228,-44.16648720214571,0.5167135025121228,0.4712695198564827,0.49999999999998934,1.2963139153459924,0.5167135025121228,0.5167135025121228,0.43741043246398215,0.49999999999998934,1.2963139153459924,0.0,0.5167135025121228,0.1174310227768634,1.2963139153459924,1.2963139153459924,1.2963139153459924,1.2963139153459924,1.2963139153459924,1.2963139153459924
