obs_gdp,obs_hours,obs_wages,obs_gdpdeflator,obs_corepce,obs_nominalrate,obs_consumption,obs_investment,obs_BBBspread,obs_longinflation,obs_longrate,obs_tfp,obs_gdi,obs_AAAspread,obs_nominalrate1,obs_nominalrate2,obs_nominalrate3,obs_nominalrate4,obs_nominalrate5,obs_nominalrate6
0.4525071340081066,-46.40023343021546,0.4525071340081066,0.471741683625526,0.49999999999998934,1.2013088040935704,0.4525071340081066,0.4525071340081066,0.4345837598363779,0.49999999999998934,1.2013088040935704,0.0,0.4525071340081066,0.1174310227768634,1.2013088040935704,1.2013088040935704,1.2013088040935704,1.2013088040935704,1.2013088040935704,1.2013088040935704
