obs_gdp,obs_hours,obs_wages,obs_gdpdeflator,obs_corepce,obs_nominalrate,obs_consumption,obs_investment,obs_BBBspread,obs_longinflation,obs_longrate,obs_tfp,obs_gdi,obs_AAAspread,obs_nominalrate1,obs_nominalrate2,obs_nominalrate3,obs_nominalrate4,obs_nominalrate5,obs_nominalrate6
0.5373432970222858,-43.95114141927184,0.5373432970222858,0.46842478275918265,0.49999999999998934,1.38701396710752,0.5373432970222858,0.5373432970222858,0.4185884171611364,0.49999999999998934,1.38701396710752,0.0,0.5373432970222858,0.1174310227768634,1.38701396710752,1.38701396710752,1.38701396710752,1.38701396710752,1.38701396710752,1.38701396710752
