obs_gdp,obs_hours,obs_wages,obs_gdpdeflator,obs_corepce,obs_nominalrate,obs_consumption,obs_investment,obs_BBBspread,obs_longinflation,obs_longrate,obs_tfp,obs_gdi,obs_AAAspread,obs_nominalrate1,obs_nominalrate2,obs_nominalrate3,obs_nominalrate4,obs_nominalrate5,obs_nominalrate6
0.513209063574438,-45.137880288006706,0.513209063574438,0.4645709836107273,0.49999999999998934,1.3128249664245084,0.513209063574438,0.513209063574438,0.4244478890187639,0.49999999999998934,1.3128249664245084,0.0,0.513209063574438,0.1174310227768634,1.3128249664245084,1.3128249664245084,1.3128249664245084,1.3128249664245084,1.3128249664245084,1.3128249664245084
