obs_gdp,obs_hours,obs_wages,obs_gdpdeflator,obs_corepce,obs_nominalrate,obs_consumption,obs_investment,obs_BBBspread,obs_longinflation,obs_longrate,obs_tfp,obs_gdi,obs_AAAspread,obs_nominalrate1,obs_nominalrate2,obs_nominalrate3,obs_nominalrate4,obs_nominalrate5,obs_nominalrate6
0.4939061704133163,-45.76576464346982,0.4939061704133163,0.46365354331670106,0.49999999999998934,1.283482616424081,0.4939061704133163,0.4939061704133163,0.42811807917750466,0.49999999999998934,1.283482616424081,0.0,0.4939061704133163,0.1174310227768634,1.283482616424081,1.283482616424081,1.283482616424081,1.283482616424081,1.283482616424081,1.283482616424081
