obs_gdp,obs_hours,obs_wages,obs_gdpdeflator,obs_corepce,obs_nominalrate,obs_consumption,obs_investment,obs_BBBspread,obs_longinflation,obs_longrate,obs_tfp,obs_gdi,obs_AAAspread,obs_nominalrate1,obs_nominalrate2,obs_nominalrate3,obs_nominalrate4,obs_nominalrate5,obs_nominalrate6
0.5284592353335338,-44.264332348461735,0.5284592353335338,0.46601448751740143,0.49999999999998934,1.3645725340210024,0.5284592353335338,0.5284592353335338,0.4293115252693405,0.49999999999998934,1.3645725340210024,0.0,0.5284592353335338,0.1174310227768634,1.3645725340210024,1.3645725340210024,1.3645725340210024,1.3645725340210024,1.3645725340210024,1.3645725340210024
