obs_gdp,obs_hours,obs_wages,obs_gdpdeflator,obs_corepce,obs_nominalrate,obs_consumption,obs_investment,obs_BBBspread,obs_longinflation,obs_longrate,obs_tfp,obs_gdi,obs_AAAspread,obs_nominalrate1,obs_nominalrate2,obs_nominalrate3,obs_nominalrate4,obs_nominalrate5,obs_nominalrate6
0.5251234480950329,-43.80046654016429,0.5251234480950329,0.4706553646871076,0.49999999999998934,1.3310398137762247,0.5251234480950329,0.5251234480950329,0.43028942362180594,0.49999999999998934,1.3310398137762247,0.0,0.5251234480950329,0.1174310227768634,1.3310398137762247,1.3310398137762247,1.3310398137762247,1.3310398137762247,1.3310398137762247,1.3310398137762247
