obs_gdp,obs_hours,obs_wages,obs_gdpdeflator,obs_corepce,obs_nominalrate,obs_consumption,obs_investment,obs_BBBspread,obs_longinflation,obs_longrate,obs_tfp,obs_gdi,obs_AAAspread,obs_nominalrate1,obs_nominalrate2,obs_nominalrate3,obs_nominalrate4,obs_nominalrate5,obs_nominalrate6
0.5215787933668725,-44.74900536743424,0.5215787933668725,0.4658863426306042,0.49999999999998934,1.324087446342248,0.5215787933668725,0.5215787933668725,0.4252264200725613,0.49999999999998934,1.324087446342248,0.0,0.5215787933668725,0.1174310227768634,1.324087446342248,1.324087446342248,1.324087446342248,1.324087446342248,1.324087446342248,1.324087446342248
