obs_gdp,obs_hours,obs_wages,obs_gdpdeflator,obs_corepce,obs_nominalrate,obs_consumption,obs_investment,obs_BBBspread,obs_longinflation,obs_longrate,obs_tfp,obs_gdi,obs_AAAspread,obs_nominalrate1,obs_nominalrate2,obs_nominalrate3,obs_nominalrate4,obs_nominalrate5,obs_nominalrate6
0.44741910016394826,-46.63018476445803,0.44741910016394826,0.472565481611838,0.49999999999998934,1.2133274488509649,0.44741910016394826,0.44741910016394826,0.4327986911077061,0.49999999999998934,1.2133274488509649,0.0,0.44741910016394826,0.1174310227768634,1.2133274488509649,1.2133274488509649,1.2133274488509649,1.2133274488509649,1.2133274488509649,1.2133274488509649
