obs_gdp,obs_hours,obs_wages,obs_gdpdeflator,obs_corepce,obs_nominalrate,obs_consumption,obs_investment,obs_BBBspread,obs_longinflation,obs_longrate,obs_tfp,obs_gdi,obs_AAAspread,obs_nominalrate1,obs_nominalrate2,obs_nominalrate3,obs_nominalrate4,obs_nominalrate5,obs_nominalrate6
0.46024298623994486,-46.28780560262385,0.46024298623994486,0.472330262798268,0.49999999999998934,1.2235085150926528,0.46024298623994486,0.46024298623994486,0.4322340997697456,0.49999999999998934,1.2235085150926528,0.0,0.46024298623994486,0.1174310227768634,1.2235085150926528,1.2235085150926528,1.2235085150926528,1.2235085150926528,1.2235085150926528,1.2235085150926528
