obs_gdp,obs_hours,obs_wages,obs_gdpdeflator,obs_corepce,obs_nominalrate,obs_consumption,obs_investment,obs_BBBspread,obs_longinflation,obs_longrate,obs_tfp,obs_gdi,obs_AAAspread,obs_nominalrate1,obs_nominalrate2,obs_nominalrate3,obs_nominalrate4,obs_nominalrate5,obs_nominalrate6
0.42390593350054573,-48.11602496291114,0.42390593350054573,0.4663917485335748,0.49999999999998934,1.2081415615176505,0.42390593350054573,0.42390593350054573,0.4314787560268255,0.49999999999998934,1.2081415615176505,0.0,0.42390593350054573,0.1174310227768634,1.2081415615176505,1.2081415615176505,1.2081415615176505,1.2081415615176505,1.2081415615176505,1.2081415615176505
