obs_gdp,obs_hours,obs_wages,obs_gdpdeflator,obs_corepce,obs_nominalrate,obs_consumption,obs_investment,obs_BBBspread,obs_longinflation,obs_longrate,obs_tfp,obs_gdi,obs_AAAspread,obs_nominalrate1,obs_nominalrate2,obs_nominalrate3,obs_nominalrate4,obs_nominalrate5,obs_nominalrate6
0.4606707861229298,-46.82496883537969,0.4606707861229298,0.4657167398305373,0.49999999999998934,1.2395415929937759,0.4606707861229298,0.4606707861229298,0.42176699279412544,0.49999999999998934,1.2395415929937759,0.0,0.4606707861229298,0.1174310227768634,1.2395415929937759,1.2395415929937759,1.2395415929937759,1.2395415929937759,1.2395415929937759,1.2395415929937759
