obs_gdp,obs_hours,obs_wages,obs_gdpdeflator,obs_corepce,obs_nominalrate,obs_consumption,obs_investment,obs_BBBspread,obs_longinflation,obs_longrate,obs_tfp,obs_gdi,obs_AAAspread,obs_nominalrate1,obs_nominalrate2,obs_nominalrate3,obs_nominalrate4,obs_nominalrate5,obs_nominalrate6
0.47850521435934823,-46.35893034298791,0.47850521435934823,0.46425303462983303,0.49999999999998934,1.2593497364356887,0.47850521435934823,0.47850521435934823,0.41951114155734964,0.49999999999998934,1.2593497364356887,0.0,0.47850521435934823,0.1174310227768634,1.2593497364356887,1.2593497364356887,1.2593497364356887,1.2593497364356887,1.2593497364356887,1.2593497364356887
