obs_gdp,obs_hours,obs_wages,obs_gdpdeflator,obs_corepce,obs_nominalrate,obs_consumption,obs_investment,obs_BBBspread,obs_longinflation,obs_longrate,obs_tfp,obs_gdi,obs_AAAspread,obs_nominalrate1,obs_nominalrate2,obs_nominalrate3,obs_nominalrate4,obs_nominalrate5,obs_nominalrate6
0.4816397797784644,-45.518033338173495,0.4816397797784644,0.4701830055710719,0.49999999999998934,1.2806022123573735,0.4816397797784644,0.4816397797784644,0.42677020398233084,0.49999999999998934,1.2806022123573735,0.0,0.4816397797784644,0.1174310227768634,1.2806022123573735,1.2806022123573735,1.2806022123573735,1.2806022123573735,1.2806022123573735,1.2806022123573735
