obs_gdp,obs_hours,obs_wages,obs_gdpdeflator,obs_corepce,obs_nominalrate,obs_consumption,obs_investment,obs_BBBspread,obs_longinflation,obs_longrate,obs_tfp,obs_gdi,obs_AAAspread,obs_nominalrate1,obs_nominalrate2,obs_nominalrate3,obs_nominalrate4,obs_nominalrate5,obs_nominalrate6
0.5192339426236092,-44.64205428696632,0.5192339426236092,0.4677560434130501,0.49999999999998934,1.347793083588389,0.5192339426236092,0.5192339426236092,0.4218161286505368,0.49999999999998934,1.347793083588389,0.0,0.5192339426236092,0.1174310227768634,1.347793083588389,1.347793083588389,1.347793083588389,1.347793083588389,1.347793083588389,1.347793083588389
