obs_gdp,obs_hours,obs_wages,obs_gdpdeflator,obs_corepce,obs_nominalrate,obs_consumption,obs_investment,obs_BBBspread,obs_longinflation,obs_longrate,obs_tfp,obs_gdi,obs_AAAspread,obs_nominalrate1,obs_nominalrate2,obs_nominalrate3,obs_nominalrate4,obs_nominalrate5,obs_nominalrate6
0.519734612705558,-44.24596812309099,0.519734612705558,0.4692458178910409,0.49999999999998934,1.3340093398839903,0.519734612705558,0.519734612705558,0.4243055652119591,0.49999999999998934,1.3340093398839903,0.0,0.519734612705558,0.1174310227768634,1.3340093398839903,1.3340093398839903,1.3340093398839903,1.3340093398839903,1.3340093398839903,1.3340093398839903
