obs_gdp,obs_hours,obs_wages,obs_gdpdeflator,obs_corepce,obs_nominalrate,obs_consumption,obs_investment,obs_BBBspread,obs_longinflation,obs_longrate,obs_tfp,obs_gdi,obs_AAAspread,obs_nominalrate1,obs_nominalrate2,obs_nominalrate3,obs_nominalrate4,obs_nominalrate5,obs_nominalrate6
0.4574725718793138,-46.593948043327615,0.4574725718793138,0.472429200636507,0.49999999999998934,1.201507893746001,0.4574725718793138,0.4574725718793138,0.43240809515514655,0.49999999999998934,1.201507893746001,0.0,0.4574725718793138,0.1174310227768634,1.201507893746001,1.201507893746001,1.201507893746001,1.201507893746001,1.201507893746001,1.201507893746001
