obs_gdp,obs_hours,obs_wages,obs_gdpdeflator,obs_corepce,obs_nominalrate,obs_consumption,obs_investment,obs_BBBspread,obs_longinflation,obs_longrate,obs_tfp,obs_gdi,obs_AAAspread,obs_nominalrate1,obs_nominalrate2,obs_nominalrate3,obs_nominalrate4,obs_nominalrate5,obs_nominalrate6
0.41726888654165517,-48.29315026104864,0.41726888654165517,0.47081904145384035,0.49999999999998934,1.212536241738782,0.41726888654165517,0.41726888654165517,0.4172148259361955,0.49999999999998934,1.212536241738782,0.0,0.41726888654165517,0.1174310227768634,1.212536241738782,1.212536241738782,1.212536241738782,1.212536241738782,1.212536241738782,1.212536241738782
