obs_gdp,obs_hours,obs_wages,obs_gdpdeflator,obs_corepce,obs_nominalrate,obs_consumption,obs_investment,obs_BBBspread,obs_longinflation,obs_longrate,obs_tfp,obs_gdi,obs_AAAspread,obs_nominalrate1,obs_nominalrate2,obs_nominalrate3,obs_nominalrate4,obs_nominalrate5,obs_nominalrate6
0.48180460471531905,-45.90826436684834,0.48180460471531905,0.4688631072813292,0.49999999999998934,1.304083071062201,0.48180460471531905,0.48180460471531905,0.4194981566078055,0.49999999999998934,1.304083071062201,0.0,0.48180460471531905,0.1174310227768634,1.304083071062201,1.304083071062201,1.304083071062201,1.304083071062201,1.304083071062201,1.304083071062201
