obs_gdp,obs_hours,obs_wages,obs_gdpdeflator,obs_corepce,obs_nominalrate,obs_consumption,obs_investment,obs_BBBspread,obs_longinflation,obs_longrate,obs_tfp,obs_gdi,obs_AAAspread,obs_nominalrate1,obs_nominalrate2,obs_nominalrate3,obs_nominalrate4,obs_nominalrate5,obs_nominalrate6
0.47487799334970937,-46.64355431799352,0.47487799334970937,0.4662912114486126,0.49999999999998934,1.2474484070971181,0.47487799334970937,0.47487799334970937,0.42381192570814924,0.49999999999998934,1.2474484070971181,0.0,0.47487799334970937,0.1174310227768634,1.2474484070971181,1.2474484070971181,1.2474484070971181,1.2474484070971181,1.2474484070971181,1.2474484070971181
