obs_gdp,obs_hours,obs_wages,obs_gdpdeflator,obs_corepce,obs_nominalrate,obs_consumption,obs_investment,obs_BBBspread,obs_longinflation,obs_longrate,obs_tfp,obs_gdi,obs_AAAspread,obs_nominalrate1,obs_nominalrate2,obs_nominalrate3,obs_nominalrate4,obs_nominalrate5,obs_nominalrate6
0.4682920133356028,-45.89978666586142,0.4682920133356028,0.47174160775947027,0.49999999999998934,1.2161163881955872,0.4682920133356028,0.4682920133356028,0.43591137645459926,0.49999999999998934,1.2161163881955872,0.0,0.4682920133356028,0.1174310227768634,1.2161163881955872,1.2161163881955872,1.2161163881955872,1.2161163881955872,1.2161163881955872,1.2161163881955872
