obs_gdp,obs_hours,obs_wages,obs_gdpdeflator,obs_corepce,obs_nominalrate,obs_consumption,obs_investment,obs_BBBspread,obs_longinflation,obs_longrate,obs_tfp,obs_gdi,obs_AAAspread,obs_nominalrate1,obs_nominalrate2,obs_nominalrate3,obs_nominalrate4,obs_nominalrate5,obs_nominalrate6
0.4699809442783698,-45.74041497044448,0.4699809442783698,0.4734366490018816,0.49999999999998934,1.2463932092545482,0.4699809442783698,0.4699809442783698,0.43295230844480354,0.49999999999998934,1.2463932092545482,0.0,0.4699809442783698,0.1174310227768634,1.2463932092545482,1.2463932092545482,1.2463932092545482,1.2463932092545482,1.2463932092545482,1.2463932092545482
