obs_gdp,obs_hours,obs_wages,obs_gdpdeflator,obs_corepce,obs_nominalrate,obs_consumption,obs_investment,obs_BBBspread,obs_longinflation,obs_longrate,obs_tfp,obs_gdi,obs_AAAspread,obs_nominalrate1,obs_nominalrate2,obs_nominalrate3,obs_nominalrate4,obs_nominalrate5,obs_nominalrate6
0.45922632908388383,-46.70153738393618,0.45922632908388383,0.4677155537064618,0.49999999999998934,1.261215124385484,0.45922632908388383,0.45922632908388383,0.43199250541779993,0.49999999999998934,1.261215124385484,0.0,0.45922632908388383,0.1174310227768634,1.261215124385484,1.261215124385484,1.261215124385484,1.261215124385484,1.261215124385484,1.261215124385484
