obs_gdp,obs_hours,obs_wages,obs_gdpdeflator,obs_corepce,obs_nominalrate,obs_consumption,obs_investment,obs_BBBspread,obs_longinflation,obs_longrate,obs_tfp,obs_gdi,obs_AAAspread,obs_nominalrate1,obs_nominalrate2,obs_nominalrate3,obs_nominalrate4,obs_nominalrate5,obs_nominalrate6
0.4384256105893547,-47.87603502245821,0.4384256105893547,0.4679378414262423,0.49999999999998934,1.205443455778732,0.4384256105893547,0.4384256105893547,0.4191095117967569,0.49999999999998934,1.205443455778732,0.0,0.4384256105893547,0.1174310227768634,1.205443455778732,1.205443455778732,1.205443455778732,1.205443455778732,1.205443455778732,1.205443455778732
