obs_gdp,obs_hours,obs_wages,obs_gdpdeflator,obs_corepce,obs_nominalrate,obs_consumption,obs_investment,obs_BBBspread,obs_longinflation,obs_longrate,obs_tfp,obs_gdi,obs_AAAspread,obs_nominalrate1,obs_nominalrate2,obs_nominalrate3,obs_nominalrate4,obs_nominalrate5,obs_nominalrate6
0.5505748584630155,-43.54163101288979,0.5505748584630155,0.47466365117418985,0.49999999999998934,1.3166528207318784,0.5505748584630155,0.5505748584630155,0.44140324965154215,0.49999999999998934,1.3166528207318784,0.0,0.5505748584630155,0.1174310227768634,1.3166528207318784,1.3166528207318784,1.3166528207318784,1.3166528207318784,1.3166528207318784,1.3166528207318784
