obs_gdp,obs_hours,obs_wages,obs_gdpdeflator,obs_corepce,obs_nominalrate,obs_consumption,obs_investment,obs_BBBspread,obs_longinflation,obs_longrate,obs_tfp,obs_gdi,obs_AAAspread,obs_nominalrate1,obs_nominalrate2,obs_nominalrate3,obs_nominalrate4,obs_nominalrate5,obs_nominalrate6
0.48280687567943126,-46.1162513471334,0.48280687567943126,0.4639008521705422,0.49999999999998934,1.266102067511965,0.48280687567943126,0.48280687567943126,0.427959625306892,0.49999999999998934,1.266102067511965,0.0,0.48280687567943126,0.1174310227768634,1.266102067511965,1.266102067511965,1.266102067511965,1.266102067511965,1.266102067511965,1.266102067511965
