obs_gdp,obs_hours,obs_wages,obs_gdpdeflator,obs_corepce,obs_nominalrate,obs_consumption,obs_investment,obs_BBBspread,obs_longinflation,obs_longrate,obs_tfp,obs_gdi,obs_AAAspread,obs_nominalrate1,obs_nominalrate2,obs_nominalrate3,obs_nominalrate4,obs_nominalrate5,obs_nominalrate6
0.5350970992537674,-43.449234420110926,0.5350970992537674,0.47127913241555425,0.49999999999998934,1.3484935134993048,0.5350970992537674,0.5350970992537674,0.4327473765349888,0.49999999999998934,1.3484935134993048,0.0,0.5350970992537674,0.1174310227768634,1.3484935134993048,1.3484935134993048,1.3484935134993048,1.3484935134993048,1.3484935134993048,1.3484935134993048
