obs_gdp,obs_hours,obs_wages,obs_gdpdeflator,obs_corepce,obs_nominalrate,obs_consumption,obs_investment,obs_BBBspread,obs_longinflation,obs_longrate,obs_tfp,obs_gdi,obs_AAAspread,obs_nominalrate1,obs_nominalrate2,obs_nominalrate3,obs_nominalrate4,obs_nominalrate5,obs_nominalrate6
0.4256620829443225,-47.96558969685449,0.4256620829443225,0.4705758755108083,0.49999999999998934,1.2192662208028837,0.4256620829443225,0.4256620829443225,0.419066936446162,0.49999999999998934,1.2192662208028837,0.0,0.4256620829443225,0.1174310227768634,1.2192662208028837,1.2192662208028837,1.2192662208028837,1.2192662208028837,1.2192662208028837,1.2192662208028837
