obs_gdp,obs_hours,obs_wages,obs_gdpdeflator,obs_corepce,obs_nominalrate,obs_consumption,obs_investment,obs_BBBspread,obs_longinflation,obs_longrate,obs_tfp,obs_gdi,obs_AAAspread,obs_nominalrate1,obs_nominalrate2,obs_nominalrate3,obs_nominalrate4,obs_nominalrate5,obs_nominalrate6
0.4830752269928684,-45.20266489500478,0.4830752269928684,0.4708584526920691,0.49999999999998934,1.275249516380228,0.4830752269928684,0.4830752269928684,0.43083213391766967,0.49999999999998934,1.275249516380228,0.0,0.4830752269928684,0.1174310227768634,1.275249516380228,1.275249516380228,1.275249516380228,1.275249516380228,1.275249516380228,1.275249516380228
