obs_gdp,obs_hours,obs_wages,obs_gdpdeflator,obs_corepce,obs_nominalrate,obs_consumption,obs_investment,obs_BBBspread,obs_longinflation,obs_longrate,obs_tfp,obs_gdi,obs_AAAspread,obs_nominalrate1,obs_nominalrate2,obs_nominalrate3,obs_nominalrate4,obs_nominalrate5,obs_nominalrate6
0.4685921859362674,-46.48176370797231,0.4685921859362674,0.46416090998140597,0.49999999999998934,1.2686705730829084,0.4685921859362674,0.4685921859362674,0.42953978553466954,0.49999999999998934,1.2686705730829084,0.0,0.4685921859362674,0.1174310227768634,1.2686705730829084,1.2686705730829084,1.2686705730829084,1.2686705730829084,1.2686705730829084,1.2686705730829084
