obs_gdp,obs_hours,obs_wages,obs_gdpdeflator,obs_corepce,obs_nominalrate,obs_consumption,obs_investment,obs_BBBspread,obs_longinflation,obs_longrate,obs_tfp,obs_gdi,obs_AAAspread,obs_nominalrate1,obs_nominalrate2,obs_nominalrate3,obs_nominalrate4,obs_nominalrate5,obs_nominalrate6
0.49755268424882537,-45.39787746069874,0.49755268424882537,0.46671178476593245,0.49999999999998934,1.2984953399205024,0.49755268424882537,0.49755268424882537,0.4212463066955547,0.49999999999998934,1.2984953399205024,0.0,0.49755268424882537,0.1174310227768634,1.2984953399205024,1.2984953399205024,1.2984953399205024,1.2984953399205024,1.2984953399205024,1.2984953399205024
