obs_gdp,obs_hours,obs_wages,obs_gdpdeflator,obs_corepce,obs_nominalrate,obs_consumption,obs_investment,obs_BBBspread,obs_longinflation,obs_longrate,obs_tfp,obs_gdi,obs_AAAspread,obs_nominalrate1,obs_nominalrate2,obs_nominalrate3,obs_nominalrate4,obs_nominalrate5,obs_nominalrate6
0.5088208975842834,-44.818934795623804,0.5088208975842834,0.47290468725870616,0.49999999999998934,1.25407235828352,0.5088208975842834,0.5088208975842834,0.44335714733007336,0.49999999999998934,1.25407235828352,0.0,0.5088208975842834,0.1174310227768634,1.25407235828352,1.25407235828352,1.25407235828352,1.25407235828352,1.25407235828352,1.25407235828352
