obs_gdp,obs_hours,obs_wages,obs_gdpdeflator,obs_corepce,obs_nominalrate,obs_consumption,obs_investment,obs_BBBspread,obs_longinflation,obs_longrate,obs_tfp,obs_gdi,obs_AAAspread,obs_nominalrate1,obs_nominalrate2,obs_nominalrate3,obs_nominalrate4,obs_nominalrate5,obs_nominalrate6
0.5316224048011131,-43.9182456836326,0.5316224048011131,0.47382217920014624,0.49999999999998934,1.3020646141231218,0.5316224048011131,0.5316224048011131,0.4389023403264693,0.49999999999998934,1.3020646141231218,0.0,0.5316224048011131,0.1174310227768634,1.3020646141231218,1.3020646141231218,1.3020646141231218,1.3020646141231218,1.3020646141231218,1.3020646141231218
