obs_gdp,obs_hours,obs_wages,obs_gdpdeflator,obs_corepce,obs_nominalrate,obs_consumption,obs_investment,obs_BBBspread,obs_longinflation,obs_longrate,obs_tfp,obs_gdi,obs_AAAspread,obs_nominalrate1,obs_nominalrate2,obs_nominalrate3,obs_nominalrate4,obs_nominalrate5,obs_nominalrate6
0.4604558528307656,-46.612983635332164,0.4604558528307656,0.46951294177756775,0.49999999999998934,1.2745291658271984,0.4604558528307656,0.4604558528307656,0.4192696185993723,0.49999999999998934,1.2745291658271984,0.0,0.4604558528307656,0.1174310227768634,1.2745291658271984,1.2745291658271984,1.2745291658271984,1.2745291658271984,1.2745291658271984,1.2745291658271984
