obs_gdp,obs_hours,obs_wages,obs_gdpdeflator,obs_corepce,obs_nominalrate,obs_consumption,obs_investment,obs_BBBspread,obs_longinflation,obs_longrate,obs_tfp,obs_gdi,obs_AAAspread,obs_nominalrate1,obs_nominalrate2,obs_nominalrate3,obs_nominalrate4,obs_nominalrate5,obs_nominalrate6
0.47998446449324383,-46.3843686553623,0.47998446449324383,0.4646282657059814,0.49999999999998934,1.2626006533541956,0.47998446449324383,0.47998446449324383,0.41753073199650703,0.49999999999998934,1.2626006533541956,0.0,0.47998446449324383,0.1174310227768634,1.2626006533541956,1.2626006533541956,1.2626006533541956,1.2626006533541956,1.2626006533541956,1.2626006533541956
