obs_gdp,obs_hours,obs_wages,obs_gdpdeflator,obs_corepce,obs_nominalrate,obs_consumption,obs_investment,obs_BBBspread,obs_longinflation,obs_longrate,obs_tfp,obs_gdi,obs_AAAspread,obs_nominalrate1,obs_nominalrate2,obs_nominalrate3,obs_nominalrate4,obs_nominalrate5,obs_nominalrate6
0.5308498629142289,-44.2078406114006,0.5308498629142289,0.4714079466551486,0.49999999999998934,1.284204974947989,0.5308498629142289,0.5308498629142289,0.4348899813912726,0.49999999999998934,1.284204974947989,0.0,0.5308498629142289,0.1174310227768634,1.284204974947989,1.284204974947989,1.284204974947989,1.284204974947989,1.284204974947989,1.284204974947989
