obs_gdp,obs_hours,obs_wages,obs_gdpdeflator,obs_corepce,obs_nominalrate,obs_consumption,obs_investment,obs_BBBspread,obs_longinflation,obs_longrate,obs_tfp,obs_gdi,obs_AAAspread,obs_nominalrate1,obs_nominalrate2,obs_nominalrate3,obs_nominalrate4,obs_nominalrate5,obs_nominalrate6
0.47439815749406034,-46.25753702069939,0.47439815749406034,0.46907940250573776,0.49999999999998934,1.2798151961717297,0.47439815749406034,0.47439815749406034,0.42065629925615994,0.49999999999998934,1.2798151961717297,0.0,0.47439815749406034,0.1174310227768634,1.2798151961717297,1.2798151961717297,1.2798151961717297,1.2798151961717297,1.2798151961717297,1.2798151961717297
