obs_gdp,obs_hours,obs_wages,obs_gdpdeflator,obs_corepce,obs_nominalrate,obs_consumption,obs_investment,obs_BBBspread,obs_longinflation,obs_longrate,obs_tfp,obs_gdi,obs_AAAspread,obs_nominalrate1,obs_nominalrate2,obs_nominalrate3,obs_nominalrate4,obs_nominalrate5,obs_nominalrate6
0.5331580451987339,-44.19390402054305,0.5331580451987339,0.47151414328444374,0.49999999999998934,1.2896368201952058,0.5331580451987339,0.5331580451987339,0.43515347760930323,0.49999999999998934,1.2896368201952058,0.0,0.5331580451987339,0.1174310227768634,1.2896368201952058,1.2896368201952058,1.2896368201952058,1.2896368201952058,1.2896368201952058,1.2896368201952058
