obs_gdp,obs_hours,obs_wages,obs_gdpdeflator,obs_corepce,obs_nominalrate,obs_consumption,obs_investment,obs_BBBspread,obs_longinflation,obs_longrate,obs_tfp,obs_gdi,obs_AAAspread,obs_nominalrate1,obs_nominalrate2,obs_nominalrate3,obs_nominalrate4,obs_nominalrate5,obs_nominalrate6
0.477224146860844,-45.582711151122055,0.477224146860844,0.4700594323031929,0.49999999999998934,1.2740600836020244,0.477224146860844,0.477224146860844,0.42841551013542795,0.49999999999998934,1.2740600836020244,0.0,0.477224146860844,0.1174310227768634,1.2740600836020244,1.2740600836020244,1.2740600836020244,1.2740600836020244,1.2740600836020244,1.2740600836020244
