obs_gdp,obs_hours,obs_wages,obs_gdpdeflator,obs_corepce,obs_nominalrate,obs_consumption,obs_investment,obs_BBBspread,obs_longinflation,obs_longrate,obs_tfp,obs_gdi,obs_AAAspread,obs_nominalrate1,obs_nominalrate2,obs_nominalrate3,obs_nominalrate4,obs_nominalrate5,obs_nominalrate6
0.5191232714465421,-44.41281909174146,0.5191232714465421,0.4730457195975324,0.49999999999998934,1.2735009859234703,0.5191232714465421,0.5191232714465421,0.44459486541203214,0.49999999999998934,1.2735009859234703,0.0,0.5191232714465421,0.1174310227768634,1.2735009859234703,1.2735009859234703,1.2735009859234703,1.2735009859234703,1.2735009859234703,1.2735009859234703
