obs_gdp,obs_hours,obs_wages,obs_gdpdeflator,obs_corepce,obs_nominalrate,obs_consumption,obs_investment,obs_BBBspread,obs_longinflation,obs_longrate,obs_tfp,obs_gdi,obs_AAAspread,obs_nominalrate1,obs_nominalrate2,obs_nominalrate3,obs_nominalrate4,obs_nominalrate5,obs_nominalrate6
0.4996768062238477,-44.70662410466337,0.4996768062238477,0.47298378874139085,0.49999999999998934,1.2886352263397738,0.4996768062238477,0.4996768062238477,0.4329798153701332,0.49999999999998934,1.2886352263397738,0.0,0.4996768062238477,0.1174310227768634,1.2886352263397738,1.2886352263397738,1.2886352263397738,1.2886352263397738,1.2886352263397738,1.2886352263397738
