obs_gdp,obs_hours,obs_wages,obs_gdpdeflator,obs_corepce,obs_nominalrate,obs_consumption,obs_investment,obs_BBBspread,obs_longinflation,obs_longrate,obs_tfp,obs_gdi,obs_AAAspread,obs_nominalrate1,obs_nominalrate2,obs_nominalrate3,obs_nominalrate4,obs_nominalrate5,obs_nominalrate6
0.43942927970923584,-47.754392487603575,0.43942927970923584,0.46565506296583825,0.49999999999998934,1.2114524355641532,0.43942927970923584,0.43942927970923584,0.43075088477863177,0.49999999999998934,1.2114524355641532,0.0,0.43942927970923584,0.1174310227768634,1.2114524355641532,1.2114524355641532,1.2114524355641532,1.2114524355641532,1.2114524355641532,1.2114524355641532
