obs_gdp,obs_hours,obs_wages,obs_gdpdeflator,obs_corepce,obs_nominalrate,obs_consumption,obs_investment,obs_BBBspread,obs_longinflation,obs_longrate,obs_tfp,obs_gdi,obs_AAAspread,obs_nominalrate1,obs_nominalrate2,obs_nominalrate3,obs_nominalrate4,obs_nominalrate5,obs_nominalrate6
0.45967172454772776,-45.94630088388081,0.45967172454772776,0.4710671515851576,0.49999999999998934,1.246116395671959,0.45967172454772776,0.45967172454772776,0.43015552506139093,0.49999999999998934,1.246116395671959,0.0,0.45967172454772776,0.1174310227768634,1.246116395671959,1.246116395671959,1.246116395671959,1.246116395671959,1.246116395671959,1.246116395671959
