obs_gdp,obs_hours,obs_wages,obs_gdpdeflator,obs_corepce,obs_nominalrate,obs_consumption,obs_investment,obs_BBBspread,obs_longinflation,obs_longrate,obs_tfp,obs_gdi,obs_AAAspread,obs_nominalrate1,obs_nominalrate2,obs_nominalrate3,obs_nominalrate4,obs_nominalrate5,obs_nominalrate6
0.5092823351294795,-44.80783674097998,0.5092823351294795,0.46549087670559824,0.49999999999998934,1.3203348974576201,0.5092823351294795,0.5092823351294795,0.42250194030934274,0.49999999999998934,1.3203348974576201,0.0,0.5092823351294795,0.1174310227768634,1.3203348974576201,1.3203348974576201,1.3203348974576201,1.3203348974576201,1.3203348974576201,1.3203348974576201
