obs_gdp,obs_hours,obs_wages,obs_gdpdeflator,obs_corepce,obs_nominalrate,obs_consumption,obs_investment,obs_BBBspread,obs_longinflation,obs_longrate,obs_tfp,obs_gdi,obs_AAAspread,obs_nominalrate1,obs_nominalrate2,obs_nominalrate3,obs_nominalrate4,obs_nominalrate5,obs_nominalrate6
0.44953892912162896,-46.972831277683554,0.44953892912162896,0.46841246032077477,0.49999999999998934,1.2414924920198578,0.44953892912162896,0.44953892912162896,0.42468219025032766,0.49999999999998934,1.2414924920198578,0.0,0.44953892912162896,0.1174310227768634,1.2414924920198578,1.2414924920198578,1.2414924920198578,1.2414924920198578,1.2414924920198578,1.2414924920198578
