obs_gdp,obs_hours,obs_wages,obs_gdpdeflator,obs_corepce,obs_nominalrate,obs_consumption,obs_investment,obs_BBBspread,obs_longinflation,obs_longrate,obs_tfp,obs_gdi,obs_AAAspread,obs_nominalrate1,obs_nominalrate2,obs_nominalrate3,obs_nominalrate4,obs_nominalrate5,obs_nominalrate6
0.42898903785841824,-48.24027006432686,0.42898903785841824,0.46791159056704024,0.49999999999998934,1.1887985569009274,0.42898903785841824,0.42898903785841824,0.4199008660761081,0.49999999999998934,1.1887985569009274,0.0,0.42898903785841824,0.1174310227768634,1.1887985569009274,1.1887985569009274,1.1887985569009274,1.1887985569009274,1.1887985569009274,1.1887985569009274
