obs_gdp,obs_hours,obs_wages,obs_gdpdeflator,obs_corepce,obs_nominalrate,obs_consumption,obs_investment,obs_BBBspread,obs_longinflation,obs_longrate,obs_tfp,obs_gdi,obs_AAAspread,obs_nominalrate1,obs_nominalrate2,obs_nominalrate3,obs_nominalrate4,obs_nominalrate5,obs_nominalrate6
0.5531286442937322,-43.34281289477237,0.5531286442937322,0.4670514077219095,0.49999999999998934,1.3957620214867683,0.5531286442937322,0.5531286442937322,0.42479021202186723,0.49999999999998934,1.3957620214867683,0.0,0.5531286442937322,0.1174310227768634,1.3957620214867683,1.3957620214867683,1.3957620214867683,1.3957620214867683,1.3957620214867683,1.3957620214867683
