obs_gdp,obs_hours,obs_wages,obs_gdpdeflator,obs_corepce,obs_nominalrate,obs_consumption,obs_investment,obs_BBBspread,obs_longinflation,obs_longrate,obs_tfp,obs_gdi,obs_AAAspread,obs_nominalrate1,obs_nominalrate2,obs_nominalrate3,obs_nominalrate4,obs_nominalrate5,obs_nominalrate6
0.4316680395601402,-46.99209236636617,0.4316680395601402,0.47086064718511844,0.49999999999998934,1.2053090041937997,0.4316680395601402,0.4316680395601402,0.430635754820881,0.49999999999998934,1.2053090041937997,0.0,0.4316680395601402,0.1174310227768634,1.2053090041937997,1.2053090041937997,1.2053090041937997,1.2053090041937997,1.2053090041937997,1.2053090041937997
