obs_gdp,obs_hours,obs_wages,obs_gdpdeflator,obs_corepce,obs_nominalrate,obs_consumption,obs_investment,obs_BBBspread,obs_longinflation,obs_longrate,obs_tfp,obs_gdi,obs_AAAspread,obs_nominalrate1,obs_nominalrate2,obs_nominalrate3,obs_nominalrate4,obs_nominalrate5,obs_nominalrate6
0.5084244243957592,-45.28060492055427,0.5084244243957592,0.46506520555416336,0.49999999999998934,1.3145648219442085,0.5084244243957592,0.5084244243957592,0.43294669381626577,0.49999999999998934,1.3145648219442085,0.0,0.5084244243957592,0.1174310227768634,1.3145648219442085,1.3145648219442085,1.3145648219442085,1.3145648219442085,1.3145648219442085,1.3145648219442085
