obs_gdp,obs_hours,obs_wages,obs_gdpdeflator,obs_corepce,obs_nominalrate,obs_consumption,obs_investment,obs_BBBspread,obs_longinflation,obs_longrate,obs_tfp,obs_gdi,obs_AAAspread,obs_nominalrate1,obs_nominalrate2,obs_nominalrate3,obs_nominalrate4,obs_nominalrate5,obs_nominalrate6
0.3781913530916059,-49.94972048571999,0.3781913530916059,0.46729247523556006,0.49999999999998934,1.127298482380823,0.3781913530916059,0.3781913530916059,0.4190133675791753,0.49999999999998934,1.127298482380823,0.0,0.3781913530916059,0.1174310227768634,1.127298482380823,1.127298482380823,1.127298482380823,1.127298482380823,1.127298482380823,1.127298482380823
