obs_gdp,obs_hours,obs_wages,obs_gdpdeflator,obs_corepce,obs_nominalrate,obs_consumption,obs_investment,obs_BBBspread,obs_longinflation,obs_longrate,obs_tfp,obs_gdi,obs_AAAspread,obs_nominalrate1,obs_nominalrate2,obs_nominalrate3,obs_nominalrate4,obs_nominalrate5,obs_nominalrate6
0.5534801872014938,-43.26570781260161,0.5534801872014938,0.4670281478205476,0.49999999999998934,1.4014292288224262,0.5534801872014938,0.5534801872014938,0.42436813537844187,0.49999999999998934,1.4014292288224262,0.0,0.5534801872014938,0.1174310227768634,1.4014292288224262,1.4014292288224262,1.4014292288224262,1.4014292288224262,1.4014292288224262,1.4014292288224262
