obs_gdp,obs_hours,obs_wages,obs_gdpdeflator,obs_corepce,obs_nominalrate,obs_consumption,obs_investment,obs_BBBspread,obs_longinflation,obs_longrate,obs_tfp,obs_gdi,obs_AAAspread,obs_nominalrate1,obs_nominalrate2,obs_nominalrate3,obs_nominalrate4,obs_nominalrate5,obs_nominalrate6
0.4545028631023129,-46.46755235961547,0.4545028631023129,0.4710821241399927,0.49999999999998934,1.1920710070202123,0.4545028631023129,0.4545028631023129,0.43496442302366306,0.49999999999998934,1.1920710070202123,0.0,0.4545028631023129,0.1174310227768634,1.1920710070202123,1.1920710070202123,1.1920710070202123,1.1920710070202123,1.1920710070202123,1.1920710070202123
