obs_gdp,obs_hours,obs_wages,obs_gdpdeflator,obs_corepce,obs_nominalrate,obs_consumption,obs_investment,obs_BBBspread,obs_longinflation,obs_longrate,obs_tfp,obs_gdi,obs_AAAspread,obs_nominalrate1,obs_nominalrate2,obs_nominalrate3,obs_nominalrate4,obs_nominalrate5,obs_nominalrate6
0.5306506284893819,-43.87404065923596,0.5306506284893819,0.4693936949975146,0.49999999999998934,1.2953487160978883,0.5306506284893819,0.5306506284893819,0.43620974641444116,0.49999999999998934,1.2953487160978883,0.0,0.5306506284893819,0.1174310227768634,1.2953487160978883,1.2953487160978883,1.2953487160978883,1.2953487160978883,1.2953487160978883,1.2953487160978883
