obs_gdp,obs_hours,obs_wages,obs_gdpdeflator,obs_corepce,obs_nominalrate,obs_consumption,obs_investment,obs_BBBspread,obs_longinflation,obs_longrate,obs_tfp,obs_gdi,obs_AAAspread,obs_nominalrate1,obs_nominalrate2,obs_nominalrate3,obs_nominalrate4,obs_nominalrate5,obs_nominalrate6
0.48312378195929373,-45.890171254301066,0.48312378195929373,0.46943883690517263,0.49999999999998934,1.3087745854888144,0.48312378195929373,0.48312378195929373,0.4174473056543856,0.49999999999998934,1.3087745854888144,0.0,0.48312378195929373,0.1174310227768634,1.3087745854888144,1.3087745854888144,1.3087745854888144,1.3087745854888144,1.3087745854888144,1.3087745854888144
