obs_gdp,obs_hours,obs_wages,obs_gdpdeflator,obs_corepce,obs_nominalrate,obs_consumption,obs_investment,obs_BBBspread,obs_longinflation,obs_longrate,obs_tfp,obs_gdi,obs_AAAspread,obs_nominalrate1,obs_nominalrate2,obs_nominalrate3,obs_nominalrate4,obs_nominalrate5,obs_nominalrate6
0.47839585732463163,-45.813371337316596,0.47839585732463163,0.47366290325461813,0.49999999999998934,1.2281651398396543,0.47839585732463163,0.47839585732463163,0.43634289621074174,0.49999999999998934,1.2281651398396543,0.0,0.47839585732463163,0.1174310227768634,1.2281651398396543,1.2281651398396543,1.2281651398396543,1.2281651398396543,1.2281651398396543,1.2281651398396543
