obs_gdp,obs_hours,obs_wages,obs_gdpdeflator,obs_corepce,obs_nominalrate,obs_consumption,obs_investment,obs_BBBspread,obs_longinflation,obs_longrate,obs_tfp,obs_gdi,obs_AAAspread,obs_nominalrate1,obs_nominalrate2,obs_nominalrate3,obs_nominalrate4,obs_nominalrate5,obs_nominalrate6
0.5354338788504442,-44.11774362875298,0.5354338788504442,0.4659020059227161,0.49999999999998934,1.3774930862296753,0.5354338788504442,0.5354338788504442,0.42586717987869294,0.49999999999998934,1.3774930862296753,0.0,0.5354338788504442,0.1174310227768634,1.3774930862296753,1.3774930862296753,1.3774930862296753,1.3774930862296753,1.3774930862296753,1.3774930862296753
