obs_gdp,obs_hours,obs_wages,obs_gdpdeflator,obs_corepce,obs_nominalrate,obs_consumption,obs_investment,obs_BBBspread,obs_longinflation,obs_longrate,obs_tfp,obs_gdi,obs_AAAspread,obs_nominalrate1,obs_nominalrate2,obs_nominalrate3,obs_nominalrate4,obs_nominalrate5,obs_nominalrate6
0.5215563755254227,-44.70394924469844,0.5215563755254227,0.47254653147508674,0.49999999999998934,1.2701350303437886,0.5215563755254227,0.5215563755254227,0.4352788011287922,0.49999999999998934,1.2701350303437886,0.0,0.5215563755254227,0.1174310227768634,1.2701350303437886,1.2701350303437886,1.2701350303437886,1.2701350303437886,1.2701350303437886,1.2701350303437886
