obs_gdp,obs_hours,obs_wages,obs_gdpdeflator,obs_corepce,obs_nominalrate,obs_consumption,obs_investment,obs_BBBspread,obs_longinflation,obs_longrate,obs_tfp,obs_gdi,obs_AAAspread,obs_nominalrate1,obs_nominalrate2,obs_nominalrate3,obs_nominalrate4,obs_nominalrate5,obs_nominalrate6
0.5066635605562642,-44.923701251131604,0.5066635605562642,0.4630772699181682,0.49999999999998934,1.3270231548844658,0.5066635605562642,0.5066635605562642,0.4329687838537273,0.49999999999998934,1.3270231548844658,0.0,0.5066635605562642,0.1174310227768634,1.3270231548844658,1.3270231548844658,1.3270231548844658,1.3270231548844658,1.3270231548844658,1.3270231548844658
