obs_gdp,obs_hours,obs_wages,obs_gdpdeflator,obs_corepce,obs_nominalrate,obs_consumption,obs_investment,obs_BBBspread,obs_longinflation,obs_longrate,obs_tfp,obs_gdi,obs_AAAspread,obs_nominalrate1,obs_nominalrate2,obs_nominalrate3,obs_nominalrate4,obs_nominalrate5,obs_nominalrate6
0.5225318843639304,-44.13417433943117,0.5225318843639304,0.47015067709978725,0.49999999999998934,1.2844655250012993,0.5225318843639304,0.5225318843639304,0.4355387982204078,0.49999999999998934,1.2844655250012993,0.0,0.5225318843639304,0.1174310227768634,1.2844655250012993,1.2844655250012993,1.2844655250012993,1.2844655250012993,1.2844655250012993,1.2844655250012993
