obs_gdp,obs_hours,obs_wages,obs_gdpdeflator,obs_corepce,obs_nominalrate,obs_consumption,obs_investment,obs_BBBspread,obs_longinflation,obs_longrate,obs_tfp,obs_gdi,obs_AAAspread,obs_nominalrate1,obs_nominalrate2,obs_nominalrate3,obs_nominalrate4,obs_nominalrate5,obs_nominalrate6
0.46815106176989474,-46.50119933712096,0.46815106176989474,0.4699182775323165,0.49999999999998934,1.2770836856772272,0.46815106176989474,0.46815106176989474,0.419390729987976,0.49999999999998934,1.2770836856772272,0.0,0.46815106176989474,0.1174310227768634,1.2770836856772272,1.2770836856772272,1.2770836856772272,1.2770836856772272,1.2770836856772272,1.2770836856772272
