obs_gdp,obs_hours,obs_wages,obs_gdpdeflator,obs_corepce,obs_nominalrate,obs_consumption,obs_investment,obs_BBBspread,obs_longinflation,obs_longrate,obs_tfp,obs_gdi,obs_AAAspread,obs_nominalrate1,obs_nominalrate2,obs_nominalrate3,obs_nominalrate4,obs_nominalrate5,obs_nominalrate6
0.4776956799634302,-46.26368048544975,0.4776956799634302,0.46389453319152407,0.49999999999998934,1.2637104706010538,0.4776956799634302,0.4776956799634302,0.4273309147301661,0.49999999999998934,1.2637104706010538,0.0,0.4776956799634302,0.1174310227768634,1.2637104706010538,1.2637104706010538,1.2637104706010538,1.2637104706010538,1.2637104706010538,1.2637104706010538
