obs_gdp,obs_hours,obs_wages,obs_gdpdeflator,obs_corepce,obs_nominalrate,obs_consumption,obs_investment,obs_BBBspread,obs_longinflation,obs_longrate,obs_tfp,obs_gdi,obs_AAAspread,obs_nominalrate1,obs_nominalrate2,obs_nominalrate3,obs_nominalrate4,obs_nominalrate5,obs_nominalrate6
0.5096356089953069,-45.01891617420361,0.5096356089953069,0.4683394313912114,0.49999999999998934,1.333982877901363,0.5096356089953069,0.5096356089953069,0.42091910801401444,0.49999999999998934,1.333982877901363,0.0,0.5096356089953069,0.1174310227768634,1.333982877901363,1.333982877901363,1.333982877901363,1.333982877901363,1.333982877901363,1.333982877901363
