obs_gdp,obs_hours,obs_wages,obs_gdpdeflator,obs_corepce,obs_nominalrate,obs_consumption,obs_investment,obs_BBBspread,obs_longinflation,obs_longrate,obs_tfp,obs_gdi,obs_AAAspread,obs_nominalrate1,obs_nominalrate2,obs_nominalrate3,obs_nominalrate4,obs_nominalrate5,obs_nominalrate6
0.5157786951252907,-44.48417509960449,0.5157786951252907,0.4738841783480693,0.49999999999998934,1.2774468426046015,0.5157786951252907,0.5157786951252907,0.4384447371864877,0.49999999999998934,1.2774468426046015,0.0,0.5157786951252907,0.1174310227768634,1.2774468426046015,1.2774468426046015,1.2774468426046015,1.2774468426046015,1.2774468426046015,1.2774468426046015
