obs_gdp,obs_hours,obs_wages,obs_gdpdeflator,obs_corepce,obs_nominalrate,obs_consumption,obs_investment,obs_BBBspread,obs_longinflation,obs_longrate,obs_tfp,obs_gdi,obs_AAAspread,obs_nominalrate1,obs_nominalrate2,obs_nominalrate3,obs_nominalrate4,obs_nominalrate5,obs_nominalrate6
0.42383914370738296,-47.36355162065308,0.42383914370738296,0.4702579846824524,0.49999999999998934,1.2013910600848332,0.42383914370738296,0.42383914370738296,0.42699826467064395,0.49999999999998934,1.2013910600848332,0.0,0.42383914370738296,0.1174310227768634,1.2013910600848332,1.2013910600848332,1.2013910600848332,1.2013910600848332,1.2013910600848332,1.2013910600848332
