obs_gdp,obs_hours,obs_wages,obs_gdpdeflator,obs_corepce,obs_nominalrate,obs_consumption,obs_investment,obs_BBBspread,obs_longinflation,obs_longrate,obs_tfp,obs_gdi,obs_AAAspread,obs_nominalrate1,obs_nominalrate2,obs_nominalrate3,obs_nominalrate4,obs_nominalrate5,obs_nominalrate6
0.49668827495736867,-45.545696299081264,0.49668827495736867,0.46687700300251816,0.49999999999998934,1.3158180485339566,0.49668827495736867,0.49668827495736867,0.42362823074682876,0.49999999999998934,1.3158180485339566,0.0,0.49668827495736867,0.1174310227768634,1.3158180485339566,1.3158180485339566,1.3158180485339566,1.3158180485339566,1.3158180485339566,1.3158180485339566
