obs_gdp,obs_hours,obs_wages,obs_gdpdeflator,obs_corepce,obs_nominalrate,obs_consumption,obs_investment,obs_BBBspread,obs_longinflation,obs_longrate,obs_tfp,obs_gdi,obs_AAAspread,obs_nominalrate1,obs_nominalrate2,obs_nominalrate3,obs_nominalrate4,obs_nominalrate5,obs_nominalrate6
0.45852385544369323,-46.27312738799081,0.45852385544369323,0.4729558592522605,0.49999999999998934,1.2244524324576345,0.45852385544369323,0.45852385544369323,0.4326088143352157,0.49999999999998934,1.2244524324576345,0.0,0.45852385544369323,0.1174310227768634,1.2244524324576345,1.2244524324576345,1.2244524324576345,1.2244524324576345,1.2244524324576345,1.2244524324576345
