obs_gdp,obs_hours,obs_wages,obs_gdpdeflator,obs_corepce,obs_nominalrate,obs_consumption,obs_investment,obs_BBBspread,obs_longinflation,obs_longrate,obs_tfp,obs_gdi,obs_AAAspread,obs_nominalrate1,obs_nominalrate2,obs_nominalrate3,obs_nominalrate4,obs_nominalrate5,obs_nominalrate6
0.4383252777498736,-46.743141692546956,0.4383252777498736,0.4711162131687292,0.49999999999998934,1.2199475589670161,0.4383252777498736,0.4383252777498736,0.42866328486520283,0.49999999999998934,1.2199475589670161,0.0,0.4383252777498736,0.1174310227768634,1.2199475589670161,1.2199475589670161,1.2199475589670161,1.2199475589670161,1.2199475589670161,1.2199475589670161
