obs_gdp,obs_hours,obs_wages,obs_gdpdeflator,obs_corepce,obs_nominalrate,obs_consumption,obs_investment,obs_BBBspread,obs_longinflation,obs_longrate,obs_tfp,obs_gdi,obs_AAAspread,obs_nominalrate1,obs_nominalrate2,obs_nominalrate3,obs_nominalrate4,obs_nominalrate5,obs_nominalrate6
0.5261347865998411,-44.575242853405676,0.5261347865998411,0.4723845625762,0.49999999999998934,1.2799151136983822,0.5261347865998411,0.5261347865998411,0.4346096209421354,0.49999999999998934,1.2799151136983822,0.0,0.5261347865998411,0.1174310227768634,1.2799151136983822,1.2799151136983822,1.2799151136983822,1.2799151136983822,1.2799151136983822,1.2799151136983822
