obs_gdp,obs_hours,obs_wages,obs_gdpdeflator,obs_corepce,obs_nominalrate,obs_consumption,obs_investment,obs_BBBspread,obs_longinflation,obs_longrate,obs_tfp,obs_gdi,obs_AAAspread,obs_nominalrate1,obs_nominalrate2,obs_nominalrate3,obs_nominalrate4,obs_nominalrate5,obs_nominalrate6
0.5481159107692424,-43.37903901245056,0.5481159107692424,0.4675650281781876,0.49999999999998934,1.3928988968357592,0.5481159107692424,0.5481159107692424,0.42189208100658937,0.49999999999998934,1.3928988968357592,0.0,0.5481159107692424,0.1174310227768634,1.3928988968357592,1.3928988968357592,1.3928988968357592,1.3928988968357592,1.3928988968357592,1.3928988968357592
