obs_gdp,obs_hours,obs_wages,obs_gdpdeflator,obs_corepce,obs_nominalrate,obs_consumption,obs_investment,obs_BBBspread,obs_longinflation,obs_longrate,obs_tfp,obs_gdi,obs_AAAspread,obs_nominalrate1,obs_nominalrate2,obs_nominalrate3,obs_nominalrate4,obs_nominalrate5,obs_nominalrate6
0.5160231266282844,-44.733727573727926,0.5160231266282844,0.46729792335090364,0.49999999999998934,1.3507618316086045,0.5160231266282844,0.5160231266282844,0.41693760948306924,0.49999999999998934,1.3507618316086045,0.0,0.5160231266282844,0.1174310227768634,1.3507618316086045,1.3507618316086045,1.3507618316086045,1.3507618316086045,1.3507618316086045,1.3507618316086045
