obs_gdp,obs_hours,obs_wages,obs_gdpdeflator,obs_corepce,obs_nominalrate,obs_consumption,obs_investment,obs_BBBspread,obs_longinflation,obs_longrate,obs_tfp,obs_gdi,obs_AAAspread,obs_nominalrate1,obs_nominalrate2,obs_nominalrate3,obs_nominalrate4,obs_nominalrate5,obs_nominalrate6
0.4545168428584878,-46.40248046870697,0.4545168428584878,0.47295148016531396,0.49999999999998934,1.2201101525899372,0.4545168428584878,0.4545168428584878,0.4328348489757594,0.49999999999998934,1.2201101525899372,0.0,0.4545168428584878,0.1174310227768634,1.2201101525899372,1.2201101525899372,1.2201101525899372,1.2201101525899372,1.2201101525899372,1.2201101525899372
