obs_gdp,obs_hours,obs_wages,obs_gdpdeflator,obs_corepce,obs_nominalrate,obs_consumption,obs_investment,obs_BBBspread,obs_longinflation,obs_longrate,obs_tfp,obs_gdi,obs_AAAspread,obs_nominalrate1,obs_nominalrate2,obs_nominalrate3,obs_nominalrate4,obs_nominalrate5,obs_nominalrate6
0.45804001432203645,-46.750565172820515,0.45804001432203645,0.46974735806754814,0.49999999999998934,1.2715990710396419,0.45804001432203645,0.45804001432203645,0.41814992138095297,0.49999999999998934,1.2715990710396419,0.0,0.45804001432203645,0.1174310227768634,1.2715990710396419,1.2715990710396419,1.2715990710396419,1.2715990710396419,1.2715990710396419,1.2715990710396419
