obs_gdp,obs_hours,obs_wages,obs_gdpdeflator,obs_corepce,obs_nominalrate,obs_consumption,obs_investment,obs_BBBspread,obs_longinflation,obs_longrate,obs_tfp,obs_gdi,obs_AAAspread,obs_nominalrate1,obs_nominalrate2,obs_nominalrate3,obs_nominalrate4,obs_nominalrate5,obs_nominalrate6
0.3946307562810114,-49.429958316816425,0.3946307562810114,0.4685819883325319,0.49999999999998934,1.1440649725002583,0.3946307562810114,0.3946307562810114,0.4192544269130644,0.49999999999998934,1.1440649725002583,0.0,0.3946307562810114,0.1174310227768634,1.1440649725002583,1.1440649725002583,1.1440649725002583,1.1440649725002583,1.1440649725002583,1.1440649725002583
