obs_gdp,obs_hours,obs_wages,obs_gdpdeflator,obs_corepce,obs_nominalrate,obs_consumption,obs_investment,obs_BBBspread,obs_longinflation,obs_longrate,obs_tfp,obs_gdi,obs_AAAspread,obs_nominalrate1,obs_nominalrate2,obs_nominalrate3,obs_nominalrate4,obs_nominalrate5,obs_nominalrate6
0.49729718597810724,-45.396300817011074,0.49729718597810724,0.46760920338051715,0.49999999999998934,1.3144363124322878,0.49729718597810724,0.49729718597810724,0.42194368710840247,0.49999999999998934,1.3144363124322878,0.0,0.49729718597810724,0.1174310227768634,1.3144363124322878,1.3144363124322878,1.3144363124322878,1.3144363124322878,1.3144363124322878,1.3144363124322878
