obs_gdp,obs_hours,obs_wages,obs_gdpdeflator,obs_corepce,obs_nominalrate,obs_consumption,obs_investment,obs_BBBspread,obs_longinflation,obs_longrate,obs_tfp,obs_gdi,obs_AAAspread,obs_nominalrate1,obs_nominalrate2,obs_nominalrate3,obs_nominalrate4,obs_nominalrate5,obs_nominalrate6
0.5171828200531303,-44.72739831890608,0.5171828200531303,0.4681974428745843,0.49999999999998934,1.3439062854102346,0.5171828200531303,0.5171828200531303,0.4228724835214458,0.49999999999998934,1.3439062854102346,0.0,0.5171828200531303,0.1174310227768634,1.3439062854102346,1.3439062854102346,1.3439062854102346,1.3439062854102346,1.3439062854102346,1.3439062854102346
