obs_gdp,obs_hours,obs_wages,obs_gdpdeflator,obs_corepce,obs_nominalrate,obs_consumption,obs_investment,obs_BBBspread,obs_longinflation,obs_longrate,obs_tfp,obs_gdi,obs_AAAspread,obs_nominalrate1,obs_nominalrate2,obs_nominalrate3,obs_nominalrate4,obs_nominalrate5,obs_nominalrate6
0.4758811174060851,-46.15735620044081,0.4758811174060851,0.4660377693678317,0.49999999999998934,1.267729144095564,0.4758811174060851,0.4758811174060851,0.42092320694110164,0.49999999999998934,1.267729144095564,0.0,0.4758811174060851,0.1174310227768634,1.267729144095564,1.267729144095564,1.267729144095564,1.267729144095564,1.267729144095564,1.267729144095564
