obs_gdp,obs_hours,obs_wages,obs_gdpdeflator,obs_corepce,obs_nominalrate,obs_consumption,obs_investment,obs_BBBspread,obs_longinflation,obs_longrate,obs_tfp,obs_gdi,obs_AAAspread,obs_nominalrate1,obs_nominalrate2,obs_nominalrate3,obs_nominalrate4,obs_nominalrate5,obs_nominalrate6
0.4861795247534495,-45.83243215465311,0.4861795247534495,0.46536545739349716,0.49999999999998934,1.3023396418576194,0.4861795247534495,0.4861795247534495,0.4315785220227672,0.49999999999998934,1.3023396418576194,0.0,0.4861795247534495,0.1174310227768634,1.3023396418576194,1.3023396418576194,1.3023396418576194,1.3023396418576194,1.3023396418576194,1.3023396418576194
