obs_gdp,obs_hours,obs_wages,obs_gdpdeflator,obs_corepce,obs_nominalrate,obs_consumption,obs_investment,obs_BBBspread,obs_longinflation,obs_longrate,obs_tfp,obs_gdi,obs_AAAspread,obs_nominalrate1,obs_nominalrate2,obs_nominalrate3,obs_nominalrate4,obs_nominalrate5,obs_nominalrate6
0.5242130362911324,-43.91891683721553,0.5242130362911324,0.4711442927586171,0.49999999999998934,1.309242847479375,0.5242130362911324,0.5242130362911324,0.4363086176358894,0.49999999999998934,1.309242847479375,0.0,0.5242130362911324,0.1174310227768634,1.309242847479375,1.309242847479375,1.309242847479375,1.309242847479375,1.309242847479375,1.309242847479375
