obs_gdp,obs_hours,obs_wages,obs_gdpdeflator,obs_corepce,obs_nominalrate,obs_consumption,obs_investment,obs_BBBspread,obs_longinflation,obs_longrate,obs_tfp,obs_gdi,obs_AAAspread,obs_nominalrate1,obs_nominalrate2,obs_nominalrate3,obs_nominalrate4,obs_nominalrate5,obs_nominalrate6
0.46888054438325444,-45.95411133637897,0.46888054438325444,0.469977068655201,0.49999999999998934,1.2645438101367201,0.46888054438325444,0.46888054438325444,0.4250931616013237,0.49999999999998934,1.2645438101367201,0.0,0.46888054438325444,0.1174310227768634,1.2645438101367201,1.2645438101367201,1.2645438101367201,1.2645438101367201,1.2645438101367201,1.2645438101367201
