obs_gdp,obs_hours,obs_wages,obs_gdpdeflator,obs_corepce,obs_nominalrate,obs_consumption,obs_investment,obs_BBBspread,obs_longinflation,obs_longrate,obs_tfp,obs_gdi,obs_AAAspread,obs_nominalrate1,obs_nominalrate2,obs_nominalrate3,obs_nominalrate4,obs_nominalrate5,obs_nominalrate6
0.5360413285664833,-44.243483013398915,0.5360413285664833,0.46458673484474905,0.49999999999998934,1.3606849370351615,0.5360413285664833,0.5360413285664833,0.4323427610637437,0.49999999999998934,1.3606849370351615,0.0,0.5360413285664833,0.1174310227768634,1.3606849370351615,1.3606849370351615,1.3606849370351615,1.3606849370351615,1.3606849370351615,1.3606849370351615
