obs_gdp,obs_hours,obs_wages,obs_gdpdeflator,obs_corepce,obs_nominalrate,obs_consumption,obs_investment,obs_BBBspread,obs_longinflation,obs_longrate,obs_tfp,obs_gdi,obs_AAAspread,obs_nominalrate1,obs_nominalrate2,obs_nominalrate3,obs_nominalrate4,obs_nominalrate5,obs_nominalrate6
0.4935189983291455,-45.515026303451094,0.4935189983291455,0.4695709089123695,0.49999999999998934,1.3223773194444677,0.4935189983291455,0.4935189983291455,0.4177831032252215,0.49999999999998934,1.3223773194444677,0.0,0.4935189983291455,0.1174310227768634,1.3223773194444677,1.3223773194444677,1.3223773194444677,1.3223773194444677,1.3223773194444677,1.3223773194444677
