obs_gdp,obs_hours,obs_wages,obs_gdpdeflator,obs_corepce,obs_nominalrate,obs_consumption,obs_investment,obs_BBBspread,obs_longinflation,obs_longrate,obs_tfp,obs_gdi,obs_AAAspread,obs_nominalrate1,obs_nominalrate2,obs_nominalrate3,obs_nominalrate4,obs_nominalrate5,obs_nominalrate6
0.4851428057414786,-46.088177209746945,0.4851428057414786,0.46572538861693813,0.49999999999998934,1.2846085074024183,0.4851428057414786,0.4851428057414786,0.4310156051217093,0.49999999999998934,1.2846085074024183,0.0,0.4851428057414786,0.1174310227768634,1.2846085074024183,1.2846085074024183,1.2846085074024183,1.2846085074024183,1.2846085074024183,1.2846085074024183
