obs_gdp,obs_hours,obs_wages,obs_gdpdeflator,obs_corepce,obs_nominalrate,obs_consumption,obs_investment,obs_BBBspread,obs_longinflation,obs_longrate,obs_tfp,obs_gdi,obs_AAAspread,obs_nominalrate1,obs_nominalrate2,obs_nominalrate3,obs_nominalrate4,obs_nominalrate5,obs_nominalrate6
0.5117608786831429,-45.23532791047748,0.5117608786831429,0.46431918864281174,0.49999999999998934,1.3094405814453758,0.5117608786831429,0.5117608786831429,0.4180924640009749,0.49999999999998934,1.3094405814453758,0.0,0.5117608786831429,0.1174310227768634,1.3094405814453758,1.3094405814453758,1.3094405814453758,1.3094405814453758,1.3094405814453758,1.3094405814453758
