obs_gdp,obs_hours,obs_wages,obs_gdpdeflator,obs_corepce,obs_nominalrate,obs_consumption,obs_investment,obs_BBBspread,obs_longinflation,obs_longrate,obs_tfp,obs_gdi,obs_AAAspread,obs_nominalrate1,obs_nominalrate2,obs_nominalrate3,obs_nominalrate4,obs_nominalrate5,obs_nominalrate6
0.47283395869039957,-45.70474330788884,0.47283395869039957,0.4713775752185722,0.49999999999998934,1.2282143948871393,0.47283395869039957,0.47283395869039957,0.43502848657263565,0.49999999999998934,1.2282143948871393,0.0,0.47283395869039957,0.1174310227768634,1.2282143948871393,1.2282143948871393,1.2282143948871393,1.2282143948871393,1.2282143948871393,1.2282143948871393
