obs_gdp,obs_hours,obs_wages,obs_gdpdeflator,obs_corepce,obs_nominalrate,obs_consumption,obs_investment,obs_BBBspread,obs_longinflation,obs_longrate,obs_tfp,obs_gdi,obs_AAAspread,obs_nominalrate1,obs_nominalrate2,obs_nominalrate3,obs_nominalrate4,obs_nominalrate5,obs_nominalrate6
0.5237063711229561,-44.33635597432521,0.5237063711229561,0.46775885031244174,0.49999999999998934,1.3467243106086046,0.5237063711229561,0.5237063711229561,0.4245992420451065,0.49999999999998934,1.3467243106086046,0.0,0.5237063711229561,0.1174310227768634,1.3467243106086046,1.3467243106086046,1.3467243106086046,1.3467243106086046,1.3467243106086046,1.3467243106086046
