obs_gdp,obs_hours,obs_wages,obs_gdpdeflator,obs_corepce,obs_nominalrate,obs_consumption,obs_investment,obs_BBBspread,obs_longinflation,obs_longrate,obs_tfp,obs_gdi,obs_AAAspread,obs_nominalrate1,obs_nominalrate2,obs_nominalrate3,obs_nominalrate4,obs_nominalrate5,obs_nominalrate6
0.466476637144031,-46.40995709219508,0.466476637144031,0.4681497581029331,0.49999999999998934,1.2646095241139133,0.466476637144031,0.466476637144031,0.4236572063045789,0.49999999999998934,1.2646095241139133,0.0,0.466476637144031,0.1174310227768634,1.2646095241139133,1.2646095241139133,1.2646095241139133,1.2646095241139133,1.2646095241139133,1.2646095241139133
