obs_gdp,obs_hours,obs_wages,obs_gdpdeflator,obs_corepce,obs_nominalrate,obs_consumption,obs_investment,obs_BBBspread,obs_longinflation,obs_longrate,obs_tfp,obs_gdi,obs_AAAspread,obs_nominalrate1,obs_nominalrate2,obs_nominalrate3,obs_nominalrate4,obs_nominalrate5,obs_nominalrate6
0.4887054814004088,-45.47500881951581,0.4887054814004088,0.47228030528542336,0.49999999999998934,1.2433788041712912,0.4887054814004088,0.4887054814004088,0.43480623285113135,0.49999999999998934,1.2433788041712912,0.0,0.4887054814004088,0.1174310227768634,1.2433788041712912,1.2433788041712912,1.2433788041712912,1.2433788041712912,1.2433788041712912,1.2433788041712912
