obs_gdp,obs_hours,obs_wages,obs_gdpdeflator,obs_corepce,obs_nominalrate,obs_consumption,obs_investment,obs_BBBspread,obs_longinflation,obs_longrate,obs_tfp,obs_gdi,obs_AAAspread,obs_nominalrate1,obs_nominalrate2,obs_nominalrate3,obs_nominalrate4,obs_nominalrate5,obs_nominalrate6
0.4130845657907001,-48.66937022767563,0.4130845657907001,0.46656411304503087,0.49999999999998934,1.1701888972943664,0.4130845657907001,0.4130845657907001,0.4201851204400071,0.49999999999998934,1.1701888972943664,0.0,0.4130845657907001,0.1174310227768634,1.1701888972943664,1.1701888972943664,1.1701888972943664,1.1701888972943664,1.1701888972943664,1.1701888972943664
