obs_gdp,obs_hours,obs_wages,obs_gdpdeflator,obs_corepce,obs_nominalrate,obs_consumption,obs_investment,obs_BBBspread,obs_longinflation,obs_longrate,obs_tfp,obs_gdi,obs_AAAspread,obs_nominalrate1,obs_nominalrate2,obs_nominalrate3,obs_nominalrate4,obs_nominalrate5,obs_nominalrate6
0.4983780059103271,-45.34566885974863,0.4983780059103271,0.4693610475618453,0.49999999999998934,1.329953711616616,0.4983780059103271,0.4983780059103271,0.4173666295225449,0.49999999999998934,1.329953711616616,0.0,0.4983780059103271,0.1174310227768634,1.329953711616616,1.329953711616616,1.329953711616616,1.329953711616616,1.329953711616616,1.329953711616616
