obs_gdp,obs_hours,obs_wages,obs_gdpdeflator,obs_corepce,obs_nominalrate,obs_consumption,obs_investment,obs_BBBspread,obs_longinflation,obs_longrate,obs_tfp,obs_gdi,obs_AAAspread,obs_nominalrate1,obs_nominalrate2,obs_nominalrate3,obs_nominalrate4,obs_nominalrate5,obs_nominalrate6
0.5582312770497033,-43.30268128995148,0.5582312770497033,0.4675284861454373,0.49999999999998934,1.4154202112088399,0.5582312770497033,0.5582312770497033,0.42142530988561283,0.49999999999998934,1.4154202112088399,0.0,0.5582312770497033,0.1174310227768634,1.4154202112088399,1.4154202112088399,1.4154202112088399,1.4154202112088399,1.4154202112088399,1.4154202112088399
