obs_gdp,obs_hours,obs_wages,obs_gdpdeflator,obs_corepce,obs_nominalrate,obs_consumption,obs_investment,obs_BBBspread,obs_longinflation,obs_longrate,obs_tfp,obs_gdi,obs_AAAspread,obs_nominalrate1,obs_nominalrate2,obs_nominalrate3,obs_nominalrate4,obs_nominalrate5,obs_nominalrate6
0.38486189558504247,-49.7571810822838,0.38486189558504247,0.46745600774288676,0.49999999999998934,1.135198980632146,0.38486189558504247,0.38486189558504247,0.41908045878117606,0.49999999999998934,1.135198980632146,0.0,0.38486189558504247,0.1174310227768634,1.135198980632146,1.135198980632146,1.135198980632146,1.135198980632146,1.135198980632146,1.135198980632146
