obs_gdp,obs_hours,obs_wages,obs_gdpdeflator,obs_corepce,obs_nominalrate,obs_consumption,obs_investment,obs_BBBspread,obs_longinflation,obs_longrate,obs_tfp,obs_gdi,obs_AAAspread,obs_nominalrate1,obs_nominalrate2,obs_nominalrate3,obs_nominalrate4,obs_nominalrate5,obs_nominalrate6
0.4785943422938921,-46.111125314335865,0.4785943422938921,0.46874971573132534,0.49999999999998934,1.2873690745693,0.4785943422938921,0.4785943422938921,0.42215350254951556,0.49999999999998934,1.2873690745693,0.0,0.4785943422938921,0.1174310227768634,1.2873690745693,1.2873690745693,1.2873690745693,1.2873690745693,1.2873690745693,1.2873690745693
