obs_gdp,obs_hours,obs_wages,obs_gdpdeflator,obs_corepce,obs_nominalrate,obs_consumption,obs_investment,obs_BBBspread,obs_longinflation,obs_longrate,obs_tfp,obs_gdi,obs_AAAspread,obs_nominalrate1,obs_nominalrate2,obs_nominalrate3,obs_nominalrate4,obs_nominalrate5,obs_nominalrate6
0.4847281583130636,-45.88017860365545,0.4847281583130636,0.47311573525206474,0.49999999999998934,1.2123158672050272,0.4847281583130636,0.4847281583130636,0.4349473697978513,0.49999999999998934,1.2123158672050272,0.0,0.4847281583130636,0.1174310227768634,1.2123158672050272,1.2123158672050272,1.2123158672050272,1.2123158672050272,1.2123158672050272,1.2123158672050272
