obs_gdp,obs_hours,obs_wages,obs_gdpdeflator,obs_corepce,obs_nominalrate,obs_consumption,obs_investment,obs_BBBspread,obs_longinflation,obs_longrate,obs_tfp,obs_gdi,obs_AAAspread,obs_nominalrate1,obs_nominalrate2,obs_nominalrate3,obs_nominalrate4,obs_nominalrate5,obs_nominalrate6
0.5255479235502847,-44.64885564837785,0.5255479235502847,0.4651857893793258,0.49999999999998934,1.3443410734381045,0.5255479235502847,0.5255479235502847,0.4322764342003142,0.49999999999998934,1.3443410734381045,0.0,0.5255479235502847,0.1174310227768634,1.3443410734381045,1.3443410734381045,1.3443410734381045,1.3443410734381045,1.3443410734381045,1.3443410734381045
