obs_gdp,obs_hours,obs_wages,obs_gdpdeflator,obs_corepce,obs_nominalrate,obs_consumption,obs_investment,obs_BBBspread,obs_longinflation,obs_longrate,obs_tfp,obs_gdi,obs_AAAspread,obs_nominalrate1,obs_nominalrate2,obs_nominalrate3,obs_nominalrate4,obs_nominalrate5,obs_nominalrate6
0.49694491098266624,-44.81836910444005,0.49694491098266624,0.4729421801117561,0.49999999999998934,1.2849526890919671,0.49694491098266624,0.49694491098266624,0.433517679117221,0.49999999999998934,1.2849526890919671,0.0,0.49694491098266624,0.1174310227768634,1.2849526890919671,1.2849526890919671,1.2849526890919671,1.2849526890919671,1.2849526890919671,1.2849526890919671
