obs_gdp,obs_hours,obs_wages,obs_gdpdeflator,obs_corepce,obs_nominalrate,obs_consumption,obs_investment,obs_BBBspread,obs_longinflation,obs_longrate,obs_tfp,obs_gdi,obs_AAAspread,obs_nominalrate1,obs_nominalrate2,obs_nominalrate3,obs_nominalrate4,obs_nominalrate5,obs_nominalrate6
0.5002224441605252,-44.771136959936456,0.5002224441605252,0.46989572394636026,0.49999999999998934,1.2713948766334138,0.5002224441605252,0.5002224441605252,0.43621032916138996,0.49999999999998934,1.2713948766334138,0.0,0.5002224441605252,0.1174310227768634,1.2713948766334138,1.2713948766334138,1.2713948766334138,1.2713948766334138,1.2713948766334138,1.2713948766334138
