obs_gdp,obs_hours,obs_wages,obs_gdpdeflator,obs_corepce,obs_nominalrate,obs_consumption,obs_investment,obs_BBBspread,obs_longinflation,obs_longrate,obs_tfp,obs_gdi,obs_AAAspread,obs_nominalrate1,obs_nominalrate2,obs_nominalrate3,obs_nominalrate4,obs_nominalrate5,obs_nominalrate6
0.48582988737178034,-45.713160768850514,0.48582988737178034,0.4686685568913339,0.49999999999998934,1.3114640815250045,0.48582988737178034,0.48582988737178034,0.41967403269757947,0.49999999999998934,1.3114640815250045,0.0,0.48582988737178034,0.1174310227768634,1.3114640815250045,1.3114640815250045,1.3114640815250045,1.3114640815250045,1.3114640815250045,1.3114640815250045
