obs_gdp,obs_hours,obs_wages,obs_gdpdeflator,obs_corepce,obs_nominalrate,obs_consumption,obs_investment,obs_BBBspread,obs_longinflation,obs_longrate,obs_tfp,obs_gdi,obs_AAAspread,obs_nominalrate1,obs_nominalrate2,obs_nominalrate3,obs_nominalrate4,obs_nominalrate5,obs_nominalrate6
0.4572597990137872,-46.79573532447514,0.4572597990137872,0.4677596905511926,0.49999999999998934,1.2572739491869322,0.4572597990137872,0.4572597990137872,0.430701226115204,0.49999999999998934,1.2572739491869322,0.0,0.4572597990137872,0.1174310227768634,1.2572739491869322,1.2572739491869322,1.2572739491869322,1.2572739491869322,1.2572739491869322,1.2572739491869322
