obs_gdp,obs_hours,obs_wages,obs_gdpdeflator,obs_corepce,obs_nominalrate,obs_consumption,obs_investment,obs_BBBspread,obs_longinflation,obs_longrate,obs_tfp,obs_gdi,obs_AAAspread,obs_nominalrate1,obs_nominalrate2,obs_nominalrate3,obs_nominalrate4,obs_nominalrate5,obs_nominalrate6
0.5177157830075219,-44.723803519629925,0.5177157830075219,0.46467879447326704,0.49999999999998934,1.3516174520349145,0.5177157830075219,0.5177157830075219,0.4315819021751923,0.49999999999998934,1.3516174520349145,0.0,0.5177157830075219,0.1174310227768634,1.3516174520349145,1.3516174520349145,1.3516174520349145,1.3516174520349145,1.3516174520349145,1.3516174520349145
