obs_gdp,obs_hours,obs_wages,obs_gdpdeflator,obs_corepce,obs_nominalrate,obs_consumption,obs_investment,obs_BBBspread,obs_longinflation,obs_longrate,obs_tfp,obs_gdi,obs_AAAspread,obs_nominalrate1,obs_nominalrate2,obs_nominalrate3,obs_nominalrate4,obs_nominalrate5,obs_nominalrate6
0.4524173551681887,-46.970212414109575,0.4524173551681887,0.46951274063001575,0.49999999999998934,1.2637366852685794,0.4524173551681887,0.4524173551681887,0.41838424227124527,0.49999999999998934,1.2637366852685794,0.0,0.4524173551681887,0.1174310227768634,1.2637366852685794,1.2637366852685794,1.2637366852685794,1.2637366852685794,1.2637366852685794,1.2637366852685794
