obs_gdp,obs_hours,obs_wages,obs_gdpdeflator,obs_corepce,obs_nominalrate,obs_consumption,obs_investment,obs_BBBspread,obs_longinflation,obs_longrate,obs_tfp,obs_gdi,obs_AAAspread,obs_nominalrate1,obs_nominalrate2,obs_nominalrate3,obs_nominalrate4,obs_nominalrate5,obs_nominalrate6
0.5320294398242664,-43.55054255651814,0.5320294398242664,0.4708890881691249,0.49999999999998934,1.343648527477459,0.5320294398242664,0.5320294398242664,0.43125579571707956,0.49999999999998934,1.343648527477459,0.0,0.5320294398242664,0.1174310227768634,1.343648527477459,1.343648527477459,1.343648527477459,1.343648527477459,1.343648527477459,1.343648527477459
