obs_gdp,obs_hours,obs_wages,obs_gdpdeflator,obs_corepce,obs_nominalrate,obs_consumption,obs_investment,obs_BBBspread,obs_longinflation,obs_longrate,obs_tfp,obs_gdi,obs_AAAspread,obs_nominalrate1,obs_nominalrate2,obs_nominalrate3,obs_nominalrate4,obs_nominalrate5,obs_nominalrate6
0.4957687511802922,-45.39291652018277,0.4957687511802922,0.46960625503392595,0.49999999999998934,1.3226963802530411,0.4957687511802922,0.4957687511802922,0.4191194848468683,0.49999999999998934,1.3226963802530411,0.0,0.4957687511802922,0.1174310227768634,1.3226963802530411,1.3226963802530411,1.3226963802530411,1.3226963802530411,1.3226963802530411,1.3226963802530411
