obs_gdp,obs_hours,obs_wages,obs_gdpdeflator,obs_corepce,obs_nominalrate,obs_consumption,obs_investment,obs_BBBspread,obs_longinflation,obs_longrate,obs_tfp,obs_gdi,obs_AAAspread,obs_nominalrate1,obs_nominalrate2,obs_nominalrate3,obs_nominalrate4,obs_nominalrate5,obs_nominalrate6
0.44643481905992655,-46.898786672816115,0.44643481905992655,0.46979402461549297,0.49999999999998934,1.236631269151367,0.44643481905992655,0.44643481905992655,0.41997396626298356,0.49999999999998934,1.236631269151367,0.0,0.44643481905992655,0.1174310227768634,1.236631269151367,1.236631269151367,1.236631269151367,1.236631269151367,1.236631269151367,1.236631269151367
