obs_gdp,obs_hours,obs_wages,obs_gdpdeflator,obs_corepce,obs_nominalrate,obs_consumption,obs_investment,obs_BBBspread,obs_longinflation,obs_longrate,obs_tfp,obs_gdi,obs_AAAspread,obs_nominalrate1,obs_nominalrate2,obs_nominalrate3,obs_nominalrate4,obs_nominalrate5,obs_nominalrate6
0.47168244437856277,-45.61260774855031,0.47168244437856277,0.4703370448830713,0.49999999999998934,1.2581502638114417,0.47168244437856277,0.47168244437856277,0.4312658725651013,0.49999999999998934,1.2581502638114417,0.0,0.47168244437856277,0.1174310227768634,1.2581502638114417,1.2581502638114417,1.2581502638114417,1.2581502638114417,1.2581502638114417,1.2581502638114417
