obs_gdp,obs_hours,obs_wages,obs_gdpdeflator,obs_corepce,obs_nominalrate,obs_consumption,obs_investment,obs_BBBspread,obs_longinflation,obs_longrate,obs_tfp,obs_gdi,obs_AAAspread,obs_nominalrate1,obs_nominalrate2,obs_nominalrate3,obs_nominalrate4,obs_nominalrate5,obs_nominalrate6
0.4847497236408316,-45.717796451858106,0.4847497236408316,0.4661020788373017,0.49999999999998934,1.2831085325923253,0.4847497236408316,0.4847497236408316,0.4227479401243577,0.49999999999998934,1.2831085325923253,0.0,0.4847497236408316,0.1174310227768634,1.2831085325923253,1.2831085325923253,1.2831085325923253,1.2831085325923253,1.2831085325923253,1.2831085325923253
