obs_gdp,obs_hours,obs_wages,obs_gdpdeflator,obs_corepce,obs_nominalrate,obs_consumption,obs_investment,obs_BBBspread,obs_longinflation,obs_longrate,obs_tfp,obs_gdi,obs_AAAspread,obs_nominalrate1,obs_nominalrate2,obs_nominalrate3,obs_nominalrate4,obs_nominalrate5,obs_nominalrate6
0.4752628026772232,-45.5994196519205,0.4752628026772232,0.4695522502032559,0.49999999999998934,1.2711377293916915,0.4752628026772232,0.4752628026772232,0.4289029410341828,0.49999999999998934,1.2711377293916915,0.0,0.4752628026772232,0.1174310227768634,1.2711377293916915,1.2711377293916915,1.2711377293916915,1.2711377293916915,1.2711377293916915,1.2711377293916915
