obs_gdp,obs_hours,obs_wages,obs_gdpdeflator,obs_corepce,obs_nominalrate,obs_consumption,obs_investment,obs_BBBspread,obs_longinflation,obs_longrate,obs_tfp,obs_gdi,obs_AAAspread,obs_nominalrate1,obs_nominalrate2,obs_nominalrate3,obs_nominalrate4,obs_nominalrate5,obs_nominalrate6
0.5004281449863868,-45.462870244919166,0.5004281449863868,0.46392615547901345,0.49999999999998934,1.2956199197837748,0.5004281449863868,0.5004281449863868,0.4276035353386319,0.49999999999998934,1.2956199197837748,0.0,0.5004281449863868,0.1174310227768634,1.2956199197837748,1.2956199197837748,1.2956199197837748,1.2956199197837748,1.2956199197837748,1.2956199197837748
