obs_gdp,obs_hours,obs_wages,obs_gdpdeflator,obs_corepce,obs_nominalrate,obs_consumption,obs_investment,obs_BBBspread,obs_longinflation,obs_longrate,obs_tfp,obs_gdi,obs_AAAspread,obs_nominalrate1,obs_nominalrate2,obs_nominalrate3,obs_nominalrate4,obs_nominalrate5,obs_nominalrate6
0.5053376332138537,-44.92321708074085,0.5053376332138537,0.4677153617671727,0.49999999999998934,1.3199971124950194,0.5053376332138537,0.5053376332138537,0.4235785778912186,0.49999999999998934,1.3199971124950194,0.0,0.5053376332138537,0.1174310227768634,1.3199971124950194,1.3199971124950194,1.3199971124950194,1.3199971124950194,1.3199971124950194,1.3199971124950194
