obs_gdp,obs_hours,obs_wages,obs_gdpdeflator,obs_corepce,obs_nominalrate,obs_consumption,obs_investment,obs_BBBspread,obs_longinflation,obs_longrate,obs_tfp,obs_gdi,obs_AAAspread,obs_nominalrate1,obs_nominalrate2,obs_nominalrate3,obs_nominalrate4,obs_nominalrate5,obs_nominalrate6
0.524949431690902,-44.86027936023565,0.524949431690902,0.4656463861856789,0.49999999999998934,1.3295782305205783,0.524949431690902,0.524949431690902,0.42045523990180755,0.49999999999998934,1.3295782305205783,0.0,0.524949431690902,0.1174310227768634,1.3295782305205783,1.3295782305205783,1.3295782305205783,1.3295782305205783,1.3295782305205783,1.3295782305205783
