obs_gdp,obs_hours,obs_wages,obs_gdpdeflator,obs_corepce,obs_nominalrate,obs_consumption,obs_investment,obs_BBBspread,obs_longinflation,obs_longrate,obs_tfp,obs_gdi,obs_AAAspread,obs_nominalrate1,obs_nominalrate2,obs_nominalrate3,obs_nominalrate4,obs_nominalrate5,obs_nominalrate6
0.5088999823087637,-44.47176744706825,0.5088999823087637,0.47126007417819393,0.49999999999998934,1.2903094175643837,0.5088999823087637,0.5088999823087637,0.43256645788887405,0.49999999999998934,1.2903094175643837,0.0,0.5088999823087637,0.1174310227768634,1.2903094175643837,1.2903094175643837,1.2903094175643837,1.2903094175643837,1.2903094175643837,1.2903094175643837
