obs_gdp,obs_hours,obs_wages,obs_gdpdeflator,obs_corepce,obs_nominalrate,obs_consumption,obs_investment,obs_BBBspread,obs_longinflation,obs_longrate,obs_tfp,obs_gdi,obs_AAAspread,obs_nominalrate1,obs_nominalrate2,obs_nominalrate3,obs_nominalrate4,obs_nominalrate5,obs_nominalrate6
0.48033852802698007,-46.046870773058544,0.48033852802698007,0.4661586140401618,0.49999999999998934,1.2683065947541872,0.48033852802698007,0.48033852802698007,0.4243882725733273,0.49999999999998934,1.2683065947541872,0.0,0.48033852802698007,0.1174310227768634,1.2683065947541872,1.2683065947541872,1.2683065947541872,1.2683065947541872,1.2683065947541872,1.2683065947541872
