obs_gdp,obs_hours,obs_wages,obs_gdpdeflator,obs_corepce,obs_nominalrate,obs_consumption,obs_investment,obs_BBBspread,obs_longinflation,obs_longrate,obs_tfp,obs_gdi,obs_AAAspread,obs_nominalrate1,obs_nominalrate2,obs_nominalrate3,obs_nominalrate4,obs_nominalrate5,obs_nominalrate6
0.485905831981448,-45.72467943747805,0.485905831981448,0.4654132395151687,0.49999999999998934,1.3005964743722176,0.485905831981448,0.485905831981448,0.43363035973307895,0.49999999999998934,1.3005964743722176,0.0,0.485905831981448,0.1174310227768634,1.3005964743722176,1.3005964743722176,1.3005964743722176,1.3005964743722176,1.3005964743722176,1.3005964743722176
