obs_gdp,obs_hours,obs_wages,obs_gdpdeflator,obs_corepce,obs_nominalrate,obs_consumption,obs_investment,obs_BBBspread,obs_longinflation,obs_longrate,obs_tfp,obs_gdi,obs_AAAspread,obs_nominalrate1,obs_nominalrate2,obs_nominalrate3,obs_nominalrate4,obs_nominalrate5,obs_nominalrate6
0.46064361893729533,-46.6937587101274,0.46064361893729533,0.4694722213963022,0.49999999999998934,1.2667932970517048,0.46064361893729533,0.46064361893729533,0.41668390292210605,0.49999999999998934,1.2667932970517048,0.0,0.46064361893729533,0.1174310227768634,1.2667932970517048,1.2667932970517048,1.2667932970517048,1.2667932970517048,1.2667932970517048,1.2667932970517048
