obs_gdp,obs_hours,obs_wages,obs_gdpdeflator,obs_corepce,obs_nominalrate,obs_consumption,obs_investment,obs_BBBspread,obs_longinflation,obs_longrate,obs_tfp,obs_gdi,obs_AAAspread,obs_nominalrate1,obs_nominalrate2,obs_nominalrate3,obs_nominalrate4,obs_nominalrate5,obs_nominalrate6
0.43792413018151066,-47.56869356192749,0.43792413018151066,0.46991584210305903,0.49999999999998934,1.2352811370208716,0.43792413018151066,0.43792413018151066,0.4176137346774063,0.49999999999998934,1.2352811370208716,0.0,0.43792413018151066,0.1174310227768634,1.2352811370208716,1.2352811370208716,1.2352811370208716,1.2352811370208716,1.2352811370208716,1.2352811370208716
