obs_gdp,obs_hours,obs_wages,obs_gdpdeflator,obs_corepce,obs_nominalrate,obs_consumption,obs_investment,obs_BBBspread,obs_longinflation,obs_longrate,obs_tfp,obs_gdi,obs_AAAspread,obs_nominalrate1,obs_nominalrate2,obs_nominalrate3,obs_nominalrate4,obs_nominalrate5,obs_nominalrate6
0.465689788212198,-46.506095305634396,0.465689788212198,0.46871034099332515,0.49999999999998934,1.2746130641025921,0.465689788212198,0.465689788212198,0.41641918859817345,0.49999999999998934,1.2746130641025921,0.0,0.465689788212198,0.1174310227768634,1.2746130641025921,1.2746130641025921,1.2746130641025921,1.2746130641025921,1.2746130641025921,1.2746130641025921
