obs_gdp,obs_hours,obs_wages,obs_gdpdeflator,obs_corepce,obs_nominalrate,obs_consumption,obs_investment,obs_BBBspread,obs_longinflation,obs_longrate,obs_tfp,obs_gdi,obs_AAAspread,obs_nominalrate1,obs_nominalrate2,obs_nominalrate3,obs_nominalrate4,obs_nominalrate5,obs_nominalrate6
0.46163487581951657,-46.32468020632314,0.46163487581951657,0.46859243781640547,0.49999999999998934,1.2642892115589,0.46163487581951657,0.46163487581951657,0.4223886904689406,0.49999999999998934,1.2642892115589,0.0,0.46163487581951657,0.1174310227768634,1.2642892115589,1.2642892115589,1.2642892115589,1.2642892115589,1.2642892115589,1.2642892115589
