obs_gdp,obs_hours,obs_wages,obs_gdpdeflator,obs_corepce,obs_nominalrate,obs_consumption,obs_investment,obs_BBBspread,obs_longinflation,obs_longrate,obs_tfp,obs_gdi,obs_AAAspread,obs_nominalrate1,obs_nominalrate2,obs_nominalrate3,obs_nominalrate4,obs_nominalrate5,obs_nominalrate6
0.5269419354953175,-44.232829721788185,0.5269419354953175,0.4677813580611468,0.49999999999998934,1.3529042959739668,0.5269419354953175,0.5269419354953175,0.42446762397351084,0.49999999999998934,1.3529042959739668,0.0,0.5269419354953175,0.1174310227768634,1.3529042959739668,1.3529042959739668,1.3529042959739668,1.3529042959739668,1.3529042959739668,1.3529042959739668
