obs_gdp,obs_hours,obs_wages,obs_gdpdeflator,obs_corepce,obs_nominalrate,obs_consumption,obs_investment,obs_BBBspread,obs_longinflation,obs_longrate,obs_tfp,obs_gdi,obs_AAAspread,obs_nominalrate1,obs_nominalrate2,obs_nominalrate3,obs_nominalrate4,obs_nominalrate5,obs_nominalrate6
0.5111578218734536,-45.10849025459408,0.5111578218734536,0.4655864638355648,0.49999999999998934,1.3298970679947342,0.5111578218734536,0.5111578218734536,0.4305378199121315,0.49999999999998934,1.3298970679947342,0.0,0.5111578218734536,0.1174310227768634,1.3298970679947342,1.3298970679947342,1.3298970679947342,1.3298970679947342,1.3298970679947342,1.3298970679947342
