obs_gdp,obs_hours,obs_wages,obs_gdpdeflator,obs_corepce,obs_nominalrate,obs_consumption,obs_investment,obs_BBBspread,obs_longinflation,obs_longrate,obs_tfp,obs_gdi,obs_AAAspread,obs_nominalrate1,obs_nominalrate2,obs_nominalrate3,obs_nominalrate4,obs_nominalrate5,obs_nominalrate6
0.4089464193135717,-48.14233230532793,0.4089464193135717,0.4705375730025186,0.49999999999998934,1.1843806791480116,0.4089464193135717,0.4089464193135717,0.42269211075865715,0.49999999999998934,1.1843806791480116,0.0,0.4089464193135717,0.1174310227768634,1.1843806791480116,1.1843806791480116,1.1843806791480116,1.1843806791480116,1.1843806791480116,1.1843806791480116
