obs_gdp,obs_hours,obs_wages,obs_gdpdeflator,obs_corepce,obs_nominalrate,obs_consumption,obs_investment,obs_BBBspread,obs_longinflation,obs_longrate,obs_tfp,obs_gdi,obs_AAAspread,obs_nominalrate1,obs_nominalrate2,obs_nominalrate3,obs_nominalrate4,obs_nominalrate5,obs_nominalrate6
0.4343909408507374,-46.995597095679095,0.4343909408507374,0.47022200371158673,0.49999999999998934,1.2163071529913028,0.4343909408507374,0.4343909408507374,0.4273718761600097,0.49999999999998934,1.2163071529913028,0.0,0.4343909408507374,0.1174310227768634,1.2163071529913028,1.2163071529913028,1.2163071529913028,1.2163071529913028,1.2163071529913028,1.2163071529913028
