obs_gdp,obs_hours,obs_wages,obs_gdpdeflator,obs_corepce,obs_nominalrate,obs_consumption,obs_investment,obs_BBBspread,obs_longinflation,obs_longrate,obs_tfp,obs_gdi,obs_AAAspread,obs_nominalrate1,obs_nominalrate2,obs_nominalrate3,obs_nominalrate4,obs_nominalrate5,obs_nominalrate6
0.5350436577556517,-44.327714599409504,0.5350436577556517,0.4649945463976943,0.49999999999998934,1.3690455493151843,0.5350436577556517,0.5350436577556517,0.42955961367727047,0.49999999999998934,1.3690455493151843,0.0,0.5350436577556517,0.1174310227768634,1.3690455493151843,1.3690455493151843,1.3690455493151843,1.3690455493151843,1.3690455493151843,1.3690455493151843
