obs_gdp,obs_hours,obs_wages,obs_gdpdeflator,obs_corepce,obs_nominalrate,obs_consumption,obs_investment,obs_BBBspread,obs_longinflation,obs_longrate,obs_tfp,obs_gdi,obs_AAAspread,obs_nominalrate1,obs_nominalrate2,obs_nominalrate3,obs_nominalrate4,obs_nominalrate5,obs_nominalrate6
0.43332313444204296,-47.2511822883798,0.43332313444204296,0.4702028140065968,0.49999999999998934,1.2127012139499627,0.43332313444204296,0.43332313444204296,0.42394554638092996,0.49999999999998934,1.2127012139499627,0.0,0.43332313444204296,0.1174310227768634,1.2127012139499627,1.2127012139499627,1.2127012139499627,1.2127012139499627,1.2127012139499627,1.2127012139499627
