obs_gdp,obs_hours,obs_wages,obs_gdpdeflator,obs_corepce,obs_nominalrate,obs_consumption,obs_investment,obs_BBBspread,obs_longinflation,obs_longrate,obs_tfp,obs_gdi,obs_AAAspread,obs_nominalrate1,obs_nominalrate2,obs_nominalrate3,obs_nominalrate4,obs_nominalrate5,obs_nominalrate6
0.4265781352775555,-48.0074395195739,0.4265781352775555,0.4647654718534068,0.49999999999998934,1.2129787190924501,0.4265781352775555,0.4265781352775555,0.43073914843204875,0.49999999999998934,1.2129787190924501,0.0,0.4265781352775555,0.1174310227768634,1.2129787190924501,1.2129787190924501,1.2129787190924501,1.2129787190924501,1.2129787190924501,1.2129787190924501
