obs_gdp,obs_hours,obs_wages,obs_gdpdeflator,obs_corepce,obs_nominalrate,obs_consumption,obs_investment,obs_BBBspread,obs_longinflation,obs_longrate,obs_tfp,obs_gdi,obs_AAAspread,obs_nominalrate1,obs_nominalrate2,obs_nominalrate3,obs_nominalrate4,obs_nominalrate5,obs_nominalrate6
0.516558791584476,-44.18384282444798,0.516558791584476,0.4709228643795909,0.49999999999998934,1.2968922113732573,0.516558791584476,0.516558791584476,0.4347803456674618,0.49999999999998934,1.2968922113732573,0.0,0.516558791584476,0.1174310227768634,1.2968922113732573,1.2968922113732573,1.2968922113732573,1.2968922113732573,1.2968922113732573,1.2968922113732573
