obs_gdp,obs_hours,obs_wages,obs_gdpdeflator,obs_corepce,obs_nominalrate,obs_consumption,obs_investment,obs_BBBspread,obs_longinflation,obs_longrate,obs_tfp,obs_gdi,obs_AAAspread,obs_nominalrate1,obs_nominalrate2,obs_nominalrate3,obs_nominalrate4,obs_nominalrate5,obs_nominalrate6
0.5098309726402572,-44.85738188905389,0.5098309726402572,0.46377685568849125,0.49999999999998934,1.3361867681785045,0.5098309726402572,0.5098309726402572,0.43292657701729553,0.49999999999998934,1.3361867681785045,0.0,0.5098309726402572,0.1174310227768634,1.3361867681785045,1.3361867681785045,1.3361867681785045,1.3361867681785045,1.3361867681785045,1.3361867681785045
