obs_gdp,obs_hours,obs_wages,obs_gdpdeflator,obs_corepce,obs_nominalrate,obs_consumption,obs_investment,obs_BBBspread,obs_longinflation,obs_longrate,obs_tfp,obs_gdi,obs_AAAspread,obs_nominalrate1,obs_nominalrate2,obs_nominalrate3,obs_nominalrate4,obs_nominalrate5,obs_nominalrate6
0.43742675677147513,-47.13135131098996,0.43742675677147513,0.46868429684775265,0.49999999999998934,1.2299837441644978,0.43742675677147513,0.43742675677147513,0.420194801518257,0.49999999999998934,1.2299837441644978,0.0,0.43742675677147513,0.1174310227768634,1.2299837441644978,1.2299837441644978,1.2299837441644978,1.2299837441644978,1.2299837441644978,1.2299837441644978
