obs_gdp,obs_hours,obs_wages,obs_gdpdeflator,obs_corepce,obs_nominalrate,obs_consumption,obs_investment,obs_BBBspread,obs_longinflation,obs_longrate,obs_tfp,obs_gdi,obs_AAAspread,obs_nominalrate1,obs_nominalrate2,obs_nominalrate3,obs_nominalrate4,obs_nominalrate5,obs_nominalrate6
0.5088491476586077,-45.28685965625726,0.5088491476586077,0.4644171464396697,0.49999999999998934,1.303296541657284,0.5088491476586077,0.5088491476586077,0.4206501959196398,0.49999999999998934,1.303296541657284,0.0,0.5088491476586077,0.1174310227768634,1.303296541657284,1.303296541657284,1.303296541657284,1.303296541657284,1.303296541657284,1.303296541657284
