obs_gdp,obs_hours,obs_wages,obs_gdpdeflator,obs_corepce,obs_nominalrate,obs_consumption,obs_investment,obs_BBBspread,obs_longinflation,obs_longrate,obs_tfp,obs_gdi,obs_AAAspread,obs_nominalrate1,obs_nominalrate2,obs_nominalrate3,obs_nominalrate4,obs_nominalrate5,obs_nominalrate6
0.43162444634758934,-48.1003668702266,0.43162444634758934,0.4666588350116665,0.49999999999998934,1.192838670985119,0.43162444634758934,0.43162444634758934,0.42087520849816057,0.49999999999998934,1.192838670985119,0.0,0.43162444634758934,0.1174310227768634,1.192838670985119,1.192838670985119,1.192838670985119,1.192838670985119,1.192838670985119,1.192838670985119
