obs_gdp,obs_hours,obs_wages,obs_gdpdeflator,obs_corepce,obs_nominalrate,obs_consumption,obs_investment,obs_BBBspread,obs_longinflation,obs_longrate,obs_tfp,obs_gdi,obs_AAAspread,obs_nominalrate1,obs_nominalrate2,obs_nominalrate3,obs_nominalrate4,obs_nominalrate5,obs_nominalrate6
0.45917645961930376,-46.200832379059264,0.45917645961930376,0.47042709643076136,0.49999999999998934,1.1922133354196118,0.45917645961930376,0.45917645961930376,0.43496606326608456,0.49999999999998934,1.1922133354196118,0.0,0.45917645961930376,0.1174310227768634,1.1922133354196118,1.1922133354196118,1.1922133354196118,1.1922133354196118,1.1922133354196118,1.1922133354196118
