obs_gdp,obs_hours,obs_wages,obs_gdpdeflator,obs_corepce,obs_nominalrate,obs_consumption,obs_investment,obs_BBBspread,obs_longinflation,obs_longrate,obs_tfp,obs_gdi,obs_AAAspread,obs_nominalrate1,obs_nominalrate2,obs_nominalrate3,obs_nominalrate4,obs_nominalrate5,obs_nominalrate6
0.49056817828572186,-45.666570682586716,0.49056817828572186,0.46551737745573196,0.49999999999998934,1.3065372147849752,0.49056817828572186,0.49056817828572186,0.4331658918885562,0.49999999999998934,1.3065372147849752,0.0,0.49056817828572186,0.1174310227768634,1.3065372147849752,1.3065372147849752,1.3065372147849752,1.3065372147849752,1.3065372147849752,1.3065372147849752
