obs_gdp,obs_hours,obs_wages,obs_gdpdeflator,obs_corepce,obs_nominalrate,obs_consumption,obs_investment,obs_BBBspread,obs_longinflation,obs_longrate,obs_tfp,obs_gdi,obs_AAAspread,obs_nominalrate1,obs_nominalrate2,obs_nominalrate3,obs_nominalrate4,obs_nominalrate5,obs_nominalrate6
0.47910473369412454,-45.56094873433278,0.47910473369412454,0.4691191192695524,0.49999999999998934,1.2785933773913571,0.47910473369412454,0.47910473369412454,0.4227136971475965,0.49999999999998934,1.2785933773913571,0.0,0.47910473369412454,0.1174310227768634,1.2785933773913571,1.2785933773913571,1.2785933773913571,1.2785933773913571,1.2785933773913571,1.2785933773913571
