obs_gdp,obs_hours,obs_wages,obs_gdpdeflator,obs_corepce,obs_nominalrate,obs_consumption,obs_investment,obs_BBBspread,obs_longinflation,obs_longrate,obs_tfp,obs_gdi,obs_AAAspread,obs_nominalrate1,obs_nominalrate2,obs_nominalrate3,obs_nominalrate4,obs_nominalrate5,obs_nominalrate6
0.4055324547999728,-49.07185640622155,0.4055324547999728,0.4683916676998364,0.49999999999998934,1.15698902469763,0.4055324547999728,0.4055324547999728,0.4198000142708482,0.49999999999998934,1.15698902469763,0.0,0.4055324547999728,0.1174310227768634,1.15698902469763,1.15698902469763,1.15698902469763,1.15698902469763,1.15698902469763,1.15698902469763
