obs_gdp,obs_hours,obs_wages,obs_gdpdeflator,obs_corepce,obs_nominalrate,obs_consumption,obs_investment,obs_BBBspread,obs_longinflation,obs_longrate,obs_tfp,obs_gdi,obs_AAAspread,obs_nominalrate1,obs_nominalrate2,obs_nominalrate3,obs_nominalrate4,obs_nominalrate5,obs_nominalrate6
0.5069308654716664,-44.88648755015629,0.5069308654716664,0.4734142978357046,0.49999999999998934,1.2505066437936474,0.5069308654716664,0.5069308654716664,0.4426598342062122,0.49999999999998934,1.2505066437936474,0.0,0.5069308654716664,0.1174310227768634,1.2505066437936474,1.2505066437936474,1.2505066437936474,1.2505066437936474,1.2505066437936474,1.2505066437936474
