obs_gdp,obs_hours,obs_wages,obs_gdpdeflator,obs_corepce,obs_nominalrate,obs_consumption,obs_investment,obs_BBBspread,obs_longinflation,obs_longrate,obs_tfp,obs_gdi,obs_AAAspread,obs_nominalrate1,obs_nominalrate2,obs_nominalrate3,obs_nominalrate4,obs_nominalrate5,obs_nominalrate6
0.39842125610811685,-48.28752951707494,0.39842125610811685,0.4704663644537659,0.49999999999998934,1.1697350155700281,0.39842125610811685,0.39842125610811685,0.42702724614703397,0.49999999999998934,1.1697350155700281,0.0,0.39842125610811685,0.1174310227768634,1.1697350155700281,1.1697350155700281,1.1697350155700281,1.1697350155700281,1.1697350155700281,1.1697350155700281
