obs_gdp,obs_hours,obs_wages,obs_gdpdeflator,obs_corepce,obs_nominalrate,obs_consumption,obs_investment,obs_BBBspread,obs_longinflation,obs_longrate,obs_tfp,obs_gdi,obs_AAAspread,obs_nominalrate1,obs_nominalrate2,obs_nominalrate3,obs_nominalrate4,obs_nominalrate5,obs_nominalrate6
0.48167045881357673,-45.99756021575027,0.48167045881357673,0.4697622528460195,0.49999999999998934,1.2989133689489396,0.48167045881357673,0.48167045881357673,0.4194867717922864,0.49999999999998934,1.2989133689489396,0.0,0.48167045881357673,0.1174310227768634,1.2989133689489396,1.2989133689489396,1.2989133689489396,1.2989133689489396,1.2989133689489396,1.2989133689489396
