obs_gdp,obs_hours,obs_wages,obs_gdpdeflator,obs_corepce,obs_nominalrate,obs_consumption,obs_investment,obs_BBBspread,obs_longinflation,obs_longrate,obs_tfp,obs_gdi,obs_AAAspread,obs_nominalrate1,obs_nominalrate2,obs_nominalrate3,obs_nominalrate4,obs_nominalrate5,obs_nominalrate6
0.5602781569455706,-43.167980903367855,0.5602781569455706,0.46839609920459624,0.49999999999998934,1.4258830441667536,0.5602781569455706,0.5602781569455706,0.41870808002941245,0.49999999999998934,1.4258830441667536,0.0,0.5602781569455706,0.1174310227768634,1.4258830441667536,1.4258830441667536,1.4258830441667536,1.4258830441667536,1.4258830441667536,1.4258830441667536
