obs_gdp,obs_hours,obs_wages,obs_gdpdeflator,obs_corepce,obs_nominalrate,obs_consumption,obs_investment,obs_BBBspread,obs_longinflation,obs_longrate,obs_tfp,obs_gdi,obs_AAAspread,obs_nominalrate1,obs_nominalrate2,obs_nominalrate3,obs_nominalrate4,obs_nominalrate5,obs_nominalrate6
0.43810366563281633,-47.956741957520315,0.43810366563281633,0.468016470043257,0.49999999999998934,1.2003447226648367,0.43810366563281633,0.43810366563281633,0.420252368772506,0.49999999999998934,1.2003447226648367,0.0,0.43810366563281633,0.1174310227768634,1.2003447226648367,1.2003447226648367,1.2003447226648367,1.2003447226648367,1.2003447226648367,1.2003447226648367
