obs_gdp,obs_hours,obs_wages,obs_gdpdeflator,obs_corepce,obs_nominalrate,obs_consumption,obs_investment,obs_BBBspread,obs_longinflation,obs_longrate,obs_tfp,obs_gdi,obs_AAAspread,obs_nominalrate1,obs_nominalrate2,obs_nominalrate3,obs_nominalrate4,obs_nominalrate5,obs_nominalrate6
0.5273102579731681,-44.31766135386566,0.5273102579731681,0.4705545040428345,0.49999999999998934,1.2804149429140654,0.5273102579731681,0.5273102579731681,0.4350528153396933,0.49999999999998934,1.2804149429140654,0.0,0.5273102579731681,0.1174310227768634,1.2804149429140654,1.2804149429140654,1.2804149429140654,1.2804149429140654,1.2804149429140654,1.2804149429140654
