obs_gdp,obs_hours,obs_wages,obs_gdpdeflator,obs_corepce,obs_nominalrate,obs_consumption,obs_investment,obs_BBBspread,obs_longinflation,obs_longrate,obs_tfp,obs_gdi,obs_AAAspread,obs_nominalrate1,obs_nominalrate2,obs_nominalrate3,obs_nominalrate4,obs_nominalrate5,obs_nominalrate6
0.47237408220872634,-45.800107101704754,0.47237408220872634,0.4717569000434268,0.49999999999998934,1.2168670342009191,0.47237408220872634,0.47237408220872634,0.43608128085765846,0.49999999999998934,1.2168670342009191,0.0,0.47237408220872634,0.1174310227768634,1.2168670342009191,1.2168670342009191,1.2168670342009191,1.2168670342009191,1.2168670342009191,1.2168670342009191
