obs_gdp,obs_hours,obs_wages,obs_gdpdeflator,obs_corepce,obs_nominalrate,obs_consumption,obs_investment,obs_BBBspread,obs_longinflation,obs_longrate,obs_tfp,obs_gdi,obs_AAAspread,obs_nominalrate1,obs_nominalrate2,obs_nominalrate3,obs_nominalrate4,obs_nominalrate5,obs_nominalrate6
0.5026252317523738,-45.124583724770396,0.5026252317523738,0.46565075297503167,0.49999999999998934,1.3086312142261525,0.5026252317523738,0.5026252317523738,0.421840397635478,0.49999999999998934,1.3086312142261525,0.0,0.5026252317523738,0.1174310227768634,1.3086312142261525,1.3086312142261525,1.3086312142261525,1.3086312142261525,1.3086312142261525,1.3086312142261525
