obs_gdp,obs_hours,obs_wages,obs_gdpdeflator,obs_corepce,obs_nominalrate,obs_consumption,obs_investment,obs_BBBspread,obs_longinflation,obs_longrate,obs_tfp,obs_gdi,obs_AAAspread,obs_nominalrate1,obs_nominalrate2,obs_nominalrate3,obs_nominalrate4,obs_nominalrate5,obs_nominalrate6
0.49086278088470436,-45.794866909579795,0.49086278088470436,0.46354971175822995,0.49999999999998934,1.2931850140553092,0.49086278088470436,0.49086278088470436,0.42897725451499225,0.49999999999998934,1.2931850140553092,0.0,0.49086278088470436,0.1174310227768634,1.2931850140553092,1.2931850140553092,1.2931850140553092,1.2931850140553092,1.2931850140553092,1.2931850140553092
