obs_gdp,obs_hours,obs_wages,obs_gdpdeflator,obs_corepce,obs_nominalrate,obs_consumption,obs_investment,obs_BBBspread,obs_longinflation,obs_longrate,obs_tfp,obs_gdi,obs_AAAspread,obs_nominalrate1,obs_nominalrate2,obs_nominalrate3,obs_nominalrate4,obs_nominalrate5,obs_nominalrate6
0.5208271550370736,-44.752291640450764,0.5208271550370736,0.4724051304207513,0.49999999999998934,1.2715070698204212,0.5208271550370736,0.5208271550370736,0.43474334657074415,0.49999999999998934,1.2715070698204212,0.0,0.5208271550370736,0.1174310227768634,1.2715070698204212,1.2715070698204212,1.2715070698204212,1.2715070698204212,1.2715070698204212,1.2715070698204212
