obs_gdp,obs_hours,obs_wages,obs_gdpdeflator,obs_corepce,obs_nominalrate,obs_consumption,obs_investment,obs_BBBspread,obs_longinflation,obs_longrate,obs_tfp,obs_gdi,obs_AAAspread,obs_nominalrate1,obs_nominalrate2,obs_nominalrate3,obs_nominalrate4,obs_nominalrate5,obs_nominalrate6
0.5099943682145058,-44.288626208721546,0.5099943682145058,0.4716750920246801,0.49999999999998934,1.2895078614624467,0.5099943682145058,0.5099943682145058,0.43662935885807486,0.49999999999998934,1.2895078614624467,0.0,0.5099943682145058,0.1174310227768634,1.2895078614624467,1.2895078614624467,1.2895078614624467,1.2895078614624467,1.2895078614624467,1.2895078614624467
