obs_gdp,obs_hours,obs_wages,obs_gdpdeflator,obs_corepce,obs_nominalrate,obs_consumption,obs_investment,obs_BBBspread,obs_longinflation,obs_longrate,obs_tfp,obs_gdi,obs_AAAspread,obs_nominalrate1,obs_nominalrate2,obs_nominalrate3,obs_nominalrate4,obs_nominalrate5,obs_nominalrate6
0.4877282535429517,-45.71063129196578,0.4877282535429517,0.46986236584911684,0.49999999999998934,1.3154041306419728,0.4877282535429517,0.4877282535429517,0.41678254043479007,0.49999999999998934,1.3154041306419728,0.0,0.4877282535429517,0.1174310227768634,1.3154041306419728,1.3154041306419728,1.3154041306419728,1.3154041306419728,1.3154041306419728,1.3154041306419728
