obs_gdp,obs_hours,obs_wages,obs_gdpdeflator,obs_corepce,obs_nominalrate,obs_consumption,obs_investment,obs_BBBspread,obs_longinflation,obs_longrate,obs_tfp,obs_gdi,obs_AAAspread,obs_nominalrate1,obs_nominalrate2,obs_nominalrate3,obs_nominalrate4,obs_nominalrate5,obs_nominalrate6
0.43857527200312774,-46.98777864400387,0.43857527200312774,0.47008280555602405,0.49999999999998934,1.2190721772541435,0.43857527200312774,0.43857527200312774,0.42349378844680824,0.49999999999998934,1.2190721772541435,0.0,0.43857527200312774,0.1174310227768634,1.2190721772541435,1.2190721772541435,1.2190721772541435,1.2190721772541435,1.2190721772541435,1.2190721772541435
