obs_gdp,obs_hours,obs_wages,obs_gdpdeflator,obs_corepce,obs_nominalrate,obs_consumption,obs_investment,obs_BBBspread,obs_longinflation,obs_longrate,obs_tfp,obs_gdi,obs_AAAspread,obs_nominalrate1,obs_nominalrate2,obs_nominalrate3,obs_nominalrate4,obs_nominalrate5,obs_nominalrate6
0.45752964373872995,-46.37022842854201,0.45752964373872995,0.47045153914273846,0.49999999999998934,1.2508582165862148,0.45752964373872995,0.45752964373872995,0.425072184873229,0.49999999999998934,1.2508582165862148,0.0,0.45752964373872995,0.1174310227768634,1.2508582165862148,1.2508582165862148,1.2508582165862148,1.2508582165862148,1.2508582165862148,1.2508582165862148
