obs_gdp,obs_hours,obs_wages,obs_gdpdeflator,obs_corepce,obs_nominalrate,obs_consumption,obs_investment,obs_BBBspread,obs_longinflation,obs_longrate,obs_tfp,obs_gdi,obs_AAAspread,obs_nominalrate1,obs_nominalrate2,obs_nominalrate3,obs_nominalrate4,obs_nominalrate5,obs_nominalrate6
0.4220762923709209,-47.505687695668044,0.4220762923709209,0.47248706910911,0.49999999999998934,1.1711153610596492,0.4220762923709209,0.4220762923709209,0.43641589177344203,0.49999999999998934,1.1711153610596492,0.0,0.4220762923709209,0.1174310227768634,1.1711153610596492,1.1711153610596492,1.1711153610596492,1.1711153610596492,1.1711153610596492,1.1711153610596492
