obs_gdp,obs_hours,obs_wages,obs_gdpdeflator,obs_corepce,obs_nominalrate,obs_consumption,obs_investment,obs_BBBspread,obs_longinflation,obs_longrate,obs_tfp,obs_gdi,obs_AAAspread,obs_nominalrate1,obs_nominalrate2,obs_nominalrate3,obs_nominalrate4,obs_nominalrate5,obs_nominalrate6
0.521401019816814,-44.003191251839176,0.521401019816814,0.47205475234940025,0.49999999999998934,1.3151862262269498,0.521401019816814,0.521401019816814,0.4345925833423394,0.49999999999998934,1.3151862262269498,0.0,0.521401019816814,0.1174310227768634,1.3151862262269498,1.3151862262269498,1.3151862262269498,1.3151862262269498,1.3151862262269498,1.3151862262269498
