obs_gdp,obs_hours,obs_wages,obs_gdpdeflator,obs_corepce,obs_nominalrate,obs_consumption,obs_investment,obs_BBBspread,obs_longinflation,obs_longrate,obs_tfp,obs_gdi,obs_AAAspread,obs_nominalrate1,obs_nominalrate2,obs_nominalrate3,obs_nominalrate4,obs_nominalrate5,obs_nominalrate6
0.5005967892752317,-44.929872352210005,0.5005967892752317,0.46985614043457624,0.49999999999998934,1.2509000971126616,0.5005967892752317,0.5005967892752317,0.43606277602271415,0.49999999999998934,1.2509000971126616,0.0,0.5005967892752317,0.1174310227768634,1.2509000971126616,1.2509000971126616,1.2509000971126616,1.2509000971126616,1.2509000971126616,1.2509000971126616
