obs_gdp,obs_hours,obs_wages,obs_gdpdeflator,obs_corepce,obs_nominalrate,obs_consumption,obs_investment,obs_BBBspread,obs_longinflation,obs_longrate,obs_tfp,obs_gdi,obs_AAAspread,obs_nominalrate1,obs_nominalrate2,obs_nominalrate3,obs_nominalrate4,obs_nominalrate5,obs_nominalrate6
0.4063769838651199,-48.711522911184176,0.4063769838651199,0.4659051267738944,0.49999999999998934,1.1871579745190042,0.4063769838651199,0.4063769838651199,0.42985342197317905,0.49999999999998934,1.1871579745190042,0.0,0.4063769838651199,0.1174310227768634,1.1871579745190042,1.1871579745190042,1.1871579745190042,1.1871579745190042,1.1871579745190042,1.1871579745190042
