obs_gdp,obs_hours,obs_wages,obs_gdpdeflator,obs_corepce,obs_nominalrate,obs_consumption,obs_investment,obs_BBBspread,obs_longinflation,obs_longrate,obs_tfp,obs_gdi,obs_AAAspread,obs_nominalrate1,obs_nominalrate2,obs_nominalrate3,obs_nominalrate4,obs_nominalrate5,obs_nominalrate6
0.4859127861872592,-46.11569153120821,0.4859127861872592,0.4652256363325305,0.49999999999998934,1.278908205289464,0.4859127861872592,0.4859127861872592,0.4308142272686979,0.49999999999998934,1.278908205289464,0.0,0.4859127861872592,0.1174310227768634,1.278908205289464,1.278908205289464,1.278908205289464,1.278908205289464,1.278908205289464,1.278908205289464
