obs_gdp,obs_hours,obs_wages,obs_gdpdeflator,obs_corepce,obs_nominalrate,obs_consumption,obs_investment,obs_BBBspread,obs_longinflation,obs_longrate,obs_tfp,obs_gdi,obs_AAAspread,obs_nominalrate1,obs_nominalrate2,obs_nominalrate3,obs_nominalrate4,obs_nominalrate5,obs_nominalrate6
0.4815702821912682,-45.68223187604531,0.4815702821912682,0.46862693380301823,0.49999999999998934,1.285631489935013,0.4815702821912682,0.4815702821912682,0.4233270969258028,0.49999999999998934,1.285631489935013,0.0,0.4815702821912682,0.1174310227768634,1.285631489935013,1.285631489935013,1.285631489935013,1.285631489935013,1.285631489935013,1.285631489935013
