obs_gdp,obs_hours,obs_wages,obs_gdpdeflator,obs_corepce,obs_nominalrate,obs_consumption,obs_investment,obs_BBBspread,obs_longinflation,obs_longrate,obs_tfp,obs_gdi,obs_AAAspread,obs_nominalrate1,obs_nominalrate2,obs_nominalrate3,obs_nominalrate4,obs_nominalrate5,obs_nominalrate6
0.4672969722134823,-46.40138804906009,0.4672969722134823,0.4654123664745678,0.49999999999998934,1.27137419604193,0.4672969722134823,0.4672969722134823,0.4337366600454575,0.49999999999998934,1.27137419604193,0.0,0.4672969722134823,0.1174310227768634,1.27137419604193,1.27137419604193,1.27137419604193,1.27137419604193,1.27137419604193,1.27137419604193
