obs_gdp,obs_hours,obs_wages,obs_gdpdeflator,obs_corepce,obs_nominalrate,obs_consumption,obs_investment,obs_BBBspread,obs_longinflation,obs_longrate,obs_tfp,obs_gdi,obs_AAAspread,obs_nominalrate1,obs_nominalrate2,obs_nominalrate3,obs_nominalrate4,obs_nominalrate5,obs_nominalrate6
0.5127081811609147,-44.5003252666185,0.5127081811609147,0.4695784541585324,0.49999999999998934,1.2656055993327087,0.5127081811609147,0.5127081811609147,0.43637063500126017,0.49999999999998934,1.2656055993327087,0.0,0.5127081811609147,0.1174310227768634,1.2656055993327087,1.2656055993327087,1.2656055993327087,1.2656055993327087,1.2656055993327087,1.2656055993327087
