obs_gdp,obs_hours,obs_wages,obs_gdpdeflator,obs_corepce,obs_nominalrate,obs_consumption,obs_investment,obs_BBBspread,obs_longinflation,obs_longrate,obs_tfp,obs_gdi,obs_AAAspread,obs_nominalrate1,obs_nominalrate2,obs_nominalrate3,obs_nominalrate4,obs_nominalrate5,obs_nominalrate6
0.5103791584776474,-44.4313751257383,0.5103791584776474,0.4718726393075613,0.49999999999998934,1.3014156816294253,0.5103791584776474,0.5103791584776474,0.4328347991334268,0.49999999999998934,1.3014156816294253,0.0,0.5103791584776474,0.1174310227768634,1.3014156816294253,1.3014156816294253,1.3014156816294253,1.3014156816294253,1.3014156816294253,1.3014156816294253
