obs_gdp,obs_hours,obs_wages,obs_gdpdeflator,obs_corepce,obs_nominalrate,obs_consumption,obs_investment,obs_BBBspread,obs_longinflation,obs_longrate,obs_tfp,obs_gdi,obs_AAAspread,obs_nominalrate1,obs_nominalrate2,obs_nominalrate3,obs_nominalrate4,obs_nominalrate5,obs_nominalrate6
0.3973377906205888,-49.227936205317086,0.3973377906205888,0.46611654103561156,0.49999999999998934,1.1476962626801646,0.3973377906205888,0.3973377906205888,0.4192165719568557,0.49999999999998934,1.1476962626801646,0.0,0.3973377906205888,0.1174310227768634,1.1476962626801646,1.1476962626801646,1.1476962626801646,1.1476962626801646,1.1476962626801646,1.1476962626801646
