obs_gdp,obs_hours,obs_wages,obs_gdpdeflator,obs_corepce,obs_nominalrate,obs_consumption,obs_investment,obs_BBBspread,obs_longinflation,obs_longrate,obs_tfp,obs_gdi,obs_AAAspread,obs_nominalrate1,obs_nominalrate2,obs_nominalrate3,obs_nominalrate4,obs_nominalrate5,obs_nominalrate6
0.4650443650088043,-46.70979264516259,0.4650443650088043,0.4638066822165479,0.49999999999998934,1.2489268740397685,0.4650443650088043,0.4650443650088043,0.42842116212956743,0.49999999999998934,1.2489268740397685,0.0,0.4650443650088043,0.1174310227768634,1.2489268740397685,1.2489268740397685,1.2489268740397685,1.2489268740397685,1.2489268740397685,1.2489268740397685
