obs_gdp,obs_hours,obs_wages,obs_gdpdeflator,obs_corepce,obs_nominalrate,obs_consumption,obs_investment,obs_BBBspread,obs_longinflation,obs_longrate,obs_tfp,obs_gdi,obs_AAAspread,obs_nominalrate1,obs_nominalrate2,obs_nominalrate3,obs_nominalrate4,obs_nominalrate5,obs_nominalrate6
0.5462718456003435,-44.10590304529067,0.5462718456003435,0.4635687197631944,0.49999999999998934,1.3736362544241487,0.5462718456003435,0.5462718456003435,0.42959866882703973,0.49999999999998934,1.3736362544241487,0.0,0.5462718456003435,0.1174310227768634,1.3736362544241487,1.3736362544241487,1.3736362544241487,1.3736362544241487,1.3736362544241487,1.3736362544241487
