obs_gdp,obs_hours,obs_wages,obs_gdpdeflator,obs_corepce,obs_nominalrate,obs_consumption,obs_investment,obs_BBBspread,obs_longinflation,obs_longrate,obs_tfp,obs_gdi,obs_AAAspread,obs_nominalrate1,obs_nominalrate2,obs_nominalrate3,obs_nominalrate4,obs_nominalrate5,obs_nominalrate6
0.5415945431001878,-43.83235236819992,0.5415945431001878,0.4663413291971354,0.49999999999998934,1.3813617822663549,0.5415945431001878,0.5415945431001878,0.431004750759177,0.49999999999998934,1.3813617822663549,0.0,0.5415945431001878,0.1174310227768634,1.3813617822663549,1.3813617822663549,1.3813617822663549,1.3813617822663549,1.3813617822663549,1.3813617822663549
