obs_gdp,obs_hours,obs_wages,obs_gdpdeflator,obs_corepce,obs_nominalrate,obs_consumption,obs_investment,obs_BBBspread,obs_longinflation,obs_longrate,obs_tfp,obs_gdi,obs_AAAspread,obs_nominalrate1,obs_nominalrate2,obs_nominalrate3,obs_nominalrate4,obs_nominalrate5,obs_nominalrate6
0.42004243979680833,-47.75915294527041,0.42004243979680833,0.4706562849821869,0.49999999999998934,1.196783571563298,0.42004243979680833,0.42004243979680833,0.42335887042456366,0.49999999999998934,1.196783571563298,0.0,0.42004243979680833,0.1174310227768634,1.196783571563298,1.196783571563298,1.196783571563298,1.196783571563298,1.196783571563298,1.196783571563298
