obs_gdp,obs_hours,obs_wages,obs_gdpdeflator,obs_corepce,obs_nominalrate,obs_consumption,obs_investment,obs_BBBspread,obs_longinflation,obs_longrate,obs_tfp,obs_gdi,obs_AAAspread,obs_nominalrate1,obs_nominalrate2,obs_nominalrate3,obs_nominalrate4,obs_nominalrate5,obs_nominalrate6
0.5061213647030494,-45.41602817088315,0.5061213647030494,0.4635784897560818,0.49999999999998934,1.3002670521132798,0.5061213647030494,0.5061213647030494,0.41913885585514465,0.49999999999998934,1.3002670521132798,0.0,0.5061213647030494,0.1174310227768634,1.3002670521132798,1.3002670521132798,1.3002670521132798,1.3002670521132798,1.3002670521132798,1.3002670521132798
