obs_gdp,obs_hours,obs_wages,obs_gdpdeflator,obs_corepce,obs_nominalrate,obs_consumption,obs_investment,obs_BBBspread,obs_longinflation,obs_longrate,obs_tfp,obs_gdi,obs_AAAspread,obs_nominalrate1,obs_nominalrate2,obs_nominalrate3,obs_nominalrate4,obs_nominalrate5,obs_nominalrate6
0.4494672894066687,-47.153643699627004,0.4494672894066687,0.46466987599075416,0.49999999999998934,1.2427488398652153,0.4494672894066687,0.4494672894066687,0.42900650305974636,0.49999999999998934,1.2427488398652153,0.0,0.4494672894066687,0.1174310227768634,1.2427488398652153,1.2427488398652153,1.2427488398652153,1.2427488398652153,1.2427488398652153,1.2427488398652153
