obs_gdp,obs_hours,obs_wages,obs_gdpdeflator,obs_corepce,obs_nominalrate,obs_consumption,obs_investment,obs_BBBspread,obs_longinflation,obs_longrate,obs_tfp,obs_gdi,obs_AAAspread,obs_nominalrate1,obs_nominalrate2,obs_nominalrate3,obs_nominalrate4,obs_nominalrate5,obs_nominalrate6
0.5099154471388312,-44.929680135115085,0.5099154471388312,0.4710768729870719,0.49999999999998934,1.2518551348860374,0.5099154471388312,0.5099154471388312,0.43587383254753603,0.49999999999998934,1.2518551348860374,0.0,0.5099154471388312,0.1174310227768634,1.2518551348860374,1.2518551348860374,1.2518551348860374,1.2518551348860374,1.2518551348860374,1.2518551348860374
