obs_gdp,obs_hours,obs_wages,obs_gdpdeflator,obs_corepce,obs_nominalrate,obs_consumption,obs_investment,obs_BBBspread,obs_longinflation,obs_longrate,obs_tfp,obs_gdi,obs_AAAspread,obs_nominalrate1,obs_nominalrate2,obs_nominalrate3,obs_nominalrate4,obs_nominalrate5,obs_nominalrate6
0.5041043257421496,-45.626771524905834,0.5041043257421496,0.46578020595112135,0.49999999999998934,1.2944740391807041,0.5041043257421496,0.5041043257421496,0.4232004816114727,0.49999999999998934,1.2944740391807041,0.0,0.5041043257421496,0.1174310227768634,1.2944740391807041,1.2944740391807041,1.2944740391807041,1.2944740391807041,1.2944740391807041,1.2944740391807041
