obs_gdp,obs_hours,obs_wages,obs_gdpdeflator,obs_corepce,obs_nominalrate,obs_consumption,obs_investment,obs_BBBspread,obs_longinflation,obs_longrate,obs_tfp,obs_gdi,obs_AAAspread,obs_nominalrate1,obs_nominalrate2,obs_nominalrate3,obs_nominalrate4,obs_nominalrate5,obs_nominalrate6
0.5070308056969841,-44.98391287902391,0.5070308056969841,0.466696990953409,0.49999999999998934,1.3317878420738838,0.5070308056969841,0.5070308056969841,0.43124172913113645,0.49999999999998934,1.3317878420738838,0.0,0.5070308056969841,0.1174310227768634,1.3317878420738838,1.3317878420738838,1.3317878420738838,1.3317878420738838,1.3317878420738838,1.3317878420738838
