obs_gdp,obs_hours,obs_wages,obs_gdpdeflator,obs_corepce,obs_nominalrate,obs_consumption,obs_investment,obs_BBBspread,obs_longinflation,obs_longrate,obs_tfp,obs_gdi,obs_AAAspread,obs_nominalrate1,obs_nominalrate2,obs_nominalrate3,obs_nominalrate4,obs_nominalrate5,obs_nominalrate6
0.5141422290291908,-44.68193992097128,0.5141422290291908,0.4679097539116622,0.49999999999998934,1.3330905191232922,0.5141422290291908,0.5141422290291908,0.424610130159501,0.49999999999998934,1.3330905191232922,0.0,0.5141422290291908,0.1174310227768634,1.3330905191232922,1.3330905191232922,1.3330905191232922,1.3330905191232922,1.3330905191232922,1.3330905191232922
