obs_gdp,obs_hours,obs_wages,obs_gdpdeflator,obs_corepce,obs_nominalrate,obs_consumption,obs_investment,obs_BBBspread,obs_longinflation,obs_longrate,obs_tfp,obs_gdi,obs_AAAspread,obs_nominalrate1,obs_nominalrate2,obs_nominalrate3,obs_nominalrate4,obs_nominalrate5,obs_nominalrate6
0.5308598049197144,-44.41008862057481,0.5308598049197144,0.46301573244317284,0.49999999999998934,1.3422405400140835,0.5308598049197144,0.5308598049197144,0.42839611573648506,0.49999999999998934,1.3422405400140835,0.0,0.5308598049197144,0.1174310227768634,1.3422405400140835,1.3422405400140835,1.3422405400140835,1.3422405400140835,1.3422405400140835,1.3422405400140835
