obs_gdp,obs_hours,obs_wages,obs_gdpdeflator,obs_corepce,obs_nominalrate,obs_consumption,obs_investment,obs_BBBspread,obs_longinflation,obs_longrate,obs_tfp,obs_gdi,obs_AAAspread,obs_nominalrate1,obs_nominalrate2,obs_nominalrate3,obs_nominalrate4,obs_nominalrate5,obs_nominalrate6
0.4847234247547183,-45.153164439475376,0.4847234247547183,0.4714100094973436,0.49999999999998934,1.251655453792,0.4847234247547183,0.4847234247547183,0.43676270210181833,0.49999999999998934,1.251655453792,0.0,0.4847234247547183,0.1174310227768634,1.251655453792,1.251655453792,1.251655453792,1.251655453792,1.251655453792,1.251655453792
