obs_gdp,obs_hours,obs_wages,obs_gdpdeflator,obs_corepce,obs_nominalrate,obs_consumption,obs_investment,obs_BBBspread,obs_longinflation,obs_longrate,obs_tfp,obs_gdi,obs_AAAspread,obs_nominalrate1,obs_nominalrate2,obs_nominalrate3,obs_nominalrate4,obs_nominalrate5,obs_nominalrate6
0.46845658244909494,-46.40902466141967,0.46845658244909494,0.47297226387739666,0.49999999999998934,1.1900748433931518,0.46845658244909494,0.46845658244909494,0.43535987990329217,0.49999999999998934,1.1900748433931518,0.0,0.46845658244909494,0.1174310227768634,1.1900748433931518,1.1900748433931518,1.1900748433931518,1.1900748433931518,1.1900748433931518,1.1900748433931518
