obs_gdp,obs_hours,obs_wages,obs_gdpdeflator,obs_corepce,obs_nominalrate,obs_consumption,obs_investment,obs_BBBspread,obs_longinflation,obs_longrate,obs_tfp,obs_gdi,obs_AAAspread,obs_nominalrate1,obs_nominalrate2,obs_nominalrate3,obs_nominalrate4,obs_nominalrate5,obs_nominalrate6
0.4921754249992638,-45.504598975190405,0.4921754249992638,0.4656204520162899,0.49999999999998934,1.2939371535781286,0.4921754249992638,0.4921754249992638,0.4214732476487533,0.49999999999998934,1.2939371535781286,0.0,0.4921754249992638,0.1174310227768634,1.2939371535781286,1.2939371535781286,1.2939371535781286,1.2939371535781286,1.2939371535781286,1.2939371535781286
