obs_gdp,obs_hours,obs_wages,obs_gdpdeflator,obs_corepce,obs_nominalrate,obs_consumption,obs_investment,obs_BBBspread,obs_longinflation,obs_longrate,obs_tfp,obs_gdi,obs_AAAspread,obs_nominalrate1,obs_nominalrate2,obs_nominalrate3,obs_nominalrate4,obs_nominalrate5,obs_nominalrate6
0.5138134278517281,-44.81693843801357,0.5138134278517281,0.46452633693579465,0.49999999999998934,1.3391988530755627,0.5138134278517281,0.5138134278517281,0.43314007305321983,0.49999999999998934,1.3391988530755627,0.0,0.5138134278517281,0.1174310227768634,1.3391988530755627,1.3391988530755627,1.3391988530755627,1.3391988530755627,1.3391988530755627,1.3391988530755627
