obs_gdp,obs_hours,obs_wages,obs_gdpdeflator,obs_corepce,obs_nominalrate,obs_consumption,obs_investment,obs_BBBspread,obs_longinflation,obs_longrate,obs_tfp,obs_gdi,obs_AAAspread,obs_nominalrate1,obs_nominalrate2,obs_nominalrate3,obs_nominalrate4,obs_nominalrate5,obs_nominalrate6
0.4544133441805265,-47.00536816065787,0.4544133441805265,0.46422610528042496,0.49999999999998934,1.246553665025063,0.4544133441805265,0.4544133441805265,0.4303799600650694,0.49999999999998934,1.246553665025063,0.0,0.4544133441805265,0.1174310227768634,1.246553665025063,1.246553665025063,1.246553665025063,1.246553665025063,1.246553665025063,1.246553665025063
