obs_gdp,obs_hours,obs_wages,obs_gdpdeflator,obs_corepce,obs_nominalrate,obs_consumption,obs_investment,obs_BBBspread,obs_longinflation,obs_longrate,obs_tfp,obs_gdi,obs_AAAspread,obs_nominalrate1,obs_nominalrate2,obs_nominalrate3,obs_nominalrate4,obs_nominalrate5,obs_nominalrate6
0.5009731963537822,-45.27669719646475,0.5009731963537822,0.46513643335991406,0.49999999999998934,1.2959084109000152,0.5009731963537822,0.5009731963537822,0.42561186815786944,0.49999999999998934,1.2959084109000152,0.0,0.5009731963537822,0.1174310227768634,1.2959084109000152,1.2959084109000152,1.2959084109000152,1.2959084109000152,1.2959084109000152,1.2959084109000152
