obs_gdp,obs_hours,obs_wages,obs_gdpdeflator,obs_corepce,obs_nominalrate,obs_consumption,obs_investment,obs_BBBspread,obs_longinflation,obs_longrate,obs_tfp,obs_gdi,obs_AAAspread,obs_nominalrate1,obs_nominalrate2,obs_nominalrate3,obs_nominalrate4,obs_nominalrate5,obs_nominalrate6
0.4684743765485333,-45.840220302194204,0.4684743765485333,0.46976683028981914,0.49999999999998934,1.260979437094245,0.4684743765485333,0.4684743765485333,0.4288147193715628,0.49999999999998934,1.260979437094245,0.0,0.4684743765485333,0.1174310227768634,1.260979437094245,1.260979437094245,1.260979437094245,1.260979437094245,1.260979437094245,1.260979437094245
