obs_gdp,obs_hours,obs_wages,obs_gdpdeflator,obs_corepce,obs_nominalrate,obs_consumption,obs_investment,obs_BBBspread,obs_longinflation,obs_longrate,obs_tfp,obs_gdi,obs_AAAspread,obs_nominalrate1,obs_nominalrate2,obs_nominalrate3,obs_nominalrate4,obs_nominalrate5,obs_nominalrate6
0.5355425684449466,-43.802471993230796,0.5355425684449466,0.46762406431614373,0.49999999999998934,1.371339697259355,0.5355425684449466,0.5355425684449466,0.42158035073039746,0.49999999999998934,1.371339697259355,0.0,0.5355425684449466,0.1174310227768634,1.371339697259355,1.371339697259355,1.371339697259355,1.371339697259355,1.371339697259355,1.371339697259355
