obs_gdp,obs_hours,obs_wages,obs_gdpdeflator,obs_corepce,obs_nominalrate,obs_consumption,obs_investment,obs_BBBspread,obs_longinflation,obs_longrate,obs_tfp,obs_gdi,obs_AAAspread,obs_nominalrate1,obs_nominalrate2,obs_nominalrate3,obs_nominalrate4,obs_nominalrate5,obs_nominalrate6
0.5347168457400908,-43.78092755644618,0.5347168457400908,0.47417130066492,0.49999999999998934,1.3038011346586664,0.5347168457400908,0.5347168457400908,0.4404014674648739,0.49999999999998934,1.3038011346586664,0.0,0.5347168457400908,0.1174310227768634,1.3038011346586664,1.3038011346586664,1.3038011346586664,1.3038011346586664,1.3038011346586664,1.3038011346586664
