obs_gdp,obs_hours,obs_wages,obs_gdpdeflator,obs_corepce,obs_nominalrate,obs_consumption,obs_investment,obs_BBBspread,obs_longinflation,obs_longrate,obs_tfp,obs_gdi,obs_AAAspread,obs_nominalrate1,obs_nominalrate2,obs_nominalrate3,obs_nominalrate4,obs_nominalrate5,obs_nominalrate6
0.48111284765870455,-45.95241313604065,0.48111284765870455,0.4721584022195456,0.49999999999998934,1.2054057056389178,0.48111284765870455,0.48111284765870455,0.4385079269791646,0.49999999999998934,1.2054057056389178,0.0,0.48111284765870455,0.1174310227768634,1.2054057056389178,1.2054057056389178,1.2054057056389178,1.2054057056389178,1.2054057056389178,1.2054057056389178
