obs_gdp,obs_hours,obs_wages,obs_gdpdeflator,obs_corepce,obs_nominalrate,obs_consumption,obs_investment,obs_BBBspread,obs_longinflation,obs_longrate,obs_tfp,obs_gdi,obs_AAAspread,obs_nominalrate1,obs_nominalrate2,obs_nominalrate3,obs_nominalrate4,obs_nominalrate5,obs_nominalrate6
0.4729929162943236,-46.22842012273897,0.4729929162943236,0.47211291359586943,0.49999999999998934,1.1936496842175126,0.4729929162943236,0.4729929162943236,0.4367078974246783,0.49999999999998934,1.1936496842175126,0.0,0.4729929162943236,0.1174310227768634,1.1936496842175126,1.1936496842175126,1.1936496842175126,1.1936496842175126,1.1936496842175126,1.1936496842175126
