obs_gdp,obs_hours,obs_wages,obs_gdpdeflator,obs_corepce,obs_nominalrate,obs_consumption,obs_investment,obs_BBBspread,obs_longinflation,obs_longrate,obs_tfp,obs_gdi,obs_AAAspread,obs_nominalrate1,obs_nominalrate2,obs_nominalrate3,obs_nominalrate4,obs_nominalrate5,obs_nominalrate6
0.4732787273591832,-45.62891246169949,0.4732787273591832,0.47182041996771656,0.49999999999998934,1.2380565467197124,0.4732787273591832,0.4732787273591832,0.43688894322022237,0.49999999999998934,1.2380565467197124,0.0,0.4732787273591832,0.1174310227768634,1.2380565467197124,1.2380565467197124,1.2380565467197124,1.2380565467197124,1.2380565467197124,1.2380565467197124
