obs_gdp,obs_hours,obs_wages,obs_gdpdeflator,obs_corepce,obs_nominalrate,obs_consumption,obs_investment,obs_BBBspread,obs_longinflation,obs_longrate,obs_tfp,obs_gdi,obs_AAAspread,obs_nominalrate1,obs_nominalrate2,obs_nominalrate3,obs_nominalrate4,obs_nominalrate5,obs_nominalrate6
0.4658111513581087,-46.93927816217724,0.4658111513581087,0.46716782948789287,0.49999999999998934,1.239870090998596,0.4658111513581087,0.4658111513581087,0.42033787820212315,0.49999999999998934,1.239870090998596,0.0,0.4658111513581087,0.1174310227768634,1.239870090998596,1.239870090998596,1.239870090998596,1.239870090998596,1.239870090998596,1.239870090998596
