obs_gdp,obs_hours,obs_wages,obs_gdpdeflator,obs_corepce,obs_nominalrate,obs_consumption,obs_investment,obs_BBBspread,obs_longinflation,obs_longrate,obs_tfp,obs_gdi,obs_AAAspread,obs_nominalrate1,obs_nominalrate2,obs_nominalrate3,obs_nominalrate4,obs_nominalrate5,obs_nominalrate6
0.4721212315901724,-45.729498464159725,0.4721212315901724,0.47135945604377283,0.49999999999998934,1.2312766527103225,0.4721212315901724,0.4721212315901724,0.43662313261503877,0.49999999999998934,1.2312766527103225,0.0,0.4721212315901724,0.1174310227768634,1.2312766527103225,1.2312766527103225,1.2312766527103225,1.2312766527103225,1.2312766527103225,1.2312766527103225
