obs_gdp,obs_hours,obs_wages,obs_gdpdeflator,obs_corepce,obs_nominalrate,obs_consumption,obs_investment,obs_BBBspread,obs_longinflation,obs_longrate,obs_tfp,obs_gdi,obs_AAAspread,obs_nominalrate1,obs_nominalrate2,obs_nominalrate3,obs_nominalrate4,obs_nominalrate5,obs_nominalrate6
0.4632939799261271,-46.024439799166196,0.4632939799261271,0.471636229972026,0.49999999999998934,1.2029421456953626,0.4632939799261271,0.4632939799261271,0.4351680347704911,0.49999999999998934,1.2029421456953626,0.0,0.4632939799261271,0.1174310227768634,1.2029421456953626,1.2029421456953626,1.2029421456953626,1.2029421456953626,1.2029421456953626,1.2029421456953626
