obs_gdp,obs_hours,obs_wages,obs_gdpdeflator,obs_corepce,obs_nominalrate,obs_consumption,obs_investment,obs_BBBspread,obs_longinflation,obs_longrate,obs_tfp,obs_gdi,obs_AAAspread,obs_nominalrate1,obs_nominalrate2,obs_nominalrate3,obs_nominalrate4,obs_nominalrate5,obs_nominalrate6
0.513252214994675,-44.92118363051442,0.513252214994675,0.46719148886478923,0.49999999999998934,1.3423704436335449,0.513252214994675,0.513252214994675,0.42118027339975134,0.49999999999998934,1.3423704436335449,0.0,0.513252214994675,0.1174310227768634,1.3423704436335449,1.3423704436335449,1.3423704436335449,1.3423704436335449,1.3423704436335449,1.3423704436335449
