obs_gdp,obs_hours,obs_wages,obs_gdpdeflator,obs_corepce,obs_nominalrate,obs_consumption,obs_investment,obs_BBBspread,obs_longinflation,obs_longrate,obs_tfp,obs_gdi,obs_AAAspread,obs_nominalrate1,obs_nominalrate2,obs_nominalrate3,obs_nominalrate4,obs_nominalrate5,obs_nominalrate6
0.43683288576679136,-47.61373674964891,0.43683288576679136,0.46479174989667343,0.49999999999998934,1.2228528106024816,0.43683288576679136,0.43683288576679136,0.4301864915116388,0.49999999999998934,1.2228528106024816,0.0,0.43683288576679136,0.1174310227768634,1.2228528106024816,1.2228528106024816,1.2228528106024816,1.2228528106024816,1.2228528106024816,1.2228528106024816
