obs_gdp,obs_hours,obs_wages,obs_gdpdeflator,obs_corepce,obs_nominalrate,obs_consumption,obs_investment,obs_BBBspread,obs_longinflation,obs_longrate,obs_tfp,obs_gdi,obs_AAAspread,obs_nominalrate1,obs_nominalrate2,obs_nominalrate3,obs_nominalrate4,obs_nominalrate5,obs_nominalrate6
0.49264212999518,-45.647419001095926,0.49264212999518,0.4676179014944381,0.49999999999998934,1.309440359110181,0.49264212999518,0.49264212999518,0.4212657166807038,0.49999999999998934,1.309440359110181,0.0,0.49264212999518,0.1174310227768634,1.309440359110181,1.309440359110181,1.309440359110181,1.309440359110181,1.309440359110181,1.309440359110181
