obs_gdp,obs_hours,obs_wages,obs_gdpdeflator,obs_corepce,obs_nominalrate,obs_consumption,obs_investment,obs_BBBspread,obs_longinflation,obs_longrate,obs_tfp,obs_gdi,obs_AAAspread,obs_nominalrate1,obs_nominalrate2,obs_nominalrate3,obs_nominalrate4,obs_nominalrate5,obs_nominalrate6
0.5166098257315621,-44.313725635401795,0.5166098257315621,0.4686017769805852,0.49999999999998934,1.3306579638645122,0.5166098257315621,0.5166098257315621,0.423681426730659,0.49999999999998934,1.3306579638645122,0.0,0.5166098257315621,0.1174310227768634,1.3306579638645122,1.3306579638645122,1.3306579638645122,1.3306579638645122,1.3306579638645122,1.3306579638645122
