obs_gdp,obs_hours,obs_wages,obs_gdpdeflator,obs_corepce,obs_nominalrate,obs_consumption,obs_investment,obs_BBBspread,obs_longinflation,obs_longrate,obs_tfp,obs_gdi,obs_AAAspread,obs_nominalrate1,obs_nominalrate2,obs_nominalrate3,obs_nominalrate4,obs_nominalrate5,obs_nominalrate6
0.48805963483218306,-45.43369110422457,0.48805963483218306,0.46869872433822324,0.49999999999998934,1.2968363776927339,0.48805963483218306,0.48805963483218306,0.42198435619527164,0.49999999999998934,1.2968363776927339,0.0,0.48805963483218306,0.1174310227768634,1.2968363776927339,1.2968363776927339,1.2968363776927339,1.2968363776927339,1.2968363776927339,1.2968363776927339
