obs_gdp,obs_hours,obs_wages,obs_gdpdeflator,obs_corepce,obs_nominalrate,obs_consumption,obs_investment,obs_BBBspread,obs_longinflation,obs_longrate,obs_tfp,obs_gdi,obs_AAAspread,obs_nominalrate1,obs_nominalrate2,obs_nominalrate3,obs_nominalrate4,obs_nominalrate5,obs_nominalrate6
0.5105403646414652,-44.929266570592304,0.5105403646414652,0.4654285932565264,0.49999999999998934,1.3197377180818481,0.5105403646414652,0.5105403646414652,0.4192487036840822,0.49999999999998934,1.3197377180818481,0.0,0.5105403646414652,0.1174310227768634,1.3197377180818481,1.3197377180818481,1.3197377180818481,1.3197377180818481,1.3197377180818481,1.3197377180818481
