obs_gdp,obs_hours,obs_wages,obs_gdpdeflator,obs_corepce,obs_nominalrate,obs_consumption,obs_investment,obs_BBBspread,obs_longinflation,obs_longrate,obs_tfp,obs_gdi,obs_AAAspread,obs_nominalrate1,obs_nominalrate2,obs_nominalrate3,obs_nominalrate4,obs_nominalrate5,obs_nominalrate6
0.4500764953369929,-46.806210778163454,0.4500764953369929,0.4740864064314234,0.49999999999998934,1.1882029562513718,0.4500764953369929,0.4500764953369929,0.4352096708920024,0.49999999999998934,1.1882029562513718,0.0,0.4500764953369929,0.1174310227768634,1.1882029562513718,1.1882029562513718,1.1882029562513718,1.1882029562513718,1.1882029562513718,1.1882029562513718
