obs_gdp,obs_hours,obs_wages,obs_gdpdeflator,obs_corepce,obs_nominalrate,obs_consumption,obs_investment,obs_BBBspread,obs_longinflation,obs_longrate,obs_tfp,obs_gdi,obs_AAAspread,obs_nominalrate1,obs_nominalrate2,obs_nominalrate3,obs_nominalrate4,obs_nominalrate5,obs_nominalrate6
0.5166147456996617,-44.92904452194597,0.5166147456996617,0.46588257407719785,0.49999999999998934,1.3188332428502925,0.5166147456996617,0.5166147456996617,0.4245606231811665,0.49999999999998934,1.3188332428502925,0.0,0.5166147456996617,0.1174310227768634,1.3188332428502925,1.3188332428502925,1.3188332428502925,1.3188332428502925,1.3188332428502925,1.3188332428502925
