obs_gdp,obs_hours,obs_wages,obs_gdpdeflator,obs_corepce,obs_nominalrate,obs_consumption,obs_investment,obs_BBBspread,obs_longinflation,obs_longrate,obs_tfp,obs_gdi,obs_AAAspread,obs_nominalrate1,obs_nominalrate2,obs_nominalrate3,obs_nominalrate4,obs_nominalrate5,obs_nominalrate6
0.3989316075765581,-48.993057686489585,0.3989316075765581,0.4664385411845072,0.49999999999998934,1.1791461819242288,0.3989316075765581,0.3989316075765581,0.42994400250002135,0.49999999999998934,1.1791461819242288,0.0,0.3989316075765581,0.1174310227768634,1.1791461819242288,1.1791461819242288,1.1791461819242288,1.1791461819242288,1.1791461819242288,1.1791461819242288
