obs_gdp,obs_hours,obs_wages,obs_gdpdeflator,obs_corepce,obs_nominalrate,obs_consumption,obs_investment,obs_BBBspread,obs_longinflation,obs_longrate,obs_tfp,obs_gdi,obs_AAAspread,obs_nominalrate1,obs_nominalrate2,obs_nominalrate3,obs_nominalrate4,obs_nominalrate5,obs_nominalrate6
0.496872166255824,-44.841412079224135,0.496872166255824,0.4705483797744379,0.49999999999998934,1.2681911156416703,0.496872166255824,0.496872166255824,0.43597886593398094,0.49999999999998934,1.2681911156416703,0.0,0.496872166255824,0.1174310227768634,1.2681911156416703,1.2681911156416703,1.2681911156416703,1.2681911156416703,1.2681911156416703,1.2681911156416703
