obs_gdp,obs_hours,obs_wages,obs_gdpdeflator,obs_corepce,obs_nominalrate,obs_consumption,obs_investment,obs_BBBspread,obs_longinflation,obs_longrate,obs_tfp,obs_gdi,obs_AAAspread,obs_nominalrate1,obs_nominalrate2,obs_nominalrate3,obs_nominalrate4,obs_nominalrate5,obs_nominalrate6
0.5381585215189721,-43.43708190141584,0.5381585215189721,0.4708742462098289,0.49999999999998934,1.3306817018581718,0.5381585215189721,0.5381585215189721,0.4361235366738916,0.49999999999998934,1.3306817018581718,0.0,0.5381585215189721,0.1174310227768634,1.3306817018581718,1.3306817018581718,1.3306817018581718,1.3306817018581718,1.3306817018581718,1.3306817018581718
