obs_gdp,obs_hours,obs_wages,obs_gdpdeflator,obs_corepce,obs_nominalrate,obs_consumption,obs_investment,obs_BBBspread,obs_longinflation,obs_longrate,obs_tfp,obs_gdi,obs_AAAspread,obs_nominalrate1,obs_nominalrate2,obs_nominalrate3,obs_nominalrate4,obs_nominalrate5,obs_nominalrate6
0.4801619742307306,-45.92189228631199,0.4801619742307306,0.4655260698983816,0.49999999999998934,1.2939073984829408,0.4801619742307306,0.4801619742307306,0.4338576991934146,0.49999999999998934,1.2939073984829408,0.0,0.4801619742307306,0.1174310227768634,1.2939073984829408,1.2939073984829408,1.2939073984829408,1.2939073984829408,1.2939073984829408,1.2939073984829408
