obs_gdp,obs_hours,obs_wages,obs_gdpdeflator,obs_corepce,obs_nominalrate,obs_consumption,obs_investment,obs_BBBspread,obs_longinflation,obs_longrate,obs_tfp,obs_gdi,obs_AAAspread,obs_nominalrate1,obs_nominalrate2,obs_nominalrate3,obs_nominalrate4,obs_nominalrate5,obs_nominalrate6
0.4458019357289178,-46.51360291933672,0.4458019357289178,0.47078388128471416,0.49999999999998934,1.2314383791431682,0.4458019357289178,0.4458019357289178,0.42808840611437693,0.49999999999998934,1.2314383791431682,0.0,0.4458019357289178,0.1174310227768634,1.2314383791431682,1.2314383791431682,1.2314383791431682,1.2314383791431682,1.2314383791431682,1.2314383791431682
