obs_gdp,obs_hours,obs_wages,obs_gdpdeflator,obs_corepce,obs_nominalrate,obs_consumption,obs_investment,obs_BBBspread,obs_longinflation,obs_longrate,obs_tfp,obs_gdi,obs_AAAspread,obs_nominalrate1,obs_nominalrate2,obs_nominalrate3,obs_nominalrate4,obs_nominalrate5,obs_nominalrate6
0.5056394840170952,-45.11776987175347,0.5056394840170952,0.46831959523265587,0.49999999999998934,1.3230988308167158,0.5056394840170952,0.5056394840170952,0.4232516771908282,0.49999999999998934,1.3230988308167158,0.0,0.5056394840170952,0.1174310227768634,1.3230988308167158,1.3230988308167158,1.3230988308167158,1.3230988308167158,1.3230988308167158,1.3230988308167158
