obs_gdp,obs_hours,obs_wages,obs_gdpdeflator,obs_corepce,obs_nominalrate,obs_consumption,obs_investment,obs_BBBspread,obs_longinflation,obs_longrate,obs_tfp,obs_gdi,obs_AAAspread,obs_nominalrate1,obs_nominalrate2,obs_nominalrate3,obs_nominalrate4,obs_nominalrate5,obs_nominalrate6
0.5393589139617072,-44.004886962849206,0.5393589139617072,0.46838795158266056,0.49999999999998934,1.3851933679210893,0.5393589139617072,0.5393589139617072,0.4198600871045592,0.49999999999998934,1.3851933679210893,0.0,0.5393589139617072,0.1174310227768634,1.3851933679210893,1.3851933679210893,1.3851933679210893,1.3851933679210893,1.3851933679210893,1.3851933679210893
