obs_gdp,obs_hours,obs_wages,obs_gdpdeflator,obs_corepce,obs_nominalrate,obs_consumption,obs_investment,obs_BBBspread,obs_longinflation,obs_longrate,obs_tfp,obs_gdi,obs_AAAspread,obs_nominalrate1,obs_nominalrate2,obs_nominalrate3,obs_nominalrate4,obs_nominalrate5,obs_nominalrate6
0.49971718885108984,-45.358392691808085,0.49971718885108984,0.472840276076445,0.49999999999998934,1.240258026713703,0.49971718885108984,0.49971718885108984,0.43469738545078823,0.49999999999998934,1.240258026713703,0.0,0.49971718885108984,0.1174310227768634,1.240258026713703,1.240258026713703,1.240258026713703,1.240258026713703,1.240258026713703,1.240258026713703
