obs_gdp,obs_hours,obs_wages,obs_gdpdeflator,obs_corepce,obs_nominalrate,obs_consumption,obs_investment,obs_BBBspread,obs_longinflation,obs_longrate,obs_tfp,obs_gdi,obs_AAAspread,obs_nominalrate1,obs_nominalrate2,obs_nominalrate3,obs_nominalrate4,obs_nominalrate5,obs_nominalrate6
0.4854007432758767,-46.01585117396434,0.4854007432758767,0.46417878141554425,0.49999999999998934,1.2701846945591733,0.4854007432758767,0.4854007432758767,0.42805921963793614,0.49999999999998934,1.2701846945591733,0.0,0.4854007432758767,0.1174310227768634,1.2701846945591733,1.2701846945591733,1.2701846945591733,1.2701846945591733,1.2701846945591733,1.2701846945591733
