obs_gdp,obs_hours,obs_wages,obs_gdpdeflator,obs_corepce,obs_nominalrate,obs_consumption,obs_investment,obs_BBBspread,obs_longinflation,obs_longrate,obs_tfp,obs_gdi,obs_AAAspread,obs_nominalrate1,obs_nominalrate2,obs_nominalrate3,obs_nominalrate4,obs_nominalrate5,obs_nominalrate6
0.5461036685257437,-43.43432445763901,0.5461036685257437,0.47123656492210486,0.49999999999998934,1.3255921299927031,0.5461036685257437,0.5461036685257437,0.4343552068161771,0.49999999999998934,1.3255921299927031,0.0,0.5461036685257437,0.1174310227768634,1.3255921299927031,1.3255921299927031,1.3255921299927031,1.3255921299927031,1.3255921299927031,1.3255921299927031
