obs_gdp,obs_hours,obs_wages,obs_gdpdeflator,obs_corepce,obs_nominalrate,obs_consumption,obs_investment,obs_BBBspread,obs_longinflation,obs_longrate,obs_tfp,obs_gdi,obs_AAAspread,obs_nominalrate1,obs_nominalrate2,obs_nominalrate3,obs_nominalrate4,obs_nominalrate5,obs_nominalrate6
0.5215264179749601,-44.75144584255649,0.5215264179749601,0.46491952171497936,0.49999999999998934,1.3286894957959205,0.5215264179749601,0.5215264179749601,0.4214710138882695,0.49999999999998934,1.3286894957959205,0.0,0.5215264179749601,0.1174310227768634,1.3286894957959205,1.3286894957959205,1.3286894957959205,1.3286894957959205,1.3286894957959205,1.3286894957959205
