obs_gdp,obs_hours,obs_wages,obs_gdpdeflator,obs_corepce,obs_nominalrate,obs_consumption,obs_investment,obs_BBBspread,obs_longinflation,obs_longrate,obs_tfp,obs_gdi,obs_AAAspread,obs_nominalrate1,obs_nominalrate2,obs_nominalrate3,obs_nominalrate4,obs_nominalrate5,obs_nominalrate6
0.43990089375018915,-47.86511570831001,0.43990089375018915,0.46784154010422424,0.49999999999998934,1.2044858208634102,0.43990089375018915,0.43990089375018915,0.4197446838392356,0.49999999999998934,1.2044858208634102,0.0,0.43990089375018915,0.1174310227768634,1.2044858208634102,1.2044858208634102,1.2044858208634102,1.2044858208634102,1.2044858208634102,1.2044858208634102
