obs_gdp,obs_hours,obs_wages,obs_gdpdeflator,obs_corepce,obs_nominalrate,obs_consumption,obs_investment,obs_BBBspread,obs_longinflation,obs_longrate,obs_tfp,obs_gdi,obs_AAAspread,obs_nominalrate1,obs_nominalrate2,obs_nominalrate3,obs_nominalrate4,obs_nominalrate5,obs_nominalrate6
0.5186243708811489,-44.65329847306272,0.5186243708811489,0.4661281656824319,0.49999999999998934,1.331631916296372,0.5186243708811489,0.5186243708811489,0.41987725363256034,0.49999999999998934,1.331631916296372,0.0,0.5186243708811489,0.1174310227768634,1.331631916296372,1.331631916296372,1.331631916296372,1.331631916296372,1.331631916296372,1.331631916296372
