obs_gdp,obs_hours,obs_wages,obs_gdpdeflator,obs_corepce,obs_nominalrate,obs_consumption,obs_investment,obs_BBBspread,obs_longinflation,obs_longrate,obs_tfp,obs_gdi,obs_AAAspread,obs_nominalrate1,obs_nominalrate2,obs_nominalrate3,obs_nominalrate4,obs_nominalrate5,obs_nominalrate6
0.5345529321697962,-44.02639377815141,0.5345529321697962,0.4668105704933814,0.49999999999998934,1.3827584229440193,0.5345529321697962,0.5345529321697962,0.4278542318472727,0.49999999999998934,1.3827584229440193,0.0,0.5345529321697962,0.1174310227768634,1.3827584229440193,1.3827584229440193,1.3827584229440193,1.3827584229440193,1.3827584229440193,1.3827584229440193
