obs_gdp,obs_hours,obs_wages,obs_gdpdeflator,obs_corepce,obs_nominalrate,obs_consumption,obs_investment,obs_BBBspread,obs_longinflation,obs_longrate,obs_tfp,obs_gdi,obs_AAAspread,obs_nominalrate1,obs_nominalrate2,obs_nominalrate3,obs_nominalrate4,obs_nominalrate5,obs_nominalrate6
0.5104486248431961,-44.93126595374622,0.5104486248431961,0.4744685094327199,0.49999999999998934,1.252297088832921,0.5104486248431961,0.5104486248431961,0.4435811003885159,0.49999999999998934,1.252297088832921,0.0,0.5104486248431961,0.1174310227768634,1.252297088832921,1.252297088832921,1.252297088832921,1.252297088832921,1.252297088832921,1.252297088832921
