obs_gdp,obs_hours,obs_wages,obs_gdpdeflator,obs_corepce,obs_nominalrate,obs_consumption,obs_investment,obs_BBBspread,obs_longinflation,obs_longrate,obs_tfp,obs_gdi,obs_AAAspread,obs_nominalrate1,obs_nominalrate2,obs_nominalrate3,obs_nominalrate4,obs_nominalrate5,obs_nominalrate6
0.5232807143488394,-44.721274768351165,0.5232807143488394,0.46520123095158894,0.49999999999998934,1.3545590364292703,0.5232807143488394,0.5232807143488394,0.42910861216562374,0.49999999999998934,1.3545590364292703,0.0,0.5232807143488394,0.1174310227768634,1.3545590364292703,1.3545590364292703,1.3545590364292703,1.3545590364292703,1.3545590364292703,1.3545590364292703
