obs_gdp,obs_hours,obs_wages,obs_gdpdeflator,obs_corepce,obs_nominalrate,obs_consumption,obs_investment,obs_BBBspread,obs_longinflation,obs_longrate,obs_tfp,obs_gdi,obs_AAAspread,obs_nominalrate1,obs_nominalrate2,obs_nominalrate3,obs_nominalrate4,obs_nominalrate5,obs_nominalrate6
0.5237014986167576,-44.56755532044032,0.5237014986167576,0.46287106178070914,0.49999999999998934,1.3570554308066196,0.5237014986167576,0.5237014986167576,0.431612951396693,0.49999999999998934,1.3570554308066196,0.0,0.5237014986167576,0.1174310227768634,1.3570554308066196,1.3570554308066196,1.3570554308066196,1.3570554308066196,1.3570554308066196,1.3570554308066196
