obs_gdp,obs_hours,obs_wages,obs_gdpdeflator,obs_corepce,obs_nominalrate,obs_consumption,obs_investment,obs_BBBspread,obs_longinflation,obs_longrate,obs_tfp,obs_gdi,obs_AAAspread,obs_nominalrate1,obs_nominalrate2,obs_nominalrate3,obs_nominalrate4,obs_nominalrate5,obs_nominalrate6
0.49064405217273954,-45.853540265277694,0.49064405217273954,0.46311323146667976,0.49999999999998934,1.2913914218042777,0.49064405217273954,0.49064405217273954,0.4283611446777803,0.49999999999998934,1.2913914218042777,0.0,0.49064405217273954,0.1174310227768634,1.2913914218042777,1.2913914218042777,1.2913914218042777,1.2913914218042777,1.2913914218042777,1.2913914218042777
