obs_gdp,obs_hours,obs_wages,obs_gdpdeflator,obs_corepce,obs_nominalrate,obs_consumption,obs_investment,obs_BBBspread,obs_longinflation,obs_longrate,obs_tfp,obs_gdi,obs_AAAspread,obs_nominalrate1,obs_nominalrate2,obs_nominalrate3,obs_nominalrate4,obs_nominalrate5,obs_nominalrate6
0.4631952336584977,-46.765411395987215,0.4631952336584977,0.4638748739579292,0.49999999999998934,1.2465909533934116,0.4631952336584977,0.4631952336584977,0.4276248350593862,0.49999999999998934,1.2465909533934116,0.0,0.4631952336584977,0.1174310227768634,1.2465909533934116,1.2465909533934116,1.2465909533934116,1.2465909533934116,1.2465909533934116,1.2465909533934116
