obs_gdp,obs_hours,obs_wages,obs_gdpdeflator,obs_corepce,obs_nominalrate,obs_consumption,obs_investment,obs_BBBspread,obs_longinflation,obs_longrate,obs_tfp,obs_gdi,obs_AAAspread,obs_nominalrate1,obs_nominalrate2,obs_nominalrate3,obs_nominalrate4,obs_nominalrate5,obs_nominalrate6
0.48161846500562877,-45.970541883567265,0.48161846500562877,0.4663436847359722,0.49999999999998934,1.2736817731580974,0.48161846500562877,0.48161846500562877,0.42335093599245777,0.49999999999998934,1.2736817731580974,0.0,0.48161846500562877,0.1174310227768634,1.2736817731580974,1.2736817731580974,1.2736817731580974,1.2736817731580974,1.2736817731580974,1.2736817731580974
