obs_gdp,obs_hours,obs_wages,obs_gdpdeflator,obs_corepce,obs_nominalrate,obs_consumption,obs_investment,obs_BBBspread,obs_longinflation,obs_longrate,obs_tfp,obs_gdi,obs_AAAspread,obs_nominalrate1,obs_nominalrate2,obs_nominalrate3,obs_nominalrate4,obs_nominalrate5,obs_nominalrate6
0.545135167598576,-43.79612785844214,0.545135167598576,0.46713133964382114,0.49999999999998934,1.3932367823999314,0.545135167598576,0.545135167598576,0.42102878354916307,0.49999999999998934,1.3932367823999314,0.0,0.545135167598576,0.1174310227768634,1.3932367823999314,1.3932367823999314,1.3932367823999314,1.3932367823999314,1.3932367823999314,1.3932367823999314
