obs_gdp,obs_hours,obs_wages,obs_gdpdeflator,obs_corepce,obs_nominalrate,obs_consumption,obs_investment,obs_BBBspread,obs_longinflation,obs_longrate,obs_tfp,obs_gdi,obs_AAAspread,obs_nominalrate1,obs_nominalrate2,obs_nominalrate3,obs_nominalrate4,obs_nominalrate5,obs_nominalrate6
0.5350424902348383,-43.98898245841682,0.5350424902348383,0.46336765648954137,0.49999999999998934,1.3752812144802506,0.5350424902348383,0.5350424902348383,0.4338052657549468,0.49999999999998934,1.3752812144802506,0.0,0.5350424902348383,0.1174310227768634,1.3752812144802506,1.3752812144802506,1.3752812144802506,1.3752812144802506,1.3752812144802506,1.3752812144802506
