obs_gdp,obs_hours,obs_wages,obs_gdpdeflator,obs_corepce,obs_nominalrate,obs_consumption,obs_investment,obs_BBBspread,obs_longinflation,obs_longrate,obs_tfp,obs_gdi,obs_AAAspread,obs_nominalrate1,obs_nominalrate2,obs_nominalrate3,obs_nominalrate4,obs_nominalrate5,obs_nominalrate6
0.4920182140504492,-45.34399276894843,0.4920182140504492,0.46953737208436275,0.49999999999998934,1.304396584566736,0.4920182140504492,0.4920182140504492,0.4213050743978745,0.49999999999998934,1.304396584566736,0.0,0.4920182140504492,0.1174310227768634,1.304396584566736,1.304396584566736,1.304396584566736,1.304396584566736,1.304396584566736,1.304396584566736
