obs_gdp,obs_hours,obs_wages,obs_gdpdeflator,obs_corepce,obs_nominalrate,obs_consumption,obs_investment,obs_BBBspread,obs_longinflation,obs_longrate,obs_tfp,obs_gdi,obs_AAAspread,obs_nominalrate1,obs_nominalrate2,obs_nominalrate3,obs_nominalrate4,obs_nominalrate5,obs_nominalrate6
0.48022366416562434,-46.2817628583267,0.48022366416562434,0.46462710770519344,0.49999999999998934,1.2763349581428107,0.48022366416562434,0.48022366416562434,0.4305362464342898,0.49999999999998934,1.2763349581428107,0.0,0.48022366416562434,0.1174310227768634,1.2763349581428107,1.2763349581428107,1.2763349581428107,1.2763349581428107,1.2763349581428107,1.2763349581428107
