obs_gdp,obs_hours,obs_wages,obs_gdpdeflator,obs_corepce,obs_nominalrate,obs_consumption,obs_investment,obs_BBBspread,obs_longinflation,obs_longrate,obs_tfp,obs_gdi,obs_AAAspread,obs_nominalrate1,obs_nominalrate2,obs_nominalrate3,obs_nominalrate4,obs_nominalrate5,obs_nominalrate6
0.45618119405115287,-46.10825159776612,0.45618119405115287,0.47047333052512647,0.49999999999998934,1.2457153894731121,0.45618119405115287,0.45618119405115287,0.4288429011481915,0.49999999999998934,1.2457153894731121,0.0,0.45618119405115287,0.1174310227768634,1.2457153894731121,1.2457153894731121,1.2457153894731121,1.2457153894731121,1.2457153894731121,1.2457153894731121
