obs_gdp,obs_hours,obs_wages,obs_gdpdeflator,obs_corepce,obs_nominalrate,obs_consumption,obs_investment,obs_BBBspread,obs_longinflation,obs_longrate,obs_tfp,obs_gdi,obs_AAAspread,obs_nominalrate1,obs_nominalrate2,obs_nominalrate3,obs_nominalrate4,obs_nominalrate5,obs_nominalrate6
0.5398093300529316,-43.75537920306274,0.5398093300529316,0.46703059772296,0.49999999999998934,1.3743453176633613,0.5398093300529316,0.5398093300529316,0.4264851789412905,0.49999999999998934,1.3743453176633613,0.0,0.5398093300529316,0.1174310227768634,1.3743453176633613,1.3743453176633613,1.3743453176633613,1.3743453176633613,1.3743453176633613,1.3743453176633613
