obs_gdp,obs_hours,obs_wages,obs_gdpdeflator,obs_corepce,obs_nominalrate,obs_consumption,obs_investment,obs_BBBspread,obs_longinflation,obs_longrate,obs_tfp,obs_gdi,obs_AAAspread,obs_nominalrate1,obs_nominalrate2,obs_nominalrate3,obs_nominalrate4,obs_nominalrate5,obs_nominalrate6
0.47618051311186793,-45.63530961351545,0.47618051311186793,0.47088753425361435,0.49999999999998934,1.2202735005079512,0.47618051311186793,0.47618051311186793,0.4350523919431293,0.49999999999998934,1.2202735005079512,0.0,0.47618051311186793,0.1174310227768634,1.2202735005079512,1.2202735005079512,1.2202735005079512,1.2202735005079512,1.2202735005079512,1.2202735005079512
