obs_gdp,obs_hours,obs_wages,obs_gdpdeflator,obs_corepce,obs_nominalrate,obs_consumption,obs_investment,obs_BBBspread,obs_longinflation,obs_longrate,obs_tfp,obs_gdi,obs_AAAspread,obs_nominalrate1,obs_nominalrate2,obs_nominalrate3,obs_nominalrate4,obs_nominalrate5,obs_nominalrate6
0.47390435119090135,-45.751635634175955,0.47390435119090135,0.46978582074725783,0.49999999999998934,1.2707485750978131,0.47390435119090135,0.47390435119090135,0.42279118848606234,0.49999999999998934,1.2707485750978131,0.0,0.47390435119090135,0.1174310227768634,1.2707485750978131,1.2707485750978131,1.2707485750978131,1.2707485750978131,1.2707485750978131,1.2707485750978131
