obs_gdp,obs_hours,obs_wages,obs_gdpdeflator,obs_corepce,obs_nominalrate,obs_consumption,obs_investment,obs_BBBspread,obs_longinflation,obs_longrate,obs_tfp,obs_gdi,obs_AAAspread,obs_nominalrate1,obs_nominalrate2,obs_nominalrate3,obs_nominalrate4,obs_nominalrate5,obs_nominalrate6
0.5148390943171322,-44.07300412250479,0.5148390943171322,0.4701789962432258,0.49999999999998934,1.321082613640745,0.5148390943171322,0.5148390943171322,0.4306888098336349,0.49999999999998934,1.321082613640745,0.0,0.5148390943171322,0.1174310227768634,1.321082613640745,1.321082613640745,1.321082613640745,1.321082613640745,1.321082613640745,1.321082613640745
