obs_gdp,obs_hours,obs_wages,obs_gdpdeflator,obs_corepce,obs_nominalrate,obs_consumption,obs_investment,obs_BBBspread,obs_longinflation,obs_longrate,obs_tfp,obs_gdi,obs_AAAspread,obs_nominalrate1,obs_nominalrate2,obs_nominalrate3,obs_nominalrate4,obs_nominalrate5,obs_nominalrate6
0.48822882520380695,-45.63862352965958,0.48822882520380695,0.47444323890051154,0.49999999999998934,1.2226772160398802,0.48822882520380695,0.48822882520380695,0.44280465569888794,0.49999999999998934,1.2226772160398802,0.0,0.48822882520380695,0.1174310227768634,1.2226772160398802,1.2226772160398802,1.2226772160398802,1.2226772160398802,1.2226772160398802,1.2226772160398802
