obs_gdp,obs_hours,obs_wages,obs_gdpdeflator,obs_corepce,obs_nominalrate,obs_consumption,obs_investment,obs_BBBspread,obs_longinflation,obs_longrate,obs_tfp,obs_gdi,obs_AAAspread,obs_nominalrate1,obs_nominalrate2,obs_nominalrate3,obs_nominalrate4,obs_nominalrate5,obs_nominalrate6
0.5027785346549463,-44.96937400801172,0.5027785346549463,0.4735075147385331,0.49999999999998934,1.2625378025438616,0.5027785346549463,0.5027785346549463,0.43649474187277054,0.49999999999998934,1.2625378025438616,0.0,0.5027785346549463,0.1174310227768634,1.2625378025438616,1.2625378025438616,1.2625378025438616,1.2625378025438616,1.2625378025438616,1.2625378025438616
