obs_gdp,obs_hours,obs_wages,obs_gdpdeflator,obs_corepce,obs_nominalrate,obs_consumption,obs_investment,obs_BBBspread,obs_longinflation,obs_longrate,obs_tfp,obs_gdi,obs_AAAspread,obs_nominalrate1,obs_nominalrate2,obs_nominalrate3,obs_nominalrate4,obs_nominalrate5,obs_nominalrate6
0.5131588476750215,-44.75936195295104,0.5131588476750215,0.4630518777889801,0.49999999999998934,1.3368970295408955,0.5131588476750215,0.5131588476750215,0.4326103892690854,0.49999999999998934,1.3368970295408955,0.0,0.5131588476750215,0.1174310227768634,1.3368970295408955,1.3368970295408955,1.3368970295408955,1.3368970295408955,1.3368970295408955,1.3368970295408955
