obs_gdp,obs_hours,obs_wages,obs_gdpdeflator,obs_corepce,obs_nominalrate,obs_consumption,obs_investment,obs_BBBspread,obs_longinflation,obs_longrate,obs_tfp,obs_gdi,obs_AAAspread,obs_nominalrate1,obs_nominalrate2,obs_nominalrate3,obs_nominalrate4,obs_nominalrate5,obs_nominalrate6
0.5225508808221146,-44.92569797275703,0.5225508808221146,0.4638101329597591,0.49999999999998934,1.3336157452614517,0.5225508808221146,0.5225508808221146,0.4295543968131876,0.49999999999998934,1.3336157452614517,0.0,0.5225508808221146,0.1174310227768634,1.3336157452614517,1.3336157452614517,1.3336157452614517,1.3336157452614517,1.3336157452614517,1.3336157452614517
