obs_gdp,obs_hours,obs_wages,obs_gdpdeflator,obs_corepce,obs_nominalrate,obs_consumption,obs_investment,obs_BBBspread,obs_longinflation,obs_longrate,obs_tfp,obs_gdi,obs_AAAspread,obs_nominalrate1,obs_nominalrate2,obs_nominalrate3,obs_nominalrate4,obs_nominalrate5,obs_nominalrate6
0.4889664864974552,-45.20658599071955,0.4889664864974552,0.4720493539506199,0.49999999999998934,1.27062635162154,0.4889664864974552,0.4889664864974552,0.43256212417552425,0.49999999999998934,1.27062635162154,0.0,0.4889664864974552,0.1174310227768634,1.27062635162154,1.27062635162154,1.27062635162154,1.27062635162154,1.27062635162154,1.27062635162154
