obs_gdp,obs_hours,obs_wages,obs_gdpdeflator,obs_corepce,obs_nominalrate,obs_consumption,obs_investment,obs_BBBspread,obs_longinflation,obs_longrate,obs_tfp,obs_gdi,obs_AAAspread,obs_nominalrate1,obs_nominalrate2,obs_nominalrate3,obs_nominalrate4,obs_nominalrate5,obs_nominalrate6
0.48609138962616427,-46.22025851693057,0.48609138962616427,0.4663426657061601,0.49999999999998934,1.2678366004235553,0.48609138962616427,0.48609138962616427,0.42103282004714876,0.49999999999998934,1.2678366004235553,0.0,0.48609138962616427,0.1174310227768634,1.2678366004235553,1.2678366004235553,1.2678366004235553,1.2678366004235553,1.2678366004235553,1.2678366004235553
