obs_gdp,obs_hours,obs_wages,obs_gdpdeflator,obs_corepce,obs_nominalrate,obs_consumption,obs_investment,obs_BBBspread,obs_longinflation,obs_longrate,obs_tfp,obs_gdi,obs_AAAspread,obs_nominalrate1,obs_nominalrate2,obs_nominalrate3,obs_nominalrate4,obs_nominalrate5,obs_nominalrate6
0.5191465173464138,-44.74644140787673,0.5191465173464138,0.46693181389032196,0.49999999999998934,1.3529483014712795,0.5191465173464138,0.5191465173464138,0.42449277822232295,0.49999999999998934,1.3529483014712795,0.0,0.5191465173464138,0.1174310227768634,1.3529483014712795,1.3529483014712795,1.3529483014712795,1.3529483014712795,1.3529483014712795,1.3529483014712795
