obs_gdp,obs_hours,obs_wages,obs_gdpdeflator,obs_corepce,obs_nominalrate,obs_consumption,obs_investment,obs_BBBspread,obs_longinflation,obs_longrate,obs_tfp,obs_gdi,obs_AAAspread,obs_nominalrate1,obs_nominalrate2,obs_nominalrate3,obs_nominalrate4,obs_nominalrate5,obs_nominalrate6
0.5463588260613994,-43.43786470258511,0.5463588260613994,0.4736596125382343,0.49999999999998934,1.3248590096464286,0.5463588260613994,0.5463588260613994,0.43862320904416613,0.49999999999998934,1.3248590096464286,0.0,0.5463588260613994,0.1174310227768634,1.3248590096464286,1.3248590096464286,1.3248590096464286,1.3248590096464286,1.3248590096464286,1.3248590096464286
