obs_gdp,obs_hours,obs_wages,obs_gdpdeflator,obs_corepce,obs_nominalrate,obs_consumption,obs_investment,obs_BBBspread,obs_longinflation,obs_longrate,obs_tfp,obs_gdi,obs_AAAspread,obs_nominalrate1,obs_nominalrate2,obs_nominalrate3,obs_nominalrate4,obs_nominalrate5,obs_nominalrate6
0.47366733499942804,-46.41593867375297,0.47366733499942804,0.4641690822688178,0.49999999999998934,1.2578720521096542,0.47366733499942804,0.47366733499942804,0.4270362440547486,0.49999999999998934,1.2578720521096542,0.0,0.47366733499942804,0.1174310227768634,1.2578720521096542,1.2578720521096542,1.2578720521096542,1.2578720521096542,1.2578720521096542,1.2578720521096542
