obs_gdp,obs_hours,obs_wages,obs_gdpdeflator,obs_corepce,obs_nominalrate,obs_consumption,obs_investment,obs_BBBspread,obs_longinflation,obs_longrate,obs_tfp,obs_gdi,obs_AAAspread,obs_nominalrate1,obs_nominalrate2,obs_nominalrate3,obs_nominalrate4,obs_nominalrate5,obs_nominalrate6
0.4016766082955536,-48.4496290792461,0.4016766082955536,0.47062663278641687,0.49999999999998934,1.1816142360938198,0.4016766082955536,0.4016766082955536,0.41936401039378024,0.49999999999998934,1.1816142360938198,0.0,0.4016766082955536,0.1174310227768634,1.1816142360938198,1.1816142360938198,1.1816142360938198,1.1816142360938198,1.1816142360938198,1.1816142360938198
