obs_gdp,obs_hours,obs_wages,obs_gdpdeflator,obs_corepce,obs_nominalrate,obs_consumption,obs_investment,obs_BBBspread,obs_longinflation,obs_longrate,obs_tfp,obs_gdi,obs_AAAspread,obs_nominalrate1,obs_nominalrate2,obs_nominalrate3,obs_nominalrate4,obs_nominalrate5,obs_nominalrate6
0.5321642122812831,-44.51113701685056,0.5321642122812831,0.4665240406661151,0.49999999999998934,1.3442495176088531,0.5321642122812831,0.5321642122812831,0.4189556503889737,0.49999999999998934,1.3442495176088531,0.0,0.5321642122812831,0.1174310227768634,1.3442495176088531,1.3442495176088531,1.3442495176088531,1.3442495176088531,1.3442495176088531,1.3442495176088531
