obs_gdp,obs_hours,obs_wages,obs_gdpdeflator,obs_corepce,obs_nominalrate,obs_consumption,obs_investment,obs_BBBspread,obs_longinflation,obs_longrate,obs_tfp,obs_gdi,obs_AAAspread,obs_nominalrate1,obs_nominalrate2,obs_nominalrate3,obs_nominalrate4,obs_nominalrate5,obs_nominalrate6
0.44565449269362567,-46.70186774047307,0.44565449269362567,0.47150062460550585,0.49999999999998934,1.1750737826786706,0.44565449269362567,0.44565449269362567,0.4359238203952148,0.49999999999998934,1.1750737826786706,0.0,0.44565449269362567,0.1174310227768634,1.1750737826786706,1.1750737826786706,1.1750737826786706,1.1750737826786706,1.1750737826786706,1.1750737826786706
