obs_gdp,obs_hours,obs_wages,obs_gdpdeflator,obs_corepce,obs_nominalrate,obs_consumption,obs_investment,obs_BBBspread,obs_longinflation,obs_longrate,obs_tfp,obs_gdi,obs_AAAspread,obs_nominalrate1,obs_nominalrate2,obs_nominalrate3,obs_nominalrate4,obs_nominalrate5,obs_nominalrate6
0.5253801071653852,-43.862138469741524,0.5253801071653852,0.4710725324889995,0.49999999999998934,1.3107016945278716,0.5253801071653852,0.5253801071653852,0.4369342924453433,0.49999999999998934,1.3107016945278716,0.0,0.5253801071653852,0.1174310227768634,1.3107016945278716,1.3107016945278716,1.3107016945278716,1.3107016945278716,1.3107016945278716,1.3107016945278716
