obs_gdp,obs_hours,obs_wages,obs_gdpdeflator,obs_corepce,obs_nominalrate,obs_consumption,obs_investment,obs_BBBspread,obs_longinflation,obs_longrate,obs_tfp,obs_gdi,obs_AAAspread,obs_nominalrate1,obs_nominalrate2,obs_nominalrate3,obs_nominalrate4,obs_nominalrate5,obs_nominalrate6
0.5281202991786582,-44.33705665821152,0.5281202991786582,0.47286529570397323,0.49999999999998934,1.285212945603842,0.5281202991786582,0.5281202991786582,0.434682238062035,0.49999999999998934,1.285212945603842,0.0,0.5281202991786582,0.1174310227768634,1.285212945603842,1.285212945603842,1.285212945603842,1.285212945603842,1.285212945603842,1.285212945603842
