obs_gdp,obs_hours,obs_wages,obs_gdpdeflator,obs_corepce,obs_nominalrate,obs_consumption,obs_investment,obs_BBBspread,obs_longinflation,obs_longrate,obs_tfp,obs_gdi,obs_AAAspread,obs_nominalrate1,obs_nominalrate2,obs_nominalrate3,obs_nominalrate4,obs_nominalrate5,obs_nominalrate6
0.44314046591122924,-47.527933347027044,0.44314046591122924,0.4674797662117791,0.49999999999998934,1.1144891889417252,0.44314046591122924,0.44314046591122924,0.4788961443373249,0.49999999999998934,1.1144891889417252,0.0,0.44314046591122924,0.1174310227768634,1.1144891889417252,1.1144891889417252,1.1144891889417252,1.1144891889417252,1.1144891889417252,1.1144891889417252
