obs_gdp,obs_hours,obs_wages,obs_gdpdeflator,obs_corepce,obs_nominalrate,obs_consumption,obs_investment,obs_BBBspread,obs_longinflation,obs_longrate,obs_tfp,obs_gdi,obs_AAAspread,obs_nominalrate1,obs_nominalrate2,obs_nominalrate3,obs_nominalrate4,obs_nominalrate5,obs_nominalrate6
0.4466808226152086,-47.37122295576599,0.4466808226152086,0.46802514535117035,0.49999999999998934,1.1179484297558773,0.4466808226152086,0.4466808226152086,0.47846359768523394,0.49999999999998934,1.1179484297558773,0.0,0.4466808226152086,0.1174310227768634,1.1179484297558773,1.1179484297558773,1.1179484297558773,1.1179484297558773,1.1179484297558773,1.1179484297558773
