obs_gdp,obs_hours,obs_wages,obs_gdpdeflator,obs_corepce,obs_nominalrate,obs_consumption,obs_investment,obs_BBBspread,obs_longinflation,obs_longrate,obs_tfp,obs_gdi,obs_AAAspread,obs_nominalrate1,obs_nominalrate2,obs_nominalrate3,obs_nominalrate4,obs_nominalrate5,obs_nominalrate6
0.46085941749882675,-47.11182899918464,0.46085941749882675,0.470840551920959,0.49999999999998934,1.134028858930325,0.46085941749882675,0.46085941749882675,0.475912939049699,0.49999999999998934,1.134028858930325,0.0,0.46085941749882675,0.1174310227768634,1.134028858930325,1.134028858930325,1.134028858930325,1.134028858930325,1.134028858930325,1.134028858930325
