obs_gdp,obs_hours,obs_wages,obs_gdpdeflator,obs_corepce,obs_nominalrate,obs_consumption,obs_investment,obs_BBBspread,obs_longinflation,obs_longrate,obs_tfp,obs_gdi,obs_AAAspread,obs_nominalrate1,obs_nominalrate2,obs_nominalrate3,obs_nominalrate4,obs_nominalrate5,obs_nominalrate6
0.4039052424305689,-49.587666594278446,0.4039052424305689,0.46666345125897024,0.49999999999998934,1.0385876683179474,0.4039052424305689,0.4039052424305689,0.48158195210161475,0.49999999999998934,1.0385876683179474,0.0,0.4039052424305689,0.1174310227768634,1.0385876683179474,1.0385876683179474,1.0385876683179474,1.0385876683179474,1.0385876683179474,1.0385876683179474
