obs_gdp,obs_hours,obs_wages,obs_gdpdeflator,obs_corepce,obs_nominalrate,obs_consumption,obs_investment,obs_BBBspread,obs_longinflation,obs_longrate,obs_tfp,obs_gdi,obs_AAAspread,obs_nominalrate1,obs_nominalrate2,obs_nominalrate3,obs_nominalrate4,obs_nominalrate5,obs_nominalrate6
0.47549640398742987,-46.623348919373996,0.47549640398742987,0.4692448309003014,0.49999999999998934,1.1427749415998223,0.47549640398742987,0.47549640398742987,0.4845659139804369,0.49999999999998934,1.1427749415998223,0.0,0.47549640398742987,0.1174310227768634,1.1427749415998223,1.1427749415998223,1.1427749415998223,1.1427749415998223,1.1427749415998223,1.1427749415998223
