obs_gdp,obs_hours,obs_wages,obs_gdpdeflator,obs_corepce,obs_nominalrate,obs_consumption,obs_investment,obs_BBBspread,obs_longinflation,obs_longrate,obs_tfp,obs_gdi,obs_AAAspread,obs_nominalrate1,obs_nominalrate2,obs_nominalrate3,obs_nominalrate4,obs_nominalrate5,obs_nominalrate6
0.49869266529112277,-45.65215865882981,0.49869266529112277,0.4679537271060169,0.49999999999998934,1.1895920779838365,0.49869266529112277,0.49869266529112277,0.4783757144618911,0.49999999999998934,1.1895920779838365,0.0,0.49869266529112277,0.1174310227768634,1.1895920779838365,1.1895920779838365,1.1895920779838365,1.1895920779838365,1.1895920779838365,1.1895920779838365
