obs_gdp,obs_hours,obs_wages,obs_gdpdeflator,obs_corepce,obs_nominalrate,obs_consumption,obs_investment,obs_BBBspread,obs_longinflation,obs_longrate,obs_tfp,obs_gdi,obs_AAAspread,obs_nominalrate1,obs_nominalrate2,obs_nominalrate3,obs_nominalrate4,obs_nominalrate5,obs_nominalrate6
0.5158262928484536,-45.22945043764018,0.5158262928484536,0.46964088413292615,0.49999999999998934,1.203777664410799,0.5158262928484536,0.5158262928484536,0.47174152041592876,0.49999999999998934,1.203777664410799,0.0,0.5158262928484536,0.1174310227768634,1.203777664410799,1.203777664410799,1.203777664410799,1.203777664410799,1.203777664410799,1.203777664410799
