obs_gdp,obs_hours,obs_wages,obs_gdpdeflator,obs_corepce,obs_nominalrate,obs_consumption,obs_investment,obs_BBBspread,obs_longinflation,obs_longrate,obs_tfp,obs_gdi,obs_AAAspread,obs_nominalrate1,obs_nominalrate2,obs_nominalrate3,obs_nominalrate4,obs_nominalrate5,obs_nominalrate6
0.47657125465188077,-46.484115595942086,0.47657125465188077,0.47114442686584745,0.49999999999998934,1.165743328354285,0.47657125465188077,0.47657125465188077,0.4758714205284119,0.49999999999998934,1.165743328354285,0.0,0.47657125465188077,0.1174310227768634,1.165743328354285,1.165743328354285,1.165743328354285,1.165743328354285,1.165743328354285,1.165743328354285
