obs_gdp,obs_hours,obs_wages,obs_gdpdeflator,obs_corepce,obs_nominalrate,obs_consumption,obs_investment,obs_BBBspread,obs_longinflation,obs_longrate,obs_tfp,obs_gdi,obs_AAAspread,obs_nominalrate1,obs_nominalrate2,obs_nominalrate3,obs_nominalrate4,obs_nominalrate5,obs_nominalrate6
0.5157315723215428,-44.94097046654967,0.5157315723215428,0.47153807466106534,0.49999999999998934,1.2113928552776043,0.5157315723215428,0.5157315723215428,0.48033181365178473,0.49999999999998934,1.2113928552776043,0.0,0.5157315723215428,0.1174310227768634,1.2113928552776043,1.2113928552776043,1.2113928552776043,1.2113928552776043,1.2113928552776043,1.2113928552776043
