obs_gdp,obs_hours,obs_wages,obs_gdpdeflator,obs_corepce,obs_nominalrate,obs_consumption,obs_investment,obs_BBBspread,obs_longinflation,obs_longrate,obs_tfp,obs_gdi,obs_AAAspread,obs_nominalrate1,obs_nominalrate2,obs_nominalrate3,obs_nominalrate4,obs_nominalrate5,obs_nominalrate6
0.5068338588116283,-45.62596700113099,0.5068338588116283,0.47295796094896364,0.49999999999998934,1.2169251160161432,0.5068338588116283,0.5068338588116283,0.46775068190928537,0.49999999999998934,1.2169251160161432,0.0,0.5068338588116283,0.1174310227768634,1.2169251160161432,1.2169251160161432,1.2169251160161432,1.2169251160161432,1.2169251160161432,1.2169251160161432
