obs_gdp,obs_hours,obs_wages,obs_gdpdeflator,obs_corepce,obs_nominalrate,obs_consumption,obs_investment,obs_BBBspread,obs_longinflation,obs_longrate,obs_tfp,obs_gdi,obs_AAAspread,obs_nominalrate1,obs_nominalrate2,obs_nominalrate3,obs_nominalrate4,obs_nominalrate5,obs_nominalrate6
0.503298222571158,-45.612981488540136,0.503298222571158,0.47026004080983846,0.49999999999998934,1.1899375470251439,0.503298222571158,0.503298222571158,0.47598708416505886,0.49999999999998934,1.1899375470251439,0.0,0.503298222571158,0.1174310227768634,1.1899375470251439,1.1899375470251439,1.1899375470251439,1.1899375470251439,1.1899375470251439,1.1899375470251439
