obs_gdp,obs_hours,obs_wages,obs_gdpdeflator,obs_corepce,obs_nominalrate,obs_consumption,obs_investment,obs_BBBspread,obs_longinflation,obs_longrate,obs_tfp,obs_gdi,obs_AAAspread,obs_nominalrate1,obs_nominalrate2,obs_nominalrate3,obs_nominalrate4,obs_nominalrate5,obs_nominalrate6
0.43436875409099684,-48.090200257046476,0.43436875409099684,0.4711019330806911,0.49999999999998934,1.0994579625069667,0.43436875409099684,0.43436875409099684,0.47166848631337654,0.49999999999998934,1.0994579625069667,0.0,0.43436875409099684,0.1174310227768634,1.0994579625069667,1.0994579625069667,1.0994579625069667,1.0994579625069667,1.0994579625069667,1.0994579625069667
