obs_gdp,obs_hours,obs_wages,obs_gdpdeflator,obs_corepce,obs_nominalrate,obs_consumption,obs_investment,obs_BBBspread,obs_longinflation,obs_longrate,obs_tfp,obs_gdi,obs_AAAspread,obs_nominalrate1,obs_nominalrate2,obs_nominalrate3,obs_nominalrate4,obs_nominalrate5,obs_nominalrate6
0.4821414638486621,-46.264581970050976,0.4821414638486621,0.4751035630122125,0.49999999999998934,1.204453607470124,0.4821414638486621,0.4821414638486621,0.47269208558716996,0.49999999999998934,1.204453607470124,0.0,0.4821414638486621,0.1174310227768634,1.204453607470124,1.204453607470124,1.204453607470124,1.204453607470124,1.204453607470124,1.204453607470124
