obs_gdp,obs_hours,obs_wages,obs_gdpdeflator,obs_corepce,obs_nominalrate,obs_consumption,obs_investment,obs_BBBspread,obs_longinflation,obs_longrate,obs_tfp,obs_gdi,obs_AAAspread,obs_nominalrate1,obs_nominalrate2,obs_nominalrate3,obs_nominalrate4,obs_nominalrate5,obs_nominalrate6
0.42499780221301187,-48.482547359489146,0.42499780221301187,0.47138002583395067,0.49999999999998934,1.0874916537717327,0.42499780221301187,0.42499780221301187,0.4722472353374435,0.49999999999998934,1.0874916537717327,0.0,0.42499780221301187,0.1174310227768634,1.0874916537717327,1.0874916537717327,1.0874916537717327,1.0874916537717327,1.0874916537717327,1.0874916537717327
