obs_gdp,obs_hours,obs_wages,obs_gdpdeflator,obs_corepce,obs_nominalrate,obs_consumption,obs_investment,obs_BBBspread,obs_longinflation,obs_longrate,obs_tfp,obs_gdi,obs_AAAspread,obs_nominalrate1,obs_nominalrate2,obs_nominalrate3,obs_nominalrate4,obs_nominalrate5,obs_nominalrate6
0.43994143418726317,-48.02328854189697,0.43994143418726317,0.46769225747356447,0.49999999999998934,1.0882951952428055,0.43994143418726317,0.43994143418726317,0.48424759697529557,0.49999999999998934,1.0882951952428055,0.0,0.43994143418726317,0.1174310227768634,1.0882951952428055,1.0882951952428055,1.0882951952428055,1.0882951952428055,1.0882951952428055,1.0882951952428055
