obs_gdp,obs_hours,obs_wages,obs_gdpdeflator,obs_corepce,obs_nominalrate,obs_consumption,obs_investment,obs_BBBspread,obs_longinflation,obs_longrate,obs_tfp,obs_gdi,obs_AAAspread,obs_nominalrate1,obs_nominalrate2,obs_nominalrate3,obs_nominalrate4,obs_nominalrate5,obs_nominalrate6
0.4652505479393332,-46.81494042221225,0.4652505479393332,0.47206903063256733,0.49999999999998934,1.1342053308230682,0.4652505479393332,0.4652505479393332,0.48271013115071154,0.49999999999998934,1.1342053308230682,0.0,0.4652505479393332,0.1174310227768634,1.1342053308230682,1.1342053308230682,1.1342053308230682,1.1342053308230682,1.1342053308230682,1.1342053308230682
