obs_gdp,obs_hours,obs_wages,obs_gdpdeflator,obs_corepce,obs_nominalrate,obs_consumption,obs_investment,obs_BBBspread,obs_longinflation,obs_longrate,obs_tfp,obs_gdi,obs_AAAspread,obs_nominalrate1,obs_nominalrate2,obs_nominalrate3,obs_nominalrate4,obs_nominalrate5,obs_nominalrate6
0.4737594195008299,-46.49382040361055,0.4737594195008299,0.46745361854767403,0.49999999999998934,1.1474552667242177,0.4737594195008299,0.4737594195008299,0.4796255398899148,0.49999999999998934,1.1474552667242177,0.0,0.4737594195008299,0.1174310227768634,1.1474552667242177,1.1474552667242177,1.1474552667242177,1.1474552667242177,1.1474552667242177,1.1474552667242177
