obs_gdp,obs_hours,obs_wages,obs_gdpdeflator,obs_corepce,obs_nominalrate,obs_consumption,obs_investment,obs_BBBspread,obs_longinflation,obs_longrate,obs_tfp,obs_gdi,obs_AAAspread,obs_nominalrate1,obs_nominalrate2,obs_nominalrate3,obs_nominalrate4,obs_nominalrate5,obs_nominalrate6
0.4396831371904275,-48.22205840178106,0.4396831371904275,0.4669783573998069,0.49999999999998934,1.0907880971837258,0.4396831371904275,0.4396831371904275,0.4782100389216181,0.49999999999998934,1.0907880971837258,0.0,0.4396831371904275,0.1174310227768634,1.0907880971837258,1.0907880971837258,1.0907880971837258,1.0907880971837258,1.0907880971837258,1.0907880971837258
