obs_gdp,obs_hours,obs_wages,obs_gdpdeflator,obs_corepce,obs_nominalrate,obs_consumption,obs_investment,obs_BBBspread,obs_longinflation,obs_longrate,obs_tfp,obs_gdi,obs_AAAspread,obs_nominalrate1,obs_nominalrate2,obs_nominalrate3,obs_nominalrate4,obs_nominalrate5,obs_nominalrate6
0.43237543890242147,-48.341201803024184,0.43237543890242147,0.4748849566603861,0.49999999999998934,1.0878667322589575,0.43237543890242147,0.43237543890242147,0.47416549564968286,0.49999999999998934,1.0878667322589575,0.0,0.43237543890242147,0.1174310227768634,1.0878667322589575,1.0878667322589575,1.0878667322589575,1.0878667322589575,1.0878667322589575,1.0878667322589575
