obs_gdp,obs_hours,obs_wages,obs_gdpdeflator,obs_corepce,obs_nominalrate,obs_consumption,obs_investment,obs_BBBspread,obs_longinflation,obs_longrate,obs_tfp,obs_gdi,obs_AAAspread,obs_nominalrate1,obs_nominalrate2,obs_nominalrate3,obs_nominalrate4,obs_nominalrate5,obs_nominalrate6
0.4887285960892829,-45.9621735188933,0.4887285960892829,0.4671984247104435,0.49999999999998934,1.1677353755970454,0.4887285960892829,0.4887285960892829,0.4787711938540889,0.49999999999998934,1.1677353755970454,0.0,0.4887285960892829,0.1174310227768634,1.1677353755970454,1.1677353755970454,1.1677353755970454,1.1677353755970454,1.1677353755970454,1.1677353755970454
