obs_gdp,obs_hours,obs_wages,obs_gdpdeflator,obs_corepce,obs_nominalrate,obs_consumption,obs_investment,obs_BBBspread,obs_longinflation,obs_longrate,obs_tfp,obs_gdi,obs_AAAspread,obs_nominalrate1,obs_nominalrate2,obs_nominalrate3,obs_nominalrate4,obs_nominalrate5,obs_nominalrate6
0.4198423101611004,-48.44472322741053,0.4198423101611004,0.47005029106930146,0.49999999999998934,1.0796761502151808,0.4198423101611004,0.4198423101611004,0.4798520267080796,0.49999999999998934,1.0796761502151808,0.0,0.4198423101611004,0.1174310227768634,1.0796761502151808,1.0796761502151808,1.0796761502151808,1.0796761502151808,1.0796761502151808,1.0796761502151808
