obs_gdp,obs_hours,obs_wages,obs_gdpdeflator,obs_corepce,obs_nominalrate,obs_consumption,obs_investment,obs_BBBspread,obs_longinflation,obs_longrate,obs_tfp,obs_gdi,obs_AAAspread,obs_nominalrate1,obs_nominalrate2,obs_nominalrate3,obs_nominalrate4,obs_nominalrate5,obs_nominalrate6
0.48238286341886205,-46.44367426822039,0.48238286341886205,0.4746626459497859,0.49999999999998934,1.1577237632132364,0.48238286341886205,0.48238286341886205,0.480518445312059,0.49999999999998934,1.1577237632132364,0.0,0.48238286341886205,0.1174310227768634,1.1577237632132364,1.1577237632132364,1.1577237632132364,1.1577237632132364,1.1577237632132364,1.1577237632132364
