obs_gdp,obs_hours,obs_wages,obs_gdpdeflator,obs_corepce,obs_nominalrate,obs_consumption,obs_investment,obs_BBBspread,obs_longinflation,obs_longrate,obs_tfp,obs_gdi,obs_AAAspread,obs_nominalrate1,obs_nominalrate2,obs_nominalrate3,obs_nominalrate4,obs_nominalrate5,obs_nominalrate6
0.46689042263550196,-46.76768095163572,0.46689042263550196,0.47093576440759694,0.49999999999998934,1.1443282039503178,0.46689042263550196,0.46689042263550196,0.47241920009066024,0.49999999999998934,1.1443282039503178,0.0,0.46689042263550196,0.1174310227768634,1.1443282039503178,1.1443282039503178,1.1443282039503178,1.1443282039503178,1.1443282039503178,1.1443282039503178
