obs_gdp,obs_hours,obs_wages,obs_gdpdeflator,obs_corepce,obs_nominalrate,obs_consumption,obs_investment,obs_BBBspread,obs_longinflation,obs_longrate,obs_tfp,obs_gdi,obs_AAAspread,obs_nominalrate1,obs_nominalrate2,obs_nominalrate3,obs_nominalrate4,obs_nominalrate5,obs_nominalrate6
0.4324408239747335,-48.341641854026776,0.4324408239747335,0.4673028543463939,0.49999999999998934,1.0700700591681045,0.4324408239747335,0.4324408239747335,0.4863042901584251,0.49999999999998934,1.0700700591681045,0.0,0.4324408239747335,0.1174310227768634,1.0700700591681045,1.0700700591681045,1.0700700591681045,1.0700700591681045,1.0700700591681045,1.0700700591681045
