obs_gdp,obs_hours,obs_wages,obs_gdpdeflator,obs_corepce,obs_nominalrate,obs_consumption,obs_investment,obs_BBBspread,obs_longinflation,obs_longrate,obs_tfp,obs_gdi,obs_AAAspread,obs_nominalrate1,obs_nominalrate2,obs_nominalrate3,obs_nominalrate4,obs_nominalrate5,obs_nominalrate6
0.4592645314678956,-47.62228540564737,0.4592645314678956,0.4665569164691554,0.49999999999998934,1.1107966096477018,0.4592645314678956,0.4592645314678956,0.47915721916040227,0.49999999999998934,1.1107966096477018,0.0,0.4592645314678956,0.1174310227768634,1.1107966096477018,1.1107966096477018,1.1107966096477018,1.1107966096477018,1.1107966096477018,1.1107966096477018
