obs_gdp,obs_hours,obs_wages,obs_gdpdeflator,obs_corepce,obs_nominalrate,obs_consumption,obs_investment,obs_BBBspread,obs_longinflation,obs_longrate,obs_tfp,obs_gdi,obs_AAAspread,obs_nominalrate1,obs_nominalrate2,obs_nominalrate3,obs_nominalrate4,obs_nominalrate5,obs_nominalrate6
0.4391583965405399,-47.9212399875715,0.4391583965405399,0.4739070452469454,0.49999999999998934,1.13980324817744,0.4391583965405399,0.4391583965405399,0.47036881060088614,0.49999999999998934,1.13980324817744,0.0,0.4391583965405399,0.1174310227768634,1.13980324817744,1.13980324817744,1.13980324817744,1.13980324817744,1.13980324817744,1.13980324817744
