obs_gdp,obs_hours,obs_wages,obs_gdpdeflator,obs_corepce,obs_nominalrate,obs_consumption,obs_investment,obs_BBBspread,obs_longinflation,obs_longrate,obs_tfp,obs_gdi,obs_AAAspread,obs_nominalrate1,obs_nominalrate2,obs_nominalrate3,obs_nominalrate4,obs_nominalrate5,obs_nominalrate6
0.45781451019581976,-47.11095222092525,0.45781451019581976,0.4686896570597093,0.49999999999998934,1.1285172773267904,0.45781451019581976,0.45781451019581976,0.47921731368810283,0.49999999999998934,1.1285172773267904,0.0,0.45781451019581976,0.1174310227768634,1.1285172773267904,1.1285172773267904,1.1285172773267904,1.1285172773267904,1.1285172773267904,1.1285172773267904
