obs_gdp,obs_hours,obs_wages,obs_gdpdeflator,obs_corepce,obs_nominalrate,obs_consumption,obs_investment,obs_BBBspread,obs_longinflation,obs_longrate,obs_tfp,obs_gdi,obs_AAAspread,obs_nominalrate1,obs_nominalrate2,obs_nominalrate3,obs_nominalrate4,obs_nominalrate5,obs_nominalrate6
0.46944830199115994,-46.69378108379938,0.46944830199115994,0.4682479893481239,0.49999999999998934,1.1488525947052741,0.46944830199115994,0.46944830199115994,0.4783431187420466,0.49999999999998934,1.1488525947052741,0.0,0.46944830199115994,0.1174310227768634,1.1488525947052741,1.1488525947052741,1.1488525947052741,1.1488525947052741,1.1488525947052741,1.1488525947052741
