obs_gdp,obs_hours,obs_wages,obs_gdpdeflator,obs_corepce,obs_nominalrate,obs_consumption,obs_investment,obs_BBBspread,obs_longinflation,obs_longrate,obs_tfp,obs_gdi,obs_AAAspread,obs_nominalrate1,obs_nominalrate2,obs_nominalrate3,obs_nominalrate4,obs_nominalrate5,obs_nominalrate6
0.48082866176539785,-46.2643857240662,0.48082866176539785,0.46874910461165514,0.49999999999998934,1.1699473308987463,0.48082866176539785,0.48082866176539785,0.4769098757876981,0.49999999999998934,1.1699473308987463,0.0,0.48082866176539785,0.1174310227768634,1.1699473308987463,1.1699473308987463,1.1699473308987463,1.1699473308987463,1.1699473308987463,1.1699473308987463
