obs_gdp,obs_hours,obs_wages,obs_gdpdeflator,obs_corepce,obs_nominalrate,obs_consumption,obs_investment,obs_BBBspread,obs_longinflation,obs_longrate,obs_tfp,obs_gdi,obs_AAAspread,obs_nominalrate1,obs_nominalrate2,obs_nominalrate3,obs_nominalrate4,obs_nominalrate5,obs_nominalrate6
0.5158410774613431,-45.15209539564699,0.5158410774613431,0.47188982177428385,0.49999999999998934,1.2266431588937143,0.5158410774613431,0.5158410774613431,0.4707102750248439,0.49999999999998934,1.2266431588937143,0.0,0.5158410774613431,0.1174310227768634,1.2266431588937143,1.2266431588937143,1.2266431588937143,1.2266431588937143,1.2266431588937143,1.2266431588937143
