obs_gdp,obs_hours,obs_wages,obs_gdpdeflator,obs_corepce,obs_nominalrate,obs_consumption,obs_investment,obs_BBBspread,obs_longinflation,obs_longrate,obs_tfp,obs_gdi,obs_AAAspread,obs_nominalrate1,obs_nominalrate2,obs_nominalrate3,obs_nominalrate4,obs_nominalrate5,obs_nominalrate6
0.4180966159885724,-48.88410283276592,0.4180966159885724,0.46718865178309904,0.49999999999998934,1.0560135575277574,0.4180966159885724,0.4180966159885724,0.4854982541745866,0.49999999999998934,1.0560135575277574,0.0,0.4180966159885724,0.1174310227768634,1.0560135575277574,1.0560135575277574,1.0560135575277574,1.0560135575277574,1.0560135575277574,1.0560135575277574
