obs_gdp,obs_hours,obs_wages,obs_gdpdeflator,obs_corepce,obs_nominalrate,obs_consumption,obs_investment,obs_BBBspread,obs_longinflation,obs_longrate,obs_tfp,obs_gdi,obs_AAAspread,obs_nominalrate1,obs_nominalrate2,obs_nominalrate3,obs_nominalrate4,obs_nominalrate5,obs_nominalrate6
0.4633763910668831,-47.24985807558735,0.4633763910668831,0.46538151327854266,0.49999999999998934,1.1286940813262092,0.4633763910668831,0.4633763910668831,0.4802313742802575,0.49999999999998934,1.1286940813262092,0.0,0.4633763910668831,0.1174310227768634,1.1286940813262092,1.1286940813262092,1.1286940813262092,1.1286940813262092,1.1286940813262092,1.1286940813262092
