obs_gdp,obs_hours,obs_wages,obs_gdpdeflator,obs_corepce,obs_nominalrate,obs_consumption,obs_investment,obs_BBBspread,obs_longinflation,obs_longrate,obs_tfp,obs_gdi,obs_AAAspread,obs_nominalrate1,obs_nominalrate2,obs_nominalrate3,obs_nominalrate4,obs_nominalrate5,obs_nominalrate6
0.4081144787461577,-48.88325643514729,0.4081144787461577,0.4719578973027656,0.49999999999998934,1.0699267429048698,0.4081144787461577,0.4081144787461577,0.47327914643402424,0.49999999999998934,1.0699267429048698,0.0,0.4081144787461577,0.1174310227768634,1.0699267429048698,1.0699267429048698,1.0699267429048698,1.0699267429048698,1.0699267429048698,1.0699267429048698
