obs_gdp,obs_hours,obs_wages,obs_gdpdeflator,obs_corepce,obs_nominalrate,obs_consumption,obs_investment,obs_BBBspread,obs_longinflation,obs_longrate,obs_tfp,obs_gdi,obs_AAAspread,obs_nominalrate1,obs_nominalrate2,obs_nominalrate3,obs_nominalrate4,obs_nominalrate5,obs_nominalrate6
0.41965489299582437,-48.79363752025715,0.41965489299582437,0.46749352205761296,0.49999999999998934,1.0577935281941953,0.41965489299582437,0.41965489299582437,0.48566522936524065,0.49999999999998934,1.0577935281941953,0.0,0.41965489299582437,0.1174310227768634,1.0577935281941953,1.0577935281941953,1.0577935281941953,1.0577935281941953,1.0577935281941953,1.0577935281941953
