obs_gdp,obs_hours,obs_wages,obs_gdpdeflator,obs_corepce,obs_nominalrate,obs_consumption,obs_investment,obs_BBBspread,obs_longinflation,obs_longrate,obs_tfp,obs_gdi,obs_AAAspread,obs_nominalrate1,obs_nominalrate2,obs_nominalrate3,obs_nominalrate4,obs_nominalrate5,obs_nominalrate6
0.4646689580142027,-46.84019829863682,0.4646689580142027,0.4710788690456582,0.49999999999998934,1.1335181155107898,0.4646689580142027,0.4646689580142027,0.47734271524592,0.49999999999998934,1.1335181155107898,0.0,0.4646689580142027,0.1174310227768634,1.1335181155107898,1.1335181155107898,1.1335181155107898,1.1335181155107898,1.1335181155107898,1.1335181155107898
