obs_gdp,obs_hours,obs_wages,obs_gdpdeflator,obs_corepce,obs_nominalrate,obs_consumption,obs_investment,obs_BBBspread,obs_longinflation,obs_longrate,obs_tfp,obs_gdi,obs_AAAspread,obs_nominalrate1,obs_nominalrate2,obs_nominalrate3,obs_nominalrate4,obs_nominalrate5,obs_nominalrate6
0.4120949686006403,-48.845144985405476,0.4120949686006403,0.47101099109158584,0.49999999999998934,1.0741092254530127,0.4120949686006403,0.4120949686006403,0.4789706397356126,0.49999999999998934,1.0741092254530127,0.0,0.4120949686006403,0.1174310227768634,1.0741092254530127,1.0741092254530127,1.0741092254530127,1.0741092254530127,1.0741092254530127,1.0741092254530127
