obs_gdp,obs_hours,obs_wages,obs_gdpdeflator,obs_corepce,obs_nominalrate,obs_consumption,obs_investment,obs_BBBspread,obs_longinflation,obs_longrate,obs_tfp,obs_gdi,obs_AAAspread,obs_nominalrate1,obs_nominalrate2,obs_nominalrate3,obs_nominalrate4,obs_nominalrate5,obs_nominalrate6
0.4707924624077986,-46.56687442098168,0.4707924624077986,0.46716416716112086,0.49999999999998934,1.1502302658054075,0.4707924624077986,0.4707924624077986,0.4779340589306459,0.49999999999998934,1.1502302658054075,0.0,0.4707924624077986,0.1174310227768634,1.1502302658054075,1.1502302658054075,1.1502302658054075,1.1502302658054075,1.1502302658054075,1.1502302658054075
