obs_gdp,obs_hours,obs_wages,obs_gdpdeflator,obs_corepce,obs_nominalrate,obs_consumption,obs_investment,obs_BBBspread,obs_longinflation,obs_longrate,obs_tfp,obs_gdi,obs_AAAspread,obs_nominalrate1,obs_nominalrate2,obs_nominalrate3,obs_nominalrate4,obs_nominalrate5,obs_nominalrate6
0.41668829652252715,-48.77315755918667,0.41668829652252715,0.47122551902923737,0.49999999999998934,1.0794312120259608,0.41668829652252715,0.41668829652252715,0.47288738366215216,0.49999999999998934,1.0794312120259608,0.0,0.41668829652252715,0.1174310227768634,1.0794312120259608,1.0794312120259608,1.0794312120259608,1.0794312120259608,1.0794312120259608,1.0794312120259608
