obs_gdp,obs_hours,obs_wages,obs_gdpdeflator,obs_corepce,obs_nominalrate,obs_consumption,obs_investment,obs_BBBspread,obs_longinflation,obs_longrate,obs_tfp,obs_gdi,obs_AAAspread,obs_nominalrate1,obs_nominalrate2,obs_nominalrate3,obs_nominalrate4,obs_nominalrate5,obs_nominalrate6
0.41549814793075956,-48.79278315967934,0.41549814793075956,0.47149342838904845,0.49999999999998934,1.078533008879723,0.41549814793075956,0.41549814793075956,0.4721688190201365,0.49999999999998934,1.078533008879723,0.0,0.41549814793075956,0.1174310227768634,1.078533008879723,1.078533008879723,1.078533008879723,1.078533008879723,1.078533008879723,1.078533008879723
