obs_gdp,obs_hours,obs_wages,obs_gdpdeflator,obs_corepce,obs_nominalrate,obs_consumption,obs_investment,obs_BBBspread,obs_longinflation,obs_longrate,obs_tfp,obs_gdi,obs_AAAspread,obs_nominalrate1,obs_nominalrate2,obs_nominalrate3,obs_nominalrate4,obs_nominalrate5,obs_nominalrate6
0.48851276729569015,-46.21170483117132,0.48851276729569015,0.4732831994012305,0.49999999999998934,1.1934329966587054,0.48851276729569015,0.48851276729569015,0.4716364655855887,0.49999999999998934,1.1934329966587054,0.0,0.48851276729569015,0.1174310227768634,1.1934329966587054,1.1934329966587054,1.1934329966587054,1.1934329966587054,1.1934329966587054,1.1934329966587054
