obs_gdp,obs_hours,obs_wages,obs_gdpdeflator,obs_corepce,obs_nominalrate,obs_consumption,obs_investment,obs_BBBspread,obs_longinflation,obs_longrate,obs_tfp,obs_gdi,obs_AAAspread,obs_nominalrate1,obs_nominalrate2,obs_nominalrate3,obs_nominalrate4,obs_nominalrate5,obs_nominalrate6
0.5019512703236195,-45.71600846204539,0.5019512703236195,0.47375661208428754,0.49999999999998934,1.2148911949601215,0.5019512703236195,0.5019512703236195,0.4698573071247809,0.49999999999998934,1.2148911949601215,0.0,0.5019512703236195,0.1174310227768634,1.2148911949601215,1.2148911949601215,1.2148911949601215,1.2148911949601215,1.2148911949601215,1.2148911949601215
