obs_gdp,obs_hours,obs_wages,obs_gdpdeflator,obs_corepce,obs_nominalrate,obs_consumption,obs_investment,obs_BBBspread,obs_longinflation,obs_longrate,obs_tfp,obs_gdi,obs_AAAspread,obs_nominalrate1,obs_nominalrate2,obs_nominalrate3,obs_nominalrate4,obs_nominalrate5,obs_nominalrate6
0.4634110963236626,-47.02678758351534,0.4634110963236626,0.4756268748465221,0.49999999999998934,1.1791723767499818,0.4634110963236626,0.4634110963236626,0.47292981684359237,0.49999999999998934,1.1791723767499818,0.0,0.4634110963236626,0.1174310227768634,1.1791723767499818,1.1791723767499818,1.1791723767499818,1.1791723767499818,1.1791723767499818,1.1791723767499818
