obs_gdp,obs_hours,obs_wages,obs_gdpdeflator,obs_corepce,obs_nominalrate,obs_consumption,obs_investment,obs_BBBspread,obs_longinflation,obs_longrate,obs_tfp,obs_gdi,obs_AAAspread,obs_nominalrate1,obs_nominalrate2,obs_nominalrate3,obs_nominalrate4,obs_nominalrate5,obs_nominalrate6
0.44438776520527856,-47.91648290766365,0.44438776520527856,0.4722888422961191,0.49999999999998934,1.1045204566892508,0.44438776520527856,0.44438776520527856,0.47375810422954495,0.49999999999998934,1.1045204566892508,0.0,0.44438776520527856,0.1174310227768634,1.1045204566892508,1.1045204566892508,1.1045204566892508,1.1045204566892508,1.1045204566892508,1.1045204566892508
