obs_gdp,obs_hours,obs_wages,obs_gdpdeflator,obs_corepce,obs_nominalrate,obs_consumption,obs_investment,obs_BBBspread,obs_longinflation,obs_longrate,obs_tfp,obs_gdi,obs_AAAspread,obs_nominalrate1,obs_nominalrate2,obs_nominalrate3,obs_nominalrate4,obs_nominalrate5,obs_nominalrate6
0.5013477863067717,-45.94351827743138,0.5013477863067717,0.4659136862180908,0.49999999999998934,1.169022230707073,0.5013477863067717,0.5013477863067717,0.48601898886081907,0.49999999999998934,1.169022230707073,0.0,0.5013477863067717,0.1174310227768634,1.169022230707073,1.169022230707073,1.169022230707073,1.169022230707073,1.169022230707073,1.169022230707073
