obs_gdp,obs_hours,obs_wages,obs_gdpdeflator,obs_corepce,obs_nominalrate,obs_consumption,obs_investment,obs_BBBspread,obs_longinflation,obs_longrate,obs_tfp,obs_gdi,obs_AAAspread,obs_nominalrate1,obs_nominalrate2,obs_nominalrate3,obs_nominalrate4,obs_nominalrate5,obs_nominalrate6
0.4498256281133761,-47.73320449555579,0.4498256281133761,0.4667468411863573,0.49999999999998934,1.107689923837052,0.4498256281133761,0.4498256281133761,0.47864982290808167,0.49999999999998934,1.107689923837052,0.0,0.4498256281133761,0.1174310227768634,1.107689923837052,1.107689923837052,1.107689923837052,1.107689923837052,1.107689923837052,1.107689923837052
