obs_gdp,obs_hours,obs_wages,obs_gdpdeflator,obs_corepce,obs_nominalrate,obs_consumption,obs_investment,obs_BBBspread,obs_longinflation,obs_longrate,obs_tfp,obs_gdi,obs_AAAspread,obs_nominalrate1,obs_nominalrate2,obs_nominalrate3,obs_nominalrate4,obs_nominalrate5,obs_nominalrate6
0.4370671130975001,-47.932957569659486,0.4370671130975001,0.47507767381995814,0.49999999999998934,1.146663543352,0.4370671130975001,0.4370671130975001,0.47280418286193593,0.49999999999998934,1.146663543352,0.0,0.4370671130975001,0.1174310227768634,1.146663543352,1.146663543352,1.146663543352,1.146663543352,1.146663543352,1.146663543352
