obs_gdp,obs_hours,obs_wages,obs_gdpdeflator,obs_corepce,obs_nominalrate,obs_consumption,obs_investment,obs_BBBspread,obs_longinflation,obs_longrate,obs_tfp,obs_gdi,obs_AAAspread,obs_nominalrate1,obs_nominalrate2,obs_nominalrate3,obs_nominalrate4,obs_nominalrate5,obs_nominalrate6
0.45447060139147677,-47.40627435418024,0.45447060139147677,0.47117616019216824,0.49999999999998934,1.124443536701425,0.45447060139147677,0.45447060139147677,0.4730600348792663,0.49999999999998934,1.124443536701425,0.0,0.45447060139147677,0.1174310227768634,1.124443536701425,1.124443536701425,1.124443536701425,1.124443536701425,1.124443536701425,1.124443536701425
