obs_gdp,obs_hours,obs_wages,obs_gdpdeflator,obs_corepce,obs_nominalrate,obs_consumption,obs_investment,obs_BBBspread,obs_longinflation,obs_longrate,obs_tfp,obs_gdi,obs_AAAspread,obs_nominalrate1,obs_nominalrate2,obs_nominalrate3,obs_nominalrate4,obs_nominalrate5,obs_nominalrate6
0.4788107328415725,-46.55844612221427,0.4788107328415725,0.4723867054782703,0.49999999999998934,1.1699499114543377,0.4788107328415725,0.4788107328415725,0.47369048698078725,0.49999999999998934,1.1699499114543377,0.0,0.4788107328415725,0.1174310227768634,1.1699499114543377,1.1699499114543377,1.1699499114543377,1.1699499114543377,1.1699499114543377,1.1699499114543377
