obs_gdp,obs_hours,obs_wages,obs_gdpdeflator,obs_corepce,obs_nominalrate,obs_consumption,obs_investment,obs_BBBspread,obs_longinflation,obs_longrate,obs_tfp,obs_gdi,obs_AAAspread,obs_nominalrate1,obs_nominalrate2,obs_nominalrate3,obs_nominalrate4,obs_nominalrate5,obs_nominalrate6
0.45576890316822993,-47.28000254907826,0.45576890316822993,0.47508503327023477,0.49999999999998934,1.1684496127668753,0.45576890316822993,0.45576890316822993,0.4734756781479041,0.49999999999998934,1.1684496127668753,0.0,0.45576890316822993,0.1174310227768634,1.1684496127668753,1.1684496127668753,1.1684496127668753,1.1684496127668753,1.1684496127668753,1.1684496127668753
