obs_gdp,obs_hours,obs_wages,obs_gdpdeflator,obs_corepce,obs_nominalrate,obs_consumption,obs_investment,obs_BBBspread,obs_longinflation,obs_longrate,obs_tfp,obs_gdi,obs_AAAspread,obs_nominalrate1,obs_nominalrate2,obs_nominalrate3,obs_nominalrate4,obs_nominalrate5,obs_nominalrate6
0.5003162029524999,-45.81376428958002,0.5003162029524999,0.474188195134787,0.49999999999998934,1.1890976062419512,0.5003162029524999,0.5003162029524999,0.4758662057606392,0.49999999999998934,1.1890976062419512,0.0,0.5003162029524999,0.1174310227768634,1.1890976062419512,1.1890976062419512,1.1890976062419512,1.1890976062419512,1.1890976062419512,1.1890976062419512
