obs_gdp,obs_hours,obs_wages,obs_gdpdeflator,obs_corepce,obs_nominalrate,obs_consumption,obs_investment,obs_BBBspread,obs_longinflation,obs_longrate,obs_tfp,obs_gdi,obs_AAAspread,obs_nominalrate1,obs_nominalrate2,obs_nominalrate3,obs_nominalrate4,obs_nominalrate5,obs_nominalrate6
0.46922660599331145,-46.73274948192113,0.46922660599331145,0.472959407939606,0.49999999999998934,1.1924814128655425,0.46922660599331145,0.46922660599331145,0.46856129759966453,0.49999999999998934,1.1924814128655425,0.0,0.46922660599331145,0.1174310227768634,1.1924814128655425,1.1924814128655425,1.1924814128655425,1.1924814128655425,1.1924814128655425,1.1924814128655425
