obs_gdp,obs_hours,obs_wages,obs_gdpdeflator,obs_corepce,obs_nominalrate,obs_consumption,obs_investment,obs_BBBspread,obs_longinflation,obs_longrate,obs_tfp,obs_gdi,obs_AAAspread,obs_nominalrate1,obs_nominalrate2,obs_nominalrate3,obs_nominalrate4,obs_nominalrate5,obs_nominalrate6
0.4742385434072238,-46.91320595534227,0.4742385434072238,0.4670570600820253,0.49999999999998934,1.1345498224248018,0.4742385434072238,0.4742385434072238,0.48335325790147593,0.49999999999998934,1.1345498224248018,0.0,0.4742385434072238,0.1174310227768634,1.1345498224248018,1.1345498224248018,1.1345498224248018,1.1345498224248018,1.1345498224248018,1.1345498224248018
