obs_gdp,obs_hours,obs_wages,obs_gdpdeflator,obs_corepce,obs_nominalrate,obs_consumption,obs_investment,obs_BBBspread,obs_longinflation,obs_longrate,obs_tfp,obs_gdi,obs_AAAspread,obs_nominalrate1,obs_nominalrate2,obs_nominalrate3,obs_nominalrate4,obs_nominalrate5,obs_nominalrate6
0.4659557607225917,-46.78675590933827,0.4659557607225917,0.46718544869060175,0.49999999999998934,1.143820035593457,0.4659557607225917,0.4659557607225917,0.47779003725041636,0.49999999999998934,1.143820035593457,0.0,0.4659557607225917,0.1174310227768634,1.143820035593457,1.143820035593457,1.143820035593457,1.143820035593457,1.143820035593457,1.143820035593457
