obs_gdp,obs_hours,obs_wages,obs_gdpdeflator,obs_corepce,obs_nominalrate,obs_consumption,obs_investment,obs_BBBspread,obs_longinflation,obs_longrate,obs_tfp,obs_gdi,obs_AAAspread,obs_nominalrate1,obs_nominalrate2,obs_nominalrate3,obs_nominalrate4,obs_nominalrate5,obs_nominalrate6
0.485904951801297,-46.303579131857916,0.485904951801297,0.46983445955702485,0.49999999999998934,1.1609479447096893,0.485904951801297,0.485904951801297,0.47405107050376627,0.49999999999998934,1.1609479447096893,0.0,0.485904951801297,0.1174310227768634,1.1609479447096893,1.1609479447096893,1.1609479447096893,1.1609479447096893,1.1609479447096893,1.1609479447096893
