obs_gdp,obs_hours,obs_wages,obs_gdpdeflator,obs_corepce,obs_nominalrate,obs_consumption,obs_investment,obs_BBBspread,obs_longinflation,obs_longrate,obs_tfp,obs_gdi,obs_AAAspread,obs_nominalrate1,obs_nominalrate2,obs_nominalrate3,obs_nominalrate4,obs_nominalrate5,obs_nominalrate6
0.46080798471044293,-47.080382121283684,0.46080798471044293,0.47079845576431767,0.49999999999998934,1.127728031948494,0.46080798471044293,0.46080798471044293,0.47707467993398056,0.49999999999998934,1.127728031948494,0.0,0.46080798471044293,0.1174310227768634,1.127728031948494,1.127728031948494,1.127728031948494,1.127728031948494,1.127728031948494,1.127728031948494
