obs_gdp,obs_hours,obs_wages,obs_gdpdeflator,obs_corepce,obs_nominalrate,obs_consumption,obs_investment,obs_BBBspread,obs_longinflation,obs_longrate,obs_tfp,obs_gdi,obs_AAAspread,obs_nominalrate1,obs_nominalrate2,obs_nominalrate3,obs_nominalrate4,obs_nominalrate5,obs_nominalrate6
0.43160097230121597,-48.30938490282503,0.43160097230121597,0.4666115461843772,0.49999999999998934,1.084569385131151,0.43160097230121597,0.43160097230121597,0.47559196518878577,0.49999999999998934,1.084569385131151,0.0,0.43160097230121597,0.1174310227768634,1.084569385131151,1.084569385131151,1.084569385131151,1.084569385131151,1.084569385131151,1.084569385131151
