obs_gdp,obs_hours,obs_wages,obs_gdpdeflator,obs_corepce,obs_nominalrate,obs_consumption,obs_investment,obs_BBBspread,obs_longinflation,obs_longrate,obs_tfp,obs_gdi,obs_AAAspread,obs_nominalrate1,obs_nominalrate2,obs_nominalrate3,obs_nominalrate4,obs_nominalrate5,obs_nominalrate6
0.44704374804298563,-48.02350781771172,0.44704374804298563,0.4650596813680499,0.49999999999998934,1.0963896801304163,0.44704374804298563,0.44704374804298563,0.4824226370202976,0.49999999999998934,1.0963896801304163,0.0,0.44704374804298563,0.1174310227768634,1.0963896801304163,1.0963896801304163,1.0963896801304163,1.0963896801304163,1.0963896801304163,1.0963896801304163
