obs_gdp,obs_hours,obs_wages,obs_gdpdeflator,obs_corepce,obs_nominalrate,obs_consumption,obs_investment,obs_BBBspread,obs_longinflation,obs_longrate,obs_tfp,obs_gdi,obs_AAAspread,obs_nominalrate1,obs_nominalrate2,obs_nominalrate3,obs_nominalrate4,obs_nominalrate5,obs_nominalrate6
0.4026179594339263,-48.93888374878579,0.4026179594339263,0.47470085076805557,0.49999999999998934,1.117392481124102,0.4026179594339263,0.4026179594339263,0.4691991299049323,0.49999999999998934,1.117392481124102,0.0,0.4026179594339263,0.1174310227768634,1.117392481124102,1.117392481124102,1.117392481124102,1.117392481124102,1.117392481124102,1.117392481124102
