obs_gdp,obs_hours,obs_wages,obs_gdpdeflator,obs_corepce,obs_nominalrate,obs_consumption,obs_investment,obs_BBBspread,obs_longinflation,obs_longrate,obs_tfp,obs_gdi,obs_AAAspread,obs_nominalrate1,obs_nominalrate2,obs_nominalrate3,obs_nominalrate4,obs_nominalrate5,obs_nominalrate6
0.49555121272237823,-45.76586473237085,0.49555121272237823,0.47274514029420694,0.49999999999998934,1.1782813427738237,0.49555121272237823,0.49555121272237823,0.4815920715216242,0.49999999999998934,1.1782813427738237,0.0,0.49555121272237823,0.1174310227768634,1.1782813427738237,1.1782813427738237,1.1782813427738237,1.1782813427738237,1.1782813427738237,1.1782813427738237
