obs_gdp,obs_hours,obs_wages,obs_gdpdeflator,obs_corepce,obs_nominalrate,obs_consumption,obs_investment,obs_BBBspread,obs_longinflation,obs_longrate,obs_tfp,obs_gdi,obs_AAAspread,obs_nominalrate1,obs_nominalrate2,obs_nominalrate3,obs_nominalrate4,obs_nominalrate5,obs_nominalrate6
0.46381605251164526,-47.18341277184936,0.46381605251164526,0.4673531416747759,0.49999999999998934,1.1218751108100333,0.46381605251164526,0.46381605251164526,0.4837467724319611,0.49999999999998934,1.1218751108100333,0.0,0.46381605251164526,0.1174310227768634,1.1218751108100333,1.1218751108100333,1.1218751108100333,1.1218751108100333,1.1218751108100333,1.1218751108100333
