obs_gdp,obs_hours,obs_wages,obs_gdpdeflator,obs_corepce,obs_nominalrate,obs_consumption,obs_investment,obs_BBBspread,obs_longinflation,obs_longrate,obs_tfp,obs_gdi,obs_AAAspread,obs_nominalrate1,obs_nominalrate2,obs_nominalrate3,obs_nominalrate4,obs_nominalrate5,obs_nominalrate6
0.48580433892482233,-46.2032743550375,0.48580433892482233,0.4700350490373342,0.49999999999998934,1.1678859819719056,0.48580433892482233,0.48580433892482233,0.47793530955637575,0.49999999999998934,1.1678859819719056,0.0,0.48580433892482233,0.1174310227768634,1.1678859819719056,1.1678859819719056,1.1678859819719056,1.1678859819719056,1.1678859819719056,1.1678859819719056
