obs_gdp,obs_hours,obs_wages,obs_gdpdeflator,obs_corepce,obs_nominalrate,obs_consumption,obs_investment,obs_BBBspread,obs_longinflation,obs_longrate,obs_tfp,obs_gdi,obs_AAAspread,obs_nominalrate1,obs_nominalrate2,obs_nominalrate3,obs_nominalrate4,obs_nominalrate5,obs_nominalrate6
0.42325850480817717,-48.4736798704452,0.42325850480817717,0.4757800135570168,0.49999999999998934,1.126627414990855,0.42325850480817717,0.42325850480817717,0.4746560620191397,0.49999999999998934,1.126627414990855,0.0,0.42325850480817717,0.1174310227768634,1.126627414990855,1.126627414990855,1.126627414990855,1.126627414990855,1.126627414990855,1.126627414990855
