obs_gdp,obs_hours,obs_wages,obs_gdpdeflator,obs_corepce,obs_nominalrate,obs_consumption,obs_investment,obs_BBBspread,obs_longinflation,obs_longrate,obs_tfp,obs_gdi,obs_AAAspread,obs_nominalrate1,obs_nominalrate2,obs_nominalrate3,obs_nominalrate4,obs_nominalrate5,obs_nominalrate6
0.42838252654717746,-47.86946046283924,0.42838252654717746,0.47393684742390046,0.49999999999998934,1.1428666277233823,0.42838252654717746,0.42838252654717746,0.4691286938302687,0.49999999999998934,1.1428666277233823,0.0,0.42838252654717746,0.1174310227768634,1.1428666277233823,1.1428666277233823,1.1428666277233823,1.1428666277233823,1.1428666277233823,1.1428666277233823
