obs_gdp,obs_hours,obs_wages,obs_gdpdeflator,obs_corepce,obs_nominalrate,obs_consumption,obs_investment,obs_BBBspread,obs_longinflation,obs_longrate,obs_tfp,obs_gdi,obs_AAAspread,obs_nominalrate1,obs_nominalrate2,obs_nominalrate3,obs_nominalrate4,obs_nominalrate5,obs_nominalrate6
0.47660123830537415,-46.82703580611037,0.47660123830537415,0.4653169012835611,0.49999999999998934,1.1397211079584357,0.47660123830537415,0.47660123830537415,0.48459181628868153,0.49999999999998934,1.1397211079584357,0.0,0.47660123830537415,0.1174310227768634,1.1397211079584357,1.1397211079584357,1.1397211079584357,1.1397211079584357,1.1397211079584357,1.1397211079584357
