obs_gdp,obs_hours,obs_wages,obs_gdpdeflator,obs_corepce,obs_nominalrate,obs_consumption,obs_investment,obs_BBBspread,obs_longinflation,obs_longrate,obs_tfp,obs_gdi,obs_AAAspread,obs_nominalrate1,obs_nominalrate2,obs_nominalrate3,obs_nominalrate4,obs_nominalrate5,obs_nominalrate6
0.4903251670001385,-46.14897810355973,0.4903251670001385,0.4703252589189003,0.49999999999998934,1.1665167364725004,0.4903251670001385,0.4903251670001385,0.4744204794191646,0.49999999999998934,1.1665167364725004,0.0,0.4903251670001385,0.1174310227768634,1.1665167364725004,1.1665167364725004,1.1665167364725004,1.1665167364725004,1.1665167364725004,1.1665167364725004
