obs_gdp,obs_hours,obs_wages,obs_gdpdeflator,obs_corepce,obs_nominalrate,obs_consumption,obs_investment,obs_BBBspread,obs_longinflation,obs_longrate,obs_tfp,obs_gdi,obs_AAAspread,obs_nominalrate1,obs_nominalrate2,obs_nominalrate3,obs_nominalrate4,obs_nominalrate5,obs_nominalrate6
0.4827138827380173,-46.25845883780328,0.4827138827380173,0.47030893348803804,0.49999999999998934,1.1530522269807886,0.4827138827380173,0.4827138827380173,0.4749238531570192,0.49999999999998934,1.1530522269807886,0.0,0.4827138827380173,0.1174310227768634,1.1530522269807886,1.1530522269807886,1.1530522269807886,1.1530522269807886,1.1530522269807886,1.1530522269807886
