obs_gdp,obs_hours,obs_wages,obs_gdpdeflator,obs_corepce,obs_nominalrate,obs_consumption,obs_investment,obs_BBBspread,obs_longinflation,obs_longrate,obs_tfp,obs_gdi,obs_AAAspread,obs_nominalrate1,obs_nominalrate2,obs_nominalrate3,obs_nominalrate4,obs_nominalrate5,obs_nominalrate6
0.47623312655085126,-46.73226329991428,0.47623312655085126,0.4663170444148753,0.49999999999998934,1.13691821537929,0.47623312655085126,0.47623312655085126,0.4825466116776091,0.49999999999998934,1.13691821537929,0.0,0.47623312655085126,0.1174310227768634,1.13691821537929,1.13691821537929,1.13691821537929,1.13691821537929,1.13691821537929,1.13691821537929
