obs_gdp,obs_hours,obs_wages,obs_gdpdeflator,obs_corepce,obs_nominalrate,obs_consumption,obs_investment,obs_BBBspread,obs_longinflation,obs_longrate,obs_tfp,obs_gdi,obs_AAAspread,obs_nominalrate1,obs_nominalrate2,obs_nominalrate3,obs_nominalrate4,obs_nominalrate5,obs_nominalrate6
0.47322265658902296,-46.80531688132263,0.47322265658902296,0.47270827165335644,0.49999999999998934,1.1731322324163518,0.47322265658902296,0.47322265658902296,0.47090352609963143,0.49999999999998934,1.1731322324163518,0.0,0.47322265658902296,0.1174310227768634,1.1731322324163518,1.1731322324163518,1.1731322324163518,1.1731322324163518,1.1731322324163518,1.1731322324163518
