obs_gdp,obs_hours,obs_wages,obs_gdpdeflator,obs_corepce,obs_nominalrate,obs_consumption,obs_investment,obs_BBBspread,obs_longinflation,obs_longrate,obs_tfp,obs_gdi,obs_AAAspread,obs_nominalrate1,obs_nominalrate2,obs_nominalrate3,obs_nominalrate4,obs_nominalrate5,obs_nominalrate6
0.4485043044970993,-47.64511184987367,0.4485043044970993,0.4715425392103826,0.49999999999998934,1.116751447301656,0.4485043044970993,0.4485043044970993,0.4729947232024698,0.49999999999998934,1.116751447301656,0.0,0.4485043044970993,0.1174310227768634,1.116751447301656,1.116751447301656,1.116751447301656,1.116751447301656,1.116751447301656,1.116751447301656
