obs_gdp,obs_hours,obs_wages,obs_gdpdeflator,obs_corepce,obs_nominalrate,obs_consumption,obs_investment,obs_BBBspread,obs_longinflation,obs_longrate,obs_tfp,obs_gdi,obs_AAAspread,obs_nominalrate1,obs_nominalrate2,obs_nominalrate3,obs_nominalrate4,obs_nominalrate5,obs_nominalrate6
0.4774747815800895,-46.615527905041816,0.4774747815800895,0.4732733756838433,0.49999999999998934,1.1781959348287296,0.4774747815800895,0.4774747815800895,0.4725257891360297,0.49999999999998934,1.1781959348287296,0.0,0.4774747815800895,0.1174310227768634,1.1781959348287296,1.1781959348287296,1.1781959348287296,1.1781959348287296,1.1781959348287296,1.1781959348287296
