obs_gdp,obs_hours,obs_wages,obs_gdpdeflator,obs_corepce,obs_nominalrate,obs_consumption,obs_investment,obs_BBBspread,obs_longinflation,obs_longrate,obs_tfp,obs_gdi,obs_AAAspread,obs_nominalrate1,obs_nominalrate2,obs_nominalrate3,obs_nominalrate4,obs_nominalrate5,obs_nominalrate6
0.49795582281870754,-45.85667192167119,0.49795582281870754,0.47030776642726807,0.49999999999998934,1.1816696135094062,0.49795582281870754,0.49795582281870754,0.4730034856556781,0.49999999999998934,1.1816696135094062,0.0,0.49795582281870754,0.1174310227768634,1.1816696135094062,1.1816696135094062,1.1816696135094062,1.1816696135094062,1.1816696135094062,1.1816696135094062
