obs_gdp,obs_hours,obs_wages,obs_gdpdeflator,obs_corepce,obs_nominalrate,obs_consumption,obs_investment,obs_BBBspread,obs_longinflation,obs_longrate,obs_tfp,obs_gdi,obs_AAAspread,obs_nominalrate1,obs_nominalrate2,obs_nominalrate3,obs_nominalrate4,obs_nominalrate5,obs_nominalrate6
0.4490847937078879,-47.53520883694823,0.4490847937078879,0.4704822332571296,0.49999999999998934,1.1139064666047416,0.4490847937078879,0.4490847937078879,0.47797673170027566,0.49999999999998934,1.1139064666047416,0.0,0.4490847937078879,0.1174310227768634,1.1139064666047416,1.1139064666047416,1.1139064666047416,1.1139064666047416,1.1139064666047416,1.1139064666047416
