obs_gdp,obs_hours,obs_wages,obs_gdpdeflator,obs_corepce,obs_nominalrate,obs_consumption,obs_investment,obs_BBBspread,obs_longinflation,obs_longrate,obs_tfp,obs_gdi,obs_AAAspread,obs_nominalrate1,obs_nominalrate2,obs_nominalrate3,obs_nominalrate4,obs_nominalrate5,obs_nominalrate6
0.49439692228698817,-45.76950201123697,0.49439692228698817,0.4682846530696699,0.49999999999998934,1.179713474061117,0.49439692228698817,0.49439692228698817,0.479162571122564,0.49999999999998934,1.179713474061117,0.0,0.49439692228698817,0.1174310227768634,1.179713474061117,1.179713474061117,1.179713474061117,1.179713474061117,1.179713474061117,1.179713474061117
