obs_gdp,obs_hours,obs_wages,obs_gdpdeflator,obs_corepce,obs_nominalrate,obs_consumption,obs_investment,obs_BBBspread,obs_longinflation,obs_longrate,obs_tfp,obs_gdi,obs_AAAspread,obs_nominalrate1,obs_nominalrate2,obs_nominalrate3,obs_nominalrate4,obs_nominalrate5,obs_nominalrate6
0.4526665936922969,-47.269851197347734,0.4526665936922969,0.474342498032994,0.49999999999998934,1.1190870962638266,0.4526665936922969,0.4526665936922969,0.48146057651049695,0.49999999999998934,1.1190870962638266,0.0,0.4526665936922969,0.1174310227768634,1.1190870962638266,1.1190870962638266,1.1190870962638266,1.1190870962638266,1.1190870962638266,1.1190870962638266
