obs_gdp,obs_hours,obs_wages,obs_gdpdeflator,obs_corepce,obs_nominalrate,obs_consumption,obs_investment,obs_BBBspread,obs_longinflation,obs_longrate,obs_tfp,obs_gdi,obs_AAAspread,obs_nominalrate1,obs_nominalrate2,obs_nominalrate3,obs_nominalrate4,obs_nominalrate5,obs_nominalrate6
0.4852636711679681,-46.286815269299886,0.4852636711679681,0.4741454314417486,0.49999999999998934,1.194002270023442,0.4852636711679681,0.4852636711679681,0.4700736409650538,0.49999999999998934,1.194002270023442,0.0,0.4852636711679681,0.1174310227768634,1.194002270023442,1.194002270023442,1.194002270023442,1.194002270023442,1.194002270023442,1.194002270023442
