obs_gdp,obs_hours,obs_wages,obs_gdpdeflator,obs_corepce,obs_nominalrate,obs_consumption,obs_investment,obs_BBBspread,obs_longinflation,obs_longrate,obs_tfp,obs_gdi,obs_AAAspread,obs_nominalrate1,obs_nominalrate2,obs_nominalrate3,obs_nominalrate4,obs_nominalrate5,obs_nominalrate6
0.5094522627965725,-45.278253798595,0.5094522627965725,0.4679703335547129,0.49999999999998934,1.2034337956722485,0.5094522627965725,0.5094522627965725,0.4785813369190448,0.49999999999998934,1.2034337956722485,0.0,0.5094522627965725,0.1174310227768634,1.2034337956722485,1.2034337956722485,1.2034337956722485,1.2034337956722485,1.2034337956722485,1.2034337956722485
