obs_gdp,obs_hours,obs_wages,obs_gdpdeflator,obs_corepce,obs_nominalrate,obs_consumption,obs_investment,obs_BBBspread,obs_longinflation,obs_longrate,obs_tfp,obs_gdi,obs_AAAspread,obs_nominalrate1,obs_nominalrate2,obs_nominalrate3,obs_nominalrate4,obs_nominalrate5,obs_nominalrate6
0.43041426878458466,-47.80689262563686,0.43041426878458466,0.4738395319996466,0.49999999999998934,1.1474067030284862,0.43041426878458466,0.43041426878458466,0.4685095325164667,0.49999999999998934,1.1474067030284862,0.0,0.43041426878458466,0.1174310227768634,1.1474067030284862,1.1474067030284862,1.1474067030284862,1.1474067030284862,1.1474067030284862,1.1474067030284862
