obs_gdp,obs_hours,obs_wages,obs_gdpdeflator,obs_corepce,obs_nominalrate,obs_consumption,obs_investment,obs_BBBspread,obs_longinflation,obs_longrate,obs_tfp,obs_gdi,obs_AAAspread,obs_nominalrate1,obs_nominalrate2,obs_nominalrate3,obs_nominalrate4,obs_nominalrate5,obs_nominalrate6
0.4558387303803091,-47.317261950997256,0.4558387303803091,0.47159601095896025,0.49999999999998934,1.1234899865834258,0.4558387303803091,0.4558387303803091,0.47400344169601066,0.49999999999998934,1.1234899865834258,0.0,0.4558387303803091,0.1174310227768634,1.1234899865834258,1.1234899865834258,1.1234899865834258,1.1234899865834258,1.1234899865834258,1.1234899865834258
