obs_gdp,obs_hours,obs_wages,obs_gdpdeflator,obs_corepce,obs_nominalrate,obs_consumption,obs_investment,obs_BBBspread,obs_longinflation,obs_longrate,obs_tfp,obs_gdi,obs_AAAspread,obs_nominalrate1,obs_nominalrate2,obs_nominalrate3,obs_nominalrate4,obs_nominalrate5,obs_nominalrate6
0.4346384089270128,-47.98193690211206,0.4346384089270128,0.46775712895833876,0.49999999999998934,1.096692159534296,0.4346384089270128,0.4346384089270128,0.47915852461599356,0.49999999999998934,1.096692159534296,0.0,0.4346384089270128,0.1174310227768634,1.096692159534296,1.096692159534296,1.096692159534296,1.096692159534296,1.096692159534296,1.096692159534296
