obs_gdp,obs_hours,obs_wages,obs_gdpdeflator,obs_corepce,obs_nominalrate,obs_consumption,obs_investment,obs_BBBspread,obs_longinflation,obs_longrate,obs_tfp,obs_gdi,obs_AAAspread,obs_nominalrate1,obs_nominalrate2,obs_nominalrate3,obs_nominalrate4,obs_nominalrate5,obs_nominalrate6
0.4409885529244706,-47.748355539291865,0.4409885529244706,0.470914457105599,0.49999999999998934,1.1031406555049639,0.4409885529244706,0.4409885529244706,0.47432272177886003,0.49999999999998934,1.1031406555049639,0.0,0.4409885529244706,0.1174310227768634,1.1031406555049639,1.1031406555049639,1.1031406555049639,1.1031406555049639,1.1031406555049639,1.1031406555049639
