obs_gdp,obs_hours,obs_wages,obs_gdpdeflator,obs_corepce,obs_nominalrate,obs_consumption,obs_investment,obs_BBBspread,obs_longinflation,obs_longrate,obs_tfp,obs_gdi,obs_AAAspread,obs_nominalrate1,obs_nominalrate2,obs_nominalrate3,obs_nominalrate4,obs_nominalrate5,obs_nominalrate6
0.4370948192911728,-47.81502557698012,0.4370948192911728,0.4713779339807023,0.49999999999998934,1.1040809351352099,0.4370948192911728,0.4370948192911728,0.47456469014091435,0.49999999999998934,1.1040809351352099,0.0,0.4370948192911728,0.1174310227768634,1.1040809351352099,1.1040809351352099,1.1040809351352099,1.1040809351352099,1.1040809351352099,1.1040809351352099
