obs_gdp,obs_hours,obs_wages,obs_gdpdeflator,obs_corepce,obs_nominalrate,obs_consumption,obs_investment,obs_BBBspread,obs_longinflation,obs_longrate,obs_tfp,obs_gdi,obs_AAAspread,obs_nominalrate1,obs_nominalrate2,obs_nominalrate3,obs_nominalrate4,obs_nominalrate5,obs_nominalrate6
0.4865339228832477,-45.977223685622675,0.4865339228832477,0.46796233338253346,0.49999999999998934,1.1685008340348135,0.4865339228832477,0.4865339228832477,0.4779875624895814,0.49999999999998934,1.1685008340348135,0.0,0.4865339228832477,0.1174310227768634,1.1685008340348135,1.1685008340348135,1.1685008340348135,1.1685008340348135,1.1685008340348135,1.1685008340348135
