obs_gdp,obs_hours,obs_wages,obs_gdpdeflator,obs_corepce,obs_nominalrate,obs_consumption,obs_investment,obs_BBBspread,obs_longinflation,obs_longrate,obs_tfp,obs_gdi,obs_AAAspread,obs_nominalrate1,obs_nominalrate2,obs_nominalrate3,obs_nominalrate4,obs_nominalrate5,obs_nominalrate6
0.46501606579492094,-47.08111932593555,0.46501606579492094,0.47090154380857646,0.49999999999998934,1.132669106031181,0.46501606579492094,0.46501606579492094,0.47482859077982376,0.49999999999998934,1.132669106031181,0.0,0.46501606579492094,0.1174310227768634,1.132669106031181,1.132669106031181,1.132669106031181,1.132669106031181,1.132669106031181,1.132669106031181
