obs_gdp,obs_hours,obs_wages,obs_gdpdeflator,obs_corepce,obs_nominalrate,obs_consumption,obs_investment,obs_BBBspread,obs_longinflation,obs_longrate,obs_tfp,obs_gdi,obs_AAAspread,obs_nominalrate1,obs_nominalrate2,obs_nominalrate3,obs_nominalrate4,obs_nominalrate5,obs_nominalrate6
0.49813827164559843,-45.93001942669299,0.49813827164559843,0.46667771073812897,0.49999999999998934,1.17271375965331,0.49813827164559843,0.49813827164559843,0.4831111271798728,0.49999999999998934,1.17271375965331,0.0,0.49813827164559843,0.1174310227768634,1.17271375965331,1.17271375965331,1.17271375965331,1.17271375965331,1.17271375965331,1.17271375965331
