obs_gdp,obs_hours,obs_wages,obs_gdpdeflator,obs_corepce,obs_nominalrate,obs_consumption,obs_investment,obs_BBBspread,obs_longinflation,obs_longrate,obs_tfp,obs_gdi,obs_AAAspread,obs_nominalrate1,obs_nominalrate2,obs_nominalrate3,obs_nominalrate4,obs_nominalrate5,obs_nominalrate6
0.44264759423189304,-47.66484397556789,0.44264759423189304,0.46896263843132285,0.49999999999998934,1.1057827561272493,0.44264759423189304,0.44264759423189304,0.47922257283542163,0.49999999999998934,1.1057827561272493,0.0,0.44264759423189304,0.1174310227768634,1.1057827561272493,1.1057827561272493,1.1057827561272493,1.1057827561272493,1.1057827561272493,1.1057827561272493
