obs_gdp,obs_hours,obs_wages,obs_gdpdeflator,obs_corepce,obs_nominalrate,obs_consumption,obs_investment,obs_BBBspread,obs_longinflation,obs_longrate,obs_tfp,obs_gdi,obs_AAAspread,obs_nominalrate1,obs_nominalrate2,obs_nominalrate3,obs_nominalrate4,obs_nominalrate5,obs_nominalrate6
0.44703651138149336,-47.424177962955234,0.44703651138149336,0.46860605008624334,0.49999999999998934,1.1205098494799781,0.44703651138149336,0.44703651138149336,0.47828311321403555,0.49999999999998934,1.1205098494799781,0.0,0.44703651138149336,0.1174310227768634,1.1205098494799781,1.1205098494799781,1.1205098494799781,1.1205098494799781,1.1205098494799781,1.1205098494799781
