obs_gdp,obs_hours,obs_wages,obs_gdpdeflator,obs_corepce,obs_nominalrate,obs_consumption,obs_investment,obs_BBBspread,obs_longinflation,obs_longrate,obs_tfp,obs_gdi,obs_AAAspread,obs_nominalrate1,obs_nominalrate2,obs_nominalrate3,obs_nominalrate4,obs_nominalrate5,obs_nominalrate6
0.5000583579829243,-45.67812917773207,0.5000583579829243,0.47010022066510243,0.49999999999998934,1.1864082635510753,0.5000583579829243,0.5000583579829243,0.47798787948932386,0.49999999999998934,1.1864082635510753,0.0,0.5000583579829243,0.1174310227768634,1.1864082635510753,1.1864082635510753,1.1864082635510753,1.1864082635510753,1.1864082635510753,1.1864082635510753
