obs_gdp,obs_hours,obs_wages,obs_gdpdeflator,obs_corepce,obs_nominalrate,obs_consumption,obs_investment,obs_BBBspread,obs_longinflation,obs_longrate,obs_tfp,obs_gdi,obs_AAAspread,obs_nominalrate1,obs_nominalrate2,obs_nominalrate3,obs_nominalrate4,obs_nominalrate5,obs_nominalrate6
0.4436717283551106,-47.609098226259974,0.4436717283551106,0.4689715130033658,0.49999999999998934,1.111526394798723,0.4436717283551106,0.4436717283551106,0.4804255776212722,0.49999999999998934,1.111526394798723,0.0,0.4436717283551106,0.1174310227768634,1.111526394798723,1.111526394798723,1.111526394798723,1.111526394798723,1.111526394798723,1.111526394798723
