obs_gdp,obs_hours,obs_wages,obs_gdpdeflator,obs_corepce,obs_nominalrate,obs_consumption,obs_investment,obs_BBBspread,obs_longinflation,obs_longrate,obs_tfp,obs_gdi,obs_AAAspread,obs_nominalrate1,obs_nominalrate2,obs_nominalrate3,obs_nominalrate4,obs_nominalrate5,obs_nominalrate6
0.48698257414341306,-46.46502843076422,0.48698257414341306,0.4669427531017616,0.49999999999998934,1.1503221788714546,0.48698257414341306,0.48698257414341306,0.4832515624002408,0.49999999999998934,1.1503221788714546,0.0,0.48698257414341306,0.1174310227768634,1.1503221788714546,1.1503221788714546,1.1503221788714546,1.1503221788714546,1.1503221788714546,1.1503221788714546
