obs_gdp,obs_hours,obs_wages,obs_gdpdeflator,obs_corepce,obs_nominalrate,obs_consumption,obs_investment,obs_BBBspread,obs_longinflation,obs_longrate,obs_tfp,obs_gdi,obs_AAAspread,obs_nominalrate1,obs_nominalrate2,obs_nominalrate3,obs_nominalrate4,obs_nominalrate5,obs_nominalrate6
0.4787943569011466,-46.505519631055435,0.4787943569011466,0.4715762686688881,0.49999999999998934,1.165950345227218,0.4787943569011466,0.4787943569011466,0.47664476820946994,0.49999999999998934,1.165950345227218,0.0,0.4787943569011466,0.1174310227768634,1.165950345227218,1.165950345227218,1.165950345227218,1.165950345227218,1.165950345227218,1.165950345227218
