obs_gdp,obs_hours,obs_wages,obs_gdpdeflator,obs_corepce,obs_nominalrate,obs_consumption,obs_investment,obs_BBBspread,obs_longinflation,obs_longrate,obs_tfp,obs_gdi,obs_AAAspread,obs_nominalrate1,obs_nominalrate2,obs_nominalrate3,obs_nominalrate4,obs_nominalrate5,obs_nominalrate6
0.4575343663671294,-47.086266675147705,0.4575343663671294,0.47067103881254374,0.49999999999998934,1.131534669093881,0.4575343663671294,0.4575343663671294,0.4724435535731665,0.49999999999998934,1.131534669093881,0.0,0.4575343663671294,0.1174310227768634,1.131534669093881,1.131534669093881,1.131534669093881,1.131534669093881,1.131534669093881,1.131534669093881
