obs_gdp,obs_hours,obs_wages,obs_gdpdeflator,obs_corepce,obs_nominalrate,obs_consumption,obs_investment,obs_BBBspread,obs_longinflation,obs_longrate,obs_tfp,obs_gdi,obs_AAAspread,obs_nominalrate1,obs_nominalrate2,obs_nominalrate3,obs_nominalrate4,obs_nominalrate5,obs_nominalrate6
0.48472176510594434,-46.120787231486474,0.48472176510594434,0.47034728252701696,0.49999999999998934,1.1664599692727817,0.48472176510594434,0.48472176510594434,0.47307691385703304,0.49999999999998934,1.1664599692727817,0.0,0.48472176510594434,0.1174310227768634,1.1664599692727817,1.1664599692727817,1.1664599692727817,1.1664599692727817,1.1664599692727817,1.1664599692727817
