obs_gdp,obs_hours,obs_wages,obs_gdpdeflator,obs_corepce,obs_nominalrate,obs_consumption,obs_investment,obs_BBBspread,obs_longinflation,obs_longrate,obs_tfp,obs_gdi,obs_AAAspread,obs_nominalrate1,obs_nominalrate2,obs_nominalrate3,obs_nominalrate4,obs_nominalrate5,obs_nominalrate6
0.4832005401761652,-46.53254713529695,0.4832005401761652,0.4667977139836479,0.49999999999998934,1.1396277637197416,0.4832005401761652,0.4832005401761652,0.4863711969885393,0.49999999999998934,1.1396277637197416,0.0,0.4832005401761652,0.1174310227768634,1.1396277637197416,1.1396277637197416,1.1396277637197416,1.1396277637197416,1.1396277637197416,1.1396277637197416
