obs_gdp,obs_hours,obs_wages,obs_gdpdeflator,obs_corepce,obs_nominalrate,obs_consumption,obs_investment,obs_BBBspread,obs_longinflation,obs_longrate,obs_tfp,obs_gdi,obs_AAAspread,obs_nominalrate1,obs_nominalrate2,obs_nominalrate3,obs_nominalrate4,obs_nominalrate5,obs_nominalrate6
0.4601269589368018,-46.698927362880895,0.4601269589368018,0.47438927887001375,0.49999999999998934,1.1841592801028922,0.4601269589368018,0.4601269589368018,0.4692425629009578,0.49999999999998934,1.1841592801028922,0.0,0.4601269589368018,0.1174310227768634,1.1841592801028922,1.1841592801028922,1.1841592801028922,1.1841592801028922,1.1841592801028922,1.1841592801028922
