obs_gdp,obs_hours,obs_wages,obs_gdpdeflator,obs_corepce,obs_nominalrate,obs_consumption,obs_investment,obs_BBBspread,obs_longinflation,obs_longrate,obs_tfp,obs_gdi,obs_AAAspread,obs_nominalrate1,obs_nominalrate2,obs_nominalrate3,obs_nominalrate4,obs_nominalrate5,obs_nominalrate6
0.49136969740444236,-45.87638285548346,0.49136969740444236,0.473464009197981,0.49999999999998934,1.1710904723369442,0.49136969740444236,0.49136969740444236,0.48203257113827214,0.49999999999998934,1.1710904723369442,0.0,0.49136969740444236,0.1174310227768634,1.1710904723369442,1.1710904723369442,1.1710904723369442,1.1710904723369442,1.1710904723369442,1.1710904723369442
