obs_gdp,obs_hours,obs_wages,obs_gdpdeflator,obs_corepce,obs_nominalrate,obs_consumption,obs_investment,obs_BBBspread,obs_longinflation,obs_longrate,obs_tfp,obs_gdi,obs_AAAspread,obs_nominalrate1,obs_nominalrate2,obs_nominalrate3,obs_nominalrate4,obs_nominalrate5,obs_nominalrate6
0.47592054191858413,-46.576974241920304,0.47592054191858413,0.4707464094784606,0.49999999999998934,1.145458657625742,0.47592054191858413,0.47592054191858413,0.47723442384291537,0.49999999999998934,1.145458657625742,0.0,0.47592054191858413,0.1174310227768634,1.145458657625742,1.145458657625742,1.145458657625742,1.145458657625742,1.145458657625742,1.145458657625742
