obs_gdp,obs_hours,obs_wages,obs_gdpdeflator,obs_corepce,obs_nominalrate,obs_consumption,obs_investment,obs_BBBspread,obs_longinflation,obs_longrate,obs_tfp,obs_gdi,obs_AAAspread,obs_nominalrate1,obs_nominalrate2,obs_nominalrate3,obs_nominalrate4,obs_nominalrate5,obs_nominalrate6
0.41521836460516326,-48.792217961158805,0.41521836460516326,0.4710176364957362,0.49999999999998934,1.072584761180373,0.41521836460516326,0.41521836460516326,0.4790211172106751,0.49999999999998934,1.072584761180373,0.0,0.41521836460516326,0.1174310227768634,1.072584761180373,1.072584761180373,1.072584761180373,1.072584761180373,1.072584761180373,1.072584761180373
