obs_gdp,obs_hours,obs_wages,obs_gdpdeflator,obs_corepce,obs_nominalrate,obs_consumption,obs_investment,obs_BBBspread,obs_longinflation,obs_longrate,obs_tfp,obs_gdi,obs_AAAspread,obs_nominalrate1,obs_nominalrate2,obs_nominalrate3,obs_nominalrate4,obs_nominalrate5,obs_nominalrate6
0.49336621963251837,-45.99066285927965,0.49336621963251837,0.47050496323708785,0.49999999999998934,1.1780843296865573,0.49336621963251837,0.49336621963251837,0.4727471824066471,0.49999999999998934,1.1780843296865573,0.0,0.49336621963251837,0.1174310227768634,1.1780843296865573,1.1780843296865573,1.1780843296865573,1.1780843296865573,1.1780843296865573,1.1780843296865573
