obs_gdp,obs_hours,obs_wages,obs_gdpdeflator,obs_corepce,obs_nominalrate,obs_consumption,obs_investment,obs_BBBspread,obs_longinflation,obs_longrate,obs_tfp,obs_gdi,obs_AAAspread,obs_nominalrate1,obs_nominalrate2,obs_nominalrate3,obs_nominalrate4,obs_nominalrate5,obs_nominalrate6
0.4975634170976795,-45.9165524822934,0.4975634170976795,0.4666715307536187,0.49999999999998934,1.1668586161155847,0.4975634170976795,0.4975634170976795,0.4850768278195629,0.49999999999998934,1.1668586161155847,0.0,0.4975634170976795,0.1174310227768634,1.1668586161155847,1.1668586161155847,1.1668586161155847,1.1668586161155847,1.1668586161155847,1.1668586161155847
