obs_gdp,obs_hours,obs_wages,obs_gdpdeflator,obs_corepce,obs_nominalrate,obs_consumption,obs_investment,obs_BBBspread,obs_longinflation,obs_longrate,obs_tfp,obs_gdi,obs_AAAspread,obs_nominalrate1,obs_nominalrate2,obs_nominalrate3,obs_nominalrate4,obs_nominalrate5,obs_nominalrate6
0.48511112175768645,-46.3166995911891,0.48511112175768645,0.4699222072318775,0.49999999999998934,1.161422377809207,0.48511112175768645,0.48511112175768645,0.4709532265027029,0.49999999999998934,1.161422377809207,0.0,0.48511112175768645,0.1174310227768634,1.161422377809207,1.161422377809207,1.161422377809207,1.161422377809207,1.161422377809207,1.161422377809207
