obs_gdp,obs_hours,obs_wages,obs_gdpdeflator,obs_corepce,obs_nominalrate,obs_consumption,obs_investment,obs_BBBspread,obs_longinflation,obs_longrate,obs_tfp,obs_gdi,obs_AAAspread,obs_nominalrate1,obs_nominalrate2,obs_nominalrate3,obs_nominalrate4,obs_nominalrate5,obs_nominalrate6
0.4298261911621637,-48.21759874065249,0.4298261911621637,0.4710342404121025,0.49999999999998934,1.0856053515045483,0.4298261911621637,0.4298261911621637,0.47562206876830715,0.49999999999998934,1.0856053515045483,0.0,0.4298261911621637,0.1174310227768634,1.0856053515045483,1.0856053515045483,1.0856053515045483,1.0856053515045483,1.0856053515045483,1.0856053515045483
