obs_gdp,obs_hours,obs_wages,obs_gdpdeflator,obs_corepce,obs_nominalrate,obs_consumption,obs_investment,obs_BBBspread,obs_longinflation,obs_longrate,obs_tfp,obs_gdi,obs_AAAspread,obs_nominalrate1,obs_nominalrate2,obs_nominalrate3,obs_nominalrate4,obs_nominalrate5,obs_nominalrate6
0.4920377493957906,-46.07537165528446,0.4920377493957906,0.4663484183472658,0.49999999999998934,1.1575781921950412,0.4920377493957906,0.4920377493957906,0.48672376262320305,0.49999999999998934,1.1575781921950412,0.0,0.4920377493957906,0.1174310227768634,1.1575781921950412,1.1575781921950412,1.1575781921950412,1.1575781921950412,1.1575781921950412,1.1575781921950412
