obs_gdp,obs_hours,obs_wages,obs_gdpdeflator,obs_corepce,obs_nominalrate,obs_consumption,obs_investment,obs_BBBspread,obs_longinflation,obs_longrate,obs_tfp,obs_gdi,obs_AAAspread,obs_nominalrate1,obs_nominalrate2,obs_nominalrate3,obs_nominalrate4,obs_nominalrate5,obs_nominalrate6
0.5025453122738721,-45.624926290429016,0.5025453122738721,0.4741833556325462,0.49999999999998934,1.1892876917550366,0.5025453122738721,0.5025453122738721,0.4798394635945658,0.49999999999998934,1.1892876917550366,0.0,0.5025453122738721,0.1174310227768634,1.1892876917550366,1.1892876917550366,1.1892876917550366,1.1892876917550366,1.1892876917550366,1.1892876917550366
