obs_gdp,obs_hours,obs_wages,obs_gdpdeflator,obs_corepce,obs_nominalrate,obs_consumption,obs_investment,obs_BBBspread,obs_longinflation,obs_longrate,obs_tfp,obs_gdi,obs_AAAspread,obs_nominalrate1,obs_nominalrate2,obs_nominalrate3,obs_nominalrate4,obs_nominalrate5,obs_nominalrate6
0.5002628193157221,-45.755605590852454,0.5002628193157221,0.4694906219911397,0.49999999999998934,1.1821312199907563,0.5002628193157221,0.5002628193157221,0.4727477137932591,0.49999999999998934,1.1821312199907563,0.0,0.5002628193157221,0.1174310227768634,1.1821312199907563,1.1821312199907563,1.1821312199907563,1.1821312199907563,1.1821312199907563,1.1821312199907563
