obs_gdp,obs_hours,obs_wages,obs_gdpdeflator,obs_corepce,obs_nominalrate,obs_consumption,obs_investment,obs_BBBspread,obs_longinflation,obs_longrate,obs_tfp,obs_gdi,obs_AAAspread,obs_nominalrate1,obs_nominalrate2,obs_nominalrate3,obs_nominalrate4,obs_nominalrate5,obs_nominalrate6
0.5034432488377094,-45.415533519818844,0.5034432488377094,0.4678600270638049,0.49999999999998934,1.192615950785747,0.5034432488377094,0.5034432488377094,0.4782895026293873,0.49999999999998934,1.192615950785747,0.0,0.5034432488377094,0.1174310227768634,1.192615950785747,1.192615950785747,1.192615950785747,1.192615950785747,1.192615950785747,1.192615950785747
