obs_gdp,obs_hours,obs_wages,obs_gdpdeflator,obs_corepce,obs_nominalrate,obs_consumption,obs_investment,obs_BBBspread,obs_longinflation,obs_longrate,obs_tfp,obs_gdi,obs_AAAspread,obs_nominalrate1,obs_nominalrate2,obs_nominalrate3,obs_nominalrate4,obs_nominalrate5,obs_nominalrate6
0.4795744739191088,-46.82416718934293,0.4795744739191088,0.4642056942618118,0.49999999999998934,1.142715441315656,0.4795744739191088,0.4795744739191088,0.4830808581783578,0.49999999999998934,1.142715441315656,0.0,0.4795744739191088,0.1174310227768634,1.142715441315656,1.142715441315656,1.142715441315656,1.142715441315656,1.142715441315656,1.142715441315656
