obs_gdp,obs_hours,obs_wages,obs_gdpdeflator,obs_corepce,obs_nominalrate,obs_consumption,obs_investment,obs_BBBspread,obs_longinflation,obs_longrate,obs_tfp,obs_gdi,obs_AAAspread,obs_nominalrate1,obs_nominalrate2,obs_nominalrate3,obs_nominalrate4,obs_nominalrate5,obs_nominalrate6
0.49405132761246584,-45.70961295015444,0.49405132761246584,0.46715354080595606,0.49999999999998934,1.1773025220116917,0.49405132761246584,0.49405132761246584,0.47965537303118605,0.49999999999998934,1.1773025220116917,0.0,0.49405132761246584,0.1174310227768634,1.1773025220116917,1.1773025220116917,1.1773025220116917,1.1773025220116917,1.1773025220116917,1.1773025220116917
