obs_gdp,obs_hours,obs_wages,obs_gdpdeflator,obs_corepce,obs_nominalrate,obs_consumption,obs_investment,obs_BBBspread,obs_longinflation,obs_longrate,obs_tfp,obs_gdi,obs_AAAspread,obs_nominalrate1,obs_nominalrate2,obs_nominalrate3,obs_nominalrate4,obs_nominalrate5,obs_nominalrate6
0.5067683196651629,-45.60402364875854,0.5067683196651629,0.46689054600517904,0.49999999999998934,1.1831349960967685,0.5067683196651629,0.5067683196651629,0.48457574837319034,0.49999999999998934,1.1831349960967685,0.0,0.5067683196651629,0.1174310227768634,1.1831349960967685,1.1831349960967685,1.1831349960967685,1.1831349960967685,1.1831349960967685,1.1831349960967685
