obs_gdp,obs_hours,obs_wages,obs_gdpdeflator,obs_corepce,obs_nominalrate,obs_consumption,obs_investment,obs_BBBspread,obs_longinflation,obs_longrate,obs_tfp,obs_gdi,obs_AAAspread,obs_nominalrate1,obs_nominalrate2,obs_nominalrate3,obs_nominalrate4,obs_nominalrate5,obs_nominalrate6
0.48313568705327103,-46.43550251172857,0.48313568705327103,0.47007290739866686,0.49999999999998934,1.1574598172193973,0.48313568705327103,0.48313568705327103,0.47266693807681853,0.49999999999998934,1.1574598172193973,0.0,0.48313568705327103,0.1174310227768634,1.1574598172193973,1.1574598172193973,1.1574598172193973,1.1574598172193973,1.1574598172193973,1.1574598172193973
