obs_gdp,obs_hours,obs_wages,obs_gdpdeflator,obs_corepce,obs_nominalrate,obs_consumption,obs_investment,obs_BBBspread,obs_longinflation,obs_longrate,obs_tfp,obs_gdi,obs_AAAspread,obs_nominalrate1,obs_nominalrate2,obs_nominalrate3,obs_nominalrate4,obs_nominalrate5,obs_nominalrate6
0.4364585477742322,-48.15543827005715,0.4364585477742322,0.4662926646939029,0.49999999999998934,1.089983435567432,0.4364585477742322,0.4364585477742322,0.4807926155110783,0.49999999999998934,1.089983435567432,0.0,0.4364585477742322,0.1174310227768634,1.089983435567432,1.089983435567432,1.089983435567432,1.089983435567432,1.089983435567432,1.089983435567432
