obs_gdp,obs_hours,obs_wages,obs_gdpdeflator,obs_corepce,obs_nominalrate,obs_consumption,obs_investment,obs_BBBspread,obs_longinflation,obs_longrate,obs_tfp,obs_gdi,obs_AAAspread,obs_nominalrate1,obs_nominalrate2,obs_nominalrate3,obs_nominalrate4,obs_nominalrate5,obs_nominalrate6
0.49646092609885173,-46.01695401639359,0.49646092609885173,0.46617593710016636,0.49999999999998934,1.1628235359553374,0.49646092609885173,0.49646092609885173,0.48460919542211955,0.49999999999998934,1.1628235359553374,0.0,0.49646092609885173,0.1174310227768634,1.1628235359553374,1.1628235359553374,1.1628235359553374,1.1628235359553374,1.1628235359553374,1.1628235359553374
