obs_gdp,obs_hours,obs_wages,obs_gdpdeflator,obs_corepce,obs_nominalrate,obs_consumption,obs_investment,obs_BBBspread,obs_longinflation,obs_longrate,obs_tfp,obs_gdi,obs_AAAspread,obs_nominalrate1,obs_nominalrate2,obs_nominalrate3,obs_nominalrate4,obs_nominalrate5,obs_nominalrate6
0.48729178335780166,-46.03642823942109,0.48729178335780166,0.4677276833478016,0.49999999999998934,1.1711110724243579,0.48729178335780166,0.48729178335780166,0.47834347324153,0.49999999999998934,1.1711110724243579,0.0,0.48729178335780166,0.1174310227768634,1.1711110724243579,1.1711110724243579,1.1711110724243579,1.1711110724243579,1.1711110724243579,1.1711110724243579
