obs_gdp,obs_hours,obs_wages,obs_gdpdeflator,obs_corepce,obs_nominalrate,obs_consumption,obs_investment,obs_BBBspread,obs_longinflation,obs_longrate,obs_tfp,obs_gdi,obs_AAAspread,obs_nominalrate1,obs_nominalrate2,obs_nominalrate3,obs_nominalrate4,obs_nominalrate5,obs_nominalrate6
0.42087243250996664,-48.71624379573538,0.42087243250996664,0.46721165144943677,0.49999999999998934,1.0699967446962555,0.42087243250996664,0.42087243250996664,0.47542546093101634,0.49999999999998934,1.0699967446962555,0.0,0.42087243250996664,0.1174310227768634,1.0699967446962555,1.0699967446962555,1.0699967446962555,1.0699967446962555,1.0699967446962555,1.0699967446962555
