obs_gdp,obs_hours,obs_wages,obs_gdpdeflator,obs_corepce,obs_nominalrate,obs_consumption,obs_investment,obs_BBBspread,obs_longinflation,obs_longrate,obs_tfp,obs_gdi,obs_AAAspread,obs_nominalrate1,obs_nominalrate2,obs_nominalrate3,obs_nominalrate4,obs_nominalrate5,obs_nominalrate6
0.47839558778088875,-46.00089940854545,0.47839558778088875,0.4741075686969299,0.49999999999998934,1.2077570402002413,0.47839558778088875,0.47839558778088875,0.4693039489055686,0.49999999999998934,1.2077570402002413,0.0,0.47839558778088875,0.1174310227768634,1.2077570402002413,1.2077570402002413,1.2077570402002413,1.2077570402002413,1.2077570402002413,1.2077570402002413
