obs_gdp,obs_hours,obs_wages,obs_gdpdeflator,obs_corepce,obs_nominalrate,obs_consumption,obs_investment,obs_BBBspread,obs_longinflation,obs_longrate,obs_tfp,obs_gdi,obs_AAAspread,obs_nominalrate1,obs_nominalrate2,obs_nominalrate3,obs_nominalrate4,obs_nominalrate5,obs_nominalrate6
0.4936221533877516,-46.32645893392911,0.4936221533877516,0.4639598837034316,0.49999999999998934,1.16333424021271,0.4936221533877516,0.4936221533877516,0.4823252571327498,0.49999999999998934,1.16333424021271,0.0,0.4936221533877516,0.1174310227768634,1.16333424021271,1.16333424021271,1.16333424021271,1.16333424021271,1.16333424021271,1.16333424021271
