obs_gdp,obs_hours,obs_wages,obs_gdpdeflator,obs_corepce,obs_nominalrate,obs_consumption,obs_investment,obs_BBBspread,obs_longinflation,obs_longrate,obs_tfp,obs_gdi,obs_AAAspread,obs_nominalrate1,obs_nominalrate2,obs_nominalrate3,obs_nominalrate4,obs_nominalrate5,obs_nominalrate6
0.4853681876819005,-45.944985140153435,0.4853681876819005,0.47382044371250387,0.49999999999998934,1.220585851595546,0.4853681876819005,0.4853681876819005,0.4678526404501143,0.49999999999998934,1.220585851595546,0.0,0.4853681876819005,0.1174310227768634,1.220585851595546,1.220585851595546,1.220585851595546,1.220585851595546,1.220585851595546,1.220585851595546
