obs_gdp,obs_hours,obs_wages,obs_gdpdeflator,obs_corepce,obs_nominalrate,obs_consumption,obs_investment,obs_BBBspread,obs_longinflation,obs_longrate,obs_tfp,obs_gdi,obs_AAAspread,obs_nominalrate1,obs_nominalrate2,obs_nominalrate3,obs_nominalrate4,obs_nominalrate5,obs_nominalrate6
0.4762997854038442,-46.63885836583578,0.4762997854038442,0.4733455957995213,0.49999999999998934,1.1781356205131877,0.4762997854038442,0.4762997854038442,0.4729176842775019,0.49999999999998934,1.1781356205131877,0.0,0.4762997854038442,0.1174310227768634,1.1781356205131877,1.1781356205131877,1.1781356205131877,1.1781356205131877,1.1781356205131877,1.1781356205131877
