obs_gdp,obs_hours,obs_wages,obs_gdpdeflator,obs_corepce,obs_nominalrate,obs_consumption,obs_investment,obs_BBBspread,obs_longinflation,obs_longrate,obs_tfp,obs_gdi,obs_AAAspread,obs_nominalrate1,obs_nominalrate2,obs_nominalrate3,obs_nominalrate4,obs_nominalrate5,obs_nominalrate6
0.521548809573158,-44.92605753956763,0.521548809573158,0.4700157141297631,0.49999999999998934,1.2247841447217578,0.521548809573158,0.521548809573158,0.476962085480936,0.49999999999998934,1.2247841447217578,0.0,0.521548809573158,0.1174310227768634,1.2247841447217578,1.2247841447217578,1.2247841447217578,1.2247841447217578,1.2247841447217578,1.2247841447217578
