obs_gdp,obs_hours,obs_wages,obs_gdpdeflator,obs_corepce,obs_nominalrate,obs_consumption,obs_investment,obs_BBBspread,obs_longinflation,obs_longrate,obs_tfp,obs_gdi,obs_AAAspread,obs_nominalrate1,obs_nominalrate2,obs_nominalrate3,obs_nominalrate4,obs_nominalrate5,obs_nominalrate6
0.4910798347830925,-45.97215563742437,0.4910798347830925,0.4725928334897433,0.49999999999998934,1.221437309032125,0.4910798347830925,0.4910798347830925,0.46881469444921214,0.49999999999998934,1.221437309032125,0.0,0.4910798347830925,0.1174310227768634,1.221437309032125,1.221437309032125,1.221437309032125,1.221437309032125,1.221437309032125,1.221437309032125
