obs_gdp,obs_hours,obs_wages,obs_gdpdeflator,obs_corepce,obs_nominalrate,obs_consumption,obs_investment,obs_BBBspread,obs_longinflation,obs_longrate,obs_tfp,obs_gdi,obs_AAAspread,obs_nominalrate1,obs_nominalrate2,obs_nominalrate3,obs_nominalrate4,obs_nominalrate5,obs_nominalrate6
0.5116767490585872,-44.9166358522933,0.5116767490585872,0.47346373550324056,0.49999999999998934,1.2490498843272357,0.5116767490585872,0.5116767490585872,0.46935495014503803,0.49999999999998934,1.2490498843272357,0.0,0.5116767490585872,0.1174310227768634,1.2490498843272357,1.2490498843272357,1.2490498843272357,1.2490498843272357,1.2490498843272357,1.2490498843272357
