obs_gdp,obs_hours,obs_wages,obs_gdpdeflator,obs_corepce,obs_nominalrate,obs_consumption,obs_investment,obs_BBBspread,obs_longinflation,obs_longrate,obs_tfp,obs_gdi,obs_AAAspread,obs_nominalrate1,obs_nominalrate2,obs_nominalrate3,obs_nominalrate4,obs_nominalrate5,obs_nominalrate6
0.47911273433798307,-46.678924055688746,0.47911273433798307,0.4659301895685841,0.49999999999998934,1.1481416029676117,0.47911273433798307,0.47911273433798307,0.4795399285088764,0.49999999999998934,1.1481416029676117,0.0,0.47911273433798307,0.1174310227768634,1.1481416029676117,1.1481416029676117,1.1481416029676117,1.1481416029676117,1.1481416029676117,1.1481416029676117
