obs_gdp,obs_hours,obs_wages,obs_gdpdeflator,obs_corepce,obs_nominalrate,obs_consumption,obs_investment,obs_BBBspread,obs_longinflation,obs_longrate,obs_tfp,obs_gdi,obs_AAAspread,obs_nominalrate1,obs_nominalrate2,obs_nominalrate3,obs_nominalrate4,obs_nominalrate5,obs_nominalrate6
0.48071923318255827,-46.23957203973558,0.48071923318255827,0.4674370176580002,0.49999999999998934,1.1604033451960039,0.48071923318255827,0.48071923318255827,0.4785129026005797,0.49999999999998934,1.1604033451960039,0.0,0.48071923318255827,0.1174310227768634,1.1604033451960039,1.1604033451960039,1.1604033451960039,1.1604033451960039,1.1604033451960039,1.1604033451960039
