obs_gdp,obs_hours,obs_wages,obs_gdpdeflator,obs_corepce,obs_nominalrate,obs_consumption,obs_investment,obs_BBBspread,obs_longinflation,obs_longrate,obs_tfp,obs_gdi,obs_AAAspread,obs_nominalrate1,obs_nominalrate2,obs_nominalrate3,obs_nominalrate4,obs_nominalrate5,obs_nominalrate6
0.49566679295733884,-46.12346033832965,0.49566679295733884,0.4661653152467625,0.49999999999998934,1.1577244404796572,0.49566679295733884,0.49566679295733884,0.48683859421662645,0.49999999999998934,1.1577244404796572,0.0,0.49566679295733884,0.1174310227768634,1.1577244404796572,1.1577244404796572,1.1577244404796572,1.1577244404796572,1.1577244404796572,1.1577244404796572
