obs_gdp,obs_hours,obs_wages,obs_gdpdeflator,obs_corepce,obs_nominalrate,obs_consumption,obs_investment,obs_BBBspread,obs_longinflation,obs_longrate,obs_tfp,obs_gdi,obs_AAAspread,obs_nominalrate1,obs_nominalrate2,obs_nominalrate3,obs_nominalrate4,obs_nominalrate5,obs_nominalrate6
0.4723233711259489,-46.93375612818115,0.4723233711259489,0.46508600271803335,0.49999999999998934,1.1388522667999057,0.4723233711259489,0.4723233711259489,0.48146158961070096,0.49999999999998934,1.1388522667999057,0.0,0.4723233711259489,0.1174310227768634,1.1388522667999057,1.1388522667999057,1.1388522667999057,1.1388522667999057,1.1388522667999057,1.1388522667999057
