obs_gdp,obs_hours,obs_wages,obs_gdpdeflator,obs_corepce,obs_nominalrate,obs_consumption,obs_investment,obs_BBBspread,obs_longinflation,obs_longrate,obs_tfp,obs_gdi,obs_AAAspread,obs_nominalrate1,obs_nominalrate2,obs_nominalrate3,obs_nominalrate4,obs_nominalrate5,obs_nominalrate6
0.45784174109835263,-47.69278136040467,0.45784174109835263,0.4663450911740467,0.49999999999998934,1.1108417869655662,0.45784174109835263,0.45784174109835263,0.4802823792217365,0.49999999999998934,1.1108417869655662,0.0,0.45784174109835263,0.1174310227768634,1.1108417869655662,1.1108417869655662,1.1108417869655662,1.1108417869655662,1.1108417869655662,1.1108417869655662
