obs_gdp,obs_hours,obs_wages,obs_gdpdeflator,obs_corepce,obs_nominalrate,obs_consumption,obs_investment,obs_BBBspread,obs_longinflation,obs_longrate,obs_tfp,obs_gdi,obs_AAAspread,obs_nominalrate1,obs_nominalrate2,obs_nominalrate3,obs_nominalrate4,obs_nominalrate5,obs_nominalrate6
0.4772895228744245,-46.42367627930982,0.4772895228744245,0.46734305711369906,0.49999999999998934,1.158838427348341,0.4772895228744245,0.4772895228744245,0.47739146052600717,0.49999999999998934,1.158838427348341,0.0,0.4772895228744245,0.1174310227768634,1.158838427348341,1.158838427348341,1.158838427348341,1.158838427348341,1.158838427348341,1.158838427348341
