obs_gdp,obs_hours,obs_wages,obs_gdpdeflator,obs_corepce,obs_nominalrate,obs_consumption,obs_investment,obs_BBBspread,obs_longinflation,obs_longrate,obs_tfp,obs_gdi,obs_AAAspread,obs_nominalrate1,obs_nominalrate2,obs_nominalrate3,obs_nominalrate4,obs_nominalrate5,obs_nominalrate6
0.47723423720300584,-46.74847249315648,0.47723423720300584,0.46666429203598386,0.49999999999998934,1.134386426043421,0.47723423720300584,0.47723423720300584,0.4829217697098204,0.49999999999998934,1.134386426043421,0.0,0.47723423720300584,0.1174310227768634,1.134386426043421,1.134386426043421,1.134386426043421,1.134386426043421,1.134386426043421,1.134386426043421
