obs_gdp,obs_hours,obs_wages,obs_gdpdeflator,obs_corepce,obs_nominalrate,obs_consumption,obs_investment,obs_BBBspread,obs_longinflation,obs_longrate,obs_tfp,obs_gdi,obs_AAAspread,obs_nominalrate1,obs_nominalrate2,obs_nominalrate3,obs_nominalrate4,obs_nominalrate5,obs_nominalrate6
0.5125812477347003,-45.46315532398695,0.5125812477347003,0.47175043837126607,0.49999999999998934,1.2087698028521832,0.5125812477347003,0.5125812477347003,0.474235396419931,0.49999999999998934,1.2087698028521832,0.0,0.5125812477347003,0.1174310227768634,1.2087698028521832,1.2087698028521832,1.2087698028521832,1.2087698028521832,1.2087698028521832,1.2087698028521832
