obs_gdp,obs_hours,obs_wages,obs_gdpdeflator,obs_corepce,obs_nominalrate,obs_consumption,obs_investment,obs_BBBspread,obs_longinflation,obs_longrate,obs_tfp,obs_gdi,obs_AAAspread,obs_nominalrate1,obs_nominalrate2,obs_nominalrate3,obs_nominalrate4,obs_nominalrate5,obs_nominalrate6
0.49712190667872136,-45.790027724494514,0.49712190667872136,0.47439313831579244,0.49999999999998934,1.2137243418736565,0.49712190667872136,0.49712190667872136,0.4718413991268172,0.49999999999998934,1.2137243418736565,0.0,0.49712190667872136,0.1174310227768634,1.2137243418736565,1.2137243418736565,1.2137243418736565,1.2137243418736565,1.2137243418736565,1.2137243418736565
