obs_gdp,obs_hours,obs_wages,obs_gdpdeflator,obs_corepce,obs_nominalrate,obs_consumption,obs_investment,obs_BBBspread,obs_longinflation,obs_longrate,obs_tfp,obs_gdi,obs_AAAspread,obs_nominalrate1,obs_nominalrate2,obs_nominalrate3,obs_nominalrate4,obs_nominalrate5,obs_nominalrate6
0.470084811238225,-47.02549019607406,0.470084811238225,0.4737058990985026,0.49999999999998934,1.132618581786593,0.470084811238225,0.470084811238225,0.47549484936824715,0.49999999999998934,1.132618581786593,0.0,0.470084811238225,0.1174310227768634,1.132618581786593,1.132618581786593,1.132618581786593,1.132618581786593,1.132618581786593,1.132618581786593
