obs_gdp,obs_hours,obs_wages,obs_gdpdeflator,obs_corepce,obs_nominalrate,obs_consumption,obs_investment,obs_BBBspread,obs_longinflation,obs_longrate,obs_tfp,obs_gdi,obs_AAAspread,obs_nominalrate1,obs_nominalrate2,obs_nominalrate3,obs_nominalrate4,obs_nominalrate5,obs_nominalrate6
0.45383718459117706,-47.49499719632704,0.45383718459117706,0.47077165181875996,0.49999999999998934,1.1163261316885942,0.45383718459117706,0.45383718459117706,0.4732694503852787,0.49999999999998934,1.1163261316885942,0.0,0.45383718459117706,0.1174310227768634,1.1163261316885942,1.1163261316885942,1.1163261316885942,1.1163261316885942,1.1163261316885942,1.1163261316885942
