obs_gdp,obs_hours,obs_wages,obs_gdpdeflator,obs_corepce,obs_nominalrate,obs_consumption,obs_investment,obs_BBBspread,obs_longinflation,obs_longrate,obs_tfp,obs_gdi,obs_AAAspread,obs_nominalrate1,obs_nominalrate2,obs_nominalrate3,obs_nominalrate4,obs_nominalrate5,obs_nominalrate6
0.4883570817261429,-46.04001033800103,0.4883570817261429,0.4679370407559029,0.49999999999998934,1.177645802961358,0.4883570817261429,0.4883570817261429,0.4778991281212136,0.49999999999998934,1.177645802961358,0.0,0.4883570817261429,0.1174310227768634,1.177645802961358,1.177645802961358,1.177645802961358,1.177645802961358,1.177645802961358,1.177645802961358
