obs_gdp,obs_hours,obs_wages,obs_gdpdeflator,obs_corepce,obs_nominalrate,obs_consumption,obs_investment,obs_BBBspread,obs_longinflation,obs_longrate,obs_tfp,obs_gdi,obs_AAAspread,obs_nominalrate1,obs_nominalrate2,obs_nominalrate3,obs_nominalrate4,obs_nominalrate5,obs_nominalrate6
0.4049527121250618,-49.557560418295196,0.4049527121250618,0.4658634951630218,0.49999999999998934,1.0365437190988258,0.4049527121250618,0.4049527121250618,0.48390634520660447,0.49999999999998934,1.0365437190988258,0.0,0.4049527121250618,0.1174310227768634,1.0365437190988258,1.0365437190988258,1.0365437190988258,1.0365437190988258,1.0365437190988258,1.0365437190988258
