obs_gdp,obs_hours,obs_wages,obs_gdpdeflator,obs_corepce,obs_nominalrate,obs_consumption,obs_investment,obs_BBBspread,obs_longinflation,obs_longrate,obs_tfp,obs_gdi,obs_AAAspread,obs_nominalrate1,obs_nominalrate2,obs_nominalrate3,obs_nominalrate4,obs_nominalrate5,obs_nominalrate6
0.4945040577848836,-45.782773880860915,0.4945040577848836,0.46773206630519487,0.49999999999998934,1.1879259305490386,0.4945040577848836,0.4945040577848836,0.47808100535190884,0.49999999999998934,1.1879259305490386,0.0,0.4945040577848836,0.1174310227768634,1.1879259305490386,1.1879259305490386,1.1879259305490386,1.1879259305490386,1.1879259305490386,1.1879259305490386
