obs_gdp,obs_hours,obs_wages,obs_gdpdeflator,obs_corepce,obs_nominalrate,obs_consumption,obs_investment,obs_BBBspread,obs_longinflation,obs_longrate,obs_tfp,obs_gdi,obs_AAAspread,obs_nominalrate1,obs_nominalrate2,obs_nominalrate3,obs_nominalrate4,obs_nominalrate5,obs_nominalrate6
0.43437320793235923,-47.943324095210855,0.43437320793235923,0.4713585578038915,0.49999999999998934,1.0928355594163497,0.43437320793235923,0.43437320793235923,0.4763347683230171,0.49999999999998934,1.0928355594163497,0.0,0.43437320793235923,0.1174310227768634,1.0928355594163497,1.0928355594163497,1.0928355594163497,1.0928355594163497,1.0928355594163497,1.0928355594163497
