obs_gdp,obs_hours,obs_wages,obs_gdpdeflator,obs_corepce,obs_nominalrate,obs_consumption,obs_investment,obs_BBBspread,obs_longinflation,obs_longrate,obs_tfp,obs_gdi,obs_AAAspread,obs_nominalrate1,obs_nominalrate2,obs_nominalrate3,obs_nominalrate4,obs_nominalrate5,obs_nominalrate6
0.4947998934017983,-46.17936112951288,0.4947998934017983,0.4653365051935213,0.49999999999998934,1.1666553664696933,0.4947998934017983,0.4947998934017983,0.48438636908466526,0.49999999999998934,1.1666553664696933,0.0,0.4947998934017983,0.1174310227768634,1.1666553664696933,1.1666553664696933,1.1666553664696933,1.1666553664696933,1.1666553664696933,1.1666553664696933
