obs_gdp,obs_hours,obs_wages,obs_gdpdeflator,obs_corepce,obs_nominalrate,obs_consumption,obs_investment,obs_BBBspread,obs_longinflation,obs_longrate,obs_tfp,obs_gdi,obs_AAAspread,obs_nominalrate1,obs_nominalrate2,obs_nominalrate3,obs_nominalrate4,obs_nominalrate5,obs_nominalrate6
0.42832559712695506,-48.21593066239792,0.42832559712695506,0.4728044869269775,0.49999999999998934,1.0783297296949712,0.42832559712695506,0.42832559712695506,0.48335774244277363,0.49999999999998934,1.0783297296949712,0.0,0.42832559712695506,0.1174310227768634,1.0783297296949712,1.0783297296949712,1.0783297296949712,1.0783297296949712,1.0783297296949712,1.0783297296949712
