obs_gdp,obs_hours,obs_wages,obs_gdpdeflator,obs_corepce,obs_nominalrate,obs_consumption,obs_investment,obs_BBBspread,obs_longinflation,obs_longrate,obs_tfp,obs_gdi,obs_AAAspread,obs_nominalrate1,obs_nominalrate2,obs_nominalrate3,obs_nominalrate4,obs_nominalrate5,obs_nominalrate6
0.4664045410005979,-46.929431619874514,0.4664045410005979,0.470179134940499,0.49999999999998934,1.132869287246585,0.4664045410005979,0.4664045410005979,0.4782167274352567,0.49999999999998934,1.132869287246585,0.0,0.4664045410005979,0.1174310227768634,1.132869287246585,1.132869287246585,1.132869287246585,1.132869287246585,1.132869287246585,1.132869287246585
