obs_gdp,obs_hours,obs_wages,obs_gdpdeflator,obs_corepce,obs_nominalrate,obs_consumption,obs_investment,obs_BBBspread,obs_longinflation,obs_longrate,obs_tfp,obs_gdi,obs_AAAspread,obs_nominalrate1,obs_nominalrate2,obs_nominalrate3,obs_nominalrate4,obs_nominalrate5,obs_nominalrate6
0.44892086335284187,-47.45583700963022,0.44892086335284187,0.47221352748927103,0.49999999999998934,1.1074800461789325,0.44892086335284187,0.44892086335284187,0.48235703073681485,0.49999999999998934,1.1074800461789325,0.0,0.44892086335284187,0.1174310227768634,1.1074800461789325,1.1074800461789325,1.1074800461789325,1.1074800461789325,1.1074800461789325,1.1074800461789325
