obs_gdp,obs_hours,obs_wages,obs_gdpdeflator,obs_corepce,obs_nominalrate,obs_consumption,obs_investment,obs_BBBspread,obs_longinflation,obs_longrate,obs_tfp,obs_gdi,obs_AAAspread,obs_nominalrate1,obs_nominalrate2,obs_nominalrate3,obs_nominalrate4,obs_nominalrate5,obs_nominalrate6
0.47336381442204534,-46.752216608145545,0.47336381442204534,0.4745821035920732,0.49999999999998934,1.1490262387096495,0.47336381442204534,0.47336381442204534,0.47593775557073287,0.49999999999998934,1.1490262387096495,0.0,0.47336381442204534,0.1174310227768634,1.1490262387096495,1.1490262387096495,1.1490262387096495,1.1490262387096495,1.1490262387096495,1.1490262387096495
