obs_gdp,obs_hours,obs_wages,obs_gdpdeflator,obs_corepce,obs_nominalrate,obs_consumption,obs_investment,obs_BBBspread,obs_longinflation,obs_longrate,obs_tfp,obs_gdi,obs_AAAspread,obs_nominalrate1,obs_nominalrate2,obs_nominalrate3,obs_nominalrate4,obs_nominalrate5,obs_nominalrate6
0.46036581439214963,-47.440175916194924,0.46036581439214963,0.46674256153586,0.49999999999998934,1.1136574941668087,0.46036581439214963,0.46036581439214963,0.48200867874579995,0.49999999999998934,1.1136574941668087,0.0,0.46036581439214963,0.1174310227768634,1.1136574941668087,1.1136574941668087,1.1136574941668087,1.1136574941668087,1.1136574941668087,1.1136574941668087
