obs_gdp,obs_hours,obs_wages,obs_gdpdeflator,obs_corepce,obs_nominalrate,obs_consumption,obs_investment,obs_BBBspread,obs_longinflation,obs_longrate,obs_tfp,obs_gdi,obs_AAAspread,obs_nominalrate1,obs_nominalrate2,obs_nominalrate3,obs_nominalrate4,obs_nominalrate5,obs_nominalrate6
0.47407463219153456,-46.634562910846256,0.47407463219153456,0.47016602072181374,0.49999999999998934,1.152086897791893,0.47407463219153456,0.47407463219153456,0.4782620403525993,0.49999999999998934,1.152086897791893,0.0,0.47407463219153456,0.1174310227768634,1.152086897791893,1.152086897791893,1.152086897791893,1.152086897791893,1.152086897791893,1.152086897791893
