obs_gdp,obs_hours,obs_wages,obs_gdpdeflator,obs_corepce,obs_nominalrate,obs_consumption,obs_investment,obs_BBBspread,obs_longinflation,obs_longrate,obs_tfp,obs_gdi,obs_AAAspread,obs_nominalrate1,obs_nominalrate2,obs_nominalrate3,obs_nominalrate4,obs_nominalrate5,obs_nominalrate6
0.455646720449554,-47.41296116013247,0.455646720449554,0.4755175355011946,0.49999999999998934,1.1238837641322608,0.455646720449554,0.455646720449554,0.477471389486605,0.49999999999998934,1.1238837641322608,0.0,0.455646720449554,0.1174310227768634,1.1238837641322608,1.1238837641322608,1.1238837641322608,1.1238837641322608,1.1238837641322608,1.1238837641322608
