obs_gdp,obs_hours,obs_wages,obs_gdpdeflator,obs_corepce,obs_nominalrate,obs_consumption,obs_investment,obs_BBBspread,obs_longinflation,obs_longrate,obs_tfp,obs_gdi,obs_AAAspread,obs_nominalrate1,obs_nominalrate2,obs_nominalrate3,obs_nominalrate4,obs_nominalrate5,obs_nominalrate6
0.5401191716477349,-44.25061400926946,0.5401191716477349,0.47023186328611793,0.49999999999998934,1.248940580342306,0.5401191716477349,0.5401191716477349,0.4766182608319255,0.49999999999998934,1.248940580342306,0.0,0.5401191716477349,0.1174310227768634,1.248940580342306,1.248940580342306,1.248940580342306,1.248940580342306,1.248940580342306,1.248940580342306
