obs_gdp,obs_hours,obs_wages,obs_gdpdeflator,obs_corepce,obs_nominalrate,obs_consumption,obs_investment,obs_BBBspread,obs_longinflation,obs_longrate,obs_tfp,obs_gdi,obs_AAAspread,obs_nominalrate1,obs_nominalrate2,obs_nominalrate3,obs_nominalrate4,obs_nominalrate5,obs_nominalrate6
0.41680698352195567,-48.70303152822484,0.41680698352195567,0.4711421345331849,0.49999999999998934,1.0702382272609334,0.41680698352195567,0.41680698352195567,0.4739416689178317,0.49999999999998934,1.0702382272609334,0.0,0.41680698352195567,0.1174310227768634,1.0702382272609334,1.0702382272609334,1.0702382272609334,1.0702382272609334,1.0702382272609334,1.0702382272609334
