obs_gdp,obs_hours,obs_wages,obs_gdpdeflator,obs_corepce,obs_nominalrate,obs_consumption,obs_investment,obs_BBBspread,obs_longinflation,obs_longrate,obs_tfp,obs_gdi,obs_AAAspread,obs_nominalrate1,obs_nominalrate2,obs_nominalrate3,obs_nominalrate4,obs_nominalrate5,obs_nominalrate6
0.5171450136357114,-45.33709793026887,0.5171450136357114,0.47196674582487685,0.49999999999998934,1.2011702001237579,0.5171450136357114,0.5171450136357114,0.47413469925589957,0.49999999999998934,1.2011702001237579,0.0,0.5171450136357114,0.1174310227768634,1.2011702001237579,1.2011702001237579,1.2011702001237579,1.2011702001237579,1.2011702001237579,1.2011702001237579
