obs_gdp,obs_hours,obs_wages,obs_gdpdeflator,obs_corepce,obs_nominalrate,obs_consumption,obs_investment,obs_BBBspread,obs_longinflation,obs_longrate,obs_tfp,obs_gdi,obs_AAAspread,obs_nominalrate1,obs_nominalrate2,obs_nominalrate3,obs_nominalrate4,obs_nominalrate5,obs_nominalrate6
0.5084522295495164,-45.309359795747554,0.5084522295495164,0.4681719150587419,0.49999999999998934,1.1967203954661443,0.5084522295495164,0.5084522295495164,0.47907737103268466,0.49999999999998934,1.1967203954661443,0.0,0.5084522295495164,0.1174310227768634,1.1967203954661443,1.1967203954661443,1.1967203954661443,1.1967203954661443,1.1967203954661443,1.1967203954661443
