obs_gdp,obs_hours,obs_wages,obs_gdpdeflator,obs_corepce,obs_nominalrate,obs_consumption,obs_investment,obs_BBBspread,obs_longinflation,obs_longrate,obs_tfp,obs_gdi,obs_AAAspread,obs_nominalrate1,obs_nominalrate2,obs_nominalrate3,obs_nominalrate4,obs_nominalrate5,obs_nominalrate6
0.525856161967786,-44.62629089886414,0.525856161967786,0.46755379505362155,0.49999999999998934,1.220390384857839,0.525856161967786,0.525856161967786,0.47880487528025606,0.49999999999998934,1.220390384857839,0.0,0.525856161967786,0.1174310227768634,1.220390384857839,1.220390384857839,1.220390384857839,1.220390384857839,1.220390384857839,1.220390384857839
