obs_gdp,obs_hours,obs_wages,obs_gdpdeflator,obs_corepce,obs_nominalrate,obs_consumption,obs_investment,obs_BBBspread,obs_longinflation,obs_longrate,obs_tfp,obs_gdi,obs_AAAspread,obs_nominalrate1,obs_nominalrate2,obs_nominalrate3,obs_nominalrate4,obs_nominalrate5,obs_nominalrate6
0.48359493914817975,-46.39196241257073,0.48359493914817975,0.46687802664276545,0.49999999999998934,1.1428238415775116,0.48359493914817975,0.48359493914817975,0.4877508848525674,0.49999999999998934,1.1428238415775116,0.0,0.48359493914817975,0.1174310227768634,1.1428238415775116,1.1428238415775116,1.1428238415775116,1.1428238415775116,1.1428238415775116,1.1428238415775116
