obs_gdp,obs_hours,obs_wages,obs_gdpdeflator,obs_corepce,obs_nominalrate,obs_consumption,obs_investment,obs_BBBspread,obs_longinflation,obs_longrate,obs_tfp,obs_gdi,obs_AAAspread,obs_nominalrate1,obs_nominalrate2,obs_nominalrate3,obs_nominalrate4,obs_nominalrate5,obs_nominalrate6
0.46912063369870527,-46.73770771421701,0.46912063369870527,0.4739868783710173,0.49999999999998934,1.1461864433788715,0.46912063369870527,0.46912063369870527,0.48013034579957287,0.49999999999998934,1.1461864433788715,0.0,0.46912063369870527,0.1174310227768634,1.1461864433788715,1.1461864433788715,1.1461864433788715,1.1461864433788715,1.1461864433788715,1.1461864433788715
