obs_gdp,obs_hours,obs_wages,obs_gdpdeflator,obs_corepce,obs_nominalrate,obs_consumption,obs_investment,obs_BBBspread,obs_longinflation,obs_longrate,obs_tfp,obs_gdi,obs_AAAspread,obs_nominalrate1,obs_nominalrate2,obs_nominalrate3,obs_nominalrate4,obs_nominalrate5,obs_nominalrate6
0.4438093513990493,-47.595405384238845,0.4438093513990493,0.4690661769898463,0.49999999999998934,1.108809404647615,0.4438093513990493,0.4438093513990493,0.47978836571547345,0.49999999999998934,1.108809404647615,0.0,0.4438093513990493,0.1174310227768634,1.108809404647615,1.108809404647615,1.108809404647615,1.108809404647615,1.108809404647615,1.108809404647615
