obs_gdp,obs_hours,obs_wages,obs_gdpdeflator,obs_corepce,obs_nominalrate,obs_consumption,obs_investment,obs_BBBspread,obs_longinflation,obs_longrate,obs_tfp,obs_gdi,obs_AAAspread,obs_nominalrate1,obs_nominalrate2,obs_nominalrate3,obs_nominalrate4,obs_nominalrate5,obs_nominalrate6
0.5089689559069077,-44.9641134420077,0.5089689559069077,0.47372729622662246,0.49999999999998934,1.2472902504890415,0.5089689559069077,0.5089689559069077,0.46930038163632853,0.49999999999998934,1.2472902504890415,0.0,0.5089689559069077,0.1174310227768634,1.2472902504890415,1.2472902504890415,1.2472902504890415,1.2472902504890415,1.2472902504890415,1.2472902504890415
