obs_gdp,obs_hours,obs_wages,obs_gdpdeflator,obs_corepce,obs_nominalrate,obs_consumption,obs_investment,obs_BBBspread,obs_longinflation,obs_longrate,obs_tfp,obs_gdi,obs_AAAspread,obs_nominalrate1,obs_nominalrate2,obs_nominalrate3,obs_nominalrate4,obs_nominalrate5,obs_nominalrate6
0.4316683282550082,-48.2019715603207,0.4316683282550082,0.47266176534876814,0.49999999999998934,1.1080080289949557,0.4316683282550082,0.4316683282550082,0.4770610453923938,0.49999999999998934,1.1080080289949557,0.0,0.4316683282550082,0.1174310227768634,1.1080080289949557,1.1080080289949557,1.1080080289949557,1.1080080289949557,1.1080080289949557,1.1080080289949557
