obs_gdp,obs_hours,obs_wages,obs_gdpdeflator,obs_corepce,obs_nominalrate,obs_consumption,obs_investment,obs_BBBspread,obs_longinflation,obs_longrate,obs_tfp,obs_gdi,obs_AAAspread,obs_nominalrate1,obs_nominalrate2,obs_nominalrate3,obs_nominalrate4,obs_nominalrate5,obs_nominalrate6
0.4590324493429554,-47.62982307301473,0.4590324493429554,0.46691186657329087,0.49999999999998934,1.1103173620594653,0.4590324493429554,0.4590324493429554,0.47939571763936467,0.49999999999998934,1.1103173620594653,0.0,0.4590324493429554,0.1174310227768634,1.1103173620594653,1.1103173620594653,1.1103173620594653,1.1103173620594653,1.1103173620594653,1.1103173620594653
