obs_gdp,obs_hours,obs_wages,obs_gdpdeflator,obs_corepce,obs_nominalrate,obs_consumption,obs_investment,obs_BBBspread,obs_longinflation,obs_longrate,obs_tfp,obs_gdi,obs_AAAspread,obs_nominalrate1,obs_nominalrate2,obs_nominalrate3,obs_nominalrate4,obs_nominalrate5,obs_nominalrate6
0.466311209956527,-47.21925138126949,0.466311209956527,0.46615008270263913,0.49999999999998934,1.1215651529769222,0.466311209956527,0.466311209956527,0.4808479381701539,0.49999999999998934,1.1215651529769222,0.0,0.466311209956527,0.1174310227768634,1.1215651529769222,1.1215651529769222,1.1215651529769222,1.1215651529769222,1.1215651529769222,1.1215651529769222
