obs_gdp,obs_hours,obs_wages,obs_gdpdeflator,obs_corepce,obs_nominalrate,obs_consumption,obs_investment,obs_BBBspread,obs_longinflation,obs_longrate,obs_tfp,obs_gdi,obs_AAAspread,obs_nominalrate1,obs_nominalrate2,obs_nominalrate3,obs_nominalrate4,obs_nominalrate5,obs_nominalrate6
0.5135036808012972,-45.30939078155515,0.5135036808012972,0.46827050825764455,0.49999999999998934,1.1952570470560975,0.5135036808012972,0.5135036808012972,0.4840247464618792,0.49999999999998934,1.1952570470560975,0.0,0.5135036808012972,0.1174310227768634,1.1952570470560975,1.1952570470560975,1.1952570470560975,1.1952570470560975,1.1952570470560975,1.1952570470560975
