obs_gdp,obs_hours,obs_wages,obs_gdpdeflator,obs_corepce,obs_nominalrate,obs_consumption,obs_investment,obs_BBBspread,obs_longinflation,obs_longrate,obs_tfp,obs_gdi,obs_AAAspread,obs_nominalrate1,obs_nominalrate2,obs_nominalrate3,obs_nominalrate4,obs_nominalrate5,obs_nominalrate6
0.45069464363383105,-47.681657456966555,0.45069464363383105,0.4735126580235519,0.49999999999998934,1.140025679237433,0.45069464363383105,0.45069464363383105,0.4728129549135286,0.49999999999998934,1.140025679237433,0.0,0.45069464363383105,0.1174310227768634,1.140025679237433,1.140025679237433,1.140025679237433,1.140025679237433,1.140025679237433,1.140025679237433
