obs_gdp,obs_hours,obs_wages,obs_gdpdeflator,obs_corepce,obs_nominalrate,obs_consumption,obs_investment,obs_BBBspread,obs_longinflation,obs_longrate,obs_tfp,obs_gdi,obs_AAAspread,obs_nominalrate1,obs_nominalrate2,obs_nominalrate3,obs_nominalrate4,obs_nominalrate5,obs_nominalrate6
0.47181898204782247,-46.63635897543271,0.47181898204782247,0.46956136243888963,0.49999999999998934,1.1524121600527293,0.47181898204782247,0.47181898204782247,0.47796516734159766,0.49999999999998934,1.1524121600527293,0.0,0.47181898204782247,0.1174310227768634,1.1524121600527293,1.1524121600527293,1.1524121600527293,1.1524121600527293,1.1524121600527293,1.1524121600527293
