obs_gdp,obs_hours,obs_wages,obs_gdpdeflator,obs_corepce,obs_nominalrate,obs_consumption,obs_investment,obs_BBBspread,obs_longinflation,obs_longrate,obs_tfp,obs_gdi,obs_AAAspread,obs_nominalrate1,obs_nominalrate2,obs_nominalrate3,obs_nominalrate4,obs_nominalrate5,obs_nominalrate6
0.4758156030022498,-46.517319076975525,0.4758156030022498,0.4749989980294829,0.49999999999998934,1.197522202103296,0.4758156030022498,0.4758156030022498,0.47230763488866717,0.49999999999998934,1.197522202103296,0.0,0.4758156030022498,0.1174310227768634,1.197522202103296,1.197522202103296,1.197522202103296,1.197522202103296,1.197522202103296,1.197522202103296
