obs_gdp,obs_hours,obs_wages,obs_gdpdeflator,obs_corepce,obs_nominalrate,obs_consumption,obs_investment,obs_BBBspread,obs_longinflation,obs_longrate,obs_tfp,obs_gdi,obs_AAAspread,obs_nominalrate1,obs_nominalrate2,obs_nominalrate3,obs_nominalrate4,obs_nominalrate5,obs_nominalrate6
0.46708437295928107,-46.690263361706265,0.46708437295928107,0.4681507940380836,0.49999999999998934,1.1444432184207098,0.46708437295928107,0.46708437295928107,0.4792049723674521,0.49999999999998934,1.1444432184207098,0.0,0.46708437295928107,0.1174310227768634,1.1444432184207098,1.1444432184207098,1.1444432184207098,1.1444432184207098,1.1444432184207098,1.1444432184207098
