obs_gdp,obs_hours,obs_wages,obs_gdpdeflator,obs_corepce,obs_nominalrate,obs_consumption,obs_investment,obs_BBBspread,obs_longinflation,obs_longrate,obs_tfp,obs_gdi,obs_AAAspread,obs_nominalrate1,obs_nominalrate2,obs_nominalrate3,obs_nominalrate4,obs_nominalrate5,obs_nominalrate6
0.5007893983204337,-45.48019630492078,0.5007893983204337,0.4669224116099905,0.49999999999998934,1.1879364449969287,0.5007893983204337,0.5007893983204337,0.4800152667970886,0.49999999999998934,1.1879364449969287,0.0,0.5007893983204337,0.1174310227768634,1.1879364449969287,1.1879364449969287,1.1879364449969287,1.1879364449969287,1.1879364449969287,1.1879364449969287
