obs_gdp,obs_hours,obs_wages,obs_gdpdeflator,obs_corepce,obs_nominalrate,obs_consumption,obs_investment,obs_BBBspread,obs_longinflation,obs_longrate,obs_tfp,obs_gdi,obs_AAAspread,obs_nominalrate1,obs_nominalrate2,obs_nominalrate3,obs_nominalrate4,obs_nominalrate5,obs_nominalrate6
0.4785010230683229,-46.18228299992006,0.4785010230683229,0.4733747817383802,0.49999999999998934,1.211731345837519,0.4785010230683229,0.4785010230683229,0.4665691872937224,0.49999999999998934,1.211731345837519,0.0,0.4785010230683229,0.1174310227768634,1.211731345837519,1.211731345837519,1.211731345837519,1.211731345837519,1.211731345837519,1.211731345837519
