obs_gdp,obs_hours,obs_wages,obs_gdpdeflator,obs_corepce,obs_nominalrate,obs_consumption,obs_investment,obs_BBBspread,obs_longinflation,obs_longrate,obs_tfp,obs_gdi,obs_AAAspread,obs_nominalrate1,obs_nominalrate2,obs_nominalrate3,obs_nominalrate4,obs_nominalrate5,obs_nominalrate6
0.46298294087814273,-47.40662282557693,0.46298294087814273,0.46721772454192834,0.49999999999998934,1.123751283908181,0.46298294087814273,0.46298294087814273,0.4778295696460896,0.49999999999998934,1.123751283908181,0.0,0.46298294087814273,0.1174310227768634,1.123751283908181,1.123751283908181,1.123751283908181,1.123751283908181,1.123751283908181,1.123751283908181
