obs_gdp,obs_hours,obs_wages,obs_gdpdeflator,obs_corepce,obs_nominalrate,obs_consumption,obs_investment,obs_BBBspread,obs_longinflation,obs_longrate,obs_tfp,obs_gdi,obs_AAAspread,obs_nominalrate1,obs_nominalrate2,obs_nominalrate3,obs_nominalrate4,obs_nominalrate5,obs_nominalrate6
0.4331078803546884,-48.258724406625184,0.4331078803546884,0.4673172068139243,0.49999999999998934,1.0869151877646255,0.4331078803546884,0.4331078803546884,0.47588549315226497,0.49999999999998934,1.0869151877646255,0.0,0.4331078803546884,0.1174310227768634,1.0869151877646255,1.0869151877646255,1.0869151877646255,1.0869151877646255,1.0869151877646255,1.0869151877646255
