obs_gdp,obs_hours,obs_wages,obs_gdpdeflator,obs_corepce,obs_nominalrate,obs_consumption,obs_investment,obs_BBBspread,obs_longinflation,obs_longrate,obs_tfp,obs_gdi,obs_AAAspread,obs_nominalrate1,obs_nominalrate2,obs_nominalrate3,obs_nominalrate4,obs_nominalrate5,obs_nominalrate6
0.4823646103700563,-46.59228919813973,0.4823646103700563,0.46598911767810464,0.49999999999998934,1.1505463840298047,0.4823646103700563,0.4823646103700563,0.4815631588225511,0.49999999999998934,1.1505463840298047,0.0,0.4823646103700563,0.1174310227768634,1.1505463840298047,1.1505463840298047,1.1505463840298047,1.1505463840298047,1.1505463840298047,1.1505463840298047
