obs_gdp,obs_hours,obs_wages,obs_gdpdeflator,obs_corepce,obs_nominalrate,obs_consumption,obs_investment,obs_BBBspread,obs_longinflation,obs_longrate,obs_tfp,obs_gdi,obs_AAAspread,obs_nominalrate1,obs_nominalrate2,obs_nominalrate3,obs_nominalrate4,obs_nominalrate5,obs_nominalrate6
0.4475014524315313,-47.82810826466964,0.4475014524315313,0.47364080546387827,0.49999999999998934,1.1304356770627022,0.4475014524315313,0.4475014524315313,0.47409631628362764,0.49999999999998934,1.1304356770627022,0.0,0.4475014524315313,0.1174310227768634,1.1304356770627022,1.1304356770627022,1.1304356770627022,1.1304356770627022,1.1304356770627022,1.1304356770627022
