obs_gdp,obs_hours,obs_wages,obs_gdpdeflator,obs_corepce,obs_nominalrate,obs_consumption,obs_investment,obs_BBBspread,obs_longinflation,obs_longrate,obs_tfp,obs_gdi,obs_AAAspread,obs_nominalrate1,obs_nominalrate2,obs_nominalrate3,obs_nominalrate4,obs_nominalrate5,obs_nominalrate6
0.4239427816686847,-48.28582111308779,0.4239427816686847,0.46942765474121584,0.49999999999998934,1.086168237111007,0.4239427816686847,0.4239427816686847,0.47813667174480623,0.49999999999998934,1.086168237111007,0.0,0.4239427816686847,0.1174310227768634,1.086168237111007,1.086168237111007,1.086168237111007,1.086168237111007,1.086168237111007,1.086168237111007
