obs_gdp,obs_hours,obs_wages,obs_gdpdeflator,obs_corepce,obs_nominalrate,obs_consumption,obs_investment,obs_BBBspread,obs_longinflation,obs_longrate,obs_tfp,obs_gdi,obs_AAAspread,obs_nominalrate1,obs_nominalrate2,obs_nominalrate3,obs_nominalrate4,obs_nominalrate5,obs_nominalrate6
0.40732693857310487,-48.858691015493996,0.40732693857310487,0.47225600719394173,0.49999999999998934,1.0672864345013577,0.40732693857310487,0.40732693857310487,0.474538489946822,0.49999999999998934,1.0672864345013577,0.0,0.40732693857310487,0.1174310227768634,1.0672864345013577,1.0672864345013577,1.0672864345013577,1.0672864345013577,1.0672864345013577,1.0672864345013577
