obs_gdp,obs_hours,obs_wages,obs_gdpdeflator,obs_corepce,obs_nominalrate,obs_consumption,obs_investment,obs_BBBspread,obs_longinflation,obs_longrate,obs_tfp,obs_gdi,obs_AAAspread,obs_nominalrate1,obs_nominalrate2,obs_nominalrate3,obs_nominalrate4,obs_nominalrate5,obs_nominalrate6
0.4029898715386837,-48.9273196008934,0.4029898715386837,0.474465350197196,0.49999999999998934,1.117049956416083,0.4029898715386837,0.4029898715386837,0.46908643196169514,0.49999999999998934,1.117049956416083,0.0,0.4029898715386837,0.1174310227768634,1.117049956416083,1.117049956416083,1.117049956416083,1.117049956416083,1.117049956416083,1.117049956416083
