obs_gdp,obs_hours,obs_wages,obs_gdpdeflator,obs_corepce,obs_nominalrate,obs_consumption,obs_investment,obs_BBBspread,obs_longinflation,obs_longrate,obs_tfp,obs_gdi,obs_AAAspread,obs_nominalrate1,obs_nominalrate2,obs_nominalrate3,obs_nominalrate4,obs_nominalrate5,obs_nominalrate6
0.4508725419138271,-47.4936397630405,0.4508725419138271,0.4699026245776202,0.49999999999998934,1.104902121546747,0.4508725419138271,0.4508725419138271,0.48526690802668015,0.49999999999998934,1.104902121546747,0.0,0.4508725419138271,0.1174310227768634,1.104902121546747,1.104902121546747,1.104902121546747,1.104902121546747,1.104902121546747,1.104902121546747
