obs_gdp,obs_hours,obs_wages,obs_gdpdeflator,obs_corepce,obs_nominalrate,obs_consumption,obs_investment,obs_BBBspread,obs_longinflation,obs_longrate,obs_tfp,obs_gdi,obs_AAAspread,obs_nominalrate1,obs_nominalrate2,obs_nominalrate3,obs_nominalrate4,obs_nominalrate5,obs_nominalrate6
0.500763968191742,-45.750476713374916,0.500763968191742,0.46640354443447085,0.49999999999998934,1.1676213096136756,0.500763968191742,0.500763968191742,0.4869396546615637,0.49999999999998934,1.1676213096136756,0.0,0.500763968191742,0.1174310227768634,1.1676213096136756,1.1676213096136756,1.1676213096136756,1.1676213096136756,1.1676213096136756,1.1676213096136756
