obs_gdp,obs_hours,obs_wages,obs_gdpdeflator,obs_corepce,obs_nominalrate,obs_consumption,obs_investment,obs_BBBspread,obs_longinflation,obs_longrate,obs_tfp,obs_gdi,obs_AAAspread,obs_nominalrate1,obs_nominalrate2,obs_nominalrate3,obs_nominalrate4,obs_nominalrate5,obs_nominalrate6
0.4418306543642059,-48.200815285941054,0.4418306543642059,0.4647816327666066,0.49999999999998934,1.089280147582783,0.4418306543642059,0.4418306543642059,0.48274470295412836,0.49999999999998934,1.089280147582783,0.0,0.4418306543642059,0.1174310227768634,1.089280147582783,1.089280147582783,1.089280147582783,1.089280147582783,1.089280147582783,1.089280147582783
