obs_gdp,obs_hours,obs_wages,obs_gdpdeflator,obs_corepce,obs_nominalrate,obs_consumption,obs_investment,obs_BBBspread,obs_longinflation,obs_longrate,obs_tfp,obs_gdi,obs_AAAspread,obs_nominalrate1,obs_nominalrate2,obs_nominalrate3,obs_nominalrate4,obs_nominalrate5,obs_nominalrate6
0.5292550157057097,-44.93526968106975,0.5292550157057097,0.47137796348669586,0.49999999999998934,1.21896400960404,0.5292550157057097,0.5292550157057097,0.4742673203265626,0.49999999999998934,1.21896400960404,0.0,0.5292550157057097,0.1174310227768634,1.21896400960404,1.21896400960404,1.21896400960404,1.21896400960404,1.21896400960404,1.21896400960404
