obs_gdp,obs_hours,obs_wages,obs_gdpdeflator,obs_corepce,obs_nominalrate,obs_consumption,obs_investment,obs_BBBspread,obs_longinflation,obs_longrate,obs_tfp,obs_gdi,obs_AAAspread,obs_nominalrate1,obs_nominalrate2,obs_nominalrate3,obs_nominalrate4,obs_nominalrate5,obs_nominalrate6
0.45167186543630944,-47.628239929197726,0.45167186543630944,0.4740176352509502,0.49999999999998934,1.1131594085984853,0.45167186543630944,0.45167186543630944,0.47387126086542875,0.49999999999998934,1.1131594085984853,0.0,0.45167186543630944,0.1174310227768634,1.1131594085984853,1.1131594085984853,1.1131594085984853,1.1131594085984853,1.1131594085984853,1.1131594085984853
