obs_gdp,obs_hours,obs_wages,obs_gdpdeflator,obs_corepce,obs_nominalrate,obs_consumption,obs_investment,obs_BBBspread,obs_longinflation,obs_longrate,obs_tfp,obs_gdi,obs_AAAspread,obs_nominalrate1,obs_nominalrate2,obs_nominalrate3,obs_nominalrate4,obs_nominalrate5,obs_nominalrate6
0.4776528443189543,-46.829951973647496,0.4776528443189543,0.4651508435942808,0.49999999999998934,1.139220034536459,0.4776528443189543,0.4776528443189543,0.48053397681718557,0.49999999999998934,1.139220034536459,0.0,0.4776528443189543,0.1174310227768634,1.139220034536459,1.139220034536459,1.139220034536459,1.139220034536459,1.139220034536459,1.139220034536459
