obs_gdp,obs_hours,obs_wages,obs_gdpdeflator,obs_corepce,obs_nominalrate,obs_consumption,obs_investment,obs_BBBspread,obs_longinflation,obs_longrate,obs_tfp,obs_gdi,obs_AAAspread,obs_nominalrate1,obs_nominalrate2,obs_nominalrate3,obs_nominalrate4,obs_nominalrate5,obs_nominalrate6
0.4572506073851068,-47.32894633412492,0.4572506073851068,0.47383410409192545,0.49999999999998934,1.155522111252183,0.4572506073851068,0.4572506073851068,0.47272965705215353,0.49999999999998934,1.155522111252183,0.0,0.4572506073851068,0.1174310227768634,1.155522111252183,1.155522111252183,1.155522111252183,1.155522111252183,1.155522111252183,1.155522111252183
