obs_gdp,obs_hours,obs_wages,obs_gdpdeflator,obs_corepce,obs_nominalrate,obs_consumption,obs_investment,obs_BBBspread,obs_longinflation,obs_longrate,obs_tfp,obs_gdi,obs_AAAspread,obs_nominalrate1,obs_nominalrate2,obs_nominalrate3,obs_nominalrate4,obs_nominalrate5,obs_nominalrate6
0.4953297173798221,-46.17099062824893,0.4953297173798221,0.46473108364234356,0.49999999999998934,1.1698136571413942,0.4953297173798221,0.4953297173798221,0.48316422060740966,0.49999999999998934,1.1698136571413942,0.0,0.4953297173798221,0.1174310227768634,1.1698136571413942,1.1698136571413942,1.1698136571413942,1.1698136571413942,1.1698136571413942,1.1698136571413942
