obs_gdp,obs_hours,obs_wages,obs_gdpdeflator,obs_corepce,obs_nominalrate,obs_consumption,obs_investment,obs_BBBspread,obs_longinflation,obs_longrate,obs_tfp,obs_gdi,obs_AAAspread,obs_nominalrate1,obs_nominalrate2,obs_nominalrate3,obs_nominalrate4,obs_nominalrate5,obs_nominalrate6
0.44135402785026034,-47.696221509742124,0.44135402785026034,0.4687600948184887,0.49999999999998934,1.1069535551622378,0.44135402785026034,0.44135402785026034,0.48051185571713356,0.49999999999998934,1.1069535551622378,0.0,0.44135402785026034,0.1174310227768634,1.1069535551622378,1.1069535551622378,1.1069535551622378,1.1069535551622378,1.1069535551622378,1.1069535551622378
