obs_gdp,obs_hours,obs_wages,obs_gdpdeflator,obs_corepce,obs_nominalrate,obs_consumption,obs_investment,obs_BBBspread,obs_longinflation,obs_longrate,obs_tfp,obs_gdi,obs_AAAspread,obs_nominalrate1,obs_nominalrate2,obs_nominalrate3,obs_nominalrate4,obs_nominalrate5,obs_nominalrate6
0.487178511391928,-45.88041757693899,0.487178511391928,0.4720348593780858,0.49999999999998934,1.1719477337680306,0.487178511391928,0.487178511391928,0.4817901309098774,0.49999999999998934,1.1719477337680306,0.0,0.487178511391928,0.1174310227768634,1.1719477337680306,1.1719477337680306,1.1719477337680306,1.1719477337680306,1.1719477337680306,1.1719477337680306
