obs_gdp,obs_hours,obs_wages,obs_gdpdeflator,obs_corepce,obs_nominalrate,obs_consumption,obs_investment,obs_BBBspread,obs_longinflation,obs_longrate,obs_tfp,obs_gdi,obs_AAAspread,obs_nominalrate1,obs_nominalrate2,obs_nominalrate3,obs_nominalrate4,obs_nominalrate5,obs_nominalrate6
0.4420807231536372,-48.120000981431176,0.4420807231536372,0.46733584421007607,0.49999999999998934,1.087376314447841,0.4420807231536372,0.4420807231536372,0.48307152562563105,0.49999999999998934,1.087376314447841,0.0,0.4420807231536372,0.1174310227768634,1.087376314447841,1.087376314447841,1.087376314447841,1.087376314447841,1.087376314447841,1.087376314447841
