obs_gdp,obs_hours,obs_wages,obs_gdpdeflator,obs_corepce,obs_nominalrate,obs_consumption,obs_investment,obs_BBBspread,obs_longinflation,obs_longrate,obs_tfp,obs_gdi,obs_AAAspread,obs_nominalrate1,obs_nominalrate2,obs_nominalrate3,obs_nominalrate4,obs_nominalrate5,obs_nominalrate6
0.4469218696370625,-47.70127915865656,0.4469218696370625,0.4671524865327337,0.49999999999998934,1.0953676480569774,0.4469218696370625,0.4469218696370625,0.4858704954042882,0.49999999999998934,1.0953676480569774,0.0,0.4469218696370625,0.1174310227768634,1.0953676480569774,1.0953676480569774,1.0953676480569774,1.0953676480569774,1.0953676480569774,1.0953676480569774
