obs_gdp,obs_hours,obs_wages,obs_gdpdeflator,obs_corepce,obs_nominalrate,obs_consumption,obs_investment,obs_BBBspread,obs_longinflation,obs_longrate,obs_tfp,obs_gdi,obs_AAAspread,obs_nominalrate1,obs_nominalrate2,obs_nominalrate3,obs_nominalrate4,obs_nominalrate5,obs_nominalrate6
0.44476971765676776,-47.89915473194047,0.44476971765676776,0.46785088442156975,0.49999999999998934,1.093055490667294,0.44476971765676776,0.44476971765676776,0.48537966031607743,0.49999999999998934,1.093055490667294,0.0,0.44476971765676776,0.1174310227768634,1.093055490667294,1.093055490667294,1.093055490667294,1.093055490667294,1.093055490667294,1.093055490667294
