obs_gdp,obs_hours,obs_wages,obs_gdpdeflator,obs_corepce,obs_nominalrate,obs_consumption,obs_investment,obs_BBBspread,obs_longinflation,obs_longrate,obs_tfp,obs_gdi,obs_AAAspread,obs_nominalrate1,obs_nominalrate2,obs_nominalrate3,obs_nominalrate4,obs_nominalrate5,obs_nominalrate6
0.5058629138166459,-45.36782500737934,0.5058629138166459,0.47299225348518475,0.49999999999998934,1.2435194258748838,0.5058629138166459,0.5058629138166459,0.4702137683503368,0.49999999999998934,1.2435194258748838,0.0,0.5058629138166459,0.1174310227768634,1.2435194258748838,1.2435194258748838,1.2435194258748838,1.2435194258748838,1.2435194258748838,1.2435194258748838
