obs_gdp,obs_hours,obs_wages,obs_gdpdeflator,obs_corepce,obs_nominalrate,obs_consumption,obs_investment,obs_BBBspread,obs_longinflation,obs_longrate,obs_tfp,obs_gdi,obs_AAAspread,obs_nominalrate1,obs_nominalrate2,obs_nominalrate3,obs_nominalrate4,obs_nominalrate5,obs_nominalrate6
0.4851389115851479,-46.27446175129155,0.4851389115851479,0.47099244053811196,0.49999999999998934,1.165997690072329,0.4851389115851479,0.4851389115851479,0.4757083314397938,0.49999999999998934,1.165997690072329,0.0,0.4851389115851479,0.1174310227768634,1.165997690072329,1.165997690072329,1.165997690072329,1.165997690072329,1.165997690072329,1.165997690072329
