obs_gdp,obs_hours,obs_wages,obs_gdpdeflator,obs_corepce,obs_nominalrate,obs_consumption,obs_investment,obs_BBBspread,obs_longinflation,obs_longrate,obs_tfp,obs_gdi,obs_AAAspread,obs_nominalrate1,obs_nominalrate2,obs_nominalrate3,obs_nominalrate4,obs_nominalrate5,obs_nominalrate6
0.5170528318207745,-44.898765549194565,0.5170528318207745,0.4658167378686774,0.49999999999998934,1.2119167878967607,0.5170528318207745,0.5170528318207745,0.47790378984273757,0.49999999999998934,1.2119167878967607,0.0,0.5170528318207745,0.1174310227768634,1.2119167878967607,1.2119167878967607,1.2119167878967607,1.2119167878967607,1.2119167878967607,1.2119167878967607
