obs_gdp,obs_hours,obs_wages,obs_gdpdeflator,obs_corepce,obs_nominalrate,obs_consumption,obs_investment,obs_BBBspread,obs_longinflation,obs_longrate,obs_tfp,obs_gdi,obs_AAAspread,obs_nominalrate1,obs_nominalrate2,obs_nominalrate3,obs_nominalrate4,obs_nominalrate5,obs_nominalrate6
0.45112688504109766,-47.676747462141584,0.45112688504109766,0.4656727085804785,0.49999999999998934,1.111369678481955,0.45112688504109766,0.45112688504109766,0.48077843149409727,0.49999999999998934,1.111369678481955,0.0,0.45112688504109766,0.1174310227768634,1.111369678481955,1.111369678481955,1.111369678481955,1.111369678481955,1.111369678481955,1.111369678481955
