obs_gdp,obs_hours,obs_wages,obs_gdpdeflator,obs_corepce,obs_nominalrate,obs_consumption,obs_investment,obs_BBBspread,obs_longinflation,obs_longrate,obs_tfp,obs_gdi,obs_AAAspread,obs_nominalrate1,obs_nominalrate2,obs_nominalrate3,obs_nominalrate4,obs_nominalrate5,obs_nominalrate6
0.4955566475250084,-45.85768725865162,0.4955566475250084,0.4705846461529651,0.49999999999998934,1.1773189121764505,0.4955566475250084,0.4955566475250084,0.476222804614582,0.49999999999998934,1.1773189121764505,0.0,0.4955566475250084,0.1174310227768634,1.1773189121764505,1.1773189121764505,1.1773189121764505,1.1773189121764505,1.1773189121764505,1.1773189121764505
