obs_gdp,obs_hours,obs_wages,obs_gdpdeflator,obs_corepce,obs_nominalrate,obs_consumption,obs_investment,obs_BBBspread,obs_longinflation,obs_longrate,obs_tfp,obs_gdi,obs_AAAspread,obs_nominalrate1,obs_nominalrate2,obs_nominalrate3,obs_nominalrate4,obs_nominalrate5,obs_nominalrate6
0.5071812667686304,-45.50942333789646,0.5071812667686304,0.4739205412512085,0.49999999999998934,1.2230312485563166,0.5071812667686304,0.5071812667686304,0.46934428992581306,0.49999999999998934,1.2230312485563166,0.0,0.5071812667686304,0.1174310227768634,1.2230312485563166,1.2230312485563166,1.2230312485563166,1.2230312485563166,1.2230312485563166,1.2230312485563166
