obs_gdp,obs_hours,obs_wages,obs_gdpdeflator,obs_corepce,obs_nominalrate,obs_consumption,obs_investment,obs_BBBspread,obs_longinflation,obs_longrate,obs_tfp,obs_gdi,obs_AAAspread,obs_nominalrate1,obs_nominalrate2,obs_nominalrate3,obs_nominalrate4,obs_nominalrate5,obs_nominalrate6
0.4670191026949322,-47.024403700366065,0.4670191026949322,0.4736512079201949,0.49999999999998934,1.1676236330353307,0.4670191026949322,0.4670191026949322,0.4684788735664232,0.49999999999998934,1.1676236330353307,0.0,0.4670191026949322,0.1174310227768634,1.1676236330353307,1.1676236330353307,1.1676236330353307,1.1676236330353307,1.1676236330353307,1.1676236330353307
