obs_gdp,obs_hours,obs_wages,obs_gdpdeflator,obs_corepce,obs_nominalrate,obs_consumption,obs_investment,obs_BBBspread,obs_longinflation,obs_longrate,obs_tfp,obs_gdi,obs_AAAspread,obs_nominalrate1,obs_nominalrate2,obs_nominalrate3,obs_nominalrate4,obs_nominalrate5,obs_nominalrate6
0.4892223820355479,-46.027738754852024,0.4892223820355479,0.4728658245516212,0.49999999999998934,1.2220018087920614,0.4892223820355479,0.4892223820355479,0.46872158955668086,0.49999999999998934,1.2220018087920614,0.0,0.4892223820355479,0.1174310227768634,1.2220018087920614,1.2220018087920614,1.2220018087920614,1.2220018087920614,1.2220018087920614,1.2220018087920614
