obs_gdp,obs_hours,obs_wages,obs_gdpdeflator,obs_corepce,obs_nominalrate,obs_consumption,obs_investment,obs_BBBspread,obs_longinflation,obs_longrate,obs_tfp,obs_gdi,obs_AAAspread,obs_nominalrate1,obs_nominalrate2,obs_nominalrate3,obs_nominalrate4,obs_nominalrate5,obs_nominalrate6
0.44363689806494744,-47.71946253428447,0.44363689806494744,0.47108382738013244,0.49999999999998934,1.1061082807545253,0.44363689806494744,0.44363689806494744,0.4787724234031824,0.49999999999998934,1.1061082807545253,0.0,0.44363689806494744,0.1174310227768634,1.1061082807545253,1.1061082807545253,1.1061082807545253,1.1061082807545253,1.1061082807545253,1.1061082807545253
