obs_gdp,obs_hours,obs_wages,obs_gdpdeflator,obs_corepce,obs_nominalrate,obs_consumption,obs_investment,obs_BBBspread,obs_longinflation,obs_longrate,obs_tfp,obs_gdi,obs_AAAspread,obs_nominalrate1,obs_nominalrate2,obs_nominalrate3,obs_nominalrate4,obs_nominalrate5,obs_nominalrate6
0.5022441267671374,-45.46190225822593,0.5022441267671374,0.4673238808976931,0.49999999999998934,1.1850284149016233,0.5022441267671374,0.5022441267671374,0.4803202571695743,0.49999999999998934,1.1850284149016233,0.0,0.5022441267671374,0.1174310227768634,1.1850284149016233,1.1850284149016233,1.1850284149016233,1.1850284149016233,1.1850284149016233,1.1850284149016233
