obs_gdp,obs_hours,obs_wages,obs_gdpdeflator,obs_corepce,obs_nominalrate,obs_consumption,obs_investment,obs_BBBspread,obs_longinflation,obs_longrate,obs_tfp,obs_gdi,obs_AAAspread,obs_nominalrate1,obs_nominalrate2,obs_nominalrate3,obs_nominalrate4,obs_nominalrate5,obs_nominalrate6
0.4326317501756938,-48.10674148722862,0.4326317501756938,0.4705554689864647,0.49999999999998934,1.0916124667974758,0.4326317501756938,0.4326317501756938,0.47307058028970406,0.49999999999998934,1.0916124667974758,0.0,0.4326317501756938,0.1174310227768634,1.0916124667974758,1.0916124667974758,1.0916124667974758,1.0916124667974758,1.0916124667974758,1.0916124667974758
