obs_gdp,obs_hours,obs_wages,obs_gdpdeflator,obs_corepce,obs_nominalrate,obs_consumption,obs_investment,obs_BBBspread,obs_longinflation,obs_longrate,obs_tfp,obs_gdi,obs_AAAspread,obs_nominalrate1,obs_nominalrate2,obs_nominalrate3,obs_nominalrate4,obs_nominalrate5,obs_nominalrate6
0.4922423057994507,-46.24222456976385,0.4922423057994507,0.46519685118666443,0.49999999999998934,1.1641498933000038,0.4922423057994507,0.4922423057994507,0.48289750330983955,0.49999999999998934,1.1641498933000038,0.0,0.4922423057994507,0.1174310227768634,1.1641498933000038,1.1641498933000038,1.1641498933000038,1.1641498933000038,1.1641498933000038,1.1641498933000038
