obs_gdp,obs_hours,obs_wages,obs_gdpdeflator,obs_corepce,obs_nominalrate,obs_consumption,obs_investment,obs_BBBspread,obs_longinflation,obs_longrate,obs_tfp,obs_gdi,obs_AAAspread,obs_nominalrate1,obs_nominalrate2,obs_nominalrate3,obs_nominalrate4,obs_nominalrate5,obs_nominalrate6
0.49579498849259274,-45.74304851395778,0.49579498849259274,0.46759422421306274,0.49999999999998934,1.1896480557129108,0.49579498849259274,0.49579498849259274,0.4781847592627979,0.49999999999998934,1.1896480557129108,0.0,0.49579498849259274,0.1174310227768634,1.1896480557129108,1.1896480557129108,1.1896480557129108,1.1896480557129108,1.1896480557129108,1.1896480557129108
