obs_gdp,obs_hours,obs_wages,obs_gdpdeflator,obs_corepce,obs_nominalrate,obs_consumption,obs_investment,obs_BBBspread,obs_longinflation,obs_longrate,obs_tfp,obs_gdi,obs_AAAspread,obs_nominalrate1,obs_nominalrate2,obs_nominalrate3,obs_nominalrate4,obs_nominalrate5,obs_nominalrate6
0.4703360640945453,-46.60015075087768,0.4703360640945453,0.47177752361560643,0.49999999999998934,1.144450135262498,0.4703360640945453,0.4703360640945453,0.48132684856475827,0.49999999999998934,1.144450135262498,0.0,0.4703360640945453,0.1174310227768634,1.144450135262498,1.144450135262498,1.144450135262498,1.144450135262498,1.144450135262498,1.144450135262498
