obs_gdp,obs_hours,obs_wages,obs_gdpdeflator,obs_corepce,obs_nominalrate,obs_consumption,obs_investment,obs_BBBspread,obs_longinflation,obs_longrate,obs_tfp,obs_gdi,obs_AAAspread,obs_nominalrate1,obs_nominalrate2,obs_nominalrate3,obs_nominalrate4,obs_nominalrate5,obs_nominalrate6
0.443706989469983,-47.79659061485312,0.443706989469983,0.4683797675866801,0.49999999999998934,1.0894953422175835,0.443706989469983,0.443706989469983,0.4865950768808719,0.49999999999998934,1.0894953422175835,0.0,0.443706989469983,0.1174310227768634,1.0894953422175835,1.0894953422175835,1.0894953422175835,1.0894953422175835,1.0894953422175835,1.0894953422175835
