obs_gdp,obs_hours,obs_wages,obs_gdpdeflator,obs_corepce,obs_nominalrate,obs_consumption,obs_investment,obs_BBBspread,obs_longinflation,obs_longrate,obs_tfp,obs_gdi,obs_AAAspread,obs_nominalrate1,obs_nominalrate2,obs_nominalrate3,obs_nominalrate4,obs_nominalrate5,obs_nominalrate6
0.49722887112193526,-45.79159890558639,0.49722887112193526,0.4707941747053821,0.49999999999998934,1.1750838227263083,0.49722887112193526,0.49722887112193526,0.47659993744330315,0.49999999999998934,1.1750838227263083,0.0,0.49722887112193526,0.1174310227768634,1.1750838227263083,1.1750838227263083,1.1750838227263083,1.1750838227263083,1.1750838227263083,1.1750838227263083
