obs_gdp,obs_hours,obs_wages,obs_gdpdeflator,obs_corepce,obs_nominalrate,obs_consumption,obs_investment,obs_BBBspread,obs_longinflation,obs_longrate,obs_tfp,obs_gdi,obs_AAAspread,obs_nominalrate1,obs_nominalrate2,obs_nominalrate3,obs_nominalrate4,obs_nominalrate5,obs_nominalrate6
0.46296763138888863,-46.9620085611253,0.46296763138888863,0.4714503217267645,0.49999999999998934,1.1244705398881338,0.46296763138888863,0.46296763138888863,0.48438778443628133,0.49999999999998934,1.1244705398881338,0.0,0.46296763138888863,0.1174310227768634,1.1244705398881338,1.1244705398881338,1.1244705398881338,1.1244705398881338,1.1244705398881338,1.1244705398881338
