obs_gdp,obs_hours,obs_wages,obs_gdpdeflator,obs_corepce,obs_nominalrate,obs_consumption,obs_investment,obs_BBBspread,obs_longinflation,obs_longrate,obs_tfp,obs_gdi,obs_AAAspread,obs_nominalrate1,obs_nominalrate2,obs_nominalrate3,obs_nominalrate4,obs_nominalrate5,obs_nominalrate6
0.4614547762476384,-47.22794335802929,0.4614547762476384,0.4734496425492649,0.49999999999998934,1.1579357523613165,0.4614547762476384,0.4614547762476384,0.47209433061011663,0.49999999999998934,1.1579357523613165,0.0,0.4614547762476384,0.1174310227768634,1.1579357523613165,1.1579357523613165,1.1579357523613165,1.1579357523613165,1.1579357523613165,1.1579357523613165
