obs_gdp,obs_hours,obs_wages,obs_gdpdeflator,obs_corepce,obs_nominalrate,obs_consumption,obs_investment,obs_BBBspread,obs_longinflation,obs_longrate,obs_tfp,obs_gdi,obs_AAAspread,obs_nominalrate1,obs_nominalrate2,obs_nominalrate3,obs_nominalrate4,obs_nominalrate5,obs_nominalrate6
0.4481206373997848,-47.64198740007633,0.4481206373997848,0.47215644320726585,0.49999999999998934,1.1141183657273457,0.4481206373997848,0.4481206373997848,0.47384050108533254,0.49999999999998934,1.1141183657273457,0.0,0.4481206373997848,0.1174310227768634,1.1141183657273457,1.1141183657273457,1.1141183657273457,1.1141183657273457,1.1141183657273457,1.1141183657273457
