obs_gdp,obs_hours,obs_wages,obs_gdpdeflator,obs_corepce,obs_nominalrate,obs_consumption,obs_investment,obs_BBBspread,obs_longinflation,obs_longrate,obs_tfp,obs_gdi,obs_AAAspread,obs_nominalrate1,obs_nominalrate2,obs_nominalrate3,obs_nominalrate4,obs_nominalrate5,obs_nominalrate6
0.47943314318636965,-46.663763289035,0.47943314318636965,0.4659948203295752,0.49999999999998934,1.148372777136375,0.47943314318636965,0.47943314318636965,0.48044246047999356,0.49999999999998934,1.148372777136375,0.0,0.47943314318636965,0.1174310227768634,1.148372777136375,1.148372777136375,1.148372777136375,1.148372777136375,1.148372777136375,1.148372777136375
