obs_gdp,obs_hours,obs_wages,obs_gdpdeflator,obs_corepce,obs_nominalrate,obs_consumption,obs_investment,obs_BBBspread,obs_longinflation,obs_longrate,obs_tfp,obs_gdi,obs_AAAspread,obs_nominalrate1,obs_nominalrate2,obs_nominalrate3,obs_nominalrate4,obs_nominalrate5,obs_nominalrate6
0.47257265086002587,-46.79738140694055,0.47257265086002587,0.47321741459689987,0.49999999999998934,1.1736471086270628,0.47257265086002587,0.47257265086002587,0.47211124442875385,0.49999999999998934,1.1736471086270628,0.0,0.47257265086002587,0.1174310227768634,1.1736471086270628,1.1736471086270628,1.1736471086270628,1.1736471086270628,1.1736471086270628,1.1736471086270628
