obs_gdp,obs_hours,obs_wages,obs_gdpdeflator,obs_corepce,obs_nominalrate,obs_consumption,obs_investment,obs_BBBspread,obs_longinflation,obs_longrate,obs_tfp,obs_gdi,obs_AAAspread,obs_nominalrate1,obs_nominalrate2,obs_nominalrate3,obs_nominalrate4,obs_nominalrate5,obs_nominalrate6
0.44072606989578045,-47.81660426382285,0.44072606989578045,0.47540222396185033,0.49999999999998934,1.1505463260326865,0.44072606989578045,0.44072606989578045,0.4735350344103829,0.49999999999998934,1.1505463260326865,0.0,0.44072606989578045,0.1174310227768634,1.1505463260326865,1.1505463260326865,1.1505463260326865,1.1505463260326865,1.1505463260326865,1.1505463260326865
