obs_gdp,obs_hours,obs_wages,obs_gdpdeflator,obs_corepce,obs_nominalrate,obs_consumption,obs_investment,obs_BBBspread,obs_longinflation,obs_longrate,obs_tfp,obs_gdi,obs_AAAspread,obs_nominalrate1,obs_nominalrate2,obs_nominalrate3,obs_nominalrate4,obs_nominalrate5,obs_nominalrate6
0.4952872167866218,-46.09055963650569,0.4952872167866218,0.47424206875272695,0.49999999999998934,1.1764128115570038,0.4952872167866218,0.4952872167866218,0.4740647154048155,0.49999999999998934,1.1764128115570038,0.0,0.4952872167866218,0.1174310227768634,1.1764128115570038,1.1764128115570038,1.1764128115570038,1.1764128115570038,1.1764128115570038,1.1764128115570038
