obs_gdp,obs_hours,obs_wages,obs_gdpdeflator,obs_corepce,obs_nominalrate,obs_consumption,obs_investment,obs_BBBspread,obs_longinflation,obs_longrate,obs_tfp,obs_gdi,obs_AAAspread,obs_nominalrate1,obs_nominalrate2,obs_nominalrate3,obs_nominalrate4,obs_nominalrate5,obs_nominalrate6
0.4915343197713362,-46.12010760075129,0.4915343197713362,0.46715254086299435,0.49999999999998934,1.1510231102584312,0.4915343197713362,0.4915343197713362,0.4878080416216736,0.49999999999998934,1.1510231102584312,0.0,0.4915343197713362,0.1174310227768634,1.1510231102584312,1.1510231102584312,1.1510231102584312,1.1510231102584312,1.1510231102584312,1.1510231102584312
