obs_gdp,obs_hours,obs_wages,obs_gdpdeflator,obs_corepce,obs_nominalrate,obs_consumption,obs_investment,obs_BBBspread,obs_longinflation,obs_longrate,obs_tfp,obs_gdi,obs_AAAspread,obs_nominalrate1,obs_nominalrate2,obs_nominalrate3,obs_nominalrate4,obs_nominalrate5,obs_nominalrate6
0.41746486853067033,-48.811540605600925,0.41746486853067033,0.4759455222449264,0.49999999999998934,1.0755055859560603,0.41746486853067033,0.41746486853067033,0.47547441150926456,0.49999999999998934,1.0755055859560603,0.0,0.41746486853067033,0.1174310227768634,1.0755055859560603,1.0755055859560603,1.0755055859560603,1.0755055859560603,1.0755055859560603,1.0755055859560603
