obs_gdp,obs_hours,obs_wages,obs_gdpdeflator,obs_corepce,obs_nominalrate,obs_consumption,obs_investment,obs_BBBspread,obs_longinflation,obs_longrate,obs_tfp,obs_gdi,obs_AAAspread,obs_nominalrate1,obs_nominalrate2,obs_nominalrate3,obs_nominalrate4,obs_nominalrate5,obs_nominalrate6
0.467762046755138,-46.84703344028285,0.467762046755138,0.47060880719195786,0.49999999999998934,1.1458747402310454,0.467762046755138,0.467762046755138,0.47454412674604846,0.49999999999998934,1.1458747402310454,0.0,0.467762046755138,0.1174310227768634,1.1458747402310454,1.1458747402310454,1.1458747402310454,1.1458747402310454,1.1458747402310454,1.1458747402310454
