obs_gdp,obs_hours,obs_wages,obs_gdpdeflator,obs_corepce,obs_nominalrate,obs_consumption,obs_investment,obs_BBBspread,obs_longinflation,obs_longrate,obs_tfp,obs_gdi,obs_AAAspread,obs_nominalrate1,obs_nominalrate2,obs_nominalrate3,obs_nominalrate4,obs_nominalrate5,obs_nominalrate6
0.5089655664814563,-45.40662082124677,0.5089655664814563,0.47395358782121894,0.49999999999998934,1.226181012663674,0.5089655664814563,0.5089655664814563,0.4709658315828015,0.49999999999998934,1.226181012663674,0.0,0.5089655664814563,0.1174310227768634,1.226181012663674,1.226181012663674,1.226181012663674,1.226181012663674,1.226181012663674,1.226181012663674
