obs_gdp,obs_hours,obs_wages,obs_gdpdeflator,obs_corepce,obs_nominalrate,obs_consumption,obs_investment,obs_BBBspread,obs_longinflation,obs_longrate,obs_tfp,obs_gdi,obs_AAAspread,obs_nominalrate1,obs_nominalrate2,obs_nominalrate3,obs_nominalrate4,obs_nominalrate5,obs_nominalrate6
0.4560239754567652,-47.55440577706202,0.4560239754567652,0.4676738754974041,0.49999999999998934,1.1068312501425037,0.4560239754567652,0.4560239754567652,0.4833670709668853,0.49999999999998934,1.1068312501425037,0.0,0.4560239754567652,0.1174310227768634,1.1068312501425037,1.1068312501425037,1.1068312501425037,1.1068312501425037,1.1068312501425037,1.1068312501425037
