obs_gdp,obs_hours,obs_wages,obs_gdpdeflator,obs_corepce,obs_nominalrate,obs_consumption,obs_investment,obs_BBBspread,obs_longinflation,obs_longrate,obs_tfp,obs_gdi,obs_AAAspread,obs_nominalrate1,obs_nominalrate2,obs_nominalrate3,obs_nominalrate4,obs_nominalrate5,obs_nominalrate6
0.4873432557360724,-46.25162784525235,0.4873432557360724,0.470413594839033,0.49999999999998934,1.1607697419766083,0.4873432557360724,0.4873432557360724,0.4745663544317654,0.49999999999998934,1.1607697419766083,0.0,0.4873432557360724,0.1174310227768634,1.1607697419766083,1.1607697419766083,1.1607697419766083,1.1607697419766083,1.1607697419766083,1.1607697419766083
