obs_gdp,obs_hours,obs_wages,obs_gdpdeflator,obs_corepce,obs_nominalrate,obs_consumption,obs_investment,obs_BBBspread,obs_longinflation,obs_longrate,obs_tfp,obs_gdi,obs_AAAspread,obs_nominalrate1,obs_nominalrate2,obs_nominalrate3,obs_nominalrate4,obs_nominalrate5,obs_nominalrate6
0.48153931150334284,-46.30611288127574,0.48153931150334284,0.4725209404517221,0.49999999999998934,1.1514132014966094,0.48153931150334284,0.48153931150334284,0.4827079540370452,0.49999999999998934,1.1514132014966094,0.0,0.48153931150334284,0.1174310227768634,1.1514132014966094,1.1514132014966094,1.1514132014966094,1.1514132014966094,1.1514132014966094,1.1514132014966094
