obs_gdp,obs_hours,obs_wages,obs_gdpdeflator,obs_corepce,obs_nominalrate,obs_consumption,obs_investment,obs_BBBspread,obs_longinflation,obs_longrate,obs_tfp,obs_gdi,obs_AAAspread,obs_nominalrate1,obs_nominalrate2,obs_nominalrate3,obs_nominalrate4,obs_nominalrate5,obs_nominalrate6
0.4912787626366155,-45.73868288478859,0.4912787626366155,0.47219318668550897,0.49999999999998934,1.1769943082474033,0.4912787626366155,0.4912787626366155,0.4817700103469613,0.49999999999998934,1.1769943082474033,0.0,0.4912787626366155,0.1174310227768634,1.1769943082474033,1.1769943082474033,1.1769943082474033,1.1769943082474033,1.1769943082474033,1.1769943082474033
