obs_gdp,obs_hours,obs_wages,obs_gdpdeflator,obs_corepce,obs_nominalrate,obs_consumption,obs_investment,obs_BBBspread,obs_longinflation,obs_longrate,obs_tfp,obs_gdi,obs_AAAspread,obs_nominalrate1,obs_nominalrate2,obs_nominalrate3,obs_nominalrate4,obs_nominalrate5,obs_nominalrate6
0.47373022914316554,-46.40054381510029,0.47373022914316554,0.4672671221469058,0.49999999999998934,1.1561146953398715,0.47373022914316554,0.47373022914316554,0.47869412341951034,0.49999999999998934,1.1561146953398715,0.0,0.47373022914316554,0.1174310227768634,1.1561146953398715,1.1561146953398715,1.1561146953398715,1.1561146953398715,1.1561146953398715,1.1561146953398715
