obs_gdp,obs_hours,obs_wages,obs_gdpdeflator,obs_corepce,obs_nominalrate,obs_consumption,obs_investment,obs_BBBspread,obs_longinflation,obs_longrate,obs_tfp,obs_gdi,obs_AAAspread,obs_nominalrate1,obs_nominalrate2,obs_nominalrate3,obs_nominalrate4,obs_nominalrate5,obs_nominalrate6
0.43331027212982764,-48.33914784013901,0.43331027212982764,0.47444953535727896,0.49999999999998934,1.0880314872479646,0.43331027212982764,0.43331027212982764,0.47369735837159266,0.49999999999998934,1.0880314872479646,0.0,0.43331027212982764,0.1174310227768634,1.0880314872479646,1.0880314872479646,1.0880314872479646,1.0880314872479646,1.0880314872479646,1.0880314872479646
