obs_gdp,obs_hours,obs_wages,obs_gdpdeflator,obs_corepce,obs_nominalrate,obs_consumption,obs_investment,obs_BBBspread,obs_longinflation,obs_longrate,obs_tfp,obs_gdi,obs_AAAspread,obs_nominalrate1,obs_nominalrate2,obs_nominalrate3,obs_nominalrate4,obs_nominalrate5,obs_nominalrate6
0.42541632573112054,-48.12910287263386,0.42541632573112054,0.4683131130556394,0.49999999999998934,1.0915137876064795,0.42541632573112054,0.42541632573112054,0.4781855194188964,0.49999999999998934,1.0915137876064795,0.0,0.42541632573112054,0.1174310227768634,1.0915137876064795,1.0915137876064795,1.0915137876064795,1.0915137876064795,1.0915137876064795,1.0915137876064795
