obs_gdp,obs_hours,obs_wages,obs_gdpdeflator,obs_corepce,obs_nominalrate,obs_consumption,obs_investment,obs_BBBspread,obs_longinflation,obs_longrate,obs_tfp,obs_gdi,obs_AAAspread,obs_nominalrate1,obs_nominalrate2,obs_nominalrate3,obs_nominalrate4,obs_nominalrate5,obs_nominalrate6
0.5055283032262103,-45.48847968787681,0.5055283032262103,0.47432074406597047,0.49999999999998934,1.227673239971483,0.5055283032262103,0.5055283032262103,0.4740564151021311,0.49999999999998934,1.227673239971483,0.0,0.5055283032262103,0.1174310227768634,1.227673239971483,1.227673239971483,1.227673239971483,1.227673239971483,1.227673239971483,1.227673239971483
