obs_gdp,obs_hours,obs_wages,obs_gdpdeflator,obs_corepce,obs_nominalrate,obs_consumption,obs_investment,obs_BBBspread,obs_longinflation,obs_longrate,obs_tfp,obs_gdi,obs_AAAspread,obs_nominalrate1,obs_nominalrate2,obs_nominalrate3,obs_nominalrate4,obs_nominalrate5,obs_nominalrate6
0.5050129189178687,-45.45373309915096,0.5050129189178687,0.46812861708030284,0.49999999999998934,1.1973376094773558,0.5050129189178687,0.5050129189178687,0.4788148255253317,0.49999999999998934,1.1973376094773558,0.0,0.5050129189178687,0.1174310227768634,1.1973376094773558,1.1973376094773558,1.1973376094773558,1.1973376094773558,1.1973376094773558,1.1973376094773558
