obs_gdp,obs_hours,obs_wages,obs_gdpdeflator,obs_corepce,obs_nominalrate,obs_consumption,obs_investment,obs_BBBspread,obs_longinflation,obs_longrate,obs_tfp,obs_gdi,obs_AAAspread,obs_nominalrate1,obs_nominalrate2,obs_nominalrate3,obs_nominalrate4,obs_nominalrate5,obs_nominalrate6
0.4805233357204175,-46.51640526843154,0.4805233357204175,0.4727715023392204,0.49999999999998934,1.1669694343631853,0.4805233357204175,0.4805233357204175,0.4739443936047512,0.49999999999998934,1.1669694343631853,0.0,0.4805233357204175,0.1174310227768634,1.1669694343631853,1.1669694343631853,1.1669694343631853,1.1669694343631853,1.1669694343631853,1.1669694343631853
