obs_gdp,obs_hours,obs_wages,obs_gdpdeflator,obs_corepce,obs_nominalrate,obs_consumption,obs_investment,obs_BBBspread,obs_longinflation,obs_longrate,obs_tfp,obs_gdi,obs_AAAspread,obs_nominalrate1,obs_nominalrate2,obs_nominalrate3,obs_nominalrate4,obs_nominalrate5,obs_nominalrate6
0.5120955833289864,-45.42436995421311,0.5120955833289864,0.47265871023366857,0.49999999999998934,1.224337075128057,0.5120955833289864,0.5120955833289864,0.46776318508336284,0.49999999999998934,1.224337075128057,0.0,0.5120955833289864,0.1174310227768634,1.224337075128057,1.224337075128057,1.224337075128057,1.224337075128057,1.224337075128057,1.224337075128057
