obs_gdp,obs_hours,obs_wages,obs_gdpdeflator,obs_corepce,obs_nominalrate,obs_consumption,obs_investment,obs_BBBspread,obs_longinflation,obs_longrate,obs_tfp,obs_gdi,obs_AAAspread,obs_nominalrate1,obs_nominalrate2,obs_nominalrate3,obs_nominalrate4,obs_nominalrate5,obs_nominalrate6
0.48128831805240857,-46.22777655671429,0.48128831805240857,0.47092092986482226,0.49999999999998934,1.1538644337592663,0.48128831805240857,0.48128831805240857,0.4776953038518871,0.49999999999998934,1.1538644337592663,0.0,0.48128831805240857,0.1174310227768634,1.1538644337592663,1.1538644337592663,1.1538644337592663,1.1538644337592663,1.1538644337592663,1.1538644337592663
