obs_gdp,obs_hours,obs_wages,obs_gdpdeflator,obs_corepce,obs_nominalrate,obs_consumption,obs_investment,obs_BBBspread,obs_longinflation,obs_longrate,obs_tfp,obs_gdi,obs_AAAspread,obs_nominalrate1,obs_nominalrate2,obs_nominalrate3,obs_nominalrate4,obs_nominalrate5,obs_nominalrate6
0.46935109994150626,-47.08033071607138,0.46935109994150626,0.4671644805532563,0.49999999999998934,1.1249265930933339,0.46935109994150626,0.46935109994150626,0.48334203439998225,0.49999999999998934,1.1249265930933339,0.0,0.46935109994150626,0.1174310227768634,1.1249265930933339,1.1249265930933339,1.1249265930933339,1.1249265930933339,1.1249265930933339,1.1249265930933339
