obs_gdp,obs_hours,obs_wages,obs_gdpdeflator,obs_corepce,obs_nominalrate,obs_consumption,obs_investment,obs_BBBspread,obs_longinflation,obs_longrate,obs_tfp,obs_gdi,obs_AAAspread,obs_nominalrate1,obs_nominalrate2,obs_nominalrate3,obs_nominalrate4,obs_nominalrate5,obs_nominalrate6
0.4175662496042509,-48.71382965566159,0.4175662496042509,0.46865586314005747,0.49999999999998934,1.0537252383252316,0.4175662496042509,0.4175662496042509,0.4868048405659065,0.49999999999998934,1.0537252383252316,0.0,0.4175662496042509,0.1174310227768634,1.0537252383252316,1.0537252383252316,1.0537252383252316,1.0537252383252316,1.0537252383252316,1.0537252383252316
