obs_gdp,obs_hours,obs_wages,obs_gdpdeflator,obs_corepce,obs_nominalrate,obs_consumption,obs_investment,obs_BBBspread,obs_longinflation,obs_longrate,obs_tfp,obs_gdi,obs_AAAspread,obs_nominalrate1,obs_nominalrate2,obs_nominalrate3,obs_nominalrate4,obs_nominalrate5,obs_nominalrate6
0.49188135576989644,-45.810098452153355,0.49188135576989644,0.46692416260153574,0.49999999999998934,1.1745247309161266,0.49188135576989644,0.49188135576989644,0.48036381285492674,0.49999999999998934,1.1745247309161266,0.0,0.49188135576989644,0.1174310227768634,1.1745247309161266,1.1745247309161266,1.1745247309161266,1.1745247309161266,1.1745247309161266,1.1745247309161266
