obs_gdp,obs_hours,obs_wages,obs_gdpdeflator,obs_corepce,obs_nominalrate,obs_consumption,obs_investment,obs_BBBspread,obs_longinflation,obs_longrate,obs_tfp,obs_gdi,obs_AAAspread,obs_nominalrate1,obs_nominalrate2,obs_nominalrate3,obs_nominalrate4,obs_nominalrate5,obs_nominalrate6
0.44607303192294445,-47.515428376880315,0.44607303192294445,0.4711282812309746,0.49999999999998934,1.107090289074364,0.44607303192294445,0.44607303192294445,0.4767011933903523,0.49999999999998934,1.107090289074364,0.0,0.44607303192294445,0.1174310227768634,1.107090289074364,1.107090289074364,1.107090289074364,1.107090289074364,1.107090289074364,1.107090289074364
