obs_gdp,obs_hours,obs_wages,obs_gdpdeflator,obs_corepce,obs_nominalrate,obs_consumption,obs_investment,obs_BBBspread,obs_longinflation,obs_longrate,obs_tfp,obs_gdi,obs_AAAspread,obs_nominalrate1,obs_nominalrate2,obs_nominalrate3,obs_nominalrate4,obs_nominalrate5,obs_nominalrate6
0.4377703754529838,-47.89676603637057,0.4377703754529838,0.47218925286153807,0.49999999999998934,1.0870203832513692,0.4377703754529838,0.4377703754529838,0.4852055835236101,0.49999999999998934,1.0870203832513692,0.0,0.4377703754529838,0.1174310227768634,1.0870203832513692,1.0870203832513692,1.0870203832513692,1.0870203832513692,1.0870203832513692,1.0870203832513692
