obs_gdp,obs_hours,obs_wages,obs_gdpdeflator,obs_corepce,obs_nominalrate,obs_consumption,obs_investment,obs_BBBspread,obs_longinflation,obs_longrate,obs_tfp,obs_gdi,obs_AAAspread,obs_nominalrate1,obs_nominalrate2,obs_nominalrate3,obs_nominalrate4,obs_nominalrate5,obs_nominalrate6
0.48870701724288423,-46.19453227761598,0.48870701724288423,0.46966191526428186,0.49999999999998934,1.1652089755880501,0.48870701724288423,0.48870701724288423,0.4739555021513726,0.49999999999998934,1.1652089755880501,0.0,0.48870701724288423,0.1174310227768634,1.1652089755880501,1.1652089755880501,1.1652089755880501,1.1652089755880501,1.1652089755880501,1.1652089755880501
