obs_gdp,obs_hours,obs_wages,obs_gdpdeflator,obs_corepce,obs_nominalrate,obs_consumption,obs_investment,obs_BBBspread,obs_longinflation,obs_longrate,obs_tfp,obs_gdi,obs_AAAspread,obs_nominalrate1,obs_nominalrate2,obs_nominalrate3,obs_nominalrate4,obs_nominalrate5,obs_nominalrate6
0.49140895686661246,-45.967478399054315,0.49140895686661246,0.46991674151424756,0.49999999999998934,1.1655667032741235,0.49140895686661246,0.49140895686661246,0.47628833585225533,0.49999999999998934,1.1655667032741235,0.0,0.49140895686661246,0.1174310227768634,1.1655667032741235,1.1655667032741235,1.1655667032741235,1.1655667032741235,1.1655667032741235,1.1655667032741235
