obs_gdp,obs_hours,obs_wages,obs_gdpdeflator,obs_corepce,obs_nominalrate,obs_consumption,obs_investment,obs_BBBspread,obs_longinflation,obs_longrate,obs_tfp,obs_gdi,obs_AAAspread,obs_nominalrate1,obs_nominalrate2,obs_nominalrate3,obs_nominalrate4,obs_nominalrate5,obs_nominalrate6
0.5194723126616729,-45.16321993982183,0.5194723126616729,0.4721684820815528,0.49999999999998934,1.2304502469093315,0.5194723126616729,0.5194723126616729,0.4695206971698945,0.49999999999998934,1.2304502469093315,0.0,0.5194723126616729,0.1174310227768634,1.2304502469093315,1.2304502469093315,1.2304502469093315,1.2304502469093315,1.2304502469093315,1.2304502469093315
