obs_gdp,obs_hours,obs_wages,obs_gdpdeflator,obs_corepce,obs_nominalrate,obs_consumption,obs_investment,obs_BBBspread,obs_longinflation,obs_longrate,obs_tfp,obs_gdi,obs_AAAspread,obs_nominalrate1,obs_nominalrate2,obs_nominalrate3,obs_nominalrate4,obs_nominalrate5,obs_nominalrate6
0.4767379805271865,-46.42430780579468,0.4767379805271865,0.47379537126727816,0.49999999999998934,1.1557160452847937,0.4767379805271865,0.4767379805271865,0.4797709931781146,0.49999999999998934,1.1557160452847937,0.0,0.4767379805271865,0.1174310227768634,1.1557160452847937,1.1557160452847937,1.1557160452847937,1.1557160452847937,1.1557160452847937,1.1557160452847937
