obs_gdp,obs_hours,obs_wages,obs_gdpdeflator,obs_corepce,obs_nominalrate,obs_consumption,obs_investment,obs_BBBspread,obs_longinflation,obs_longrate,obs_tfp,obs_gdi,obs_AAAspread,obs_nominalrate1,obs_nominalrate2,obs_nominalrate3,obs_nominalrate4,obs_nominalrate5,obs_nominalrate6
0.44910679121497044,-47.7361746409458,0.44910679121497044,0.4671573490617375,0.49999999999998934,1.1026039773031515,0.44910679121497044,0.44910679121497044,0.4841992791017562,0.49999999999998934,1.1026039773031515,0.0,0.44910679121497044,0.1174310227768634,1.1026039773031515,1.1026039773031515,1.1026039773031515,1.1026039773031515,1.1026039773031515,1.1026039773031515
