obs_gdp,obs_hours,obs_wages,obs_gdpdeflator,obs_corepce,obs_nominalrate,obs_consumption,obs_investment,obs_BBBspread,obs_longinflation,obs_longrate,obs_tfp,obs_gdi,obs_AAAspread,obs_nominalrate1,obs_nominalrate2,obs_nominalrate3,obs_nominalrate4,obs_nominalrate5,obs_nominalrate6
0.49136264747857705,-46.22406135289409,0.49136264747857705,0.4658450477312584,0.49999999999998934,1.1542702040603592,0.49136264747857705,0.49136264747857705,0.4825822150459436,0.49999999999998934,1.1542702040603592,0.0,0.49136264747857705,0.1174310227768634,1.1542702040603592,1.1542702040603592,1.1542702040603592,1.1542702040603592,1.1542702040603592,1.1542702040603592
