obs_gdp,obs_hours,obs_wages,obs_gdpdeflator,obs_corepce,obs_nominalrate,obs_consumption,obs_investment,obs_BBBspread,obs_longinflation,obs_longrate,obs_tfp,obs_gdi,obs_AAAspread,obs_nominalrate1,obs_nominalrate2,obs_nominalrate3,obs_nominalrate4,obs_nominalrate5,obs_nominalrate6
0.440832003953906,-47.90499449194718,0.440832003953906,0.47188759245908024,0.49999999999998934,1.1055871958842722,0.440832003953906,0.440832003953906,0.47438704876378457,0.49999999999998934,1.1055871958842722,0.0,0.440832003953906,0.1174310227768634,1.1055871958842722,1.1055871958842722,1.1055871958842722,1.1055871958842722,1.1055871958842722,1.1055871958842722
