obs_gdp,obs_hours,obs_wages,obs_gdpdeflator,obs_corepce,obs_nominalrate,obs_consumption,obs_investment,obs_BBBspread,obs_longinflation,obs_longrate,obs_tfp,obs_gdi,obs_AAAspread,obs_nominalrate1,obs_nominalrate2,obs_nominalrate3,obs_nominalrate4,obs_nominalrate5,obs_nominalrate6
0.4583604111758621,-47.17544627066246,0.4583604111758621,0.47027515179858886,0.49999999999998934,1.1239980899385715,0.4583604111758621,0.4583604111758621,0.4825932812003855,0.49999999999998934,1.1239980899385715,0.0,0.4583604111758621,0.1174310227768634,1.1239980899385715,1.1239980899385715,1.1239980899385715,1.1239980899385715,1.1239980899385715,1.1239980899385715
