obs_gdp,obs_hours,obs_wages,obs_gdpdeflator,obs_corepce,obs_nominalrate,obs_consumption,obs_investment,obs_BBBspread,obs_longinflation,obs_longrate,obs_tfp,obs_gdi,obs_AAAspread,obs_nominalrate1,obs_nominalrate2,obs_nominalrate3,obs_nominalrate4,obs_nominalrate5,obs_nominalrate6
0.5142878360976377,-45.09533046009442,0.5142878360976377,0.47259306869587137,0.49999999999998934,1.254353448810508,0.5142878360976377,0.5142878360976377,0.47007355154626435,0.49999999999998934,1.254353448810508,0.0,0.5142878360976377,0.1174310227768634,1.254353448810508,1.254353448810508,1.254353448810508,1.254353448810508,1.254353448810508,1.254353448810508
