obs_gdp,obs_hours,obs_wages,obs_gdpdeflator,obs_corepce,obs_nominalrate,obs_consumption,obs_investment,obs_BBBspread,obs_longinflation,obs_longrate,obs_tfp,obs_gdi,obs_AAAspread,obs_nominalrate1,obs_nominalrate2,obs_nominalrate3,obs_nominalrate4,obs_nominalrate5,obs_nominalrate6
0.48734106377035236,-46.404038807676095,0.48734106377035236,0.47132268726024873,0.49999999999998934,1.1621493277489403,0.48734106377035236,0.48734106377035236,0.47358667128326765,0.49999999999998934,1.1621493277489403,0.0,0.48734106377035236,0.1174310227768634,1.1621493277489403,1.1621493277489403,1.1621493277489403,1.1621493277489403,1.1621493277489403,1.1621493277489403
