obs_gdp,obs_hours,obs_wages,obs_gdpdeflator,obs_corepce,obs_nominalrate,obs_consumption,obs_investment,obs_BBBspread,obs_longinflation,obs_longrate,obs_tfp,obs_gdi,obs_AAAspread,obs_nominalrate1,obs_nominalrate2,obs_nominalrate3,obs_nominalrate4,obs_nominalrate5,obs_nominalrate6
0.48793288449524574,-46.268317353837915,0.48793288449524574,0.4723720583266504,0.49999999999998934,1.189184687693401,0.48793288449524574,0.48793288449524574,0.47047747499541615,0.49999999999998934,1.189184687693401,0.0,0.48793288449524574,0.1174310227768634,1.189184687693401,1.189184687693401,1.189184687693401,1.189184687693401,1.189184687693401,1.189184687693401
