obs_gdp,obs_hours,obs_wages,obs_gdpdeflator,obs_corepce,obs_nominalrate,obs_consumption,obs_investment,obs_BBBspread,obs_longinflation,obs_longrate,obs_tfp,obs_gdi,obs_AAAspread,obs_nominalrate1,obs_nominalrate2,obs_nominalrate3,obs_nominalrate4,obs_nominalrate5,obs_nominalrate6
0.4655776832733549,-47.043103735110066,0.4655776832733549,0.47514521330812026,0.49999999999998934,1.134723628772738,0.4655776832733549,0.4655776832733549,0.47993578257432645,0.49999999999998934,1.134723628772738,0.0,0.4655776832733549,0.1174310227768634,1.134723628772738,1.134723628772738,1.134723628772738,1.134723628772738,1.134723628772738,1.134723628772738
