obs_gdp,obs_hours,obs_wages,obs_gdpdeflator,obs_corepce,obs_nominalrate,obs_consumption,obs_investment,obs_BBBspread,obs_longinflation,obs_longrate,obs_tfp,obs_gdi,obs_AAAspread,obs_nominalrate1,obs_nominalrate2,obs_nominalrate3,obs_nominalrate4,obs_nominalrate5,obs_nominalrate6
0.485942633093539,-46.35578448945247,0.485942633093539,0.472369266034208,0.49999999999998934,1.1877996480296638,0.485942633093539,0.485942633093539,0.4706943485498327,0.49999999999998934,1.1877996480296638,0.0,0.485942633093539,0.1174310227768634,1.1877996480296638,1.1877996480296638,1.1877996480296638,1.1877996480296638,1.1877996480296638,1.1877996480296638
