obs_gdp,obs_hours,obs_wages,obs_gdpdeflator,obs_corepce,obs_nominalrate,obs_consumption,obs_investment,obs_BBBspread,obs_longinflation,obs_longrate,obs_tfp,obs_gdi,obs_AAAspread,obs_nominalrate1,obs_nominalrate2,obs_nominalrate3,obs_nominalrate4,obs_nominalrate5,obs_nominalrate6
0.44517494428588655,-47.89979911421138,0.44517494428588655,0.47408227808671827,0.49999999999998934,1.098793098515305,0.44517494428588655,0.44517494428588655,0.47394111397906136,0.49999999999998934,1.098793098515305,0.0,0.44517494428588655,0.1174310227768634,1.098793098515305,1.098793098515305,1.098793098515305,1.098793098515305,1.098793098515305,1.098793098515305
