obs_gdp,obs_hours,obs_wages,obs_gdpdeflator,obs_corepce,obs_nominalrate,obs_consumption,obs_investment,obs_BBBspread,obs_longinflation,obs_longrate,obs_tfp,obs_gdi,obs_AAAspread,obs_nominalrate1,obs_nominalrate2,obs_nominalrate3,obs_nominalrate4,obs_nominalrate5,obs_nominalrate6
0.47321287378407906,-46.44311909100697,0.47321287378407906,0.4724363541865209,0.49999999999998934,1.1529349399034272,0.47321287378407906,0.47321287378407906,0.47992625722965176,0.49999999999998934,1.1529349399034272,0.0,0.47321287378407906,0.1174310227768634,1.1529349399034272,1.1529349399034272,1.1529349399034272,1.1529349399034272,1.1529349399034272,1.1529349399034272
