obs_gdp,obs_hours,obs_wages,obs_gdpdeflator,obs_corepce,obs_nominalrate,obs_consumption,obs_investment,obs_BBBspread,obs_longinflation,obs_longrate,obs_tfp,obs_gdi,obs_AAAspread,obs_nominalrate1,obs_nominalrate2,obs_nominalrate3,obs_nominalrate4,obs_nominalrate5,obs_nominalrate6
0.5334389235860604,-44.50107866837309,0.5334389235860604,0.470042279231263,0.49999999999998934,1.240936646545543,0.5334389235860604,0.5334389235860604,0.47616329274723757,0.49999999999998934,1.240936646545543,0.0,0.5334389235860604,0.1174310227768634,1.240936646545543,1.240936646545543,1.240936646545543,1.240936646545543,1.240936646545543,1.240936646545543
