obs_gdp,obs_hours,obs_wages,obs_gdpdeflator,obs_corepce,obs_nominalrate,obs_consumption,obs_investment,obs_BBBspread,obs_longinflation,obs_longrate,obs_tfp,obs_gdi,obs_AAAspread,obs_nominalrate1,obs_nominalrate2,obs_nominalrate3,obs_nominalrate4,obs_nominalrate5,obs_nominalrate6
0.44307375977914454,-47.598728051000435,0.44307375977914454,0.4713398940773612,0.49999999999998934,1.1043989552276479,0.44307375977914454,0.44307375977914454,0.4773183477255723,0.49999999999998934,1.1043989552276479,0.0,0.44307375977914454,0.1174310227768634,1.1043989552276479,1.1043989552276479,1.1043989552276479,1.1043989552276479,1.1043989552276479,1.1043989552276479
