obs_gdp,obs_hours,obs_wages,obs_gdpdeflator,obs_corepce,obs_nominalrate,obs_consumption,obs_investment,obs_BBBspread,obs_longinflation,obs_longrate,obs_tfp,obs_gdi,obs_AAAspread,obs_nominalrate1,obs_nominalrate2,obs_nominalrate3,obs_nominalrate4,obs_nominalrate5,obs_nominalrate6
0.46147341090247984,-47.01056598492509,0.46147341090247984,0.47103917774438914,0.49999999999998934,1.1308481851802776,0.46147341090247984,0.46147341090247984,0.4754693480506756,0.49999999999998934,1.1308481851802776,0.0,0.46147341090247984,0.1174310227768634,1.1308481851802776,1.1308481851802776,1.1308481851802776,1.1308481851802776,1.1308481851802776,1.1308481851802776
