obs_gdp,obs_hours,obs_wages,obs_gdpdeflator,obs_corepce,obs_nominalrate,obs_consumption,obs_investment,obs_BBBspread,obs_longinflation,obs_longrate,obs_tfp,obs_gdi,obs_AAAspread,obs_nominalrate1,obs_nominalrate2,obs_nominalrate3,obs_nominalrate4,obs_nominalrate5,obs_nominalrate6
0.43989852847117206,-47.84368691855608,0.43989852847117206,0.47137614431683056,0.49999999999998934,1.1058159415471724,0.43989852847117206,0.43989852847117206,0.47815985222849167,0.49999999999998934,1.1058159415471724,0.0,0.43989852847117206,0.1174310227768634,1.1058159415471724,1.1058159415471724,1.1058159415471724,1.1058159415471724,1.1058159415471724,1.1058159415471724
