obs_gdp,obs_hours,obs_wages,obs_gdpdeflator,obs_corepce,obs_nominalrate,obs_consumption,obs_investment,obs_BBBspread,obs_longinflation,obs_longrate,obs_tfp,obs_gdi,obs_AAAspread,obs_nominalrate1,obs_nominalrate2,obs_nominalrate3,obs_nominalrate4,obs_nominalrate5,obs_nominalrate6
0.4762937917475618,-46.58269593651851,0.4762937917475618,0.474447459784188,0.49999999999998934,1.1519977228630962,0.4762937917475618,0.4762937917475618,0.4807128963126909,0.49999999999998934,1.1519977228630962,0.0,0.4762937917475618,0.1174310227768634,1.1519977228630962,1.1519977228630962,1.1519977228630962,1.1519977228630962,1.1519977228630962,1.1519977228630962
