obs_gdp,obs_hours,obs_wages,obs_gdpdeflator,obs_corepce,obs_nominalrate,obs_consumption,obs_investment,obs_BBBspread,obs_longinflation,obs_longrate,obs_tfp,obs_gdi,obs_AAAspread,obs_nominalrate1,obs_nominalrate2,obs_nominalrate3,obs_nominalrate4,obs_nominalrate5,obs_nominalrate6
0.5026341734610584,-45.44768837131932,0.5026341734610584,0.4669889887190033,0.49999999999998934,1.1860045835733413,0.5026341734610584,0.5026341734610584,0.4805239675774688,0.49999999999998934,1.1860045835733413,0.0,0.5026341734610584,0.1174310227768634,1.1860045835733413,1.1860045835733413,1.1860045835733413,1.1860045835733413,1.1860045835733413,1.1860045835733413
