obs_gdp,obs_hours,obs_wages,obs_gdpdeflator,obs_corepce,obs_nominalrate,obs_consumption,obs_investment,obs_BBBspread,obs_longinflation,obs_longrate,obs_tfp,obs_gdi,obs_AAAspread,obs_nominalrate1,obs_nominalrate2,obs_nominalrate3,obs_nominalrate4,obs_nominalrate5,obs_nominalrate6
0.4350800589299597,-48.2732952498223,0.4350800589299597,0.47425314166167887,0.49999999999998934,1.0884257313209078,0.4350800589299597,0.4350800589299597,0.4745440898706033,0.49999999999998934,1.0884257313209078,0.0,0.4350800589299597,0.1174310227768634,1.0884257313209078,1.0884257313209078,1.0884257313209078,1.0884257313209078,1.0884257313209078,1.0884257313209078
