obs_gdp,obs_hours,obs_wages,obs_gdpdeflator,obs_corepce,obs_nominalrate,obs_consumption,obs_investment,obs_BBBspread,obs_longinflation,obs_longrate,obs_tfp,obs_gdi,obs_AAAspread,obs_nominalrate1,obs_nominalrate2,obs_nominalrate3,obs_nominalrate4,obs_nominalrate5,obs_nominalrate6
0.4812370282652578,-46.090555798131774,0.4812370282652578,0.4742449651298578,0.49999999999998934,1.2153354972410435,0.4812370282652578,0.4812370282652578,0.46782803108219356,0.49999999999998934,1.2153354972410435,0.0,0.4812370282652578,0.1174310227768634,1.2153354972410435,1.2153354972410435,1.2153354972410435,1.2153354972410435,1.2153354972410435,1.2153354972410435
