obs_gdp,obs_hours,obs_wages,obs_gdpdeflator,obs_corepce,obs_nominalrate,obs_consumption,obs_investment,obs_BBBspread,obs_longinflation,obs_longrate,obs_tfp,obs_gdi,obs_AAAspread,obs_nominalrate1,obs_nominalrate2,obs_nominalrate3,obs_nominalrate4,obs_nominalrate5,obs_nominalrate6
0.4516527560721073,-47.67502025337034,0.4516527560721073,0.47322067490671343,0.49999999999998934,1.1385201555587088,0.4516527560721073,0.4516527560721073,0.4734429255225254,0.49999999999998934,1.1385201555587088,0.0,0.4516527560721073,0.1174310227768634,1.1385201555587088,1.1385201555587088,1.1385201555587088,1.1385201555587088,1.1385201555587088,1.1385201555587088
