obs_gdp,obs_hours,obs_wages,obs_gdpdeflator,obs_corepce,obs_nominalrate,obs_consumption,obs_investment,obs_BBBspread,obs_longinflation,obs_longrate,obs_tfp,obs_gdi,obs_AAAspread,obs_nominalrate1,obs_nominalrate2,obs_nominalrate3,obs_nominalrate4,obs_nominalrate5,obs_nominalrate6
0.4981586862706999,-46.04209916211715,0.4981586862706999,0.4660544315457705,0.49999999999998934,1.1618051607554802,0.4981586862706999,0.4981586862706999,0.4863061037278634,0.49999999999998934,1.1618051607554802,0.0,0.4981586862706999,0.1174310227768634,1.1618051607554802,1.1618051607554802,1.1618051607554802,1.1618051607554802,1.1618051607554802,1.1618051607554802
