obs_gdp,obs_hours,obs_wages,obs_gdpdeflator,obs_corepce,obs_nominalrate,obs_consumption,obs_investment,obs_BBBspread,obs_longinflation,obs_longrate,obs_tfp,obs_gdi,obs_AAAspread,obs_nominalrate1,obs_nominalrate2,obs_nominalrate3,obs_nominalrate4,obs_nominalrate5,obs_nominalrate6
0.4406619115226773,-47.82756748172181,0.4406619115226773,0.47094405227491276,0.49999999999998934,1.1019550198670292,0.4406619115226773,0.4406619115226773,0.47881850453705116,0.49999999999998934,1.1019550198670292,0.0,0.4406619115226773,0.1174310227768634,1.1019550198670292,1.1019550198670292,1.1019550198670292,1.1019550198670292,1.1019550198670292,1.1019550198670292
