obs_gdp,obs_hours,obs_wages,obs_gdpdeflator,obs_corepce,obs_nominalrate,obs_consumption,obs_investment,obs_BBBspread,obs_longinflation,obs_longrate,obs_tfp,obs_gdi,obs_AAAspread,obs_nominalrate1,obs_nominalrate2,obs_nominalrate3,obs_nominalrate4,obs_nominalrate5,obs_nominalrate6
0.5103052705888178,-45.19135267470053,0.5103052705888178,0.4725210988418903,0.49999999999998934,1.2016202112757668,0.5103052705888178,0.5103052705888178,0.48072733154895425,0.49999999999998934,1.2016202112757668,0.0,0.5103052705888178,0.1174310227768634,1.2016202112757668,1.2016202112757668,1.2016202112757668,1.2016202112757668,1.2016202112757668,1.2016202112757668
