obs_gdp,obs_hours,obs_wages,obs_gdpdeflator,obs_corepce,obs_nominalrate,obs_consumption,obs_investment,obs_BBBspread,obs_longinflation,obs_longrate,obs_tfp,obs_gdi,obs_AAAspread,obs_nominalrate1,obs_nominalrate2,obs_nominalrate3,obs_nominalrate4,obs_nominalrate5,obs_nominalrate6
0.4458995616514416,-47.601635131175364,0.4458995616514416,0.46960786529520104,0.49999999999998934,1.1145222767472207,0.4458995616514416,0.4458995616514416,0.4718098051515503,0.49999999999998934,1.1145222767472207,0.0,0.4458995616514416,0.1174310227768634,1.1145222767472207,1.1145222767472207,1.1145222767472207,1.1145222767472207,1.1145222767472207,1.1145222767472207
