obs_gdp,obs_hours,obs_wages,obs_gdpdeflator,obs_corepce,obs_nominalrate,obs_consumption,obs_investment,obs_BBBspread,obs_longinflation,obs_longrate,obs_tfp,obs_gdi,obs_AAAspread,obs_nominalrate1,obs_nominalrate2,obs_nominalrate3,obs_nominalrate4,obs_nominalrate5,obs_nominalrate6
0.4579240189779288,-47.18238313215838,0.4579240189779288,0.4749814028808911,0.49999999999998934,1.1712569450800236,0.4579240189779288,0.4579240189779288,0.4741322344400287,0.49999999999998934,1.1712569450800236,0.0,0.4579240189779288,0.1174310227768634,1.1712569450800236,1.1712569450800236,1.1712569450800236,1.1712569450800236,1.1712569450800236,1.1712569450800236
