obs_gdp,obs_hours,obs_wages,obs_gdpdeflator,obs_corepce,obs_nominalrate,obs_consumption,obs_investment,obs_BBBspread,obs_longinflation,obs_longrate,obs_tfp,obs_gdi,obs_AAAspread,obs_nominalrate1,obs_nominalrate2,obs_nominalrate3,obs_nominalrate4,obs_nominalrate5,obs_nominalrate6
0.44407469862768334,-47.91504454498619,0.44407469862768334,0.4711219277495216,0.49999999999998934,1.1073094981321363,0.44407469862768334,0.44407469862768334,0.4730783913616436,0.49999999999998934,1.1073094981321363,0.0,0.44407469862768334,0.1174310227768634,1.1073094981321363,1.1073094981321363,1.1073094981321363,1.1073094981321363,1.1073094981321363,1.1073094981321363
