obs_gdp,obs_hours,obs_wages,obs_gdpdeflator,obs_corepce,obs_nominalrate,obs_consumption,obs_investment,obs_BBBspread,obs_longinflation,obs_longrate,obs_tfp,obs_gdi,obs_AAAspread,obs_nominalrate1,obs_nominalrate2,obs_nominalrate3,obs_nominalrate4,obs_nominalrate5,obs_nominalrate6
0.5135484827812675,-45.10312348122697,0.5135484827812675,0.47064780905038567,0.49999999999998934,1.1989511099849137,0.5135484827812675,0.5135484827812675,0.4774770890124615,0.49999999999998934,1.1989511099849137,0.0,0.5135484827812675,0.1174310227768634,1.1989511099849137,1.1989511099849137,1.1989511099849137,1.1989511099849137,1.1989511099849137,1.1989511099849137
