obs_gdp,obs_hours,obs_wages,obs_gdpdeflator,obs_corepce,obs_nominalrate,obs_consumption,obs_investment,obs_BBBspread,obs_longinflation,obs_longrate,obs_tfp,obs_gdi,obs_AAAspread,obs_nominalrate1,obs_nominalrate2,obs_nominalrate3,obs_nominalrate4,obs_nominalrate5,obs_nominalrate6
0.4315528887474107,-48.051212708822675,0.4315528887474107,0.4710490571560878,0.49999999999998934,1.0978619247112409,0.4315528887474107,0.4315528887474107,0.47399440518388314,0.49999999999998934,1.0978619247112409,0.0,0.4315528887474107,0.1174310227768634,1.0978619247112409,1.0978619247112409,1.0978619247112409,1.0978619247112409,1.0978619247112409,1.0978619247112409
