obs_gdp,obs_hours,obs_wages,obs_gdpdeflator,obs_corepce,obs_nominalrate,obs_consumption,obs_investment,obs_BBBspread,obs_longinflation,obs_longrate,obs_tfp,obs_gdi,obs_AAAspread,obs_nominalrate1,obs_nominalrate2,obs_nominalrate3,obs_nominalrate4,obs_nominalrate5,obs_nominalrate6
0.47818782586566133,-46.398739381785624,0.47818782586566133,0.47119900007102017,0.49999999999998934,1.1472172173722983,0.47818782586566133,0.47818782586566133,0.48438040330097915,0.49999999999998934,1.1472172173722983,0.0,0.47818782586566133,0.1174310227768634,1.1472172173722983,1.1472172173722983,1.1472172173722983,1.1472172173722983,1.1472172173722983,1.1472172173722983
