obs_gdp,obs_hours,obs_wages,obs_gdpdeflator,obs_corepce,obs_nominalrate,obs_consumption,obs_investment,obs_BBBspread,obs_longinflation,obs_longrate,obs_tfp,obs_gdi,obs_AAAspread,obs_nominalrate1,obs_nominalrate2,obs_nominalrate3,obs_nominalrate4,obs_nominalrate5,obs_nominalrate6
0.46460305394191437,-46.78926113608851,0.46460305394191437,0.47347275326456056,0.49999999999998934,1.1908043048702854,0.46460305394191437,0.46460305394191437,0.46830797760526743,0.49999999999998934,1.1908043048702854,0.0,0.46460305394191437,0.1174310227768634,1.1908043048702854,1.1908043048702854,1.1908043048702854,1.1908043048702854,1.1908043048702854,1.1908043048702854
