obs_gdp,obs_hours,obs_wages,obs_gdpdeflator,obs_corepce,obs_nominalrate,obs_consumption,obs_investment,obs_BBBspread,obs_longinflation,obs_longrate,obs_tfp,obs_gdi,obs_AAAspread,obs_nominalrate1,obs_nominalrate2,obs_nominalrate3,obs_nominalrate4,obs_nominalrate5,obs_nominalrate6
0.4195649152274772,-48.404261120470856,0.4195649152274772,0.4675450787856219,0.49999999999998934,1.0849902023867042,0.4195649152274772,0.4195649152274772,0.4777063359243321,0.49999999999998934,1.0849902023867042,0.0,0.4195649152274772,0.1174310227768634,1.0849902023867042,1.0849902023867042,1.0849902023867042,1.0849902023867042,1.0849902023867042,1.0849902023867042
