obs_gdp,obs_hours,obs_wages,obs_gdpdeflator,obs_corepce,obs_nominalrate,obs_consumption,obs_investment,obs_BBBspread,obs_longinflation,obs_longrate,obs_tfp,obs_gdi,obs_AAAspread,obs_nominalrate1,obs_nominalrate2,obs_nominalrate3,obs_nominalrate4,obs_nominalrate5,obs_nominalrate6
0.4852893546848591,-46.27918829757644,0.4852893546848591,0.4695344041745866,0.49999999999998934,1.1609917594538555,0.4852893546848591,0.4852893546848591,0.47403316059072503,0.49999999999998934,1.1609917594538555,0.0,0.4852893546848591,0.1174310227768634,1.1609917594538555,1.1609917594538555,1.1609917594538555,1.1609917594538555,1.1609917594538555,1.1609917594538555
