obs_gdp,obs_hours,obs_wages,obs_gdpdeflator,obs_corepce,obs_nominalrate,obs_consumption,obs_investment,obs_BBBspread,obs_longinflation,obs_longrate,obs_tfp,obs_gdi,obs_AAAspread,obs_nominalrate1,obs_nominalrate2,obs_nominalrate3,obs_nominalrate4,obs_nominalrate5,obs_nominalrate6
0.4782971919971235,-46.02829016353786,0.4782971919971235,0.47409086726629446,0.49999999999998934,1.2075303292902184,0.4782971919971235,0.4782971919971235,0.4697759790110001,0.49999999999998934,1.2075303292902184,0.0,0.4782971919971235,0.1174310227768634,1.2075303292902184,1.2075303292902184,1.2075303292902184,1.2075303292902184,1.2075303292902184,1.2075303292902184
