obs_gdp,obs_hours,obs_wages,obs_gdpdeflator,obs_corepce,obs_nominalrate,obs_consumption,obs_investment,obs_BBBspread,obs_longinflation,obs_longrate,obs_tfp,obs_gdi,obs_AAAspread,obs_nominalrate1,obs_nominalrate2,obs_nominalrate3,obs_nominalrate4,obs_nominalrate5,obs_nominalrate6
0.4744547372679486,-46.77720963403783,0.4744547372679486,0.46768798438545667,0.49999999999998934,1.1387969016778632,0.4744547372679486,0.4744547372679486,0.48301112603927915,0.49999999999998934,1.1387969016778632,0.0,0.4744547372679486,0.1174310227768634,1.1387969016778632,1.1387969016778632,1.1387969016778632,1.1387969016778632,1.1387969016778632,1.1387969016778632
