obs_gdp,obs_hours,obs_wages,obs_gdpdeflator,obs_corepce,obs_nominalrate,obs_consumption,obs_investment,obs_BBBspread,obs_longinflation,obs_longrate,obs_tfp,obs_gdi,obs_AAAspread,obs_nominalrate1,obs_nominalrate2,obs_nominalrate3,obs_nominalrate4,obs_nominalrate5,obs_nominalrate6
0.4763446677492844,-46.703025991348234,0.4763446677492844,0.46722353998427874,0.49999999999998934,1.1402098777589131,0.4763446677492844,0.4763446677492844,0.4831056701831513,0.49999999999998934,1.1402098777589131,0.0,0.4763446677492844,0.1174310227768634,1.1402098777589131,1.1402098777589131,1.1402098777589131,1.1402098777589131,1.1402098777589131,1.1402098777589131
