obs_gdp,obs_hours,obs_wages,obs_gdpdeflator,obs_corepce,obs_nominalrate,obs_consumption,obs_investment,obs_BBBspread,obs_longinflation,obs_longrate,obs_tfp,obs_gdi,obs_AAAspread,obs_nominalrate1,obs_nominalrate2,obs_nominalrate3,obs_nominalrate4,obs_nominalrate5,obs_nominalrate6
0.4520156015724419,-47.27332478804797,0.4520156015724419,0.46740391434542167,0.49999999999998934,1.1235126617588742,0.4520156015724419,0.4520156015724419,0.4777634926546147,0.49999999999998934,1.1235126617588742,0.0,0.4520156015724419,0.1174310227768634,1.1235126617588742,1.1235126617588742,1.1235126617588742,1.1235126617588742,1.1235126617588742,1.1235126617588742
