obs_gdp,obs_hours,obs_wages,obs_gdpdeflator,obs_corepce,obs_nominalrate,obs_consumption,obs_investment,obs_BBBspread,obs_longinflation,obs_longrate,obs_tfp,obs_gdi,obs_AAAspread,obs_nominalrate1,obs_nominalrate2,obs_nominalrate3,obs_nominalrate4,obs_nominalrate5,obs_nominalrate6
0.4454542863836064,-47.81871362125044,0.4454542863836064,0.47446860670959523,0.49999999999998934,1.1043550905212918,0.4454542863836064,0.4454542863836064,0.4735980528566074,0.49999999999998934,1.1043550905212918,0.0,0.4454542863836064,0.1174310227768634,1.1043550905212918,1.1043550905212918,1.1043550905212918,1.1043550905212918,1.1043550905212918,1.1043550905212918
