obs_gdp,obs_hours,obs_wages,obs_gdpdeflator,obs_corepce,obs_nominalrate,obs_consumption,obs_investment,obs_BBBspread,obs_longinflation,obs_longrate,obs_tfp,obs_gdi,obs_AAAspread,obs_nominalrate1,obs_nominalrate2,obs_nominalrate3,obs_nominalrate4,obs_nominalrate5,obs_nominalrate6
0.43431147833188355,-48.075540012825726,0.43431147833188355,0.4711123047503918,0.49999999999998934,1.093818990739437,0.43431147833188355,0.43431147833188355,0.47832602573121674,0.49999999999998934,1.093818990739437,0.0,0.43431147833188355,0.1174310227768634,1.093818990739437,1.093818990739437,1.093818990739437,1.093818990739437,1.093818990739437,1.093818990739437
