obs_gdp,obs_hours,obs_wages,obs_gdpdeflator,obs_corepce,obs_nominalrate,obs_consumption,obs_investment,obs_BBBspread,obs_longinflation,obs_longrate,obs_tfp,obs_gdi,obs_AAAspread,obs_nominalrate1,obs_nominalrate2,obs_nominalrate3,obs_nominalrate4,obs_nominalrate5,obs_nominalrate6
0.5023920192832376,-45.779004200114734,0.5023920192832376,0.46663258820095543,0.49999999999998934,1.1745928411247997,0.5023920192832376,0.5023920192832376,0.4848347322359725,0.49999999999998934,1.1745928411247997,0.0,0.5023920192832376,0.1174310227768634,1.1745928411247997,1.1745928411247997,1.1745928411247997,1.1745928411247997,1.1745928411247997,1.1745928411247997
