obs_gdp,obs_hours,obs_wages,obs_gdpdeflator,obs_corepce,obs_nominalrate,obs_consumption,obs_investment,obs_BBBspread,obs_longinflation,obs_longrate,obs_tfp,obs_gdi,obs_AAAspread,obs_nominalrate1,obs_nominalrate2,obs_nominalrate3,obs_nominalrate4,obs_nominalrate5,obs_nominalrate6
0.41527416853581745,-48.777687452293655,0.41527416853581745,0.47285954438962385,0.49999999999998934,1.0891237499843331,0.41527416853581745,0.41527416853581745,0.4776501516676911,0.49999999999998934,1.0891237499843331,0.0,0.41527416853581745,0.1174310227768634,1.0891237499843331,1.0891237499843331,1.0891237499843331,1.0891237499843331,1.0891237499843331,1.0891237499843331
