obs_gdp,obs_hours,obs_wages,obs_gdpdeflator,obs_corepce,obs_nominalrate,obs_consumption,obs_investment,obs_BBBspread,obs_longinflation,obs_longrate,obs_tfp,obs_gdi,obs_AAAspread,obs_nominalrate1,obs_nominalrate2,obs_nominalrate3,obs_nominalrate4,obs_nominalrate5,obs_nominalrate6
0.5333494571267083,-44.37197708137388,0.5333494571267083,0.4676898741759304,0.49999999999998934,1.2319599442870421,0.5333494571267083,0.5333494571267083,0.47766287762970844,0.49999999999998934,1.2319599442870421,0.0,0.5333494571267083,0.1174310227768634,1.2319599442870421,1.2319599442870421,1.2319599442870421,1.2319599442870421,1.2319599442870421,1.2319599442870421
