obs_gdp,obs_hours,obs_wages,obs_gdpdeflator,obs_corepce,obs_nominalrate,obs_consumption,obs_investment,obs_BBBspread,obs_longinflation,obs_longrate,obs_tfp,obs_gdi,obs_AAAspread,obs_nominalrate1,obs_nominalrate2,obs_nominalrate3,obs_nominalrate4,obs_nominalrate5,obs_nominalrate6
0.5232462014894912,-44.89538425176236,0.5232462014894912,0.47203222661915734,0.49999999999998934,1.237557308952919,0.5232462014894912,0.5232462014894912,0.4708678832095538,0.49999999999998934,1.237557308952919,0.0,0.5232462014894912,0.1174310227768634,1.237557308952919,1.237557308952919,1.237557308952919,1.237557308952919,1.237557308952919,1.237557308952919
