obs_gdp,obs_hours,obs_wages,obs_gdpdeflator,obs_corepce,obs_nominalrate,obs_consumption,obs_investment,obs_BBBspread,obs_longinflation,obs_longrate,obs_tfp,obs_gdi,obs_AAAspread,obs_nominalrate1,obs_nominalrate2,obs_nominalrate3,obs_nominalrate4,obs_nominalrate5,obs_nominalrate6
0.4428411805629473,-47.64019718271434,0.4428411805629473,0.47116530192652917,0.49999999999998934,1.1029033391404042,0.4428411805629473,0.4428411805629473,0.47631187869504865,0.49999999999998934,1.1029033391404042,0.0,0.4428411805629473,0.1174310227768634,1.1029033391404042,1.1029033391404042,1.1029033391404042,1.1029033391404042,1.1029033391404042,1.1029033391404042
