obs_gdp,obs_hours,obs_wages,obs_gdpdeflator,obs_corepce,obs_nominalrate,obs_consumption,obs_investment,obs_BBBspread,obs_longinflation,obs_longrate,obs_tfp,obs_gdi,obs_AAAspread,obs_nominalrate1,obs_nominalrate2,obs_nominalrate3,obs_nominalrate4,obs_nominalrate5,obs_nominalrate6
0.4768977605911884,-46.476461361349656,0.4768977605911884,0.4695415749675017,0.49999999999998934,1.1560999659931515,0.4768977605911884,0.4768977605911884,0.47862405581098644,0.49999999999998934,1.1560999659931515,0.0,0.4768977605911884,0.1174310227768634,1.1560999659931515,1.1560999659931515,1.1560999659931515,1.1560999659931515,1.1560999659931515,1.1560999659931515
