obs_gdp,obs_hours,obs_wages,obs_gdpdeflator,obs_corepce,obs_nominalrate,obs_consumption,obs_investment,obs_BBBspread,obs_longinflation,obs_longrate,obs_tfp,obs_gdi,obs_AAAspread,obs_nominalrate1,obs_nominalrate2,obs_nominalrate3,obs_nominalrate4,obs_nominalrate5,obs_nominalrate6
0.5112872211392006,-45.576803375550355,0.5112872211392006,0.47272643662720815,0.49999999999998934,1.188443743288814,0.5112872211392006,0.5112872211392006,0.4754570359726654,0.49999999999998934,1.188443743288814,0.0,0.5112872211392006,0.1174310227768634,1.188443743288814,1.188443743288814,1.188443743288814,1.188443743288814,1.188443743288814,1.188443743288814
