obs_gdp,obs_hours,obs_wages,obs_gdpdeflator,obs_corepce,obs_nominalrate,obs_consumption,obs_investment,obs_BBBspread,obs_longinflation,obs_longrate,obs_tfp,obs_gdi,obs_AAAspread,obs_nominalrate1,obs_nominalrate2,obs_nominalrate3,obs_nominalrate4,obs_nominalrate5,obs_nominalrate6
0.49828893447787515,-45.92167019433338,0.49828893447787515,0.46685882286769786,0.49999999999998934,1.1742111857047544,0.49828893447787515,0.49828893447787515,0.4828004882162452,0.49999999999998934,1.1742111857047544,0.0,0.49828893447787515,0.1174310227768634,1.1742111857047544,1.1742111857047544,1.1742111857047544,1.1742111857047544,1.1742111857047544,1.1742111857047544
