obs_gdp,obs_hours,obs_wages,obs_gdpdeflator,obs_corepce,obs_nominalrate,obs_consumption,obs_investment,obs_BBBspread,obs_longinflation,obs_longrate,obs_tfp,obs_gdi,obs_AAAspread,obs_nominalrate1,obs_nominalrate2,obs_nominalrate3,obs_nominalrate4,obs_nominalrate5,obs_nominalrate6
0.4979408290329168,-45.7502653366378,0.4979408290329168,0.4699646968922581,0.49999999999998934,1.189163089094336,0.4979408290329168,0.4979408290329168,0.47315353806859883,0.49999999999998934,1.189163089094336,0.0,0.4979408290329168,0.1174310227768634,1.189163089094336,1.189163089094336,1.189163089094336,1.189163089094336,1.189163089094336,1.189163089094336
