obs_gdp,obs_hours,obs_wages,obs_gdpdeflator,obs_corepce,obs_nominalrate,obs_consumption,obs_investment,obs_BBBspread,obs_longinflation,obs_longrate,obs_tfp,obs_gdi,obs_AAAspread,obs_nominalrate1,obs_nominalrate2,obs_nominalrate3,obs_nominalrate4,obs_nominalrate5,obs_nominalrate6
0.5163766655531088,-45.03232898753832,0.5163766655531088,0.47250085062054664,0.49999999999998934,1.257240015380101,0.5163766655531088,0.5163766655531088,0.47046830508401377,0.49999999999998934,1.257240015380101,0.0,0.5163766655531088,0.1174310227768634,1.257240015380101,1.257240015380101,1.257240015380101,1.257240015380101,1.257240015380101,1.257240015380101
