obs_gdp,obs_hours,obs_wages,obs_gdpdeflator,obs_corepce,obs_nominalrate,obs_consumption,obs_investment,obs_BBBspread,obs_longinflation,obs_longrate,obs_tfp,obs_gdi,obs_AAAspread,obs_nominalrate1,obs_nominalrate2,obs_nominalrate3,obs_nominalrate4,obs_nominalrate5,obs_nominalrate6
0.43937525660673327,-47.868369679378795,0.43937525660673327,0.47060006283677513,0.49999999999998934,1.1068212504594666,0.43937525660673327,0.43937525660673327,0.47832609224150524,0.49999999999998934,1.1068212504594666,0.0,0.43937525660673327,0.1174310227768634,1.1068212504594666,1.1068212504594666,1.1068212504594666,1.1068212504594666,1.1068212504594666,1.1068212504594666
