obs_gdp,obs_hours,obs_wages,obs_gdpdeflator,obs_corepce,obs_nominalrate,obs_consumption,obs_investment,obs_BBBspread,obs_longinflation,obs_longrate,obs_tfp,obs_gdi,obs_AAAspread,obs_nominalrate1,obs_nominalrate2,obs_nominalrate3,obs_nominalrate4,obs_nominalrate5,obs_nominalrate6
0.49938951736110404,-45.60338930337697,0.49938951736110404,0.4675597167428846,0.49999999999998934,1.192174779205124,0.49938951736110404,0.49938951736110404,0.4775948201363562,0.49999999999998934,1.192174779205124,0.0,0.49938951736110404,0.1174310227768634,1.192174779205124,1.192174779205124,1.192174779205124,1.192174779205124,1.192174779205124,1.192174779205124
