obs_gdp,obs_hours,obs_wages,obs_gdpdeflator,obs_corepce,obs_nominalrate,obs_consumption,obs_investment,obs_BBBspread,obs_longinflation,obs_longrate,obs_tfp,obs_gdi,obs_AAAspread,obs_nominalrate1,obs_nominalrate2,obs_nominalrate3,obs_nominalrate4,obs_nominalrate5,obs_nominalrate6
0.459477107525208,-47.397277944110364,0.459477107525208,0.4739381953928445,0.49999999999998934,1.119606317523436,0.459477107525208,0.459477107525208,0.4738926864096815,0.49999999999998934,1.119606317523436,0.0,0.459477107525208,0.1174310227768634,1.119606317523436,1.119606317523436,1.119606317523436,1.119606317523436,1.119606317523436,1.119606317523436
