obs_gdp,obs_hours,obs_wages,obs_gdpdeflator,obs_corepce,obs_nominalrate,obs_consumption,obs_investment,obs_BBBspread,obs_longinflation,obs_longrate,obs_tfp,obs_gdi,obs_AAAspread,obs_nominalrate1,obs_nominalrate2,obs_nominalrate3,obs_nominalrate4,obs_nominalrate5,obs_nominalrate6
0.4456331366248012,-47.84097961366843,0.4456331366248012,0.46683872288293116,0.49999999999998934,1.1002493072601816,0.4456331366248012,0.4456331366248012,0.4769863798748587,0.49999999999998934,1.1002493072601816,0.0,0.4456331366248012,0.1174310227768634,1.1002493072601816,1.1002493072601816,1.1002493072601816,1.1002493072601816,1.1002493072601816,1.1002493072601816
