obs_gdp,obs_hours,obs_wages,obs_gdpdeflator,obs_corepce,obs_nominalrate,obs_consumption,obs_investment,obs_BBBspread,obs_longinflation,obs_longrate,obs_tfp,obs_gdi,obs_AAAspread,obs_nominalrate1,obs_nominalrate2,obs_nominalrate3,obs_nominalrate4,obs_nominalrate5,obs_nominalrate6
0.45769013621306254,-47.24680184519451,0.45769013621306254,0.4705215492469018,0.49999999999998934,1.1274226381520203,0.45769013621306254,0.45769013621306254,0.4785319564191218,0.49999999999998934,1.1274226381520203,0.0,0.45769013621306254,0.1174310227768634,1.1274226381520203,1.1274226381520203,1.1274226381520203,1.1274226381520203,1.1274226381520203,1.1274226381520203
