obs_gdp,obs_hours,obs_wages,obs_gdpdeflator,obs_corepce,obs_nominalrate,obs_consumption,obs_investment,obs_BBBspread,obs_longinflation,obs_longrate,obs_tfp,obs_gdi,obs_AAAspread,obs_nominalrate1,obs_nominalrate2,obs_nominalrate3,obs_nominalrate4,obs_nominalrate5,obs_nominalrate6
0.5223161803682652,-45.03352107742919,0.5223161803682652,0.4724427428506505,0.49999999999998934,1.234692579683161,0.5223161803682652,0.5223161803682652,0.46920376846800477,0.49999999999998934,1.234692579683161,0.0,0.5223161803682652,0.1174310227768634,1.234692579683161,1.234692579683161,1.234692579683161,1.234692579683161,1.234692579683161,1.234692579683161
