obs_gdp,obs_hours,obs_wages,obs_gdpdeflator,obs_corepce,obs_nominalrate,obs_consumption,obs_investment,obs_BBBspread,obs_longinflation,obs_longrate,obs_tfp,obs_gdi,obs_AAAspread,obs_nominalrate1,obs_nominalrate2,obs_nominalrate3,obs_nominalrate4,obs_nominalrate5,obs_nominalrate6
0.5054302747337314,-45.54823110086583,0.5054302747337314,0.4704617987023595,0.49999999999998934,1.2008819557635109,0.5054302747337314,0.5054302747337314,0.4777939957560063,0.49999999999998934,1.2008819557635109,0.0,0.5054302747337314,0.1174310227768634,1.2008819557635109,1.2008819557635109,1.2008819557635109,1.2008819557635109,1.2008819557635109,1.2008819557635109
