obs_gdp,obs_hours,obs_wages,obs_gdpdeflator,obs_corepce,obs_nominalrate,obs_consumption,obs_investment,obs_BBBspread,obs_longinflation,obs_longrate,obs_tfp,obs_gdi,obs_AAAspread,obs_nominalrate1,obs_nominalrate2,obs_nominalrate3,obs_nominalrate4,obs_nominalrate5,obs_nominalrate6
0.4658433674486595,-47.030662060801035,0.4658433674486595,0.4753567640712415,0.49999999999998934,1.1358300232484853,0.4658433674486595,0.4658433674486595,0.47938899439647126,0.49999999999998934,1.1358300232484853,0.0,0.4658433674486595,0.1174310227768634,1.1358300232484853,1.1358300232484853,1.1358300232484853,1.1358300232484853,1.1358300232484853,1.1358300232484853
