obs_gdp,obs_hours,obs_wages,obs_gdpdeflator,obs_corepce,obs_nominalrate,obs_consumption,obs_investment,obs_BBBspread,obs_longinflation,obs_longrate,obs_tfp,obs_gdi,obs_AAAspread,obs_nominalrate1,obs_nominalrate2,obs_nominalrate3,obs_nominalrate4,obs_nominalrate5,obs_nominalrate6
0.4677542469629037,-47.23082794980536,0.4677542469629037,0.4673810510239934,0.49999999999998934,1.123068459268084,0.4677542469629037,0.4677542469629037,0.48230714794031837,0.49999999999998934,1.123068459268084,0.0,0.4677542469629037,0.1174310227768634,1.123068459268084,1.123068459268084,1.123068459268084,1.123068459268084,1.123068459268084,1.123068459268084
