obs_gdp,obs_hours,obs_wages,obs_gdpdeflator,obs_corepce,obs_nominalrate,obs_consumption,obs_investment,obs_BBBspread,obs_longinflation,obs_longrate,obs_tfp,obs_gdi,obs_AAAspread,obs_nominalrate1,obs_nominalrate2,obs_nominalrate3,obs_nominalrate4,obs_nominalrate5,obs_nominalrate6
0.3688855369640809,-50.5758872659258,0.3688855369640809,0.47599376902253077,0.49999999999998934,1.0151297952748495,0.3688855369640809,0.3688855369640809,0.47632778271722576,0.49999999999998934,1.0151297952748495,0.0,0.3688855369640809,0.1174310227768634,1.0151297952748495,1.0151297952748495,1.0151297952748495,1.0151297952748495,1.0151297952748495,1.0151297952748495
