obs_gdp,obs_hours,obs_wages,obs_gdpdeflator,obs_corepce,obs_nominalrate,obs_consumption,obs_investment,obs_BBBspread,obs_longinflation,obs_longrate,obs_tfp,obs_gdi,obs_AAAspread,obs_nominalrate1,obs_nominalrate2,obs_nominalrate3,obs_nominalrate4,obs_nominalrate5,obs_nominalrate6
0.4929688470259874,-45.982955414935596,0.4929688470259874,0.47050506355569627,0.49999999999998934,1.1742198133922077,0.4929688470259874,0.4929688470259874,0.47593833877711794,0.49999999999998934,1.1742198133922077,0.0,0.4929688470259874,0.1174310227768634,1.1742198133922077,1.1742198133922077,1.1742198133922077,1.1742198133922077,1.1742198133922077,1.1742198133922077
