obs_gdp,obs_hours,obs_wages,obs_gdpdeflator,obs_corepce,obs_nominalrate,obs_consumption,obs_investment,obs_BBBspread,obs_longinflation,obs_longrate,obs_tfp,obs_gdi,obs_AAAspread,obs_nominalrate1,obs_nominalrate2,obs_nominalrate3,obs_nominalrate4,obs_nominalrate5,obs_nominalrate6
0.48745890977595074,-46.215962490159434,0.48745890977595074,0.4728940787228008,0.49999999999998934,1.1872059677244806,0.48745890977595074,0.48745890977595074,0.47117932290501985,0.49999999999998934,1.1872059677244806,0.0,0.48745890977595074,0.1174310227768634,1.1872059677244806,1.1872059677244806,1.1872059677244806,1.1872059677244806,1.1872059677244806,1.1872059677244806
