obs_gdp,obs_hours,obs_wages,obs_gdpdeflator,obs_corepce,obs_nominalrate,obs_consumption,obs_investment,obs_BBBspread,obs_longinflation,obs_longrate,obs_tfp,obs_gdi,obs_AAAspread,obs_nominalrate1,obs_nominalrate2,obs_nominalrate3,obs_nominalrate4,obs_nominalrate5,obs_nominalrate6
0.48445750681636035,-46.22258387291532,0.48445750681636035,0.4701385795138803,0.49999999999998934,1.1687951054183854,0.48445750681636035,0.48445750681636035,0.47367670059377054,0.49999999999998934,1.1687951054183854,0.0,0.48445750681636035,0.1174310227768634,1.1687951054183854,1.1687951054183854,1.1687951054183854,1.1687951054183854,1.1687951054183854,1.1687951054183854
