obs_gdp,obs_hours,obs_wages,obs_gdpdeflator,obs_corepce,obs_nominalrate,obs_consumption,obs_investment,obs_BBBspread,obs_longinflation,obs_longrate,obs_tfp,obs_gdi,obs_AAAspread,obs_nominalrate1,obs_nominalrate2,obs_nominalrate3,obs_nominalrate4,obs_nominalrate5,obs_nominalrate6
0.4496597934103397,-47.395149574881046,0.4496597934103397,0.47124473478371465,0.49999999999998934,1.1107445206224975,0.4496597934103397,0.4496597934103397,0.47693188482272236,0.49999999999998934,1.1107445206224975,0.0,0.4496597934103397,0.1174310227768634,1.1107445206224975,1.1107445206224975,1.1107445206224975,1.1107445206224975,1.1107445206224975,1.1107445206224975
