obs_gdp,obs_hours,obs_wages,obs_gdpdeflator,obs_corepce,obs_nominalrate,obs_consumption,obs_investment,obs_BBBspread,obs_longinflation,obs_longrate,obs_tfp,obs_gdi,obs_AAAspread,obs_nominalrate1,obs_nominalrate2,obs_nominalrate3,obs_nominalrate4,obs_nominalrate5,obs_nominalrate6
0.4596429407709879,-47.04268227661683,0.4596429407709879,0.4695560236787506,0.49999999999998934,1.1253377694572242,0.4596429407709879,0.4596429407709879,0.4801597544215759,0.49999999999998934,1.1253377694572242,0.0,0.4596429407709879,0.1174310227768634,1.1253377694572242,1.1253377694572242,1.1253377694572242,1.1253377694572242,1.1253377694572242,1.1253377694572242
