obs_gdp,obs_hours,obs_wages,obs_gdpdeflator,obs_corepce,obs_nominalrate,obs_consumption,obs_investment,obs_BBBspread,obs_longinflation,obs_longrate,obs_tfp,obs_gdi,obs_AAAspread,obs_nominalrate1,obs_nominalrate2,obs_nominalrate3,obs_nominalrate4,obs_nominalrate5,obs_nominalrate6
0.48085039661169837,-46.6461158712184,0.48085039661169837,0.4665113635609522,0.49999999999998934,1.1420579762722483,0.48085039661169837,0.48085039661169837,0.48589061217921625,0.49999999999998934,1.1420579762722483,0.0,0.48085039661169837,0.1174310227768634,1.1420579762722483,1.1420579762722483,1.1420579762722483,1.1420579762722483,1.1420579762722483,1.1420579762722483
