obs_gdp,obs_hours,obs_wages,obs_gdpdeflator,obs_corepce,obs_nominalrate,obs_consumption,obs_investment,obs_BBBspread,obs_longinflation,obs_longrate,obs_tfp,obs_gdi,obs_AAAspread,obs_nominalrate1,obs_nominalrate2,obs_nominalrate3,obs_nominalrate4,obs_nominalrate5,obs_nominalrate6
0.4882844426761679,-46.05696850121278,0.4882844426761679,0.46879967149425295,0.49999999999998934,1.1753123059311754,0.4882844426761679,0.4882844426761679,0.4789389780444007,0.49999999999998934,1.1753123059311754,0.0,0.4882844426761679,0.1174310227768634,1.1753123059311754,1.1753123059311754,1.1753123059311754,1.1753123059311754,1.1753123059311754,1.1753123059311754
