obs_gdp,obs_hours,obs_wages,obs_gdpdeflator,obs_corepce,obs_nominalrate,obs_consumption,obs_investment,obs_BBBspread,obs_longinflation,obs_longrate,obs_tfp,obs_gdi,obs_AAAspread,obs_nominalrate1,obs_nominalrate2,obs_nominalrate3,obs_nominalrate4,obs_nominalrate5,obs_nominalrate6
0.4666985445724192,-46.673589370161515,0.4666985445724192,0.47217319158775545,0.49999999999998934,1.1402387911255918,0.4666985445724192,0.4666985445724192,0.4825302135266595,0.49999999999998934,1.1402387911255918,0.0,0.4666985445724192,0.1174310227768634,1.1402387911255918,1.1402387911255918,1.1402387911255918,1.1402387911255918,1.1402387911255918,1.1402387911255918
