obs_gdp,obs_hours,obs_wages,obs_gdpdeflator,obs_corepce,obs_nominalrate,obs_consumption,obs_investment,obs_BBBspread,obs_longinflation,obs_longrate,obs_tfp,obs_gdi,obs_AAAspread,obs_nominalrate1,obs_nominalrate2,obs_nominalrate3,obs_nominalrate4,obs_nominalrate5,obs_nominalrate6
0.5248653069735543,-44.60606693384512,0.5248653069735543,0.46582363596536025,0.49999999999998934,1.21991212330943,0.5248653069735543,0.5248653069735543,0.47935259803903,0.49999999999998934,1.21991212330943,0.0,0.5248653069735543,0.1174310227768634,1.21991212330943,1.21991212330943,1.21991212330943,1.21991212330943,1.21991212330943,1.21991212330943
