obs_gdp,obs_hours,obs_wages,obs_gdpdeflator,obs_corepce,obs_nominalrate,obs_consumption,obs_investment,obs_BBBspread,obs_longinflation,obs_longrate,obs_tfp,obs_gdi,obs_AAAspread,obs_nominalrate1,obs_nominalrate2,obs_nominalrate3,obs_nominalrate4,obs_nominalrate5,obs_nominalrate6
0.5127601357574063,-45.37951089951843,0.5127601357574063,0.47298446375279274,0.49999999999998934,1.2240848056718878,0.5127601357574063,0.5127601357574063,0.4693149642656522,0.49999999999998934,1.2240848056718878,0.0,0.5127601357574063,0.1174310227768634,1.2240848056718878,1.2240848056718878,1.2240848056718878,1.2240848056718878,1.2240848056718878,1.2240848056718878
