obs_gdp,obs_hours,obs_wages,obs_gdpdeflator,obs_corepce,obs_nominalrate,obs_consumption,obs_investment,obs_BBBspread,obs_longinflation,obs_longrate,obs_tfp,obs_gdi,obs_AAAspread,obs_nominalrate1,obs_nominalrate2,obs_nominalrate3,obs_nominalrate4,obs_nominalrate5,obs_nominalrate6
0.4675450276617532,-47.057149463016216,0.4675450276617532,0.47039021820498206,0.49999999999998934,1.1367717311112413,0.4675450276617532,0.4675450276617532,0.47247775793584523,0.49999999999998934,1.1367717311112413,0.0,0.4675450276617532,0.1174310227768634,1.1367717311112413,1.1367717311112413,1.1367717311112413,1.1367717311112413,1.1367717311112413,1.1367717311112413
