obs_gdp,obs_hours,obs_wages,obs_gdpdeflator,obs_corepce,obs_nominalrate,obs_consumption,obs_investment,obs_BBBspread,obs_longinflation,obs_longrate,obs_tfp,obs_gdi,obs_AAAspread,obs_nominalrate1,obs_nominalrate2,obs_nominalrate3,obs_nominalrate4,obs_nominalrate5,obs_nominalrate6
0.4628699047732221,-46.98944228254087,0.4628699047732221,0.47068326895145973,0.49999999999998934,1.1309111490163781,0.4628699047732221,0.4628699047732221,0.4762463726123636,0.49999999999998934,1.1309111490163781,0.0,0.4628699047732221,0.1174310227768634,1.1309111490163781,1.1309111490163781,1.1309111490163781,1.1309111490163781,1.1309111490163781,1.1309111490163781
