obs_gdp,obs_hours,obs_wages,obs_gdpdeflator,obs_corepce,obs_nominalrate,obs_consumption,obs_investment,obs_BBBspread,obs_longinflation,obs_longrate,obs_tfp,obs_gdi,obs_AAAspread,obs_nominalrate1,obs_nominalrate2,obs_nominalrate3,obs_nominalrate4,obs_nominalrate5,obs_nominalrate6
0.5099687199533465,-45.29331194979962,0.5099687199533465,0.47441177189495354,0.49999999999998934,1.2303417376552161,0.5099687199533465,0.5099687199533465,0.47231538148102115,0.49999999999998934,1.2303417376552161,0.0,0.5099687199533465,0.1174310227768634,1.2303417376552161,1.2303417376552161,1.2303417376552161,1.2303417376552161,1.2303417376552161,1.2303417376552161
