obs_gdp,obs_hours,obs_wages,obs_gdpdeflator,obs_corepce,obs_nominalrate,obs_consumption,obs_investment,obs_BBBspread,obs_longinflation,obs_longrate,obs_tfp,obs_gdi,obs_AAAspread,obs_nominalrate1,obs_nominalrate2,obs_nominalrate3,obs_nominalrate4,obs_nominalrate5,obs_nominalrate6
0.4688010012500632,-46.93271594069333,0.4688010012500632,0.4710029873928926,0.49999999999998934,1.1438118238295214,0.4688010012500632,0.4688010012500632,0.47333450613387856,0.49999999999998934,1.1438118238295214,0.0,0.4688010012500632,0.1174310227768634,1.1438118238295214,1.1438118238295214,1.1438118238295214,1.1438118238295214,1.1438118238295214,1.1438118238295214
