obs_gdp,obs_hours,obs_wages,obs_gdpdeflator,obs_corepce,obs_nominalrate,obs_consumption,obs_investment,obs_BBBspread,obs_longinflation,obs_longrate,obs_tfp,obs_gdi,obs_AAAspread,obs_nominalrate1,obs_nominalrate2,obs_nominalrate3,obs_nominalrate4,obs_nominalrate5,obs_nominalrate6
0.49866818532122714,-45.81481436112496,0.49866818532122714,0.47079710066733726,0.49999999999998934,1.1882233520148722,0.49866818532122714,0.49866818532122714,0.47837001567115595,0.49999999999998934,1.1882233520148722,0.0,0.49866818532122714,0.1174310227768634,1.1882233520148722,1.1882233520148722,1.1882233520148722,1.1882233520148722,1.1882233520148722,1.1882233520148722
