obs_gdp,obs_hours,obs_wages,obs_gdpdeflator,obs_corepce,obs_nominalrate,obs_consumption,obs_investment,obs_BBBspread,obs_longinflation,obs_longrate,obs_tfp,obs_gdi,obs_AAAspread,obs_nominalrate1,obs_nominalrate2,obs_nominalrate3,obs_nominalrate4,obs_nominalrate5,obs_nominalrate6
0.5143931286830217,-45.194922449628386,0.5143931286830217,0.47046583262734987,0.49999999999998934,1.2128253586019877,0.5143931286830217,0.5143931286830217,0.4765510624887177,0.49999999999998934,1.2128253586019877,0.0,0.5143931286830217,0.1174310227768634,1.2128253586019877,1.2128253586019877,1.2128253586019877,1.2128253586019877,1.2128253586019877,1.2128253586019877
