obs_gdp,obs_hours,obs_wages,obs_gdpdeflator,obs_corepce,obs_nominalrate,obs_consumption,obs_investment,obs_BBBspread,obs_longinflation,obs_longrate,obs_tfp,obs_gdi,obs_AAAspread,obs_nominalrate1,obs_nominalrate2,obs_nominalrate3,obs_nominalrate4,obs_nominalrate5,obs_nominalrate6
0.5040363960203464,-45.3388575459303,0.5040363960203464,0.4664039868479821,0.49999999999998934,1.1950007348220382,0.5040363960203464,0.5040363960203464,0.47806503664283384,0.49999999999998934,1.1950007348220382,0.0,0.5040363960203464,0.1174310227768634,1.1950007348220382,1.1950007348220382,1.1950007348220382,1.1950007348220382,1.1950007348220382,1.1950007348220382
