obs_gdp,obs_hours,obs_wages,obs_gdpdeflator,obs_corepce,obs_nominalrate,obs_consumption,obs_investment,obs_BBBspread,obs_longinflation,obs_longrate,obs_tfp,obs_gdi,obs_AAAspread,obs_nominalrate1,obs_nominalrate2,obs_nominalrate3,obs_nominalrate4,obs_nominalrate5,obs_nominalrate6
0.46481940244060826,-46.89452223610069,0.46481940244060826,0.4693230864888558,0.49999999999998934,1.144671807992359,0.46481940244060826,0.46481940244060826,0.4785953954199382,0.49999999999998934,1.144671807992359,0.0,0.46481940244060826,0.1174310227768634,1.144671807992359,1.144671807992359,1.144671807992359,1.144671807992359,1.144671807992359,1.144671807992359
