obs_gdp,obs_hours,obs_wages,obs_gdpdeflator,obs_corepce,obs_nominalrate,obs_consumption,obs_investment,obs_BBBspread,obs_longinflation,obs_longrate,obs_tfp,obs_gdi,obs_AAAspread,obs_nominalrate1,obs_nominalrate2,obs_nominalrate3,obs_nominalrate4,obs_nominalrate5,obs_nominalrate6
0.46500715158290795,-47.177163128092474,0.46500715158290795,0.46619601242845926,0.49999999999998934,1.1266553508533894,0.46500715158290795,0.46500715158290795,0.4767035602655815,0.49999999999998934,1.1266553508533894,0.0,0.46500715158290795,0.1174310227768634,1.1266553508533894,1.1266553508533894,1.1266553508533894,1.1266553508533894,1.1266553508533894,1.1266553508533894
