obs_gdp,obs_hours,obs_wages,obs_gdpdeflator,obs_corepce,obs_nominalrate,obs_consumption,obs_investment,obs_BBBspread,obs_longinflation,obs_longrate,obs_tfp,obs_gdi,obs_AAAspread,obs_nominalrate1,obs_nominalrate2,obs_nominalrate3,obs_nominalrate4,obs_nominalrate5,obs_nominalrate6
0.50782622389276,-45.50947075082255,0.50782622389276,0.4731159764944948,0.49999999999998934,1.224843762840866,0.50782622389276,0.50782622389276,0.4708525686745547,0.49999999999998934,1.224843762840866,0.0,0.50782622389276,0.1174310227768634,1.224843762840866,1.224843762840866,1.224843762840866,1.224843762840866,1.224843762840866,1.224843762840866
