obs_gdp,obs_hours,obs_wages,obs_gdpdeflator,obs_corepce,obs_nominalrate,obs_consumption,obs_investment,obs_BBBspread,obs_longinflation,obs_longrate,obs_tfp,obs_gdi,obs_AAAspread,obs_nominalrate1,obs_nominalrate2,obs_nominalrate3,obs_nominalrate4,obs_nominalrate5,obs_nominalrate6
0.5052362443312308,-45.68873567163378,0.5052362443312308,0.47362213431244493,0.49999999999998934,1.1942418592337134,0.5052362443312308,0.5052362443312308,0.4756470895419717,0.49999999999998934,1.1942418592337134,0.0,0.5052362443312308,0.1174310227768634,1.1942418592337134,1.1942418592337134,1.1942418592337134,1.1942418592337134,1.1942418592337134,1.1942418592337134
