obs_gdp,obs_hours,obs_wages,obs_gdpdeflator,obs_corepce,obs_nominalrate,obs_consumption,obs_investment,obs_BBBspread,obs_longinflation,obs_longrate,obs_tfp,obs_gdi,obs_AAAspread,obs_nominalrate1,obs_nominalrate2,obs_nominalrate3,obs_nominalrate4,obs_nominalrate5,obs_nominalrate6
0.5120917616992404,-45.33534589170353,0.5120917616992404,0.46997616421621957,0.49999999999998934,1.201360013490671,0.5120917616992404,0.5120917616992404,0.47254516497157223,0.49999999999998934,1.201360013490671,0.0,0.5120917616992404,0.1174310227768634,1.201360013490671,1.201360013490671,1.201360013490671,1.201360013490671,1.201360013490671,1.201360013490671
