obs_gdp,obs_hours,obs_wages,obs_gdpdeflator,obs_corepce,obs_nominalrate,obs_consumption,obs_investment,obs_BBBspread,obs_longinflation,obs_longrate,obs_tfp,obs_gdi,obs_AAAspread,obs_nominalrate1,obs_nominalrate2,obs_nominalrate3,obs_nominalrate4,obs_nominalrate5,obs_nominalrate6
0.49076509658136924,-45.98293318878841,0.49076509658136924,0.4724128854944233,0.49999999999998934,1.1642932210398582,0.49076509658136924,0.49076509658136924,0.4824336009657122,0.49999999999998934,1.1642932210398582,0.0,0.49076509658136924,0.1174310227768634,1.1642932210398582,1.1642932210398582,1.1642932210398582,1.1642932210398582,1.1642932210398582,1.1642932210398582
