obs_gdp,obs_hours,obs_wages,obs_gdpdeflator,obs_corepce,obs_nominalrate,obs_consumption,obs_investment,obs_BBBspread,obs_longinflation,obs_longrate,obs_tfp,obs_gdi,obs_AAAspread,obs_nominalrate1,obs_nominalrate2,obs_nominalrate3,obs_nominalrate4,obs_nominalrate5,obs_nominalrate6
0.43748138937746983,-48.18401103869358,0.43748138937746983,0.47411812952437915,0.49999999999998934,1.0928557868761901,0.43748138937746983,0.43748138937746983,0.4736993153829685,0.49999999999998934,1.0928557868761901,0.0,0.43748138937746983,0.1174310227768634,1.0928557868761901,1.0928557868761901,1.0928557868761901,1.0928557868761901,1.0928557868761901,1.0928557868761901
