obs_gdp,obs_hours,obs_wages,obs_gdpdeflator,obs_corepce,obs_nominalrate,obs_consumption,obs_investment,obs_BBBspread,obs_longinflation,obs_longrate,obs_tfp,obs_gdi,obs_AAAspread,obs_nominalrate1,obs_nominalrate2,obs_nominalrate3,obs_nominalrate4,obs_nominalrate5,obs_nominalrate6
0.5099087153871862,-45.211802696610924,0.5099087153871862,0.46689485170040884,0.49999999999998934,1.1966441493239222,0.5099087153871862,0.5099087153871862,0.4803804252302163,0.49999999999998934,1.1966441493239222,0.0,0.5099087153871862,0.1174310227768634,1.1966441493239222,1.1966441493239222,1.1966441493239222,1.1966441493239222,1.1966441493239222,1.1966441493239222
