obs_gdp,obs_hours,obs_wages,obs_gdpdeflator,obs_corepce,obs_nominalrate,obs_consumption,obs_investment,obs_BBBspread,obs_longinflation,obs_longrate,obs_tfp,obs_gdi,obs_AAAspread,obs_nominalrate1,obs_nominalrate2,obs_nominalrate3,obs_nominalrate4,obs_nominalrate5,obs_nominalrate6
0.5068042794535321,-45.537005197179845,0.5068042794535321,0.4731088535017387,0.49999999999998934,1.2226478127011164,0.5068042794535321,0.5068042794535321,0.4705508317824426,0.49999999999998934,1.2226478127011164,0.0,0.5068042794535321,0.1174310227768634,1.2226478127011164,1.2226478127011164,1.2226478127011164,1.2226478127011164,1.2226478127011164,1.2226478127011164
