obs_gdp,obs_hours,obs_wages,obs_gdpdeflator,obs_corepce,obs_nominalrate,obs_consumption,obs_investment,obs_BBBspread,obs_longinflation,obs_longrate,obs_tfp,obs_gdi,obs_AAAspread,obs_nominalrate1,obs_nominalrate2,obs_nominalrate3,obs_nominalrate4,obs_nominalrate5,obs_nominalrate6
0.45232671445789574,-47.37864559950076,0.45232671445789574,0.47511379042806684,0.49999999999998934,1.163951359177906,0.45232671445789574,0.45232671445789574,0.47303833149961516,0.49999999999998934,1.163951359177906,0.0,0.45232671445789574,0.1174310227768634,1.163951359177906,1.163951359177906,1.163951359177906,1.163951359177906,1.163951359177906,1.163951359177906
