obs_gdp,obs_hours,obs_wages,obs_gdpdeflator,obs_corepce,obs_nominalrate,obs_consumption,obs_investment,obs_BBBspread,obs_longinflation,obs_longrate,obs_tfp,obs_gdi,obs_AAAspread,obs_nominalrate1,obs_nominalrate2,obs_nominalrate3,obs_nominalrate4,obs_nominalrate5,obs_nominalrate6
0.42262091915943323,-48.47083018951251,0.42262091915943323,0.47101871193174644,0.49999999999998934,1.0871933162040603,0.42262091915943323,0.42262091915943323,0.4759203229935842,0.49999999999998934,1.0871933162040603,0.0,0.42262091915943323,0.1174310227768634,1.0871933162040603,1.0871933162040603,1.0871933162040603,1.0871933162040603,1.0871933162040603,1.0871933162040603
