obs_gdp,obs_hours,obs_wages,obs_gdpdeflator,obs_corepce,obs_nominalrate,obs_consumption,obs_investment,obs_BBBspread,obs_longinflation,obs_longrate,obs_tfp,obs_gdi,obs_AAAspread,obs_nominalrate1,obs_nominalrate2,obs_nominalrate3,obs_nominalrate4,obs_nominalrate5,obs_nominalrate6
0.4871108155086956,-46.03077830608841,0.4871108155086956,0.46822623571081734,0.49999999999998934,1.1675392934545004,0.4871108155086956,0.4871108155086956,0.4801100380880572,0.49999999999998934,1.1675392934545004,0.0,0.4871108155086956,0.1174310227768634,1.1675392934545004,1.1675392934545004,1.1675392934545004,1.1675392934545004,1.1675392934545004,1.1675392934545004
