obs_gdp,obs_hours,obs_wages,obs_gdpdeflator,obs_corepce,obs_nominalrate,obs_consumption,obs_investment,obs_BBBspread,obs_longinflation,obs_longrate,obs_tfp,obs_gdi,obs_AAAspread,obs_nominalrate1,obs_nominalrate2,obs_nominalrate3,obs_nominalrate4,obs_nominalrate5,obs_nominalrate6
0.5160139752022896,-44.98722593654838,0.5160139752022896,0.47314009385301875,0.49999999999998934,1.2546057688643364,0.5160139752022896,0.5160139752022896,0.46882160884522855,0.49999999999998934,1.2546057688643364,0.0,0.5160139752022896,0.1174310227768634,1.2546057688643364,1.2546057688643364,1.2546057688643364,1.2546057688643364,1.2546057688643364,1.2546057688643364
