obs_gdp,obs_hours,obs_wages,obs_gdpdeflator,obs_corepce,obs_nominalrate,obs_consumption,obs_investment,obs_BBBspread,obs_longinflation,obs_longrate,obs_tfp,obs_gdi,obs_AAAspread,obs_nominalrate1,obs_nominalrate2,obs_nominalrate3,obs_nominalrate4,obs_nominalrate5,obs_nominalrate6
0.4449845486885984,-47.371264633227874,0.4449845486885984,0.4742160779002826,0.49999999999998934,1.1700364799102303,0.4449845486885984,0.4449845486885984,0.46664114809557056,0.49999999999998934,1.1700364799102303,0.0,0.4449845486885984,0.1174310227768634,1.1700364799102303,1.1700364799102303,1.1700364799102303,1.1700364799102303,1.1700364799102303,1.1700364799102303
