obs_gdp,obs_hours,obs_wages,obs_gdpdeflator,obs_corepce,obs_nominalrate,obs_consumption,obs_investment,obs_BBBspread,obs_longinflation,obs_longrate,obs_tfp,obs_gdi,obs_AAAspread,obs_nominalrate1,obs_nominalrate2,obs_nominalrate3,obs_nominalrate4,obs_nominalrate5,obs_nominalrate6
0.4708100029570339,-46.64968629034718,0.4708100029570339,0.467179044693095,0.49999999999998934,1.1520829736701765,0.4708100029570339,0.4708100029570339,0.4766825499388733,0.49999999999998934,1.1520829736701765,0.0,0.4708100029570339,0.1174310227768634,1.1520829736701765,1.1520829736701765,1.1520829736701765,1.1520829736701765,1.1520829736701765,1.1520829736701765
