obs_gdp,obs_hours,obs_wages,obs_gdpdeflator,obs_corepce,obs_nominalrate,obs_consumption,obs_investment,obs_BBBspread,obs_longinflation,obs_longrate,obs_tfp,obs_gdi,obs_AAAspread,obs_nominalrate1,obs_nominalrate2,obs_nominalrate3,obs_nominalrate4,obs_nominalrate5,obs_nominalrate6
0.4639896773252161,-46.9200611726988,0.4639896773252161,0.4705824244475162,0.49999999999998934,1.1290524611504704,0.4639896773252161,0.4639896773252161,0.48289853742556066,0.49999999999998934,1.1290524611504704,0.0,0.4639896773252161,0.1174310227768634,1.1290524611504704,1.1290524611504704,1.1290524611504704,1.1290524611504704,1.1290524611504704,1.1290524611504704
