obs_gdp,obs_hours,obs_wages,obs_gdpdeflator,obs_corepce,obs_nominalrate,obs_consumption,obs_investment,obs_BBBspread,obs_longinflation,obs_longrate,obs_tfp,obs_gdi,obs_AAAspread,obs_nominalrate1,obs_nominalrate2,obs_nominalrate3,obs_nominalrate4,obs_nominalrate5,obs_nominalrate6
0.46413321134046726,-46.85464009520202,0.46413321134046726,0.4737277228401863,0.49999999999998934,1.1382502686777984,0.46413321134046726,0.46413321134046726,0.47974152912824064,0.49999999999998934,1.1382502686777984,0.0,0.46413321134046726,0.1174310227768634,1.1382502686777984,1.1382502686777984,1.1382502686777984,1.1382502686777984,1.1382502686777984,1.1382502686777984
