obs_gdp,obs_hours,obs_wages,obs_gdpdeflator,obs_corepce,obs_nominalrate,obs_consumption,obs_investment,obs_BBBspread,obs_longinflation,obs_longrate,obs_tfp,obs_gdi,obs_AAAspread,obs_nominalrate1,obs_nominalrate2,obs_nominalrate3,obs_nominalrate4,obs_nominalrate5,obs_nominalrate6
0.5175949984338457,-45.16389846992524,0.5175949984338457,0.46955590212979575,0.49999999999998934,1.207529781336536,0.5175949984338457,0.5175949984338457,0.4710533809582993,0.49999999999998934,1.207529781336536,0.0,0.5175949984338457,0.1174310227768634,1.207529781336536,1.207529781336536,1.207529781336536,1.207529781336536,1.207529781336536,1.207529781336536
