obs_gdp,obs_hours,obs_wages,obs_gdpdeflator,obs_corepce,obs_nominalrate,obs_consumption,obs_investment,obs_BBBspread,obs_longinflation,obs_longrate,obs_tfp,obs_gdi,obs_AAAspread,obs_nominalrate1,obs_nominalrate2,obs_nominalrate3,obs_nominalrate4,obs_nominalrate5,obs_nominalrate6
0.473913846746421,-46.72482949666624,0.473913846746421,0.473966962523975,0.49999999999998934,1.1765645638793787,0.473913846746421,0.473913846746421,0.47309537125849943,0.49999999999998934,1.1765645638793787,0.0,0.473913846746421,0.1174310227768634,1.1765645638793787,1.1765645638793787,1.1765645638793787,1.1765645638793787,1.1765645638793787,1.1765645638793787
