obs_gdp,obs_hours,obs_wages,obs_gdpdeflator,obs_corepce,obs_nominalrate,obs_consumption,obs_investment,obs_BBBspread,obs_longinflation,obs_longrate,obs_tfp,obs_gdi,obs_AAAspread,obs_nominalrate1,obs_nominalrate2,obs_nominalrate3,obs_nominalrate4,obs_nominalrate5,obs_nominalrate6
0.5046705530750817,-45.678052636441286,0.5046705530750817,0.4723103962299544,0.49999999999998934,1.2115961021349486,0.5046705530750817,0.5046705530750817,0.47099826888998503,0.49999999999998934,1.2115961021349486,0.0,0.5046705530750817,0.1174310227768634,1.2115961021349486,1.2115961021349486,1.2115961021349486,1.2115961021349486,1.2115961021349486,1.2115961021349486
