obs_gdp,obs_hours,obs_wages,obs_gdpdeflator,obs_corepce,obs_nominalrate,obs_consumption,obs_investment,obs_BBBspread,obs_longinflation,obs_longrate,obs_tfp,obs_gdi,obs_AAAspread,obs_nominalrate1,obs_nominalrate2,obs_nominalrate3,obs_nominalrate4,obs_nominalrate5,obs_nominalrate6
0.5507294688040343,-43.73812021042614,0.5507294688040343,0.4734830679260419,0.49999999999998934,1.3038777975103333,0.5507294688040343,0.5507294688040343,0.47004143546351096,0.49999999999998934,1.3038777975103333,0.0,0.5507294688040343,0.1174310227768634,1.3038777975103333,1.3038777975103333,1.3038777975103333,1.3038777975103333,1.3038777975103333,1.3038777975103333
