obs_gdp,obs_hours,obs_wages,obs_gdpdeflator,obs_corepce,obs_nominalrate,obs_consumption,obs_investment,obs_BBBspread,obs_longinflation,obs_longrate,obs_tfp,obs_gdi,obs_AAAspread,obs_nominalrate1,obs_nominalrate2,obs_nominalrate3,obs_nominalrate4,obs_nominalrate5,obs_nominalrate6
0.49967092709084504,-45.83072861471773,0.49967092709084504,0.4724081798627963,0.49999999999998934,1.204802772388347,0.49967092709084504,0.49967092709084504,0.470356452479053,0.49999999999998934,1.204802772388347,0.0,0.49967092709084504,0.1174310227768634,1.204802772388347,1.204802772388347,1.204802772388347,1.204802772388347,1.204802772388347,1.204802772388347
