obs_gdp,obs_hours,obs_wages,obs_gdpdeflator,obs_corepce,obs_nominalrate,obs_consumption,obs_investment,obs_BBBspread,obs_longinflation,obs_longrate,obs_tfp,obs_gdi,obs_AAAspread,obs_nominalrate1,obs_nominalrate2,obs_nominalrate3,obs_nominalrate4,obs_nominalrate5,obs_nominalrate6
0.484843475168506,-46.05307491157524,0.484843475168506,0.46678298928932715,0.49999999999998934,1.1671343007439328,0.484843475168506,0.484843475168506,0.4778740475643948,0.49999999999998934,1.1671343007439328,0.0,0.484843475168506,0.1174310227768634,1.1671343007439328,1.1671343007439328,1.1671343007439328,1.1671343007439328,1.1671343007439328,1.1671343007439328
