obs_gdp,obs_hours,obs_wages,obs_gdpdeflator,obs_corepce,obs_nominalrate,obs_consumption,obs_investment,obs_BBBspread,obs_longinflation,obs_longrate,obs_tfp,obs_gdi,obs_AAAspread,obs_nominalrate1,obs_nominalrate2,obs_nominalrate3,obs_nominalrate4,obs_nominalrate5,obs_nominalrate6
0.48237397196082554,-46.06979373884537,0.48237397196082554,0.4714690222870173,0.49999999999998934,1.1644275263800852,0.48237397196082554,0.48237397196082554,0.48154346428919015,0.49999999999998934,1.1644275263800852,0.0,0.48237397196082554,0.1174310227768634,1.1644275263800852,1.1644275263800852,1.1644275263800852,1.1644275263800852,1.1644275263800852,1.1644275263800852
