obs_gdp,obs_hours,obs_wages,obs_gdpdeflator,obs_corepce,obs_nominalrate,obs_consumption,obs_investment,obs_BBBspread,obs_longinflation,obs_longrate,obs_tfp,obs_gdi,obs_AAAspread,obs_nominalrate1,obs_nominalrate2,obs_nominalrate3,obs_nominalrate4,obs_nominalrate5,obs_nominalrate6
0.47815973441820425,-46.61662264483806,0.47815973441820425,0.4699981017684998,0.49999999999998934,1.1529018526744927,0.47815973441820425,0.47815973441820425,0.47271719557277164,0.49999999999998934,1.1529018526744927,0.0,0.47815973441820425,0.1174310227768634,1.1529018526744927,1.1529018526744927,1.1529018526744927,1.1529018526744927,1.1529018526744927,1.1529018526744927
