obs_gdp,obs_hours,obs_wages,obs_gdpdeflator,obs_corepce,obs_nominalrate,obs_consumption,obs_investment,obs_BBBspread,obs_longinflation,obs_longrate,obs_tfp,obs_gdi,obs_AAAspread,obs_nominalrate1,obs_nominalrate2,obs_nominalrate3,obs_nominalrate4,obs_nominalrate5,obs_nominalrate6
0.4149362901992415,-48.354877288185044,0.4149362901992415,0.4743723749582309,0.49999999999998934,1.13098192985861,0.4149362901992415,0.4149362901992415,0.4687051237599769,0.49999999999998934,1.13098192985861,0.0,0.4149362901992415,0.1174310227768634,1.13098192985861,1.13098192985861,1.13098192985861,1.13098192985861,1.13098192985861,1.13098192985861
