obs_gdp,obs_hours,obs_wages,obs_gdpdeflator,obs_corepce,obs_nominalrate,obs_consumption,obs_investment,obs_BBBspread,obs_longinflation,obs_longrate,obs_tfp,obs_gdi,obs_AAAspread,obs_nominalrate1,obs_nominalrate2,obs_nominalrate3,obs_nominalrate4,obs_nominalrate5,obs_nominalrate6
0.49086141746568224,-46.06293988804615,0.49086141746568224,0.47045538172804235,0.49999999999998934,1.1676445954744041,0.49086141746568224,0.49086141746568224,0.473523816568536,0.49999999999998934,1.1676445954744041,0.0,0.49086141746568224,0.1174310227768634,1.1676445954744041,1.1676445954744041,1.1676445954744041,1.1676445954744041,1.1676445954744041,1.1676445954744041
