obs_gdp,obs_hours,obs_wages,obs_gdpdeflator,obs_corepce,obs_nominalrate,obs_consumption,obs_investment,obs_BBBspread,obs_longinflation,obs_longrate,obs_tfp,obs_gdi,obs_AAAspread,obs_nominalrate1,obs_nominalrate2,obs_nominalrate3,obs_nominalrate4,obs_nominalrate5,obs_nominalrate6
0.4921888362442006,-46.077495863284724,0.4921888362442006,0.4685567573135508,0.49999999999998934,1.1605407186596084,0.4921888362442006,0.4921888362442006,0.4853075579652706,0.49999999999998934,1.1605407186596084,0.0,0.4921888362442006,0.1174310227768634,1.1605407186596084,1.1605407186596084,1.1605407186596084,1.1605407186596084,1.1605407186596084,1.1605407186596084
