obs_gdp,obs_hours,obs_wages,obs_gdpdeflator,obs_corepce,obs_nominalrate,obs_consumption,obs_investment,obs_BBBspread,obs_longinflation,obs_longrate,obs_tfp,obs_gdi,obs_AAAspread,obs_nominalrate1,obs_nominalrate2,obs_nominalrate3,obs_nominalrate4,obs_nominalrate5,obs_nominalrate6
0.4911352569679117,-46.17198577334349,0.4911352569679117,0.4733521705111551,0.49999999999998934,1.1969985081265788,0.4911352569679117,0.4911352569679117,0.4684139766256104,0.49999999999998934,1.1969985081265788,0.0,0.4911352569679117,0.1174310227768634,1.1969985081265788,1.1969985081265788,1.1969985081265788,1.1969985081265788,1.1969985081265788,1.1969985081265788
