obs_gdp,obs_hours,obs_wages,obs_gdpdeflator,obs_corepce,obs_nominalrate,obs_consumption,obs_investment,obs_BBBspread,obs_longinflation,obs_longrate,obs_tfp,obs_gdi,obs_AAAspread,obs_nominalrate1,obs_nominalrate2,obs_nominalrate3,obs_nominalrate4,obs_nominalrate5,obs_nominalrate6
0.4486757225161453,-47.35168563814436,0.4486757225161453,0.46844173648129905,0.49999999999998934,1.1174517105446258,0.4486757225161453,0.4486757225161453,0.4793546191360922,0.49999999999998934,1.1174517105446258,0.0,0.4486757225161453,0.1174310227768634,1.1174517105446258,1.1174517105446258,1.1174517105446258,1.1174517105446258,1.1174517105446258,1.1174517105446258
