obs_gdp,obs_hours,obs_wages,obs_gdpdeflator,obs_corepce,obs_nominalrate,obs_consumption,obs_investment,obs_BBBspread,obs_longinflation,obs_longrate,obs_tfp,obs_gdi,obs_AAAspread,obs_nominalrate1,obs_nominalrate2,obs_nominalrate3,obs_nominalrate4,obs_nominalrate5,obs_nominalrate6
0.5005404823487769,-45.66134197940726,0.5005404823487769,0.4741049630828923,0.49999999999998934,1.1872855122990744,0.5005404823487769,0.5005404823487769,0.48094662660567167,0.49999999999998934,1.1872855122990744,0.0,0.5005404823487769,0.1174310227768634,1.1872855122990744,1.1872855122990744,1.1872855122990744,1.1872855122990744,1.1872855122990744,1.1872855122990744
