obs_gdp,obs_hours,obs_wages,obs_gdpdeflator,obs_corepce,obs_nominalrate,obs_consumption,obs_investment,obs_BBBspread,obs_longinflation,obs_longrate,obs_tfp,obs_gdi,obs_AAAspread,obs_nominalrate1,obs_nominalrate2,obs_nominalrate3,obs_nominalrate4,obs_nominalrate5,obs_nominalrate6
0.4856938233488206,-45.946972651915466,0.4856938233488206,0.4740179243938848,0.49999999999998934,1.2204080375952442,0.4856938233488206,0.4856938233488206,0.4676444708883907,0.49999999999998934,1.2204080375952442,0.0,0.4856938233488206,0.1174310227768634,1.2204080375952442,1.2204080375952442,1.2204080375952442,1.2204080375952442,1.2204080375952442,1.2204080375952442
