obs_gdp,obs_hours,obs_wages,obs_gdpdeflator,obs_corepce,obs_nominalrate,obs_consumption,obs_investment,obs_BBBspread,obs_longinflation,obs_longrate,obs_tfp,obs_gdi,obs_AAAspread,obs_nominalrate1,obs_nominalrate2,obs_nominalrate3,obs_nominalrate4,obs_nominalrate5,obs_nominalrate6
0.45211028088478766,-47.30850106333938,0.45211028088478766,0.4690666400269504,0.49999999999998934,1.1296634408747952,0.45211028088478766,0.45211028088478766,0.47741927302611475,0.49999999999998934,1.1296634408747952,0.0,0.45211028088478766,0.1174310227768634,1.1296634408747952,1.1296634408747952,1.1296634408747952,1.1296634408747952,1.1296634408747952,1.1296634408747952
