obs_gdp,obs_hours,obs_wages,obs_gdpdeflator,obs_corepce,obs_nominalrate,obs_consumption,obs_investment,obs_BBBspread,obs_longinflation,obs_longrate,obs_tfp,obs_gdi,obs_AAAspread,obs_nominalrate1,obs_nominalrate2,obs_nominalrate3,obs_nominalrate4,obs_nominalrate5,obs_nominalrate6
0.41461710434176346,-48.54551965556764,0.41461710434176346,0.4756110861463993,0.49999999999998934,1.131584294818988,0.41461710434176346,0.41461710434176346,0.4687343775266107,0.49999999999998934,1.131584294818988,0.0,0.41461710434176346,0.1174310227768634,1.131584294818988,1.131584294818988,1.131584294818988,1.131584294818988,1.131584294818988,1.131584294818988
