obs_gdp,obs_hours,obs_wages,obs_gdpdeflator,obs_corepce,obs_nominalrate,obs_consumption,obs_investment,obs_BBBspread,obs_longinflation,obs_longrate,obs_tfp,obs_gdi,obs_AAAspread,obs_nominalrate1,obs_nominalrate2,obs_nominalrate3,obs_nominalrate4,obs_nominalrate5,obs_nominalrate6
0.4666562934974694,-46.886997930468915,0.4666562934974694,0.4697250028379949,0.49999999999998934,1.1319688497762659,0.4666562934974694,0.4666562934974694,0.48452954379208396,0.49999999999998934,1.1319688497762659,0.0,0.4666562934974694,0.1174310227768634,1.1319688497762659,1.1319688497762659,1.1319688497762659,1.1319688497762659,1.1319688497762659,1.1319688497762659
