obs_gdp,obs_hours,obs_wages,obs_gdpdeflator,obs_corepce,obs_nominalrate,obs_consumption,obs_investment,obs_BBBspread,obs_longinflation,obs_longrate,obs_tfp,obs_gdi,obs_AAAspread,obs_nominalrate1,obs_nominalrate2,obs_nominalrate3,obs_nominalrate4,obs_nominalrate5,obs_nominalrate6
0.5006371971707058,-45.765070351309,0.5006371971707058,0.4718606204354686,0.49999999999998934,1.1975454964299415,0.5006371971707058,0.5006371971707058,0.4734646680065103,0.49999999999998934,1.1975454964299415,0.0,0.5006371971707058,0.1174310227768634,1.1975454964299415,1.1975454964299415,1.1975454964299415,1.1975454964299415,1.1975454964299415,1.1975454964299415
