obs_gdp,obs_hours,obs_wages,obs_gdpdeflator,obs_corepce,obs_nominalrate,obs_consumption,obs_investment,obs_BBBspread,obs_longinflation,obs_longrate,obs_tfp,obs_gdi,obs_AAAspread,obs_nominalrate1,obs_nominalrate2,obs_nominalrate3,obs_nominalrate4,obs_nominalrate5,obs_nominalrate6
0.5220631524531782,-44.77315096394697,0.5220631524531782,0.4729541723445253,0.49999999999998934,1.2645280356868183,0.5220631524531782,0.5220631524531782,0.4697884398222103,0.49999999999998934,1.2645280356868183,0.0,0.5220631524531782,0.1174310227768634,1.2645280356868183,1.2645280356868183,1.2645280356868183,1.2645280356868183,1.2645280356868183,1.2645280356868183
