obs_gdp,obs_hours,obs_wages,obs_gdpdeflator,obs_corepce,obs_nominalrate,obs_consumption,obs_investment,obs_BBBspread,obs_longinflation,obs_longrate,obs_tfp,obs_gdi,obs_AAAspread,obs_nominalrate1,obs_nominalrate2,obs_nominalrate3,obs_nominalrate4,obs_nominalrate5,obs_nominalrate6
0.45783368238103694,-47.09789317830523,0.45783368238103694,0.4691452221948348,0.49999999999998934,1.1364721810074085,0.45783368238103694,0.45783368238103694,0.4774886293492926,0.49999999999998934,1.1364721810074085,0.0,0.45783368238103694,0.1174310227768634,1.1364721810074085,1.1364721810074085,1.1364721810074085,1.1364721810074085,1.1364721810074085,1.1364721810074085
