obs_gdp,obs_hours,obs_wages,obs_gdpdeflator,obs_corepce,obs_nominalrate,obs_consumption,obs_investment,obs_BBBspread,obs_longinflation,obs_longrate,obs_tfp,obs_gdi,obs_AAAspread,obs_nominalrate1,obs_nominalrate2,obs_nominalrate3,obs_nominalrate4,obs_nominalrate5,obs_nominalrate6
0.4708649767614759,-47.10686559035528,0.4708649767614759,0.4668449354929335,0.49999999999998934,1.1268087357294343,0.4708649767614759,0.4708649767614759,0.48257567968799386,0.49999999999998934,1.1268087357294343,0.0,0.4708649767614759,0.1174310227768634,1.1268087357294343,1.1268087357294343,1.1268087357294343,1.1268087357294343,1.1268087357294343,1.1268087357294343
