obs_gdp,obs_hours,obs_wages,obs_gdpdeflator,obs_corepce,obs_nominalrate,obs_consumption,obs_investment,obs_BBBspread,obs_longinflation,obs_longrate,obs_tfp,obs_gdi,obs_AAAspread,obs_nominalrate1,obs_nominalrate2,obs_nominalrate3,obs_nominalrate4,obs_nominalrate5,obs_nominalrate6
0.5184705840000525,-45.03215170878222,0.5184705840000525,0.474156702075421,0.49999999999998934,1.2420857643957506,0.5184705840000525,0.5184705840000525,0.4733462807719334,0.49999999999998934,1.2420857643957506,0.0,0.5184705840000525,0.1174310227768634,1.2420857643957506,1.2420857643957506,1.2420857643957506,1.2420857643957506,1.2420857643957506,1.2420857643957506
