obs_gdp,obs_hours,obs_wages,obs_gdpdeflator,obs_corepce,obs_nominalrate,obs_consumption,obs_investment,obs_BBBspread,obs_longinflation,obs_longrate,obs_tfp,obs_gdi,obs_AAAspread,obs_nominalrate1,obs_nominalrate2,obs_nominalrate3,obs_nominalrate4,obs_nominalrate5,obs_nominalrate6
0.5121259257235833,-45.15440927789694,0.5121259257235833,0.4673055178671941,0.49999999999998934,1.2066176837743248,0.5121259257235833,0.5121259257235833,0.47885103332370477,0.49999999999998934,1.2066176837743248,0.0,0.5121259257235833,0.1174310227768634,1.2066176837743248,1.2066176837743248,1.2066176837743248,1.2066176837743248,1.2066176837743248,1.2066176837743248
