obs_gdp,obs_hours,obs_wages,obs_gdpdeflator,obs_corepce,obs_nominalrate,obs_consumption,obs_investment,obs_BBBspread,obs_longinflation,obs_longrate,obs_tfp,obs_gdi,obs_AAAspread,obs_nominalrate1,obs_nominalrate2,obs_nominalrate3,obs_nominalrate4,obs_nominalrate5,obs_nominalrate6
0.4337005672586214,-48.27760650561096,0.4337005672586214,0.468123902048861,0.49999999999998934,1.0786351808387051,0.4337005672586214,0.4337005672586214,0.48533127763074874,0.49999999999998934,1.0786351808387051,0.0,0.4337005672586214,0.1174310227768634,1.0786351808387051,1.0786351808387051,1.0786351808387051,1.0786351808387051,1.0786351808387051,1.0786351808387051
