obs_gdp,obs_hours,obs_wages,obs_gdpdeflator,obs_corepce,obs_nominalrate,obs_consumption,obs_investment,obs_BBBspread,obs_longinflation,obs_longrate,obs_tfp,obs_gdi,obs_AAAspread,obs_nominalrate1,obs_nominalrate2,obs_nominalrate3,obs_nominalrate4,obs_nominalrate5,obs_nominalrate6
0.44624603251326445,-47.71227557401662,0.44624603251326445,0.4679649897695597,0.49999999999998934,1.0895683641246379,0.44624603251326445,0.44624603251326445,0.48746567844978794,0.49999999999998934,1.0895683641246379,0.0,0.44624603251326445,0.1174310227768634,1.0895683641246379,1.0895683641246379,1.0895683641246379,1.0895683641246379,1.0895683641246379,1.0895683641246379
