obs_gdp,obs_hours,obs_wages,obs_gdpdeflator,obs_corepce,obs_nominalrate,obs_consumption,obs_investment,obs_BBBspread,obs_longinflation,obs_longrate,obs_tfp,obs_gdi,obs_AAAspread,obs_nominalrate1,obs_nominalrate2,obs_nominalrate3,obs_nominalrate4,obs_nominalrate5,obs_nominalrate6
0.4779755854906753,-46.51329648521492,0.4779755854906753,0.47121995747230977,0.49999999999998934,1.1551534282906895,0.4779755854906753,0.4779755854906753,0.47630106899438224,0.49999999999998934,1.1551534282906895,0.0,0.4779755854906753,0.1174310227768634,1.1551534282906895,1.1551534282906895,1.1551534282906895,1.1551534282906895,1.1551534282906895,1.1551534282906895
