obs_gdp,obs_hours,obs_wages,obs_gdpdeflator,obs_corepce,obs_nominalrate,obs_consumption,obs_investment,obs_BBBspread,obs_longinflation,obs_longrate,obs_tfp,obs_gdi,obs_AAAspread,obs_nominalrate1,obs_nominalrate2,obs_nominalrate3,obs_nominalrate4,obs_nominalrate5,obs_nominalrate6
0.5020834821850118,-45.84783031366224,0.5020834821850118,0.4660360843158561,0.49999999999998934,1.169239571027103,0.5020834821850118,0.5020834821850118,0.48416354628069574,0.49999999999998934,1.169239571027103,0.0,0.5020834821850118,0.1174310227768634,1.169239571027103,1.169239571027103,1.169239571027103,1.169239571027103,1.169239571027103,1.169239571027103
