obs_gdp,obs_hours,obs_wages,obs_gdpdeflator,obs_corepce,obs_nominalrate,obs_consumption,obs_investment,obs_BBBspread,obs_longinflation,obs_longrate,obs_tfp,obs_gdi,obs_AAAspread,obs_nominalrate1,obs_nominalrate2,obs_nominalrate3,obs_nominalrate4,obs_nominalrate5,obs_nominalrate6
0.495871302079931,-45.64068315950737,0.495871302079931,0.4712302286486368,0.49999999999998934,1.184291816625449,0.495871302079931,0.495871302079931,0.48144056778421573,0.49999999999998934,1.184291816625449,0.0,0.495871302079931,0.1174310227768634,1.184291816625449,1.184291816625449,1.184291816625449,1.184291816625449,1.184291816625449,1.184291816625449
