obs_gdp,obs_hours,obs_wages,obs_gdpdeflator,obs_corepce,obs_nominalrate,obs_consumption,obs_investment,obs_BBBspread,obs_longinflation,obs_longrate,obs_tfp,obs_gdi,obs_AAAspread,obs_nominalrate1,obs_nominalrate2,obs_nominalrate3,obs_nominalrate4,obs_nominalrate5,obs_nominalrate6
0.4105770955973753,-49.137574422973586,0.4105770955973753,0.46722080056926946,0.49999999999998934,1.0497568901532306,0.4105770955973753,0.4105770955973753,0.4850038205792048,0.49999999999998934,1.0497568901532306,0.0,0.4105770955973753,0.1174310227768634,1.0497568901532306,1.0497568901532306,1.0497568901532306,1.0497568901532306,1.0497568901532306,1.0497568901532306
