obs_gdp,obs_hours,obs_wages,obs_gdpdeflator,obs_corepce,obs_nominalrate,obs_consumption,obs_investment,obs_BBBspread,obs_longinflation,obs_longrate,obs_tfp,obs_gdi,obs_AAAspread,obs_nominalrate1,obs_nominalrate2,obs_nominalrate3,obs_nominalrate4,obs_nominalrate5,obs_nominalrate6
0.44417968228882554,-47.96633647773629,0.44417968228882554,0.46713239313734345,0.49999999999998934,1.0935499895462941,0.44417968228882554,0.44417968228882554,0.48380994236960445,0.49999999999998934,1.0935499895462941,0.0,0.44417968228882554,0.1174310227768634,1.0935499895462941,1.0935499895462941,1.0935499895462941,1.0935499895462941,1.0935499895462941,1.0935499895462941
