obs_gdp,obs_hours,obs_wages,obs_gdpdeflator,obs_corepce,obs_nominalrate,obs_consumption,obs_investment,obs_BBBspread,obs_longinflation,obs_longrate,obs_tfp,obs_gdi,obs_AAAspread,obs_nominalrate1,obs_nominalrate2,obs_nominalrate3,obs_nominalrate4,obs_nominalrate5,obs_nominalrate6
0.45717596983096964,-47.14301514319375,0.45717596983096964,0.4688401572235965,0.49999999999998934,1.1230933059803272,0.45717596983096964,0.45717596983096964,0.47924638131773745,0.49999999999998934,1.1230933059803272,0.0,0.45717596983096964,0.1174310227768634,1.1230933059803272,1.1230933059803272,1.1230933059803272,1.1230933059803272,1.1230933059803272,1.1230933059803272
