obs_gdp,obs_hours,obs_wages,obs_gdpdeflator,obs_corepce,obs_nominalrate,obs_consumption,obs_investment,obs_BBBspread,obs_longinflation,obs_longrate,obs_tfp,obs_gdi,obs_AAAspread,obs_nominalrate1,obs_nominalrate2,obs_nominalrate3,obs_nominalrate4,obs_nominalrate5,obs_nominalrate6
0.46724221824228085,-46.844666081792724,0.46724221824228085,0.4711520875784711,0.49999999999998934,1.13812543542684,0.46724221824228085,0.46724221824228085,0.4791654387152653,0.49999999999998934,1.13812543542684,0.0,0.46724221824228085,0.1174310227768634,1.13812543542684,1.13812543542684,1.13812543542684,1.13812543542684,1.13812543542684,1.13812543542684
