obs_gdp,obs_hours,obs_wages,obs_gdpdeflator,obs_corepce,obs_nominalrate,obs_consumption,obs_investment,obs_BBBspread,obs_longinflation,obs_longrate,obs_tfp,obs_gdi,obs_AAAspread,obs_nominalrate1,obs_nominalrate2,obs_nominalrate3,obs_nominalrate4,obs_nominalrate5,obs_nominalrate6
0.4934387844304666,-45.988334093386676,0.4934387844304666,0.47041123059937595,0.49999999999998934,1.1695210622659102,0.4934387844304666,0.4934387844304666,0.4736259152963855,0.49999999999998934,1.1695210622659102,0.0,0.4934387844304666,0.1174310227768634,1.1695210622659102,1.1695210622659102,1.1695210622659102,1.1695210622659102,1.1695210622659102,1.1695210622659102
