obs_gdp,obs_hours,obs_wages,obs_gdpdeflator,obs_corepce,obs_nominalrate,obs_consumption,obs_investment,obs_BBBspread,obs_longinflation,obs_longrate,obs_tfp,obs_gdi,obs_AAAspread,obs_nominalrate1,obs_nominalrate2,obs_nominalrate3,obs_nominalrate4,obs_nominalrate5,obs_nominalrate6
0.506438997009262,-45.593427665279854,0.506438997009262,0.4668246514298436,0.49999999999998934,1.1760354039095144,0.506438997009262,0.506438997009262,0.4876829044321874,0.49999999999998934,1.1760354039095144,0.0,0.506438997009262,0.1174310227768634,1.1760354039095144,1.1760354039095144,1.1760354039095144,1.1760354039095144,1.1760354039095144,1.1760354039095144
