obs_gdp,obs_hours,obs_wages,obs_gdpdeflator,obs_corepce,obs_nominalrate,obs_consumption,obs_investment,obs_BBBspread,obs_longinflation,obs_longrate,obs_tfp,obs_gdi,obs_AAAspread,obs_nominalrate1,obs_nominalrate2,obs_nominalrate3,obs_nominalrate4,obs_nominalrate5,obs_nominalrate6
0.4760089412022106,-46.458024055447055,0.4760089412022106,0.47380405657380786,0.49999999999998934,1.1480594155296897,0.4760089412022106,0.4760089412022106,0.4816578303173181,0.49999999999998934,1.1480594155296897,0.0,0.4760089412022106,0.1174310227768634,1.1480594155296897,1.1480594155296897,1.1480594155296897,1.1480594155296897,1.1480594155296897,1.1480594155296897
