obs_gdp,obs_hours,obs_wages,obs_gdpdeflator,obs_corepce,obs_nominalrate,obs_consumption,obs_investment,obs_BBBspread,obs_longinflation,obs_longrate,obs_tfp,obs_gdi,obs_AAAspread,obs_nominalrate1,obs_nominalrate2,obs_nominalrate3,obs_nominalrate4,obs_nominalrate5,obs_nominalrate6
0.4536673890759735,-47.22664949772258,0.4536673890759735,0.4708115244436602,0.49999999999998934,1.1246274517424881,0.4536673890759735,0.4536673890759735,0.47361832330592313,0.49999999999998934,1.1246274517424881,0.0,0.4536673890759735,0.1174310227768634,1.1246274517424881,1.1246274517424881,1.1246274517424881,1.1246274517424881,1.1246274517424881,1.1246274517424881
