obs_gdp,obs_hours,obs_wages,obs_gdpdeflator,obs_corepce,obs_nominalrate,obs_consumption,obs_investment,obs_BBBspread,obs_longinflation,obs_longrate,obs_tfp,obs_gdi,obs_AAAspread,obs_nominalrate1,obs_nominalrate2,obs_nominalrate3,obs_nominalrate4,obs_nominalrate5,obs_nominalrate6
0.47484711709206984,-46.52393989463008,0.47484711709206984,0.47524222654185344,0.49999999999998934,1.1954112093531588,0.47484711709206984,0.47484711709206984,0.4727506093577071,0.49999999999998934,1.1954112093531588,0.0,0.47484711709206984,0.1174310227768634,1.1954112093531588,1.1954112093531588,1.1954112093531588,1.1954112093531588,1.1954112093531588,1.1954112093531588
