obs_gdp,obs_hours,obs_wages,obs_gdpdeflator,obs_corepce,obs_nominalrate,obs_consumption,obs_investment,obs_BBBspread,obs_longinflation,obs_longrate,obs_tfp,obs_gdi,obs_AAAspread,obs_nominalrate1,obs_nominalrate2,obs_nominalrate3,obs_nominalrate4,obs_nominalrate5,obs_nominalrate6
0.4722298718251805,-46.717000654827416,0.4722298718251805,0.47379128707532303,0.49999999999998934,1.1786267864952293,0.4722298718251805,0.4722298718251805,0.47043044717930244,0.49999999999998934,1.1786267864952293,0.0,0.4722298718251805,0.1174310227768634,1.1786267864952293,1.1786267864952293,1.1786267864952293,1.1786267864952293,1.1786267864952293,1.1786267864952293
