obs_gdp,obs_hours,obs_wages,obs_gdpdeflator,obs_corepce,obs_nominalrate,obs_consumption,obs_investment,obs_BBBspread,obs_longinflation,obs_longrate,obs_tfp,obs_gdi,obs_AAAspread,obs_nominalrate1,obs_nominalrate2,obs_nominalrate3,obs_nominalrate4,obs_nominalrate5,obs_nominalrate6
0.4359246877776002,-47.85496384828332,0.4359246877776002,0.46950507344227677,0.49999999999998934,1.1002051329287665,0.4359246877776002,0.4359246877776002,0.47771958267021014,0.49999999999998934,1.1002051329287665,0.0,0.4359246877776002,0.1174310227768634,1.1002051329287665,1.1002051329287665,1.1002051329287665,1.1002051329287665,1.1002051329287665,1.1002051329287665
