obs_gdp,obs_hours,obs_wages,obs_gdpdeflator,obs_corepce,obs_nominalrate,obs_consumption,obs_investment,obs_BBBspread,obs_longinflation,obs_longrate,obs_tfp,obs_gdi,obs_AAAspread,obs_nominalrate1,obs_nominalrate2,obs_nominalrate3,obs_nominalrate4,obs_nominalrate5,obs_nominalrate6
0.45772999317519325,-47.19545149353587,0.45772999317519325,0.4703458913694683,0.49999999999998934,1.128760335082113,0.45772999317519325,0.45772999317519325,0.4787445908891462,0.49999999999998934,1.128760335082113,0.0,0.45772999317519325,0.1174310227768634,1.128760335082113,1.128760335082113,1.128760335082113,1.128760335082113,1.128760335082113,1.128760335082113
