obs_gdp,obs_hours,obs_wages,obs_gdpdeflator,obs_corepce,obs_nominalrate,obs_consumption,obs_investment,obs_BBBspread,obs_longinflation,obs_longrate,obs_tfp,obs_gdi,obs_AAAspread,obs_nominalrate1,obs_nominalrate2,obs_nominalrate3,obs_nominalrate4,obs_nominalrate5,obs_nominalrate6
0.5141472721486462,-44.82831255808026,0.5141472721486462,0.47369130745410043,0.49999999999998934,1.2546060157437866,0.5141472721486462,0.5141472721486462,0.4686758705450365,0.49999999999998934,1.2546060157437866,0.0,0.5141472721486462,0.1174310227768634,1.2546060157437866,1.2546060157437866,1.2546060157437866,1.2546060157437866,1.2546060157437866,1.2546060157437866
