obs_gdp,obs_hours,obs_wages,obs_gdpdeflator,obs_corepce,obs_nominalrate,obs_consumption,obs_investment,obs_BBBspread,obs_longinflation,obs_longrate,obs_tfp,obs_gdi,obs_AAAspread,obs_nominalrate1,obs_nominalrate2,obs_nominalrate3,obs_nominalrate4,obs_nominalrate5,obs_nominalrate6
0.43600583707592566,-48.12050809829933,0.43600583707592566,0.4706445539244581,0.49999999999998934,1.0935096721184312,0.43600583707592566,0.43600583707592566,0.47364848807844323,0.49999999999998934,1.0935096721184312,0.0,0.43600583707592566,0.1174310227768634,1.0935096721184312,1.0935096721184312,1.0935096721184312,1.0935096721184312,1.0935096721184312,1.0935096721184312
