obs_gdp,obs_hours,obs_wages,obs_gdpdeflator,obs_corepce,obs_nominalrate,obs_consumption,obs_investment,obs_BBBspread,obs_longinflation,obs_longrate,obs_tfp,obs_gdi,obs_AAAspread,obs_nominalrate1,obs_nominalrate2,obs_nominalrate3,obs_nominalrate4,obs_nominalrate5,obs_nominalrate6
0.4930588650188694,-46.21066761567726,0.4930588650188694,0.46467296019695997,0.49999999999998934,1.1666373914660522,0.4930588650188694,0.4930588650188694,0.4834304423893478,0.49999999999998934,1.1666373914660522,0.0,0.4930588650188694,0.1174310227768634,1.1666373914660522,1.1666373914660522,1.1666373914660522,1.1666373914660522,1.1666373914660522,1.1666373914660522
