obs_gdp,obs_hours,obs_wages,obs_gdpdeflator,obs_corepce,obs_nominalrate,obs_consumption,obs_investment,obs_BBBspread,obs_longinflation,obs_longrate,obs_tfp,obs_gdi,obs_AAAspread,obs_nominalrate1,obs_nominalrate2,obs_nominalrate3,obs_nominalrate4,obs_nominalrate5,obs_nominalrate6
0.4865437747658241,-46.190875970086594,0.4865437747658241,0.47154767609022424,0.49999999999998934,1.1771272722775228,0.4865437747658241,0.4865437747658241,0.4761145192878686,0.49999999999998934,1.1771272722775228,0.0,0.4865437747658241,0.1174310227768634,1.1771272722775228,1.1771272722775228,1.1771272722775228,1.1771272722775228,1.1771272722775228,1.1771272722775228
