obs_gdp,obs_hours,obs_wages,obs_gdpdeflator,obs_corepce,obs_nominalrate,obs_consumption,obs_investment,obs_BBBspread,obs_longinflation,obs_longrate,obs_tfp,obs_gdi,obs_AAAspread,obs_nominalrate1,obs_nominalrate2,obs_nominalrate3,obs_nominalrate4,obs_nominalrate5,obs_nominalrate6
0.4733701845001548,-46.62743526180877,0.4733701845001548,0.47065016431370926,0.49999999999998934,1.1644669596615476,0.4733701845001548,0.4733701845001548,0.47505200632139144,0.49999999999998934,1.1644669596615476,0.0,0.4733701845001548,0.1174310227768634,1.1644669596615476,1.1644669596615476,1.1644669596615476,1.1644669596615476,1.1644669596615476,1.1644669596615476
