obs_gdp,obs_hours,obs_wages,obs_gdpdeflator,obs_corepce,obs_nominalrate,obs_consumption,obs_investment,obs_BBBspread,obs_longinflation,obs_longrate,obs_tfp,obs_gdi,obs_AAAspread,obs_nominalrate1,obs_nominalrate2,obs_nominalrate3,obs_nominalrate4,obs_nominalrate5,obs_nominalrate6
0.4482182680070501,-47.4037886673002,0.4482182680070501,0.4706635386978963,0.49999999999998934,1.1133499396823732,0.4482182680070501,0.4482182680070501,0.4776845071413147,0.49999999999998934,1.1133499396823732,0.0,0.4482182680070501,0.1174310227768634,1.1133499396823732,1.1133499396823732,1.1133499396823732,1.1133499396823732,1.1133499396823732,1.1133499396823732
