obs_gdp,obs_hours,obs_wages,obs_gdpdeflator,obs_corepce,obs_nominalrate,obs_consumption,obs_investment,obs_BBBspread,obs_longinflation,obs_longrate,obs_tfp,obs_gdi,obs_AAAspread,obs_nominalrate1,obs_nominalrate2,obs_nominalrate3,obs_nominalrate4,obs_nominalrate5,obs_nominalrate6
0.47905473037122004,-46.63189948809859,0.47905473037122004,0.47074950291033896,0.49999999999998934,1.1517529786975622,0.47905473037122004,0.47905473037122004,0.47336872283406706,0.49999999999998934,1.1517529786975622,0.0,0.47905473037122004,0.1174310227768634,1.1517529786975622,1.1517529786975622,1.1517529786975622,1.1517529786975622,1.1517529786975622,1.1517529786975622
