obs_gdp,obs_hours,obs_wages,obs_gdpdeflator,obs_corepce,obs_nominalrate,obs_consumption,obs_investment,obs_BBBspread,obs_longinflation,obs_longrate,obs_tfp,obs_gdi,obs_AAAspread,obs_nominalrate1,obs_nominalrate2,obs_nominalrate3,obs_nominalrate4,obs_nominalrate5,obs_nominalrate6
0.47193335808102255,-46.72303373760232,0.47193335808102255,0.4739251850894183,0.49999999999998934,1.1794167149924872,0.47193335808102255,0.47193335808102255,0.4697891235793586,0.49999999999998934,1.1794167149924872,0.0,0.47193335808102255,0.1174310227768634,1.1794167149924872,1.1794167149924872,1.1794167149924872,1.1794167149924872,1.1794167149924872,1.1794167149924872
