obs_gdp,obs_hours,obs_wages,obs_gdpdeflator,obs_corepce,obs_nominalrate,obs_consumption,obs_investment,obs_BBBspread,obs_longinflation,obs_longrate,obs_tfp,obs_gdi,obs_AAAspread,obs_nominalrate1,obs_nominalrate2,obs_nominalrate3,obs_nominalrate4,obs_nominalrate5,obs_nominalrate6
0.486486467477687,-46.2348355555648,0.486486467477687,0.4727546143525777,0.49999999999998934,1.187133326977352,0.486486467477687,0.486486467477687,0.470802454480384,0.49999999999998934,1.187133326977352,0.0,0.486486467477687,0.1174310227768634,1.187133326977352,1.187133326977352,1.187133326977352,1.187133326977352,1.187133326977352,1.187133326977352
