obs_gdp,obs_hours,obs_wages,obs_gdpdeflator,obs_corepce,obs_nominalrate,obs_consumption,obs_investment,obs_BBBspread,obs_longinflation,obs_longrate,obs_tfp,obs_gdi,obs_AAAspread,obs_nominalrate1,obs_nominalrate2,obs_nominalrate3,obs_nominalrate4,obs_nominalrate5,obs_nominalrate6
0.5006534086321901,-45.68891508505593,0.5006534086321901,0.47443743879981204,0.49999999999998934,1.2160872692943858,0.5006534086321901,0.5006534086321901,0.47201120670785757,0.49999999999998934,1.2160872692943858,0.0,0.5006534086321901,0.1174310227768634,1.2160872692943858,1.2160872692943858,1.2160872692943858,1.2160872692943858,1.2160872692943858,1.2160872692943858
