obs_gdp,obs_hours,obs_wages,obs_gdpdeflator,obs_corepce,obs_nominalrate,obs_consumption,obs_investment,obs_BBBspread,obs_longinflation,obs_longrate,obs_tfp,obs_gdi,obs_AAAspread,obs_nominalrate1,obs_nominalrate2,obs_nominalrate3,obs_nominalrate4,obs_nominalrate5,obs_nominalrate6
0.4914038421660605,-45.86946440736338,0.4914038421660605,0.46686264788672177,0.49999999999998934,1.1726458253209504,0.4914038421660605,0.4914038421660605,0.4784890224028472,0.49999999999998934,1.1726458253209504,0.0,0.4914038421660605,0.1174310227768634,1.1726458253209504,1.1726458253209504,1.1726458253209504,1.1726458253209504,1.1726458253209504,1.1726458253209504
