obs_gdp,obs_hours,obs_wages,obs_gdpdeflator,obs_corepce,obs_nominalrate,obs_consumption,obs_investment,obs_BBBspread,obs_longinflation,obs_longrate,obs_tfp,obs_gdi,obs_AAAspread,obs_nominalrate1,obs_nominalrate2,obs_nominalrate3,obs_nominalrate4,obs_nominalrate5,obs_nominalrate6
0.4814156886812082,-46.31144774147134,0.4814156886812082,0.47044444124387175,0.49999999999998934,1.1605116179048913,0.4814156886812082,0.4814156886812082,0.47810177307126045,0.49999999999998934,1.1605116179048913,0.0,0.4814156886812082,0.1174310227768634,1.1605116179048913,1.1605116179048913,1.1605116179048913,1.1605116179048913,1.1605116179048913,1.1605116179048913
