obs_gdp,obs_hours,obs_wages,obs_gdpdeflator,obs_corepce,obs_nominalrate,obs_consumption,obs_investment,obs_BBBspread,obs_longinflation,obs_longrate,obs_tfp,obs_gdi,obs_AAAspread,obs_nominalrate1,obs_nominalrate2,obs_nominalrate3,obs_nominalrate4,obs_nominalrate5,obs_nominalrate6
0.4990248402308328,-45.88639443492909,0.4990248402308328,0.47214557190962914,0.49999999999998934,1.2014642620134186,0.4990248402308328,0.4990248402308328,0.47204144795834363,0.49999999999998934,1.2014642620134186,0.0,0.4990248402308328,0.1174310227768634,1.2014642620134186,1.2014642620134186,1.2014642620134186,1.2014642620134186,1.2014642620134186,1.2014642620134186
