obs_gdp,obs_hours,obs_wages,obs_gdpdeflator,obs_corepce,obs_nominalrate,obs_consumption,obs_investment,obs_BBBspread,obs_longinflation,obs_longrate,obs_tfp,obs_gdi,obs_AAAspread,obs_nominalrate1,obs_nominalrate2,obs_nominalrate3,obs_nominalrate4,obs_nominalrate5,obs_nominalrate6
0.44532632554223905,-48.07134869163664,0.44532632554223905,0.467516700709824,0.49999999999998934,1.0940664510491693,0.44532632554223905,0.44532632554223905,0.4793198523041905,0.49999999999998934,1.0940664510491693,0.0,0.44532632554223905,0.1174310227768634,1.0940664510491693,1.0940664510491693,1.0940664510491693,1.0940664510491693,1.0940664510491693,1.0940664510491693
