obs_gdp,obs_hours,obs_wages,obs_gdpdeflator,obs_corepce,obs_nominalrate,obs_consumption,obs_investment,obs_BBBspread,obs_longinflation,obs_longrate,obs_tfp,obs_gdi,obs_AAAspread,obs_nominalrate1,obs_nominalrate2,obs_nominalrate3,obs_nominalrate4,obs_nominalrate5,obs_nominalrate6
0.4379457626324301,-48.173370741816626,0.4379457626324301,0.4669638464664735,0.49999999999998934,1.0802709960811896,0.4379457626324301,0.4379457626324301,0.48625928013717584,0.49999999999998934,1.0802709960811896,0.0,0.4379457626324301,0.1174310227768634,1.0802709960811896,1.0802709960811896,1.0802709960811896,1.0802709960811896,1.0802709960811896,1.0802709960811896
