obs_gdp,obs_hours,obs_wages,obs_gdpdeflator,obs_corepce,obs_nominalrate,obs_consumption,obs_investment,obs_BBBspread,obs_longinflation,obs_longrate,obs_tfp,obs_gdi,obs_AAAspread,obs_nominalrate1,obs_nominalrate2,obs_nominalrate3,obs_nominalrate4,obs_nominalrate5,obs_nominalrate6
0.5259123817971112,-44.73266805044976,0.5259123817971112,0.46993076749279666,0.49999999999998934,1.2294660353562525,0.5259123817971112,0.5259123817971112,0.4758975994294625,0.49999999999998934,1.2294660353562525,0.0,0.5259123817971112,0.1174310227768634,1.2294660353562525,1.2294660353562525,1.2294660353562525,1.2294660353562525,1.2294660353562525,1.2294660353562525
