obs_gdp,obs_hours,obs_wages,obs_gdpdeflator,obs_corepce,obs_nominalrate,obs_consumption,obs_investment,obs_BBBspread,obs_longinflation,obs_longrate,obs_tfp,obs_gdi,obs_AAAspread,obs_nominalrate1,obs_nominalrate2,obs_nominalrate3,obs_nominalrate4,obs_nominalrate5,obs_nominalrate6
0.4492752259087629,-47.74856931845418,0.4492752259087629,0.4667807343801347,0.49999999999998934,1.1075405721330922,0.4492752259087629,0.4492752259087629,0.4775817738969853,0.49999999999998934,1.1075405721330922,0.0,0.4492752259087629,0.1174310227768634,1.1075405721330922,1.1075405721330922,1.1075405721330922,1.1075405721330922,1.1075405721330922,1.1075405721330922
