obs_gdp,obs_hours,obs_wages,obs_gdpdeflator,obs_corepce,obs_nominalrate,obs_consumption,obs_investment,obs_BBBspread,obs_longinflation,obs_longrate,obs_tfp,obs_gdi,obs_AAAspread,obs_nominalrate1,obs_nominalrate2,obs_nominalrate3,obs_nominalrate4,obs_nominalrate5,obs_nominalrate6
0.5224111256645125,-44.9156029262162,0.5224111256645125,0.4700862157428721,0.49999999999998934,1.2243611120804632,0.5224111256645125,0.5224111256645125,0.4780377067141829,0.49999999999998934,1.2243611120804632,0.0,0.5224111256645125,0.1174310227768634,1.2243611120804632,1.2243611120804632,1.2243611120804632,1.2243611120804632,1.2243611120804632,1.2243611120804632
