obs_gdp,obs_hours,obs_wages,obs_gdpdeflator,obs_corepce,obs_nominalrate,obs_consumption,obs_investment,obs_BBBspread,obs_longinflation,obs_longrate,obs_tfp,obs_gdi,obs_AAAspread,obs_nominalrate1,obs_nominalrate2,obs_nominalrate3,obs_nominalrate4,obs_nominalrate5,obs_nominalrate6
0.4213085247942505,-48.32394562290348,0.4213085247942505,0.46866842083949023,0.49999999999998934,1.0846242721987753,0.4213085247942505,0.4213085247942505,0.4806251883524931,0.49999999999998934,1.0846242721987753,0.0,0.4213085247942505,0.1174310227768634,1.0846242721987753,1.0846242721987753,1.0846242721987753,1.0846242721987753,1.0846242721987753,1.0846242721987753
