obs_gdp,obs_hours,obs_wages,obs_gdpdeflator,obs_corepce,obs_nominalrate,obs_consumption,obs_investment,obs_BBBspread,obs_longinflation,obs_longrate,obs_tfp,obs_gdi,obs_AAAspread,obs_nominalrate1,obs_nominalrate2,obs_nominalrate3,obs_nominalrate4,obs_nominalrate5,obs_nominalrate6
0.49737170911337003,-45.901414938706736,0.49737170911337003,0.47053841047162914,0.49999999999998934,1.1807821866787194,0.49737170911337003,0.49737170911337003,0.47247739223848456,0.49999999999998934,1.1807821866787194,0.0,0.49737170911337003,0.1174310227768634,1.1807821866787194,1.1807821866787194,1.1807821866787194,1.1807821866787194,1.1807821866787194,1.1807821866787194
