obs_gdp,obs_hours,obs_wages,obs_gdpdeflator,obs_corepce,obs_nominalrate,obs_consumption,obs_investment,obs_BBBspread,obs_longinflation,obs_longrate,obs_tfp,obs_gdi,obs_AAAspread,obs_nominalrate1,obs_nominalrate2,obs_nominalrate3,obs_nominalrate4,obs_nominalrate5,obs_nominalrate6
0.4269304084665748,-48.37315667266106,0.4269304084665748,0.47156188196654036,0.49999999999998934,1.0902396870545727,0.4269304084665748,0.4269304084665748,0.4706294221593783,0.49999999999998934,1.0902396870545727,0.0,0.4269304084665748,0.1174310227768634,1.0902396870545727,1.0902396870545727,1.0902396870545727,1.0902396870545727,1.0902396870545727,1.0902396870545727
