obs_gdp,obs_hours,obs_wages,obs_gdpdeflator,obs_corepce,obs_nominalrate,obs_consumption,obs_investment,obs_BBBspread,obs_longinflation,obs_longrate,obs_tfp,obs_gdi,obs_AAAspread,obs_nominalrate1,obs_nominalrate2,obs_nominalrate3,obs_nominalrate4,obs_nominalrate5,obs_nominalrate6
0.37865635613625326,-50.19743009516214,0.37865635613625326,0.47616874398091213,0.49999999999998934,1.0280736903113041,0.37865635613625326,0.37865635613625326,0.47653361046142106,0.49999999999998934,1.0280736903113041,0.0,0.37865635613625326,0.1174310227768634,1.0280736903113041,1.0280736903113041,1.0280736903113041,1.0280736903113041,1.0280736903113041,1.0280736903113041
