obs_gdp,obs_hours,obs_wages,obs_gdpdeflator,obs_corepce,obs_nominalrate,obs_consumption,obs_investment,obs_BBBspread,obs_longinflation,obs_longrate,obs_tfp,obs_gdi,obs_AAAspread,obs_nominalrate1,obs_nominalrate2,obs_nominalrate3,obs_nominalrate4,obs_nominalrate5,obs_nominalrate6
0.48782659892614433,-46.25039018953987,0.48782659892614433,0.47357050740864487,0.49999999999998934,1.196052389465141,0.48782659892614433,0.48782659892614433,0.4683359505510354,0.49999999999998934,1.196052389465141,0.0,0.48782659892614433,0.1174310227768634,1.196052389465141,1.196052389465141,1.196052389465141,1.196052389465141,1.196052389465141,1.196052389465141
