obs_gdp,obs_hours,obs_wages,obs_gdpdeflator,obs_corepce,obs_nominalrate,obs_consumption,obs_investment,obs_BBBspread,obs_longinflation,obs_longrate,obs_tfp,obs_gdi,obs_AAAspread,obs_nominalrate1,obs_nominalrate2,obs_nominalrate3,obs_nominalrate4,obs_nominalrate5,obs_nominalrate6
0.4182648951748469,-48.664174962952266,0.4182648951748469,0.47073966496614444,0.49999999999998934,1.0769499224996482,0.4182648951748469,0.4182648951748469,0.478960322690874,0.49999999999998934,1.0769499224996482,0.0,0.4182648951748469,0.1174310227768634,1.0769499224996482,1.0769499224996482,1.0769499224996482,1.0769499224996482,1.0769499224996482,1.0769499224996482
