obs_gdp,obs_hours,obs_wages,obs_gdpdeflator,obs_corepce,obs_nominalrate,obs_consumption,obs_investment,obs_BBBspread,obs_longinflation,obs_longrate,obs_tfp,obs_gdi,obs_AAAspread,obs_nominalrate1,obs_nominalrate2,obs_nominalrate3,obs_nominalrate4,obs_nominalrate5,obs_nominalrate6
0.469998245231773,-46.56734523091888,0.469998245231773,0.4683089025493965,0.49999999999998934,1.1463354391285874,0.469998245231773,0.469998245231773,0.47929007228951864,0.49999999999998934,1.1463354391285874,0.0,0.469998245231773,0.1174310227768634,1.1463354391285874,1.1463354391285874,1.1463354391285874,1.1463354391285874,1.1463354391285874,1.1463354391285874
