obs_gdp,obs_hours,obs_wages,obs_gdpdeflator,obs_corepce,obs_nominalrate,obs_consumption,obs_investment,obs_BBBspread,obs_longinflation,obs_longrate,obs_tfp,obs_gdi,obs_AAAspread,obs_nominalrate1,obs_nominalrate2,obs_nominalrate3,obs_nominalrate4,obs_nominalrate5,obs_nominalrate6
0.4938215973021354,-45.72933407318405,0.4938215973021354,0.46816720587052374,0.49999999999998934,1.1799322398515777,0.4938215973021354,0.4938215973021354,0.4786721041793647,0.49999999999998934,1.1799322398515777,0.0,0.4938215973021354,0.1174310227768634,1.1799322398515777,1.1799322398515777,1.1799322398515777,1.1799322398515777,1.1799322398515777,1.1799322398515777
