obs_gdp,obs_hours,obs_wages,obs_gdpdeflator,obs_corepce,obs_nominalrate,obs_consumption,obs_investment,obs_BBBspread,obs_longinflation,obs_longrate,obs_tfp,obs_gdi,obs_AAAspread,obs_nominalrate1,obs_nominalrate2,obs_nominalrate3,obs_nominalrate4,obs_nominalrate5,obs_nominalrate6
0.4797607694984274,-46.47177678809585,0.4797607694984274,0.4717511954390151,0.49999999999998934,1.1672006283790948,0.4797607694984274,0.4797607694984274,0.4769163674311216,0.49999999999998934,1.1672006283790948,0.0,0.4797607694984274,0.1174310227768634,1.1672006283790948,1.1672006283790948,1.1672006283790948,1.1672006283790948,1.1672006283790948,1.1672006283790948
