obs_gdp,obs_hours,obs_wages,obs_gdpdeflator,obs_corepce,obs_nominalrate,obs_consumption,obs_investment,obs_BBBspread,obs_longinflation,obs_longrate,obs_tfp,obs_gdi,obs_AAAspread,obs_nominalrate1,obs_nominalrate2,obs_nominalrate3,obs_nominalrate4,obs_nominalrate5,obs_nominalrate6
0.4607367962001341,-47.11654641224569,0.4607367962001341,0.47520678588500914,0.49999999999998934,1.1718607188144325,0.4607367962001341,0.4607367962001341,0.4743219957977716,0.49999999999998934,1.1718607188144325,0.0,0.4607367962001341,0.1174310227768634,1.1718607188144325,1.1718607188144325,1.1718607188144325,1.1718607188144325,1.1718607188144325,1.1718607188144325
