obs_gdp,obs_hours,obs_wages,obs_gdpdeflator,obs_corepce,obs_nominalrate,obs_consumption,obs_investment,obs_BBBspread,obs_longinflation,obs_longrate,obs_tfp,obs_gdi,obs_AAAspread,obs_nominalrate1,obs_nominalrate2,obs_nominalrate3,obs_nominalrate4,obs_nominalrate5,obs_nominalrate6
0.4704429551974254,-46.54507165415619,0.4704429551974254,0.4734105242215374,0.49999999999998934,1.1982632465716625,0.4704429551974254,0.4704429551974254,0.4678277561802047,0.49999999999998934,1.1982632465716625,0.0,0.4704429551974254,0.1174310227768634,1.1982632465716625,1.1982632465716625,1.1982632465716625,1.1982632465716625,1.1982632465716625,1.1982632465716625
