obs_gdp,obs_hours,obs_wages,obs_gdpdeflator,obs_corepce,obs_nominalrate,obs_consumption,obs_investment,obs_BBBspread,obs_longinflation,obs_longrate,obs_tfp,obs_gdi,obs_AAAspread,obs_nominalrate1,obs_nominalrate2,obs_nominalrate3,obs_nominalrate4,obs_nominalrate5,obs_nominalrate6
0.4728522876942254,-46.71334585017703,0.4728522876942254,0.47296711014173254,0.49999999999998934,1.1710126958358824,0.4728522876942254,0.4728522876942254,0.47109090283710775,0.49999999999998934,1.1710126958358824,0.0,0.4728522876942254,0.1174310227768634,1.1710126958358824,1.1710126958358824,1.1710126958358824,1.1710126958358824,1.1710126958358824,1.1710126958358824
