obs_gdp,obs_hours,obs_wages,obs_gdpdeflator,obs_corepce,obs_nominalrate,obs_consumption,obs_investment,obs_BBBspread,obs_longinflation,obs_longrate,obs_tfp,obs_gdi,obs_AAAspread,obs_nominalrate1,obs_nominalrate2,obs_nominalrate3,obs_nominalrate4,obs_nominalrate5,obs_nominalrate6
0.4501978968221909,-47.34455082086679,0.4501978968221909,0.46980603831971535,0.49999999999998934,1.1161949963520268,0.4501978968221909,0.4501978968221909,0.4797361407071585,0.49999999999998934,1.1161949963520268,0.0,0.4501978968221909,0.1174310227768634,1.1161949963520268,1.1161949963520268,1.1161949963520268,1.1161949963520268,1.1161949963520268,1.1161949963520268
