obs_gdp,obs_hours,obs_wages,obs_gdpdeflator,obs_corepce,obs_nominalrate,obs_consumption,obs_investment,obs_BBBspread,obs_longinflation,obs_longrate,obs_tfp,obs_gdi,obs_AAAspread,obs_nominalrate1,obs_nominalrate2,obs_nominalrate3,obs_nominalrate4,obs_nominalrate5,obs_nominalrate6
0.5435672740875308,-44.44895041856368,0.5435672740875308,0.47033695551097693,0.49999999999998934,1.2406387155454723,0.5435672740875308,0.5435672740875308,0.47405923745825485,0.49999999999998934,1.2406387155454723,0.0,0.5435672740875308,0.1174310227768634,1.2406387155454723,1.2406387155454723,1.2406387155454723,1.2406387155454723,1.2406387155454723,1.2406387155454723
