obs_gdp,obs_hours,obs_wages,obs_gdpdeflator,obs_corepce,obs_nominalrate,obs_consumption,obs_investment,obs_BBBspread,obs_longinflation,obs_longrate,obs_tfp,obs_gdi,obs_AAAspread,obs_nominalrate1,obs_nominalrate2,obs_nominalrate3,obs_nominalrate4,obs_nominalrate5,obs_nominalrate6
0.45827458184446446,-47.33223410722913,0.45827458184446446,0.4707361381853633,0.49999999999998934,1.119230017556272,0.45827458184446446,0.45827458184446446,0.4741353326945738,0.49999999999998934,1.119230017556272,0.0,0.45827458184446446,0.1174310227768634,1.119230017556272,1.119230017556272,1.119230017556272,1.119230017556272,1.119230017556272,1.119230017556272
