obs_gdp,obs_hours,obs_wages,obs_gdpdeflator,obs_corepce,obs_nominalrate,obs_consumption,obs_investment,obs_BBBspread,obs_longinflation,obs_longrate,obs_tfp,obs_gdi,obs_AAAspread,obs_nominalrate1,obs_nominalrate2,obs_nominalrate3,obs_nominalrate4,obs_nominalrate5,obs_nominalrate6
0.5116509984828266,-45.51285622041226,0.5116509984828266,0.4654150532455601,0.49999999999998934,1.1844886895441276,0.5116509984828266,0.5116509984828266,0.4826698754604884,0.49999999999998934,1.1844886895441276,0.0,0.5116509984828266,0.1174310227768634,1.1844886895441276,1.1844886895441276,1.1844886895441276,1.1844886895441276,1.1844886895441276,1.1844886895441276
