obs_gdp,obs_hours,obs_wages,obs_gdpdeflator,obs_corepce,obs_nominalrate,obs_consumption,obs_investment,obs_BBBspread,obs_longinflation,obs_longrate,obs_tfp,obs_gdi,obs_AAAspread,obs_nominalrate1,obs_nominalrate2,obs_nominalrate3,obs_nominalrate4,obs_nominalrate5,obs_nominalrate6
0.4226443604827823,-48.385545535272826,0.4226443604827823,0.4712603822151161,0.49999999999998934,1.0848173010009177,0.4226443604827823,0.4226443604827823,0.47330320554048605,0.49999999999998934,1.0848173010009177,0.0,0.4226443604827823,0.1174310227768634,1.0848173010009177,1.0848173010009177,1.0848173010009177,1.0848173010009177,1.0848173010009177,1.0848173010009177
