obs_gdp,obs_hours,obs_wages,obs_gdpdeflator,obs_corepce,obs_nominalrate,obs_consumption,obs_investment,obs_BBBspread,obs_longinflation,obs_longrate,obs_tfp,obs_gdi,obs_AAAspread,obs_nominalrate1,obs_nominalrate2,obs_nominalrate3,obs_nominalrate4,obs_nominalrate5,obs_nominalrate6
0.4337778959298433,-48.049870968637684,0.4337778959298433,0.47110109099761727,0.49999999999998934,1.0914975419016093,0.4337778959298433,0.4337778959298433,0.4758083701153308,0.49999999999998934,1.0914975419016093,0.0,0.4337778959298433,0.1174310227768634,1.0914975419016093,1.0914975419016093,1.0914975419016093,1.0914975419016093,1.0914975419016093,1.0914975419016093
