obs_gdp,obs_hours,obs_wages,obs_gdpdeflator,obs_corepce,obs_nominalrate,obs_consumption,obs_investment,obs_BBBspread,obs_longinflation,obs_longrate,obs_tfp,obs_gdi,obs_AAAspread,obs_nominalrate1,obs_nominalrate2,obs_nominalrate3,obs_nominalrate4,obs_nominalrate5,obs_nominalrate6
0.5000342260669255,-45.768837115003244,0.5000342260669255,0.46958986690152715,0.49999999999998934,1.1814672754925315,0.5000342260669255,0.5000342260669255,0.47275176234011473,0.49999999999998934,1.1814672754925315,0.0,0.5000342260669255,0.1174310227768634,1.1814672754925315,1.1814672754925315,1.1814672754925315,1.1814672754925315,1.1814672754925315,1.1814672754925315
