obs_gdp,obs_hours,obs_wages,obs_gdpdeflator,obs_corepce,obs_nominalrate,obs_consumption,obs_investment,obs_BBBspread,obs_longinflation,obs_longrate,obs_tfp,obs_gdi,obs_AAAspread,obs_nominalrate1,obs_nominalrate2,obs_nominalrate3,obs_nominalrate4,obs_nominalrate5,obs_nominalrate6
0.42008106915965016,-48.369496959633565,0.42008106915965016,0.46890779545666617,0.49999999999998934,1.0856604056836305,0.42008106915965016,0.42008106915965016,0.47895047307133126,0.49999999999998934,1.0856604056836305,0.0,0.42008106915965016,0.1174310227768634,1.0856604056836305,1.0856604056836305,1.0856604056836305,1.0856604056836305,1.0856604056836305,1.0856604056836305
