obs_gdp,obs_hours,obs_wages,obs_gdpdeflator,obs_corepce,obs_nominalrate,obs_consumption,obs_investment,obs_BBBspread,obs_longinflation,obs_longrate,obs_tfp,obs_gdi,obs_AAAspread,obs_nominalrate1,obs_nominalrate2,obs_nominalrate3,obs_nominalrate4,obs_nominalrate5,obs_nominalrate6
0.4923741550237448,-45.547942586118694,0.4923741550237448,0.47384797535100076,0.49999999999998934,1.226686477092076,0.4923741550237448,0.4923741550237448,0.46814508761730417,0.49999999999998934,1.226686477092076,0.0,0.4923741550237448,0.1174310227768634,1.226686477092076,1.226686477092076,1.226686477092076,1.226686477092076,1.226686477092076,1.226686477092076
