obs_gdp,obs_hours,obs_wages,obs_gdpdeflator,obs_corepce,obs_nominalrate,obs_consumption,obs_investment,obs_BBBspread,obs_longinflation,obs_longrate,obs_tfp,obs_gdi,obs_AAAspread,obs_nominalrate1,obs_nominalrate2,obs_nominalrate3,obs_nominalrate4,obs_nominalrate5,obs_nominalrate6
0.4491716577295968,-47.42311324766642,0.4491716577295968,0.46872487833091336,0.49999999999998934,1.1171481086294177,0.4491716577295968,0.4491716577295968,0.47940994101709367,0.49999999999998934,1.1171481086294177,0.0,0.4491716577295968,0.1174310227768634,1.1171481086294177,1.1171481086294177,1.1171481086294177,1.1171481086294177,1.1171481086294177,1.1171481086294177
