obs_gdp,obs_hours,obs_wages,obs_gdpdeflator,obs_corepce,obs_nominalrate,obs_consumption,obs_investment,obs_BBBspread,obs_longinflation,obs_longrate,obs_tfp,obs_gdi,obs_AAAspread,obs_nominalrate1,obs_nominalrate2,obs_nominalrate3,obs_nominalrate4,obs_nominalrate5,obs_nominalrate6
0.44979721403191064,-47.34968949028048,0.44979721403191064,0.4688304519935271,0.49999999999998934,1.1266382389753193,0.44979721403191064,0.44979721403191064,0.47835932671076553,0.49999999999998934,1.1266382389753193,0.0,0.44979721403191064,0.1174310227768634,1.1266382389753193,1.1266382389753193,1.1266382389753193,1.1266382389753193,1.1266382389753193,1.1266382389753193
