obs_gdp,obs_hours,obs_wages,obs_gdpdeflator,obs_corepce,obs_nominalrate,obs_consumption,obs_investment,obs_BBBspread,obs_longinflation,obs_longrate,obs_tfp,obs_gdi,obs_AAAspread,obs_nominalrate1,obs_nominalrate2,obs_nominalrate3,obs_nominalrate4,obs_nominalrate5,obs_nominalrate6
0.4780118059334981,-46.591503150350306,0.4780118059334981,0.47412208977079273,0.49999999999998934,1.1837998411514894,0.4780118059334981,0.4780118059334981,0.4697109078617463,0.49999999999998934,1.1837998411514894,0.0,0.4780118059334981,0.1174310227768634,1.1837998411514894,1.1837998411514894,1.1837998411514894,1.1837998411514894,1.1837998411514894,1.1837998411514894
