obs_gdp,obs_hours,obs_wages,obs_gdpdeflator,obs_corepce,obs_nominalrate,obs_consumption,obs_investment,obs_BBBspread,obs_longinflation,obs_longrate,obs_tfp,obs_gdi,obs_AAAspread,obs_nominalrate1,obs_nominalrate2,obs_nominalrate3,obs_nominalrate4,obs_nominalrate5,obs_nominalrate6
0.47093645518492266,-46.56715113048476,0.47093645518492266,0.47319453793596533,0.49999999999998934,1.1998115200893,0.47093645518492266,0.47093645518492266,0.46802221409054423,0.49999999999998934,1.1998115200893,0.0,0.47093645518492266,0.1174310227768634,1.1998115200893,1.1998115200893,1.1998115200893,1.1998115200893,1.1998115200893,1.1998115200893
