obs_gdp,obs_hours,obs_wages,obs_gdpdeflator,obs_corepce,obs_nominalrate,obs_consumption,obs_investment,obs_BBBspread,obs_longinflation,obs_longrate,obs_tfp,obs_gdi,obs_AAAspread,obs_nominalrate1,obs_nominalrate2,obs_nominalrate3,obs_nominalrate4,obs_nominalrate5,obs_nominalrate6
0.5090071099825177,-45.4408174442547,0.5090071099825177,0.47349973920767374,0.49999999999998934,1.2250540372346963,0.5090071099825177,0.5090071099825177,0.46927391504464866,0.49999999999998934,1.2250540372346963,0.0,0.5090071099825177,0.1174310227768634,1.2250540372346963,1.2250540372346963,1.2250540372346963,1.2250540372346963,1.2250540372346963,1.2250540372346963
