obs_gdp,obs_hours,obs_wages,obs_gdpdeflator,obs_corepce,obs_nominalrate,obs_consumption,obs_investment,obs_BBBspread,obs_longinflation,obs_longrate,obs_tfp,obs_gdi,obs_AAAspread,obs_nominalrate1,obs_nominalrate2,obs_nominalrate3,obs_nominalrate4,obs_nominalrate5,obs_nominalrate6
0.4373240393100275,-48.37931082003464,0.4373240393100275,0.46664009307337523,0.49999999999998934,1.0839480286541914,0.4373240393100275,0.4373240393100275,0.4808332797243695,0.49999999999998934,1.0839480286541914,0.0,0.4373240393100275,0.1174310227768634,1.0839480286541914,1.0839480286541914,1.0839480286541914,1.0839480286541914,1.0839480286541914,1.0839480286541914
