obs_gdp,obs_hours,obs_wages,obs_gdpdeflator,obs_corepce,obs_nominalrate,obs_consumption,obs_investment,obs_BBBspread,obs_longinflation,obs_longrate,obs_tfp,obs_gdi,obs_AAAspread,obs_nominalrate1,obs_nominalrate2,obs_nominalrate3,obs_nominalrate4,obs_nominalrate5,obs_nominalrate6
0.3970398890469573,-49.43829055534812,0.3970398890469573,0.4759779156064511,0.49999999999998934,1.0955052876384652,0.3970398890469573,0.3970398890469573,0.4748999489984376,0.49999999999998934,1.0955052876384652,0.0,0.3970398890469573,0.1174310227768634,1.0955052876384652,1.0955052876384652,1.0955052876384652,1.0955052876384652,1.0955052876384652,1.0955052876384652
