obs_gdp,obs_hours,obs_wages,obs_gdpdeflator,obs_corepce,obs_nominalrate,obs_consumption,obs_investment,obs_BBBspread,obs_longinflation,obs_longrate,obs_tfp,obs_gdi,obs_AAAspread,obs_nominalrate1,obs_nominalrate2,obs_nominalrate3,obs_nominalrate4,obs_nominalrate5,obs_nominalrate6
0.46625808147082726,-47.13706643229545,0.46625808147082726,0.4731750683429507,0.49999999999998934,1.1528688939399956,0.46625808147082726,0.46625808147082726,0.47432887932397944,0.49999999999998934,1.1528688939399956,0.0,0.46625808147082726,0.1174310227768634,1.1528688939399956,1.1528688939399956,1.1528688939399956,1.1528688939399956,1.1528688939399956,1.1528688939399956
