obs_gdp,obs_hours,obs_wages,obs_gdpdeflator,obs_corepce,obs_nominalrate,obs_consumption,obs_investment,obs_BBBspread,obs_longinflation,obs_longrate,obs_tfp,obs_gdi,obs_AAAspread,obs_nominalrate1,obs_nominalrate2,obs_nominalrate3,obs_nominalrate4,obs_nominalrate5,obs_nominalrate6
0.425157435048229,-48.31933025346544,0.425157435048229,0.47140966989195127,0.49999999999998934,1.0841815442776515,0.425157435048229,0.425157435048229,0.4764219396371861,0.49999999999998934,1.0841815442776515,0.0,0.425157435048229,0.1174310227768634,1.0841815442776515,1.0841815442776515,1.0841815442776515,1.0841815442776515,1.0841815442776515,1.0841815442776515
