obs_gdp,obs_hours,obs_wages,obs_gdpdeflator,obs_corepce,obs_nominalrate,obs_consumption,obs_investment,obs_BBBspread,obs_longinflation,obs_longrate,obs_tfp,obs_gdi,obs_AAAspread,obs_nominalrate1,obs_nominalrate2,obs_nominalrate3,obs_nominalrate4,obs_nominalrate5,obs_nominalrate6
0.47204415343808925,-46.74874955958732,0.47204415343808925,0.4719759644164891,0.49999999999998934,1.1559582236978727,0.47204415343808925,0.47204415343808925,0.47663048846829414,0.49999999999998934,1.1559582236978727,0.0,0.47204415343808925,0.1174310227768634,1.1559582236978727,1.1559582236978727,1.1559582236978727,1.1559582236978727,1.1559582236978727,1.1559582236978727
