obs_gdp,obs_hours,obs_wages,obs_gdpdeflator,obs_corepce,obs_nominalrate,obs_consumption,obs_investment,obs_BBBspread,obs_longinflation,obs_longrate,obs_tfp,obs_gdi,obs_AAAspread,obs_nominalrate1,obs_nominalrate2,obs_nominalrate3,obs_nominalrate4,obs_nominalrate5,obs_nominalrate6
0.43365152938592555,-48.1941000545683,0.43365152938592555,0.47590171967067674,0.49999999999998934,1.0936989118147666,0.43365152938592555,0.43365152938592555,0.47806121128489787,0.49999999999998934,1.0936989118147666,0.0,0.43365152938592555,0.1174310227768634,1.0936989118147666,1.0936989118147666,1.0936989118147666,1.0936989118147666,1.0936989118147666,1.0936989118147666
