obs_gdp,obs_hours,obs_wages,obs_gdpdeflator,obs_corepce,obs_nominalrate,obs_consumption,obs_investment,obs_BBBspread,obs_longinflation,obs_longrate,obs_tfp,obs_gdi,obs_AAAspread,obs_nominalrate1,obs_nominalrate2,obs_nominalrate3,obs_nominalrate4,obs_nominalrate5,obs_nominalrate6
0.4887082496180417,-46.07563965401785,0.4887082496180417,0.4746241285650719,0.49999999999998934,1.2020802024096167,0.4887082496180417,0.4887082496180417,0.4720291819392015,0.49999999999998934,1.2020802024096167,0.0,0.4887082496180417,0.1174310227768634,1.2020802024096167,1.2020802024096167,1.2020802024096167,1.2020802024096167,1.2020802024096167,1.2020802024096167
