obs_gdp,obs_hours,obs_wages,obs_gdpdeflator,obs_corepce,obs_nominalrate,obs_consumption,obs_investment,obs_BBBspread,obs_longinflation,obs_longrate,obs_tfp,obs_gdi,obs_AAAspread,obs_nominalrate1,obs_nominalrate2,obs_nominalrate3,obs_nominalrate4,obs_nominalrate5,obs_nominalrate6
0.5171432595142855,-45.3009517970998,0.5171432595142855,0.4726216508524814,0.49999999999998934,1.2148062872111565,0.5171432595142855,0.5171432595142855,0.4750042992829352,0.49999999999998934,1.2148062872111565,0.0,0.5171432595142855,0.1174310227768634,1.2148062872111565,1.2148062872111565,1.2148062872111565,1.2148062872111565,1.2148062872111565,1.2148062872111565
