obs_gdp,obs_hours,obs_wages,obs_gdpdeflator,obs_corepce,obs_nominalrate,obs_consumption,obs_investment,obs_BBBspread,obs_longinflation,obs_longrate,obs_tfp,obs_gdi,obs_AAAspread,obs_nominalrate1,obs_nominalrate2,obs_nominalrate3,obs_nominalrate4,obs_nominalrate5,obs_nominalrate6
0.43993129230011085,-47.924786907496824,0.43993129230011085,0.46824558861275684,0.49999999999998934,1.0839379498599477,0.43993129230011085,0.43993129230011085,0.48688486631943045,0.49999999999998934,1.0839379498599477,0.0,0.43993129230011085,0.1174310227768634,1.0839379498599477,1.0839379498599477,1.0839379498599477,1.0839379498599477,1.0839379498599477,1.0839379498599477
