obs_gdp,obs_hours,obs_wages,obs_gdpdeflator,obs_corepce,obs_nominalrate,obs_consumption,obs_investment,obs_BBBspread,obs_longinflation,obs_longrate,obs_tfp,obs_gdi,obs_AAAspread,obs_nominalrate1,obs_nominalrate2,obs_nominalrate3,obs_nominalrate4,obs_nominalrate5,obs_nominalrate6
0.4237124337504783,-48.61307508842282,0.4237124337504783,0.4747708386623202,0.49999999999998934,1.0795864891411044,0.4237124337504783,0.4237124337504783,0.475336354651434,0.49999999999998934,1.0795864891411044,0.0,0.4237124337504783,0.1174310227768634,1.0795864891411044,1.0795864891411044,1.0795864891411044,1.0795864891411044,1.0795864891411044,1.0795864891411044
