obs_gdp,obs_hours,obs_wages,obs_gdpdeflator,obs_corepce,obs_nominalrate,obs_consumption,obs_investment,obs_BBBspread,obs_longinflation,obs_longrate,obs_tfp,obs_gdi,obs_AAAspread,obs_nominalrate1,obs_nominalrate2,obs_nominalrate3,obs_nominalrate4,obs_nominalrate5,obs_nominalrate6
0.4910308399403318,-45.990640231058386,0.4910308399403318,0.47399447242408865,0.49999999999998934,1.1775150853782002,0.4910308399403318,0.4910308399403318,0.4796460756245217,0.49999999999998934,1.1775150853782002,0.0,0.4910308399403318,0.1174310227768634,1.1775150853782002,1.1775150853782002,1.1775150853782002,1.1775150853782002,1.1775150853782002,1.1775150853782002
