obs_gdp,obs_hours,obs_wages,obs_gdpdeflator,obs_corepce,obs_nominalrate,obs_consumption,obs_investment,obs_BBBspread,obs_longinflation,obs_longrate,obs_tfp,obs_gdi,obs_AAAspread,obs_nominalrate1,obs_nominalrate2,obs_nominalrate3,obs_nominalrate4,obs_nominalrate5,obs_nominalrate6
0.4530051167545901,-47.353632000021044,0.4530051167545901,0.4711595412565464,0.49999999999998934,1.1221936735099192,0.4530051167545901,0.4530051167545901,0.4784754030370165,0.49999999999998934,1.1221936735099192,0.0,0.4530051167545901,0.1174310227768634,1.1221936735099192,1.1221936735099192,1.1221936735099192,1.1221936735099192,1.1221936735099192,1.1221936735099192
