obs_gdp,obs_hours,obs_wages,obs_gdpdeflator,obs_corepce,obs_nominalrate,obs_consumption,obs_investment,obs_BBBspread,obs_longinflation,obs_longrate,obs_tfp,obs_gdi,obs_AAAspread,obs_nominalrate1,obs_nominalrate2,obs_nominalrate3,obs_nominalrate4,obs_nominalrate5,obs_nominalrate6
0.45415323776794025,-47.35434317299113,0.45415323776794025,0.4725787818376486,0.49999999999998934,1.1131159658716916,0.45415323776794025,0.45415323776794025,0.4826183954869209,0.49999999999998934,1.1131159658716916,0.0,0.45415323776794025,0.1174310227768634,1.1131159658716916,1.1131159658716916,1.1131159658716916,1.1131159658716916,1.1131159658716916,1.1131159658716916
