obs_gdp,obs_hours,obs_wages,obs_gdpdeflator,obs_corepce,obs_nominalrate,obs_consumption,obs_investment,obs_BBBspread,obs_longinflation,obs_longrate,obs_tfp,obs_gdi,obs_AAAspread,obs_nominalrate1,obs_nominalrate2,obs_nominalrate3,obs_nominalrate4,obs_nominalrate5,obs_nominalrate6
0.5198582196158874,-44.889939998435956,0.5198582196158874,0.4699498673417524,0.49999999999998934,1.2079739437674153,0.5198582196158874,0.5198582196158874,0.4765454992124376,0.49999999999998934,1.2079739437674153,0.0,0.5198582196158874,0.1174310227768634,1.2079739437674153,1.2079739437674153,1.2079739437674153,1.2079739437674153,1.2079739437674153,1.2079739437674153
