obs_gdp,obs_hours,obs_wages,obs_gdpdeflator,obs_corepce,obs_nominalrate,obs_consumption,obs_investment,obs_BBBspread,obs_longinflation,obs_longrate,obs_tfp,obs_gdi,obs_AAAspread,obs_nominalrate1,obs_nominalrate2,obs_nominalrate3,obs_nominalrate4,obs_nominalrate5,obs_nominalrate6
0.5048173351512197,-45.55153809835554,0.5048173351512197,0.4672817192284228,0.49999999999998934,1.1749155713765669,0.5048173351512197,0.5048173351512197,0.48753697347659936,0.49999999999998934,1.1749155713765669,0.0,0.5048173351512197,0.1174310227768634,1.1749155713765669,1.1749155713765669,1.1749155713765669,1.1749155713765669,1.1749155713765669,1.1749155713765669
