obs_gdp,obs_hours,obs_wages,obs_gdpdeflator,obs_corepce,obs_nominalrate,obs_consumption,obs_investment,obs_BBBspread,obs_longinflation,obs_longrate,obs_tfp,obs_gdi,obs_AAAspread,obs_nominalrate1,obs_nominalrate2,obs_nominalrate3,obs_nominalrate4,obs_nominalrate5,obs_nominalrate6
0.4821699669728119,-46.38684349104282,0.4821699669728119,0.47157819184980376,0.49999999999998934,1.171039425808118,0.4821699669728119,0.4821699669728119,0.4756909816903584,0.49999999999998934,1.171039425808118,0.0,0.4821699669728119,0.1174310227768634,1.171039425808118,1.171039425808118,1.171039425808118,1.171039425808118,1.171039425808118,1.171039425808118
