obs_gdp,obs_hours,obs_wages,obs_gdpdeflator,obs_corepce,obs_nominalrate,obs_consumption,obs_investment,obs_BBBspread,obs_longinflation,obs_longrate,obs_tfp,obs_gdi,obs_AAAspread,obs_nominalrate1,obs_nominalrate2,obs_nominalrate3,obs_nominalrate4,obs_nominalrate5,obs_nominalrate6
0.49474897975139154,-45.62483773367373,0.49474897975139154,0.4737195271213208,0.49999999999998934,1.2318668825429535,0.49474897975139154,0.49474897975139154,0.4683157571735614,0.49999999999998934,1.2318668825429535,0.0,0.49474897975139154,0.1174310227768634,1.2318668825429535,1.2318668825429535,1.2318668825429535,1.2318668825429535,1.2318668825429535,1.2318668825429535
