obs_gdp,obs_hours,obs_wages,obs_gdpdeflator,obs_corepce,obs_nominalrate,obs_consumption,obs_investment,obs_BBBspread,obs_longinflation,obs_longrate,obs_tfp,obs_gdi,obs_AAAspread,obs_nominalrate1,obs_nominalrate2,obs_nominalrate3,obs_nominalrate4,obs_nominalrate5,obs_nominalrate6
0.5456436256180641,-44.08156092878023,0.5456436256180641,0.47012272403352007,0.49999999999998934,1.2567248194043978,0.5456436256180641,0.5456436256180641,0.47680063519796406,0.49999999999998934,1.2567248194043978,0.0,0.5456436256180641,0.1174310227768634,1.2567248194043978,1.2567248194043978,1.2567248194043978,1.2567248194043978,1.2567248194043978,1.2567248194043978
