obs_gdp,obs_hours,obs_wages,obs_gdpdeflator,obs_corepce,obs_nominalrate,obs_consumption,obs_investment,obs_BBBspread,obs_longinflation,obs_longrate,obs_tfp,obs_gdi,obs_AAAspread,obs_nominalrate1,obs_nominalrate2,obs_nominalrate3,obs_nominalrate4,obs_nominalrate5,obs_nominalrate6
0.5096235916651093,-45.57159391307395,0.5096235916651093,0.4658718413137198,0.49999999999998934,1.1801432480468055,0.5096235916651093,0.5096235916651093,0.48388724112178794,0.49999999999998934,1.1801432480468055,0.0,0.5096235916651093,0.1174310227768634,1.1801432480468055,1.1801432480468055,1.1801432480468055,1.1801432480468055,1.1801432480468055,1.1801432480468055
