obs_gdp,obs_hours,obs_wages,obs_gdpdeflator,obs_corepce,obs_nominalrate,obs_consumption,obs_investment,obs_BBBspread,obs_longinflation,obs_longrate,obs_tfp,obs_gdi,obs_AAAspread,obs_nominalrate1,obs_nominalrate2,obs_nominalrate3,obs_nominalrate4,obs_nominalrate5,obs_nominalrate6
0.4603784642408293,-47.11248654006975,0.4603784642408293,0.47424145451760225,0.49999999999998934,1.1340928309434561,0.4603784642408293,0.4603784642408293,0.48053845300100256,0.49999999999998934,1.1340928309434561,0.0,0.4603784642408293,0.1174310227768634,1.1340928309434561,1.1340928309434561,1.1340928309434561,1.1340928309434561,1.1340928309434561,1.1340928309434561
