obs_gdp,obs_hours,obs_wages,obs_gdpdeflator,obs_corepce,obs_nominalrate,obs_consumption,obs_investment,obs_BBBspread,obs_longinflation,obs_longrate,obs_tfp,obs_gdi,obs_AAAspread,obs_nominalrate1,obs_nominalrate2,obs_nominalrate3,obs_nominalrate4,obs_nominalrate5,obs_nominalrate6
0.44762666348845404,-47.554297339798715,0.44762666348845404,0.4690948065036861,0.49999999999998934,1.104365012187758,0.44762666348845404,0.44762666348845404,0.48489818023046,0.49999999999998934,1.104365012187758,0.0,0.44762666348845404,0.1174310227768634,1.104365012187758,1.104365012187758,1.104365012187758,1.104365012187758,1.104365012187758,1.104365012187758
