obs_gdp,obs_hours,obs_wages,obs_gdpdeflator,obs_corepce,obs_nominalrate,obs_consumption,obs_investment,obs_BBBspread,obs_longinflation,obs_longrate,obs_tfp,obs_gdi,obs_AAAspread,obs_nominalrate1,obs_nominalrate2,obs_nominalrate3,obs_nominalrate4,obs_nominalrate5,obs_nominalrate6
0.44698945711392213,-47.43151419248242,0.44698945711392213,0.4710578745492551,0.49999999999998934,1.1118344449414286,0.44698945711392213,0.44698945711392213,0.47789523340109497,0.49999999999998934,1.1118344449414286,0.0,0.44698945711392213,0.1174310227768634,1.1118344449414286,1.1118344449414286,1.1118344449414286,1.1118344449414286,1.1118344449414286,1.1118344449414286
