obs_gdp,obs_hours,obs_wages,obs_gdpdeflator,obs_corepce,obs_nominalrate,obs_consumption,obs_investment,obs_BBBspread,obs_longinflation,obs_longrate,obs_tfp,obs_gdi,obs_AAAspread,obs_nominalrate1,obs_nominalrate2,obs_nominalrate3,obs_nominalrate4,obs_nominalrate5,obs_nominalrate6
0.42065162815725365,-48.2957695187438,0.42065162815725365,0.4738382813095483,0.49999999999998934,1.1374911299551371,0.42065162815725365,0.42065162815725365,0.4683671394105674,0.49999999999998934,1.1374911299551371,0.0,0.42065162815725365,0.1174310227768634,1.1374911299551371,1.1374911299551371,1.1374911299551371,1.1374911299551371,1.1374911299551371,1.1374911299551371
