obs_gdp,obs_hours,obs_wages,obs_gdpdeflator,obs_corepce,obs_nominalrate,obs_consumption,obs_investment,obs_BBBspread,obs_longinflation,obs_longrate,obs_tfp,obs_gdi,obs_AAAspread,obs_nominalrate1,obs_nominalrate2,obs_nominalrate3,obs_nominalrate4,obs_nominalrate5,obs_nominalrate6
0.5158051136474606,-45.30032976284553,0.5158051136474606,0.46584772839750993,0.49999999999998934,1.192800122803872,0.5158051136474606,0.5158051136474606,0.48465174312644865,0.49999999999998934,1.192800122803872,0.0,0.5158051136474606,0.1174310227768634,1.192800122803872,1.192800122803872,1.192800122803872,1.192800122803872,1.192800122803872,1.192800122803872
