obs_gdp,obs_hours,obs_wages,obs_gdpdeflator,obs_corepce,obs_nominalrate,obs_consumption,obs_investment,obs_BBBspread,obs_longinflation,obs_longrate,obs_tfp,obs_gdi,obs_AAAspread,obs_nominalrate1,obs_nominalrate2,obs_nominalrate3,obs_nominalrate4,obs_nominalrate5,obs_nominalrate6
0.44125281947142714,-47.62150726190062,0.44125281947142714,0.47095306419348765,0.49999999999998934,1.106438108526664,0.44125281947142714,0.44125281947142714,0.4777287817504788,0.49999999999998934,1.106438108526664,0.0,0.44125281947142714,0.1174310227768634,1.106438108526664,1.106438108526664,1.106438108526664,1.106438108526664,1.106438108526664,1.106438108526664
