obs_gdp,obs_hours,obs_wages,obs_gdpdeflator,obs_corepce,obs_nominalrate,obs_consumption,obs_investment,obs_BBBspread,obs_longinflation,obs_longrate,obs_tfp,obs_gdi,obs_AAAspread,obs_nominalrate1,obs_nominalrate2,obs_nominalrate3,obs_nominalrate4,obs_nominalrate5,obs_nominalrate6
0.47212645136593956,-46.43514218612436,0.47212645136593956,0.47333401357707394,0.49999999999998934,1.201618743840105,0.47212645136593956,0.47212645136593956,0.46803391846542847,0.49999999999998934,1.201618743840105,0.0,0.47212645136593956,0.1174310227768634,1.201618743840105,1.201618743840105,1.201618743840105,1.201618743840105,1.201618743840105,1.201618743840105
