obs_gdp,obs_hours,obs_wages,obs_gdpdeflator,obs_corepce,obs_nominalrate,obs_consumption,obs_investment,obs_BBBspread,obs_longinflation,obs_longrate,obs_tfp,obs_gdi,obs_AAAspread,obs_nominalrate1,obs_nominalrate2,obs_nominalrate3,obs_nominalrate4,obs_nominalrate5,obs_nominalrate6
0.49272453357351864,-45.9145947848377,0.49272453357351864,0.47481240383943585,0.49999999999998934,1.2202684090647509,0.49272453357351864,0.49272453357351864,0.4708491063940689,0.49999999999998934,1.2202684090647509,0.0,0.49272453357351864,0.1174310227768634,1.2202684090647509,1.2202684090647509,1.2202684090647509,1.2202684090647509,1.2202684090647509,1.2202684090647509
