obs_gdp,obs_hours,obs_wages,obs_gdpdeflator,obs_corepce,obs_nominalrate,obs_consumption,obs_investment,obs_BBBspread,obs_longinflation,obs_longrate,obs_tfp,obs_gdi,obs_AAAspread,obs_nominalrate1,obs_nominalrate2,obs_nominalrate3,obs_nominalrate4,obs_nominalrate5,obs_nominalrate6
0.5253966219790129,-44.635579651804335,0.5253966219790129,0.4733697765199131,0.49999999999998934,1.2688803755673828,0.5253966219790129,0.5253966219790129,0.47078111948722107,0.49999999999998934,1.2688803755673828,0.0,0.5253966219790129,0.1174310227768634,1.2688803755673828,1.2688803755673828,1.2688803755673828,1.2688803755673828,1.2688803755673828,1.2688803755673828
