obs_gdp,obs_hours,obs_wages,obs_gdpdeflator,obs_corepce,obs_nominalrate,obs_consumption,obs_investment,obs_BBBspread,obs_longinflation,obs_longrate,obs_tfp,obs_gdi,obs_AAAspread,obs_nominalrate1,obs_nominalrate2,obs_nominalrate3,obs_nominalrate4,obs_nominalrate5,obs_nominalrate6
0.4153480304263324,-48.92848438370852,0.4153480304263324,0.46831989478410657,0.49999999999998934,1.0561660675455053,0.4153480304263324,0.4153480304263324,0.48495771521764613,0.49999999999998934,1.0561660675455053,0.0,0.4153480304263324,0.1174310227768634,1.0561660675455053,1.0561660675455053,1.0561660675455053,1.0561660675455053,1.0561660675455053,1.0561660675455053
