obs_gdp,obs_hours,obs_wages,obs_gdpdeflator,obs_corepce,obs_nominalrate,obs_consumption,obs_investment,obs_BBBspread,obs_longinflation,obs_longrate,obs_tfp,obs_gdi,obs_AAAspread,obs_nominalrate1,obs_nominalrate2,obs_nominalrate3,obs_nominalrate4,obs_nominalrate5,obs_nominalrate6
0.44970107782302815,-47.577877039379054,0.44970107782302815,0.46797800092466574,0.49999999999998934,1.096662751072186,0.44970107782302815,0.44970107782302815,0.4863912453494666,0.49999999999998934,1.096662751072186,0.0,0.44970107782302815,0.1174310227768634,1.096662751072186,1.096662751072186,1.096662751072186,1.096662751072186,1.096662751072186,1.096662751072186
