obs_gdp,obs_hours,obs_wages,obs_gdpdeflator,obs_corepce,obs_nominalrate,obs_consumption,obs_investment,obs_BBBspread,obs_longinflation,obs_longrate,obs_tfp,obs_gdi,obs_AAAspread,obs_nominalrate1,obs_nominalrate2,obs_nominalrate3,obs_nominalrate4,obs_nominalrate5,obs_nominalrate6
0.46976113758006033,-46.786083277723044,0.46976113758006033,0.46968240970753444,0.49999999999998934,1.143648962234578,0.46976113758006033,0.46976113758006033,0.4722791559776277,0.49999999999998934,1.143648962234578,0.0,0.46976113758006033,0.1174310227768634,1.143648962234578,1.143648962234578,1.143648962234578,1.143648962234578,1.143648962234578,1.143648962234578
