obs_gdp,obs_hours,obs_wages,obs_gdpdeflator,obs_corepce,obs_nominalrate,obs_consumption,obs_investment,obs_BBBspread,obs_longinflation,obs_longrate,obs_tfp,obs_gdi,obs_AAAspread,obs_nominalrate1,obs_nominalrate2,obs_nominalrate3,obs_nominalrate4,obs_nominalrate5,obs_nominalrate6
0.5007230262524365,-45.64529270396891,0.5007230262524365,0.474509619058863,0.49999999999998934,1.2162832817845581,0.5007230262524365,0.5007230262524365,0.4723143278319333,0.49999999999998934,1.2162832817845581,0.0,0.5007230262524365,0.1174310227768634,1.2162832817845581,1.2162832817845581,1.2162832817845581,1.2162832817845581,1.2162832817845581,1.2162832817845581
