obs_gdp,obs_hours,obs_wages,obs_gdpdeflator,obs_corepce,obs_nominalrate,obs_consumption,obs_investment,obs_BBBspread,obs_longinflation,obs_longrate,obs_tfp,obs_gdi,obs_AAAspread,obs_nominalrate1,obs_nominalrate2,obs_nominalrate3,obs_nominalrate4,obs_nominalrate5,obs_nominalrate6
0.4806504947421075,-46.17386592364153,0.4806504947421075,0.46719069544501524,0.49999999999998934,1.1606572262566672,0.4806504947421075,0.4806504947421075,0.4789699746119529,0.49999999999998934,1.1606572262566672,0.0,0.4806504947421075,0.1174310227768634,1.1606572262566672,1.1606572262566672,1.1606572262566672,1.1606572262566672,1.1606572262566672,1.1606572262566672
