obs_gdp,obs_hours,obs_wages,obs_gdpdeflator,obs_corepce,obs_nominalrate,obs_consumption,obs_investment,obs_BBBspread,obs_longinflation,obs_longrate,obs_tfp,obs_gdi,obs_AAAspread,obs_nominalrate1,obs_nominalrate2,obs_nominalrate3,obs_nominalrate4,obs_nominalrate5,obs_nominalrate6
0.519812281427301,-45.273173156742985,0.519812281427301,0.4706211318846244,0.49999999999998934,1.207607957282586,0.519812281427301,0.519812281427301,0.4736769184689221,0.49999999999998934,1.207607957282586,0.0,0.519812281427301,0.1174310227768634,1.207607957282586,1.207607957282586,1.207607957282586,1.207607957282586,1.207607957282586,1.207607957282586
