obs_gdp,obs_hours,obs_wages,obs_gdpdeflator,obs_corepce,obs_nominalrate,obs_consumption,obs_investment,obs_BBBspread,obs_longinflation,obs_longrate,obs_tfp,obs_gdi,obs_AAAspread,obs_nominalrate1,obs_nominalrate2,obs_nominalrate3,obs_nominalrate4,obs_nominalrate5,obs_nominalrate6
0.5017160711162871,-45.763021154131884,0.5017160711162871,0.47243479400606686,0.49999999999998934,1.2071308848360607,0.5017160711162871,0.5017160711162871,0.47179110275883185,0.49999999999998934,1.2071308848360607,0.0,0.5017160711162871,0.1174310227768634,1.2071308848360607,1.2071308848360607,1.2071308848360607,1.2071308848360607,1.2071308848360607,1.2071308848360607
