obs_gdp,obs_hours,obs_wages,obs_gdpdeflator,obs_corepce,obs_nominalrate,obs_consumption,obs_investment,obs_BBBspread,obs_longinflation,obs_longrate,obs_tfp,obs_gdi,obs_AAAspread,obs_nominalrate1,obs_nominalrate2,obs_nominalrate3,obs_nominalrate4,obs_nominalrate5,obs_nominalrate6
0.4413802210700979,-47.60052989201274,0.4413802210700979,0.4687604387558527,0.49999999999998934,1.109919136913673,0.4413802210700979,0.4413802210700979,0.47864119467559896,0.49999999999998934,1.109919136913673,0.0,0.4413802210700979,0.1174310227768634,1.109919136913673,1.109919136913673,1.109919136913673,1.109919136913673,1.109919136913673,1.109919136913673
