obs_gdp,obs_hours,obs_wages,obs_gdpdeflator,obs_corepce,obs_nominalrate,obs_consumption,obs_investment,obs_BBBspread,obs_longinflation,obs_longrate,obs_tfp,obs_gdi,obs_AAAspread,obs_nominalrate1,obs_nominalrate2,obs_nominalrate3,obs_nominalrate4,obs_nominalrate5,obs_nominalrate6
0.42656275676524746,-48.26519265012496,0.42656275676524746,0.47075963372614693,0.49999999999998934,1.0898179927083085,0.42656275676524746,0.42656275676524746,0.4738760822193466,0.49999999999998934,1.0898179927083085,0.0,0.42656275676524746,0.1174310227768634,1.0898179927083085,1.0898179927083085,1.0898179927083085,1.0898179927083085,1.0898179927083085,1.0898179927083085
