obs_gdp,obs_hours,obs_wages,obs_gdpdeflator,obs_corepce,obs_nominalrate,obs_consumption,obs_investment,obs_BBBspread,obs_longinflation,obs_longrate,obs_tfp,obs_gdi,obs_AAAspread,obs_nominalrate1,obs_nominalrate2,obs_nominalrate3,obs_nominalrate4,obs_nominalrate5,obs_nominalrate6
0.4526464400100627,-47.454173174129615,0.4526464400100627,0.4710024764288668,0.49999999999998934,1.1210259140465917,0.4526464400100627,0.4526464400100627,0.47172987779767567,0.49999999999998934,1.1210259140465917,0.0,0.4526464400100627,0.1174310227768634,1.1210259140465917,1.1210259140465917,1.1210259140465917,1.1210259140465917,1.1210259140465917,1.1210259140465917
