obs_gdp,obs_hours,obs_wages,obs_gdpdeflator,obs_corepce,obs_nominalrate,obs_consumption,obs_investment,obs_BBBspread,obs_longinflation,obs_longrate,obs_tfp,obs_gdi,obs_AAAspread,obs_nominalrate1,obs_nominalrate2,obs_nominalrate3,obs_nominalrate4,obs_nominalrate5,obs_nominalrate6
0.47319136221932734,-46.9029208231448,0.47319136221932734,0.4657912957831454,0.49999999999998934,1.137670097481891,0.47319136221932734,0.47319136221932734,0.4813425307964996,0.49999999999998934,1.137670097481891,0.0,0.47319136221932734,0.1174310227768634,1.137670097481891,1.137670097481891,1.137670097481891,1.137670097481891,1.137670097481891,1.137670097481891
