obs_gdp,obs_hours,obs_wages,obs_gdpdeflator,obs_corepce,obs_nominalrate,obs_consumption,obs_investment,obs_BBBspread,obs_longinflation,obs_longrate,obs_tfp,obs_gdi,obs_AAAspread,obs_nominalrate1,obs_nominalrate2,obs_nominalrate3,obs_nominalrate4,obs_nominalrate5,obs_nominalrate6
0.4986064794555656,-45.879121294813935,0.4986064794555656,0.466637056693255,0.49999999999998934,1.1756070908701455,0.4986064794555656,0.4986064794555656,0.4825220512456806,0.49999999999998934,1.1756070908701455,0.0,0.4986064794555656,0.1174310227768634,1.1756070908701455,1.1756070908701455,1.1756070908701455,1.1756070908701455,1.1756070908701455,1.1756070908701455
