obs_gdp,obs_hours,obs_wages,obs_gdpdeflator,obs_corepce,obs_nominalrate,obs_consumption,obs_investment,obs_BBBspread,obs_longinflation,obs_longrate,obs_tfp,obs_gdi,obs_AAAspread,obs_nominalrate1,obs_nominalrate2,obs_nominalrate3,obs_nominalrate4,obs_nominalrate5,obs_nominalrate6
0.5004876059199193,-45.84093870412734,0.5004876059199193,0.4663900090327983,0.49999999999998934,1.1706447800093,0.5004876059199193,0.5004876059199193,0.4844779525353393,0.49999999999998934,1.1706447800093,0.0,0.5004876059199193,0.1174310227768634,1.1706447800093,1.1706447800093,1.1706447800093,1.1706447800093,1.1706447800093,1.1706447800093
