obs_gdp,obs_hours,obs_wages,obs_gdpdeflator,obs_corepce,obs_nominalrate,obs_consumption,obs_investment,obs_BBBspread,obs_longinflation,obs_longrate,obs_tfp,obs_gdi,obs_AAAspread,obs_nominalrate1,obs_nominalrate2,obs_nominalrate3,obs_nominalrate4,obs_nominalrate5,obs_nominalrate6
0.5014142754875994,-45.791422401600265,0.5014142754875994,0.46667094116347124,0.49999999999998934,1.1747197694392142,0.5014142754875994,0.5014142754875994,0.4841530294609364,0.49999999999998934,1.1747197694392142,0.0,0.5014142754875994,0.1174310227768634,1.1747197694392142,1.1747197694392142,1.1747197694392142,1.1747197694392142,1.1747197694392142,1.1747197694392142
