obs_gdp,obs_hours,obs_wages,obs_gdpdeflator,obs_corepce,obs_nominalrate,obs_consumption,obs_investment,obs_BBBspread,obs_longinflation,obs_longrate,obs_tfp,obs_gdi,obs_AAAspread,obs_nominalrate1,obs_nominalrate2,obs_nominalrate3,obs_nominalrate4,obs_nominalrate5,obs_nominalrate6
0.4696009466983453,-46.982828618086124,0.4696009466983453,0.47337148787848926,0.49999999999998934,1.1661831164876846,0.4696009466983453,0.4696009466983453,0.4728193701276003,0.49999999999998934,1.1661831164876846,0.0,0.4696009466983453,0.1174310227768634,1.1661831164876846,1.1661831164876846,1.1661831164876846,1.1661831164876846,1.1661831164876846,1.1661831164876846
