obs_gdp,obs_hours,obs_wages,obs_gdpdeflator,obs_corepce,obs_nominalrate,obs_consumption,obs_investment,obs_BBBspread,obs_longinflation,obs_longrate,obs_tfp,obs_gdi,obs_AAAspread,obs_nominalrate1,obs_nominalrate2,obs_nominalrate3,obs_nominalrate4,obs_nominalrate5,obs_nominalrate6
0.40983188581744656,-49.00125407949835,0.40983188581744656,0.47139890044322563,0.49999999999998934,1.0725370683948743,0.40983188581744656,0.40983188581744656,0.4725406676287028,0.49999999999998934,1.0725370683948743,0.0,0.40983188581744656,0.1174310227768634,1.0725370683948743,1.0725370683948743,1.0725370683948743,1.0725370683948743,1.0725370683948743,1.0725370683948743
