obs_gdp,obs_hours,obs_wages,obs_gdpdeflator,obs_corepce,obs_nominalrate,obs_consumption,obs_investment,obs_BBBspread,obs_longinflation,obs_longrate,obs_tfp,obs_gdi,obs_AAAspread,obs_nominalrate1,obs_nominalrate2,obs_nominalrate3,obs_nominalrate4,obs_nominalrate5,obs_nominalrate6
0.48072638460039396,-46.37219154487362,0.48072638460039396,0.4753113931765492,0.49999999999998934,1.1985461338996695,0.48072638460039396,0.48072638460039396,0.47466940225313586,0.49999999999998934,1.1985461338996695,0.0,0.48072638460039396,0.1174310227768634,1.1985461338996695,1.1985461338996695,1.1985461338996695,1.1985461338996695,1.1985461338996695,1.1985461338996695
