obs_gdp,obs_hours,obs_wages,obs_gdpdeflator,obs_corepce,obs_nominalrate,obs_consumption,obs_investment,obs_BBBspread,obs_longinflation,obs_longrate,obs_tfp,obs_gdi,obs_AAAspread,obs_nominalrate1,obs_nominalrate2,obs_nominalrate3,obs_nominalrate4,obs_nominalrate5,obs_nominalrate6
0.4222242435582446,-48.65945054415492,0.4222242435582446,0.47585886088170015,0.49999999999998934,1.0805309916567696,0.4222242435582446,0.4222242435582446,0.4751489510135191,0.49999999999998934,1.0805309916567696,0.0,0.4222242435582446,0.1174310227768634,1.0805309916567696,1.0805309916567696,1.0805309916567696,1.0805309916567696,1.0805309916567696,1.0805309916567696
