obs_gdp,obs_hours,obs_wages,obs_gdpdeflator,obs_corepce,obs_nominalrate,obs_consumption,obs_investment,obs_BBBspread,obs_longinflation,obs_longrate,obs_tfp,obs_gdi,obs_AAAspread,obs_nominalrate1,obs_nominalrate2,obs_nominalrate3,obs_nominalrate4,obs_nominalrate5,obs_nominalrate6
0.4336678287792717,-47.966419572173166,0.4336678287792717,0.4747664310780007,0.49999999999998934,1.094144935210184,0.4336678287792717,0.4336678287792717,0.48137903865075127,0.49999999999998934,1.094144935210184,0.0,0.4336678287792717,0.1174310227768634,1.094144935210184,1.094144935210184,1.094144935210184,1.094144935210184,1.094144935210184,1.094144935210184
