obs_gdp,obs_hours,obs_wages,obs_gdpdeflator,obs_corepce,obs_nominalrate,obs_consumption,obs_investment,obs_BBBspread,obs_longinflation,obs_longrate,obs_tfp,obs_gdi,obs_AAAspread,obs_nominalrate1,obs_nominalrate2,obs_nominalrate3,obs_nominalrate4,obs_nominalrate5,obs_nominalrate6
0.48686063272336266,-46.32451212542409,0.48686063272336266,0.47410928734290314,0.49999999999998934,1.1652637971751645,0.48686063272336266,0.48686063272336266,0.4754416186757233,0.49999999999998934,1.1652637971751645,0.0,0.48686063272336266,0.1174310227768634,1.1652637971751645,1.1652637971751645,1.1652637971751645,1.1652637971751645,1.1652637971751645,1.1652637971751645
