obs_gdp,obs_hours,obs_wages,obs_gdpdeflator,obs_corepce,obs_nominalrate,obs_consumption,obs_investment,obs_BBBspread,obs_longinflation,obs_longrate,obs_tfp,obs_gdi,obs_AAAspread,obs_nominalrate1,obs_nominalrate2,obs_nominalrate3,obs_nominalrate4,obs_nominalrate5,obs_nominalrate6
0.46033796587092723,-46.78097739320978,0.46033796587092723,0.473935945869612,0.49999999999998934,1.1863243298764203,0.46033796587092723,0.46033796587092723,0.4680657862610572,0.49999999999998934,1.1863243298764203,0.0,0.46033796587092723,0.1174310227768634,1.1863243298764203,1.1863243298764203,1.1863243298764203,1.1863243298764203,1.1863243298764203,1.1863243298764203
