obs_gdp,obs_hours,obs_wages,obs_gdpdeflator,obs_corepce,obs_nominalrate,obs_consumption,obs_investment,obs_BBBspread,obs_longinflation,obs_longrate,obs_tfp,obs_gdi,obs_AAAspread,obs_nominalrate1,obs_nominalrate2,obs_nominalrate3,obs_nominalrate4,obs_nominalrate5,obs_nominalrate6
0.4549774071422208,-47.56403753274864,0.4549774071422208,0.46690283709060915,0.49999999999998934,1.1086085328500417,0.4549774071422208,0.4549774071422208,0.48394544142490975,0.49999999999998934,1.1086085328500417,0.0,0.4549774071422208,0.1174310227768634,1.1086085328500417,1.1086085328500417,1.1086085328500417,1.1086085328500417,1.1086085328500417,1.1086085328500417
