obs_gdp,obs_hours,obs_wages,obs_gdpdeflator,obs_corepce,obs_nominalrate,obs_consumption,obs_investment,obs_BBBspread,obs_longinflation,obs_longrate,obs_tfp,obs_gdi,obs_AAAspread,obs_nominalrate1,obs_nominalrate2,obs_nominalrate3,obs_nominalrate4,obs_nominalrate5,obs_nominalrate6
0.5017891217828696,-45.79095141072583,0.5017891217828696,0.47200453932551856,0.49999999999998934,1.2043215313356725,0.5017891217828696,0.5017891217828696,0.4717048803635414,0.49999999999998934,1.2043215313356725,0.0,0.5017891217828696,0.1174310227768634,1.2043215313356725,1.2043215313356725,1.2043215313356725,1.2043215313356725,1.2043215313356725,1.2043215313356725
