obs_gdp,obs_hours,obs_wages,obs_gdpdeflator,obs_corepce,obs_nominalrate,obs_consumption,obs_investment,obs_BBBspread,obs_longinflation,obs_longrate,obs_tfp,obs_gdi,obs_AAAspread,obs_nominalrate1,obs_nominalrate2,obs_nominalrate3,obs_nominalrate4,obs_nominalrate5,obs_nominalrate6
0.44975052819404837,-47.46714370685191,0.44975052819404837,0.4724516280529735,0.49999999999998934,1.108263702556922,0.44975052819404837,0.44975052819404837,0.48200705365870516,0.49999999999998934,1.108263702556922,0.0,0.44975052819404837,0.1174310227768634,1.108263702556922,1.108263702556922,1.108263702556922,1.108263702556922,1.108263702556922,1.108263702556922
