obs_gdp,obs_hours,obs_wages,obs_gdpdeflator,obs_corepce,obs_nominalrate,obs_consumption,obs_investment,obs_BBBspread,obs_longinflation,obs_longrate,obs_tfp,obs_gdi,obs_AAAspread,obs_nominalrate1,obs_nominalrate2,obs_nominalrate3,obs_nominalrate4,obs_nominalrate5,obs_nominalrate6
0.5008809338827191,-45.74479044088521,0.5008809338827191,0.4685036151105998,0.49999999999998934,1.1786340935336703,0.5008809338827191,0.5008809338827191,0.48366292544538153,0.49999999999998934,1.1786340935336703,0.0,0.5008809338827191,0.1174310227768634,1.1786340935336703,1.1786340935336703,1.1786340935336703,1.1786340935336703,1.1786340935336703,1.1786340935336703
