obs_gdp,obs_hours,obs_wages,obs_gdpdeflator,obs_corepce,obs_nominalrate,obs_consumption,obs_investment,obs_BBBspread,obs_longinflation,obs_longrate,obs_tfp,obs_gdi,obs_AAAspread,obs_nominalrate1,obs_nominalrate2,obs_nominalrate3,obs_nominalrate4,obs_nominalrate5,obs_nominalrate6
0.4796551610565247,-46.4526864472965,0.4796551610565247,0.4714213623827553,0.49999999999998934,1.1609871884074696,0.4796551610565247,0.4796551610565247,0.47595151128442226,0.49999999999998934,1.1609871884074696,0.0,0.4796551610565247,0.1174310227768634,1.1609871884074696,1.1609871884074696,1.1609871884074696,1.1609871884074696,1.1609871884074696,1.1609871884074696
