obs_gdp,obs_hours,obs_wages,obs_gdpdeflator,obs_corepce,obs_nominalrate,obs_consumption,obs_investment,obs_BBBspread,obs_longinflation,obs_longrate,obs_tfp,obs_gdi,obs_AAAspread,obs_nominalrate1,obs_nominalrate2,obs_nominalrate3,obs_nominalrate4,obs_nominalrate5,obs_nominalrate6
0.4757380316222637,-46.378652736807446,0.4757380316222637,0.46794660522363063,0.49999999999998934,1.153003540808717,0.4757380316222637,0.4757380316222637,0.4798968947161074,0.49999999999998934,1.153003540808717,0.0,0.4757380316222637,0.1174310227768634,1.153003540808717,1.153003540808717,1.153003540808717,1.153003540808717,1.153003540808717,1.153003540808717
