obs_gdp,obs_hours,obs_wages,obs_gdpdeflator,obs_corepce,obs_nominalrate,obs_consumption,obs_investment,obs_BBBspread,obs_longinflation,obs_longrate,obs_tfp,obs_gdi,obs_AAAspread,obs_nominalrate1,obs_nominalrate2,obs_nominalrate3,obs_nominalrate4,obs_nominalrate5,obs_nominalrate6
0.47103187245221,-46.68163850859816,0.47103187245221,0.4704129159067854,0.49999999999998934,1.1604687305251993,0.47103187245221,0.47103187245221,0.4754744157405196,0.49999999999998934,1.1604687305251993,0.0,0.47103187245221,0.1174310227768634,1.1604687305251993,1.1604687305251993,1.1604687305251993,1.1604687305251993,1.1604687305251993,1.1604687305251993
