obs_gdp,obs_hours,obs_wages,obs_gdpdeflator,obs_corepce,obs_nominalrate,obs_consumption,obs_investment,obs_BBBspread,obs_longinflation,obs_longrate,obs_tfp,obs_gdi,obs_AAAspread,obs_nominalrate1,obs_nominalrate2,obs_nominalrate3,obs_nominalrate4,obs_nominalrate5,obs_nominalrate6
0.4997059719096475,-45.56390533099881,0.4997059719096475,0.4668198892571799,0.49999999999998934,1.1848719308483746,0.4997059719096475,0.4997059719096475,0.4781649824241919,0.49999999999998934,1.1848719308483746,0.0,0.4997059719096475,0.1174310227768634,1.1848719308483746,1.1848719308483746,1.1848719308483746,1.1848719308483746,1.1848719308483746,1.1848719308483746
