obs_gdp,obs_hours,obs_wages,obs_gdpdeflator,obs_corepce,obs_nominalrate,obs_consumption,obs_investment,obs_BBBspread,obs_longinflation,obs_longrate,obs_tfp,obs_gdi,obs_AAAspread,obs_nominalrate1,obs_nominalrate2,obs_nominalrate3,obs_nominalrate4,obs_nominalrate5,obs_nominalrate6
0.5013882562684202,-45.22187765319405,0.5013882562684202,0.47366584687508545,0.49999999999998934,1.2363946615558508,0.5013882562684202,0.5013882562684202,0.4696293575975435,0.49999999999998934,1.2363946615558508,0.0,0.5013882562684202,0.1174310227768634,1.2363946615558508,1.2363946615558508,1.2363946615558508,1.2363946615558508,1.2363946615558508,1.2363946615558508
