obs_gdp,obs_hours,obs_wages,obs_gdpdeflator,obs_corepce,obs_nominalrate,obs_consumption,obs_investment,obs_BBBspread,obs_longinflation,obs_longrate,obs_tfp,obs_gdi,obs_AAAspread,obs_nominalrate1,obs_nominalrate2,obs_nominalrate3,obs_nominalrate4,obs_nominalrate5,obs_nominalrate6
0.49323893191337564,-45.8554376427183,0.49323893191337564,0.4683780333543975,0.49999999999998934,1.176104190412186,0.49323893191337564,0.49323893191337564,0.47947216094485084,0.49999999999998934,1.176104190412186,0.0,0.49323893191337564,0.1174310227768634,1.176104190412186,1.176104190412186,1.176104190412186,1.176104190412186,1.176104190412186,1.176104190412186
