obs_gdp,obs_hours,obs_wages,obs_gdpdeflator,obs_corepce,obs_nominalrate,obs_consumption,obs_investment,obs_BBBspread,obs_longinflation,obs_longrate,obs_tfp,obs_gdi,obs_AAAspread,obs_nominalrate1,obs_nominalrate2,obs_nominalrate3,obs_nominalrate4,obs_nominalrate5,obs_nominalrate6
0.509831395236171,-45.669696099888554,0.509831395236171,0.4658344061228415,0.49999999999998934,1.1891957503241013,0.509831395236171,0.509831395236171,0.478638302328887,0.49999999999998934,1.1891957503241013,0.0,0.509831395236171,0.1174310227768634,1.1891957503241013,1.1891957503241013,1.1891957503241013,1.1891957503241013,1.1891957503241013,1.1891957503241013
