obs_gdp,obs_hours,obs_wages,obs_gdpdeflator,obs_corepce,obs_nominalrate,obs_consumption,obs_investment,obs_BBBspread,obs_longinflation,obs_longrate,obs_tfp,obs_gdi,obs_AAAspread,obs_nominalrate1,obs_nominalrate2,obs_nominalrate3,obs_nominalrate4,obs_nominalrate5,obs_nominalrate6
0.45973392984477446,-47.20783687477335,0.45973392984477446,0.4753878281230183,0.49999999999998934,1.128753730115295,0.45973392984477446,0.45973392984477446,0.4794850573115541,0.49999999999998934,1.128753730115295,0.0,0.45973392984477446,0.1174310227768634,1.128753730115295,1.128753730115295,1.128753730115295,1.128753730115295,1.128753730115295,1.128753730115295
