obs_gdp,obs_hours,obs_wages,obs_gdpdeflator,obs_corepce,obs_nominalrate,obs_consumption,obs_investment,obs_BBBspread,obs_longinflation,obs_longrate,obs_tfp,obs_gdi,obs_AAAspread,obs_nominalrate1,obs_nominalrate2,obs_nominalrate3,obs_nominalrate4,obs_nominalrate5,obs_nominalrate6
0.47465967149498134,-46.43625583718307,0.47465967149498134,0.47394586616643863,0.49999999999998934,1.2009002638033506,0.47465967149498134,0.47465967149498134,0.46924914324717243,0.49999999999998934,1.2009002638033506,0.0,0.47465967149498134,0.1174310227768634,1.2009002638033506,1.2009002638033506,1.2009002638033506,1.2009002638033506,1.2009002638033506,1.2009002638033506
