obs_gdp,obs_hours,obs_wages,obs_gdpdeflator,obs_corepce,obs_nominalrate,obs_consumption,obs_investment,obs_BBBspread,obs_longinflation,obs_longrate,obs_tfp,obs_gdi,obs_AAAspread,obs_nominalrate1,obs_nominalrate2,obs_nominalrate3,obs_nominalrate4,obs_nominalrate5,obs_nominalrate6
0.5482401516438973,-43.8636063386497,0.5482401516438973,0.46728995173146765,0.49999999999998934,1.25277404962727,0.5482401516438973,0.5482401516438973,0.47906390363228635,0.49999999999998934,1.25277404962727,0.0,0.5482401516438973,0.1174310227768634,1.25277404962727,1.25277404962727,1.25277404962727,1.25277404962727,1.25277404962727,1.25277404962727
