obs_gdp,obs_hours,obs_wages,obs_gdpdeflator,obs_corepce,obs_nominalrate,obs_consumption,obs_investment,obs_BBBspread,obs_longinflation,obs_longrate,obs_tfp,obs_gdi,obs_AAAspread,obs_nominalrate1,obs_nominalrate2,obs_nominalrate3,obs_nominalrate4,obs_nominalrate5,obs_nominalrate6
0.4944716305955721,-45.957274754438735,0.4944716305955721,0.47433520980735056,0.49999999999998934,1.2063939652896094,0.4944716305955721,0.4944716305955721,0.47134066320372264,0.49999999999998934,1.2063939652896094,0.0,0.4944716305955721,0.1174310227768634,1.2063939652896094,1.2063939652896094,1.2063939652896094,1.2063939652896094,1.2063939652896094,1.2063939652896094
