obs_gdp,obs_hours,obs_wages,obs_gdpdeflator,obs_corepce,obs_nominalrate,obs_consumption,obs_investment,obs_BBBspread,obs_longinflation,obs_longrate,obs_tfp,obs_gdi,obs_AAAspread,obs_nominalrate1,obs_nominalrate2,obs_nominalrate3,obs_nominalrate4,obs_nominalrate5,obs_nominalrate6
0.49134867634237356,-46.24060932401136,0.49134867634237356,0.4662668457977479,0.49999999999998934,1.1541941638119724,0.49134867634237356,0.49134867634237356,0.48330669696791784,0.49999999999998934,1.1541941638119724,0.0,0.49134867634237356,0.1174310227768634,1.1541941638119724,1.1541941638119724,1.1541941638119724,1.1541941638119724,1.1541941638119724,1.1541941638119724
