obs_gdp,obs_hours,obs_wages,obs_gdpdeflator,obs_corepce,obs_nominalrate,obs_consumption,obs_investment,obs_BBBspread,obs_longinflation,obs_longrate,obs_tfp,obs_gdi,obs_AAAspread,obs_nominalrate1,obs_nominalrate2,obs_nominalrate3,obs_nominalrate4,obs_nominalrate5,obs_nominalrate6
0.5033962543681714,-45.46485871780916,0.5033962543681714,0.4681810851869692,0.49999999999998934,1.1966628453635053,0.5033962543681714,0.5033962543681714,0.47866171247539413,0.49999999999998934,1.1966628453635053,0.0,0.5033962543681714,0.1174310227768634,1.1966628453635053,1.1966628453635053,1.1966628453635053,1.1966628453635053,1.1966628453635053,1.1966628453635053
