obs_gdp,obs_hours,obs_wages,obs_gdpdeflator,obs_corepce,obs_nominalrate,obs_consumption,obs_investment,obs_BBBspread,obs_longinflation,obs_longrate,obs_tfp,obs_gdi,obs_AAAspread,obs_nominalrate1,obs_nominalrate2,obs_nominalrate3,obs_nominalrate4,obs_nominalrate5,obs_nominalrate6
0.47430873138794016,-46.574187466236964,0.47430873138794016,0.47070851451780554,0.49999999999998934,1.1627109431328941,0.47430873138794016,0.47430873138794016,0.4761043414780679,0.49999999999998934,1.1627109431328941,0.0,0.47430873138794016,0.1174310227768634,1.1627109431328941,1.1627109431328941,1.1627109431328941,1.1627109431328941,1.1627109431328941,1.1627109431328941
