obs_gdp,obs_hours,obs_wages,obs_gdpdeflator,obs_corepce,obs_nominalrate,obs_consumption,obs_investment,obs_BBBspread,obs_longinflation,obs_longrate,obs_tfp,obs_gdi,obs_AAAspread,obs_nominalrate1,obs_nominalrate2,obs_nominalrate3,obs_nominalrate4,obs_nominalrate5,obs_nominalrate6
0.5065783056093842,-45.34389668008724,0.5065783056093842,0.47266572132007567,0.49999999999998934,1.2417439107695882,0.5065783056093842,0.5065783056093842,0.4701446974233501,0.49999999999998934,1.2417439107695882,0.0,0.5065783056093842,0.1174310227768634,1.2417439107695882,1.2417439107695882,1.2417439107695882,1.2417439107695882,1.2417439107695882,1.2417439107695882
