obs_gdp,obs_hours,obs_wages,obs_gdpdeflator,obs_corepce,obs_nominalrate,obs_consumption,obs_investment,obs_BBBspread,obs_longinflation,obs_longrate,obs_tfp,obs_gdi,obs_AAAspread,obs_nominalrate1,obs_nominalrate2,obs_nominalrate3,obs_nominalrate4,obs_nominalrate5,obs_nominalrate6
0.49512017481738724,-45.07575963281107,0.49512017481738724,0.48585027533871683,0.49999999999998934,1.2223467881803618,0.49512017481738724,0.49512017481738724,0.43466636493148375,0.49999999999998934,1.2223467881803618,0.0,0.49512017481738724,0.1174310227768634,1.2223467881803618,1.2223467881803618,1.2223467881803618,1.2223467881803618,1.2223467881803618,1.2223467881803618
