obs_gdp,obs_hours,obs_wages,obs_gdpdeflator,obs_corepce,obs_nominalrate,obs_consumption,obs_investment,obs_BBBspread,obs_longinflation,obs_longrate,obs_tfp,obs_gdi,obs_AAAspread,obs_nominalrate1,obs_nominalrate2,obs_nominalrate3,obs_nominalrate4,obs_nominalrate5,obs_nominalrate6
0.4785900337666016,-46.033405099650125,0.4785900337666016,0.4873644385214592,0.49999999999998934,1.2037861553023887,0.4785900337666016,0.4785900337666016,0.4437637298484819,0.49999999999998934,1.2037861553023887,0.0,0.4785900337666016,0.1174310227768634,1.2037861553023887,1.2037861553023887,1.2037861553023887,1.2037861553023887,1.2037861553023887,1.2037861553023887
