obs_gdp,obs_hours,obs_wages,obs_gdpdeflator,obs_corepce,obs_nominalrate,obs_consumption,obs_investment,obs_BBBspread,obs_longinflation,obs_longrate,obs_tfp,obs_gdi,obs_AAAspread,obs_nominalrate1,obs_nominalrate2,obs_nominalrate3,obs_nominalrate4,obs_nominalrate5,obs_nominalrate6
0.45155940607515266,-47.042697684404615,0.45155940607515266,0.4945017532492954,0.49999999999998934,1.1833373815831827,0.45155940607515266,0.45155940607515266,0.44008943311592724,0.49999999999998934,1.1833373815831827,0.0,0.45155940607515266,0.1174310227768634,1.1833373815831827,1.1833373815831827,1.1833373815831827,1.1833373815831827,1.1833373815831827,1.1833373815831827
