obs_gdp,obs_hours,obs_wages,obs_gdpdeflator,obs_corepce,obs_nominalrate,obs_consumption,obs_investment,obs_BBBspread,obs_longinflation,obs_longrate,obs_tfp,obs_gdi,obs_AAAspread,obs_nominalrate1,obs_nominalrate2,obs_nominalrate3,obs_nominalrate4,obs_nominalrate5,obs_nominalrate6
0.5218598482993109,-44.30751976877903,0.5218598482993109,0.4867178559422687,0.49999999999998934,1.2781278217643743,0.5218598482993109,0.5218598482993109,0.4435773269254251,0.49999999999998934,1.2781278217643743,0.0,0.5218598482993109,0.1174310227768634,1.2781278217643743,1.2781278217643743,1.2781278217643743,1.2781278217643743,1.2781278217643743,1.2781278217643743
