obs_gdp,obs_hours,obs_wages,obs_gdpdeflator,obs_corepce,obs_nominalrate,obs_consumption,obs_investment,obs_BBBspread,obs_longinflation,obs_longrate,obs_tfp,obs_gdi,obs_AAAspread,obs_nominalrate1,obs_nominalrate2,obs_nominalrate3,obs_nominalrate4,obs_nominalrate5,obs_nominalrate6
0.5337005817247942,-43.937497030328224,0.5337005817247942,0.48568633985494386,0.49999999999998934,1.2863038574774999,0.5337005817247942,0.5337005817247942,0.44287704741208117,0.49999999999998934,1.2863038574774999,0.0,0.5337005817247942,0.1174310227768634,1.2863038574774999,1.2863038574774999,1.2863038574774999,1.2863038574774999,1.2863038574774999,1.2863038574774999
