obs_gdp,obs_hours,obs_wages,obs_gdpdeflator,obs_corepce,obs_nominalrate,obs_consumption,obs_investment,obs_BBBspread,obs_longinflation,obs_longrate,obs_tfp,obs_gdi,obs_AAAspread,obs_nominalrate1,obs_nominalrate2,obs_nominalrate3,obs_nominalrate4,obs_nominalrate5,obs_nominalrate6
0.4606022058501358,-46.85649945900279,0.4606022058501358,0.4925505398075748,0.49999999999998934,1.1861504246671428,0.4606022058501358,0.4606022058501358,0.4361323660133271,0.49999999999998934,1.1861504246671428,0.0,0.4606022058501358,0.1174310227768634,1.1861504246671428,1.1861504246671428,1.1861504246671428,1.1861504246671428,1.1861504246671428,1.1861504246671428
