obs_gdp,obs_hours,obs_wages,obs_gdpdeflator,obs_corepce,obs_nominalrate,obs_consumption,obs_investment,obs_BBBspread,obs_longinflation,obs_longrate,obs_tfp,obs_gdi,obs_AAAspread,obs_nominalrate1,obs_nominalrate2,obs_nominalrate3,obs_nominalrate4,obs_nominalrate5,obs_nominalrate6
0.488424949419608,-45.31105454965719,0.488424949419608,0.4867985840782753,0.49999999999998934,1.212726744400583,0.488424949419608,0.488424949419608,0.4329350749605161,0.49999999999998934,1.212726744400583,0.0,0.488424949419608,0.1174310227768634,1.212726744400583,1.212726744400583,1.212726744400583,1.212726744400583,1.212726744400583,1.212726744400583
