obs_gdp,obs_hours,obs_wages,obs_gdpdeflator,obs_corepce,obs_nominalrate,obs_consumption,obs_investment,obs_BBBspread,obs_longinflation,obs_longrate,obs_tfp,obs_gdi,obs_AAAspread,obs_nominalrate1,obs_nominalrate2,obs_nominalrate3,obs_nominalrate4,obs_nominalrate5,obs_nominalrate6
0.4718755164463184,-46.337837972939795,0.4718755164463184,0.48651263131547956,0.49999999999998934,1.196434058834317,0.4718755164463184,0.4718755164463184,0.4361135199314772,0.49999999999998934,1.196434058834317,0.0,0.4718755164463184,0.1174310227768634,1.196434058834317,1.196434058834317,1.196434058834317,1.196434058834317,1.196434058834317,1.196434058834317
