obs_gdp,obs_hours,obs_wages,obs_gdpdeflator,obs_corepce,obs_nominalrate,obs_consumption,obs_investment,obs_BBBspread,obs_longinflation,obs_longrate,obs_tfp,obs_gdi,obs_AAAspread,obs_nominalrate1,obs_nominalrate2,obs_nominalrate3,obs_nominalrate4,obs_nominalrate5,obs_nominalrate6
0.5085475357631042,-44.42249630579869,0.5085475357631042,0.4868989820024127,0.49999999999998934,1.2591035602592227,0.5085475357631042,0.5085475357631042,0.4320390570369581,0.49999999999998934,1.2591035602592227,0.0,0.5085475357631042,0.1174310227768634,1.2591035602592227,1.2591035602592227,1.2591035602592227,1.2591035602592227,1.2591035602592227,1.2591035602592227
