obs_gdp,obs_hours,obs_wages,obs_gdpdeflator,obs_corepce,obs_nominalrate,obs_consumption,obs_investment,obs_BBBspread,obs_longinflation,obs_longrate,obs_tfp,obs_gdi,obs_AAAspread,obs_nominalrate1,obs_nominalrate2,obs_nominalrate3,obs_nominalrate4,obs_nominalrate5,obs_nominalrate6
0.5010718106109424,-45.13328871553582,0.5010718106109424,0.48509863570261696,0.49999999999998934,1.2365517011657667,0.5010718106109424,0.5010718106109424,0.4333122800187942,0.49999999999998934,1.2365517011657667,0.0,0.5010718106109424,0.1174310227768634,1.2365517011657667,1.2365517011657667,1.2365517011657667,1.2365517011657667,1.2365517011657667,1.2365517011657667
