obs_gdp,obs_hours,obs_wages,obs_gdpdeflator,obs_corepce,obs_nominalrate,obs_consumption,obs_investment,obs_BBBspread,obs_longinflation,obs_longrate,obs_tfp,obs_gdi,obs_AAAspread,obs_nominalrate1,obs_nominalrate2,obs_nominalrate3,obs_nominalrate4,obs_nominalrate5,obs_nominalrate6
0.5431990988270075,-43.32252072829753,0.5431990988270075,0.4867113074435745,0.49999999999998934,1.3186831901481844,0.5431990988270075,0.5431990988270075,0.43453276233763066,0.49999999999998934,1.3186831901481844,0.0,0.5431990988270075,0.1174310227768634,1.3186831901481844,1.3186831901481844,1.3186831901481844,1.3186831901481844,1.3186831901481844,1.3186831901481844
