obs_gdp,obs_hours,obs_wages,obs_gdpdeflator,obs_corepce,obs_nominalrate,obs_consumption,obs_investment,obs_BBBspread,obs_longinflation,obs_longrate,obs_tfp,obs_gdi,obs_AAAspread,obs_nominalrate1,obs_nominalrate2,obs_nominalrate3,obs_nominalrate4,obs_nominalrate5,obs_nominalrate6
0.50806551479603,-44.888847850967316,0.50806551479603,0.4925024484089401,0.49999999999998934,1.2597047000080908,0.50806551479603,0.50806551479603,0.4364224202396967,0.49999999999998934,1.2597047000080908,0.0,0.50806551479603,0.1174310227768634,1.2597047000080908,1.2597047000080908,1.2597047000080908,1.2597047000080908,1.2597047000080908,1.2597047000080908
