obs_gdp,obs_hours,obs_wages,obs_gdpdeflator,obs_corepce,obs_nominalrate,obs_consumption,obs_investment,obs_BBBspread,obs_longinflation,obs_longrate,obs_tfp,obs_gdi,obs_AAAspread,obs_nominalrate1,obs_nominalrate2,obs_nominalrate3,obs_nominalrate4,obs_nominalrate5,obs_nominalrate6
0.5242918256611162,-44.38185748035173,0.5242918256611162,0.4907458883001423,0.49999999999998934,1.2799652524215999,0.5242918256611162,0.5242918256611162,0.43492167700734263,0.49999999999998934,1.2799652524215999,0.0,0.5242918256611162,0.1174310227768634,1.2799652524215999,1.2799652524215999,1.2799652524215999,1.2799652524215999,1.2799652524215999,1.2799652524215999
