obs_gdp,obs_hours,obs_wages,obs_gdpdeflator,obs_corepce,obs_nominalrate,obs_consumption,obs_investment,obs_BBBspread,obs_longinflation,obs_longrate,obs_tfp,obs_gdi,obs_AAAspread,obs_nominalrate1,obs_nominalrate2,obs_nominalrate3,obs_nominalrate4,obs_nominalrate5,obs_nominalrate6
0.5002438867352854,-45.043201099351904,0.5002438867352854,0.48253703229063943,0.49999999999998934,1.232360905257801,0.5002438867352854,0.5002438867352854,0.44318159881548447,0.49999999999998934,1.232360905257801,0.0,0.5002438867352854,0.1174310227768634,1.232360905257801,1.232360905257801,1.232360905257801,1.232360905257801,1.232360905257801,1.232360905257801
