obs_gdp,obs_hours,obs_wages,obs_gdpdeflator,obs_corepce,obs_nominalrate,obs_consumption,obs_investment,obs_BBBspread,obs_longinflation,obs_longrate,obs_tfp,obs_gdi,obs_AAAspread,obs_nominalrate1,obs_nominalrate2,obs_nominalrate3,obs_nominalrate4,obs_nominalrate5,obs_nominalrate6
0.47194067644860116,-46.276849751328704,0.47194067644860116,0.4863231077455676,0.49999999999998934,1.2050636248972513,0.47194067644860116,0.47194067644860116,0.43483427845168204,0.49999999999998934,1.2050636248972513,0.0,0.47194067644860116,0.1174310227768634,1.2050636248972513,1.2050636248972513,1.2050636248972513,1.2050636248972513,1.2050636248972513,1.2050636248972513
