obs_gdp,obs_hours,obs_wages,obs_gdpdeflator,obs_corepce,obs_nominalrate,obs_consumption,obs_investment,obs_BBBspread,obs_longinflation,obs_longrate,obs_tfp,obs_gdi,obs_AAAspread,obs_nominalrate1,obs_nominalrate2,obs_nominalrate3,obs_nominalrate4,obs_nominalrate5,obs_nominalrate6
0.4581700809128675,-46.8202554502895,0.4581700809128675,0.48809988700172596,0.49999999999998934,1.1856885171076748,0.4581700809128675,0.4581700809128675,0.437862400559309,0.49999999999998934,1.1856885171076748,0.0,0.4581700809128675,0.1174310227768634,1.1856885171076748,1.1856885171076748,1.1856885171076748,1.1856885171076748,1.1856885171076748,1.1856885171076748
