obs_gdp,obs_hours,obs_wages,obs_gdpdeflator,obs_corepce,obs_nominalrate,obs_consumption,obs_investment,obs_BBBspread,obs_longinflation,obs_longrate,obs_tfp,obs_gdi,obs_AAAspread,obs_nominalrate1,obs_nominalrate2,obs_nominalrate3,obs_nominalrate4,obs_nominalrate5,obs_nominalrate6
0.45378804224531777,-46.810379054036844,0.45378804224531777,0.4819801320015767,0.49999999999998934,1.161561200448924,0.45378804224531777,0.45378804224531777,0.44605332224551986,0.49999999999998934,1.161561200448924,0.0,0.45378804224531777,0.1174310227768634,1.161561200448924,1.161561200448924,1.161561200448924,1.161561200448924,1.161561200448924,1.161561200448924
