obs_gdp,obs_hours,obs_wages,obs_gdpdeflator,obs_corepce,obs_nominalrate,obs_consumption,obs_investment,obs_BBBspread,obs_longinflation,obs_longrate,obs_tfp,obs_gdi,obs_AAAspread,obs_nominalrate1,obs_nominalrate2,obs_nominalrate3,obs_nominalrate4,obs_nominalrate5,obs_nominalrate6
0.5657328830843467,-42.89458982196403,0.5657328830843467,0.48514895137401726,0.49999999999998934,1.3326817906186506,0.5657328830843467,0.5657328830843467,0.43384303218072345,0.49999999999998934,1.3326817906186506,0.0,0.5657328830843467,0.1174310227768634,1.3326817906186506,1.3326817906186506,1.3326817906186506,1.3326817906186506,1.3326817906186506,1.3326817906186506
