obs_gdp,obs_hours,obs_wages,obs_gdpdeflator,obs_corepce,obs_nominalrate,obs_consumption,obs_investment,obs_BBBspread,obs_longinflation,obs_longrate,obs_tfp,obs_gdi,obs_AAAspread,obs_nominalrate1,obs_nominalrate2,obs_nominalrate3,obs_nominalrate4,obs_nominalrate5,obs_nominalrate6
0.49558816399770667,-45.39170642332779,0.49558816399770667,0.48719221707525606,0.49999999999998934,1.2271816819619197,0.49558816399770667,0.49558816399770667,0.44373453544402797,0.49999999999998934,1.2271816819619197,0.0,0.49558816399770667,0.1174310227768634,1.2271816819619197,1.2271816819619197,1.2271816819619197,1.2271816819619197,1.2271816819619197,1.2271816819619197
