obs_gdp,obs_hours,obs_wages,obs_gdpdeflator,obs_corepce,obs_nominalrate,obs_consumption,obs_investment,obs_BBBspread,obs_longinflation,obs_longrate,obs_tfp,obs_gdi,obs_AAAspread,obs_nominalrate1,obs_nominalrate2,obs_nominalrate3,obs_nominalrate4,obs_nominalrate5,obs_nominalrate6
0.46280895705097524,-46.714234568177254,0.46280895705097524,0.48695061370167153,0.49999999999998934,1.1866553106251176,0.46280895705097524,0.46280895705097524,0.4325730243962159,0.49999999999998934,1.1866553106251176,0.0,0.46280895705097524,0.1174310227768634,1.1866553106251176,1.1866553106251176,1.1866553106251176,1.1866553106251176,1.1866553106251176,1.1866553106251176
