obs_gdp,obs_hours,obs_wages,obs_gdpdeflator,obs_corepce,obs_nominalrate,obs_consumption,obs_investment,obs_BBBspread,obs_longinflation,obs_longrate,obs_tfp,obs_gdi,obs_AAAspread,obs_nominalrate1,obs_nominalrate2,obs_nominalrate3,obs_nominalrate4,obs_nominalrate5,obs_nominalrate6
0.4579643972538072,-46.47041693146072,0.4579643972538072,0.4879826770170851,0.49999999999998934,1.1664370889806985,0.4579643972538072,0.4579643972538072,0.4362647876624994,0.49999999999998934,1.1664370889806985,0.0,0.4579643972538072,0.1174310227768634,1.1664370889806985,1.1664370889806985,1.1664370889806985,1.1664370889806985,1.1664370889806985,1.1664370889806985
