obs_gdp,obs_hours,obs_wages,obs_gdpdeflator,obs_corepce,obs_nominalrate,obs_consumption,obs_investment,obs_BBBspread,obs_longinflation,obs_longrate,obs_tfp,obs_gdi,obs_AAAspread,obs_nominalrate1,obs_nominalrate2,obs_nominalrate3,obs_nominalrate4,obs_nominalrate5,obs_nominalrate6
0.45041509008765246,-46.648120621089674,0.45041509008765246,0.4875510143924904,0.49999999999998934,1.1915411587207547,0.45041509008765246,0.45041509008765246,0.43538783407546866,0.49999999999998934,1.1915411587207547,0.0,0.45041509008765246,0.1174310227768634,1.1915411587207547,1.1915411587207547,1.1915411587207547,1.1915411587207547,1.1915411587207547,1.1915411587207547
