obs_gdp,obs_hours,obs_wages,obs_gdpdeflator,obs_corepce,obs_nominalrate,obs_consumption,obs_investment,obs_BBBspread,obs_longinflation,obs_longrate,obs_tfp,obs_gdi,obs_AAAspread,obs_nominalrate1,obs_nominalrate2,obs_nominalrate3,obs_nominalrate4,obs_nominalrate5,obs_nominalrate6
0.5279258869507863,-44.208432449279904,0.5279258869507863,0.4861820166340365,0.49999999999998934,1.286340420476173,0.5279258869507863,0.5279258869507863,0.43612972034330294,0.49999999999998934,1.286340420476173,0.0,0.5279258869507863,0.1174310227768634,1.286340420476173,1.286340420476173,1.286340420476173,1.286340420476173,1.286340420476173,1.286340420476173
