obs_gdp,obs_hours,obs_wages,obs_gdpdeflator,obs_corepce,obs_nominalrate,obs_consumption,obs_investment,obs_BBBspread,obs_longinflation,obs_longrate,obs_tfp,obs_gdi,obs_AAAspread,obs_nominalrate1,obs_nominalrate2,obs_nominalrate3,obs_nominalrate4,obs_nominalrate5,obs_nominalrate6
0.3968562653384522,-48.9886021230474,0.3968562653384522,0.4864491730646904,0.49999999999998934,1.1032453260154451,0.3968562653384522,0.3968562653384522,0.4417079119773615,0.49999999999998934,1.1032453260154451,0.0,0.3968562653384522,0.1174310227768634,1.1032453260154451,1.1032453260154451,1.1032453260154451,1.1032453260154451,1.1032453260154451,1.1032453260154451
