obs_gdp,obs_hours,obs_wages,obs_gdpdeflator,obs_corepce,obs_nominalrate,obs_consumption,obs_investment,obs_BBBspread,obs_longinflation,obs_longrate,obs_tfp,obs_gdi,obs_AAAspread,obs_nominalrate1,obs_nominalrate2,obs_nominalrate3,obs_nominalrate4,obs_nominalrate5,obs_nominalrate6
0.46344948814147635,-46.50190672893525,0.46344948814147635,0.49309710206642815,0.49999999999998934,1.182501128093083,0.46344948814147635,0.46344948814147635,0.4408396777652904,0.49999999999998934,1.182501128093083,0.0,0.46344948814147635,0.1174310227768634,1.182501128093083,1.182501128093083,1.182501128093083,1.182501128093083,1.182501128093083,1.182501128093083
