obs_gdp,obs_hours,obs_wages,obs_gdpdeflator,obs_corepce,obs_nominalrate,obs_consumption,obs_investment,obs_BBBspread,obs_longinflation,obs_longrate,obs_tfp,obs_gdi,obs_AAAspread,obs_nominalrate1,obs_nominalrate2,obs_nominalrate3,obs_nominalrate4,obs_nominalrate5,obs_nominalrate6
0.47938681973089814,-45.79076211221623,0.47938681973089814,0.4883084823389123,0.49999999999998934,1.2168685902308907,0.47938681973089814,0.47938681973089814,0.43857261177844503,0.49999999999998934,1.2168685902308907,0.0,0.47938681973089814,0.1174310227768634,1.2168685902308907,1.2168685902308907,1.2168685902308907,1.2168685902308907,1.2168685902308907,1.2168685902308907
