obs_gdp,obs_hours,obs_wages,obs_gdpdeflator,obs_corepce,obs_nominalrate,obs_consumption,obs_investment,obs_BBBspread,obs_longinflation,obs_longrate,obs_tfp,obs_gdi,obs_AAAspread,obs_nominalrate1,obs_nominalrate2,obs_nominalrate3,obs_nominalrate4,obs_nominalrate5,obs_nominalrate6
0.3774229213260538,-49.74540508415612,0.3774229213260538,0.4867196665514184,0.49999999999998934,1.0753938461746326,0.3774229213260538,0.3774229213260538,0.44410214272291965,0.49999999999998934,1.0753938461746326,0.0,0.3774229213260538,0.1174310227768634,1.0753938461746326,1.0753938461746326,1.0753938461746326,1.0753938461746326,1.0753938461746326,1.0753938461746326
