obs_gdp,obs_hours,obs_wages,obs_gdpdeflator,obs_corepce,obs_nominalrate,obs_consumption,obs_investment,obs_BBBspread,obs_longinflation,obs_longrate,obs_tfp,obs_gdi,obs_AAAspread,obs_nominalrate1,obs_nominalrate2,obs_nominalrate3,obs_nominalrate4,obs_nominalrate5,obs_nominalrate6
0.4969045697164498,-45.162544251621675,0.4969045697164498,0.48829533523536384,0.49999999999998934,1.2425273847376461,0.4969045697164498,0.4969045697164498,0.4384576302524525,0.49999999999998934,1.2425273847376461,0.0,0.4969045697164498,0.1174310227768634,1.2425273847376461,1.2425273847376461,1.2425273847376461,1.2425273847376461,1.2425273847376461,1.2425273847376461
