obs_gdp,obs_hours,obs_wages,obs_gdpdeflator,obs_corepce,obs_nominalrate,obs_consumption,obs_investment,obs_BBBspread,obs_longinflation,obs_longrate,obs_tfp,obs_gdi,obs_AAAspread,obs_nominalrate1,obs_nominalrate2,obs_nominalrate3,obs_nominalrate4,obs_nominalrate5,obs_nominalrate6
0.49537320539092544,-44.837971670786715,0.49537320539092544,0.48647886847925115,0.49999999999998934,1.2331710276657137,0.49537320539092544,0.49537320539092544,0.4354537030711781,0.49999999999998934,1.2331710276657137,0.0,0.49537320539092544,0.1174310227768634,1.2331710276657137,1.2331710276657137,1.2331710276657137,1.2331710276657137,1.2331710276657137,1.2331710276657137
