obs_gdp,obs_hours,obs_wages,obs_gdpdeflator,obs_corepce,obs_nominalrate,obs_consumption,obs_investment,obs_BBBspread,obs_longinflation,obs_longrate,obs_tfp,obs_gdi,obs_AAAspread,obs_nominalrate1,obs_nominalrate2,obs_nominalrate3,obs_nominalrate4,obs_nominalrate5,obs_nominalrate6
0.5168578811556301,-44.55811647828829,0.5168578811556301,0.4922467439838735,0.49999999999998934,1.2799912220643472,0.5168578811556301,0.5168578811556301,0.44042348654936625,0.49999999999998934,1.2799912220643472,0.0,0.5168578811556301,0.1174310227768634,1.2799912220643472,1.2799912220643472,1.2799912220643472,1.2799912220643472,1.2799912220643472,1.2799912220643472
