obs_gdp,obs_hours,obs_wages,obs_gdpdeflator,obs_corepce,obs_nominalrate,obs_consumption,obs_investment,obs_BBBspread,obs_longinflation,obs_longrate,obs_tfp,obs_gdi,obs_AAAspread,obs_nominalrate1,obs_nominalrate2,obs_nominalrate3,obs_nominalrate4,obs_nominalrate5,obs_nominalrate6
0.45511703196625675,-46.79188935411572,0.45511703196625675,0.48779134002610036,0.49999999999998934,1.18539277664933,0.45511703196625675,0.45511703196625675,0.4398742279242668,0.49999999999998934,1.18539277664933,0.0,0.45511703196625675,0.1174310227768634,1.18539277664933,1.18539277664933,1.18539277664933,1.18539277664933,1.18539277664933,1.18539277664933
