obs_gdp,obs_hours,obs_wages,obs_gdpdeflator,obs_corepce,obs_nominalrate,obs_consumption,obs_investment,obs_BBBspread,obs_longinflation,obs_longrate,obs_tfp,obs_gdi,obs_AAAspread,obs_nominalrate1,obs_nominalrate2,obs_nominalrate3,obs_nominalrate4,obs_nominalrate5,obs_nominalrate6
0.45247409062918464,-46.767036197612576,0.45247409062918464,0.4870823083642892,0.49999999999998934,1.1614274946385006,0.45247409062918464,0.45247409062918464,0.43746066723409793,0.49999999999998934,1.1614274946385006,0.0,0.45247409062918464,0.1174310227768634,1.1614274946385006,1.1614274946385006,1.1614274946385006,1.1614274946385006,1.1614274946385006,1.1614274946385006
