obs_gdp,obs_hours,obs_wages,obs_gdpdeflator,obs_corepce,obs_nominalrate,obs_consumption,obs_investment,obs_BBBspread,obs_longinflation,obs_longrate,obs_tfp,obs_gdi,obs_AAAspread,obs_nominalrate1,obs_nominalrate2,obs_nominalrate3,obs_nominalrate4,obs_nominalrate5,obs_nominalrate6
0.45685916326798637,-46.99212455805363,0.45685916326798637,0.49219442789134576,0.49999999999998934,1.1797325539565806,0.45685916326798637,0.45685916326798637,0.43577409505160153,0.49999999999998934,1.1797325539565806,0.0,0.45685916326798637,0.1174310227768634,1.1797325539565806,1.1797325539565806,1.1797325539565806,1.1797325539565806,1.1797325539565806,1.1797325539565806
