obs_gdp,obs_hours,obs_wages,obs_gdpdeflator,obs_corepce,obs_nominalrate,obs_consumption,obs_investment,obs_BBBspread,obs_longinflation,obs_longrate,obs_tfp,obs_gdi,obs_AAAspread,obs_nominalrate1,obs_nominalrate2,obs_nominalrate3,obs_nominalrate4,obs_nominalrate5,obs_nominalrate6
0.3934062628855983,-49.3644557769696,0.3934062628855983,0.494937203724788,0.49999999999998934,1.1159620521037583,0.3934062628855983,0.3934062628855983,0.4358418032774339,0.49999999999998934,1.1159620521037583,0.0,0.3934062628855983,0.1174310227768634,1.1159620521037583,1.1159620521037583,1.1159620521037583,1.1159620521037583,1.1159620521037583,1.1159620521037583
