obs_gdp,obs_hours,obs_wages,obs_gdpdeflator,obs_corepce,obs_nominalrate,obs_consumption,obs_investment,obs_BBBspread,obs_longinflation,obs_longrate,obs_tfp,obs_gdi,obs_AAAspread,obs_nominalrate1,obs_nominalrate2,obs_nominalrate3,obs_nominalrate4,obs_nominalrate5,obs_nominalrate6
0.4600782324386099,-46.536874170584625,0.4600782324386099,0.48534687941502125,0.49999999999998934,1.1851026444182233,0.4600782324386099,0.4600782324386099,0.43500770725505933,0.49999999999998934,1.1851026444182233,0.0,0.4600782324386099,0.1174310227768634,1.1851026444182233,1.1851026444182233,1.1851026444182233,1.1851026444182233,1.1851026444182233,1.1851026444182233
