obs_gdp,obs_hours,obs_wages,obs_gdpdeflator,obs_corepce,obs_nominalrate,obs_consumption,obs_investment,obs_BBBspread,obs_longinflation,obs_longrate,obs_tfp,obs_gdi,obs_AAAspread,obs_nominalrate1,obs_nominalrate2,obs_nominalrate3,obs_nominalrate4,obs_nominalrate5,obs_nominalrate6
0.5072501489095993,-44.95835079897753,0.5072501489095993,0.4864502411165036,0.49999999999998934,1.2464508774347127,0.5072501489095993,0.5072501489095993,0.44317557982362166,0.49999999999998934,1.2464508774347127,0.0,0.5072501489095993,0.1174310227768634,1.2464508774347127,1.2464508774347127,1.2464508774347127,1.2464508774347127,1.2464508774347127,1.2464508774347127
