obs_gdp,obs_hours,obs_wages,obs_gdpdeflator,obs_corepce,obs_nominalrate,obs_consumption,obs_investment,obs_BBBspread,obs_longinflation,obs_longrate,obs_tfp,obs_gdi,obs_AAAspread,obs_nominalrate1,obs_nominalrate2,obs_nominalrate3,obs_nominalrate4,obs_nominalrate5,obs_nominalrate6
0.5463888765883995,-43.43247414302662,0.5463888765883995,0.48641522739594106,0.49999999999998934,1.3077044868144538,0.5463888765883995,0.5463888765883995,0.44340907790445616,0.49999999999998934,1.3077044868144538,0.0,0.5463888765883995,0.1174310227768634,1.3077044868144538,1.3077044868144538,1.3077044868144538,1.3077044868144538,1.3077044868144538,1.3077044868144538
