obs_gdp,obs_hours,obs_wages,obs_gdpdeflator,obs_corepce,obs_nominalrate,obs_consumption,obs_investment,obs_BBBspread,obs_longinflation,obs_longrate,obs_tfp,obs_gdi,obs_AAAspread,obs_nominalrate1,obs_nominalrate2,obs_nominalrate3,obs_nominalrate4,obs_nominalrate5,obs_nominalrate6
0.4888902625930225,-45.72185628769888,0.4888902625930225,0.4941136872175747,0.49999999999998934,1.2463430830007782,0.4888902625930225,0.4888902625930225,0.4351035733118433,0.49999999999998934,1.2463430830007782,0.0,0.4888902625930225,0.1174310227768634,1.2463430830007782,1.2463430830007782,1.2463430830007782,1.2463430830007782,1.2463430830007782,1.2463430830007782
