obs_gdp,obs_hours,obs_wages,obs_gdpdeflator,obs_corepce,obs_nominalrate,obs_consumption,obs_investment,obs_BBBspread,obs_longinflation,obs_longrate,obs_tfp,obs_gdi,obs_AAAspread,obs_nominalrate1,obs_nominalrate2,obs_nominalrate3,obs_nominalrate4,obs_nominalrate5,obs_nominalrate6
0.4313470594762725,-47.71705904757918,0.4313470594762725,0.4875323551114028,0.49999999999998934,1.1513310927983467,0.4313470594762725,0.4313470594762725,0.43903188221537,0.49999999999998934,1.1513310927983467,0.0,0.4313470594762725,0.1174310227768634,1.1513310927983467,1.1513310927983467,1.1513310927983467,1.1513310927983467,1.1513310927983467,1.1513310927983467
