obs_gdp,obs_hours,obs_wages,obs_gdpdeflator,obs_corepce,obs_nominalrate,obs_consumption,obs_investment,obs_BBBspread,obs_longinflation,obs_longrate,obs_tfp,obs_gdi,obs_AAAspread,obs_nominalrate1,obs_nominalrate2,obs_nominalrate3,obs_nominalrate4,obs_nominalrate5,obs_nominalrate6
0.4948838582698789,-45.39230443753799,0.4948838582698789,0.4870526927962595,0.49999999999998934,1.2255317289984635,0.4948838582698789,0.4948838582698789,0.4439295587901435,0.49999999999998934,1.2255317289984635,0.0,0.4948838582698789,0.1174310227768634,1.2255317289984635,1.2255317289984635,1.2255317289984635,1.2255317289984635,1.2255317289984635,1.2255317289984635
