obs_gdp,obs_hours,obs_wages,obs_gdpdeflator,obs_corepce,obs_nominalrate,obs_consumption,obs_investment,obs_BBBspread,obs_longinflation,obs_longrate,obs_tfp,obs_gdi,obs_AAAspread,obs_nominalrate1,obs_nominalrate2,obs_nominalrate3,obs_nominalrate4,obs_nominalrate5,obs_nominalrate6
0.4826635308048388,-45.73032869773349,0.4826635308048388,0.48281121951705724,0.49999999999998934,1.207022045873063,0.4826635308048388,0.4826635308048388,0.4428140452878477,0.49999999999998934,1.207022045873063,0.0,0.4826635308048388,0.1174310227768634,1.207022045873063,1.207022045873063,1.207022045873063,1.207022045873063,1.207022045873063,1.207022045873063
