obs_gdp,obs_hours,obs_wages,obs_gdpdeflator,obs_corepce,obs_nominalrate,obs_consumption,obs_investment,obs_BBBspread,obs_longinflation,obs_longrate,obs_tfp,obs_gdi,obs_AAAspread,obs_nominalrate1,obs_nominalrate2,obs_nominalrate3,obs_nominalrate4,obs_nominalrate5,obs_nominalrate6
0.4519495642211657,-46.96498002281661,0.4519495642211657,0.4936400496643725,0.49999999999998934,1.166885984903887,0.4519495642211657,0.4519495642211657,0.44116406321623014,0.49999999999998934,1.166885984903887,0.0,0.4519495642211657,0.1174310227768634,1.166885984903887,1.166885984903887,1.166885984903887,1.166885984903887,1.166885984903887,1.166885984903887
