obs_gdp,obs_hours,obs_wages,obs_gdpdeflator,obs_corepce,obs_nominalrate,obs_consumption,obs_investment,obs_BBBspread,obs_longinflation,obs_longrate,obs_tfp,obs_gdi,obs_AAAspread,obs_nominalrate1,obs_nominalrate2,obs_nominalrate3,obs_nominalrate4,obs_nominalrate5,obs_nominalrate6
0.3979167145250706,-48.98948977213994,0.3979167145250706,0.48690129550008376,0.49999999999998934,1.1025763137308076,0.3979167145250706,0.3979167145250706,0.4432509670249025,0.49999999999998934,1.1025763137308076,0.0,0.3979167145250706,0.1174310227768634,1.1025763137308076,1.1025763137308076,1.1025763137308076,1.1025763137308076,1.1025763137308076,1.1025763137308076
