obs_gdp,obs_hours,obs_wages,obs_gdpdeflator,obs_corepce,obs_nominalrate,obs_consumption,obs_investment,obs_BBBspread,obs_longinflation,obs_longrate,obs_tfp,obs_gdi,obs_AAAspread,obs_nominalrate1,obs_nominalrate2,obs_nominalrate3,obs_nominalrate4,obs_nominalrate5,obs_nominalrate6
0.48917404733770375,-45.14113130101858,0.48917404733770375,0.4868506175521093,0.49999999999998934,1.2332566573284298,0.48917404733770375,0.48917404733770375,0.4345267687799392,0.49999999999998934,1.2332566573284298,0.0,0.48917404733770375,0.1174310227768634,1.2332566573284298,1.2332566573284298,1.2332566573284298,1.2332566573284298,1.2332566573284298,1.2332566573284298
