obs_gdp,obs_hours,obs_wages,obs_gdpdeflator,obs_corepce,obs_nominalrate,obs_consumption,obs_investment,obs_BBBspread,obs_longinflation,obs_longrate,obs_tfp,obs_gdi,obs_AAAspread,obs_nominalrate1,obs_nominalrate2,obs_nominalrate3,obs_nominalrate4,obs_nominalrate5,obs_nominalrate6
0.38382674704797726,-49.46906237509505,0.38382674704797726,0.48671189437229456,0.49999999999998934,1.093517370881747,0.38382674704797726,0.38382674704797726,0.43524364708449925,0.49999999999998934,1.093517370881747,0.0,0.38382674704797726,0.1174310227768634,1.093517370881747,1.093517370881747,1.093517370881747,1.093517370881747,1.093517370881747,1.093517370881747
