obs_gdp,obs_hours,obs_wages,obs_gdpdeflator,obs_corepce,obs_nominalrate,obs_consumption,obs_investment,obs_BBBspread,obs_longinflation,obs_longrate,obs_tfp,obs_gdi,obs_AAAspread,obs_nominalrate1,obs_nominalrate2,obs_nominalrate3,obs_nominalrate4,obs_nominalrate5,obs_nominalrate6
0.3770251850657935,-49.74378400731962,0.3770251850657935,0.4873296649973028,0.49999999999998934,1.0770917244855793,0.3770251850657935,0.3770251850657935,0.4438674456707638,0.49999999999998934,1.0770917244855793,0.0,0.3770251850657935,0.1174310227768634,1.0770917244855793,1.0770917244855793,1.0770917244855793,1.0770917244855793,1.0770917244855793,1.0770917244855793
