obs_gdp,obs_hours,obs_wages,obs_gdpdeflator,obs_corepce,obs_nominalrate,obs_consumption,obs_investment,obs_BBBspread,obs_longinflation,obs_longrate,obs_tfp,obs_gdi,obs_AAAspread,obs_nominalrate1,obs_nominalrate2,obs_nominalrate3,obs_nominalrate4,obs_nominalrate5,obs_nominalrate6
0.45785947526755244,-46.67602645715277,0.45785947526755244,0.49426281953888107,0.49999999999998934,1.1944131268444957,0.45785947526755244,0.45785947526755244,0.4353143884327387,0.49999999999998934,1.1944131268444957,0.0,0.45785947526755244,0.1174310227768634,1.1944131268444957,1.1944131268444957,1.1944131268444957,1.1944131268444957,1.1944131268444957,1.1944131268444957
