obs_gdp,obs_hours,obs_wages,obs_gdpdeflator,obs_corepce,obs_nominalrate,obs_consumption,obs_investment,obs_BBBspread,obs_longinflation,obs_longrate,obs_tfp,obs_gdi,obs_AAAspread,obs_nominalrate1,obs_nominalrate2,obs_nominalrate3,obs_nominalrate4,obs_nominalrate5,obs_nominalrate6
0.5570020650888186,-42.841806210188196,0.5570020650888186,0.48681284492777094,0.49999999999998934,1.338946060709456,0.5570020650888186,0.5570020650888186,0.4344577773101258,0.49999999999998934,1.338946060709456,0.0,0.5570020650888186,0.1174310227768634,1.338946060709456,1.338946060709456,1.338946060709456,1.338946060709456,1.338946060709456,1.338946060709456
