obs_gdp,obs_hours,obs_wages,obs_gdpdeflator,obs_corepce,obs_nominalrate,obs_consumption,obs_investment,obs_BBBspread,obs_longinflation,obs_longrate,obs_tfp,obs_gdi,obs_AAAspread,obs_nominalrate1,obs_nominalrate2,obs_nominalrate3,obs_nominalrate4,obs_nominalrate5,obs_nominalrate6
0.4583161523970869,-46.47741026790545,0.4583161523970869,0.48789170417176236,0.49999999999998934,1.169388183839648,0.4583161523970869,0.4583161523970869,0.4372925297221593,0.49999999999998934,1.169388183839648,0.0,0.4583161523970869,0.1174310227768634,1.169388183839648,1.169388183839648,1.169388183839648,1.169388183839648,1.169388183839648,1.169388183839648
