obs_gdp,obs_hours,obs_wages,obs_gdpdeflator,obs_corepce,obs_nominalrate,obs_consumption,obs_investment,obs_BBBspread,obs_longinflation,obs_longrate,obs_tfp,obs_gdi,obs_AAAspread,obs_nominalrate1,obs_nominalrate2,obs_nominalrate3,obs_nominalrate4,obs_nominalrate5,obs_nominalrate6
0.4742424198399542,-46.03635156937677,0.4742424198399542,0.4836235384526793,0.49999999999998934,1.1878264886682421,0.4742424198399542,0.4742424198399542,0.4478633406326886,0.49999999999998934,1.1878264886682421,0.0,0.4742424198399542,0.1174310227768634,1.1878264886682421,1.1878264886682421,1.1878264886682421,1.1878264886682421,1.1878264886682421,1.1878264886682421
