obs_gdp,obs_hours,obs_wages,obs_gdpdeflator,obs_corepce,obs_nominalrate,obs_consumption,obs_investment,obs_BBBspread,obs_longinflation,obs_longrate,obs_tfp,obs_gdi,obs_AAAspread,obs_nominalrate1,obs_nominalrate2,obs_nominalrate3,obs_nominalrate4,obs_nominalrate5,obs_nominalrate6
0.5200413523023251,-44.640055983036724,0.5200413523023251,0.485700256664331,0.49999999999998934,1.267329288617125,0.5200413523023251,0.5200413523023251,0.4344945399736329,0.49999999999998934,1.267329288617125,0.0,0.5200413523023251,0.1174310227768634,1.267329288617125,1.267329288617125,1.267329288617125,1.267329288617125,1.267329288617125,1.267329288617125
