obs_gdp,obs_hours,obs_wages,obs_gdpdeflator,obs_corepce,obs_nominalrate,obs_consumption,obs_investment,obs_BBBspread,obs_longinflation,obs_longrate,obs_tfp,obs_gdi,obs_AAAspread,obs_nominalrate1,obs_nominalrate2,obs_nominalrate3,obs_nominalrate4,obs_nominalrate5,obs_nominalrate6
0.5366814878595028,-43.8183513657434,0.5366814878595028,0.4930116218370787,0.49999999999998934,1.3100551542678085,0.5366814878595028,0.5366814878595028,0.43623969918231187,0.49999999999998934,1.3100551542678085,0.0,0.5366814878595028,0.1174310227768634,1.3100551542678085,1.3100551542678085,1.3100551542678085,1.3100551542678085,1.3100551542678085,1.3100551542678085
