obs_gdp,obs_hours,obs_wages,obs_gdpdeflator,obs_corepce,obs_nominalrate,obs_consumption,obs_investment,obs_BBBspread,obs_longinflation,obs_longrate,obs_tfp,obs_gdi,obs_AAAspread,obs_nominalrate1,obs_nominalrate2,obs_nominalrate3,obs_nominalrate4,obs_nominalrate5,obs_nominalrate6
0.468402320828587,-46.41435126938316,0.468402320828587,0.49293562393018747,0.49999999999998934,1.186701214450614,0.468402320828587,0.468402320828587,0.4430791751041535,0.49999999999998934,1.186701214450614,0.0,0.468402320828587,0.1174310227768634,1.186701214450614,1.186701214450614,1.186701214450614,1.186701214450614,1.186701214450614,1.186701214450614
