obs_gdp,obs_hours,obs_wages,obs_gdpdeflator,obs_corepce,obs_nominalrate,obs_consumption,obs_investment,obs_BBBspread,obs_longinflation,obs_longrate,obs_tfp,obs_gdi,obs_AAAspread,obs_nominalrate1,obs_nominalrate2,obs_nominalrate3,obs_nominalrate4,obs_nominalrate5,obs_nominalrate6
0.47989466827751404,-45.840480560697515,0.47989466827751404,0.48320079166981444,0.49999999999998934,1.2016184545181385,0.47989466827751404,0.47989466827751404,0.4427835319698546,0.49999999999998934,1.2016184545181385,0.0,0.47989466827751404,0.1174310227768634,1.2016184545181385,1.2016184545181385,1.2016184545181385,1.2016184545181385,1.2016184545181385,1.2016184545181385
