obs_gdp,obs_hours,obs_wages,obs_gdpdeflator,obs_corepce,obs_nominalrate,obs_consumption,obs_investment,obs_BBBspread,obs_longinflation,obs_longrate,obs_tfp,obs_gdi,obs_AAAspread,obs_nominalrate1,obs_nominalrate2,obs_nominalrate3,obs_nominalrate4,obs_nominalrate5,obs_nominalrate6
0.5584217246495493,-43.14587570756975,0.5584217246495493,0.4851798877350806,0.49999999999998934,1.3242146794770537,0.5584217246495493,0.5584217246495493,0.4332220441152911,0.49999999999998934,1.3242146794770537,0.0,0.5584217246495493,0.1174310227768634,1.3242146794770537,1.3242146794770537,1.3242146794770537,1.3242146794770537,1.3242146794770537,1.3242146794770537
