obs_gdp,obs_hours,obs_wages,obs_gdpdeflator,obs_corepce,obs_nominalrate,obs_consumption,obs_investment,obs_BBBspread,obs_longinflation,obs_longrate,obs_tfp,obs_gdi,obs_AAAspread,obs_nominalrate1,obs_nominalrate2,obs_nominalrate3,obs_nominalrate4,obs_nominalrate5,obs_nominalrate6
0.5102174629858292,-44.89925578831666,0.5102174629858292,0.492770410433557,0.49999999999998934,1.256908778276955,0.5102174629858292,0.5102174629858292,0.4390246019979946,0.49999999999998934,1.256908778276955,0.0,0.5102174629858292,0.1174310227768634,1.256908778276955,1.256908778276955,1.256908778276955,1.256908778276955,1.256908778276955,1.256908778276955
