obs_gdp,obs_hours,obs_wages,obs_gdpdeflator,obs_corepce,obs_nominalrate,obs_consumption,obs_investment,obs_BBBspread,obs_longinflation,obs_longrate,obs_tfp,obs_gdi,obs_AAAspread,obs_nominalrate1,obs_nominalrate2,obs_nominalrate3,obs_nominalrate4,obs_nominalrate5,obs_nominalrate6
0.4909010975268968,-45.4521485164823,0.4909010975268968,0.48440905148220986,0.49999999999998934,1.2207865375572169,0.4909010975268968,0.4909010975268968,0.43852142318730886,0.49999999999998934,1.2207865375572169,0.0,0.4909010975268968,0.1174310227768634,1.2207865375572169,1.2207865375572169,1.2207865375572169,1.2207865375572169,1.2207865375572169,1.2207865375572169
