obs_gdp,obs_hours,obs_wages,obs_gdpdeflator,obs_corepce,obs_nominalrate,obs_consumption,obs_investment,obs_BBBspread,obs_longinflation,obs_longrate,obs_tfp,obs_gdi,obs_AAAspread,obs_nominalrate1,obs_nominalrate2,obs_nominalrate3,obs_nominalrate4,obs_nominalrate5,obs_nominalrate6
0.46964134052165374,-46.26279865044836,0.46964134052165374,0.48256424091898437,0.49999999999998934,1.1877159531257675,0.46964134052165374,0.46964134052165374,0.4421444868756643,0.49999999999998934,1.1877159531257675,0.0,0.46964134052165374,0.1174310227768634,1.1877159531257675,1.1877159531257675,1.1877159531257675,1.1877159531257675,1.1877159531257675,1.1877159531257675
