obs_gdp,obs_hours,obs_wages,obs_gdpdeflator,obs_corepce,obs_nominalrate,obs_consumption,obs_investment,obs_BBBspread,obs_longinflation,obs_longrate,obs_tfp,obs_gdi,obs_AAAspread,obs_nominalrate1,obs_nominalrate2,obs_nominalrate3,obs_nominalrate4,obs_nominalrate5,obs_nominalrate6
0.4948017654527348,-45.06194332600502,0.4948017654527348,0.48654234845778316,0.49999999999998934,1.2216546316615062,0.4948017654527348,0.4948017654527348,0.43344690210606657,0.49999999999998934,1.2216546316615062,0.0,0.4948017654527348,0.1174310227768634,1.2216546316615062,1.2216546316615062,1.2216546316615062,1.2216546316615062,1.2216546316615062,1.2216546316615062
