obs_gdp,obs_hours,obs_wages,obs_gdpdeflator,obs_corepce,obs_nominalrate,obs_consumption,obs_investment,obs_BBBspread,obs_longinflation,obs_longrate,obs_tfp,obs_gdi,obs_AAAspread,obs_nominalrate1,obs_nominalrate2,obs_nominalrate3,obs_nominalrate4,obs_nominalrate5,obs_nominalrate6
0.41644386155825774,-47.879227826230064,0.41644386155825774,0.4884882138513261,0.49999999999998934,1.1515500238427734,0.41644386155825774,0.41644386155825774,0.4336830479674653,0.49999999999998934,1.1515500238427734,0.0,0.41644386155825774,0.1174310227768634,1.1515500238427734,1.1515500238427734,1.1515500238427734,1.1515500238427734,1.1515500238427734,1.1515500238427734
