obs_gdp,obs_hours,obs_wages,obs_gdpdeflator,obs_corepce,obs_nominalrate,obs_consumption,obs_investment,obs_BBBspread,obs_longinflation,obs_longrate,obs_tfp,obs_gdi,obs_AAAspread,obs_nominalrate1,obs_nominalrate2,obs_nominalrate3,obs_nominalrate4,obs_nominalrate5,obs_nominalrate6
0.39473990127043557,-48.75142691493043,0.39473990127043557,0.48448203268430545,0.49999999999998934,1.091303173522662,0.39473990127043557,0.39473990127043557,0.43393157931402676,0.49999999999998934,1.091303173522662,0.0,0.39473990127043557,0.1174310227768634,1.091303173522662,1.091303173522662,1.091303173522662,1.091303173522662,1.091303173522662,1.091303173522662
