obs_gdp,obs_hours,obs_wages,obs_gdpdeflator,obs_corepce,obs_nominalrate,obs_consumption,obs_investment,obs_BBBspread,obs_longinflation,obs_longrate,obs_tfp,obs_gdi,obs_AAAspread,obs_nominalrate1,obs_nominalrate2,obs_nominalrate3,obs_nominalrate4,obs_nominalrate5,obs_nominalrate6
0.49038701927739403,-45.23264660716091,0.49038701927739403,0.48576358824373733,0.49999999999998934,1.2255272874055256,0.49038701927739403,0.49038701927739403,0.4330812364789356,0.49999999999998934,1.2255272874055256,0.0,0.49038701927739403,0.1174310227768634,1.2255272874055256,1.2255272874055256,1.2255272874055256,1.2255272874055256,1.2255272874055256,1.2255272874055256
