obs_gdp,obs_hours,obs_wages,obs_gdpdeflator,obs_corepce,obs_nominalrate,obs_consumption,obs_investment,obs_BBBspread,obs_longinflation,obs_longrate,obs_tfp,obs_gdi,obs_AAAspread,obs_nominalrate1,obs_nominalrate2,obs_nominalrate3,obs_nominalrate4,obs_nominalrate5,obs_nominalrate6
0.4920410422072363,-45.42936305297321,0.4920410422072363,0.4935114613475498,0.49999999999998934,1.240484646275264,0.4920410422072363,0.4920410422072363,0.43527384688641957,0.49999999999998934,1.240484646275264,0.0,0.4920410422072363,0.1174310227768634,1.240484646275264,1.240484646275264,1.240484646275264,1.240484646275264,1.240484646275264,1.240484646275264
