obs_gdp,obs_hours,obs_wages,obs_gdpdeflator,obs_corepce,obs_nominalrate,obs_consumption,obs_investment,obs_BBBspread,obs_longinflation,obs_longrate,obs_tfp,obs_gdi,obs_AAAspread,obs_nominalrate1,obs_nominalrate2,obs_nominalrate3,obs_nominalrate4,obs_nominalrate5,obs_nominalrate6
0.5438412146363092,-43.50889076659308,0.5438412146363092,0.48599362350305564,0.49999999999998934,1.3050257238282015,0.5438412146363092,0.5438412146363092,0.4436966126647606,0.49999999999998934,1.3050257238282015,0.0,0.5438412146363092,0.1174310227768634,1.3050257238282015,1.3050257238282015,1.3050257238282015,1.3050257238282015,1.3050257238282015,1.3050257238282015
