obs_gdp,obs_hours,obs_wages,obs_gdpdeflator,obs_corepce,obs_nominalrate,obs_consumption,obs_investment,obs_BBBspread,obs_longinflation,obs_longrate,obs_tfp,obs_gdi,obs_AAAspread,obs_nominalrate1,obs_nominalrate2,obs_nominalrate3,obs_nominalrate4,obs_nominalrate5,obs_nominalrate6
0.471653088127999,-46.13473174359612,0.471653088127999,0.4820679646809063,0.49999999999998934,1.188209217037861,0.471653088127999,0.471653088127999,0.4446698467322792,0.49999999999998934,1.188209217037861,0.0,0.471653088127999,0.1174310227768634,1.188209217037861,1.188209217037861,1.188209217037861,1.188209217037861,1.188209217037861,1.188209217037861
