obs_gdp,obs_hours,obs_wages,obs_gdpdeflator,obs_corepce,obs_nominalrate,obs_consumption,obs_investment,obs_BBBspread,obs_longinflation,obs_longrate,obs_tfp,obs_gdi,obs_AAAspread,obs_nominalrate1,obs_nominalrate2,obs_nominalrate3,obs_nominalrate4,obs_nominalrate5,obs_nominalrate6
0.4717383649236462,-45.99015951260034,0.4717383649236462,0.488499288834143,0.49999999999998934,1.213997899789998,0.4717383649236462,0.4717383649236462,0.4371784080807398,0.49999999999998934,1.213997899789998,0.0,0.4717383649236462,0.1174310227768634,1.213997899789998,1.213997899789998,1.213997899789998,1.213997899789998,1.213997899789998,1.213997899789998
