obs_gdp,obs_hours,obs_wages,obs_gdpdeflator,obs_corepce,obs_nominalrate,obs_consumption,obs_investment,obs_BBBspread,obs_longinflation,obs_longrate,obs_tfp,obs_gdi,obs_AAAspread,obs_nominalrate1,obs_nominalrate2,obs_nominalrate3,obs_nominalrate4,obs_nominalrate5,obs_nominalrate6
0.4984580470635436,-45.25804651878718,0.4984580470635436,0.49337324915477454,0.49999999999998934,1.2333401399541533,0.4984580470635436,0.4984580470635436,0.44010161151510385,0.49999999999998934,1.2333401399541533,0.0,0.4984580470635436,0.1174310227768634,1.2333401399541533,1.2333401399541533,1.2333401399541533,1.2333401399541533,1.2333401399541533,1.2333401399541533
