obs_gdp,obs_hours,obs_wages,obs_gdpdeflator,obs_corepce,obs_nominalrate,obs_consumption,obs_investment,obs_BBBspread,obs_longinflation,obs_longrate,obs_tfp,obs_gdi,obs_AAAspread,obs_nominalrate1,obs_nominalrate2,obs_nominalrate3,obs_nominalrate4,obs_nominalrate5,obs_nominalrate6
0.41803624275069673,-48.21027451014659,0.41803624275069673,0.49227167853063647,0.49999999999998934,1.12380945031747,0.41803624275069673,0.41803624275069673,0.44254015011018977,0.49999999999998934,1.12380945031747,0.0,0.41803624275069673,0.1174310227768634,1.12380945031747,1.12380945031747,1.12380945031747,1.12380945031747,1.12380945031747,1.12380945031747
