obs_gdp,obs_hours,obs_wages,obs_gdpdeflator,obs_corepce,obs_nominalrate,obs_consumption,obs_investment,obs_BBBspread,obs_longinflation,obs_longrate,obs_tfp,obs_gdi,obs_AAAspread,obs_nominalrate1,obs_nominalrate2,obs_nominalrate3,obs_nominalrate4,obs_nominalrate5,obs_nominalrate6
0.5072973940044578,-44.8647740858237,0.5072973940044578,0.48582129500367627,0.49999999999998934,1.252586655350063,0.5072973940044578,0.5072973940044578,0.44265712915577143,0.49999999999998934,1.252586655350063,0.0,0.5072973940044578,0.1174310227768634,1.252586655350063,1.252586655350063,1.252586655350063,1.252586655350063,1.252586655350063,1.252586655350063
