obs_gdp,obs_hours,obs_wages,obs_gdpdeflator,obs_corepce,obs_nominalrate,obs_consumption,obs_investment,obs_BBBspread,obs_longinflation,obs_longrate,obs_tfp,obs_gdi,obs_AAAspread,obs_nominalrate1,obs_nominalrate2,obs_nominalrate3,obs_nominalrate4,obs_nominalrate5,obs_nominalrate6
0.3907478191740754,-48.82213496708944,0.3907478191740754,0.48933466319072383,0.49999999999998934,1.1206332111413086,0.3907478191740754,0.3907478191740754,0.43351348986525057,0.49999999999998934,1.1206332111413086,0.0,0.3907478191740754,0.1174310227768634,1.1206332111413086,1.1206332111413086,1.1206332111413086,1.1206332111413086,1.1206332111413086,1.1206332111413086
