obs_gdp,obs_hours,obs_wages,obs_gdpdeflator,obs_corepce,obs_nominalrate,obs_consumption,obs_investment,obs_BBBspread,obs_longinflation,obs_longrate,obs_tfp,obs_gdi,obs_AAAspread,obs_nominalrate1,obs_nominalrate2,obs_nominalrate3,obs_nominalrate4,obs_nominalrate5,obs_nominalrate6
0.45963638616937086,-46.4436535616818,0.45963638616937086,0.48772514529671274,0.49999999999998934,1.1685223013425228,0.45963638616937086,0.45963638616937086,0.4365158093001767,0.49999999999998934,1.1685223013425228,0.0,0.45963638616937086,0.1174310227768634,1.1685223013425228,1.1685223013425228,1.1685223013425228,1.1685223013425228,1.1685223013425228,1.1685223013425228
