obs_gdp,obs_hours,obs_wages,obs_gdpdeflator,obs_corepce,obs_nominalrate,obs_consumption,obs_investment,obs_BBBspread,obs_longinflation,obs_longrate,obs_tfp,obs_gdi,obs_AAAspread,obs_nominalrate1,obs_nominalrate2,obs_nominalrate3,obs_nominalrate4,obs_nominalrate5,obs_nominalrate6
0.44559655040561363,-47.405191851241966,0.44559655040561363,0.4930865506109706,0.49999999999998934,1.1656741751908006,0.44559655040561363,0.44559655040561363,0.43567374815495713,0.49999999999998934,1.1656741751908006,0.0,0.44559655040561363,0.1174310227768634,1.1656741751908006,1.1656741751908006,1.1656741751908006,1.1656741751908006,1.1656741751908006,1.1656741751908006
