obs_gdp,obs_hours,obs_wages,obs_gdpdeflator,obs_corepce,obs_nominalrate,obs_consumption,obs_investment,obs_BBBspread,obs_longinflation,obs_longrate,obs_tfp,obs_gdi,obs_AAAspread,obs_nominalrate1,obs_nominalrate2,obs_nominalrate3,obs_nominalrate4,obs_nominalrate5,obs_nominalrate6
0.48599157468123266,-45.7563102499148,0.48599157468123266,0.4926091689293711,0.49999999999998934,1.2189825470530602,0.48599157468123266,0.48599157468123266,0.43980128032169474,0.49999999999998934,1.2189825470530602,0.0,0.48599157468123266,0.1174310227768634,1.2189825470530602,1.2189825470530602,1.2189825470530602,1.2189825470530602,1.2189825470530602,1.2189825470530602
