obs_gdp,obs_hours,obs_wages,obs_gdpdeflator,obs_corepce,obs_nominalrate,obs_consumption,obs_investment,obs_BBBspread,obs_longinflation,obs_longrate,obs_tfp,obs_gdi,obs_AAAspread,obs_nominalrate1,obs_nominalrate2,obs_nominalrate3,obs_nominalrate4,obs_nominalrate5,obs_nominalrate6
0.4315776661902415,-47.299952098012476,0.4315776661902415,0.48903584220960244,0.49999999999998934,1.168141720542093,0.4315776661902415,0.4315776661902415,0.43474509993617105,0.49999999999998934,1.168141720542093,0.0,0.4315776661902415,0.1174310227768634,1.168141720542093,1.168141720542093,1.168141720542093,1.168141720542093,1.168141720542093,1.168141720542093
