obs_gdp,obs_hours,obs_wages,obs_gdpdeflator,obs_corepce,obs_nominalrate,obs_consumption,obs_investment,obs_BBBspread,obs_longinflation,obs_longrate,obs_tfp,obs_gdi,obs_AAAspread,obs_nominalrate1,obs_nominalrate2,obs_nominalrate3,obs_nominalrate4,obs_nominalrate5,obs_nominalrate6
0.45678867348932783,-46.54321971545215,0.45678867348932783,0.48776302727885446,0.49999999999998934,1.166158583183563,0.45678867348932783,0.45678867348932783,0.4359609843602349,0.49999999999998934,1.166158583183563,0.0,0.45678867348932783,0.1174310227768634,1.166158583183563,1.166158583183563,1.166158583183563,1.166158583183563,1.166158583183563,1.166158583183563
