obs_gdp,obs_hours,obs_wages,obs_gdpdeflator,obs_corepce,obs_nominalrate,obs_consumption,obs_investment,obs_BBBspread,obs_longinflation,obs_longrate,obs_tfp,obs_gdi,obs_AAAspread,obs_nominalrate1,obs_nominalrate2,obs_nominalrate3,obs_nominalrate4,obs_nominalrate5,obs_nominalrate6
0.49183006785971095,-45.53191025696679,0.49183006785971095,0.4894513037991514,0.49999999999998934,1.2290370405107165,0.49183006785971095,0.49183006785971095,0.4366821449183085,0.49999999999998934,1.2290370405107165,0.0,0.49183006785971095,0.1174310227768634,1.2290370405107165,1.2290370405107165,1.2290370405107165,1.2290370405107165,1.2290370405107165,1.2290370405107165
