obs_gdp,obs_hours,obs_wages,obs_gdpdeflator,obs_corepce,obs_nominalrate,obs_consumption,obs_investment,obs_BBBspread,obs_longinflation,obs_longrate,obs_tfp,obs_gdi,obs_AAAspread,obs_nominalrate1,obs_nominalrate2,obs_nominalrate3,obs_nominalrate4,obs_nominalrate5,obs_nominalrate6
0.45027980249106037,-46.712616256423566,0.45027980249106037,0.4859691810256292,0.49999999999998934,1.1611206836189103,0.45027980249106037,0.45027980249106037,0.4344934309038079,0.49999999999998934,1.1611206836189103,0.0,0.45027980249106037,0.1174310227768634,1.1611206836189103,1.1611206836189103,1.1611206836189103,1.1611206836189103,1.1611206836189103,1.1611206836189103
