obs_gdp,obs_hours,obs_wages,obs_gdpdeflator,obs_corepce,obs_nominalrate,obs_consumption,obs_investment,obs_BBBspread,obs_longinflation,obs_longrate,obs_tfp,obs_gdi,obs_AAAspread,obs_nominalrate1,obs_nominalrate2,obs_nominalrate3,obs_nominalrate4,obs_nominalrate5,obs_nominalrate6
0.4889976119998085,-45.50161012435914,0.4889976119998085,0.4830511047315499,0.49999999999998934,1.217921725308857,0.4889976119998085,0.4889976119998085,0.4402161823570042,0.49999999999998934,1.217921725308857,0.0,0.4889976119998085,0.1174310227768634,1.217921725308857,1.217921725308857,1.217921725308857,1.217921725308857,1.217921725308857,1.217921725308857
