obs_gdp,obs_hours,obs_wages,obs_gdpdeflator,obs_corepce,obs_nominalrate,obs_consumption,obs_investment,obs_BBBspread,obs_longinflation,obs_longrate,obs_tfp,obs_gdi,obs_AAAspread,obs_nominalrate1,obs_nominalrate2,obs_nominalrate3,obs_nominalrate4,obs_nominalrate5,obs_nominalrate6
0.4400908412282689,-47.34190144652889,0.4400908412282689,0.4877883727380553,0.49999999999998934,1.1667917575434394,0.4400908412282689,0.4400908412282689,0.43953671673403577,0.49999999999998934,1.1667917575434394,0.0,0.4400908412282689,0.1174310227768634,1.1667917575434394,1.1667917575434394,1.1667917575434394,1.1667917575434394,1.1667917575434394,1.1667917575434394
