obs_gdp,obs_hours,obs_wages,obs_gdpdeflator,obs_corepce,obs_nominalrate,obs_consumption,obs_investment,obs_BBBspread,obs_longinflation,obs_longrate,obs_tfp,obs_gdi,obs_AAAspread,obs_nominalrate1,obs_nominalrate2,obs_nominalrate3,obs_nominalrate4,obs_nominalrate5,obs_nominalrate6
0.386046524554029,-49.05594518274137,0.386046524554029,0.4844271365757816,0.49999999999998934,1.0835318792968174,0.386046524554029,0.386046524554029,0.4341877000603834,0.49999999999998934,1.0835318792968174,0.0,0.386046524554029,0.1174310227768634,1.0835318792968174,1.0835318792968174,1.0835318792968174,1.0835318792968174,1.0835318792968174,1.0835318792968174
