obs_gdp,obs_hours,obs_wages,obs_gdpdeflator,obs_corepce,obs_nominalrate,obs_consumption,obs_investment,obs_BBBspread,obs_longinflation,obs_longrate,obs_tfp,obs_gdi,obs_AAAspread,obs_nominalrate1,obs_nominalrate2,obs_nominalrate3,obs_nominalrate4,obs_nominalrate5,obs_nominalrate6
0.46068499162905674,-46.54515553511826,0.46068499162905674,0.4822948403585844,0.49999999999998934,1.168044965542081,0.46068499162905674,0.46068499162905674,0.4463200429964783,0.49999999999998934,1.168044965542081,0.0,0.46068499162905674,0.1174310227768634,1.168044965542081,1.168044965542081,1.168044965542081,1.168044965542081,1.168044965542081,1.168044965542081
