obs_gdp,obs_hours,obs_wages,obs_gdpdeflator,obs_corepce,obs_nominalrate,obs_consumption,obs_investment,obs_BBBspread,obs_longinflation,obs_longrate,obs_tfp,obs_gdi,obs_AAAspread,obs_nominalrate1,obs_nominalrate2,obs_nominalrate3,obs_nominalrate4,obs_nominalrate5,obs_nominalrate6
0.5295385287103382,-43.74362615489297,0.5295385287103382,0.487901244956976,0.49999999999998934,1.29742325623039,0.5295385287103382,0.5295385287103382,0.4343043193160874,0.49999999999998934,1.29742325623039,0.0,0.5295385287103382,0.1174310227768634,1.29742325623039,1.29742325623039,1.29742325623039,1.29742325623039,1.29742325623039,1.29742325623039
