obs_gdp,obs_hours,obs_wages,obs_gdpdeflator,obs_corepce,obs_nominalrate,obs_consumption,obs_investment,obs_BBBspread,obs_longinflation,obs_longrate,obs_tfp,obs_gdi,obs_AAAspread,obs_nominalrate1,obs_nominalrate2,obs_nominalrate3,obs_nominalrate4,obs_nominalrate5,obs_nominalrate6
0.49606597855973433,-45.27279898155148,0.49606597855973433,0.4871040872996167,0.49999999999998934,1.2417534072822534,0.49606597855973433,0.49606597855973433,0.44361804606524274,0.49999999999998934,1.2417534072822534,0.0,0.49606597855973433,0.1174310227768634,1.2417534072822534,1.2417534072822534,1.2417534072822534,1.2417534072822534,1.2417534072822534,1.2417534072822534
