obs_gdp,obs_hours,obs_wages,obs_gdpdeflator,obs_corepce,obs_nominalrate,obs_consumption,obs_investment,obs_BBBspread,obs_longinflation,obs_longrate,obs_tfp,obs_gdi,obs_AAAspread,obs_nominalrate1,obs_nominalrate2,obs_nominalrate3,obs_nominalrate4,obs_nominalrate5,obs_nominalrate6
0.47783841679267525,-46.29430283775729,0.47783841679267525,0.4914970284004468,0.49999999999998934,1.2070038409616624,0.47783841679267525,0.47783841679267525,0.4378629045285196,0.49999999999998934,1.2070038409616624,0.0,0.47783841679267525,0.1174310227768634,1.2070038409616624,1.2070038409616624,1.2070038409616624,1.2070038409616624,1.2070038409616624,1.2070038409616624
