obs_gdp,obs_hours,obs_wages,obs_gdpdeflator,obs_corepce,obs_nominalrate,obs_consumption,obs_investment,obs_BBBspread,obs_longinflation,obs_longrate,obs_tfp,obs_gdi,obs_AAAspread,obs_nominalrate1,obs_nominalrate2,obs_nominalrate3,obs_nominalrate4,obs_nominalrate5,obs_nominalrate6
0.49344557650841114,-45.50483272070014,0.49344557650841114,0.4938595652560636,0.49999999999998934,1.2491232303886601,0.49344557650841114,0.49344557650841114,0.4362322661048298,0.49999999999998934,1.2491232303886601,0.0,0.49344557650841114,0.1174310227768634,1.2491232303886601,1.2491232303886601,1.2491232303886601,1.2491232303886601,1.2491232303886601,1.2491232303886601
