obs_gdp,obs_hours,obs_wages,obs_gdpdeflator,obs_corepce,obs_nominalrate,obs_consumption,obs_investment,obs_BBBspread,obs_longinflation,obs_longrate,obs_tfp,obs_gdi,obs_AAAspread,obs_nominalrate1,obs_nominalrate2,obs_nominalrate3,obs_nominalrate4,obs_nominalrate5,obs_nominalrate6
0.44047937784239544,-47.33540726730189,0.44047937784239544,0.4881789889343489,0.49999999999998934,1.165748559246893,0.44047937784239544,0.44047937784239544,0.43948239878684736,0.49999999999998934,1.165748559246893,0.0,0.44047937784239544,0.1174310227768634,1.165748559246893,1.165748559246893,1.165748559246893,1.165748559246893,1.165748559246893,1.165748559246893
