obs_gdp,obs_hours,obs_wages,obs_gdpdeflator,obs_corepce,obs_nominalrate,obs_consumption,obs_investment,obs_BBBspread,obs_longinflation,obs_longrate,obs_tfp,obs_gdi,obs_AAAspread,obs_nominalrate1,obs_nominalrate2,obs_nominalrate3,obs_nominalrate4,obs_nominalrate5,obs_nominalrate6
0.38220088675609,-49.21368304094502,0.38220088675609,0.4844246448556304,0.49999999999998934,1.0789048136057744,0.38220088675609,0.38220088675609,0.4340920668202015,0.49999999999998934,1.0789048136057744,0.0,0.38220088675609,0.1174310227768634,1.0789048136057744,1.0789048136057744,1.0789048136057744,1.0789048136057744,1.0789048136057744,1.0789048136057744
