obs_gdp,obs_hours,obs_wages,obs_gdpdeflator,obs_corepce,obs_nominalrate,obs_consumption,obs_investment,obs_BBBspread,obs_longinflation,obs_longrate,obs_tfp,obs_gdi,obs_AAAspread,obs_nominalrate1,obs_nominalrate2,obs_nominalrate3,obs_nominalrate4,obs_nominalrate5,obs_nominalrate6
0.48398214443114984,-45.54365209220958,0.48398214443114984,0.4843628175245225,0.49999999999998934,1.2041603844905824,0.48398214443114984,0.48398214443114984,0.43068737404673463,0.49999999999998934,1.2041603844905824,0.0,0.48398214443114984,0.1174310227768634,1.2041603844905824,1.2041603844905824,1.2041603844905824,1.2041603844905824,1.2041603844905824,1.2041603844905824
