obs_gdp,obs_hours,obs_wages,obs_gdpdeflator,obs_corepce,obs_nominalrate,obs_consumption,obs_investment,obs_BBBspread,obs_longinflation,obs_longrate,obs_tfp,obs_gdi,obs_AAAspread,obs_nominalrate1,obs_nominalrate2,obs_nominalrate3,obs_nominalrate4,obs_nominalrate5,obs_nominalrate6
0.47587004348803585,-46.01821557066754,0.47587004348803585,0.48766776096844094,0.49999999999998934,1.2138063235390018,0.47587004348803585,0.47587004348803585,0.4446657085660638,0.49999999999998934,1.2138063235390018,0.0,0.47587004348803585,0.1174310227768634,1.2138063235390018,1.2138063235390018,1.2138063235390018,1.2138063235390018,1.2138063235390018,1.2138063235390018
