obs_gdp,obs_hours,obs_wages,obs_gdpdeflator,obs_corepce,obs_nominalrate,obs_consumption,obs_investment,obs_BBBspread,obs_longinflation,obs_longrate,obs_tfp,obs_gdi,obs_AAAspread,obs_nominalrate1,obs_nominalrate2,obs_nominalrate3,obs_nominalrate4,obs_nominalrate5,obs_nominalrate6
0.4473980211883166,-47.315625086071975,0.4473980211883166,0.49435554605182713,0.49999999999998934,1.1729735974125965,0.4473980211883166,0.4473980211883166,0.4375594671782332,0.49999999999998934,1.1729735974125965,0.0,0.4473980211883166,0.1174310227768634,1.1729735974125965,1.1729735974125965,1.1729735974125965,1.1729735974125965,1.1729735974125965,1.1729735974125965
