obs_gdp,obs_hours,obs_wages,obs_gdpdeflator,obs_corepce,obs_nominalrate,obs_consumption,obs_investment,obs_BBBspread,obs_longinflation,obs_longrate,obs_tfp,obs_gdi,obs_AAAspread,obs_nominalrate1,obs_nominalrate2,obs_nominalrate3,obs_nominalrate4,obs_nominalrate5,obs_nominalrate6
0.4809988663344811,-45.82162180551064,0.4809988663344811,0.4828318222908331,0.49999999999998934,1.2062526864554446,0.4809988663344811,0.4809988663344811,0.44051901078197875,0.49999999999998934,1.2062526864554446,0.0,0.4809988663344811,0.1174310227768634,1.2062526864554446,1.2062526864554446,1.2062526864554446,1.2062526864554446,1.2062526864554446,1.2062526864554446
