obs_gdp,obs_hours,obs_wages,obs_gdpdeflator,obs_corepce,obs_nominalrate,obs_consumption,obs_investment,obs_BBBspread,obs_longinflation,obs_longrate,obs_tfp,obs_gdi,obs_AAAspread,obs_nominalrate1,obs_nominalrate2,obs_nominalrate3,obs_nominalrate4,obs_nominalrate5,obs_nominalrate6
0.445740688376417,-46.76929432182103,0.445740688376417,0.486702834609706,0.49999999999998934,1.1659821011435811,0.445740688376417,0.445740688376417,0.4364908179849193,0.49999999999998934,1.1659821011435811,0.0,0.445740688376417,0.1174310227768634,1.1659821011435811,1.1659821011435811,1.1659821011435811,1.1659821011435811,1.1659821011435811,1.1659821011435811
