obs_gdp,obs_hours,obs_wages,obs_gdpdeflator,obs_corepce,obs_nominalrate,obs_consumption,obs_investment,obs_BBBspread,obs_longinflation,obs_longrate,obs_tfp,obs_gdi,obs_AAAspread,obs_nominalrate1,obs_nominalrate2,obs_nominalrate3,obs_nominalrate4,obs_nominalrate5,obs_nominalrate6
0.39538936518725976,-49.052365495152934,0.39538936518725976,0.4869714459758899,0.49999999999998934,1.1088385749518537,0.39538936518725976,0.39538936518725976,0.4384049760285453,0.49999999999998934,1.1088385749518537,0.0,0.39538936518725976,0.1174310227768634,1.1088385749518537,1.1088385749518537,1.1088385749518537,1.1088385749518537,1.1088385749518537,1.1088385749518537
