obs_gdp,obs_hours,obs_wages,obs_gdpdeflator,obs_corepce,obs_nominalrate,obs_consumption,obs_investment,obs_BBBspread,obs_longinflation,obs_longrate,obs_tfp,obs_gdi,obs_AAAspread,obs_nominalrate1,obs_nominalrate2,obs_nominalrate3,obs_nominalrate4,obs_nominalrate5,obs_nominalrate6
0.47030717780238707,-46.358315086795386,0.47030717780238707,0.4896317529286074,0.49999999999998934,1.2039551195288434,0.47030717780238707,0.47030717780238707,0.43810043903476203,0.49999999999998934,1.2039551195288434,0.0,0.47030717780238707,0.1174310227768634,1.2039551195288434,1.2039551195288434,1.2039551195288434,1.2039551195288434,1.2039551195288434,1.2039551195288434
