obs_gdp,obs_hours,obs_wages,obs_gdpdeflator,obs_corepce,obs_nominalrate,obs_consumption,obs_investment,obs_BBBspread,obs_longinflation,obs_longrate,obs_tfp,obs_gdi,obs_AAAspread,obs_nominalrate1,obs_nominalrate2,obs_nominalrate3,obs_nominalrate4,obs_nominalrate5,obs_nominalrate6
0.5025386128475917,-44.95522148844635,0.5025386128475917,0.48254789365246686,0.49999999999998934,1.2258648568099773,0.5025386128475917,0.5025386128475917,0.4452514474647846,0.49999999999998934,1.2258648568099773,0.0,0.5025386128475917,0.1174310227768634,1.2258648568099773,1.2258648568099773,1.2258648568099773,1.2258648568099773,1.2258648568099773,1.2258648568099773
