obs_gdp,obs_hours,obs_wages,obs_gdpdeflator,obs_corepce,obs_nominalrate,obs_consumption,obs_investment,obs_BBBspread,obs_longinflation,obs_longrate,obs_tfp,obs_gdi,obs_AAAspread,obs_nominalrate1,obs_nominalrate2,obs_nominalrate3,obs_nominalrate4,obs_nominalrate5,obs_nominalrate6
0.49078731872784775,-45.62940145836864,0.49078731872784775,0.49405821370282654,0.49999999999998934,1.2477219169727771,0.49078731872784775,0.49078731872784775,0.43578051936219936,0.49999999999998934,1.2477219169727771,0.0,0.49078731872784775,0.1174310227768634,1.2477219169727771,1.2477219169727771,1.2477219169727771,1.2477219169727771,1.2477219169727771,1.2477219169727771
