obs_gdp,obs_hours,obs_wages,obs_gdpdeflator,obs_corepce,obs_nominalrate,obs_consumption,obs_investment,obs_BBBspread,obs_longinflation,obs_longrate,obs_tfp,obs_gdi,obs_AAAspread,obs_nominalrate1,obs_nominalrate2,obs_nominalrate3,obs_nominalrate4,obs_nominalrate5,obs_nominalrate6
0.47337745128324116,-46.12516751919538,0.47337745128324116,0.4843621210677428,0.49999999999998934,1.1869566249351093,0.47337745128324116,0.47337745128324116,0.44707117070690167,0.49999999999998934,1.1869566249351093,0.0,0.47337745128324116,0.1174310227768634,1.1869566249351093,1.1869566249351093,1.1869566249351093,1.1869566249351093,1.1869566249351093,1.1869566249351093
