obs_gdp,obs_hours,obs_wages,obs_gdpdeflator,obs_corepce,obs_nominalrate,obs_consumption,obs_investment,obs_BBBspread,obs_longinflation,obs_longrate,obs_tfp,obs_gdi,obs_AAAspread,obs_nominalrate1,obs_nominalrate2,obs_nominalrate3,obs_nominalrate4,obs_nominalrate5,obs_nominalrate6
0.42151420620848423,-48.18862426057938,0.42151420620848423,0.4856283089227242,0.49999999999998934,1.1296707600670697,0.42151420620848423,0.42151420620848423,0.4340149874960471,0.49999999999998934,1.1296707600670697,0.0,0.42151420620848423,0.1174310227768634,1.1296707600670697,1.1296707600670697,1.1296707600670697,1.1296707600670697,1.1296707600670697,1.1296707600670697
