obs_gdp,obs_hours,obs_wages,obs_gdpdeflator,obs_corepce,obs_nominalrate,obs_consumption,obs_investment,obs_BBBspread,obs_longinflation,obs_longrate,obs_tfp,obs_gdi,obs_AAAspread,obs_nominalrate1,obs_nominalrate2,obs_nominalrate3,obs_nominalrate4,obs_nominalrate5,obs_nominalrate6
0.4758126712849142,-46.0223192474436,0.4758126712849142,0.48417467502345024,0.49999999999998934,1.203770672668103,0.4758126712849142,0.4758126712849142,0.4382956349882717,0.49999999999998934,1.203770672668103,0.0,0.4758126712849142,0.1174310227768634,1.203770672668103,1.203770672668103,1.203770672668103,1.203770672668103,1.203770672668103,1.203770672668103
