obs_gdp,obs_hours,obs_wages,obs_gdpdeflator,obs_corepce,obs_nominalrate,obs_consumption,obs_investment,obs_BBBspread,obs_longinflation,obs_longrate,obs_tfp,obs_gdi,obs_AAAspread,obs_nominalrate1,obs_nominalrate2,obs_nominalrate3,obs_nominalrate4,obs_nominalrate5,obs_nominalrate6
0.44977658512665997,-47.22202186521274,0.44977658512665997,0.49347702938390975,0.49999999999998934,1.1799598036893455,0.44977658512665997,0.44977658512665997,0.43650048534052394,0.49999999999998934,1.1799598036893455,0.0,0.44977658512665997,0.1174310227768634,1.1799598036893455,1.1799598036893455,1.1799598036893455,1.1799598036893455,1.1799598036893455,1.1799598036893455
