obs_gdp,obs_hours,obs_wages,obs_gdpdeflator,obs_corepce,obs_nominalrate,obs_consumption,obs_investment,obs_BBBspread,obs_longinflation,obs_longrate,obs_tfp,obs_gdi,obs_AAAspread,obs_nominalrate1,obs_nominalrate2,obs_nominalrate3,obs_nominalrate4,obs_nominalrate5,obs_nominalrate6
0.49021138728364555,-45.63229549141362,0.49021138728364555,0.487186655291321,0.49999999999998934,1.2318395323354547,0.49021138728364555,0.49021138728364555,0.4356942656062978,0.49999999999998934,1.2318395323354547,0.0,0.49021138728364555,0.1174310227768634,1.2318395323354547,1.2318395323354547,1.2318395323354547,1.2318395323354547,1.2318395323354547,1.2318395323354547
