obs_gdp,obs_hours,obs_wages,obs_gdpdeflator,obs_corepce,obs_nominalrate,obs_consumption,obs_investment,obs_BBBspread,obs_longinflation,obs_longrate,obs_tfp,obs_gdi,obs_AAAspread,obs_nominalrate1,obs_nominalrate2,obs_nominalrate3,obs_nominalrate4,obs_nominalrate5,obs_nominalrate6
0.4884983376987506,-45.629282636092114,0.4884983376987506,0.49386465091857484,0.49999999999998934,1.2298388241506197,0.4884983376987506,0.4884983376987506,0.4351865568179853,0.49999999999998934,1.2298388241506197,0.0,0.4884983376987506,0.1174310227768634,1.2298388241506197,1.2298388241506197,1.2298388241506197,1.2298388241506197,1.2298388241506197,1.2298388241506197
