obs_gdp,obs_hours,obs_wages,obs_gdpdeflator,obs_corepce,obs_nominalrate,obs_consumption,obs_investment,obs_BBBspread,obs_longinflation,obs_longrate,obs_tfp,obs_gdi,obs_AAAspread,obs_nominalrate1,obs_nominalrate2,obs_nominalrate3,obs_nominalrate4,obs_nominalrate5,obs_nominalrate6
0.5196393380221265,-44.54582161982841,0.5196393380221265,0.48705387075163387,0.49999999999998934,1.2749296222490436,0.5196393380221265,0.5196393380221265,0.4357841180514356,0.49999999999998934,1.2749296222490436,0.0,0.5196393380221265,0.1174310227768634,1.2749296222490436,1.2749296222490436,1.2749296222490436,1.2749296222490436,1.2749296222490436,1.2749296222490436
