obs_gdp,obs_hours,obs_wages,obs_gdpdeflator,obs_corepce,obs_nominalrate,obs_consumption,obs_investment,obs_BBBspread,obs_longinflation,obs_longrate,obs_tfp,obs_gdi,obs_AAAspread,obs_nominalrate1,obs_nominalrate2,obs_nominalrate3,obs_nominalrate4,obs_nominalrate5,obs_nominalrate6
0.4837761371276228,-45.57487289623027,0.4837761371276228,0.48651046088049604,0.49999999999998934,1.198820078038687,0.4837761371276228,0.4837761371276228,0.437661525514466,0.49999999999998934,1.198820078038687,0.0,0.4837761371276228,0.1174310227768634,1.198820078038687,1.198820078038687,1.198820078038687,1.198820078038687,1.198820078038687,1.198820078038687
