obs_gdp,obs_hours,obs_wages,obs_gdpdeflator,obs_corepce,obs_nominalrate,obs_consumption,obs_investment,obs_BBBspread,obs_longinflation,obs_longrate,obs_tfp,obs_gdi,obs_AAAspread,obs_nominalrate1,obs_nominalrate2,obs_nominalrate3,obs_nominalrate4,obs_nominalrate5,obs_nominalrate6
0.44203464122281044,-47.4552506641349,0.44203464122281044,0.49072332199970686,0.49999999999998934,1.1602284228530602,0.44203464122281044,0.44203464122281044,0.440767557514916,0.49999999999998934,1.1602284228530602,0.0,0.44203464122281044,0.1174310227768634,1.1602284228530602,1.1602284228530602,1.1602284228530602,1.1602284228530602,1.1602284228530602,1.1602284228530602
