obs_gdp,obs_hours,obs_wages,obs_gdpdeflator,obs_corepce,obs_nominalrate,obs_consumption,obs_investment,obs_BBBspread,obs_longinflation,obs_longrate,obs_tfp,obs_gdi,obs_AAAspread,obs_nominalrate1,obs_nominalrate2,obs_nominalrate3,obs_nominalrate4,obs_nominalrate5,obs_nominalrate6
0.42758854220077414,-48.1676069183069,0.42758854220077414,0.4936240542108879,0.49999999999998934,1.1580756610297227,0.42758854220077414,0.42758854220077414,0.4360644793850046,0.49999999999998934,1.1580756610297227,0.0,0.42758854220077414,0.1174310227768634,1.1580756610297227,1.1580756610297227,1.1580756610297227,1.1580756610297227,1.1580756610297227,1.1580756610297227
