obs_gdp,obs_hours,obs_wages,obs_gdpdeflator,obs_corepce,obs_nominalrate,obs_consumption,obs_investment,obs_BBBspread,obs_longinflation,obs_longrate,obs_tfp,obs_gdi,obs_AAAspread,obs_nominalrate1,obs_nominalrate2,obs_nominalrate3,obs_nominalrate4,obs_nominalrate5,obs_nominalrate6
0.4798749567100469,-45.88944331341617,0.4798749567100469,0.4924776856699689,0.49999999999998934,1.2040108243145609,0.4798749567100469,0.4798749567100469,0.4401878507461569,0.49999999999998934,1.2040108243145609,0.0,0.4798749567100469,0.1174310227768634,1.2040108243145609,1.2040108243145609,1.2040108243145609,1.2040108243145609,1.2040108243145609,1.2040108243145609
