obs_gdp,obs_hours,obs_wages,obs_gdpdeflator,obs_corepce,obs_nominalrate,obs_consumption,obs_investment,obs_BBBspread,obs_longinflation,obs_longrate,obs_tfp,obs_gdi,obs_AAAspread,obs_nominalrate1,obs_nominalrate2,obs_nominalrate3,obs_nominalrate4,obs_nominalrate5,obs_nominalrate6
0.43501728024923914,-47.12662934143596,0.43501728024923914,0.48608452742112096,0.49999999999998934,1.152885483720878,0.43501728024923914,0.43501728024923914,0.4354478775668619,0.49999999999998934,1.152885483720878,0.0,0.43501728024923914,0.1174310227768634,1.152885483720878,1.152885483720878,1.152885483720878,1.152885483720878,1.152885483720878,1.152885483720878
