obs_gdp,obs_hours,obs_wages,obs_gdpdeflator,obs_corepce,obs_nominalrate,obs_consumption,obs_investment,obs_BBBspread,obs_longinflation,obs_longrate,obs_tfp,obs_gdi,obs_AAAspread,obs_nominalrate1,obs_nominalrate2,obs_nominalrate3,obs_nominalrate4,obs_nominalrate5,obs_nominalrate6
0.49414860205023725,-45.37291150760678,0.49414860205023725,0.4938851226549464,0.49999999999998934,1.2439985936032905,0.49414860205023725,0.49414860205023725,0.4352867034161983,0.49999999999998934,1.2439985936032905,0.0,0.49414860205023725,0.1174310227768634,1.2439985936032905,1.2439985936032905,1.2439985936032905,1.2439985936032905,1.2439985936032905,1.2439985936032905
