obs_gdp,obs_hours,obs_wages,obs_gdpdeflator,obs_corepce,obs_nominalrate,obs_consumption,obs_investment,obs_BBBspread,obs_longinflation,obs_longrate,obs_tfp,obs_gdi,obs_AAAspread,obs_nominalrate1,obs_nominalrate2,obs_nominalrate3,obs_nominalrate4,obs_nominalrate5,obs_nominalrate6
0.5005227512839605,-45.22549245842573,0.5005227512839605,0.4928133677563646,0.49999999999998934,1.257656610230229,0.5005227512839605,0.5005227512839605,0.43839048942173714,0.49999999999998934,1.257656610230229,0.0,0.5005227512839605,0.1174310227768634,1.257656610230229,1.257656610230229,1.257656610230229,1.257656610230229,1.257656610230229,1.257656610230229
