obs_gdp,obs_hours,obs_wages,obs_gdpdeflator,obs_corepce,obs_nominalrate,obs_consumption,obs_investment,obs_BBBspread,obs_longinflation,obs_longrate,obs_tfp,obs_gdi,obs_AAAspread,obs_nominalrate1,obs_nominalrate2,obs_nominalrate3,obs_nominalrate4,obs_nominalrate5,obs_nominalrate6
0.48197245291987656,-45.58926692018749,0.48197245291987656,0.4854760528880156,0.49999999999998934,1.1992342353775776,0.48197245291987656,0.48197245291987656,0.4321796813615655,0.49999999999998934,1.1992342353775776,0.0,0.48197245291987656,0.1174310227768634,1.1992342353775776,1.1992342353775776,1.1992342353775776,1.1992342353775776,1.1992342353775776,1.1992342353775776
