obs_gdp,obs_hours,obs_wages,obs_gdpdeflator,obs_corepce,obs_nominalrate,obs_consumption,obs_investment,obs_BBBspread,obs_longinflation,obs_longrate,obs_tfp,obs_gdi,obs_AAAspread,obs_nominalrate1,obs_nominalrate2,obs_nominalrate3,obs_nominalrate4,obs_nominalrate5,obs_nominalrate6
0.4926771340423519,-44.918745499122544,0.4926771340423519,0.48659344943614513,0.49999999999998934,1.230741220520848,0.4926771340423519,0.4926771340423519,0.4353215376806512,0.49999999999998934,1.230741220520848,0.0,0.4926771340423519,0.1174310227768634,1.230741220520848,1.230741220520848,1.230741220520848,1.230741220520848,1.230741220520848,1.230741220520848
