obs_gdp,obs_hours,obs_wages,obs_gdpdeflator,obs_corepce,obs_nominalrate,obs_consumption,obs_investment,obs_BBBspread,obs_longinflation,obs_longrate,obs_tfp,obs_gdi,obs_AAAspread,obs_nominalrate1,obs_nominalrate2,obs_nominalrate3,obs_nominalrate4,obs_nominalrate5,obs_nominalrate6
0.47002162580593865,-46.37722928449057,0.47002162580593865,0.4922081774204683,0.49999999999998934,1.2114555934404025,0.47002162580593865,0.47002162580593865,0.43764861504528435,0.49999999999998934,1.2114555934404025,0.0,0.47002162580593865,0.1174310227768634,1.2114555934404025,1.2114555934404025,1.2114555934404025,1.2114555934404025,1.2114555934404025,1.2114555934404025
