obs_gdp,obs_hours,obs_wages,obs_gdpdeflator,obs_corepce,obs_nominalrate,obs_consumption,obs_investment,obs_BBBspread,obs_longinflation,obs_longrate,obs_tfp,obs_gdi,obs_AAAspread,obs_nominalrate1,obs_nominalrate2,obs_nominalrate3,obs_nominalrate4,obs_nominalrate5,obs_nominalrate6
0.4676533741865274,-46.469639328811326,0.4676533741865274,0.4904851520850772,0.49999999999998934,1.1946745819650273,0.4676533741865274,0.4676533741865274,0.43774021805003127,0.49999999999998934,1.1946745819650273,0.0,0.4676533741865274,0.1174310227768634,1.1946745819650273,1.1946745819650273,1.1946745819650273,1.1946745819650273,1.1946745819650273,1.1946745819650273
