obs_gdp,obs_hours,obs_wages,obs_gdpdeflator,obs_corepce,obs_nominalrate,obs_consumption,obs_investment,obs_BBBspread,obs_longinflation,obs_longrate,obs_tfp,obs_gdi,obs_AAAspread,obs_nominalrate1,obs_nominalrate2,obs_nominalrate3,obs_nominalrate4,obs_nominalrate5,obs_nominalrate6
0.5218277432528229,-44.257773240895155,0.5218277432528229,0.4838246674761013,0.49999999999998934,1.2697615660147044,0.5218277432528229,0.5218277432528229,0.43804548091913775,0.49999999999998934,1.2697615660147044,0.0,0.5218277432528229,0.1174310227768634,1.2697615660147044,1.2697615660147044,1.2697615660147044,1.2697615660147044,1.2697615660147044,1.2697615660147044
