obs_gdp,obs_hours,obs_wages,obs_gdpdeflator,obs_corepce,obs_nominalrate,obs_consumption,obs_investment,obs_BBBspread,obs_longinflation,obs_longrate,obs_tfp,obs_gdi,obs_AAAspread,obs_nominalrate1,obs_nominalrate2,obs_nominalrate3,obs_nominalrate4,obs_nominalrate5,obs_nominalrate6
0.44334280597277953,-47.5037648361643,0.44334280597277953,0.4943979700548665,0.49999999999998934,1.181274528581544,0.44334280597277953,0.44334280597277953,0.4351332741819894,0.49999999999998934,1.181274528581544,0.0,0.44334280597277953,0.1174310227768634,1.181274528581544,1.181274528581544,1.181274528581544,1.181274528581544,1.181274528581544,1.181274528581544
