obs_gdp,obs_hours,obs_wages,obs_gdpdeflator,obs_corepce,obs_nominalrate,obs_consumption,obs_investment,obs_BBBspread,obs_longinflation,obs_longrate,obs_tfp,obs_gdi,obs_AAAspread,obs_nominalrate1,obs_nominalrate2,obs_nominalrate3,obs_nominalrate4,obs_nominalrate5,obs_nominalrate6
0.48686050683286464,-45.70815774282349,0.48686050683286464,0.49279046872908433,0.49999999999998934,1.2359404294180143,0.48686050683286464,0.48686050683286464,0.4383876397743993,0.49999999999998934,1.2359404294180143,0.0,0.48686050683286464,0.1174310227768634,1.2359404294180143,1.2359404294180143,1.2359404294180143,1.2359404294180143,1.2359404294180143,1.2359404294180143
