obs_gdp,obs_hours,obs_wages,obs_gdpdeflator,obs_corepce,obs_nominalrate,obs_consumption,obs_investment,obs_BBBspread,obs_longinflation,obs_longrate,obs_tfp,obs_gdi,obs_AAAspread,obs_nominalrate1,obs_nominalrate2,obs_nominalrate3,obs_nominalrate4,obs_nominalrate5,obs_nominalrate6
0.42903397140385824,-47.73797968147197,0.42903397140385824,0.4833324259274693,0.49999999999998934,1.1267397084968378,0.42903397140385824,0.42903397140385824,0.4461123021783151,0.49999999999998934,1.1267397084968378,0.0,0.42903397140385824,0.1174310227768634,1.1267397084968378,1.1267397084968378,1.1267397084968378,1.1267397084968378,1.1267397084968378,1.1267397084968378
