obs_gdp,obs_hours,obs_wages,obs_gdpdeflator,obs_corepce,obs_nominalrate,obs_consumption,obs_investment,obs_BBBspread,obs_longinflation,obs_longrate,obs_tfp,obs_gdi,obs_AAAspread,obs_nominalrate1,obs_nominalrate2,obs_nominalrate3,obs_nominalrate4,obs_nominalrate5,obs_nominalrate6
0.45534849224038165,-46.32260742110516,0.45534849224038165,0.4866018449884379,0.49999999999998934,1.185774198385925,0.45534849224038165,0.45534849224038165,0.43515281443587517,0.49999999999998934,1.185774198385925,0.0,0.45534849224038165,0.1174310227768634,1.185774198385925,1.185774198385925,1.185774198385925,1.185774198385925,1.185774198385925,1.185774198385925
