obs_gdp,obs_hours,obs_wages,obs_gdpdeflator,obs_corepce,obs_nominalrate,obs_consumption,obs_investment,obs_BBBspread,obs_longinflation,obs_longrate,obs_tfp,obs_gdi,obs_AAAspread,obs_nominalrate1,obs_nominalrate2,obs_nominalrate3,obs_nominalrate4,obs_nominalrate5,obs_nominalrate6
0.46929540088529453,-46.547437468733925,0.46929540088529453,0.48544294496413504,0.49999999999998934,1.1972700709394157,0.46929540088529453,0.46929540088529453,0.4337333717074719,0.49999999999998934,1.1972700709394157,0.0,0.46929540088529453,0.1174310227768634,1.1972700709394157,1.1972700709394157,1.1972700709394157,1.1972700709394157,1.1972700709394157,1.1972700709394157
