obs_gdp,obs_hours,obs_wages,obs_gdpdeflator,obs_corepce,obs_nominalrate,obs_consumption,obs_investment,obs_BBBspread,obs_longinflation,obs_longrate,obs_tfp,obs_gdi,obs_AAAspread,obs_nominalrate1,obs_nominalrate2,obs_nominalrate3,obs_nominalrate4,obs_nominalrate5,obs_nominalrate6
0.4513413454877657,-47.0235401599295,0.4513413454877657,0.49326327140402737,0.49999999999998934,1.1656470404903807,0.4513413454877657,0.4513413454877657,0.44140560715263505,0.49999999999998934,1.1656470404903807,0.0,0.4513413454877657,0.1174310227768634,1.1656470404903807,1.1656470404903807,1.1656470404903807,1.1656470404903807,1.1656470404903807,1.1656470404903807
