obs_gdp,obs_hours,obs_wages,obs_gdpdeflator,obs_corepce,obs_nominalrate,obs_consumption,obs_investment,obs_BBBspread,obs_longinflation,obs_longrate,obs_tfp,obs_gdi,obs_AAAspread,obs_nominalrate1,obs_nominalrate2,obs_nominalrate3,obs_nominalrate4,obs_nominalrate5,obs_nominalrate6
0.41024883953704183,-48.45721610660813,0.41024883953704183,0.48391651711072786,0.49999999999998934,1.1088015910896365,0.41024883953704183,0.41024883953704183,0.4444141872181547,0.49999999999998934,1.1088015910896365,0.0,0.41024883953704183,0.1174310227768634,1.1088015910896365,1.1088015910896365,1.1088015910896365,1.1088015910896365,1.1088015910896365,1.1088015910896365
