obs_gdp,obs_hours,obs_wages,obs_gdpdeflator,obs_corepce,obs_nominalrate,obs_consumption,obs_investment,obs_BBBspread,obs_longinflation,obs_longrate,obs_tfp,obs_gdi,obs_AAAspread,obs_nominalrate1,obs_nominalrate2,obs_nominalrate3,obs_nominalrate4,obs_nominalrate5,obs_nominalrate6
0.4683727187492659,-46.43754532113872,0.4683727187492659,0.49456594998735687,0.49999999999998934,1.2113038823365452,0.4683727187492659,0.4683727187492659,0.43660983630627714,0.49999999999998934,1.2113038823365452,0.0,0.4683727187492659,0.1174310227768634,1.2113038823365452,1.2113038823365452,1.2113038823365452,1.2113038823365452,1.2113038823365452,1.2113038823365452
