obs_gdp,obs_hours,obs_wages,obs_gdpdeflator,obs_corepce,obs_nominalrate,obs_consumption,obs_investment,obs_BBBspread,obs_longinflation,obs_longrate,obs_tfp,obs_gdi,obs_AAAspread,obs_nominalrate1,obs_nominalrate2,obs_nominalrate3,obs_nominalrate4,obs_nominalrate5,obs_nominalrate6
0.5445086550297074,-43.46560423848498,0.5445086550297074,0.48674867497189483,0.49999999999998934,1.308810608116362,0.5445086550297074,0.5445086550297074,0.44508051393826203,0.49999999999998934,1.308810608116362,0.0,0.5445086550297074,0.1174310227768634,1.308810608116362,1.308810608116362,1.308810608116362,1.308810608116362,1.308810608116362,1.308810608116362
