obs_gdp,obs_hours,obs_wages,obs_gdpdeflator,obs_corepce,obs_nominalrate,obs_consumption,obs_investment,obs_BBBspread,obs_longinflation,obs_longrate,obs_tfp,obs_gdi,obs_AAAspread,obs_nominalrate1,obs_nominalrate2,obs_nominalrate3,obs_nominalrate4,obs_nominalrate5,obs_nominalrate6
0.4565382005905949,-46.351857098685734,0.4565382005905949,0.48833890224589266,0.49999999999998934,1.1948473688654149,0.4565382005905949,0.4565382005905949,0.43081470324862897,0.49999999999998934,1.1948473688654149,0.0,0.4565382005905949,0.1174310227768634,1.1948473688654149,1.1948473688654149,1.1948473688654149,1.1948473688654149,1.1948473688654149,1.1948473688654149
