obs_gdp,obs_hours,obs_wages,obs_gdpdeflator,obs_corepce,obs_nominalrate,obs_consumption,obs_investment,obs_BBBspread,obs_longinflation,obs_longrate,obs_tfp,obs_gdi,obs_AAAspread,obs_nominalrate1,obs_nominalrate2,obs_nominalrate3,obs_nominalrate4,obs_nominalrate5,obs_nominalrate6
0.42309010522223467,-47.77269248844525,0.42309010522223467,0.48509371401854257,0.49999999999998934,1.125361033972605,0.42309010522223467,0.42309010522223467,0.43290693215143156,0.49999999999998934,1.125361033972605,0.0,0.42309010522223467,0.1174310227768634,1.125361033972605,1.125361033972605,1.125361033972605,1.125361033972605,1.125361033972605,1.125361033972605
