obs_gdp,obs_hours,obs_wages,obs_gdpdeflator,obs_corepce,obs_nominalrate,obs_consumption,obs_investment,obs_BBBspread,obs_longinflation,obs_longrate,obs_tfp,obs_gdi,obs_AAAspread,obs_nominalrate1,obs_nominalrate2,obs_nominalrate3,obs_nominalrate4,obs_nominalrate5,obs_nominalrate6
0.4389031007932642,-47.72644685174865,0.4389031007932642,0.4922976642496997,0.49999999999998934,1.1534011754311235,0.4389031007932642,0.4389031007932642,0.43748481612536577,0.49999999999998934,1.1534011754311235,0.0,0.4389031007932642,0.1174310227768634,1.1534011754311235,1.1534011754311235,1.1534011754311235,1.1534011754311235,1.1534011754311235,1.1534011754311235
