obs_gdp,obs_hours,obs_wages,obs_gdpdeflator,obs_corepce,obs_nominalrate,obs_consumption,obs_investment,obs_BBBspread,obs_longinflation,obs_longrate,obs_tfp,obs_gdi,obs_AAAspread,obs_nominalrate1,obs_nominalrate2,obs_nominalrate3,obs_nominalrate4,obs_nominalrate5,obs_nominalrate6
0.46430306095748275,-46.562464651348066,0.46430306095748275,0.48946688071075056,0.49999999999998934,1.194186500522143,0.46430306095748275,0.46430306095748275,0.4379373667656829,0.49999999999998934,1.194186500522143,0.0,0.46430306095748275,0.1174310227768634,1.194186500522143,1.194186500522143,1.194186500522143,1.194186500522143,1.194186500522143,1.194186500522143
