obs_gdp,obs_hours,obs_wages,obs_gdpdeflator,obs_corepce,obs_nominalrate,obs_consumption,obs_investment,obs_BBBspread,obs_longinflation,obs_longrate,obs_tfp,obs_gdi,obs_AAAspread,obs_nominalrate1,obs_nominalrate2,obs_nominalrate3,obs_nominalrate4,obs_nominalrate5,obs_nominalrate6
0.43445025366239953,-47.78812817380627,0.43445025366239953,0.4942806871233534,0.49999999999998934,1.158161965494875,0.43445025366239953,0.43445025366239953,0.4378545919907698,0.49999999999998934,1.158161965494875,0.0,0.43445025366239953,0.1174310227768634,1.158161965494875,1.158161965494875,1.158161965494875,1.158161965494875,1.158161965494875,1.158161965494875
