obs_gdp,obs_hours,obs_wages,obs_gdpdeflator,obs_corepce,obs_nominalrate,obs_consumption,obs_investment,obs_BBBspread,obs_longinflation,obs_longrate,obs_tfp,obs_gdi,obs_AAAspread,obs_nominalrate1,obs_nominalrate2,obs_nominalrate3,obs_nominalrate4,obs_nominalrate5,obs_nominalrate6
0.5287167921147251,-44.12101809321782,0.5287167921147251,0.49220862427584494,0.49999999999998934,1.290695440287326,0.5287167921147251,0.5287167921147251,0.43577571707602875,0.49999999999998934,1.290695440287326,0.0,0.5287167921147251,0.1174310227768634,1.290695440287326,1.290695440287326,1.290695440287326,1.290695440287326,1.290695440287326,1.290695440287326
