obs_gdp,obs_hours,obs_wages,obs_gdpdeflator,obs_corepce,obs_nominalrate,obs_consumption,obs_investment,obs_BBBspread,obs_longinflation,obs_longrate,obs_tfp,obs_gdi,obs_AAAspread,obs_nominalrate1,obs_nominalrate2,obs_nominalrate3,obs_nominalrate4,obs_nominalrate5,obs_nominalrate6
0.46122916997790586,-46.72726373996098,0.46122916997790586,0.49199417116702326,0.49999999999998934,1.197928338084564,0.46122916997790586,0.46122916997790586,0.43749699437591943,0.49999999999998934,1.197928338084564,0.0,0.46122916997790586,0.1174310227768634,1.197928338084564,1.197928338084564,1.197928338084564,1.197928338084564,1.197928338084564,1.197928338084564
