obs_gdp,obs_hours,obs_wages,obs_gdpdeflator,obs_corepce,obs_nominalrate,obs_consumption,obs_investment,obs_BBBspread,obs_longinflation,obs_longrate,obs_tfp,obs_gdi,obs_AAAspread,obs_nominalrate1,obs_nominalrate2,obs_nominalrate3,obs_nominalrate4,obs_nominalrate5,obs_nominalrate6
0.5120899255368183,-44.38094378578367,0.5120899255368183,0.487456270961505,0.49999999999998934,1.2710383162266359,0.5120899255368183,0.5120899255368183,0.43484741475209543,0.49999999999998934,1.2710383162266359,0.0,0.5120899255368183,0.1174310227768634,1.2710383162266359,1.2710383162266359,1.2710383162266359,1.2710383162266359,1.2710383162266359,1.2710383162266359
