obs_gdp,obs_hours,obs_wages,obs_gdpdeflator,obs_corepce,obs_nominalrate,obs_consumption,obs_investment,obs_BBBspread,obs_longinflation,obs_longrate,obs_tfp,obs_gdi,obs_AAAspread,obs_nominalrate1,obs_nominalrate2,obs_nominalrate3,obs_nominalrate4,obs_nominalrate5,obs_nominalrate6
0.45350792925964445,-46.3762502276087,0.45350792925964445,0.4865775970953513,0.49999999999998934,1.1856878239360213,0.45350792925964445,0.45350792925964445,0.43525990416571797,0.49999999999998934,1.1856878239360213,0.0,0.45350792925964445,0.1174310227768634,1.1856878239360213,1.1856878239360213,1.1856878239360213,1.1856878239360213,1.1856878239360213,1.1856878239360213
