obs_gdp,obs_hours,obs_wages,obs_gdpdeflator,obs_corepce,obs_nominalrate,obs_consumption,obs_investment,obs_BBBspread,obs_longinflation,obs_longrate,obs_tfp,obs_gdi,obs_AAAspread,obs_nominalrate1,obs_nominalrate2,obs_nominalrate3,obs_nominalrate4,obs_nominalrate5,obs_nominalrate6
0.449423379801539,-47.306592130664356,0.449423379801539,0.4920855869477165,0.49999999999998934,1.1684961455548315,0.449423379801539,0.449423379801539,0.43609662554134715,0.49999999999998934,1.1684961455548315,0.0,0.449423379801539,0.1174310227768634,1.1684961455548315,1.1684961455548315,1.1684961455548315,1.1684961455548315,1.1684961455548315,1.1684961455548315
