obs_gdp,obs_hours,obs_wages,obs_gdpdeflator,obs_corepce,obs_nominalrate,obs_consumption,obs_investment,obs_BBBspread,obs_longinflation,obs_longrate,obs_tfp,obs_gdi,obs_AAAspread,obs_nominalrate1,obs_nominalrate2,obs_nominalrate3,obs_nominalrate4,obs_nominalrate5,obs_nominalrate6
0.5267681481292641,-44.27455327147578,0.5267681481292641,0.491709907658733,0.49999999999998934,1.2672776722966184,0.5267681481292641,0.5267681481292641,0.4428898256650515,0.49999999999998934,1.2672776722966184,0.0,0.5267681481292641,0.1174310227768634,1.2672776722966184,1.2672776722966184,1.2672776722966184,1.2672776722966184,1.2672776722966184,1.2672776722966184
