obs_gdp,obs_hours,obs_wages,obs_gdpdeflator,obs_corepce,obs_nominalrate,obs_consumption,obs_investment,obs_BBBspread,obs_longinflation,obs_longrate,obs_tfp,obs_gdi,obs_AAAspread,obs_nominalrate1,obs_nominalrate2,obs_nominalrate3,obs_nominalrate4,obs_nominalrate5,obs_nominalrate6
0.47458191619433876,-45.7582892061157,0.47458191619433876,0.4876977701593097,0.49999999999998934,1.219072824336842,0.47458191619433876,0.47458191619433876,0.43567646561681095,0.49999999999998934,1.219072824336842,0.0,0.47458191619433876,0.1174310227768634,1.219072824336842,1.219072824336842,1.219072824336842,1.219072824336842,1.219072824336842,1.219072824336842
