obs_gdp,obs_hours,obs_wages,obs_gdpdeflator,obs_corepce,obs_nominalrate,obs_consumption,obs_investment,obs_BBBspread,obs_longinflation,obs_longrate,obs_tfp,obs_gdi,obs_AAAspread,obs_nominalrate1,obs_nominalrate2,obs_nominalrate3,obs_nominalrate4,obs_nominalrate5,obs_nominalrate6
0.5171202433703836,-44.51215438151934,0.5171202433703836,0.48548836950947905,0.49999999999998934,1.2676619355210805,0.5171202433703836,0.5171202433703836,0.4421349238600148,0.49999999999998934,1.2676619355210805,0.0,0.5171202433703836,0.1174310227768634,1.2676619355210805,1.2676619355210805,1.2676619355210805,1.2676619355210805,1.2676619355210805,1.2676619355210805
