obs_gdp,obs_hours,obs_wages,obs_gdpdeflator,obs_corepce,obs_nominalrate,obs_consumption,obs_investment,obs_BBBspread,obs_longinflation,obs_longrate,obs_tfp,obs_gdi,obs_AAAspread,obs_nominalrate1,obs_nominalrate2,obs_nominalrate3,obs_nominalrate4,obs_nominalrate5,obs_nominalrate6
0.5065425896238596,-45.09352327498411,0.5065425896238596,0.49315370839114503,0.49999999999998934,1.25505949980671,0.5065425896238596,0.5065425896238596,0.438948323706005,0.49999999999998934,1.25505949980671,0.0,0.5065425896238596,0.1174310227768634,1.25505949980671,1.25505949980671,1.25505949980671,1.25505949980671,1.25505949980671,1.25505949980671
