obs_gdp,obs_hours,obs_wages,obs_gdpdeflator,obs_corepce,obs_nominalrate,obs_consumption,obs_investment,obs_BBBspread,obs_longinflation,obs_longrate,obs_tfp,obs_gdi,obs_AAAspread,obs_nominalrate1,obs_nominalrate2,obs_nominalrate3,obs_nominalrate4,obs_nominalrate5,obs_nominalrate6
0.5281113809566085,-44.270844880120784,0.5281113809566085,0.48556136659792204,0.49999999999998934,1.2777126121751303,0.5281113809566085,0.5281113809566085,0.43372108123329345,0.49999999999998934,1.2777126121751303,0.0,0.5281113809566085,0.1174310227768634,1.2777126121751303,1.2777126121751303,1.2777126121751303,1.2777126121751303,1.2777126121751303,1.2777126121751303
