obs_gdp,obs_hours,obs_wages,obs_gdpdeflator,obs_corepce,obs_nominalrate,obs_consumption,obs_investment,obs_BBBspread,obs_longinflation,obs_longrate,obs_tfp,obs_gdi,obs_AAAspread,obs_nominalrate1,obs_nominalrate2,obs_nominalrate3,obs_nominalrate4,obs_nominalrate5,obs_nominalrate6
0.4438768466512144,-47.26293657030385,0.4438768466512144,0.48763324996830987,0.49999999999998934,1.1668755351816662,0.4438768466512144,0.4438768466512144,0.4390777037414476,0.49999999999998934,1.1668755351816662,0.0,0.4438768466512144,0.1174310227768634,1.1668755351816662,1.1668755351816662,1.1668755351816662,1.1668755351816662,1.1668755351816662,1.1668755351816662
