obs_gdp,obs_hours,obs_wages,obs_gdpdeflator,obs_corepce,obs_nominalrate,obs_consumption,obs_investment,obs_BBBspread,obs_longinflation,obs_longrate,obs_tfp,obs_gdi,obs_AAAspread,obs_nominalrate1,obs_nominalrate2,obs_nominalrate3,obs_nominalrate4,obs_nominalrate5,obs_nominalrate6
0.5042392081998859,-45.11346202213729,0.5042392081998859,0.49230342235944685,0.49999999999998934,1.2361594357824357,0.5042392081998859,0.5042392081998859,0.44330601466830477,0.49999999999998934,1.2361594357824357,0.0,0.5042392081998859,0.1174310227768634,1.2361594357824357,1.2361594357824357,1.2361594357824357,1.2361594357824357,1.2361594357824357,1.2361594357824357
