obs_gdp,obs_hours,obs_wages,obs_gdpdeflator,obs_corepce,obs_nominalrate,obs_consumption,obs_investment,obs_BBBspread,obs_longinflation,obs_longrate,obs_tfp,obs_gdi,obs_AAAspread,obs_nominalrate1,obs_nominalrate2,obs_nominalrate3,obs_nominalrate4,obs_nominalrate5,obs_nominalrate6
0.4557273693339692,-47.00537174694671,0.4557273693339692,0.49249987541001755,0.49999999999998934,1.1772428490287368,0.4557273693339692,0.4557273693339692,0.43709475908332446,0.49999999999998934,1.1772428490287368,0.0,0.4557273693339692,0.1174310227768634,1.1772428490287368,1.1772428490287368,1.1772428490287368,1.1772428490287368,1.1772428490287368,1.1772428490287368
