obs_gdp,obs_hours,obs_wages,obs_gdpdeflator,obs_corepce,obs_nominalrate,obs_consumption,obs_investment,obs_BBBspread,obs_longinflation,obs_longrate,obs_tfp,obs_gdi,obs_AAAspread,obs_nominalrate1,obs_nominalrate2,obs_nominalrate3,obs_nominalrate4,obs_nominalrate5,obs_nominalrate6
0.49010919592642477,-45.51984196907015,0.49010919592642477,0.4823113376517177,0.49999999999998934,1.2134842501295928,0.49010919592642477,0.49010919592642477,0.44224301157918916,0.49999999999998934,1.2134842501295928,0.0,0.49010919592642477,0.1174310227768634,1.2134842501295928,1.2134842501295928,1.2134842501295928,1.2134842501295928,1.2134842501295928,1.2134842501295928
