obs_gdp,obs_hours,obs_wages,obs_gdpdeflator,obs_corepce,obs_nominalrate,obs_consumption,obs_investment,obs_BBBspread,obs_longinflation,obs_longrate,obs_tfp,obs_gdi,obs_AAAspread,obs_nominalrate1,obs_nominalrate2,obs_nominalrate3,obs_nominalrate4,obs_nominalrate5,obs_nominalrate6
0.5348334440648195,-43.98258581663095,0.5348334440648195,0.49039837950092685,0.49999999999998934,1.292826974891259,0.5348334440648195,0.5348334440648195,0.43560494382407855,0.49999999999998934,1.292826974891259,0.0,0.5348334440648195,0.1174310227768634,1.292826974891259,1.292826974891259,1.292826974891259,1.292826974891259,1.292826974891259,1.292826974891259
