obs_gdp,obs_hours,obs_wages,obs_gdpdeflator,obs_corepce,obs_nominalrate,obs_consumption,obs_investment,obs_BBBspread,obs_longinflation,obs_longrate,obs_tfp,obs_gdi,obs_AAAspread,obs_nominalrate1,obs_nominalrate2,obs_nominalrate3,obs_nominalrate4,obs_nominalrate5,obs_nominalrate6
0.44067235879718947,-47.55775616464314,0.44067235879718947,0.49392127343013376,0.49999999999998934,1.167120682123679,0.44067235879718947,0.44067235879718947,0.43544232176832515,0.49999999999998934,1.167120682123679,0.0,0.44067235879718947,0.1174310227768634,1.167120682123679,1.167120682123679,1.167120682123679,1.167120682123679,1.167120682123679,1.167120682123679
