obs_gdp,obs_hours,obs_wages,obs_gdpdeflator,obs_corepce,obs_nominalrate,obs_consumption,obs_investment,obs_BBBspread,obs_longinflation,obs_longrate,obs_tfp,obs_gdi,obs_AAAspread,obs_nominalrate1,obs_nominalrate2,obs_nominalrate3,obs_nominalrate4,obs_nominalrate5,obs_nominalrate6
0.5093387198302324,-45.01644587610961,0.5093387198302324,0.4864136238562087,0.49999999999998934,1.2506751453582376,0.5093387198302324,0.5093387198302324,0.43450125618856594,0.49999999999998934,1.2506751453582376,0.0,0.5093387198302324,0.1174310227768634,1.2506751453582376,1.2506751453582376,1.2506751453582376,1.2506751453582376,1.2506751453582376,1.2506751453582376
