obs_gdp,obs_hours,obs_wages,obs_gdpdeflator,obs_corepce,obs_nominalrate,obs_consumption,obs_investment,obs_BBBspread,obs_longinflation,obs_longrate,obs_tfp,obs_gdi,obs_AAAspread,obs_nominalrate1,obs_nominalrate2,obs_nominalrate3,obs_nominalrate4,obs_nominalrate5,obs_nominalrate6
0.466756501080301,-46.32529488110173,0.466756501080301,0.4841853112192374,0.49999999999998934,1.1796878810973244,0.466756501080301,0.466756501080301,0.44754353300022953,0.49999999999998934,1.1796878810973244,0.0,0.466756501080301,0.1174310227768634,1.1796878810973244,1.1796878810973244,1.1796878810973244,1.1796878810973244,1.1796878810973244,1.1796878810973244
