obs_gdp,obs_hours,obs_wages,obs_gdpdeflator,obs_corepce,obs_nominalrate,obs_consumption,obs_investment,obs_BBBspread,obs_longinflation,obs_longrate,obs_tfp,obs_gdi,obs_AAAspread,obs_nominalrate1,obs_nominalrate2,obs_nominalrate3,obs_nominalrate4,obs_nominalrate5,obs_nominalrate6
0.4896072111471028,-45.2641116041963,0.4896072111471028,0.48495193626169475,0.49999999999998934,1.2097140174200716,0.4896072111471028,0.4896072111471028,0.432635766167626,0.49999999999998934,1.2097140174200716,0.0,0.4896072111471028,0.1174310227768634,1.2097140174200716,1.2097140174200716,1.2097140174200716,1.2097140174200716,1.2097140174200716,1.2097140174200716
