obs_gdp,obs_hours,obs_wages,obs_gdpdeflator,obs_corepce,obs_nominalrate,obs_consumption,obs_investment,obs_BBBspread,obs_longinflation,obs_longrate,obs_tfp,obs_gdi,obs_AAAspread,obs_nominalrate1,obs_nominalrate2,obs_nominalrate3,obs_nominalrate4,obs_nominalrate5,obs_nominalrate6
0.4711002401731612,-45.78516319416019,0.4711002401731612,0.48854895495259715,0.49999999999998934,1.2115588543305078,0.4711002401731612,0.4711002401731612,0.430800100027894,0.49999999999998934,1.2115588543305078,0.0,0.4711002401731612,0.1174310227768634,1.2115588543305078,1.2115588543305078,1.2115588543305078,1.2115588543305078,1.2115588543305078,1.2115588543305078
