obs_gdp,obs_hours,obs_wages,obs_gdpdeflator,obs_corepce,obs_nominalrate,obs_consumption,obs_investment,obs_BBBspread,obs_longinflation,obs_longrate,obs_tfp,obs_gdi,obs_AAAspread,obs_nominalrate1,obs_nominalrate2,obs_nominalrate3,obs_nominalrate4,obs_nominalrate5,obs_nominalrate6
0.479441648561596,-45.62751885732959,0.479441648561596,0.48683272953266366,0.49999999999998934,1.2017357021572916,0.479441648561596,0.479441648561596,0.4355842421949306,0.49999999999998934,1.2017357021572916,0.0,0.479441648561596,0.1174310227768634,1.2017357021572916,1.2017357021572916,1.2017357021572916,1.2017357021572916,1.2017357021572916,1.2017357021572916
