obs_gdp,obs_hours,obs_wages,obs_gdpdeflator,obs_corepce,obs_nominalrate,obs_consumption,obs_investment,obs_BBBspread,obs_longinflation,obs_longrate,obs_tfp,obs_gdi,obs_AAAspread,obs_nominalrate1,obs_nominalrate2,obs_nominalrate3,obs_nominalrate4,obs_nominalrate5,obs_nominalrate6
0.41489430105161595,-48.47389872140411,0.41489430105161595,0.4861713283882459,0.49999999999998934,1.1235799367877108,0.41489430105161595,0.41489430105161595,0.43591207616698957,0.49999999999998934,1.1235799367877108,0.0,0.41489430105161595,0.1174310227768634,1.1235799367877108,1.1235799367877108,1.1235799367877108,1.1235799367877108,1.1235799367877108,1.1235799367877108
