obs_gdp,obs_hours,obs_wages,obs_gdpdeflator,obs_corepce,obs_nominalrate,obs_consumption,obs_investment,obs_BBBspread,obs_longinflation,obs_longrate,obs_tfp,obs_gdi,obs_AAAspread,obs_nominalrate1,obs_nominalrate2,obs_nominalrate3,obs_nominalrate4,obs_nominalrate5,obs_nominalrate6
0.4814836509517306,-46.035595861404055,0.4814836509517306,0.49302132106167035,0.49999999999998934,1.2217153592366081,0.4814836509517306,0.4814836509517306,0.43601798167516753,0.49999999999998934,1.2217153592366081,0.0,0.4814836509517306,0.1174310227768634,1.2217153592366081,1.2217153592366081,1.2217153592366081,1.2217153592366081,1.2217153592366081,1.2217153592366081
