obs_gdp,obs_hours,obs_wages,obs_gdpdeflator,obs_corepce,obs_nominalrate,obs_consumption,obs_investment,obs_BBBspread,obs_longinflation,obs_longrate,obs_tfp,obs_gdi,obs_AAAspread,obs_nominalrate1,obs_nominalrate2,obs_nominalrate3,obs_nominalrate4,obs_nominalrate5,obs_nominalrate6
0.5020998712888636,-45.096725909547125,0.5020998712888636,0.4923326218226167,0.49999999999998934,1.2517963819420386,0.5020998712888636,0.5020998712888636,0.43595904629152954,0.49999999999998934,1.2517963819420386,0.0,0.5020998712888636,0.1174310227768634,1.2517963819420386,1.2517963819420386,1.2517963819420386,1.2517963819420386,1.2517963819420386,1.2517963819420386
