obs_gdp,obs_hours,obs_wages,obs_gdpdeflator,obs_corepce,obs_nominalrate,obs_consumption,obs_investment,obs_BBBspread,obs_longinflation,obs_longrate,obs_tfp,obs_gdi,obs_AAAspread,obs_nominalrate1,obs_nominalrate2,obs_nominalrate3,obs_nominalrate4,obs_nominalrate5,obs_nominalrate6
0.42034088604592235,-47.72958498110703,0.42034088604592235,0.48910525852479614,0.49999999999998934,1.1496829944724007,0.42034088604592235,0.42034088604592235,0.43292545060423715,0.49999999999998934,1.1496829944724007,0.0,0.42034088604592235,0.1174310227768634,1.1496829944724007,1.1496829944724007,1.1496829944724007,1.1496829944724007,1.1496829944724007,1.1496829944724007
