obs_gdp,obs_hours,obs_wages,obs_gdpdeflator,obs_corepce,obs_nominalrate,obs_consumption,obs_investment,obs_BBBspread,obs_longinflation,obs_longrate,obs_tfp,obs_gdi,obs_AAAspread,obs_nominalrate1,obs_nominalrate2,obs_nominalrate3,obs_nominalrate4,obs_nominalrate5,obs_nominalrate6
0.4603675297083276,-46.719199579413505,0.4603675297083276,0.49359067499510617,0.49999999999998934,1.1746682605042302,0.4603675297083276,0.4603675297083276,0.4408615545898422,0.49999999999998934,1.1746682605042302,0.0,0.4603675297083276,0.1174310227768634,1.1746682605042302,1.1746682605042302,1.1746682605042302,1.1746682605042302,1.1746682605042302,1.1746682605042302
