obs_gdp,obs_hours,obs_wages,obs_gdpdeflator,obs_corepce,obs_nominalrate,obs_consumption,obs_investment,obs_BBBspread,obs_longinflation,obs_longrate,obs_tfp,obs_gdi,obs_AAAspread,obs_nominalrate1,obs_nominalrate2,obs_nominalrate3,obs_nominalrate4,obs_nominalrate5,obs_nominalrate6
0.4346607544564618,-47.54635641335871,0.4346607544564618,0.48236954080320316,0.49999999999998934,1.1368643981444437,0.4346607544564618,0.4346607544564618,0.44682766298279764,0.49999999999998934,1.1368643981444437,0.0,0.4346607544564618,0.1174310227768634,1.1368643981444437,1.1368643981444437,1.1368643981444437,1.1368643981444437,1.1368643981444437,1.1368643981444437
