obs_gdp,obs_hours,obs_wages,obs_gdpdeflator,obs_corepce,obs_nominalrate,obs_consumption,obs_investment,obs_BBBspread,obs_longinflation,obs_longrate,obs_tfp,obs_gdi,obs_AAAspread,obs_nominalrate1,obs_nominalrate2,obs_nominalrate3,obs_nominalrate4,obs_nominalrate5,obs_nominalrate6
0.46884095473791465,-46.38417515074032,0.46884095473791465,0.4892526632855663,0.49999999999998934,1.1990782544385015,0.46884095473791465,0.46884095473791465,0.43713586602183097,0.49999999999998934,1.1990782544385015,0.0,0.46884095473791465,0.1174310227768634,1.1990782544385015,1.1990782544385015,1.1990782544385015,1.1990782544385015,1.1990782544385015,1.1990782544385015
