obs_gdp,obs_hours,obs_wages,obs_gdpdeflator,obs_corepce,obs_nominalrate,obs_consumption,obs_investment,obs_BBBspread,obs_longinflation,obs_longrate,obs_tfp,obs_gdi,obs_AAAspread,obs_nominalrate1,obs_nominalrate2,obs_nominalrate3,obs_nominalrate4,obs_nominalrate5,obs_nominalrate6
0.528469234774076,-44.29565967287299,0.528469234774076,0.48554981225574806,0.49999999999998934,1.2791127135279412,0.528469234774076,0.528469234774076,0.4339265073931222,0.49999999999998934,1.2791127135279412,0.0,0.528469234774076,0.1174310227768634,1.2791127135279412,1.2791127135279412,1.2791127135279412,1.2791127135279412,1.2791127135279412,1.2791127135279412
