obs_gdp,obs_hours,obs_wages,obs_gdpdeflator,obs_corepce,obs_nominalrate,obs_consumption,obs_investment,obs_BBBspread,obs_longinflation,obs_longrate,obs_tfp,obs_gdi,obs_AAAspread,obs_nominalrate1,obs_nominalrate2,obs_nominalrate3,obs_nominalrate4,obs_nominalrate5,obs_nominalrate6
0.4852610377819033,-45.548669867056034,0.4852610377819033,0.48646503108572475,0.49999999999998934,1.2035202815484425,0.4852610377819033,0.4852610377819033,0.4350518052553017,0.49999999999998934,1.2035202815484425,0.0,0.4852610377819033,0.1174310227768634,1.2035202815484425,1.2035202815484425,1.2035202815484425,1.2035202815484425,1.2035202815484425,1.2035202815484425
