obs_gdp,obs_hours,obs_wages,obs_gdpdeflator,obs_corepce,obs_nominalrate,obs_consumption,obs_investment,obs_BBBspread,obs_longinflation,obs_longrate,obs_tfp,obs_gdi,obs_AAAspread,obs_nominalrate1,obs_nominalrate2,obs_nominalrate3,obs_nominalrate4,obs_nominalrate5,obs_nominalrate6
0.5184827831463013,-44.59245271433347,0.5184827831463013,0.48735551884830114,0.49999999999998934,1.2703520207085095,0.5184827831463013,0.5184827831463013,0.4357785259155658,0.49999999999998934,1.2703520207085095,0.0,0.5184827831463013,0.1174310227768634,1.2703520207085095,1.2703520207085095,1.2703520207085095,1.2703520207085095,1.2703520207085095,1.2703520207085095
