obs_gdp,obs_hours,obs_wages,obs_gdpdeflator,obs_corepce,obs_nominalrate,obs_consumption,obs_investment,obs_BBBspread,obs_longinflation,obs_longrate,obs_tfp,obs_gdi,obs_AAAspread,obs_nominalrate1,obs_nominalrate2,obs_nominalrate3,obs_nominalrate4,obs_nominalrate5,obs_nominalrate6
0.4355631767430479,-47.50287301331503,0.4355631767430479,0.4834577136832168,0.49999999999998934,1.141716184624375,0.4355631767430479,0.4355631767430479,0.4443210539044944,0.49999999999998934,1.141716184624375,0.0,0.4355631767430479,0.1174310227768634,1.141716184624375,1.141716184624375,1.141716184624375,1.141716184624375,1.141716184624375,1.141716184624375
