obs_gdp,obs_hours,obs_wages,obs_gdpdeflator,obs_corepce,obs_nominalrate,obs_consumption,obs_investment,obs_BBBspread,obs_longinflation,obs_longrate,obs_tfp,obs_gdi,obs_AAAspread,obs_nominalrate1,obs_nominalrate2,obs_nominalrate3,obs_nominalrate4,obs_nominalrate5,obs_nominalrate6
0.5291515861295615,-43.80162692850589,0.5291515861295615,0.48595279006931663,0.49999999999998934,1.2709861539278222,0.5291515861295615,0.5291515861295615,0.43369936250974267,0.49999999999998934,1.2709861539278222,0.0,0.5291515861295615,0.1174310227768634,1.2709861539278222,1.2709861539278222,1.2709861539278222,1.2709861539278222,1.2709861539278222,1.2709861539278222
