obs_gdp,obs_hours,obs_wages,obs_gdpdeflator,obs_corepce,obs_nominalrate,obs_consumption,obs_investment,obs_BBBspread,obs_longinflation,obs_longrate,obs_tfp,obs_gdi,obs_AAAspread,obs_nominalrate1,obs_nominalrate2,obs_nominalrate3,obs_nominalrate4,obs_nominalrate5,obs_nominalrate6
0.4881454485657244,-45.632345193331176,0.4881454485657244,0.49316986681082003,0.49999999999998934,1.2172732556974486,0.4881454485657244,0.4881454485657244,0.4407355347852825,0.49999999999998934,1.2172732556974486,0.0,0.4881454485657244,0.1174310227768634,1.2172732556974486,1.2172732556974486,1.2172732556974486,1.2172732556974486,1.2172732556974486,1.2172732556974486
