obs_gdp,obs_hours,obs_wages,obs_gdpdeflator,obs_corepce,obs_nominalrate,obs_consumption,obs_investment,obs_BBBspread,obs_longinflation,obs_longrate,obs_tfp,obs_gdi,obs_AAAspread,obs_nominalrate1,obs_nominalrate2,obs_nominalrate3,obs_nominalrate4,obs_nominalrate5,obs_nominalrate6
0.41312391363264034,-48.53752183933594,0.41312391363264034,0.48803518231808607,0.49999999999998934,1.1201419449941463,0.41312391363264034,0.41312391363264034,0.43395538101408654,0.49999999999998934,1.1201419449941463,0.0,0.41312391363264034,0.1174310227768634,1.1201419449941463,1.1201419449941463,1.1201419449941463,1.1201419449941463,1.1201419449941463,1.1201419449941463
