obs_gdp,obs_hours,obs_wages,obs_gdpdeflator,obs_corepce,obs_nominalrate,obs_consumption,obs_investment,obs_BBBspread,obs_longinflation,obs_longrate,obs_tfp,obs_gdi,obs_AAAspread,obs_nominalrate1,obs_nominalrate2,obs_nominalrate3,obs_nominalrate4,obs_nominalrate5,obs_nominalrate6
0.5022340888649612,-44.644842988053156,0.5022340888649612,0.4867177239210064,0.49999999999998934,1.251166101019252,0.5022340888649612,0.5022340888649612,0.43259362715061245,0.49999999999998934,1.251166101019252,0.0,0.5022340888649612,0.1174310227768634,1.251166101019252,1.251166101019252,1.251166101019252,1.251166101019252,1.251166101019252,1.251166101019252
