obs_gdp,obs_hours,obs_wages,obs_gdpdeflator,obs_corepce,obs_nominalrate,obs_consumption,obs_investment,obs_BBBspread,obs_longinflation,obs_longrate,obs_tfp,obs_gdi,obs_AAAspread,obs_nominalrate1,obs_nominalrate2,obs_nominalrate3,obs_nominalrate4,obs_nominalrate5,obs_nominalrate6
0.5536534573458374,-43.142160780181165,0.5536534573458374,0.49224237558317097,0.49999999999998934,1.3322597038001982,0.5536534573458374,0.5536534573458374,0.4360818550444479,0.49999999999998934,1.3322597038001982,0.0,0.5536534573458374,0.1174310227768634,1.3322597038001982,1.3322597038001982,1.3322597038001982,1.3322597038001982,1.3322597038001982,1.3322597038001982
