obs_gdp,obs_hours,obs_wages,obs_gdpdeflator,obs_corepce,obs_nominalrate,obs_consumption,obs_investment,obs_BBBspread,obs_longinflation,obs_longrate,obs_tfp,obs_gdi,obs_AAAspread,obs_nominalrate1,obs_nominalrate2,obs_nominalrate3,obs_nominalrate4,obs_nominalrate5,obs_nominalrate6
0.4834300822948112,-45.97102972017309,0.4834300822948112,0.4864538527278309,0.49999999999998934,1.2135917136683494,0.4834300822948112,0.4834300822948112,0.43521382557852517,0.49999999999998934,1.2135917136683494,0.0,0.4834300822948112,0.1174310227768634,1.2135917136683494,1.2135917136683494,1.2135917136683494,1.2135917136683494,1.2135917136683494,1.2135917136683494
