obs_gdp,obs_hours,obs_wages,obs_gdpdeflator,obs_corepce,obs_nominalrate,obs_consumption,obs_investment,obs_BBBspread,obs_longinflation,obs_longrate,obs_tfp,obs_gdi,obs_AAAspread,obs_nominalrate1,obs_nominalrate2,obs_nominalrate3,obs_nominalrate4,obs_nominalrate5,obs_nominalrate6
0.5158780663387708,-44.77962411464964,0.5158780663387708,0.4929453557079928,0.49999999999998934,1.272013500345115,0.5158780663387708,0.5158780663387708,0.4358348713776539,0.49999999999998934,1.272013500345115,0.0,0.5158780663387708,0.1174310227768634,1.272013500345115,1.272013500345115,1.272013500345115,1.272013500345115,1.272013500345115,1.272013500345115
