obs_gdp,obs_hours,obs_wages,obs_gdpdeflator,obs_corepce,obs_nominalrate,obs_consumption,obs_investment,obs_BBBspread,obs_longinflation,obs_longrate,obs_tfp,obs_gdi,obs_AAAspread,obs_nominalrate1,obs_nominalrate2,obs_nominalrate3,obs_nominalrate4,obs_nominalrate5,obs_nominalrate6
0.44304049836245696,-46.922733577524276,0.44304049836245696,0.4878561824642884,0.49999999999998934,1.1822370415639716,0.44304049836245696,0.44304049836245696,0.43594647336431197,0.49999999999998934,1.1822370415639716,0.0,0.44304049836245696,0.1174310227768634,1.1822370415639716,1.1822370415639716,1.1822370415639716,1.1822370415639716,1.1822370415639716,1.1822370415639716
