obs_gdp,obs_hours,obs_wages,obs_gdpdeflator,obs_corepce,obs_nominalrate,obs_consumption,obs_investment,obs_BBBspread,obs_longinflation,obs_longrate,obs_tfp,obs_gdi,obs_AAAspread,obs_nominalrate1,obs_nominalrate2,obs_nominalrate3,obs_nominalrate4,obs_nominalrate5,obs_nominalrate6
0.482461535060974,-45.601005113835974,0.482461535060974,0.4865236395490995,0.49999999999998934,1.1973804630353024,0.482461535060974,0.482461535060974,0.43640568450932965,0.49999999999998934,1.1973804630353024,0.0,0.482461535060974,0.1174310227768634,1.1973804630353024,1.1973804630353024,1.1973804630353024,1.1973804630353024,1.1973804630353024,1.1973804630353024
