obs_gdp,obs_hours,obs_wages,obs_gdpdeflator,obs_corepce,obs_nominalrate,obs_consumption,obs_investment,obs_BBBspread,obs_longinflation,obs_longrate,obs_tfp,obs_gdi,obs_AAAspread,obs_nominalrate1,obs_nominalrate2,obs_nominalrate3,obs_nominalrate4,obs_nominalrate5,obs_nominalrate6
0.5133841028693853,-44.40463183897196,0.5133841028693853,0.48698702926926063,0.49999999999998934,1.2762736998534585,0.5133841028693853,0.5133841028693853,0.43329018545197484,0.49999999999998934,1.2762736998534585,0.0,0.5133841028693853,0.1174310227768634,1.2762736998534585,1.2762736998534585,1.2762736998534585,1.2762736998534585,1.2762736998534585,1.2762736998534585
