obs_gdp,obs_hours,obs_wages,obs_gdpdeflator,obs_corepce,obs_nominalrate,obs_consumption,obs_investment,obs_BBBspread,obs_longinflation,obs_longrate,obs_tfp,obs_gdi,obs_AAAspread,obs_nominalrate1,obs_nominalrate2,obs_nominalrate3,obs_nominalrate4,obs_nominalrate5,obs_nominalrate6
0.49149650433240044,-45.71964665225148,0.49149650433240044,0.48604026619733703,0.49999999999998934,1.2245577041797073,0.49149650433240044,0.49149650433240044,0.4333208822924736,0.49999999999998934,1.2245577041797073,0.0,0.49149650433240044,0.1174310227768634,1.2245577041797073,1.2245577041797073,1.2245577041797073,1.2245577041797073,1.2245577041797073,1.2245577041797073
