obs_gdp,obs_hours,obs_wages,obs_gdpdeflator,obs_corepce,obs_nominalrate,obs_consumption,obs_investment,obs_BBBspread,obs_longinflation,obs_longrate,obs_tfp,obs_gdi,obs_AAAspread,obs_nominalrate1,obs_nominalrate2,obs_nominalrate3,obs_nominalrate4,obs_nominalrate5,obs_nominalrate6
0.4939016996276413,-45.38501987248698,0.4939016996276413,0.49288240837935365,0.49999999999998934,1.2412963499556673,0.4939016996276413,0.4939016996276413,0.43630677599995227,0.49999999999998934,1.2412963499556673,0.0,0.4939016996276413,0.1174310227768634,1.2412963499556673,1.2412963499556673,1.2412963499556673,1.2412963499556673,1.2412963499556673,1.2412963499556673
