obs_gdp,obs_hours,obs_wages,obs_gdpdeflator,obs_corepce,obs_nominalrate,obs_consumption,obs_investment,obs_BBBspread,obs_longinflation,obs_longrate,obs_tfp,obs_gdi,obs_AAAspread,obs_nominalrate1,obs_nominalrate2,obs_nominalrate3,obs_nominalrate4,obs_nominalrate5,obs_nominalrate6
0.48979004184137587,-45.16184243285234,0.48979004184137587,0.48892609806740767,0.49999999999998934,1.2414315349009941,0.48979004184137587,0.48979004184137587,0.4351550913418276,0.49999999999998934,1.2414315349009941,0.0,0.48979004184137587,0.1174310227768634,1.2414315349009941,1.2414315349009941,1.2414315349009941,1.2414315349009941,1.2414315349009941,1.2414315349009941
