obs_gdp,obs_hours,obs_wages,obs_gdpdeflator,obs_corepce,obs_nominalrate,obs_consumption,obs_investment,obs_BBBspread,obs_longinflation,obs_longrate,obs_tfp,obs_gdi,obs_AAAspread,obs_nominalrate1,obs_nominalrate2,obs_nominalrate3,obs_nominalrate4,obs_nominalrate5,obs_nominalrate6
0.4333507877521292,-47.18749073521247,0.4333507877521292,0.4882378535376647,0.49999999999998934,1.164566781918852,0.4333507877521292,0.4333507877521292,0.43190965101317336,0.49999999999998934,1.164566781918852,0.0,0.4333507877521292,0.1174310227768634,1.164566781918852,1.164566781918852,1.164566781918852,1.164566781918852,1.164566781918852,1.164566781918852
