obs_gdp,obs_hours,obs_wages,obs_gdpdeflator,obs_corepce,obs_nominalrate,obs_consumption,obs_investment,obs_BBBspread,obs_longinflation,obs_longrate,obs_tfp,obs_gdi,obs_AAAspread,obs_nominalrate1,obs_nominalrate2,obs_nominalrate3,obs_nominalrate4,obs_nominalrate5,obs_nominalrate6
0.4975401159412751,-45.27893568149391,0.4975401159412751,0.48666495395417797,0.49999999999998934,1.2321460219291591,0.4975401159412751,0.4975401159412751,0.444700738406571,0.49999999999998934,1.2321460219291591,0.0,0.4975401159412751,0.1174310227768634,1.2321460219291591,1.2321460219291591,1.2321460219291591,1.2321460219291591,1.2321460219291591,1.2321460219291591
