obs_gdp,obs_hours,obs_wages,obs_gdpdeflator,obs_corepce,obs_nominalrate,obs_consumption,obs_investment,obs_BBBspread,obs_longinflation,obs_longrate,obs_tfp,obs_gdi,obs_AAAspread,obs_nominalrate1,obs_nominalrate2,obs_nominalrate3,obs_nominalrate4,obs_nominalrate5,obs_nominalrate6
0.3788599720883967,-49.700933646480436,0.3788599720883967,0.48743639661526267,0.49999999999998934,1.0800394381152767,0.3788599720883967,0.3788599720883967,0.44329585848408304,0.49999999999998934,1.0800394381152767,0.0,0.3788599720883967,0.1174310227768634,1.0800394381152767,1.0800394381152767,1.0800394381152767,1.0800394381152767,1.0800394381152767,1.0800394381152767
