obs_gdp,obs_hours,obs_wages,obs_gdpdeflator,obs_corepce,obs_nominalrate,obs_consumption,obs_investment,obs_BBBspread,obs_longinflation,obs_longrate,obs_tfp,obs_gdi,obs_AAAspread,obs_nominalrate1,obs_nominalrate2,obs_nominalrate3,obs_nominalrate4,obs_nominalrate5,obs_nominalrate6
0.5068920632188334,-44.832702495994134,0.5068920632188334,0.4849370881401446,0.49999999999998934,1.2483915956252423,0.5068920632188334,0.5068920632188334,0.43255874101525754,0.49999999999998934,1.2483915956252423,0.0,0.5068920632188334,0.1174310227768634,1.2483915956252423,1.2483915956252423,1.2483915956252423,1.2483915956252423,1.2483915956252423,1.2483915956252423
