obs_gdp,obs_hours,obs_wages,obs_gdpdeflator,obs_corepce,obs_nominalrate,obs_consumption,obs_investment,obs_BBBspread,obs_longinflation,obs_longrate,obs_tfp,obs_gdi,obs_AAAspread,obs_nominalrate1,obs_nominalrate2,obs_nominalrate3,obs_nominalrate4,obs_nominalrate5,obs_nominalrate6
0.48868558222745495,-45.43913774495552,0.48868558222745495,0.48650414049854523,0.49999999999998934,1.2061414517724467,0.48868558222745495,0.48868558222745495,0.4355019261188364,0.49999999999998934,1.2061414517724467,0.0,0.48868558222745495,0.1174310227768634,1.2061414517724467,1.2061414517724467,1.2061414517724467,1.2061414517724467,1.2061414517724467,1.2061414517724467
