obs_gdp,obs_hours,obs_wages,obs_gdpdeflator,obs_corepce,obs_nominalrate,obs_consumption,obs_investment,obs_BBBspread,obs_longinflation,obs_longrate,obs_tfp,obs_gdi,obs_AAAspread,obs_nominalrate1,obs_nominalrate2,obs_nominalrate3,obs_nominalrate4,obs_nominalrate5,obs_nominalrate6
0.4853787600988646,-45.761560992668315,0.4853787600988646,0.4878302326866374,0.49999999999998934,1.2222535726595263,0.4853787600988646,0.4853787600988646,0.4361130662390026,0.49999999999998934,1.2222535726595263,0.0,0.4853787600988646,0.1174310227768634,1.2222535726595263,1.2222535726595263,1.2222535726595263,1.2222535726595263,1.2222535726595263,1.2222535726595263
