obs_gdp,obs_hours,obs_wages,obs_gdpdeflator,obs_corepce,obs_nominalrate,obs_consumption,obs_investment,obs_BBBspread,obs_longinflation,obs_longrate,obs_tfp,obs_gdi,obs_AAAspread,obs_nominalrate1,obs_nominalrate2,obs_nominalrate3,obs_nominalrate4,obs_nominalrate5,obs_nominalrate6
0.5044647648904554,-45.261050000042644,0.5044647648904554,0.49235687170038295,0.49999999999998934,1.2502721430144081,0.5044647648904554,0.5044647648904554,0.43506267771759005,0.49999999999998934,1.2502721430144081,0.0,0.5044647648904554,0.1174310227768634,1.2502721430144081,1.2502721430144081,1.2502721430144081,1.2502721430144081,1.2502721430144081,1.2502721430144081
