obs_gdp,obs_hours,obs_wages,obs_gdpdeflator,obs_corepce,obs_nominalrate,obs_consumption,obs_investment,obs_BBBspread,obs_longinflation,obs_longrate,obs_tfp,obs_gdi,obs_AAAspread,obs_nominalrate1,obs_nominalrate2,obs_nominalrate3,obs_nominalrate4,obs_nominalrate5,obs_nominalrate6
0.4224297903212326,-48.34066016002281,0.4224297903212326,0.4936813551653661,0.49999999999998934,1.1493451282657219,0.4224297903212326,0.4224297903212326,0.4365277912953403,0.49999999999998934,1.1493451282657219,0.0,0.4224297903212326,0.1174310227768634,1.1493451282657219,1.1493451282657219,1.1493451282657219,1.1493451282657219,1.1493451282657219,1.1493451282657219
