obs_gdp,obs_hours,obs_wages,obs_gdpdeflator,obs_corepce,obs_nominalrate,obs_consumption,obs_investment,obs_BBBspread,obs_longinflation,obs_longrate,obs_tfp,obs_gdi,obs_AAAspread,obs_nominalrate1,obs_nominalrate2,obs_nominalrate3,obs_nominalrate4,obs_nominalrate5,obs_nominalrate6
0.456963002152011,-46.40663653340764,0.456963002152011,0.483315404129387,0.49999999999998934,1.1623000315913012,0.456963002152011,0.456963002152011,0.4360796563344303,0.49999999999998934,1.1623000315913012,0.0,0.456963002152011,0.1174310227768634,1.1623000315913012,1.1623000315913012,1.1623000315913012,1.1623000315913012,1.1623000315913012,1.1623000315913012
