obs_gdp,obs_hours,obs_wages,obs_gdpdeflator,obs_corepce,obs_nominalrate,obs_consumption,obs_investment,obs_BBBspread,obs_longinflation,obs_longrate,obs_tfp,obs_gdi,obs_AAAspread,obs_nominalrate1,obs_nominalrate2,obs_nominalrate3,obs_nominalrate4,obs_nominalrate5,obs_nominalrate6
0.4561326324138193,-46.8836039019694,0.4561326324138193,0.49330098996281285,0.49999999999998934,1.179837209573864,0.4561326324138193,0.4561326324138193,0.44129782878455803,0.49999999999998934,1.179837209573864,0.0,0.4561326324138193,0.1174310227768634,1.179837209573864,1.179837209573864,1.179837209573864,1.179837209573864,1.179837209573864,1.179837209573864
