obs_gdp,obs_hours,obs_wages,obs_gdpdeflator,obs_corepce,obs_nominalrate,obs_consumption,obs_investment,obs_BBBspread,obs_longinflation,obs_longrate,obs_tfp,obs_gdi,obs_AAAspread,obs_nominalrate1,obs_nominalrate2,obs_nominalrate3,obs_nominalrate4,obs_nominalrate5,obs_nominalrate6
0.4845432877417455,-45.77865611363096,0.4845432877417455,0.48703336724277413,0.49999999999998934,1.2186677405174207,0.4845432877417455,0.4845432877417455,0.4419033464309571,0.49999999999998934,1.2186677405174207,0.0,0.4845432877417455,0.1174310227768634,1.2186677405174207,1.2186677405174207,1.2186677405174207,1.2186677405174207,1.2186677405174207,1.2186677405174207
