obs_gdp,obs_hours,obs_wages,obs_gdpdeflator,obs_corepce,obs_nominalrate,obs_consumption,obs_investment,obs_BBBspread,obs_longinflation,obs_longrate,obs_tfp,obs_gdi,obs_AAAspread,obs_nominalrate1,obs_nominalrate2,obs_nominalrate3,obs_nominalrate4,obs_nominalrate5,obs_nominalrate6
0.4374489751683086,-47.75053403589704,0.4374489751683086,0.49227881838444615,0.49999999999998934,1.1522935395428036,0.4374489751683086,0.4374489751683086,0.4367875742604865,0.49999999999998934,1.1522935395428036,0.0,0.4374489751683086,0.1174310227768634,1.1522935395428036,1.1522935395428036,1.1522935395428036,1.1522935395428036,1.1522935395428036,1.1522935395428036
