obs_gdp,obs_hours,obs_wages,obs_gdpdeflator,obs_corepce,obs_nominalrate,obs_consumption,obs_investment,obs_BBBspread,obs_longinflation,obs_longrate,obs_tfp,obs_gdi,obs_AAAspread,obs_nominalrate1,obs_nominalrate2,obs_nominalrate3,obs_nominalrate4,obs_nominalrate5,obs_nominalrate6
0.4566558763147599,-46.568908296737746,0.4566558763147599,0.48499997408143064,0.49999999999998934,1.1659183532684025,0.4566558763147599,0.4566558763147599,0.4323437252137008,0.49999999999998934,1.1659183532684025,0.0,0.4566558763147599,0.1174310227768634,1.1659183532684025,1.1659183532684025,1.1659183532684025,1.1659183532684025,1.1659183532684025,1.1659183532684025
