obs_gdp,obs_hours,obs_wages,obs_gdpdeflator,obs_corepce,obs_nominalrate,obs_consumption,obs_investment,obs_BBBspread,obs_longinflation,obs_longrate,obs_tfp,obs_gdi,obs_AAAspread,obs_nominalrate1,obs_nominalrate2,obs_nominalrate3,obs_nominalrate4,obs_nominalrate5,obs_nominalrate6
0.43296681228968126,-47.69832944876177,0.43296681228968126,0.4934389366366058,0.49999999999998934,1.1621202992911694,0.43296681228968126,0.43296681228968126,0.4387597570972922,0.49999999999998934,1.1621202992911694,0.0,0.43296681228968126,0.1174310227768634,1.1621202992911694,1.1621202992911694,1.1621202992911694,1.1621202992911694,1.1621202992911694,1.1621202992911694
