obs_gdp,obs_hours,obs_wages,obs_gdpdeflator,obs_corepce,obs_nominalrate,obs_consumption,obs_investment,obs_BBBspread,obs_longinflation,obs_longrate,obs_tfp,obs_gdi,obs_AAAspread,obs_nominalrate1,obs_nominalrate2,obs_nominalrate3,obs_nominalrate4,obs_nominalrate5,obs_nominalrate6
0.48000358987272396,-45.96164452299729,0.48000358987272396,0.48805976019538955,0.49999999999998934,1.2178441428577491,0.48000358987272396,0.48000358987272396,0.4383364776067126,0.49999999999998934,1.2178441428577491,0.0,0.48000358987272396,0.1174310227768634,1.2178441428577491,1.2178441428577491,1.2178441428577491,1.2178441428577491,1.2178441428577491,1.2178441428577491
