obs_gdp,obs_hours,obs_wages,obs_gdpdeflator,obs_corepce,obs_nominalrate,obs_consumption,obs_investment,obs_BBBspread,obs_longinflation,obs_longrate,obs_tfp,obs_gdi,obs_AAAspread,obs_nominalrate1,obs_nominalrate2,obs_nominalrate3,obs_nominalrate4,obs_nominalrate5,obs_nominalrate6
0.4050534144708129,-48.90125904110846,0.4050534144708129,0.49543343417762986,0.49999999999998934,1.1329481565793165,0.4050534144708129,0.4050534144708129,0.4359471167475013,0.49999999999998934,1.1329481565793165,0.0,0.4050534144708129,0.1174310227768634,1.1329481565793165,1.1329481565793165,1.1329481565793165,1.1329481565793165,1.1329481565793165,1.1329481565793165
