obs_gdp,obs_hours,obs_wages,obs_gdpdeflator,obs_corepce,obs_nominalrate,obs_consumption,obs_investment,obs_BBBspread,obs_longinflation,obs_longrate,obs_tfp,obs_gdi,obs_AAAspread,obs_nominalrate1,obs_nominalrate2,obs_nominalrate3,obs_nominalrate4,obs_nominalrate5,obs_nominalrate6
0.47910090124057003,-45.78329588965681,0.47910090124057003,0.48847138913257454,0.49999999999998934,1.2183239216622344,0.47910090124057003,0.47910090124057003,0.43792848272721335,0.49999999999998934,1.2183239216622344,0.0,0.47910090124057003,0.1174310227768634,1.2183239216622344,1.2183239216622344,1.2183239216622344,1.2183239216622344,1.2183239216622344,1.2183239216622344
