obs_gdp,obs_hours,obs_wages,obs_gdpdeflator,obs_corepce,obs_nominalrate,obs_consumption,obs_investment,obs_BBBspread,obs_longinflation,obs_longrate,obs_tfp,obs_gdi,obs_AAAspread,obs_nominalrate1,obs_nominalrate2,obs_nominalrate3,obs_nominalrate4,obs_nominalrate5,obs_nominalrate6
0.4437610999236341,-47.25066492153038,0.4437610999236341,0.4863790835486239,0.49999999999998934,1.1590365456193519,0.4437610999236341,0.4437610999236341,0.44329568381625956,0.49999999999998934,1.1590365456193519,0.0,0.4437610999236341,0.1174310227768634,1.1590365456193519,1.1590365456193519,1.1590365456193519,1.1590365456193519,1.1590365456193519,1.1590365456193519
