obs_gdp,obs_hours,obs_wages,obs_gdpdeflator,obs_corepce,obs_nominalrate,obs_consumption,obs_investment,obs_BBBspread,obs_longinflation,obs_longrate,obs_tfp,obs_gdi,obs_AAAspread,obs_nominalrate1,obs_nominalrate2,obs_nominalrate3,obs_nominalrate4,obs_nominalrate5,obs_nominalrate6
0.4910928232335854,-45.62873426244099,0.4910928232335854,0.48599749422158905,0.49999999999998934,1.2229593812340678,0.4910928232335854,0.4910928232335854,0.43567990046533184,0.49999999999998934,1.2229593812340678,0.0,0.4910928232335854,0.1174310227768634,1.2229593812340678,1.2229593812340678,1.2229593812340678,1.2229593812340678,1.2229593812340678,1.2229593812340678
