obs_gdp,obs_hours,obs_wages,obs_gdpdeflator,obs_corepce,obs_nominalrate,obs_consumption,obs_investment,obs_BBBspread,obs_longinflation,obs_longrate,obs_tfp,obs_gdi,obs_AAAspread,obs_nominalrate1,obs_nominalrate2,obs_nominalrate3,obs_nominalrate4,obs_nominalrate5,obs_nominalrate6
0.42767447376628187,-47.49984532023139,0.42767447376628187,0.48403774444821995,0.49999999999998934,1.1281767006026566,0.42767447376628187,0.42767447376628187,0.4345171711273677,0.49999999999998934,1.1281767006026566,0.0,0.42767447376628187,0.1174310227768634,1.1281767006026566,1.1281767006026566,1.1281767006026566,1.1281767006026566,1.1281767006026566,1.1281767006026566
