obs_gdp,obs_hours,obs_wages,obs_gdpdeflator,obs_corepce,obs_nominalrate,obs_consumption,obs_investment,obs_BBBspread,obs_longinflation,obs_longrate,obs_tfp,obs_gdi,obs_AAAspread,obs_nominalrate1,obs_nominalrate2,obs_nominalrate3,obs_nominalrate4,obs_nominalrate5,obs_nominalrate6
0.4936901091861623,-45.462871305244484,0.4936901091861623,0.49309263061580605,0.49999999999998934,1.246181767945842,0.4936901091861623,0.4936901091861623,0.4381621976643981,0.49999999999998934,1.246181767945842,0.0,0.4936901091861623,0.1174310227768634,1.246181767945842,1.246181767945842,1.246181767945842,1.246181767945842,1.246181767945842,1.246181767945842
