obs_gdp,obs_hours,obs_wages,obs_gdpdeflator,obs_corepce,obs_nominalrate,obs_consumption,obs_investment,obs_BBBspread,obs_longinflation,obs_longrate,obs_tfp,obs_gdi,obs_AAAspread,obs_nominalrate1,obs_nominalrate2,obs_nominalrate3,obs_nominalrate4,obs_nominalrate5,obs_nominalrate6
0.4977946001995637,-45.44243442777032,0.4977946001995637,0.49280725441029427,0.49999999999998934,1.2450042308503662,0.4977946001995637,0.4977946001995637,0.43892839258922856,0.49999999999998934,1.2450042308503662,0.0,0.4977946001995637,0.1174310227768634,1.2450042308503662,1.2450042308503662,1.2450042308503662,1.2450042308503662,1.2450042308503662,1.2450042308503662
