obs_gdp,obs_hours,obs_wages,obs_gdpdeflator,obs_corepce,obs_nominalrate,obs_consumption,obs_investment,obs_BBBspread,obs_longinflation,obs_longrate,obs_tfp,obs_gdi,obs_AAAspread,obs_nominalrate1,obs_nominalrate2,obs_nominalrate3,obs_nominalrate4,obs_nominalrate5,obs_nominalrate6
0.4806284001058092,-45.6878871516517,0.4806284001058092,0.48635776211371967,0.49999999999998934,1.1950276508158053,0.4806284001058092,0.4806284001058092,0.4374531691916278,0.49999999999998934,1.1950276508158053,0.0,0.4806284001058092,0.1174310227768634,1.1950276508158053,1.1950276508158053,1.1950276508158053,1.1950276508158053,1.1950276508158053,1.1950276508158053
