obs_gdp,obs_hours,obs_wages,obs_gdpdeflator,obs_corepce,obs_nominalrate,obs_consumption,obs_investment,obs_BBBspread,obs_longinflation,obs_longrate,obs_tfp,obs_gdi,obs_AAAspread,obs_nominalrate1,obs_nominalrate2,obs_nominalrate3,obs_nominalrate4,obs_nominalrate5,obs_nominalrate6
0.5191398161574767,-44.6327595488996,0.5191398161574767,0.4856249249182712,0.49999999999998934,1.2661223003269884,0.5191398161574767,0.5191398161574767,0.4339312069203172,0.49999999999998934,1.2661223003269884,0.0,0.5191398161574767,0.1174310227768634,1.2661223003269884,1.2661223003269884,1.2661223003269884,1.2661223003269884,1.2661223003269884,1.2661223003269884
