obs_gdp,obs_hours,obs_wages,obs_gdpdeflator,obs_corepce,obs_nominalrate,obs_consumption,obs_investment,obs_BBBspread,obs_longinflation,obs_longrate,obs_tfp,obs_gdi,obs_AAAspread,obs_nominalrate1,obs_nominalrate2,obs_nominalrate3,obs_nominalrate4,obs_nominalrate5,obs_nominalrate6
0.4170875475832947,-48.25194666236533,0.4170875475832947,0.4872093196185686,0.49999999999998934,1.136455529792646,0.4170875475832947,0.4170875475832947,0.43888835867800186,0.49999999999998934,1.136455529792646,0.0,0.4170875475832947,0.1174310227768634,1.136455529792646,1.136455529792646,1.136455529792646,1.136455529792646,1.136455529792646,1.136455529792646
