obs_gdp,obs_hours,obs_wages,obs_gdpdeflator,obs_corepce,obs_nominalrate,obs_consumption,obs_investment,obs_BBBspread,obs_longinflation,obs_longrate,obs_tfp,obs_gdi,obs_AAAspread,obs_nominalrate1,obs_nominalrate2,obs_nominalrate3,obs_nominalrate4,obs_nominalrate5,obs_nominalrate6
0.4563374738399073,-46.893933543596795,0.4563374738399073,0.4880587713836026,0.49999999999998934,1.1823140329820347,0.4563374738399073,0.4563374738399073,0.4376301838243578,0.49999999999998934,1.1823140329820347,0.0,0.4563374738399073,0.1174310227768634,1.1823140329820347,1.1823140329820347,1.1823140329820347,1.1823140329820347,1.1823140329820347,1.1823140329820347
