obs_gdp,obs_hours,obs_wages,obs_gdpdeflator,obs_corepce,obs_nominalrate,obs_consumption,obs_investment,obs_BBBspread,obs_longinflation,obs_longrate,obs_tfp,obs_gdi,obs_AAAspread,obs_nominalrate1,obs_nominalrate2,obs_nominalrate3,obs_nominalrate4,obs_nominalrate5,obs_nominalrate6
0.41797262682674585,-48.180907212076846,0.41797262682674585,0.4926235651554296,0.49999999999998934,1.126445991487146,0.41797262682674585,0.41797262682674585,0.44143941175028056,0.49999999999998934,1.126445991487146,0.0,0.41797262682674585,0.1174310227768634,1.126445991487146,1.126445991487146,1.126445991487146,1.126445991487146,1.126445991487146,1.126445991487146
