obs_gdp,obs_hours,obs_wages,obs_gdpdeflator,obs_corepce,obs_nominalrate,obs_consumption,obs_investment,obs_BBBspread,obs_longinflation,obs_longrate,obs_tfp,obs_gdi,obs_AAAspread,obs_nominalrate1,obs_nominalrate2,obs_nominalrate3,obs_nominalrate4,obs_nominalrate5,obs_nominalrate6
0.4266109202082147,-48.008221164981904,0.4266109202082147,0.48548741274435103,0.49999999999998934,1.1377514040263437,0.4266109202082147,0.4266109202082147,0.4351672485759104,0.49999999999998934,1.1377514040263437,0.0,0.4266109202082147,0.1174310227768634,1.1377514040263437,1.1377514040263437,1.1377514040263437,1.1377514040263437,1.1377514040263437,1.1377514040263437
