obs_gdp,obs_hours,obs_wages,obs_gdpdeflator,obs_corepce,obs_nominalrate,obs_consumption,obs_investment,obs_BBBspread,obs_longinflation,obs_longrate,obs_tfp,obs_gdi,obs_AAAspread,obs_nominalrate1,obs_nominalrate2,obs_nominalrate3,obs_nominalrate4,obs_nominalrate5,obs_nominalrate6
0.435754609237593,-47.55703598410756,0.435754609237593,0.4921166235602388,0.49999999999998934,1.1517760909283803,0.435754609237593,0.435754609237593,0.4412528100600798,0.49999999999998934,1.1517760909283803,0.0,0.435754609237593,0.1174310227768634,1.1517760909283803,1.1517760909283803,1.1517760909283803,1.1517760909283803,1.1517760909283803,1.1517760909283803
