obs_gdp,obs_hours,obs_wages,obs_gdpdeflator,obs_corepce,obs_nominalrate,obs_consumption,obs_investment,obs_BBBspread,obs_longinflation,obs_longrate,obs_tfp,obs_gdi,obs_AAAspread,obs_nominalrate1,obs_nominalrate2,obs_nominalrate3,obs_nominalrate4,obs_nominalrate5,obs_nominalrate6
0.45070834033176244,-46.93659149615097,0.45070834033176244,0.4824277346084573,0.49999999999998934,1.1534969703337339,0.45070834033176244,0.45070834033176244,0.44612327831243076,0.49999999999998934,1.1534969703337339,0.0,0.45070834033176244,0.1174310227768634,1.1534969703337339,1.1534969703337339,1.1534969703337339,1.1534969703337339,1.1534969703337339,1.1534969703337339
