obs_gdp,obs_hours,obs_wages,obs_gdpdeflator,obs_corepce,obs_nominalrate,obs_consumption,obs_investment,obs_BBBspread,obs_longinflation,obs_longrate,obs_tfp,obs_gdi,obs_AAAspread,obs_nominalrate1,obs_nominalrate2,obs_nominalrate3,obs_nominalrate4,obs_nominalrate5,obs_nominalrate6
0.47938311509636566,-45.66383290688722,0.47938311509636566,0.48720134236179136,0.49999999999998934,1.2035010321867379,0.47938311509636566,0.47938311509636566,0.4351770818587733,0.49999999999998934,1.2035010321867379,0.0,0.47938311509636566,0.1174310227768634,1.2035010321867379,1.2035010321867379,1.2035010321867379,1.2035010321867379,1.2035010321867379,1.2035010321867379
