obs_gdp,obs_hours,obs_wages,obs_gdpdeflator,obs_corepce,obs_nominalrate,obs_consumption,obs_investment,obs_BBBspread,obs_longinflation,obs_longrate,obs_tfp,obs_gdi,obs_AAAspread,obs_nominalrate1,obs_nominalrate2,obs_nominalrate3,obs_nominalrate4,obs_nominalrate5,obs_nominalrate6
0.47620076023431324,-46.09026635195474,0.47620076023431324,0.4937759621339038,0.49999999999998934,1.2188883065036293,0.47620076023431324,0.47620076023431324,0.44034532330842036,0.49999999999998934,1.2188883065036293,0.0,0.47620076023431324,0.1174310227768634,1.2188883065036293,1.2188883065036293,1.2188883065036293,1.2188883065036293,1.2188883065036293,1.2188883065036293
