obs_gdp,obs_hours,obs_wages,obs_gdpdeflator,obs_corepce,obs_nominalrate,obs_consumption,obs_investment,obs_BBBspread,obs_longinflation,obs_longrate,obs_tfp,obs_gdi,obs_AAAspread,obs_nominalrate1,obs_nominalrate2,obs_nominalrate3,obs_nominalrate4,obs_nominalrate5,obs_nominalrate6
0.4092202819370394,-48.69867019199009,0.4092202819370394,0.48648248215300044,0.49999999999998934,1.1210024685108344,0.4092202819370394,0.4092202819370394,0.43475209987933083,0.49999999999998934,1.1210024685108344,0.0,0.4092202819370394,0.1174310227768634,1.1210024685108344,1.1210024685108344,1.1210024685108344,1.1210024685108344,1.1210024685108344,1.1210024685108344
