obs_gdp,obs_hours,obs_wages,obs_gdpdeflator,obs_corepce,obs_nominalrate,obs_consumption,obs_investment,obs_BBBspread,obs_longinflation,obs_longrate,obs_tfp,obs_gdi,obs_AAAspread,obs_nominalrate1,obs_nominalrate2,obs_nominalrate3,obs_nominalrate4,obs_nominalrate5,obs_nominalrate6
0.47123949184411096,-45.83058555530896,0.47123949184411096,0.4882399123003888,0.49999999999998934,1.2123856331006655,0.47123949184411096,0.47123949184411096,0.43109160652123446,0.49999999999998934,1.2123856331006655,0.0,0.47123949184411096,0.1174310227768634,1.2123856331006655,1.2123856331006655,1.2123856331006655,1.2123856331006655,1.2123856331006655,1.2123856331006655
