obs_gdp,obs_hours,obs_wages,obs_gdpdeflator,obs_corepce,obs_nominalrate,obs_consumption,obs_investment,obs_BBBspread,obs_longinflation,obs_longrate,obs_tfp,obs_gdi,obs_AAAspread,obs_nominalrate1,obs_nominalrate2,obs_nominalrate3,obs_nominalrate4,obs_nominalrate5,obs_nominalrate6
0.5480773728044008,-43.16794615991869,0.5480773728044008,0.486848413475512,0.49999999999998934,1.2986895267965703,0.5480773728044008,0.5480773728044008,0.43394887268925425,0.49999999999998934,1.2986895267965703,0.0,0.5480773728044008,0.1174310227768634,1.2986895267965703,1.2986895267965703,1.2986895267965703,1.2986895267965703,1.2986895267965703,1.2986895267965703
