obs_gdp,obs_hours,obs_wages,obs_gdpdeflator,obs_corepce,obs_nominalrate,obs_consumption,obs_investment,obs_BBBspread,obs_longinflation,obs_longrate,obs_tfp,obs_gdi,obs_AAAspread,obs_nominalrate1,obs_nominalrate2,obs_nominalrate3,obs_nominalrate4,obs_nominalrate5,obs_nominalrate6
0.5184236511924567,-44.57783317978889,0.5184236511924567,0.49014057780598935,0.49999999999998934,1.2666792597599619,0.5184236511924567,0.5184236511924567,0.4362355455884432,0.49999999999998934,1.2666792597599619,0.0,0.5184236511924567,0.1174310227768634,1.2666792597599619,1.2666792597599619,1.2666792597599619,1.2666792597599619,1.2666792597599619,1.2666792597599619
