obs_gdp,obs_hours,obs_wages,obs_gdpdeflator,obs_corepce,obs_nominalrate,obs_consumption,obs_investment,obs_BBBspread,obs_longinflation,obs_longrate,obs_tfp,obs_gdi,obs_AAAspread,obs_nominalrate1,obs_nominalrate2,obs_nominalrate3,obs_nominalrate4,obs_nominalrate5,obs_nominalrate6
0.45904749367420283,-46.446758146743875,0.45904749367420283,0.4844460578374097,0.49999999999998934,1.1698275750299025,0.45904749367420283,0.45904749367420283,0.431110860664417,0.49999999999998934,1.1698275750299025,0.0,0.45904749367420283,0.1174310227768634,1.1698275750299025,1.1698275750299025,1.1698275750299025,1.1698275750299025,1.1698275750299025,1.1698275750299025
