obs_gdp,obs_hours,obs_wages,obs_gdpdeflator,obs_corepce,obs_nominalrate,obs_consumption,obs_investment,obs_BBBspread,obs_longinflation,obs_longrate,obs_tfp,obs_gdi,obs_AAAspread,obs_nominalrate1,obs_nominalrate2,obs_nominalrate3,obs_nominalrate4,obs_nominalrate5,obs_nominalrate6
0.4248416766982288,-47.93076181219982,0.4248416766982288,0.4825988253396063,0.49999999999998934,1.123259758097661,0.4248416766982288,0.4248416766982288,0.4467486305901709,0.49999999999998934,1.123259758097661,0.0,0.4248416766982288,0.1174310227768634,1.123259758097661,1.123259758097661,1.123259758097661,1.123259758097661,1.123259758097661,1.123259758097661
