obs_gdp,obs_hours,obs_wages,obs_gdpdeflator,obs_corepce,obs_nominalrate,obs_consumption,obs_investment,obs_BBBspread,obs_longinflation,obs_longrate,obs_tfp,obs_gdi,obs_AAAspread,obs_nominalrate1,obs_nominalrate2,obs_nominalrate3,obs_nominalrate4,obs_nominalrate5,obs_nominalrate6
0.4238184279336865,-47.63513877623089,0.4238184279336865,0.486564903852448,0.49999999999998934,1.1399651236256858,0.4238184279336865,0.4238184279336865,0.43564928471890385,0.49999999999998934,1.1399651236256858,0.0,0.4238184279336865,0.1174310227768634,1.1399651236256858,1.1399651236256858,1.1399651236256858,1.1399651236256858,1.1399651236256858,1.1399651236256858
