obs_gdp,obs_hours,obs_wages,obs_gdpdeflator,obs_corepce,obs_nominalrate,obs_consumption,obs_investment,obs_BBBspread,obs_longinflation,obs_longrate,obs_tfp,obs_gdi,obs_AAAspread,obs_nominalrate1,obs_nominalrate2,obs_nominalrate3,obs_nominalrate4,obs_nominalrate5,obs_nominalrate6
0.43954020761374224,-47.62306411655364,0.43954020761374224,0.4935307097102773,0.49999999999998934,1.1588156384794601,0.43954020761374224,0.43954020761374224,0.4369304568652375,0.49999999999998934,1.1588156384794601,0.0,0.43954020761374224,0.1174310227768634,1.1588156384794601,1.1588156384794601,1.1588156384794601,1.1588156384794601,1.1588156384794601,1.1588156384794601
