obs_gdp,obs_hours,obs_wages,obs_gdpdeflator,obs_corepce,obs_nominalrate,obs_consumption,obs_investment,obs_BBBspread,obs_longinflation,obs_longrate,obs_tfp,obs_gdi,obs_AAAspread,obs_nominalrate1,obs_nominalrate2,obs_nominalrate3,obs_nominalrate4,obs_nominalrate5,obs_nominalrate6
0.4969111416290417,-44.831395470815885,0.4969111416290417,0.48723916032058145,0.49999999999998934,1.243890176291207,0.4969111416290417,0.4969111416290417,0.43179029536359975,0.49999999999998934,1.243890176291207,0.0,0.4969111416290417,0.1174310227768634,1.243890176291207,1.243890176291207,1.243890176291207,1.243890176291207,1.243890176291207,1.243890176291207
