obs_gdp,obs_hours,obs_wages,obs_gdpdeflator,obs_corepce,obs_nominalrate,obs_consumption,obs_investment,obs_BBBspread,obs_longinflation,obs_longrate,obs_tfp,obs_gdi,obs_AAAspread,obs_nominalrate1,obs_nominalrate2,obs_nominalrate3,obs_nominalrate4,obs_nominalrate5,obs_nominalrate6
0.5085670259499908,-44.84223674359888,0.5085670259499908,0.4929744830839617,0.49999999999998934,1.2637430408144912,0.5085670259499908,0.5085670259499908,0.4352813984662947,0.49999999999998934,1.2637430408144912,0.0,0.5085670259499908,0.1174310227768634,1.2637430408144912,1.2637430408144912,1.2637430408144912,1.2637430408144912,1.2637430408144912,1.2637430408144912
