obs_gdp,obs_hours,obs_wages,obs_gdpdeflator,obs_corepce,obs_nominalrate,obs_consumption,obs_investment,obs_BBBspread,obs_longinflation,obs_longrate,obs_tfp,obs_gdi,obs_AAAspread,obs_nominalrate1,obs_nominalrate2,obs_nominalrate3,obs_nominalrate4,obs_nominalrate5,obs_nominalrate6
0.4980589309834915,-45.30532186174036,0.4980589309834915,0.492625168353855,0.49999999999998934,1.2404644303409373,0.4980589309834915,0.4980589309834915,0.43895577020912624,0.49999999999998934,1.2404644303409373,0.0,0.4980589309834915,0.1174310227768634,1.2404644303409373,1.2404644303409373,1.2404644303409373,1.2404644303409373,1.2404644303409373,1.2404644303409373
