obs_gdp,obs_hours,obs_wages,obs_gdpdeflator,obs_corepce,obs_nominalrate,obs_consumption,obs_investment,obs_BBBspread,obs_longinflation,obs_longrate,obs_tfp,obs_gdi,obs_AAAspread,obs_nominalrate1,obs_nominalrate2,obs_nominalrate3,obs_nominalrate4,obs_nominalrate5,obs_nominalrate6
0.4534582532283338,-46.90232095482707,0.4534582532283338,0.49305707333908133,0.49999999999998934,1.1796417370778745,0.4534582532283338,0.4534582532283338,0.43997055659921797,0.49999999999998934,1.1796417370778745,0.0,0.4534582532283338,0.1174310227768634,1.1796417370778745,1.1796417370778745,1.1796417370778745,1.1796417370778745,1.1796417370778745,1.1796417370778745
