obs_gdp,obs_hours,obs_wages,obs_gdpdeflator,obs_corepce,obs_nominalrate,obs_consumption,obs_investment,obs_BBBspread,obs_longinflation,obs_longrate,obs_tfp,obs_gdi,obs_AAAspread,obs_nominalrate1,obs_nominalrate2,obs_nominalrate3,obs_nominalrate4,obs_nominalrate5,obs_nominalrate6
0.46883755302136176,-46.1339998532542,0.46883755302136176,0.4892035507349999,0.49999999999998934,1.2077274528861315,0.46883755302136176,0.46883755302136176,0.43772386976540756,0.49999999999998934,1.2077274528861315,0.0,0.46883755302136176,0.1174310227768634,1.2077274528861315,1.2077274528861315,1.2077274528861315,1.2077274528861315,1.2077274528861315,1.2077274528861315
