obs_gdp,obs_hours,obs_wages,obs_gdpdeflator,obs_corepce,obs_nominalrate,obs_consumption,obs_investment,obs_BBBspread,obs_longinflation,obs_longrate,obs_tfp,obs_gdi,obs_AAAspread,obs_nominalrate1,obs_nominalrate2,obs_nominalrate3,obs_nominalrate4,obs_nominalrate5,obs_nominalrate6
0.437025704845051,-47.432211136503916,0.437025704845051,0.4825704253719697,0.49999999999998934,1.138897780679482,0.437025704845051,0.437025704845051,0.44566803991687787,0.49999999999998934,1.138897780679482,0.0,0.437025704845051,0.1174310227768634,1.138897780679482,1.138897780679482,1.138897780679482,1.138897780679482,1.138897780679482,1.138897780679482
