obs_gdp,obs_hours,obs_wages,obs_gdpdeflator,obs_corepce,obs_nominalrate,obs_consumption,obs_investment,obs_BBBspread,obs_longinflation,obs_longrate,obs_tfp,obs_gdi,obs_AAAspread,obs_nominalrate1,obs_nominalrate2,obs_nominalrate3,obs_nominalrate4,obs_nominalrate5,obs_nominalrate6
0.47087393314322323,-46.38661484924666,0.47087393314322323,0.49283707060073734,0.49999999999998934,1.211856562383673,0.47087393314322323,0.47087393314322323,0.438376028255609,0.49999999999998934,1.211856562383673,0.0,0.47087393314322323,0.1174310227768634,1.211856562383673,1.211856562383673,1.211856562383673,1.211856562383673,1.211856562383673,1.211856562383673
