obs_gdp,obs_hours,obs_wages,obs_gdpdeflator,obs_corepce,obs_nominalrate,obs_consumption,obs_investment,obs_BBBspread,obs_longinflation,obs_longrate,obs_tfp,obs_gdi,obs_AAAspread,obs_nominalrate1,obs_nominalrate2,obs_nominalrate3,obs_nominalrate4,obs_nominalrate5,obs_nominalrate6
0.4730951166657116,-45.87715103947321,0.4730951166657116,0.48555094512227137,0.49999999999998934,1.1994369773720814,0.4730951166657116,0.4730951166657116,0.43272966138875263,0.49999999999998934,1.1994369773720814,0.0,0.4730951166657116,0.1174310227768634,1.1994369773720814,1.1994369773720814,1.1994369773720814,1.1994369773720814,1.1994369773720814,1.1994369773720814
