obs_gdp,obs_hours,obs_wages,obs_gdpdeflator,obs_corepce,obs_nominalrate,obs_consumption,obs_investment,obs_BBBspread,obs_longinflation,obs_longrate,obs_tfp,obs_gdi,obs_AAAspread,obs_nominalrate1,obs_nominalrate2,obs_nominalrate3,obs_nominalrate4,obs_nominalrate5,obs_nominalrate6
0.4239059941546497,-48.30975323048695,0.4239059941546497,0.49326845527640467,0.49999999999998934,1.1509550369162902,0.4239059941546497,0.4239059941546497,0.4354875294664751,0.49999999999998934,1.1509550369162902,0.0,0.4239059941546497,0.1174310227768634,1.1509550369162902,1.1509550369162902,1.1509550369162902,1.1509550369162902,1.1509550369162902,1.1509550369162902
