obs_gdp,obs_hours,obs_wages,obs_gdpdeflator,obs_corepce,obs_nominalrate,obs_consumption,obs_investment,obs_BBBspread,obs_longinflation,obs_longrate,obs_tfp,obs_gdi,obs_AAAspread,obs_nominalrate1,obs_nominalrate2,obs_nominalrate3,obs_nominalrate4,obs_nominalrate5,obs_nominalrate6
0.4896033195593841,-45.7329768082276,0.4896033195593841,0.49328402457347553,0.49999999999998934,1.234780242018263,0.4896033195593841,0.4896033195593841,0.4363150818892891,0.49999999999998934,1.234780242018263,0.0,0.4896033195593841,0.1174310227768634,1.234780242018263,1.234780242018263,1.234780242018263,1.234780242018263,1.234780242018263,1.234780242018263
