obs_gdp,obs_hours,obs_wages,obs_gdpdeflator,obs_corepce,obs_nominalrate,obs_consumption,obs_investment,obs_BBBspread,obs_longinflation,obs_longrate,obs_tfp,obs_gdi,obs_AAAspread,obs_nominalrate1,obs_nominalrate2,obs_nominalrate3,obs_nominalrate4,obs_nominalrate5,obs_nominalrate6
0.5194201012769684,-44.461181242959334,0.5194201012769684,0.4924744357252194,0.49999999999998934,1.2775793316484263,0.5194201012769684,0.5194201012769684,0.43605445304794826,0.49999999999998934,1.2775793316484263,0.0,0.5194201012769684,0.1174310227768634,1.2775793316484263,1.2775793316484263,1.2775793316484263,1.2775793316484263,1.2775793316484263,1.2775793316484263
