obs_gdp,obs_hours,obs_wages,obs_gdpdeflator,obs_corepce,obs_nominalrate,obs_consumption,obs_investment,obs_BBBspread,obs_longinflation,obs_longrate,obs_tfp,obs_gdi,obs_AAAspread,obs_nominalrate1,obs_nominalrate2,obs_nominalrate3,obs_nominalrate4,obs_nominalrate5,obs_nominalrate6
0.4436451400307906,-46.88061432527994,0.4436451400307906,0.4897747975750923,0.49999999999998934,1.1802174472663296,0.4436451400307906,0.4436451400307906,0.43604067710478356,0.49999999999998934,1.1802174472663296,0.0,0.4436451400307906,0.1174310227768634,1.1802174472663296,1.1802174472663296,1.1802174472663296,1.1802174472663296,1.1802174472663296,1.1802174472663296
