obs_gdp,obs_hours,obs_wages,obs_gdpdeflator,obs_corepce,obs_nominalrate,obs_consumption,obs_investment,obs_BBBspread,obs_longinflation,obs_longrate,obs_tfp,obs_gdi,obs_AAAspread,obs_nominalrate1,obs_nominalrate2,obs_nominalrate3,obs_nominalrate4,obs_nominalrate5,obs_nominalrate6
0.42985376236426287,-47.38186141393603,0.42985376236426287,0.48909084944463765,0.49999999999998934,1.1614820652178004,0.42985376236426287,0.42985376236426287,0.43311024031018563,0.49999999999998934,1.1614820652178004,0.0,0.42985376236426287,0.1174310227768634,1.1614820652178004,1.1614820652178004,1.1614820652178004,1.1614820652178004,1.1614820652178004,1.1614820652178004
