obs_gdp,obs_hours,obs_wages,obs_gdpdeflator,obs_corepce,obs_nominalrate,obs_consumption,obs_investment,obs_BBBspread,obs_longinflation,obs_longrate,obs_tfp,obs_gdi,obs_AAAspread,obs_nominalrate1,obs_nominalrate2,obs_nominalrate3,obs_nominalrate4,obs_nominalrate5,obs_nominalrate6
0.44465944132050517,-47.20218874183393,0.44465944132050517,0.48792388489518257,0.49999999999998934,1.1696910894913426,0.44465944132050517,0.44465944132050517,0.4395240853987807,0.49999999999998934,1.1696910894913426,0.0,0.44465944132050517,0.1174310227768634,1.1696910894913426,1.1696910894913426,1.1696910894913426,1.1696910894913426,1.1696910894913426,1.1696910894913426
