obs_gdp,obs_hours,obs_wages,obs_gdpdeflator,obs_corepce,obs_nominalrate,obs_consumption,obs_investment,obs_BBBspread,obs_longinflation,obs_longrate,obs_tfp,obs_gdi,obs_AAAspread,obs_nominalrate1,obs_nominalrate2,obs_nominalrate3,obs_nominalrate4,obs_nominalrate5,obs_nominalrate6
0.49739761447153974,-45.373846832159444,0.49739761447153974,0.4879037606922667,0.49999999999998934,1.2420030306302232,0.49739761447153974,0.49739761447153974,0.4343965904429339,0.49999999999998934,1.2420030306302232,0.0,0.49739761447153974,0.1174310227768634,1.2420030306302232,1.2420030306302232,1.2420030306302232,1.2420030306302232,1.2420030306302232,1.2420030306302232
