obs_gdp,obs_hours,obs_wages,obs_gdpdeflator,obs_corepce,obs_nominalrate,obs_consumption,obs_investment,obs_BBBspread,obs_longinflation,obs_longrate,obs_tfp,obs_gdi,obs_AAAspread,obs_nominalrate1,obs_nominalrate2,obs_nominalrate3,obs_nominalrate4,obs_nominalrate5,obs_nominalrate6
0.5290244211151762,-44.18331541916217,0.5290244211151762,0.49173350384345443,0.49999999999998934,1.2721677115981045,0.5290244211151762,0.5290244211151762,0.4425120290995069,0.49999999999998934,1.2721677115981045,0.0,0.5290244211151762,0.1174310227768634,1.2721677115981045,1.2721677115981045,1.2721677115981045,1.2721677115981045,1.2721677115981045,1.2721677115981045
