obs_gdp,obs_hours,obs_wages,obs_gdpdeflator,obs_corepce,obs_nominalrate,obs_consumption,obs_investment,obs_BBBspread,obs_longinflation,obs_longrate,obs_tfp,obs_gdi,obs_AAAspread,obs_nominalrate1,obs_nominalrate2,obs_nominalrate3,obs_nominalrate4,obs_nominalrate5,obs_nominalrate6
0.47874848482336585,-46.044330805770045,0.47874848482336585,0.4942650217725576,0.49999999999998934,1.2278173671912418,0.47874848482336585,0.47874848482336585,0.4365233746282106,0.49999999999998934,1.2278173671912418,0.0,0.47874848482336585,0.1174310227768634,1.2278173671912418,1.2278173671912418,1.2278173671912418,1.2278173671912418,1.2278173671912418,1.2278173671912418
