obs_gdp,obs_hours,obs_wages,obs_gdpdeflator,obs_corepce,obs_nominalrate,obs_consumption,obs_investment,obs_BBBspread,obs_longinflation,obs_longrate,obs_tfp,obs_gdi,obs_AAAspread,obs_nominalrate1,obs_nominalrate2,obs_nominalrate3,obs_nominalrate4,obs_nominalrate5,obs_nominalrate6
0.4842334473546428,-45.77272945170873,0.4842334473546428,0.4940042335654763,0.49999999999998934,1.2328086593236476,0.4842334473546428,0.4842334473546428,0.435281482883929,0.49999999999998934,1.2328086593236476,0.0,0.4842334473546428,0.1174310227768634,1.2328086593236476,1.2328086593236476,1.2328086593236476,1.2328086593236476,1.2328086593236476,1.2328086593236476
