obs_gdp,obs_hours,obs_wages,obs_gdpdeflator,obs_corepce,obs_nominalrate,obs_consumption,obs_investment,obs_BBBspread,obs_longinflation,obs_longrate,obs_tfp,obs_gdi,obs_AAAspread,obs_nominalrate1,obs_nominalrate2,obs_nominalrate3,obs_nominalrate4,obs_nominalrate5,obs_nominalrate6
0.3793870683761691,-49.67468464085076,0.3793870683761691,0.48723953649481067,0.49999999999998934,1.0895405184429885,0.3793870683761691,0.3793870683761691,0.4389248690862768,0.49999999999998934,1.0895405184429885,0.0,0.3793870683761691,0.1174310227768634,1.0895405184429885,1.0895405184429885,1.0895405184429885,1.0895405184429885,1.0895405184429885,1.0895405184429885
