obs_gdp,obs_hours,obs_wages,obs_gdpdeflator,obs_corepce,obs_nominalrate,obs_consumption,obs_investment,obs_BBBspread,obs_longinflation,obs_longrate,obs_tfp,obs_gdi,obs_AAAspread,obs_nominalrate1,obs_nominalrate2,obs_nominalrate3,obs_nominalrate4,obs_nominalrate5,obs_nominalrate6
0.4815168005389614,-45.55670289070035,0.4815168005389614,0.48574207554431087,0.49999999999998934,1.1999263314824038,0.4815168005389614,0.4815168005389614,0.43272418523687933,0.49999999999998934,1.1999263314824038,0.0,0.4815168005389614,0.1174310227768634,1.1999263314824038,1.1999263314824038,1.1999263314824038,1.1999263314824038,1.1999263314824038,1.1999263314824038
