obs_gdp,obs_hours,obs_wages,obs_gdpdeflator,obs_corepce,obs_nominalrate,obs_consumption,obs_investment,obs_BBBspread,obs_longinflation,obs_longrate,obs_tfp,obs_gdi,obs_AAAspread,obs_nominalrate1,obs_nominalrate2,obs_nominalrate3,obs_nominalrate4,obs_nominalrate5,obs_nominalrate6
0.40430680828416055,-48.28331646547551,0.40430680828416055,0.4868749226773173,0.49999999999998934,1.1153227843014202,0.40430680828416055,0.40430680828416055,0.4362515025215347,0.49999999999998934,1.1153227843014202,0.0,0.40430680828416055,0.1174310227768634,1.1153227843014202,1.1153227843014202,1.1153227843014202,1.1153227843014202,1.1153227843014202,1.1153227843014202
