obs_gdp,obs_hours,obs_wages,obs_gdpdeflator,obs_corepce,obs_nominalrate,obs_consumption,obs_investment,obs_BBBspread,obs_longinflation,obs_longrate,obs_tfp,obs_gdi,obs_AAAspread,obs_nominalrate1,obs_nominalrate2,obs_nominalrate3,obs_nominalrate4,obs_nominalrate5,obs_nominalrate6
0.39018870922282733,-48.912360658895665,0.39018870922282733,0.4845406023429023,0.49999999999998934,1.0863265444994052,0.39018870922282733,0.39018870922282733,0.4339974139366459,0.49999999999998934,1.0863265444994052,0.0,0.39018870922282733,0.1174310227768634,1.0863265444994052,1.0863265444994052,1.0863265444994052,1.0863265444994052,1.0863265444994052,1.0863265444994052
