obs_gdp,obs_hours,obs_wages,obs_gdpdeflator,obs_corepce,obs_nominalrate,obs_consumption,obs_investment,obs_BBBspread,obs_longinflation,obs_longrate,obs_tfp,obs_gdi,obs_AAAspread,obs_nominalrate1,obs_nominalrate2,obs_nominalrate3,obs_nominalrate4,obs_nominalrate5,obs_nominalrate6
0.4735978199079893,-46.11230299554685,0.4735978199079893,0.49366468944005343,0.49999999999998934,1.2105824684216282,0.4735978199079893,0.4735978199079893,0.4400448577628494,0.49999999999998934,1.2105824684216282,0.0,0.4735978199079893,0.1174310227768634,1.2105824684216282,1.2105824684216282,1.2105824684216282,1.2105824684216282,1.2105824684216282,1.2105824684216282
