obs_gdp,obs_hours,obs_wages,obs_gdpdeflator,obs_corepce,obs_nominalrate,obs_consumption,obs_investment,obs_BBBspread,obs_longinflation,obs_longrate,obs_tfp,obs_gdi,obs_AAAspread,obs_nominalrate1,obs_nominalrate2,obs_nominalrate3,obs_nominalrate4,obs_nominalrate5,obs_nominalrate6
0.47071948338124336,-46.31580074604439,0.47071948338124336,0.49404113965494717,0.49999999999998934,1.2027195941994862,0.47071948338124336,0.47071948338124336,0.43513475589488837,0.49999999999998934,1.2027195941994862,0.0,0.47071948338124336,0.1174310227768634,1.2027195941994862,1.2027195941994862,1.2027195941994862,1.2027195941994862,1.2027195941994862,1.2027195941994862
