obs_gdp,obs_hours,obs_wages,obs_gdpdeflator,obs_corepce,obs_nominalrate,obs_consumption,obs_investment,obs_BBBspread,obs_longinflation,obs_longrate,obs_tfp,obs_gdi,obs_AAAspread,obs_nominalrate1,obs_nominalrate2,obs_nominalrate3,obs_nominalrate4,obs_nominalrate5,obs_nominalrate6
0.5057442219148056,-44.721876552898514,0.5057442219148056,0.4875472524444055,0.49999999999998934,1.2426992835920414,0.5057442219148056,0.5057442219148056,0.4337397241623652,0.49999999999998934,1.2426992835920414,0.0,0.5057442219148056,0.1174310227768634,1.2426992835920414,1.2426992835920414,1.2426992835920414,1.2426992835920414,1.2426992835920414,1.2426992835920414
