obs_gdp,obs_hours,obs_wages,obs_gdpdeflator,obs_corepce,obs_nominalrate,obs_consumption,obs_investment,obs_BBBspread,obs_longinflation,obs_longrate,obs_tfp,obs_gdi,obs_AAAspread,obs_nominalrate1,obs_nominalrate2,obs_nominalrate3,obs_nominalrate4,obs_nominalrate5,obs_nominalrate6
0.4589414436424688,-46.47295785331959,0.4589414436424688,0.4879577782710268,0.49999999999998934,1.1669931675525547,0.4589414436424688,0.4589414436424688,0.43646428382924757,0.49999999999998934,1.1669931675525547,0.0,0.4589414436424688,0.1174310227768634,1.1669931675525547,1.1669931675525547,1.1669931675525547,1.1669931675525547,1.1669931675525547,1.1669931675525547
