obs_gdp,obs_hours,obs_wages,obs_gdpdeflator,obs_corepce,obs_nominalrate,obs_consumption,obs_investment,obs_BBBspread,obs_longinflation,obs_longrate,obs_tfp,obs_gdi,obs_AAAspread,obs_nominalrate1,obs_nominalrate2,obs_nominalrate3,obs_nominalrate4,obs_nominalrate5,obs_nominalrate6
0.4378180160570455,-47.463463362881235,0.4378180160570455,0.49207707924929217,0.49999999999998934,1.1509194876160533,0.4378180160570455,0.4378180160570455,0.44203394808221846,0.49999999999998934,1.1509194876160533,0.0,0.4378180160570455,0.1174310227768634,1.1509194876160533,1.1509194876160533,1.1509194876160533,1.1509194876160533,1.1509194876160533,1.1509194876160533
