obs_gdp,obs_hours,obs_wages,obs_gdpdeflator,obs_corepce,obs_nominalrate,obs_consumption,obs_investment,obs_BBBspread,obs_longinflation,obs_longrate,obs_tfp,obs_gdi,obs_AAAspread,obs_nominalrate1,obs_nominalrate2,obs_nominalrate3,obs_nominalrate4,obs_nominalrate5,obs_nominalrate6
0.4118889133288617,-48.60387462009186,0.4118889133288617,0.48794227589440753,0.49999999999998934,1.1188485081734534,0.4118889133288617,0.4118889133288617,0.43457051806304015,0.49999999999998934,1.1188485081734534,0.0,0.4118889133288617,0.1174310227768634,1.1188485081734534,1.1188485081734534,1.1188485081734534,1.1188485081734534,1.1188485081734534,1.1188485081734534
