obs_gdp,obs_hours,obs_wages,obs_gdpdeflator,obs_corepce,obs_nominalrate,obs_consumption,obs_investment,obs_BBBspread,obs_longinflation,obs_longrate,obs_tfp,obs_gdi,obs_AAAspread,obs_nominalrate1,obs_nominalrate2,obs_nominalrate3,obs_nominalrate4,obs_nominalrate5,obs_nominalrate6
0.4301777177313282,-47.76035899967368,0.4301777177313282,0.4867295823842793,0.49999999999998934,1.1470565796175336,0.4301777177313282,0.4301777177313282,0.4355882229546247,0.49999999999998934,1.1470565796175336,0.0,0.4301777177313282,0.1174310227768634,1.1470565796175336,1.1470565796175336,1.1470565796175336,1.1470565796175336,1.1470565796175336,1.1470565796175336
