obs_gdp,obs_hours,obs_wages,obs_gdpdeflator,obs_corepce,obs_nominalrate,obs_consumption,obs_investment,obs_BBBspread,obs_longinflation,obs_longrate,obs_tfp,obs_gdi,obs_AAAspread,obs_nominalrate1,obs_nominalrate2,obs_nominalrate3,obs_nominalrate4,obs_nominalrate5,obs_nominalrate6
0.49543944199526013,-45.051167577696475,0.49543944199526013,0.4873793887962798,0.49999999999998934,1.220939527532261,0.49543944199526013,0.49543944199526013,0.4350920915288838,0.49999999999998934,1.220939527532261,0.0,0.49543944199526013,0.1174310227768634,1.220939527532261,1.220939527532261,1.220939527532261,1.220939527532261,1.220939527532261,1.220939527532261
