obs_gdp,obs_hours,obs_wages,obs_gdpdeflator,obs_corepce,obs_nominalrate,obs_consumption,obs_investment,obs_BBBspread,obs_longinflation,obs_longrate,obs_tfp,obs_gdi,obs_AAAspread,obs_nominalrate1,obs_nominalrate2,obs_nominalrate3,obs_nominalrate4,obs_nominalrate5,obs_nominalrate6
0.5077476282671745,-44.58513923907477,0.5077476282671745,0.48639200055644094,0.49999999999998934,1.2408950579108735,0.5077476282671745,0.5077476282671745,0.4336509582802679,0.49999999999998934,1.2408950579108735,0.0,0.5077476282671745,0.1174310227768634,1.2408950579108735,1.2408950579108735,1.2408950579108735,1.2408950579108735,1.2408950579108735,1.2408950579108735
