obs_gdp,obs_hours,obs_wages,obs_gdpdeflator,obs_corepce,obs_nominalrate,obs_consumption,obs_investment,obs_BBBspread,obs_longinflation,obs_longrate,obs_tfp,obs_gdi,obs_AAAspread,obs_nominalrate1,obs_nominalrate2,obs_nominalrate3,obs_nominalrate4,obs_nominalrate5,obs_nominalrate6
0.4504868014039154,-47.10062667447429,0.4504868014039154,0.4923802341418958,0.49999999999998934,1.1820317629394728,0.4504868014039154,0.4504868014039154,0.43816820925408784,0.49999999999998934,1.1820317629394728,0.0,0.4504868014039154,0.1174310227768634,1.1820317629394728,1.1820317629394728,1.1820317629394728,1.1820317629394728,1.1820317629394728,1.1820317629394728
