obs_gdp,obs_hours,obs_wages,obs_gdpdeflator,obs_corepce,obs_nominalrate,obs_consumption,obs_investment,obs_BBBspread,obs_longinflation,obs_longrate,obs_tfp,obs_gdi,obs_AAAspread,obs_nominalrate1,obs_nominalrate2,obs_nominalrate3,obs_nominalrate4,obs_nominalrate5,obs_nominalrate6
0.5055669437421306,-44.95434520810449,0.5055669437421306,0.4929901342365959,0.49999999999998934,1.2552254497757875,0.5055669437421306,0.5055669437421306,0.4365792385127001,0.49999999999998934,1.2552254497757875,0.0,0.5055669437421306,0.1174310227768634,1.2552254497757875,1.2552254497757875,1.2552254497757875,1.2552254497757875,1.2552254497757875,1.2552254497757875
