obs_gdp,obs_hours,obs_wages,obs_gdpdeflator,obs_corepce,obs_nominalrate,obs_consumption,obs_investment,obs_BBBspread,obs_longinflation,obs_longrate,obs_tfp,obs_gdi,obs_AAAspread,obs_nominalrate1,obs_nominalrate2,obs_nominalrate3,obs_nominalrate4,obs_nominalrate5,obs_nominalrate6
0.48297666098382486,-45.58929982769613,0.48297666098382486,0.4837252796755221,0.49999999999998934,1.1992530507553667,0.48297666098382486,0.48297666098382486,0.4317635033134112,0.49999999999998934,1.1992530507553667,0.0,0.48297666098382486,0.1174310227768634,1.1992530507553667,1.1992530507553667,1.1992530507553667,1.1992530507553667,1.1992530507553667,1.1992530507553667
