obs_gdp,obs_hours,obs_wages,obs_gdpdeflator,obs_corepce,obs_nominalrate,obs_consumption,obs_investment,obs_BBBspread,obs_longinflation,obs_longrate,obs_tfp,obs_gdi,obs_AAAspread,obs_nominalrate1,obs_nominalrate2,obs_nominalrate3,obs_nominalrate4,obs_nominalrate5,obs_nominalrate6
0.4873017329871887,-45.733802271126905,0.4873017329871887,0.49016758230720636,0.49999999999998934,1.2235848978998654,0.4873017329871887,0.4873017329871887,0.439382271277766,0.49999999999998934,1.2235848978998654,0.0,0.4873017329871887,0.1174310227768634,1.2235848978998654,1.2235848978998654,1.2235848978998654,1.2235848978998654,1.2235848978998654,1.2235848978998654
