obs_gdp,obs_hours,obs_wages,obs_gdpdeflator,obs_corepce,obs_nominalrate,obs_consumption,obs_investment,obs_BBBspread,obs_longinflation,obs_longrate,obs_tfp,obs_gdi,obs_AAAspread,obs_nominalrate1,obs_nominalrate2,obs_nominalrate3,obs_nominalrate4,obs_nominalrate5,obs_nominalrate6
0.5184432039710529,-44.36945258970382,0.5184432039710529,0.48281263933102375,0.49999999999998934,1.2502045477009727,0.5184432039710529,0.5184432039710529,0.44524280741343475,0.49999999999998934,1.2502045477009727,0.0,0.5184432039710529,0.1174310227768634,1.2502045477009727,1.2502045477009727,1.2502045477009727,1.2502045477009727,1.2502045477009727,1.2502045477009727
