obs_gdp,obs_hours,obs_wages,obs_gdpdeflator,obs_corepce,obs_nominalrate,obs_consumption,obs_investment,obs_BBBspread,obs_longinflation,obs_longrate,obs_tfp,obs_gdi,obs_AAAspread,obs_nominalrate1,obs_nominalrate2,obs_nominalrate3,obs_nominalrate4,obs_nominalrate5,obs_nominalrate6
0.5238417574098486,-44.20698716350121,0.5238417574098486,0.4835657282394683,0.49999999999998934,1.2694007797535267,0.5238417574098486,0.5238417574098486,0.43895598470590935,0.49999999999998934,1.2694007797535267,0.0,0.5238417574098486,0.1174310227768634,1.2694007797535267,1.2694007797535267,1.2694007797535267,1.2694007797535267,1.2694007797535267,1.2694007797535267
