obs_gdp,obs_hours,obs_wages,obs_gdpdeflator,obs_corepce,obs_nominalrate,obs_consumption,obs_investment,obs_BBBspread,obs_longinflation,obs_longrate,obs_tfp,obs_gdi,obs_AAAspread,obs_nominalrate1,obs_nominalrate2,obs_nominalrate3,obs_nominalrate4,obs_nominalrate5,obs_nominalrate6
0.4297502235936168,-47.481889904635004,0.4297502235936168,0.4850062165620342,0.49999999999998934,1.13201942211969,0.4297502235936168,0.4297502235936168,0.4337339608293388,0.49999999999998934,1.13201942211969,0.0,0.4297502235936168,0.1174310227768634,1.13201942211969,1.13201942211969,1.13201942211969,1.13201942211969,1.13201942211969,1.13201942211969
