obs_gdp,obs_hours,obs_wages,obs_gdpdeflator,obs_corepce,obs_nominalrate,obs_consumption,obs_investment,obs_BBBspread,obs_longinflation,obs_longrate,obs_tfp,obs_gdi,obs_AAAspread,obs_nominalrate1,obs_nominalrate2,obs_nominalrate3,obs_nominalrate4,obs_nominalrate5,obs_nominalrate6
0.476846113890006,-45.5921097741729,0.476846113890006,0.48925308505358683,0.49999999999998934,1.2242486562489052,0.476846113890006,0.476846113890006,0.43536200979067974,0.49999999999998934,1.2242486562489052,0.0,0.476846113890006,0.1174310227768634,1.2242486562489052,1.2242486562489052,1.2242486562489052,1.2242486562489052,1.2242486562489052,1.2242486562489052
