obs_gdp,obs_hours,obs_wages,obs_gdpdeflator,obs_corepce,obs_nominalrate,obs_consumption,obs_investment,obs_BBBspread,obs_longinflation,obs_longrate,obs_tfp,obs_gdi,obs_AAAspread,obs_nominalrate1,obs_nominalrate2,obs_nominalrate3,obs_nominalrate4,obs_nominalrate5,obs_nominalrate6
0.46873394919018097,-45.81782379165382,0.46873394919018097,0.4863326081124709,0.49999999999998934,1.1960876194378578,0.46873394919018097,0.46873394919018097,0.43492038100665364,0.49999999999998934,1.1960876194378578,0.0,0.46873394919018097,0.1174310227768634,1.1960876194378578,1.1960876194378578,1.1960876194378578,1.1960876194378578,1.1960876194378578,1.1960876194378578
