obs_gdp,obs_hours,obs_wages,obs_gdpdeflator,obs_corepce,obs_nominalrate,obs_consumption,obs_investment,obs_BBBspread,obs_longinflation,obs_longrate,obs_tfp,obs_gdi,obs_AAAspread,obs_nominalrate1,obs_nominalrate2,obs_nominalrate3,obs_nominalrate4,obs_nominalrate5,obs_nominalrate6
0.48298700506497205,-45.35523236831629,0.48298700506497205,0.48626073343109216,0.49999999999998934,1.2232530071464076,0.48298700506497205,0.48298700506497205,0.43387166298903973,0.49999999999998934,1.2232530071464076,0.0,0.48298700506497205,0.1174310227768634,1.2232530071464076,1.2232530071464076,1.2232530071464076,1.2232530071464076,1.2232530071464076,1.2232530071464076
