obs_gdp,obs_hours,obs_wages,obs_gdpdeflator,obs_corepce,obs_nominalrate,obs_consumption,obs_investment,obs_BBBspread,obs_longinflation,obs_longrate,obs_tfp,obs_gdi,obs_AAAspread,obs_nominalrate1,obs_nominalrate2,obs_nominalrate3,obs_nominalrate4,obs_nominalrate5,obs_nominalrate6
0.4875957194533376,-45.60430199916115,0.4875957194533376,0.4845114408845083,0.49999999999998934,1.2080673698367628,0.4875957194533376,0.4875957194533376,0.4468646494543487,0.49999999999998934,1.2080673698367628,0.0,0.4875957194533376,0.1174310227768634,1.2080673698367628,1.2080673698367628,1.2080673698367628,1.2080673698367628,1.2080673698367628,1.2080673698367628
