obs_gdp,obs_hours,obs_wages,obs_gdpdeflator,obs_corepce,obs_nominalrate,obs_consumption,obs_investment,obs_BBBspread,obs_longinflation,obs_longrate,obs_tfp,obs_gdi,obs_AAAspread,obs_nominalrate1,obs_nominalrate2,obs_nominalrate3,obs_nominalrate4,obs_nominalrate5,obs_nominalrate6
0.5423020152226288,-43.369527907111795,0.5423020152226288,0.48670078324546134,0.49999999999998934,1.3172441664471402,0.5423020152226288,0.5423020152226288,0.4342961974651215,0.49999999999998934,1.3172441664471402,0.0,0.5423020152226288,0.1174310227768634,1.3172441664471402,1.3172441664471402,1.3172441664471402,1.3172441664471402,1.3172441664471402,1.3172441664471402
