obs_gdp,obs_hours,obs_wages,obs_gdpdeflator,obs_corepce,obs_nominalrate,obs_consumption,obs_investment,obs_BBBspread,obs_longinflation,obs_longrate,obs_tfp,obs_gdi,obs_AAAspread,obs_nominalrate1,obs_nominalrate2,obs_nominalrate3,obs_nominalrate4,obs_nominalrate5,obs_nominalrate6
0.48148917496009247,-45.9885088778127,0.48148917496009247,0.49362078600314624,0.49999999999998934,1.2265398125069327,0.48148917496009247,0.48148917496009247,0.43578772613963024,0.49999999999998934,1.2265398125069327,0.0,0.48148917496009247,0.1174310227768634,1.2265398125069327,1.2265398125069327,1.2265398125069327,1.2265398125069327,1.2265398125069327,1.2265398125069327
