obs_gdp,obs_hours,obs_wages,obs_gdpdeflator,obs_corepce,obs_nominalrate,obs_consumption,obs_investment,obs_BBBspread,obs_longinflation,obs_longrate,obs_tfp,obs_gdi,obs_AAAspread,obs_nominalrate1,obs_nominalrate2,obs_nominalrate3,obs_nominalrate4,obs_nominalrate5,obs_nominalrate6
0.46805616708287534,-46.10368734323553,0.46805616708287534,0.48788212930846686,0.49999999999998934,1.1781188883786653,0.46805616708287534,0.46805616708287534,0.4352833303979259,0.49999999999998934,1.1781188883786653,0.0,0.46805616708287534,0.1174310227768634,1.1781188883786653,1.1781188883786653,1.1781188883786653,1.1781188883786653,1.1781188883786653,1.1781188883786653
