obs_gdp,obs_hours,obs_wages,obs_gdpdeflator,obs_corepce,obs_nominalrate,obs_consumption,obs_investment,obs_BBBspread,obs_longinflation,obs_longrate,obs_tfp,obs_gdi,obs_AAAspread,obs_nominalrate1,obs_nominalrate2,obs_nominalrate3,obs_nominalrate4,obs_nominalrate5,obs_nominalrate6
0.4153969184937045,-48.26133185172465,0.4153969184937045,0.4830033022844657,0.49999999999998934,1.109838927349882,0.4153969184937045,0.4153969184937045,0.4464963161635954,0.49999999999998934,1.109838927349882,0.0,0.4153969184937045,0.1174310227768634,1.109838927349882,1.109838927349882,1.109838927349882,1.109838927349882,1.109838927349882,1.109838927349882
