obs_gdp,obs_hours,obs_wages,obs_gdpdeflator,obs_corepce,obs_nominalrate,obs_consumption,obs_investment,obs_BBBspread,obs_longinflation,obs_longrate,obs_tfp,obs_gdi,obs_AAAspread,obs_nominalrate1,obs_nominalrate2,obs_nominalrate3,obs_nominalrate4,obs_nominalrate5,obs_nominalrate6
0.4278173841699484,-48.14369368500715,0.4278173841699484,0.49339380701021307,0.49999999999998934,1.1588928923787156,0.4278173841699484,0.4278173841699484,0.43673251766390964,0.49999999999998934,1.1588928923787156,0.0,0.4278173841699484,0.1174310227768634,1.1588928923787156,1.1588928923787156,1.1588928923787156,1.1588928923787156,1.1588928923787156,1.1588928923787156
