obs_gdp,obs_hours,obs_wages,obs_gdpdeflator,obs_corepce,obs_nominalrate,obs_consumption,obs_investment,obs_BBBspread,obs_longinflation,obs_longrate,obs_tfp,obs_gdi,obs_AAAspread,obs_nominalrate1,obs_nominalrate2,obs_nominalrate3,obs_nominalrate4,obs_nominalrate5,obs_nominalrate6
0.4284276360143391,-47.99548127375882,0.4284276360143391,0.4872227746700487,0.49999999999998934,1.1415411751402482,0.4284276360143391,0.4284276360143391,0.43417022821639445,0.49999999999998934,1.1415411751402482,0.0,0.4284276360143391,0.1174310227768634,1.1415411751402482,1.1415411751402482,1.1415411751402482,1.1415411751402482,1.1415411751402482,1.1415411751402482
