obs_gdp,obs_hours,obs_wages,obs_gdpdeflator,obs_corepce,obs_nominalrate,obs_consumption,obs_investment,obs_BBBspread,obs_longinflation,obs_longrate,obs_tfp,obs_gdi,obs_AAAspread,obs_nominalrate1,obs_nominalrate2,obs_nominalrate3,obs_nominalrate4,obs_nominalrate5,obs_nominalrate6
0.4442084473542218,-47.460109563429484,0.4442084473542218,0.493026526197373,0.49999999999998934,1.1660126424430928,0.4442084473542218,0.4442084473542218,0.4353338302171016,0.49999999999998934,1.1660126424430928,0.0,0.4442084473542218,0.1174310227768634,1.1660126424430928,1.1660126424430928,1.1660126424430928,1.1660126424430928,1.1660126424430928,1.1660126424430928
