obs_gdp,obs_hours,obs_wages,obs_gdpdeflator,obs_corepce,obs_nominalrate,obs_consumption,obs_investment,obs_BBBspread,obs_longinflation,obs_longrate,obs_tfp,obs_gdi,obs_AAAspread,obs_nominalrate1,obs_nominalrate2,obs_nominalrate3,obs_nominalrate4,obs_nominalrate5,obs_nominalrate6
0.48551557278546653,-45.93201798532761,0.48551557278546653,0.48644413202231834,0.49999999999998934,1.2171838129723334,0.48551557278546653,0.48551557278546653,0.43491845055822903,0.49999999999998934,1.2171838129723334,0.0,0.48551557278546653,0.1174310227768634,1.2171838129723334,1.2171838129723334,1.2171838129723334,1.2171838129723334,1.2171838129723334,1.2171838129723334
