obs_gdp,obs_hours,obs_wages,obs_gdpdeflator,obs_corepce,obs_nominalrate,obs_consumption,obs_investment,obs_BBBspread,obs_longinflation,obs_longrate,obs_tfp,obs_gdi,obs_AAAspread,obs_nominalrate1,obs_nominalrate2,obs_nominalrate3,obs_nominalrate4,obs_nominalrate5,obs_nominalrate6
0.5393136811401078,-43.35448754503607,0.5393136811401078,0.4876911668774307,0.49999999999998934,1.3114740350068432,0.5393136811401078,0.5393136811401078,0.43418014907946983,0.49999999999998934,1.3114740350068432,0.0,0.5393136811401078,0.1174310227768634,1.3114740350068432,1.3114740350068432,1.3114740350068432,1.3114740350068432,1.3114740350068432,1.3114740350068432
