obs_gdp,obs_hours,obs_wages,obs_gdpdeflator,obs_corepce,obs_nominalrate,obs_consumption,obs_investment,obs_BBBspread,obs_longinflation,obs_longrate,obs_tfp,obs_gdi,obs_AAAspread,obs_nominalrate1,obs_nominalrate2,obs_nominalrate3,obs_nominalrate4,obs_nominalrate5,obs_nominalrate6
0.5141242542188618,-44.5981592752641,0.5141242542188618,0.48538502769084696,0.49999999999998934,1.2637847761810095,0.5141242542188618,0.5141242542188618,0.4407293024419494,0.49999999999998934,1.2637847761810095,0.0,0.5141242542188618,0.1174310227768634,1.2637847761810095,1.2637847761810095,1.2637847761810095,1.2637847761810095,1.2637847761810095,1.2637847761810095
