obs_gdp,obs_hours,obs_wages,obs_gdpdeflator,obs_corepce,obs_nominalrate,obs_consumption,obs_investment,obs_BBBspread,obs_longinflation,obs_longrate,obs_tfp,obs_gdi,obs_AAAspread,obs_nominalrate1,obs_nominalrate2,obs_nominalrate3,obs_nominalrate4,obs_nominalrate5,obs_nominalrate6
0.46748189057082,-46.43652680512882,0.46748189057082,0.4941462081784341,0.49999999999998934,1.2044763109215983,0.46748189057082,0.46748189057082,0.4403301771894636,0.49999999999998934,1.2044763109215983,0.0,0.46748189057082,0.1174310227768634,1.2044763109215983,1.2044763109215983,1.2044763109215983,1.2044763109215983,1.2044763109215983,1.2044763109215983
