obs_gdp,obs_hours,obs_wages,obs_gdpdeflator,obs_corepce,obs_nominalrate,obs_consumption,obs_investment,obs_BBBspread,obs_longinflation,obs_longrate,obs_tfp,obs_gdi,obs_AAAspread,obs_nominalrate1,obs_nominalrate2,obs_nominalrate3,obs_nominalrate4,obs_nominalrate5,obs_nominalrate6
0.4617308109421625,-46.283447882049664,0.4617308109421625,0.48782023145024217,0.49999999999998934,1.175810258217025,0.4617308109421625,0.4617308109421625,0.43520183460894885,0.49999999999998934,1.175810258217025,0.0,0.4617308109421625,0.1174310227768634,1.175810258217025,1.175810258217025,1.175810258217025,1.175810258217025,1.175810258217025,1.175810258217025
