obs_gdp,obs_hours,obs_wages,obs_gdpdeflator,obs_corepce,obs_nominalrate,obs_consumption,obs_investment,obs_BBBspread,obs_longinflation,obs_longrate,obs_tfp,obs_gdi,obs_AAAspread,obs_nominalrate1,obs_nominalrate2,obs_nominalrate3,obs_nominalrate4,obs_nominalrate5,obs_nominalrate6
0.51241364062653,-44.90656563275303,0.51241364062653,0.4930960129412565,0.49999999999998934,1.267576448151142,0.51241364062653,0.51241364062653,0.43621405357997445,0.49999999999998934,1.267576448151142,0.0,0.51241364062653,0.1174310227768634,1.267576448151142,1.267576448151142,1.267576448151142,1.267576448151142,1.267576448151142,1.267576448151142
