obs_gdp,obs_hours,obs_wages,obs_gdpdeflator,obs_corepce,obs_nominalrate,obs_consumption,obs_investment,obs_BBBspread,obs_longinflation,obs_longrate,obs_tfp,obs_gdi,obs_AAAspread,obs_nominalrate1,obs_nominalrate2,obs_nominalrate3,obs_nominalrate4,obs_nominalrate5,obs_nominalrate6
0.4880444744804091,-45.39864580625922,0.4880444744804091,0.48626575083978807,0.49999999999998934,1.2041921266331634,0.4880444744804091,0.4880444744804091,0.43714772161316223,0.49999999999998934,1.2041921266331634,0.0,0.4880444744804091,0.1174310227768634,1.2041921266331634,1.2041921266331634,1.2041921266331634,1.2041921266331634,1.2041921266331634,1.2041921266331634
