obs_gdp,obs_hours,obs_wages,obs_gdpdeflator,obs_corepce,obs_nominalrate,obs_consumption,obs_investment,obs_BBBspread,obs_longinflation,obs_longrate,obs_tfp,obs_gdi,obs_AAAspread,obs_nominalrate1,obs_nominalrate2,obs_nominalrate3,obs_nominalrate4,obs_nominalrate5,obs_nominalrate6
0.4887595208691753,-45.3603657870828,0.4887595208691753,0.4858827832363997,0.49999999999998934,1.2059191541036185,0.4887595208691753,0.4887595208691753,0.4353996852282014,0.49999999999998934,1.2059191541036185,0.0,0.4887595208691753,0.1174310227768634,1.2059191541036185,1.2059191541036185,1.2059191541036185,1.2059191541036185,1.2059191541036185,1.2059191541036185
