obs_gdp,obs_hours,obs_wages,obs_gdpdeflator,obs_corepce,obs_nominalrate,obs_consumption,obs_investment,obs_BBBspread,obs_longinflation,obs_longrate,obs_tfp,obs_gdi,obs_AAAspread,obs_nominalrate1,obs_nominalrate2,obs_nominalrate3,obs_nominalrate4,obs_nominalrate5,obs_nominalrate6
0.42026053445867184,-47.69812725313788,0.42026053445867184,0.48433500708850774,0.49999999999998934,1.1266805393132628,0.42026053445867184,0.42026053445867184,0.4364874110268509,0.49999999999998934,1.1266805393132628,0.0,0.42026053445867184,0.1174310227768634,1.1266805393132628,1.1266805393132628,1.1266805393132628,1.1266805393132628,1.1266805393132628,1.1266805393132628
