obs_gdp,obs_hours,obs_wages,obs_gdpdeflator,obs_corepce,obs_nominalrate,obs_consumption,obs_investment,obs_BBBspread,obs_longinflation,obs_longrate,obs_tfp,obs_gdi,obs_AAAspread,obs_nominalrate1,obs_nominalrate2,obs_nominalrate3,obs_nominalrate4,obs_nominalrate5,obs_nominalrate6
0.5080103400366465,-44.64627667072104,0.5080103400366465,0.4870998851280207,0.49999999999998934,1.2435964268466826,0.5080103400366465,0.5080103400366465,0.43562542503266505,0.49999999999998934,1.2435964268466826,0.0,0.5080103400366465,0.1174310227768634,1.2435964268466826,1.2435964268466826,1.2435964268466826,1.2435964268466826,1.2435964268466826,1.2435964268466826
