obs_gdp,obs_hours,obs_wages,obs_gdpdeflator,obs_corepce,obs_nominalrate,obs_consumption,obs_investment,obs_BBBspread,obs_longinflation,obs_longrate,obs_tfp,obs_gdi,obs_AAAspread,obs_nominalrate1,obs_nominalrate2,obs_nominalrate3,obs_nominalrate4,obs_nominalrate5,obs_nominalrate6
0.4332270465644106,-47.43868769996178,0.4332270465644106,0.48561965329311546,0.49999999999998934,1.1380151525128834,0.4332270465644106,0.4332270465644106,0.432627891775081,0.49999999999998934,1.1380151525128834,0.0,0.4332270465644106,0.1174310227768634,1.1380151525128834,1.1380151525128834,1.1380151525128834,1.1380151525128834,1.1380151525128834,1.1380151525128834
