obs_gdp,obs_hours,obs_wages,obs_gdpdeflator,obs_corepce,obs_nominalrate,obs_consumption,obs_investment,obs_BBBspread,obs_longinflation,obs_longrate,obs_tfp,obs_gdi,obs_AAAspread,obs_nominalrate1,obs_nominalrate2,obs_nominalrate3,obs_nominalrate4,obs_nominalrate5,obs_nominalrate6
0.5213695408993857,-43.950201645859885,0.5213695408993857,0.48663441996718965,0.49999999999998934,1.2765469638386318,0.5213695408993857,0.5213695408993857,0.43216564014550046,0.49999999999998934,1.2765469638386318,0.0,0.5213695408993857,0.1174310227768634,1.2765469638386318,1.2765469638386318,1.2765469638386318,1.2765469638386318,1.2765469638386318,1.2765469638386318
