obs_gdp,obs_hours,obs_wages,obs_gdpdeflator,obs_corepce,obs_nominalrate,obs_consumption,obs_investment,obs_BBBspread,obs_longinflation,obs_longrate,obs_tfp,obs_gdi,obs_AAAspread,obs_nominalrate1,obs_nominalrate2,obs_nominalrate3,obs_nominalrate4,obs_nominalrate5,obs_nominalrate6
0.43307221812107777,-47.94712589005269,0.43307221812107777,0.49349364780585403,0.49999999999998934,1.1654772637546662,0.43307221812107777,0.43307221812107777,0.4367182903440169,0.49999999999998934,1.1654772637546662,0.0,0.43307221812107777,0.1174310227768634,1.1654772637546662,1.1654772637546662,1.1654772637546662,1.1654772637546662,1.1654772637546662,1.1654772637546662
