obs_gdp,obs_hours,obs_wages,obs_gdpdeflator,obs_corepce,obs_nominalrate,obs_consumption,obs_investment,obs_BBBspread,obs_longinflation,obs_longrate,obs_tfp,obs_gdi,obs_AAAspread,obs_nominalrate1,obs_nominalrate2,obs_nominalrate3,obs_nominalrate4,obs_nominalrate5,obs_nominalrate6
0.4524683314463207,-46.67906649256781,0.4524683314463207,0.48523416084797316,0.49999999999998934,1.1756607181015122,0.4524683314463207,0.4524683314463207,0.43284946461788043,0.49999999999998934,1.1756607181015122,0.0,0.4524683314463207,0.1174310227768634,1.1756607181015122,1.1756607181015122,1.1756607181015122,1.1756607181015122,1.1756607181015122,1.1756607181015122
