obs_gdp,obs_hours,obs_wages,obs_gdpdeflator,obs_corepce,obs_nominalrate,obs_consumption,obs_investment,obs_BBBspread,obs_longinflation,obs_longrate,obs_tfp,obs_gdi,obs_AAAspread,obs_nominalrate1,obs_nominalrate2,obs_nominalrate3,obs_nominalrate4,obs_nominalrate5,obs_nominalrate6
0.45027665230428227,-47.13817988027516,0.45027665230428227,0.4928415071683032,0.49999999999998934,1.1816907731771353,0.45027665230428227,0.45027665230428227,0.4383800414916844,0.49999999999998934,1.1816907731771353,0.0,0.45027665230428227,0.1174310227768634,1.1816907731771353,1.1816907731771353,1.1816907731771353,1.1816907731771353,1.1816907731771353,1.1816907731771353
