obs_gdp,obs_hours,obs_wages,obs_gdpdeflator,obs_corepce,obs_nominalrate,obs_consumption,obs_investment,obs_BBBspread,obs_longinflation,obs_longrate,obs_tfp,obs_gdi,obs_AAAspread,obs_nominalrate1,obs_nominalrate2,obs_nominalrate3,obs_nominalrate4,obs_nominalrate5,obs_nominalrate6
0.494856216893802,-45.11965615559677,0.494856216893802,0.4870083062541774,0.49999999999998934,1.2212873374096267,0.494856216893802,0.494856216893802,0.4328576363200506,0.49999999999998934,1.2212873374096267,0.0,0.494856216893802,0.1174310227768634,1.2212873374096267,1.2212873374096267,1.2212873374096267,1.2212873374096267,1.2212873374096267,1.2212873374096267
