obs_gdp,obs_hours,obs_wages,obs_gdpdeflator,obs_corepce,obs_nominalrate,obs_consumption,obs_investment,obs_BBBspread,obs_longinflation,obs_longrate,obs_tfp,obs_gdi,obs_AAAspread,obs_nominalrate1,obs_nominalrate2,obs_nominalrate3,obs_nominalrate4,obs_nominalrate5,obs_nominalrate6
0.39454285215809737,-48.757501829571886,0.39454285215809737,0.4849190337957144,0.49999999999998934,1.0926912202265715,0.39454285215809737,0.39454285215809737,0.4333398617408347,0.49999999999998934,1.0926912202265715,0.0,0.39454285215809737,0.1174310227768634,1.0926912202265715,1.0926912202265715,1.0926912202265715,1.0926912202265715,1.0926912202265715,1.0926912202265715
