obs_gdp,obs_hours,obs_wages,obs_gdpdeflator,obs_corepce,obs_nominalrate,obs_consumption,obs_investment,obs_BBBspread,obs_longinflation,obs_longrate,obs_tfp,obs_gdi,obs_AAAspread,obs_nominalrate1,obs_nominalrate2,obs_nominalrate3,obs_nominalrate4,obs_nominalrate5,obs_nominalrate6
0.46687145872785774,-46.166608336781735,0.46687145872785774,0.4880580276001617,0.49999999999998934,1.1897474882485604,0.46687145872785774,0.46687145872785774,0.43512977878114356,0.49999999999998934,1.1897474882485604,0.0,0.46687145872785774,0.1174310227768634,1.1897474882485604,1.1897474882485604,1.1897474882485604,1.1897474882485604,1.1897474882485604,1.1897474882485604
