obs_gdp,obs_hours,obs_wages,obs_gdpdeflator,obs_corepce,obs_nominalrate,obs_consumption,obs_investment,obs_BBBspread,obs_longinflation,obs_longrate,obs_tfp,obs_gdi,obs_AAAspread,obs_nominalrate1,obs_nominalrate2,obs_nominalrate3,obs_nominalrate4,obs_nominalrate5,obs_nominalrate6
0.5143217702928915,-44.44114032370868,0.5143217702928915,0.4853984009046178,0.49999999999998934,1.239902346570032,0.5143217702928915,0.5143217702928915,0.435303716846801,0.49999999999998934,1.239902346570032,0.0,0.5143217702928915,0.1174310227768634,1.239902346570032,1.239902346570032,1.239902346570032,1.239902346570032,1.239902346570032,1.239902346570032
