obs_gdp,obs_hours,obs_wages,obs_gdpdeflator,obs_corepce,obs_nominalrate,obs_consumption,obs_investment,obs_BBBspread,obs_longinflation,obs_longrate,obs_tfp,obs_gdi,obs_AAAspread,obs_nominalrate1,obs_nominalrate2,obs_nominalrate3,obs_nominalrate4,obs_nominalrate5,obs_nominalrate6
0.5274312959627103,-44.14911256534593,0.5274312959627103,0.4850612245987875,0.49999999999998934,1.281741902227873,0.5274312959627103,0.5274312959627103,0.4412627848813895,0.49999999999998934,1.281741902227873,0.0,0.5274312959627103,0.1174310227768634,1.281741902227873,1.281741902227873,1.281741902227873,1.281741902227873,1.281741902227873,1.281741902227873
