obs_gdp,obs_hours,obs_wages,obs_gdpdeflator,obs_corepce,obs_nominalrate,obs_consumption,obs_investment,obs_BBBspread,obs_longinflation,obs_longrate,obs_tfp,obs_gdi,obs_AAAspread,obs_nominalrate1,obs_nominalrate2,obs_nominalrate3,obs_nominalrate4,obs_nominalrate5,obs_nominalrate6
0.48056130475377934,-45.57329491842396,0.48056130475377934,0.48739482039035603,0.49999999999998934,1.2319482574744578,0.48056130475377934,0.48056130475377934,0.43464919306838407,0.49999999999998934,1.2319482574744578,0.0,0.48056130475377934,0.1174310227768634,1.2319482574744578,1.2319482574744578,1.2319482574744578,1.2319482574744578,1.2319482574744578,1.2319482574744578
