obs_gdp,obs_hours,obs_wages,obs_gdpdeflator,obs_corepce,obs_nominalrate,obs_consumption,obs_investment,obs_BBBspread,obs_longinflation,obs_longrate,obs_tfp,obs_gdi,obs_AAAspread,obs_nominalrate1,obs_nominalrate2,obs_nominalrate3,obs_nominalrate4,obs_nominalrate5,obs_nominalrate6
0.4776478533040862,-45.96270147061564,0.4776478533040862,0.483260833354828,0.49999999999998934,1.204283113060245,0.4776478533040862,0.4776478533040862,0.44062139788655297,0.49999999999998934,1.204283113060245,0.0,0.4776478533040862,0.1174310227768634,1.204283113060245,1.204283113060245,1.204283113060245,1.204283113060245,1.204283113060245,1.204283113060245
