obs_gdp,obs_hours,obs_wages,obs_gdpdeflator,obs_corepce,obs_nominalrate,obs_consumption,obs_investment,obs_BBBspread,obs_longinflation,obs_longrate,obs_tfp,obs_gdi,obs_AAAspread,obs_nominalrate1,obs_nominalrate2,obs_nominalrate3,obs_nominalrate4,obs_nominalrate5,obs_nominalrate6
0.5135956227319882,-44.651795330403104,0.5135956227319882,0.4933046079001743,0.49999999999998934,1.2759158514296765,0.5135956227319882,0.5135956227319882,0.43577061695033215,0.49999999999998934,1.2759158514296765,0.0,0.5135956227319882,0.1174310227768634,1.2759158514296765,1.2759158514296765,1.2759158514296765,1.2759158514296765,1.2759158514296765,1.2759158514296765
