obs_gdp,obs_hours,obs_wages,obs_gdpdeflator,obs_corepce,obs_nominalrate,obs_consumption,obs_investment,obs_BBBspread,obs_longinflation,obs_longrate,obs_tfp,obs_gdi,obs_AAAspread,obs_nominalrate1,obs_nominalrate2,obs_nominalrate3,obs_nominalrate4,obs_nominalrate5,obs_nominalrate6
0.4700855291582595,-46.199378434062844,0.4700855291582595,0.48202424603721455,0.49999999999998934,1.187572799497305,0.4700855291582595,0.4700855291582595,0.443532512244061,0.49999999999998934,1.187572799497305,0.0,0.4700855291582595,0.1174310227768634,1.187572799497305,1.187572799497305,1.187572799497305,1.187572799497305,1.187572799497305,1.187572799497305
