obs_gdp,obs_hours,obs_wages,obs_gdpdeflator,obs_corepce,obs_nominalrate,obs_consumption,obs_investment,obs_BBBspread,obs_longinflation,obs_longrate,obs_tfp,obs_gdi,obs_AAAspread,obs_nominalrate1,obs_nominalrate2,obs_nominalrate3,obs_nominalrate4,obs_nominalrate5,obs_nominalrate6
0.40876739864852407,-48.11552234216611,0.40876739864852407,0.4868898435370699,0.49999999999998934,1.1214383706801945,0.40876739864852407,0.40876739864852407,0.4368169082360386,0.49999999999998934,1.1214383706801945,0.0,0.40876739864852407,0.1174310227768634,1.1214383706801945,1.1214383706801945,1.1214383706801945,1.1214383706801945,1.1214383706801945,1.1214383706801945
