obs_gdp,obs_hours,obs_wages,obs_gdpdeflator,obs_corepce,obs_nominalrate,obs_consumption,obs_investment,obs_BBBspread,obs_longinflation,obs_longrate,obs_tfp,obs_gdi,obs_AAAspread,obs_nominalrate1,obs_nominalrate2,obs_nominalrate3,obs_nominalrate4,obs_nominalrate5,obs_nominalrate6
0.5005685019863426,-45.20431176912292,0.5005685019863426,0.4861788293334113,0.49999999999998934,1.247594935429408,0.5005685019863426,0.5005685019863426,0.43552771747210245,0.49999999999998934,1.247594935429408,0.0,0.5005685019863426,0.1174310227768634,1.247594935429408,1.247594935429408,1.247594935429408,1.247594935429408,1.247594935429408,1.247594935429408
