obs_gdp,obs_hours,obs_wages,obs_gdpdeflator,obs_corepce,obs_nominalrate,obs_consumption,obs_investment,obs_BBBspread,obs_longinflation,obs_longrate,obs_tfp,obs_gdi,obs_AAAspread,obs_nominalrate1,obs_nominalrate2,obs_nominalrate3,obs_nominalrate4,obs_nominalrate5,obs_nominalrate6
0.3657512001777441,-50.17738859350827,0.3657512001777441,0.4871123488093676,0.49999999999998934,1.0618434222163575,0.3657512001777441,0.3657512001777441,0.4441217936113544,0.49999999999998934,1.0618434222163575,0.0,0.3657512001777441,0.1174310227768634,1.0618434222163575,1.0618434222163575,1.0618434222163575,1.0618434222163575,1.0618434222163575,1.0618434222163575
