obs_gdp,obs_hours,obs_wages,obs_gdpdeflator,obs_corepce,obs_nominalrate,obs_consumption,obs_investment,obs_BBBspread,obs_longinflation,obs_longrate,obs_tfp,obs_gdi,obs_AAAspread,obs_nominalrate1,obs_nominalrate2,obs_nominalrate3,obs_nominalrate4,obs_nominalrate5,obs_nominalrate6
0.5410513479968015,-43.72276445756279,0.5410513479968015,0.49176613417353304,0.49999999999998934,1.304076646676866,0.5410513479968015,0.5410513479968015,0.4391396290761635,0.49999999999998934,1.304076646676866,0.0,0.5410513479968015,0.1174310227768634,1.304076646676866,1.304076646676866,1.304076646676866,1.304076646676866,1.304076646676866,1.304076646676866
