obs_gdp,obs_hours,obs_wages,obs_gdpdeflator,obs_corepce,obs_nominalrate,obs_consumption,obs_investment,obs_BBBspread,obs_longinflation,obs_longrate,obs_tfp,obs_gdi,obs_AAAspread,obs_nominalrate1,obs_nominalrate2,obs_nominalrate3,obs_nominalrate4,obs_nominalrate5,obs_nominalrate6
0.4886046099838559,-45.67735141908186,0.4886046099838559,0.4936304140785879,0.49999999999998934,1.2277275228042006,0.4886046099838559,0.4886046099838559,0.43512651841544037,0.49999999999998934,1.2277275228042006,0.0,0.4886046099838559,0.1174310227768634,1.2277275228042006,1.2277275228042006,1.2277275228042006,1.2277275228042006,1.2277275228042006,1.2277275228042006
