obs_gdp,obs_hours,obs_wages,obs_gdpdeflator,obs_corepce,obs_nominalrate,obs_consumption,obs_investment,obs_BBBspread,obs_longinflation,obs_longrate,obs_tfp,obs_gdi,obs_AAAspread,obs_nominalrate1,obs_nominalrate2,obs_nominalrate3,obs_nominalrate4,obs_nominalrate5,obs_nominalrate6
0.5342529612576863,-43.85836729689955,0.5342529612576863,0.48593005829120545,0.49999999999998934,1.2924539401400148,0.5342529612576863,0.5342529612576863,0.4442656817590375,0.49999999999998934,1.2924539401400148,0.0,0.5342529612576863,0.1174310227768634,1.2924539401400148,1.2924539401400148,1.2924539401400148,1.2924539401400148,1.2924539401400148,1.2924539401400148
