obs_gdp,obs_hours,obs_wages,obs_gdpdeflator,obs_corepce,obs_nominalrate,obs_consumption,obs_investment,obs_BBBspread,obs_longinflation,obs_longrate,obs_tfp,obs_gdi,obs_AAAspread,obs_nominalrate1,obs_nominalrate2,obs_nominalrate3,obs_nominalrate4,obs_nominalrate5,obs_nominalrate6
0.42888154174332005,-48.10332488849898,0.42888154174332005,0.493587405708177,0.49999999999998934,1.1581107381109623,0.42888154174332005,0.42888154174332005,0.4372808331621793,0.49999999999998934,1.1581107381109623,0.0,0.42888154174332005,0.1174310227768634,1.1581107381109623,1.1581107381109623,1.1581107381109623,1.1581107381109623,1.1581107381109623,1.1581107381109623
