obs_gdp,obs_hours,obs_wages,obs_gdpdeflator,obs_corepce,obs_nominalrate,obs_consumption,obs_investment,obs_BBBspread,obs_longinflation,obs_longrate,obs_tfp,obs_gdi,obs_AAAspread,obs_nominalrate1,obs_nominalrate2,obs_nominalrate3,obs_nominalrate4,obs_nominalrate5,obs_nominalrate6
0.494755936950364,-45.59629527698027,0.494755936950364,0.4912982641201274,0.49999999999998934,1.2385037177613967,0.494755936950364,0.494755936950364,0.4342866598911586,0.49999999999998934,1.2385037177613967,0.0,0.494755936950364,0.1174310227768634,1.2385037177613967,1.2385037177613967,1.2385037177613967,1.2385037177613967,1.2385037177613967,1.2385037177613967
