obs_gdp,obs_hours,obs_wages,obs_gdpdeflator,obs_corepce,obs_nominalrate,obs_consumption,obs_investment,obs_BBBspread,obs_longinflation,obs_longrate,obs_tfp,obs_gdi,obs_AAAspread,obs_nominalrate1,obs_nominalrate2,obs_nominalrate3,obs_nominalrate4,obs_nominalrate5,obs_nominalrate6
0.5303470987726655,-44.07125319845089,0.5303470987726655,0.49230130789643767,0.49999999999998934,1.2932730321839836,0.5303470987726655,0.5303470987726655,0.43579632317243316,0.49999999999998934,1.2932730321839836,0.0,0.5303470987726655,0.1174310227768634,1.2932730321839836,1.2932730321839836,1.2932730321839836,1.2932730321839836,1.2932730321839836,1.2932730321839836
