obs_gdp,obs_hours,obs_wages,obs_gdpdeflator,obs_corepce,obs_nominalrate,obs_consumption,obs_investment,obs_BBBspread,obs_longinflation,obs_longrate,obs_tfp,obs_gdi,obs_AAAspread,obs_nominalrate1,obs_nominalrate2,obs_nominalrate3,obs_nominalrate4,obs_nominalrate5,obs_nominalrate6
0.5138235995633789,-44.48852008101151,0.5138235995633789,0.48709312500812646,0.49999999999998934,1.2532421312483555,0.5138235995633789,0.5138235995633789,0.4338419843179654,0.49999999999998934,1.2532421312483555,0.0,0.5138235995633789,0.1174310227768634,1.2532421312483555,1.2532421312483555,1.2532421312483555,1.2532421312483555,1.2532421312483555,1.2532421312483555
