obs_gdp,obs_hours,obs_wages,obs_gdpdeflator,obs_corepce,obs_nominalrate,obs_consumption,obs_investment,obs_BBBspread,obs_longinflation,obs_longrate,obs_tfp,obs_gdi,obs_AAAspread,obs_nominalrate1,obs_nominalrate2,obs_nominalrate3,obs_nominalrate4,obs_nominalrate5,obs_nominalrate6
0.43181681992858767,-47.67176010053118,0.43181681992858767,0.48498696589419676,0.49999999999998934,1.146780985343021,0.43181681992858767,0.43181681992858767,0.4419724676355121,0.49999999999998934,1.146780985343021,0.0,0.43181681992858767,0.1174310227768634,1.146780985343021,1.146780985343021,1.146780985343021,1.146780985343021,1.146780985343021,1.146780985343021
