obs_gdp,obs_hours,obs_wages,obs_gdpdeflator,obs_corepce,obs_nominalrate,obs_consumption,obs_investment,obs_BBBspread,obs_longinflation,obs_longrate,obs_tfp,obs_gdi,obs_AAAspread,obs_nominalrate1,obs_nominalrate2,obs_nominalrate3,obs_nominalrate4,obs_nominalrate5,obs_nominalrate6
0.4851187294321768,-45.671792737527895,0.4851187294321768,0.48234166863837413,0.49999999999998934,1.2082820308889186,0.4851187294321768,0.4851187294321768,0.4421392124329161,0.49999999999998934,1.2082820308889186,0.0,0.4851187294321768,0.1174310227768634,1.2082820308889186,1.2082820308889186,1.2082820308889186,1.2082820308889186,1.2082820308889186,1.2082820308889186
