obs_gdp,obs_hours,obs_wages,obs_gdpdeflator,obs_corepce,obs_nominalrate,obs_consumption,obs_investment,obs_BBBspread,obs_longinflation,obs_longrate,obs_tfp,obs_gdi,obs_AAAspread,obs_nominalrate1,obs_nominalrate2,obs_nominalrate3,obs_nominalrate4,obs_nominalrate5,obs_nominalrate6
0.4445962881834076,-47.37975161214941,0.4445962881834076,0.49068717327509226,0.49999999999998934,1.1622148974818725,0.4445962881834076,0.4445962881834076,0.43902356109712193,0.49999999999998934,1.1622148974818725,0.0,0.4445962881834076,0.1174310227768634,1.1622148974818725,1.1622148974818725,1.1622148974818725,1.1622148974818725,1.1622148974818725,1.1622148974818725
