obs_gdp,obs_hours,obs_wages,obs_gdpdeflator,obs_corepce,obs_nominalrate,obs_consumption,obs_investment,obs_BBBspread,obs_longinflation,obs_longrate,obs_tfp,obs_gdi,obs_AAAspread,obs_nominalrate1,obs_nominalrate2,obs_nominalrate3,obs_nominalrate4,obs_nominalrate5,obs_nominalrate6
0.5040139139222077,-45.117622237961676,0.5040139139222077,0.492548902586904,0.49999999999998934,1.261335009912501,0.5040139139222077,0.5040139139222077,0.4388992794794256,0.49999999999998934,1.261335009912501,0.0,0.5040139139222077,0.1174310227768634,1.261335009912501,1.261335009912501,1.261335009912501,1.261335009912501,1.261335009912501,1.261335009912501
