obs_gdp,obs_hours,obs_wages,obs_gdpdeflator,obs_corepce,obs_nominalrate,obs_consumption,obs_investment,obs_BBBspread,obs_longinflation,obs_longrate,obs_tfp,obs_gdi,obs_AAAspread,obs_nominalrate1,obs_nominalrate2,obs_nominalrate3,obs_nominalrate4,obs_nominalrate5,obs_nominalrate6
0.4881213585793409,-45.76315301198614,0.4881213585793409,0.4878061373343149,0.49999999999998934,1.2292612178167017,0.4881213585793409,0.4881213585793409,0.43622958238723425,0.49999999999998934,1.2292612178167017,0.0,0.4881213585793409,0.1174310227768634,1.2292612178167017,1.2292612178167017,1.2292612178167017,1.2292612178167017,1.2292612178167017,1.2292612178167017
