obs_gdp,obs_hours,obs_wages,obs_gdpdeflator,obs_corepce,obs_nominalrate,obs_consumption,obs_investment,obs_BBBspread,obs_longinflation,obs_longrate,obs_tfp,obs_gdi,obs_AAAspread,obs_nominalrate1,obs_nominalrate2,obs_nominalrate3,obs_nominalrate4,obs_nominalrate5,obs_nominalrate6
0.5325175192004705,-44.128902340105995,0.5325175192004705,0.48519576401231806,0.49999999999998934,1.2849563471510894,0.5325175192004705,0.5325175192004705,0.4330738603572735,0.49999999999998934,1.2849563471510894,0.0,0.5325175192004705,0.1174310227768634,1.2849563471510894,1.2849563471510894,1.2849563471510894,1.2849563471510894,1.2849563471510894,1.2849563471510894
