obs_gdp,obs_hours,obs_wages,obs_gdpdeflator,obs_corepce,obs_nominalrate,obs_consumption,obs_investment,obs_BBBspread,obs_longinflation,obs_longrate,obs_tfp,obs_gdi,obs_AAAspread,obs_nominalrate1,obs_nominalrate2,obs_nominalrate3,obs_nominalrate4,obs_nominalrate5,obs_nominalrate6
0.5141252933861029,-44.4849253749711,0.5141252933861029,0.4879482553867978,0.49999999999998934,1.2662149459614191,0.5141252933861029,0.5141252933861029,0.43838973650377433,0.49999999999998934,1.2662149459614191,0.0,0.5141252933861029,0.1174310227768634,1.2662149459614191,1.2662149459614191,1.2662149459614191,1.2662149459614191,1.2662149459614191,1.2662149459614191
