obs_gdp,obs_hours,obs_wages,obs_gdpdeflator,obs_corepce,obs_nominalrate,obs_consumption,obs_investment,obs_BBBspread,obs_longinflation,obs_longrate,obs_tfp,obs_gdi,obs_AAAspread,obs_nominalrate1,obs_nominalrate2,obs_nominalrate3,obs_nominalrate4,obs_nominalrate5,obs_nominalrate6
0.5070261856164882,-44.88682702580708,0.5070261856164882,0.4862668383654497,0.49999999999998934,1.2506937317251277,0.5070261856164882,0.5070261856164882,0.44365275704471513,0.49999999999998934,1.2506937317251277,0.0,0.5070261856164882,0.1174310227768634,1.2506937317251277,1.2506937317251277,1.2506937317251277,1.2506937317251277,1.2506937317251277,1.2506937317251277
