obs_gdp,obs_hours,obs_wages,obs_gdpdeflator,obs_corepce,obs_nominalrate,obs_consumption,obs_investment,obs_BBBspread,obs_longinflation,obs_longrate,obs_tfp,obs_gdi,obs_AAAspread,obs_nominalrate1,obs_nominalrate2,obs_nominalrate3,obs_nominalrate4,obs_nominalrate5,obs_nominalrate6
0.5114585445965991,-44.5633586755809,0.5114585445965991,0.48758858205623157,0.49999999999998934,1.2494694553730534,0.5114585445965991,0.5114585445965991,0.43506505076754043,0.49999999999998934,1.2494694553730534,0.0,0.5114585445965991,0.1174310227768634,1.2494694553730534,1.2494694553730534,1.2494694553730534,1.2494694553730534,1.2494694553730534,1.2494694553730534
