obs_gdp,obs_hours,obs_wages,obs_gdpdeflator,obs_corepce,obs_nominalrate,obs_consumption,obs_investment,obs_BBBspread,obs_longinflation,obs_longrate,obs_tfp,obs_gdi,obs_AAAspread,obs_nominalrate1,obs_nominalrate2,obs_nominalrate3,obs_nominalrate4,obs_nominalrate5,obs_nominalrate6
0.5012614669531734,-45.186040324398945,0.5012614669531734,0.4864261401812544,0.49999999999998934,1.2367673235553767,0.5012614669531734,0.5012614669531734,0.4438924832733774,0.49999999999998934,1.2367673235553767,0.0,0.5012614669531734,0.1174310227768634,1.2367673235553767,1.2367673235553767,1.2367673235553767,1.2367673235553767,1.2367673235553767,1.2367673235553767
