obs_gdp,obs_hours,obs_wages,obs_gdpdeflator,obs_corepce,obs_nominalrate,obs_consumption,obs_investment,obs_BBBspread,obs_longinflation,obs_longrate,obs_tfp,obs_gdi,obs_AAAspread,obs_nominalrate1,obs_nominalrate2,obs_nominalrate3,obs_nominalrate4,obs_nominalrate5,obs_nominalrate6
0.4390417409315672,-47.08001625007764,0.4390417409315672,0.4885839912728551,0.49999999999998934,1.1736236943068468,0.4390417409315672,0.4390417409315672,0.43202620822919113,0.49999999999998934,1.1736236943068468,0.0,0.4390417409315672,0.1174310227768634,1.1736236943068468,1.1736236943068468,1.1736236943068468,1.1736236943068468,1.1736236943068468,1.1736236943068468
