obs_gdp,obs_hours,obs_wages,obs_gdpdeflator,obs_corepce,obs_nominalrate,obs_consumption,obs_investment,obs_BBBspread,obs_longinflation,obs_longrate,obs_tfp,obs_gdi,obs_AAAspread,obs_nominalrate1,obs_nominalrate2,obs_nominalrate3,obs_nominalrate4,obs_nominalrate5,obs_nominalrate6
0.4548557851911994,-46.750715235699616,0.4548557851911994,0.48303417441715435,0.49999999999998934,1.1588317813517657,0.4548557851911994,0.4548557851911994,0.44564006553899144,0.49999999999998934,1.1588317813517657,0.0,0.4548557851911994,0.1174310227768634,1.1588317813517657,1.1588317813517657,1.1588317813517657,1.1588317813517657,1.1588317813517657,1.1588317813517657
