obs_gdp,obs_hours,obs_wages,obs_gdpdeflator,obs_corepce,obs_nominalrate,obs_consumption,obs_investment,obs_BBBspread,obs_longinflation,obs_longrate,obs_tfp,obs_gdi,obs_AAAspread,obs_nominalrate1,obs_nominalrate2,obs_nominalrate3,obs_nominalrate4,obs_nominalrate5,obs_nominalrate6
0.4592718228610515,-46.74876036438849,0.4592718228610515,0.4850389875955887,0.49999999999998934,1.176234026905898,0.4592718228610515,0.4592718228610515,0.43440050092420956,0.49999999999998934,1.176234026905898,0.0,0.4592718228610515,0.1174310227768634,1.176234026905898,1.176234026905898,1.176234026905898,1.176234026905898,1.176234026905898,1.176234026905898
