obs_gdp,obs_hours,obs_wages,obs_gdpdeflator,obs_corepce,obs_nominalrate,obs_consumption,obs_investment,obs_BBBspread,obs_longinflation,obs_longrate,obs_tfp,obs_gdi,obs_AAAspread,obs_nominalrate1,obs_nominalrate2,obs_nominalrate3,obs_nominalrate4,obs_nominalrate5,obs_nominalrate6
0.47741405914563106,-45.82343224165478,0.47741405914563106,0.48663447791522363,0.49999999999998934,1.191988084667761,0.47741405914563106,0.47741405914563106,0.43682138108675017,0.49999999999998934,1.191988084667761,0.0,0.47741405914563106,0.1174310227768634,1.191988084667761,1.191988084667761,1.191988084667761,1.191988084667761,1.191988084667761,1.191988084667761
