obs_gdp,obs_hours,obs_wages,obs_gdpdeflator,obs_corepce,obs_nominalrate,obs_consumption,obs_investment,obs_BBBspread,obs_longinflation,obs_longrate,obs_tfp,obs_gdi,obs_AAAspread,obs_nominalrate1,obs_nominalrate2,obs_nominalrate3,obs_nominalrate4,obs_nominalrate5,obs_nominalrate6
0.46753574450733026,-46.388296191131175,0.46753574450733026,0.4870730695937202,0.49999999999998934,1.194724083429577,0.46753574450733026,0.46753574450733026,0.44113954248298715,0.49999999999998934,1.194724083429577,0.0,0.46753574450733026,0.1174310227768634,1.194724083429577,1.194724083429577,1.194724083429577,1.194724083429577,1.194724083429577,1.194724083429577
