obs_gdp,obs_hours,obs_wages,obs_gdpdeflator,obs_corepce,obs_nominalrate,obs_consumption,obs_investment,obs_BBBspread,obs_longinflation,obs_longrate,obs_tfp,obs_gdi,obs_AAAspread,obs_nominalrate1,obs_nominalrate2,obs_nominalrate3,obs_nominalrate4,obs_nominalrate5,obs_nominalrate6
0.5204520342705798,-44.44658967178424,0.5204520342705798,0.4926725806867321,0.49999999999998934,1.2766563290495414,0.5204520342705798,0.5204520342705798,0.4358128260341734,0.49999999999998934,1.2766563290495414,0.0,0.5204520342705798,0.1174310227768634,1.2766563290495414,1.2766563290495414,1.2766563290495414,1.2766563290495414,1.2766563290495414,1.2766563290495414
