obs_gdp,obs_hours,obs_wages,obs_gdpdeflator,obs_corepce,obs_nominalrate,obs_consumption,obs_investment,obs_BBBspread,obs_longinflation,obs_longrate,obs_tfp,obs_gdi,obs_AAAspread,obs_nominalrate1,obs_nominalrate2,obs_nominalrate3,obs_nominalrate4,obs_nominalrate5,obs_nominalrate6
0.47529637627032884,-45.97379257063993,0.47529637627032884,0.48323244341545,0.49999999999998934,1.198319146761695,0.47529637627032884,0.47529637627032884,0.443143020935503,0.49999999999998934,1.198319146761695,0.0,0.47529637627032884,0.1174310227768634,1.198319146761695,1.198319146761695,1.198319146761695,1.198319146761695,1.198319146761695,1.198319146761695
