obs_gdp,obs_hours,obs_wages,obs_gdpdeflator,obs_corepce,obs_nominalrate,obs_consumption,obs_investment,obs_BBBspread,obs_longinflation,obs_longrate,obs_tfp,obs_gdi,obs_AAAspread,obs_nominalrate1,obs_nominalrate2,obs_nominalrate3,obs_nominalrate4,obs_nominalrate5,obs_nominalrate6
0.45183265256174554,-47.02267578628591,0.45183265256174554,0.4945094894617692,0.49999999999998934,1.1876935579970826,0.45183265256174554,0.45183265256174554,0.4374052210380107,0.49999999999998934,1.1876935579970826,0.0,0.45183265256174554,0.1174310227768634,1.1876935579970826,1.1876935579970826,1.1876935579970826,1.1876935579970826,1.1876935579970826,1.1876935579970826
