obs_gdp,obs_hours,obs_wages,obs_gdpdeflator,obs_corepce,obs_nominalrate,obs_consumption,obs_investment,obs_BBBspread,obs_longinflation,obs_longrate,obs_tfp,obs_gdi,obs_AAAspread,obs_nominalrate1,obs_nominalrate2,obs_nominalrate3,obs_nominalrate4,obs_nominalrate5,obs_nominalrate6
0.5030875655221534,-44.939594793630405,0.5030875655221534,0.4826532375122734,0.49999999999998934,1.2254611497291235,0.5030875655221534,0.5030875655221534,0.4457168800822702,0.49999999999998934,1.2254611497291235,0.0,0.5030875655221534,0.1174310227768634,1.2254611497291235,1.2254611497291235,1.2254611497291235,1.2254611497291235,1.2254611497291235,1.2254611497291235
