obs_gdp,obs_hours,obs_wages,obs_gdpdeflator,obs_corepce,obs_nominalrate,obs_consumption,obs_investment,obs_BBBspread,obs_longinflation,obs_longrate,obs_tfp,obs_gdi,obs_AAAspread,obs_nominalrate1,obs_nominalrate2,obs_nominalrate3,obs_nominalrate4,obs_nominalrate5,obs_nominalrate6
0.49867949438842096,-45.14367762535771,0.49867949438842096,0.4838838463803741,0.49999999999998934,1.2354826632175353,0.49867949438842096,0.49867949438842096,0.43868382384678234,0.49999999999998934,1.2354826632175353,0.0,0.49867949438842096,0.1174310227768634,1.2354826632175353,1.2354826632175353,1.2354826632175353,1.2354826632175353,1.2354826632175353,1.2354826632175353
