obs_gdp,obs_hours,obs_wages,obs_gdpdeflator,obs_corepce,obs_nominalrate,obs_consumption,obs_investment,obs_BBBspread,obs_longinflation,obs_longrate,obs_tfp,obs_gdi,obs_AAAspread,obs_nominalrate1,obs_nominalrate2,obs_nominalrate3,obs_nominalrate4,obs_nominalrate5,obs_nominalrate6
0.43380897792864026,-47.6434164666735,0.43380897792864026,0.493530822762931,0.49999999999998934,1.1525269847226571,0.43380897792864026,0.43380897792864026,0.44026263996448806,0.49999999999998934,1.1525269847226571,0.0,0.43380897792864026,0.1174310227768634,1.1525269847226571,1.1525269847226571,1.1525269847226571,1.1525269847226571,1.1525269847226571,1.1525269847226571
