obs_gdp,obs_hours,obs_wages,obs_gdpdeflator,obs_corepce,obs_nominalrate,obs_consumption,obs_investment,obs_BBBspread,obs_longinflation,obs_longrate,obs_tfp,obs_gdi,obs_AAAspread,obs_nominalrate1,obs_nominalrate2,obs_nominalrate3,obs_nominalrate4,obs_nominalrate5,obs_nominalrate6
0.46763068603312696,-46.18127834605516,0.46763068603312696,0.48383389989160297,0.49999999999998934,1.1793583618556758,0.46763068603312696,0.46763068603312696,0.43163766723406954,0.49999999999998934,1.1793583618556758,0.0,0.46763068603312696,0.1174310227768634,1.1793583618556758,1.1793583618556758,1.1793583618556758,1.1793583618556758,1.1793583618556758,1.1793583618556758
