obs_gdp,obs_hours,obs_wages,obs_gdpdeflator,obs_corepce,obs_nominalrate,obs_consumption,obs_investment,obs_BBBspread,obs_longinflation,obs_longrate,obs_tfp,obs_gdi,obs_AAAspread,obs_nominalrate1,obs_nominalrate2,obs_nominalrate3,obs_nominalrate4,obs_nominalrate5,obs_nominalrate6
0.47910992989652623,-46.00809895197818,0.47910992989652623,0.4922650460083192,0.49999999999998934,1.209623615159372,0.47910992989652623,0.47910992989652623,0.44002715640803153,0.49999999999998934,1.209623615159372,0.0,0.47910992989652623,0.1174310227768634,1.209623615159372,1.209623615159372,1.209623615159372,1.209623615159372,1.209623615159372,1.209623615159372
