obs_gdp,obs_hours,obs_wages,obs_gdpdeflator,obs_corepce,obs_nominalrate,obs_consumption,obs_investment,obs_BBBspread,obs_longinflation,obs_longrate,obs_tfp,obs_gdi,obs_AAAspread,obs_nominalrate1,obs_nominalrate2,obs_nominalrate3,obs_nominalrate4,obs_nominalrate5,obs_nominalrate6
0.4500781064032955,-47.10523064228762,0.4500781064032955,0.49392105766340183,0.49999999999998934,1.1604420959981265,0.4500781064032955,0.4500781064032955,0.4409994765626618,0.49999999999998934,1.1604420959981265,0.0,0.4500781064032955,0.1174310227768634,1.1604420959981265,1.1604420959981265,1.1604420959981265,1.1604420959981265,1.1604420959981265,1.1604420959981265
