obs_gdp,obs_hours,obs_wages,obs_gdpdeflator,obs_corepce,obs_nominalrate,obs_consumption,obs_investment,obs_BBBspread,obs_longinflation,obs_longrate,obs_tfp,obs_gdi,obs_AAAspread,obs_nominalrate1,obs_nominalrate2,obs_nominalrate3,obs_nominalrate4,obs_nominalrate5,obs_nominalrate6
0.428273164929438,-47.52031643725764,0.428273164929438,0.48651975315987134,0.49999999999998934,1.135314799551801,0.428273164929438,0.428273164929438,0.43545029903310406,0.49999999999998934,1.135314799551801,0.0,0.428273164929438,0.1174310227768634,1.135314799551801,1.135314799551801,1.135314799551801,1.135314799551801,1.135314799551801,1.135314799551801
