obs_gdp,obs_hours,obs_wages,obs_gdpdeflator,obs_corepce,obs_nominalrate,obs_consumption,obs_investment,obs_BBBspread,obs_longinflation,obs_longrate,obs_tfp,obs_gdi,obs_AAAspread,obs_nominalrate1,obs_nominalrate2,obs_nominalrate3,obs_nominalrate4,obs_nominalrate5,obs_nominalrate6
0.531274686145311,-44.125521731399544,0.531274686145311,0.49081894678892046,0.49999999999998934,1.2901796070160954,0.531274686145311,0.531274686145311,0.4349828291768822,0.49999999999998934,1.2901796070160954,0.0,0.531274686145311,0.1174310227768634,1.2901796070160954,1.2901796070160954,1.2901796070160954,1.2901796070160954,1.2901796070160954,1.2901796070160954
