obs_gdp,obs_hours,obs_wages,obs_gdpdeflator,obs_corepce,obs_nominalrate,obs_consumption,obs_investment,obs_BBBspread,obs_longinflation,obs_longrate,obs_tfp,obs_gdi,obs_AAAspread,obs_nominalrate1,obs_nominalrate2,obs_nominalrate3,obs_nominalrate4,obs_nominalrate5,obs_nominalrate6
0.4879687274467859,-45.566521651374735,0.4879687274467859,0.48297431442751304,0.49999999999998934,1.216031607163659,0.4879687274467859,0.4879687274467859,0.44074596896000906,0.49999999999998934,1.216031607163659,0.0,0.4879687274467859,0.1174310227768634,1.216031607163659,1.216031607163659,1.216031607163659,1.216031607163659,1.216031607163659,1.216031607163659
