obs_gdp,obs_hours,obs_wages,obs_gdpdeflator,obs_corepce,obs_nominalrate,obs_consumption,obs_investment,obs_BBBspread,obs_longinflation,obs_longrate,obs_tfp,obs_gdi,obs_AAAspread,obs_nominalrate1,obs_nominalrate2,obs_nominalrate3,obs_nominalrate4,obs_nominalrate5,obs_nominalrate6
0.48484560480921424,-45.78155716061596,0.48484560480921424,0.4938172840234278,0.49999999999998934,1.2116291611481644,0.48484560480921424,0.48484560480921424,0.44033862083080666,0.49999999999998934,1.2116291611481644,0.0,0.48484560480921424,0.1174310227768634,1.2116291611481644,1.2116291611481644,1.2116291611481644,1.2116291611481644,1.2116291611481644,1.2116291611481644
