obs_gdp,obs_hours,obs_wages,obs_gdpdeflator,obs_corepce,obs_nominalrate,obs_consumption,obs_investment,obs_BBBspread,obs_longinflation,obs_longrate,obs_tfp,obs_gdi,obs_AAAspread,obs_nominalrate1,obs_nominalrate2,obs_nominalrate3,obs_nominalrate4,obs_nominalrate5,obs_nominalrate6
0.406348973576276,-48.81727308059692,0.406348973576276,0.48668853059842876,0.49999999999998934,1.115295498015123,0.406348973576276,0.406348973576276,0.43473573315584374,0.49999999999998934,1.115295498015123,0.0,0.406348973576276,0.1174310227768634,1.115295498015123,1.115295498015123,1.115295498015123,1.115295498015123,1.115295498015123,1.115295498015123
