obs_gdp,obs_hours,obs_wages,obs_gdpdeflator,obs_corepce,obs_nominalrate,obs_consumption,obs_investment,obs_BBBspread,obs_longinflation,obs_longrate,obs_tfp,obs_gdi,obs_AAAspread,obs_nominalrate1,obs_nominalrate2,obs_nominalrate3,obs_nominalrate4,obs_nominalrate5,obs_nominalrate6
0.41913370747583834,-48.1539762775696,0.41913370747583834,0.49253288166685183,0.49999999999998934,1.1261140018725024,0.41913370747583834,0.41913370747583834,0.44143641284288115,0.49999999999998934,1.1261140018725024,0.0,0.41913370747583834,0.1174310227768634,1.1261140018725024,1.1261140018725024,1.1261140018725024,1.1261140018725024,1.1261140018725024,1.1261140018725024
