obs_gdp,obs_hours,obs_wages,obs_gdpdeflator,obs_corepce,obs_nominalrate,obs_consumption,obs_investment,obs_BBBspread,obs_longinflation,obs_longrate,obs_tfp,obs_gdi,obs_AAAspread,obs_nominalrate1,obs_nominalrate2,obs_nominalrate3,obs_nominalrate4,obs_nominalrate5,obs_nominalrate6
0.5288762576209471,-44.02503531048183,0.5288762576209471,0.48228888902599065,0.49999999999998934,1.266710114403402,0.5288762576209471,0.5288762576209471,0.4459405061236919,0.49999999999998934,1.266710114403402,0.0,0.5288762576209471,0.1174310227768634,1.266710114403402,1.266710114403402,1.266710114403402,1.266710114403402,1.266710114403402,1.266710114403402
