obs_gdp,obs_hours,obs_wages,obs_gdpdeflator,obs_corepce,obs_nominalrate,obs_consumption,obs_investment,obs_BBBspread,obs_longinflation,obs_longrate,obs_tfp,obs_gdi,obs_AAAspread,obs_nominalrate1,obs_nominalrate2,obs_nominalrate3,obs_nominalrate4,obs_nominalrate5,obs_nominalrate6
0.4714797981339114,-46.421703677404025,0.4714797981339114,0.4864523221300799,0.49999999999998934,1.198986271299085,0.4714797981339114,0.4714797981339114,0.43327992262772297,0.49999999999998934,1.198986271299085,0.0,0.4714797981339114,0.1174310227768634,1.198986271299085,1.198986271299085,1.198986271299085,1.198986271299085,1.198986271299085,1.198986271299085
