obs_gdp,obs_hours,obs_wages,obs_gdpdeflator,obs_corepce,obs_nominalrate,obs_consumption,obs_investment,obs_BBBspread,obs_longinflation,obs_longrate,obs_tfp,obs_gdi,obs_AAAspread,obs_nominalrate1,obs_nominalrate2,obs_nominalrate3,obs_nominalrate4,obs_nominalrate5,obs_nominalrate6
0.5329577981530331,-43.53077790687877,0.5329577981530331,0.48771506937578857,0.49999999999998934,1.3039665482816432,0.5329577981530331,0.5329577981530331,0.4341822347989843,0.49999999999998934,1.3039665482816432,0.0,0.5329577981530331,0.1174310227768634,1.3039665482816432,1.3039665482816432,1.3039665482816432,1.3039665482816432,1.3039665482816432,1.3039665482816432
