obs_gdp,obs_hours,obs_wages,obs_gdpdeflator,obs_corepce,obs_nominalrate,obs_consumption,obs_investment,obs_BBBspread,obs_longinflation,obs_longrate,obs_tfp,obs_gdi,obs_AAAspread,obs_nominalrate1,obs_nominalrate2,obs_nominalrate3,obs_nominalrate4,obs_nominalrate5,obs_nominalrate6
0.5002945932952141,-45.13899846210394,0.5002945932952141,0.49209213060162443,0.49999999999998934,1.2384745111351902,0.5002945932952141,0.5002945932952141,0.440672622319518,0.49999999999998934,1.2384745111351902,0.0,0.5002945932952141,0.1174310227768634,1.2384745111351902,1.2384745111351902,1.2384745111351902,1.2384745111351902,1.2384745111351902,1.2384745111351902
