obs_gdp,obs_hours,obs_wages,obs_gdpdeflator,obs_corepce,obs_nominalrate,obs_consumption,obs_investment,obs_BBBspread,obs_longinflation,obs_longrate,obs_tfp,obs_gdi,obs_AAAspread,obs_nominalrate1,obs_nominalrate2,obs_nominalrate3,obs_nominalrate4,obs_nominalrate5,obs_nominalrate6
0.4879102859518314,-45.792105680983774,0.4879102859518314,0.49134999382725403,0.49999999999998934,1.225318562326927,0.4879102859518314,0.4879102859518314,0.43638494177097525,0.49999999999998934,1.225318562326927,0.0,0.4879102859518314,0.1174310227768634,1.225318562326927,1.225318562326927,1.225318562326927,1.225318562326927,1.225318562326927,1.225318562326927
