obs_gdp,obs_hours,obs_wages,obs_gdpdeflator,obs_corepce,obs_nominalrate,obs_consumption,obs_investment,obs_BBBspread,obs_longinflation,obs_longrate,obs_tfp,obs_gdi,obs_AAAspread,obs_nominalrate1,obs_nominalrate2,obs_nominalrate3,obs_nominalrate4,obs_nominalrate5,obs_nominalrate6
0.4994858463085228,-44.94715658579578,0.4994858463085228,0.4839750804579954,0.49999999999998934,1.22233075774687,0.4994858463085228,0.4994858463085228,0.4308652162271118,0.49999999999998934,1.22233075774687,0.0,0.4994858463085228,0.1174310227768634,1.22233075774687,1.22233075774687,1.22233075774687,1.22233075774687,1.22233075774687,1.22233075774687
