obs_gdp,obs_hours,obs_wages,obs_gdpdeflator,obs_corepce,obs_nominalrate,obs_consumption,obs_investment,obs_BBBspread,obs_longinflation,obs_longrate,obs_tfp,obs_gdi,obs_AAAspread,obs_nominalrate1,obs_nominalrate2,obs_nominalrate3,obs_nominalrate4,obs_nominalrate5,obs_nominalrate6
0.39562442541889453,-48.984303426539775,0.39562442541889453,0.48668200312109766,0.49999999999998934,1.1086953713915992,0.39562442541889453,0.39562442541889453,0.43544560713924557,0.49999999999998934,1.1086953713915992,0.0,0.39562442541889453,0.1174310227768634,1.1086953713915992,1.1086953713915992,1.1086953713915992,1.1086953713915992,1.1086953713915992,1.1086953713915992
