obs_gdp,obs_hours,obs_wages,obs_gdpdeflator,obs_corepce,obs_nominalrate,obs_consumption,obs_investment,obs_BBBspread,obs_longinflation,obs_longrate,obs_tfp,obs_gdi,obs_AAAspread,obs_nominalrate1,obs_nominalrate2,obs_nominalrate3,obs_nominalrate4,obs_nominalrate5,obs_nominalrate6
0.5095479975457007,-44.90255228412133,0.5095479975457007,0.48726799379915725,0.49999999999998934,1.2569240686145289,0.5095479975457007,0.5095479975457007,0.4361143377077736,0.49999999999998934,1.2569240686145289,0.0,0.5095479975457007,0.1174310227768634,1.2569240686145289,1.2569240686145289,1.2569240686145289,1.2569240686145289,1.2569240686145289,1.2569240686145289
