obs_gdp,obs_hours,obs_wages,obs_gdpdeflator,obs_corepce,obs_nominalrate,obs_consumption,obs_investment,obs_BBBspread,obs_longinflation,obs_longrate,obs_tfp,obs_gdi,obs_AAAspread,obs_nominalrate1,obs_nominalrate2,obs_nominalrate3,obs_nominalrate4,obs_nominalrate5,obs_nominalrate6
0.4693415623506336,-46.32231222818335,0.4693415623506336,0.48522928285314626,0.49999999999998934,1.1973827826592176,0.4693415623506336,0.4693415623506336,0.441418382036647,0.49999999999998934,1.1973827826592176,0.0,0.4693415623506336,0.1174310227768634,1.1973827826592176,1.1973827826592176,1.1973827826592176,1.1973827826592176,1.1973827826592176,1.1973827826592176
