obs_gdp,obs_hours,obs_wages,obs_gdpdeflator,obs_corepce,obs_nominalrate,obs_consumption,obs_investment,obs_BBBspread,obs_longinflation,obs_longrate,obs_tfp,obs_gdi,obs_AAAspread,obs_nominalrate1,obs_nominalrate2,obs_nominalrate3,obs_nominalrate4,obs_nominalrate5,obs_nominalrate6
0.49020564540658285,-45.62006246414091,0.49020564540658285,0.4937549694319371,0.49999999999998934,1.2364559473114989,0.49020564540658285,0.49020564540658285,0.44055439786802847,0.49999999999998934,1.2364559473114989,0.0,0.49020564540658285,0.1174310227768634,1.2364559473114989,1.2364559473114989,1.2364559473114989,1.2364559473114989,1.2364559473114989,1.2364559473114989
