obs_gdp,obs_hours,obs_wages,obs_gdpdeflator,obs_corepce,obs_nominalrate,obs_consumption,obs_investment,obs_BBBspread,obs_longinflation,obs_longrate,obs_tfp,obs_gdi,obs_AAAspread,obs_nominalrate1,obs_nominalrate2,obs_nominalrate3,obs_nominalrate4,obs_nominalrate5,obs_nominalrate6
0.5225092105324514,-44.18674238555446,0.5225092105324514,0.48729659030340494,0.49999999999998934,1.2778592990555726,0.5225092105324514,0.5225092105324514,0.4374732610490132,0.49999999999998934,1.2778592990555726,0.0,0.5225092105324514,0.1174310227768634,1.2778592990555726,1.2778592990555726,1.2778592990555726,1.2778592990555726,1.2778592990555726,1.2778592990555726
