obs_gdp,obs_hours,obs_wages,obs_gdpdeflator,obs_corepce,obs_nominalrate,obs_consumption,obs_investment,obs_BBBspread,obs_longinflation,obs_longrate,obs_tfp,obs_gdi,obs_AAAspread,obs_nominalrate1,obs_nominalrate2,obs_nominalrate3,obs_nominalrate4,obs_nominalrate5,obs_nominalrate6
0.44804849575914574,-46.826018939776546,0.44804849575914574,0.4846229510063223,0.49999999999998934,1.1593862669041055,0.44804849575914574,0.44804849575914574,0.4312161965131443,0.49999999999998934,1.1593862669041055,0.0,0.44804849575914574,0.1174310227768634,1.1593862669041055,1.1593862669041055,1.1593862669041055,1.1593862669041055,1.1593862669041055,1.1593862669041055
