obs_gdp,obs_hours,obs_wages,obs_gdpdeflator,obs_corepce,obs_nominalrate,obs_consumption,obs_investment,obs_BBBspread,obs_longinflation,obs_longrate,obs_tfp,obs_gdi,obs_AAAspread,obs_nominalrate1,obs_nominalrate2,obs_nominalrate3,obs_nominalrate4,obs_nominalrate5,obs_nominalrate6
0.4821203382736172,-45.93786098603245,0.4821203382736172,0.49015521795104194,0.49999999999998934,1.212716365249511,0.4821203382736172,0.4821203382736172,0.43664825795771445,0.49999999999998934,1.212716365249511,0.0,0.4821203382736172,0.1174310227768634,1.212716365249511,1.212716365249511,1.212716365249511,1.212716365249511,1.212716365249511,1.212716365249511
