obs_gdp,obs_hours,obs_wages,obs_gdpdeflator,obs_corepce,obs_nominalrate,obs_consumption,obs_investment,obs_BBBspread,obs_longinflation,obs_longrate,obs_tfp,obs_gdi,obs_AAAspread,obs_nominalrate1,obs_nominalrate2,obs_nominalrate3,obs_nominalrate4,obs_nominalrate5,obs_nominalrate6
0.5074787464682595,-44.84187158718457,0.5074787464682595,0.49325859012223,0.49999999999998934,1.2637889688996706,0.5074787464682595,0.5074787464682595,0.4351107009044223,0.49999999999998934,1.2637889688996706,0.0,0.5074787464682595,0.1174310227768634,1.2637889688996706,1.2637889688996706,1.2637889688996706,1.2637889688996706,1.2637889688996706,1.2637889688996706
