obs_gdp,obs_hours,obs_wages,obs_gdpdeflator,obs_corepce,obs_nominalrate,obs_consumption,obs_investment,obs_BBBspread,obs_longinflation,obs_longrate,obs_tfp,obs_gdi,obs_AAAspread,obs_nominalrate1,obs_nominalrate2,obs_nominalrate3,obs_nominalrate4,obs_nominalrate5,obs_nominalrate6
0.401482551051191,-49.12867258448689,0.401482551051191,0.4934961418878273,0.49999999999998934,1.1239793229807171,0.401482551051191,0.401482551051191,0.43485075133281526,0.49999999999998934,1.1239793229807171,0.0,0.401482551051191,0.1174310227768634,1.1239793229807171,1.1239793229807171,1.1239793229807171,1.1239793229807171,1.1239793229807171,1.1239793229807171
