obs_gdp,obs_hours,obs_wages,obs_gdpdeflator,obs_corepce,obs_nominalrate,obs_consumption,obs_investment,obs_BBBspread,obs_longinflation,obs_longrate,obs_tfp,obs_gdi,obs_AAAspread,obs_nominalrate1,obs_nominalrate2,obs_nominalrate3,obs_nominalrate4,obs_nominalrate5,obs_nominalrate6
0.49012080266852553,-45.43623665077867,0.49012080266852553,0.48427507268120423,0.49999999999998934,1.2146170549228064,0.49012080266852553,0.49012080266852553,0.44593859737120484,0.49999999999998934,1.2146170549228064,0.0,0.49012080266852553,0.1174310227768634,1.2146170549228064,1.2146170549228064,1.2146170549228064,1.2146170549228064,1.2146170549228064,1.2146170549228064
