obs_gdp,obs_hours,obs_wages,obs_gdpdeflator,obs_corepce,obs_nominalrate,obs_consumption,obs_investment,obs_BBBspread,obs_longinflation,obs_longrate,obs_tfp,obs_gdi,obs_AAAspread,obs_nominalrate1,obs_nominalrate2,obs_nominalrate3,obs_nominalrate4,obs_nominalrate5,obs_nominalrate6
0.4581457789431642,-46.95872113255253,0.4581457789431642,0.49190071608459957,0.49999999999998934,1.1881157896124428,0.4581457789431642,0.4581457789431642,0.43395499201393994,0.49999999999998934,1.1881157896124428,0.0,0.4581457789431642,0.1174310227768634,1.1881157896124428,1.1881157896124428,1.1881157896124428,1.1881157896124428,1.1881157896124428,1.1881157896124428
