obs_gdp,obs_hours,obs_wages,obs_gdpdeflator,obs_corepce,obs_nominalrate,obs_consumption,obs_investment,obs_BBBspread,obs_longinflation,obs_longrate,obs_tfp,obs_gdi,obs_AAAspread,obs_nominalrate1,obs_nominalrate2,obs_nominalrate3,obs_nominalrate4,obs_nominalrate5,obs_nominalrate6
0.4756462021664909,-45.82141404142204,0.4756462021664909,0.48573723326309426,0.49999999999998934,1.1893353666949213,0.4756462021664909,0.4756462021664909,0.4354951917786374,0.49999999999998934,1.1893353666949213,0.0,0.4756462021664909,0.1174310227768634,1.1893353666949213,1.1893353666949213,1.1893353666949213,1.1893353666949213,1.1893353666949213,1.1893353666949213
