obs_gdp,obs_hours,obs_wages,obs_gdpdeflator,obs_corepce,obs_nominalrate,obs_consumption,obs_investment,obs_BBBspread,obs_longinflation,obs_longrate,obs_tfp,obs_gdi,obs_AAAspread,obs_nominalrate1,obs_nominalrate2,obs_nominalrate3,obs_nominalrate4,obs_nominalrate5,obs_nominalrate6
0.49084497942197824,-45.51168930922336,0.49084497942197824,0.4935582572586502,0.49999999999998934,1.243308396901055,0.49084497942197824,0.49084497942197824,0.43524352942312555,0.49999999999998934,1.243308396901055,0.0,0.49084497942197824,0.1174310227768634,1.243308396901055,1.243308396901055,1.243308396901055,1.243308396901055,1.243308396901055,1.243308396901055
