obs_gdp,obs_hours,obs_wages,obs_gdpdeflator,obs_corepce,obs_nominalrate,obs_consumption,obs_investment,obs_BBBspread,obs_longinflation,obs_longrate,obs_tfp,obs_gdi,obs_AAAspread,obs_nominalrate1,obs_nominalrate2,obs_nominalrate3,obs_nominalrate4,obs_nominalrate5,obs_nominalrate6
0.5151792430256652,-44.58164278971685,0.5151792430256652,0.48557800354465797,0.49999999999998934,1.2618513063764603,0.5151792430256652,0.5151792430256652,0.44148169671009707,0.49999999999998934,1.2618513063764603,0.0,0.5151792430256652,0.1174310227768634,1.2618513063764603,1.2618513063764603,1.2618513063764603,1.2618513063764603,1.2618513063764603,1.2618513063764603
