obs_gdp,obs_hours,obs_wages,obs_gdpdeflator,obs_corepce,obs_nominalrate,obs_consumption,obs_investment,obs_BBBspread,obs_longinflation,obs_longrate,obs_tfp,obs_gdi,obs_AAAspread,obs_nominalrate1,obs_nominalrate2,obs_nominalrate3,obs_nominalrate4,obs_nominalrate5,obs_nominalrate6
0.5168719760724194,-44.56689589256551,0.5168719760724194,0.4927384267070016,0.49999999999998934,1.256645283145641,0.5168719760724194,0.5168719760724194,0.4401526906036395,0.49999999999998934,1.256645283145641,0.0,0.5168719760724194,0.1174310227768634,1.256645283145641,1.256645283145641,1.256645283145641,1.256645283145641,1.256645283145641,1.256645283145641
