obs_gdp,obs_hours,obs_wages,obs_gdpdeflator,obs_corepce,obs_nominalrate,obs_consumption,obs_investment,obs_BBBspread,obs_longinflation,obs_longrate,obs_tfp,obs_gdi,obs_AAAspread,obs_nominalrate1,obs_nominalrate2,obs_nominalrate3,obs_nominalrate4,obs_nominalrate5,obs_nominalrate6
0.4799221398805509,-45.7569864398585,0.4799221398805509,0.4866956058466603,0.49999999999998934,1.1959119282613173,0.4799221398805509,0.4799221398805509,0.436156399953022,0.49999999999998934,1.1959119282613173,0.0,0.4799221398805509,0.1174310227768634,1.1959119282613173,1.1959119282613173,1.1959119282613173,1.1959119282613173,1.1959119282613173,1.1959119282613173
