obs_gdp,obs_hours,obs_wages,obs_gdpdeflator,obs_corepce,obs_nominalrate,obs_consumption,obs_investment,obs_BBBspread,obs_longinflation,obs_longrate,obs_tfp,obs_gdi,obs_AAAspread,obs_nominalrate1,obs_nominalrate2,obs_nominalrate3,obs_nominalrate4,obs_nominalrate5,obs_nominalrate6
0.4080383569568413,-48.575191073616395,0.4080383569568413,0.4875097897033568,0.49999999999998934,1.1240984444930824,0.4080383569568413,0.4080383569568413,0.43959066989313456,0.49999999999998934,1.1240984444930824,0.0,0.4080383569568413,0.1174310227768634,1.1240984444930824,1.1240984444930824,1.1240984444930824,1.1240984444930824,1.1240984444930824,1.1240984444930824
