obs_gdp,obs_hours,obs_wages,obs_gdpdeflator,obs_corepce,obs_nominalrate,obs_consumption,obs_investment,obs_BBBspread,obs_longinflation,obs_longrate,obs_tfp,obs_gdi,obs_AAAspread,obs_nominalrate1,obs_nominalrate2,obs_nominalrate3,obs_nominalrate4,obs_nominalrate5,obs_nominalrate6
0.4384971168394314,-47.455516988091325,0.4384971168394314,0.486931806004148,0.49999999999998934,1.1554942072732333,0.4384971168394314,0.4384971168394314,0.43563274943947666,0.49999999999998934,1.1554942072732333,0.0,0.4384971168394314,0.1174310227768634,1.1554942072732333,1.1554942072732333,1.1554942072732333,1.1554942072732333,1.1554942072732333,1.1554942072732333
