obs_gdp,obs_hours,obs_wages,obs_gdpdeflator,obs_corepce,obs_nominalrate,obs_consumption,obs_investment,obs_BBBspread,obs_longinflation,obs_longrate,obs_tfp,obs_gdi,obs_AAAspread,obs_nominalrate1,obs_nominalrate2,obs_nominalrate3,obs_nominalrate4,obs_nominalrate5,obs_nominalrate6
0.4839668451352086,-45.487165733934006,0.4839668451352086,0.48690860412127035,0.49999999999998934,1.2075114203624393,0.4839668451352086,0.4839668451352086,0.4327047305351112,0.49999999999998934,1.2075114203624393,0.0,0.4839668451352086,0.1174310227768634,1.2075114203624393,1.2075114203624393,1.2075114203624393,1.2075114203624393,1.2075114203624393,1.2075114203624393
