obs_gdp,obs_hours,obs_wages,obs_gdpdeflator,obs_corepce,obs_nominalrate,obs_consumption,obs_investment,obs_BBBspread,obs_longinflation,obs_longrate,obs_tfp,obs_gdi,obs_AAAspread,obs_nominalrate1,obs_nominalrate2,obs_nominalrate3,obs_nominalrate4,obs_nominalrate5,obs_nominalrate6
0.46199322072963955,-46.7335601844028,0.46199322072963955,0.49389548094000196,0.49999999999998934,1.1981376924743214,0.46199322072963955,0.46199322072963955,0.4368623513518699,0.49999999999998934,1.1981376924743214,0.0,0.46199322072963955,0.1174310227768634,1.1981376924743214,1.1981376924743214,1.1981376924743214,1.1981376924743214,1.1981376924743214,1.1981376924743214
