obs_gdp,obs_hours,obs_wages,obs_gdpdeflator,obs_corepce,obs_nominalrate,obs_consumption,obs_investment,obs_BBBspread,obs_longinflation,obs_longrate,obs_tfp,obs_gdi,obs_AAAspread,obs_nominalrate1,obs_nominalrate2,obs_nominalrate3,obs_nominalrate4,obs_nominalrate5,obs_nominalrate6
0.4605683560399587,-46.67144577688236,0.4605683560399587,0.486694166706506,0.49999999999998934,1.1799682202214168,0.4605683560399587,0.4605683560399587,0.44318352775394976,0.49999999999998934,1.1799682202214168,0.0,0.4605683560399587,0.1174310227768634,1.1799682202214168,1.1799682202214168,1.1799682202214168,1.1799682202214168,1.1799682202214168,1.1799682202214168
