obs_gdp,obs_hours,obs_wages,obs_gdpdeflator,obs_corepce,obs_nominalrate,obs_consumption,obs_investment,obs_BBBspread,obs_longinflation,obs_longrate,obs_tfp,obs_gdi,obs_AAAspread,obs_nominalrate1,obs_nominalrate2,obs_nominalrate3,obs_nominalrate4,obs_nominalrate5,obs_nominalrate6
0.4199331553106367,-48.11883744821369,0.4199331553106367,0.49233371235826195,0.49999999999998934,1.1290350246382808,0.4199331553106367,0.4199331553106367,0.4408837007284861,0.49999999999998934,1.1290350246382808,0.0,0.4199331553106367,0.1174310227768634,1.1290350246382808,1.1290350246382808,1.1290350246382808,1.1290350246382808,1.1290350246382808,1.1290350246382808
