obs_gdp,obs_hours,obs_wages,obs_gdpdeflator,obs_corepce,obs_nominalrate,obs_consumption,obs_investment,obs_BBBspread,obs_longinflation,obs_longrate,obs_tfp,obs_gdi,obs_AAAspread,obs_nominalrate1,obs_nominalrate2,obs_nominalrate3,obs_nominalrate4,obs_nominalrate5,obs_nominalrate6
0.436648285168606,-47.15727908586566,0.436648285168606,0.48458797919219854,0.49999999999998934,1.1403539398468832,0.436648285168606,0.436648285168606,0.43316268520192364,0.49999999999998934,1.1403539398468832,0.0,0.436648285168606,0.1174310227768634,1.1403539398468832,1.1403539398468832,1.1403539398468832,1.1403539398468832,1.1403539398468832,1.1403539398468832
