obs_gdp,obs_hours,obs_wages,obs_gdpdeflator,obs_corepce,obs_nominalrate,obs_consumption,obs_investment,obs_BBBspread,obs_longinflation,obs_longrate,obs_tfp,obs_gdi,obs_AAAspread,obs_nominalrate1,obs_nominalrate2,obs_nominalrate3,obs_nominalrate4,obs_nominalrate5,obs_nominalrate6
0.4083787831155261,-48.19315275376486,0.4083787831155261,0.48930066915516335,0.49999999999998934,1.139780638774024,0.4083787831155261,0.4083787831155261,0.43448347332204534,0.49999999999998934,1.139780638774024,0.0,0.4083787831155261,0.1174310227768634,1.139780638774024,1.139780638774024,1.139780638774024,1.139780638774024,1.139780638774024,1.139780638774024
