obs_gdp,obs_hours,obs_wages,obs_gdpdeflator,obs_corepce,obs_nominalrate,obs_consumption,obs_investment,obs_BBBspread,obs_longinflation,obs_longrate,obs_tfp,obs_gdi,obs_AAAspread,obs_nominalrate1,obs_nominalrate2,obs_nominalrate3,obs_nominalrate4,obs_nominalrate5,obs_nominalrate6
0.4723452389308269,-46.416869109940656,0.4723452389308269,0.486602864666611,0.49999999999998934,1.1987315577836277,0.4723452389308269,0.4723452389308269,0.4359264618070278,0.49999999999998934,1.1987315577836277,0.0,0.4723452389308269,0.1174310227768634,1.1987315577836277,1.1987315577836277,1.1987315577836277,1.1987315577836277,1.1987315577836277,1.1987315577836277
