obs_gdp,obs_hours,obs_wages,obs_gdpdeflator,obs_corepce,obs_nominalrate,obs_consumption,obs_investment,obs_BBBspread,obs_longinflation,obs_longrate,obs_tfp,obs_gdi,obs_AAAspread,obs_nominalrate1,obs_nominalrate2,obs_nominalrate3,obs_nominalrate4,obs_nominalrate5,obs_nominalrate6
0.4338690032244408,-47.20304948080647,0.4338690032244408,0.4867816465263657,0.49999999999998934,1.1525468316365028,0.4338690032244408,0.4338690032244408,0.43656062090588676,0.49999999999998934,1.1525468316365028,0.0,0.4338690032244408,0.1174310227768634,1.1525468316365028,1.1525468316365028,1.1525468316365028,1.1525468316365028,1.1525468316365028,1.1525468316365028
