obs_gdp,obs_hours,obs_wages,obs_gdpdeflator,obs_corepce,obs_nominalrate,obs_consumption,obs_investment,obs_BBBspread,obs_longinflation,obs_longrate,obs_tfp,obs_gdi,obs_AAAspread,obs_nominalrate1,obs_nominalrate2,obs_nominalrate3,obs_nominalrate4,obs_nominalrate5,obs_nominalrate6
0.5052630973822136,-44.889014656166026,0.5052630973822136,0.49337832893129646,0.49999999999998934,1.2584168413812602,0.5052630973822136,0.5052630973822136,0.437952818605382,0.49999999999998934,1.2584168413812602,0.0,0.5052630973822136,0.1174310227768634,1.2584168413812602,1.2584168413812602,1.2584168413812602,1.2584168413812602,1.2584168413812602,1.2584168413812602
