obs_gdp,obs_hours,obs_wages,obs_gdpdeflator,obs_corepce,obs_nominalrate,obs_consumption,obs_investment,obs_BBBspread,obs_longinflation,obs_longrate,obs_tfp,obs_gdi,obs_AAAspread,obs_nominalrate1,obs_nominalrate2,obs_nominalrate3,obs_nominalrate4,obs_nominalrate5,obs_nominalrate6
0.4602732333798487,-46.4343398541299,0.4602732333798487,0.48539144840625337,0.49999999999998934,1.1723946444992528,0.4602732333798487,0.4602732333798487,0.43195750156468926,0.49999999999998934,1.1723946444992528,0.0,0.4602732333798487,0.1174310227768634,1.1723946444992528,1.1723946444992528,1.1723946444992528,1.1723946444992528,1.1723946444992528,1.1723946444992528
