obs_gdp,obs_hours,obs_wages,obs_gdpdeflator,obs_corepce,obs_nominalrate,obs_consumption,obs_investment,obs_BBBspread,obs_longinflation,obs_longrate,obs_tfp,obs_gdi,obs_AAAspread,obs_nominalrate1,obs_nominalrate2,obs_nominalrate3,obs_nominalrate4,obs_nominalrate5,obs_nominalrate6
0.4654559732717001,-46.513458770457845,0.4654559732717001,0.4873392243360605,0.49999999999998934,1.184207922598035,0.4654559732717001,0.4654559732717001,0.4433822710126506,0.49999999999998934,1.184207922598035,0.0,0.4654559732717001,0.1174310227768634,1.184207922598035,1.184207922598035,1.184207922598035,1.184207922598035,1.184207922598035,1.184207922598035
