obs_gdp,obs_hours,obs_wages,obs_gdpdeflator,obs_corepce,obs_nominalrate,obs_consumption,obs_investment,obs_BBBspread,obs_longinflation,obs_longrate,obs_tfp,obs_gdi,obs_AAAspread,obs_nominalrate1,obs_nominalrate2,obs_nominalrate3,obs_nominalrate4,obs_nominalrate5,obs_nominalrate6
0.526189970846036,-44.243252029079024,0.526189970846036,0.49201158703690157,0.49999999999998934,1.2738680638074706,0.526189970846036,0.526189970846036,0.4427912810193685,0.49999999999998934,1.2738680638074706,0.0,0.526189970846036,0.1174310227768634,1.2738680638074706,1.2738680638074706,1.2738680638074706,1.2738680638074706,1.2738680638074706,1.2738680638074706
