obs_gdp,obs_hours,obs_wages,obs_gdpdeflator,obs_corepce,obs_nominalrate,obs_consumption,obs_investment,obs_BBBspread,obs_longinflation,obs_longrate,obs_tfp,obs_gdi,obs_AAAspread,obs_nominalrate1,obs_nominalrate2,obs_nominalrate3,obs_nominalrate4,obs_nominalrate5,obs_nominalrate6
0.5145425612026022,-44.597201068575764,0.5145425612026022,0.4866836446508603,0.49999999999998934,1.2620657196255713,0.5145425612026022,0.5145425612026022,0.44558847280173974,0.49999999999998934,1.2620657196255713,0.0,0.5145425612026022,0.1174310227768634,1.2620657196255713,1.2620657196255713,1.2620657196255713,1.2620657196255713,1.2620657196255713,1.2620657196255713
