obs_gdp,obs_hours,obs_wages,obs_gdpdeflator,obs_corepce,obs_nominalrate,obs_consumption,obs_investment,obs_BBBspread,obs_longinflation,obs_longrate,obs_tfp,obs_gdi,obs_AAAspread,obs_nominalrate1,obs_nominalrate2,obs_nominalrate3,obs_nominalrate4,obs_nominalrate5,obs_nominalrate6
0.4980975440968871,-45.18218338369481,0.4980975440968871,0.483662040415684,0.49999999999998934,1.23358745559492,0.4980975440968871,0.4980975440968871,0.4394424617365367,0.49999999999998934,1.23358745559492,0.0,0.4980975440968871,0.1174310227768634,1.23358745559492,1.23358745559492,1.23358745559492,1.23358745559492,1.23358745559492,1.23358745559492
