obs_gdp,obs_hours,obs_wages,obs_gdpdeflator,obs_corepce,obs_nominalrate,obs_consumption,obs_investment,obs_BBBspread,obs_longinflation,obs_longrate,obs_tfp,obs_gdi,obs_AAAspread,obs_nominalrate1,obs_nominalrate2,obs_nominalrate3,obs_nominalrate4,obs_nominalrate5,obs_nominalrate6
0.4218423747281985,-48.04061634443576,0.4218423747281985,0.485365538555519,0.49999999999998934,1.1340865913249232,0.4218423747281985,0.4218423747281985,0.44204849959922676,0.49999999999998934,1.1340865913249232,0.0,0.4218423747281985,0.1174310227768634,1.1340865913249232,1.1340865913249232,1.1340865913249232,1.1340865913249232,1.1340865913249232,1.1340865913249232
