obs_gdp,obs_hours,obs_wages,obs_gdpdeflator,obs_corepce,obs_nominalrate,obs_consumption,obs_investment,obs_BBBspread,obs_longinflation,obs_longrate,obs_tfp,obs_gdi,obs_AAAspread,obs_nominalrate1,obs_nominalrate2,obs_nominalrate3,obs_nominalrate4,obs_nominalrate5,obs_nominalrate6
0.40998242348055935,-48.65097338025883,0.40998242348055935,0.4860229945658502,0.49999999999998934,1.1164251013940474,0.40998242348055935,0.40998242348055935,0.4363139822821796,0.49999999999998934,1.1164251013940474,0.0,0.40998242348055935,0.1174310227768634,1.1164251013940474,1.1164251013940474,1.1164251013940474,1.1164251013940474,1.1164251013940474,1.1164251013940474
