obs_gdp,obs_hours,obs_wages,obs_gdpdeflator,obs_corepce,obs_nominalrate,obs_consumption,obs_investment,obs_BBBspread,obs_longinflation,obs_longrate,obs_tfp,obs_gdi,obs_AAAspread,obs_nominalrate1,obs_nominalrate2,obs_nominalrate3,obs_nominalrate4,obs_nominalrate5,obs_nominalrate6
0.5080702497557654,-44.550938725043935,0.5080702497557654,0.48669642037328237,0.49999999999998934,1.2404796939611273,0.5080702497557654,0.5080702497557654,0.43415411372008694,0.49999999999998934,1.2404796939611273,0.0,0.5080702497557654,0.1174310227768634,1.2404796939611273,1.2404796939611273,1.2404796939611273,1.2404796939611273,1.2404796939611273,1.2404796939611273
