obs_gdp,obs_hours,obs_wages,obs_gdpdeflator,obs_corepce,obs_nominalrate,obs_consumption,obs_investment,obs_BBBspread,obs_longinflation,obs_longrate,obs_tfp,obs_gdi,obs_AAAspread,obs_nominalrate1,obs_nominalrate2,obs_nominalrate3,obs_nominalrate4,obs_nominalrate5,obs_nominalrate6
0.49212573964516615,-45.38549536460252,0.49212573964516615,0.48370538955608017,0.49999999999998934,1.2148459686663227,0.49212573964516615,0.49212573964516615,0.44674259843149255,0.49999999999998934,1.2148459686663227,0.0,0.49212573964516615,0.1174310227768634,1.2148459686663227,1.2148459686663227,1.2148459686663227,1.2148459686663227,1.2148459686663227,1.2148459686663227
