obs_gdp,obs_hours,obs_wages,obs_gdpdeflator,obs_corepce,obs_nominalrate,obs_consumption,obs_investment,obs_BBBspread,obs_longinflation,obs_longrate,obs_tfp,obs_gdi,obs_AAAspread,obs_nominalrate1,obs_nominalrate2,obs_nominalrate3,obs_nominalrate4,obs_nominalrate5,obs_nominalrate6
0.4478551508775075,-46.87009324517188,0.4478551508775075,0.48804344728556437,0.49999999999998934,1.1578484604705341,0.4478551508775075,0.4478551508775075,0.4357030549907297,0.49999999999998934,1.1578484604705341,0.0,0.4478551508775075,0.1174310227768634,1.1578484604705341,1.1578484604705341,1.1578484604705341,1.1578484604705341,1.1578484604705341,1.1578484604705341
