obs_gdp,obs_hours,obs_wages,obs_gdpdeflator,obs_corepce,obs_nominalrate,obs_consumption,obs_investment,obs_BBBspread,obs_longinflation,obs_longrate,obs_tfp,obs_gdi,obs_AAAspread,obs_nominalrate1,obs_nominalrate2,obs_nominalrate3,obs_nominalrate4,obs_nominalrate5,obs_nominalrate6
0.45038524195191165,-46.90279478482551,0.45038524195191165,0.4837204275946775,0.49999999999998934,1.1630694384273665,0.45038524195191165,0.45038524195191165,0.4445464149408662,0.49999999999998934,1.1630694384273665,0.0,0.45038524195191165,0.1174310227768634,1.1630694384273665,1.1630694384273665,1.1630694384273665,1.1630694384273665,1.1630694384273665,1.1630694384273665
