obs_gdp,obs_hours,obs_wages,obs_gdpdeflator,obs_corepce,obs_nominalrate,obs_consumption,obs_investment,obs_BBBspread,obs_longinflation,obs_longrate,obs_tfp,obs_gdi,obs_AAAspread,obs_nominalrate1,obs_nominalrate2,obs_nominalrate3,obs_nominalrate4,obs_nominalrate5,obs_nominalrate6
0.4352185204575809,-47.19949112743218,0.4352185204575809,0.48898690991967364,0.49999999999998934,1.1739849320297147,0.4352185204575809,0.4352185204575809,0.43448537252988456,0.49999999999998934,1.1739849320297147,0.0,0.4352185204575809,0.1174310227768634,1.1739849320297147,1.1739849320297147,1.1739849320297147,1.1739849320297147,1.1739849320297147,1.1739849320297147
