obs_gdp,obs_hours,obs_wages,obs_gdpdeflator,obs_corepce,obs_nominalrate,obs_consumption,obs_investment,obs_BBBspread,obs_longinflation,obs_longrate,obs_tfp,obs_gdi,obs_AAAspread,obs_nominalrate1,obs_nominalrate2,obs_nominalrate3,obs_nominalrate4,obs_nominalrate5,obs_nominalrate6
0.4271854620555793,-48.02355351874802,0.4271854620555793,0.4870351544756052,0.49999999999998934,1.1367468414503312,0.4271854620555793,0.4271854620555793,0.43570380842376305,0.49999999999998934,1.1367468414503312,0.0,0.4271854620555793,0.1174310227768634,1.1367468414503312,1.1367468414503312,1.1367468414503312,1.1367468414503312,1.1367468414503312,1.1367468414503312
