obs_gdp,obs_hours,obs_wages,obs_gdpdeflator,obs_corepce,obs_nominalrate,obs_consumption,obs_investment,obs_BBBspread,obs_longinflation,obs_longrate,obs_tfp,obs_gdi,obs_AAAspread,obs_nominalrate1,obs_nominalrate2,obs_nominalrate3,obs_nominalrate4,obs_nominalrate5,obs_nominalrate6
0.44858201819015786,-47.353364693355765,0.44858201819015786,0.4927801815513485,0.49999999999998934,1.1743713378909115,0.44858201819015786,0.44858201819015786,0.4367032473899887,0.49999999999998934,1.1743713378909115,0.0,0.44858201819015786,0.1174310227768634,1.1743713378909115,1.1743713378909115,1.1743713378909115,1.1743713378909115,1.1743713378909115,1.1743713378909115
