obs_gdp,obs_hours,obs_wages,obs_gdpdeflator,obs_corepce,obs_nominalrate,obs_consumption,obs_investment,obs_BBBspread,obs_longinflation,obs_longrate,obs_tfp,obs_gdi,obs_AAAspread,obs_nominalrate1,obs_nominalrate2,obs_nominalrate3,obs_nominalrate4,obs_nominalrate5,obs_nominalrate6
0.4996016108043788,-45.195348906940595,0.4996016108043788,0.48656732118582424,0.49999999999998934,1.2414923226519603,0.4996016108043788,0.4996016108043788,0.4407723862358166,0.49999999999998934,1.2414923226519603,0.0,0.4996016108043788,0.1174310227768634,1.2414923226519603,1.2414923226519603,1.2414923226519603,1.2414923226519603,1.2414923226519603,1.2414923226519603
