obs_gdp,obs_hours,obs_wages,obs_gdpdeflator,obs_corepce,obs_nominalrate,obs_consumption,obs_investment,obs_BBBspread,obs_longinflation,obs_longrate,obs_tfp,obs_gdi,obs_AAAspread,obs_nominalrate1,obs_nominalrate2,obs_nominalrate3,obs_nominalrate4,obs_nominalrate5,obs_nominalrate6
0.500242972149989,-45.36235589208795,0.500242972149989,0.4931362533026839,0.49999999999998934,1.2446853950232484,0.500242972149989,0.500242972149989,0.43500303711101307,0.49999999999998934,1.2446853950232484,0.0,0.500242972149989,0.1174310227768634,1.2446853950232484,1.2446853950232484,1.2446853950232484,1.2446853950232484,1.2446853950232484,1.2446853950232484
