obs_gdp,obs_hours,obs_wages,obs_gdpdeflator,obs_corepce,obs_nominalrate,obs_consumption,obs_investment,obs_BBBspread,obs_longinflation,obs_longrate,obs_tfp,obs_gdi,obs_AAAspread,obs_nominalrate1,obs_nominalrate2,obs_nominalrate3,obs_nominalrate4,obs_nominalrate5,obs_nominalrate6
0.5523431418423819,-43.1882200530023,0.5523431418423819,0.4862735163483607,0.49999999999998934,1.3174616284151286,0.5523431418423819,0.5523431418423819,0.4432804048949354,0.49999999999998934,1.3174616284151286,0.0,0.5523431418423819,0.1174310227768634,1.3174616284151286,1.3174616284151286,1.3174616284151286,1.3174616284151286,1.3174616284151286,1.3174616284151286
