obs_gdp,obs_hours,obs_wages,obs_gdpdeflator,obs_corepce,obs_nominalrate,obs_consumption,obs_investment,obs_BBBspread,obs_longinflation,obs_longrate,obs_tfp,obs_gdi,obs_AAAspread,obs_nominalrate1,obs_nominalrate2,obs_nominalrate3,obs_nominalrate4,obs_nominalrate5,obs_nominalrate6
0.40437250057043794,-48.73943600987283,0.40437250057043794,0.4864641961987702,0.49999999999998934,1.1057678845951102,0.40437250057043794,0.40437250057043794,0.4444284354897675,0.49999999999998934,1.1057678845951102,0.0,0.40437250057043794,0.1174310227768634,1.1057678845951102,1.1057678845951102,1.1057678845951102,1.1057678845951102,1.1057678845951102,1.1057678845951102
