obs_gdp,obs_hours,obs_wages,obs_gdpdeflator,obs_corepce,obs_nominalrate,obs_consumption,obs_investment,obs_BBBspread,obs_longinflation,obs_longrate,obs_tfp,obs_gdi,obs_AAAspread,obs_nominalrate1,obs_nominalrate2,obs_nominalrate3,obs_nominalrate4,obs_nominalrate5,obs_nominalrate6
0.45898410970950376,-46.61780816504881,0.45898410970950376,0.48579165382122597,0.49999999999998934,1.1771526797687226,0.45898410970950376,0.45898410970950376,0.43771748757254847,0.49999999999998934,1.1771526797687226,0.0,0.45898410970950376,0.1174310227768634,1.1771526797687226,1.1771526797687226,1.1771526797687226,1.1771526797687226,1.1771526797687226,1.1771526797687226
