obs_gdp,obs_hours,obs_wages,obs_gdpdeflator,obs_corepce,obs_nominalrate,obs_consumption,obs_investment,obs_BBBspread,obs_longinflation,obs_longrate,obs_tfp,obs_gdi,obs_AAAspread,obs_nominalrate1,obs_nominalrate2,obs_nominalrate3,obs_nominalrate4,obs_nominalrate5,obs_nominalrate6
0.429458979215358,-48.003512858269005,0.429458979215358,0.4947719131639264,0.49999999999998934,1.1629650860326635,0.429458979215358,0.429458979215358,0.4356744442395288,0.49999999999998934,1.1629650860326635,0.0,0.429458979215358,0.1174310227768634,1.1629650860326635,1.1629650860326635,1.1629650860326635,1.1629650860326635,1.1629650860326635,1.1629650860326635
