obs_gdp,obs_hours,obs_wages,obs_gdpdeflator,obs_corepce,obs_nominalrate,obs_consumption,obs_investment,obs_BBBspread,obs_longinflation,obs_longrate,obs_tfp,obs_gdi,obs_AAAspread,obs_nominalrate1,obs_nominalrate2,obs_nominalrate3,obs_nominalrate4,obs_nominalrate5,obs_nominalrate6
0.5404699351429842,-43.62309244885741,0.5404699351429842,0.4923788537874846,0.49999999999998934,1.3137801995905862,0.5404699351429842,0.5404699351429842,0.4357789684660447,0.49999999999998934,1.3137801995905862,0.0,0.5404699351429842,0.1174310227768634,1.3137801995905862,1.3137801995905862,1.3137801995905862,1.3137801995905862,1.3137801995905862,1.3137801995905862
