obs_gdp,obs_hours,obs_wages,obs_gdpdeflator,obs_corepce,obs_nominalrate,obs_consumption,obs_investment,obs_BBBspread,obs_longinflation,obs_longrate,obs_tfp,obs_gdi,obs_AAAspread,obs_nominalrate1,obs_nominalrate2,obs_nominalrate3,obs_nominalrate4,obs_nominalrate5,obs_nominalrate6
0.46226308444115016,-46.605125317855524,0.46226308444115016,0.4845325572561294,0.49999999999998934,1.1854161768580562,0.46226308444115016,0.46226308444115016,0.4416281924467793,0.49999999999998934,1.1854161768580562,0.0,0.46226308444115016,0.1174310227768634,1.1854161768580562,1.1854161768580562,1.1854161768580562,1.1854161768580562,1.1854161768580562,1.1854161768580562
