obs_gdp,obs_hours,obs_wages,obs_gdpdeflator,obs_corepce,obs_nominalrate,obs_consumption,obs_investment,obs_BBBspread,obs_longinflation,obs_longrate,obs_tfp,obs_gdi,obs_AAAspread,obs_nominalrate1,obs_nominalrate2,obs_nominalrate3,obs_nominalrate4,obs_nominalrate5,obs_nominalrate6
0.4924793485287404,-45.197591963071595,0.4924793485287404,0.4859916143719946,0.49999999999998934,1.2192820939280535,0.4924793485287404,0.4924793485287404,0.43421907407353394,0.49999999999998934,1.2192820939280535,0.0,0.4924793485287404,0.1174310227768634,1.2192820939280535,1.2192820939280535,1.2192820939280535,1.2192820939280535,1.2192820939280535,1.2192820939280535
