obs_gdp,obs_hours,obs_wages,obs_gdpdeflator,obs_corepce,obs_nominalrate,obs_consumption,obs_investment,obs_BBBspread,obs_longinflation,obs_longrate,obs_tfp,obs_gdi,obs_AAAspread,obs_nominalrate1,obs_nominalrate2,obs_nominalrate3,obs_nominalrate4,obs_nominalrate5,obs_nominalrate6
0.42952743302342444,-47.7271123519129,0.42952743302342444,0.4833569917866358,0.49999999999998934,1.1310628346542728,0.42952743302342444,0.42952743302342444,0.4439571496286859,0.49999999999998934,1.1310628346542728,0.0,0.42952743302342444,0.1174310227768634,1.1310628346542728,1.1310628346542728,1.1310628346542728,1.1310628346542728,1.1310628346542728,1.1310628346542728
