obs_gdp,obs_hours,obs_wages,obs_gdpdeflator,obs_corepce,obs_nominalrate,obs_consumption,obs_investment,obs_BBBspread,obs_longinflation,obs_longrate,obs_tfp,obs_gdi,obs_AAAspread,obs_nominalrate1,obs_nominalrate2,obs_nominalrate3,obs_nominalrate4,obs_nominalrate5,obs_nominalrate6
0.4407409015190433,-47.153771452289135,0.4407409015190433,0.48790811445265786,0.49999999999998934,1.1558119700983527,0.4407409015190433,0.4407409015190433,0.4359490313907609,0.49999999999998934,1.1558119700983527,0.0,0.4407409015190433,0.1174310227768634,1.1558119700983527,1.1558119700983527,1.1558119700983527,1.1558119700983527,1.1558119700983527,1.1558119700983527
