obs_gdp,obs_hours,obs_wages,obs_gdpdeflator,obs_corepce,obs_nominalrate,obs_consumption,obs_investment,obs_BBBspread,obs_longinflation,obs_longrate,obs_tfp,obs_gdi,obs_AAAspread,obs_nominalrate1,obs_nominalrate2,obs_nominalrate3,obs_nominalrate4,obs_nominalrate5,obs_nominalrate6
0.5078048472796803,-44.971892469157936,0.5078048472796803,0.48756026578109163,0.49999999999998934,1.2568609550909438,0.5078048472796803,0.5078048472796803,0.4371086828651209,0.49999999999998934,1.2568609550909438,0.0,0.5078048472796803,0.1174310227768634,1.2568609550909438,1.2568609550909438,1.2568609550909438,1.2568609550909438,1.2568609550909438,1.2568609550909438
