obs_gdp,obs_hours,obs_wages,obs_gdpdeflator,obs_corepce,obs_nominalrate,obs_consumption,obs_investment,obs_BBBspread,obs_longinflation,obs_longrate,obs_tfp,obs_gdi,obs_AAAspread,obs_nominalrate1,obs_nominalrate2,obs_nominalrate3,obs_nominalrate4,obs_nominalrate5,obs_nominalrate6
0.5068263777664672,-44.81215248226515,0.5068263777664672,0.48475626258721183,0.49999999999998934,1.2463762009961687,0.5068263777664672,0.5068263777664672,0.4324720014084625,0.49999999999998934,1.2463762009961687,0.0,0.5068263777664672,0.1174310227768634,1.2463762009961687,1.2463762009961687,1.2463762009961687,1.2463762009961687,1.2463762009961687,1.2463762009961687
