obs_gdp,obs_hours,obs_wages,obs_gdpdeflator,obs_corepce,obs_nominalrate,obs_consumption,obs_investment,obs_BBBspread,obs_longinflation,obs_longrate,obs_tfp,obs_gdi,obs_AAAspread,obs_nominalrate1,obs_nominalrate2,obs_nominalrate3,obs_nominalrate4,obs_nominalrate5,obs_nominalrate6
0.4218608164644255,-48.01709943570915,0.4218608164644255,0.4886544955196215,0.49999999999998934,1.1462880193064295,0.4218608164644255,0.4218608164644255,0.4393268179371361,0.49999999999998934,1.1462880193064295,0.0,0.4218608164644255,0.1174310227768634,1.1462880193064295,1.1462880193064295,1.1462880193064295,1.1462880193064295,1.1462880193064295,1.1462880193064295
