obs_gdp,obs_hours,obs_wages,obs_gdpdeflator,obs_corepce,obs_nominalrate,obs_consumption,obs_investment,obs_BBBspread,obs_longinflation,obs_longrate,obs_tfp,obs_gdi,obs_AAAspread,obs_nominalrate1,obs_nominalrate2,obs_nominalrate3,obs_nominalrate4,obs_nominalrate5,obs_nominalrate6
0.3877877129218943,-49.30440152010179,0.3877877129218943,0.4862753268940502,0.49999999999998934,1.0827037871984357,0.3877877129218943,0.3877877129218943,0.4474787288793431,0.49999999999998934,1.0827037871984357,0.0,0.3877877129218943,0.1174310227768634,1.0827037871984357,1.0827037871984357,1.0827037871984357,1.0827037871984357,1.0827037871984357,1.0827037871984357
