obs_gdp,obs_hours,obs_wages,obs_gdpdeflator,obs_corepce,obs_nominalrate,obs_consumption,obs_investment,obs_BBBspread,obs_longinflation,obs_longrate,obs_tfp,obs_gdi,obs_AAAspread,obs_nominalrate1,obs_nominalrate2,obs_nominalrate3,obs_nominalrate4,obs_nominalrate5,obs_nominalrate6
0.42578373284167803,-48.183097215739906,0.42578373284167803,0.49339199342358747,0.49999999999998934,1.1472153394301854,0.42578373284167803,0.42578373284167803,0.43674211425382137,0.49999999999998934,1.1472153394301854,0.0,0.42578373284167803,0.1174310227768634,1.1472153394301854,1.1472153394301854,1.1472153394301854,1.1472153394301854,1.1472153394301854,1.1472153394301854
