obs_gdp,obs_hours,obs_wages,obs_gdpdeflator,obs_corepce,obs_nominalrate,obs_consumption,obs_investment,obs_BBBspread,obs_longinflation,obs_longrate,obs_tfp,obs_gdi,obs_AAAspread,obs_nominalrate1,obs_nominalrate2,obs_nominalrate3,obs_nominalrate4,obs_nominalrate5,obs_nominalrate6
0.5404085330835695,-43.6090280965153,0.5404085330835695,0.49243070725887556,0.49999999999998934,1.3118074563483573,0.5404085330835695,0.5404085330835695,0.43604239942106326,0.49999999999998934,1.3118074563483573,0.0,0.5404085330835695,0.1174310227768634,1.3118074563483573,1.3118074563483573,1.3118074563483573,1.3118074563483573,1.3118074563483573,1.3118074563483573
