obs_gdp,obs_hours,obs_wages,obs_gdpdeflator,obs_corepce,obs_nominalrate,obs_consumption,obs_investment,obs_BBBspread,obs_longinflation,obs_longrate,obs_tfp,obs_gdi,obs_AAAspread,obs_nominalrate1,obs_nominalrate2,obs_nominalrate3,obs_nominalrate4,obs_nominalrate5,obs_nominalrate6
0.4557843868026712,-46.57229164234563,0.4557843868026712,0.48493274616489784,0.49999999999998934,1.163178905353246,0.4557843868026712,0.4557843868026712,0.4336928583422859,0.49999999999998934,1.163178905353246,0.0,0.4557843868026712,0.1174310227768634,1.163178905353246,1.163178905353246,1.163178905353246,1.163178905353246,1.163178905353246,1.163178905353246
