obs_gdp,obs_hours,obs_wages,obs_gdpdeflator,obs_corepce,obs_nominalrate,obs_consumption,obs_investment,obs_BBBspread,obs_longinflation,obs_longrate,obs_tfp,obs_gdi,obs_AAAspread,obs_nominalrate1,obs_nominalrate2,obs_nominalrate3,obs_nominalrate4,obs_nominalrate5,obs_nominalrate6
0.5147462934492975,-44.52675558857998,0.5147462934492975,0.4851199491789172,0.49999999999998934,1.2592533210330936,0.5147462934492975,0.5147462934492975,0.4334259650056711,0.49999999999998934,1.2592533210330936,0.0,0.5147462934492975,0.1174310227768634,1.2592533210330936,1.2592533210330936,1.2592533210330936,1.2592533210330936,1.2592533210330936,1.2592533210330936
