obs_gdp,obs_hours,obs_wages,obs_gdpdeflator,obs_corepce,obs_nominalrate,obs_consumption,obs_investment,obs_BBBspread,obs_longinflation,obs_longrate,obs_tfp,obs_gdi,obs_AAAspread,obs_nominalrate1,obs_nominalrate2,obs_nominalrate3,obs_nominalrate4,obs_nominalrate5,obs_nominalrate6
0.4700218524418265,-46.341346710136655,0.4700218524418265,0.4938939399325143,0.49999999999998934,1.209541414012083,0.4700218524418265,0.4700218524418265,0.4406741090659501,0.49999999999998934,1.209541414012083,0.0,0.4700218524418265,0.1174310227768634,1.209541414012083,1.209541414012083,1.209541414012083,1.209541414012083,1.209541414012083,1.209541414012083
