obs_gdp,obs_hours,obs_wages,obs_gdpdeflator,obs_corepce,obs_nominalrate,obs_consumption,obs_investment,obs_BBBspread,obs_longinflation,obs_longrate,obs_tfp,obs_gdi,obs_AAAspread,obs_nominalrate1,obs_nominalrate2,obs_nominalrate3,obs_nominalrate4,obs_nominalrate5,obs_nominalrate6
0.4817293260156674,-45.564535152056735,0.4817293260156674,0.4848489499338677,0.49999999999998934,1.21157789901718,0.4817293260156674,0.4817293260156674,0.43258765257816345,0.49999999999998934,1.21157789901718,0.0,0.4817293260156674,0.1174310227768634,1.21157789901718,1.21157789901718,1.21157789901718,1.21157789901718,1.21157789901718,1.21157789901718
