obs_gdp,obs_hours,obs_wages,obs_gdpdeflator,obs_corepce,obs_nominalrate,obs_consumption,obs_investment,obs_BBBspread,obs_longinflation,obs_longrate,obs_tfp,obs_gdi,obs_AAAspread,obs_nominalrate1,obs_nominalrate2,obs_nominalrate3,obs_nominalrate4,obs_nominalrate5,obs_nominalrate6
0.5010280270235867,-45.373467125705545,0.5010280270235867,0.4922266128839632,0.49999999999998934,1.2450011947828132,0.5010280270235867,0.5010280270235867,0.4349642678435614,0.49999999999998934,1.2450011947828132,0.0,0.5010280270235867,0.1174310227768634,1.2450011947828132,1.2450011947828132,1.2450011947828132,1.2450011947828132,1.2450011947828132,1.2450011947828132
