obs_gdp,obs_hours,obs_wages,obs_gdpdeflator,obs_corepce,obs_nominalrate,obs_consumption,obs_investment,obs_BBBspread,obs_longinflation,obs_longrate,obs_tfp,obs_gdi,obs_AAAspread,obs_nominalrate1,obs_nominalrate2,obs_nominalrate3,obs_nominalrate4,obs_nominalrate5,obs_nominalrate6
0.5060190259771558,-44.87892773425242,0.5060190259771558,0.48476884380704877,0.49999999999998934,1.2447098296729742,0.5060190259771558,0.5060190259771558,0.4328946136829625,0.49999999999998934,1.2447098296729742,0.0,0.5060190259771558,0.1174310227768634,1.2447098296729742,1.2447098296729742,1.2447098296729742,1.2447098296729742,1.2447098296729742,1.2447098296729742
