obs_gdp,obs_hours,obs_wages,obs_gdpdeflator,obs_corepce,obs_nominalrate,obs_consumption,obs_investment,obs_BBBspread,obs_longinflation,obs_longrate,obs_tfp,obs_gdi,obs_AAAspread,obs_nominalrate1,obs_nominalrate2,obs_nominalrate3,obs_nominalrate4,obs_nominalrate5,obs_nominalrate6
0.4374880980990481,-47.10722126534768,0.4374880980990481,0.4893088325083471,0.49999999999998934,1.1717979974269266,0.4374880980990481,0.4374880980990481,0.4333215509096993,0.49999999999998934,1.1717979974269266,0.0,0.4374880980990481,0.1174310227768634,1.1717979974269266,1.1717979974269266,1.1717979974269266,1.1717979974269266,1.1717979974269266,1.1717979974269266
