obs_gdp,obs_hours,obs_wages,obs_gdpdeflator,obs_corepce,obs_nominalrate,obs_consumption,obs_investment,obs_BBBspread,obs_longinflation,obs_longrate,obs_tfp,obs_gdi,obs_AAAspread,obs_nominalrate1,obs_nominalrate2,obs_nominalrate3,obs_nominalrate4,obs_nominalrate5,obs_nominalrate6
0.4014726248902978,-48.44278420831604,0.4014726248902978,0.4850383130237987,0.49999999999998934,1.1033712082919145,0.4014726248902978,0.4014726248902978,0.43341389918375683,0.49999999999998934,1.1033712082919145,0.0,0.4014726248902978,0.1174310227768634,1.1033712082919145,1.1033712082919145,1.1033712082919145,1.1033712082919145,1.1033712082919145,1.1033712082919145
