obs_gdp,obs_hours,obs_wages,obs_gdpdeflator,obs_corepce,obs_nominalrate,obs_consumption,obs_investment,obs_BBBspread,obs_longinflation,obs_longrate,obs_tfp,obs_gdi,obs_AAAspread,obs_nominalrate1,obs_nominalrate2,obs_nominalrate3,obs_nominalrate4,obs_nominalrate5,obs_nominalrate6
0.45139663947693087,-47.12699428285163,0.45139663947693087,0.4864120993848166,0.49999999999998934,1.1665765038948894,0.45139663947693087,0.45139663947693087,0.4363962847174033,0.49999999999998934,1.1665765038948894,0.0,0.45139663947693087,0.1174310227768634,1.1665765038948894,1.1665765038948894,1.1665765038948894,1.1665765038948894,1.1665765038948894,1.1665765038948894
