obs_gdp,obs_hours,obs_wages,obs_gdpdeflator,obs_corepce,obs_nominalrate,obs_consumption,obs_investment,obs_BBBspread,obs_longinflation,obs_longrate,obs_tfp,obs_gdi,obs_AAAspread,obs_nominalrate1,obs_nominalrate2,obs_nominalrate3,obs_nominalrate4,obs_nominalrate5,obs_nominalrate6
0.4624073843824572,-46.486745331472726,0.4624073843824572,0.4829875789761849,0.49999999999998934,1.1752279040553981,0.4624073843824572,0.4624073843824572,0.44326649280124214,0.49999999999998934,1.1752279040553981,0.0,0.4624073843824572,0.1174310227768634,1.1752279040553981,1.1752279040553981,1.1752279040553981,1.1752279040553981,1.1752279040553981,1.1752279040553981
