obs_gdp,obs_hours,obs_wages,obs_gdpdeflator,obs_corepce,obs_nominalrate,obs_consumption,obs_investment,obs_BBBspread,obs_longinflation,obs_longrate,obs_tfp,obs_gdi,obs_AAAspread,obs_nominalrate1,obs_nominalrate2,obs_nominalrate3,obs_nominalrate4,obs_nominalrate5,obs_nominalrate6
0.44544730641686847,-47.272214140802525,0.44544730641686847,0.4927989679173548,0.49999999999998934,1.173111113394687,0.44544730641686847,0.44544730641686847,0.438406798821636,0.49999999999998934,1.173111113394687,0.0,0.44544730641686847,0.1174310227768634,1.173111113394687,1.173111113394687,1.173111113394687,1.173111113394687,1.173111113394687,1.173111113394687
