obs_gdp,obs_hours,obs_wages,obs_gdpdeflator,obs_corepce,obs_nominalrate,obs_consumption,obs_investment,obs_BBBspread,obs_longinflation,obs_longrate,obs_tfp,obs_gdi,obs_AAAspread,obs_nominalrate1,obs_nominalrate2,obs_nominalrate3,obs_nominalrate4,obs_nominalrate5,obs_nominalrate6
0.46318430914351616,-46.72577775713418,0.46318430914351616,0.49345170295425644,0.49999999999998934,1.195849285651862,0.46318430914351616,0.46318430914351616,0.4346315762746856,0.49999999999998934,1.195849285651862,0.0,0.46318430914351616,0.1174310227768634,1.195849285651862,1.195849285651862,1.195849285651862,1.195849285651862,1.195849285651862,1.195849285651862
