obs_gdp,obs_hours,obs_wages,obs_gdpdeflator,obs_corepce,obs_nominalrate,obs_consumption,obs_investment,obs_BBBspread,obs_longinflation,obs_longrate,obs_tfp,obs_gdi,obs_AAAspread,obs_nominalrate1,obs_nominalrate2,obs_nominalrate3,obs_nominalrate4,obs_nominalrate5,obs_nominalrate6
0.538979075232815,-43.47137183374588,0.538979075232815,0.48708854629223397,0.49999999999998934,1.310913813725767,0.538979075232815,0.538979075232815,0.4348142986999759,0.49999999999998934,1.310913813725767,0.0,0.538979075232815,0.1174310227768634,1.310913813725767,1.310913813725767,1.310913813725767,1.310913813725767,1.310913813725767,1.310913813725767
