obs_gdp,obs_hours,obs_wages,obs_gdpdeflator,obs_corepce,obs_nominalrate,obs_consumption,obs_investment,obs_BBBspread,obs_longinflation,obs_longrate,obs_tfp,obs_gdi,obs_AAAspread,obs_nominalrate1,obs_nominalrate2,obs_nominalrate3,obs_nominalrate4,obs_nominalrate5,obs_nominalrate6
0.47569065842472114,-45.98830235680918,0.47569065842472114,0.4833354953835063,0.49999999999998934,1.1952533775051233,0.47569065842472114,0.47569065842472114,0.4437689695335656,0.49999999999998934,1.1952533775051233,0.0,0.47569065842472114,0.1174310227768634,1.1952533775051233,1.1952533775051233,1.1952533775051233,1.1952533775051233,1.1952533775051233,1.1952533775051233
