obs_gdp,obs_hours,obs_wages,obs_gdpdeflator,obs_corepce,obs_nominalrate,obs_consumption,obs_investment,obs_BBBspread,obs_longinflation,obs_longrate,obs_tfp,obs_gdi,obs_AAAspread,obs_nominalrate1,obs_nominalrate2,obs_nominalrate3,obs_nominalrate4,obs_nominalrate5,obs_nominalrate6
0.5048873039935176,-45.04622838327209,0.5048873039935176,0.4875476827555639,0.49999999999998934,1.251868612762408,0.5048873039935176,0.5048873039935176,0.43504928975798907,0.49999999999998934,1.251868612762408,0.0,0.5048873039935176,0.1174310227768634,1.251868612762408,1.251868612762408,1.251868612762408,1.251868612762408,1.251868612762408,1.251868612762408
