obs_gdp,obs_hours,obs_wages,obs_gdpdeflator,obs_corepce,obs_nominalrate,obs_consumption,obs_investment,obs_BBBspread,obs_longinflation,obs_longrate,obs_tfp,obs_gdi,obs_AAAspread,obs_nominalrate1,obs_nominalrate2,obs_nominalrate3,obs_nominalrate4,obs_nominalrate5,obs_nominalrate6
0.5242083966277677,-44.34817121115024,0.5242083966277677,0.48570536898713623,0.49999999999998934,1.2800475544244128,0.5242083966277677,0.5242083966277677,0.4358819677339618,0.49999999999998934,1.2800475544244128,0.0,0.5242083966277677,0.1174310227768634,1.2800475544244128,1.2800475544244128,1.2800475544244128,1.2800475544244128,1.2800475544244128,1.2800475544244128
