obs_gdp,obs_hours,obs_wages,obs_gdpdeflator,obs_corepce,obs_nominalrate,obs_consumption,obs_investment,obs_BBBspread,obs_longinflation,obs_longrate,obs_tfp,obs_gdi,obs_AAAspread,obs_nominalrate1,obs_nominalrate2,obs_nominalrate3,obs_nominalrate4,obs_nominalrate5,obs_nominalrate6
0.43360104818821465,-47.19368391285452,0.43360104818821465,0.48359423992593625,0.49999999999998934,1.1418957178854772,0.43360104818821465,0.43360104818821465,0.4367917706356401,0.49999999999998934,1.1418957178854772,0.0,0.43360104818821465,0.1174310227768634,1.1418957178854772,1.1418957178854772,1.1418957178854772,1.1418957178854772,1.1418957178854772,1.1418957178854772
