obs_gdp,obs_hours,obs_wages,obs_gdpdeflator,obs_corepce,obs_nominalrate,obs_consumption,obs_investment,obs_BBBspread,obs_longinflation,obs_longrate,obs_tfp,obs_gdi,obs_AAAspread,obs_nominalrate1,obs_nominalrate2,obs_nominalrate3,obs_nominalrate4,obs_nominalrate5,obs_nominalrate6
0.4605933108937421,-46.19488800129715,0.4605933108937421,0.48706962329476805,0.49999999999998934,1.193845543988492,0.4605933108937421,0.4605933108937421,0.4349088582558706,0.49999999999998934,1.193845543988492,0.0,0.4605933108937421,0.1174310227768634,1.193845543988492,1.193845543988492,1.193845543988492,1.193845543988492,1.193845543988492,1.193845543988492
