obs_gdp,obs_hours,obs_wages,obs_gdpdeflator,obs_corepce,obs_nominalrate,obs_consumption,obs_investment,obs_BBBspread,obs_longinflation,obs_longrate,obs_tfp,obs_gdi,obs_AAAspread,obs_nominalrate1,obs_nominalrate2,obs_nominalrate3,obs_nominalrate4,obs_nominalrate5,obs_nominalrate6
0.49902860048511855,-45.19617401026193,0.49902860048511855,0.4842468246886804,0.49999999999998934,1.2244406837584654,0.49902860048511855,0.49902860048511855,0.4468806031198642,0.49999999999998934,1.2244406837584654,0.0,0.49902860048511855,0.1174310227768634,1.2244406837584654,1.2244406837584654,1.2244406837584654,1.2244406837584654,1.2244406837584654,1.2244406837584654
