obs_gdp,obs_hours,obs_wages,obs_gdpdeflator,obs_corepce,obs_nominalrate,obs_consumption,obs_investment,obs_BBBspread,obs_longinflation,obs_longrate,obs_tfp,obs_gdi,obs_AAAspread,obs_nominalrate1,obs_nominalrate2,obs_nominalrate3,obs_nominalrate4,obs_nominalrate5,obs_nominalrate6
0.5213645882204299,-44.38861085697611,0.5213645882204299,0.4863265087637255,0.49999999999998934,1.269068942880347,0.5213645882204299,0.5213645882204299,0.44342300239190535,0.49999999999998934,1.269068942880347,0.0,0.5213645882204299,0.1174310227768634,1.269068942880347,1.269068942880347,1.269068942880347,1.269068942880347,1.269068942880347,1.269068942880347
