obs_gdp,obs_hours,obs_wages,obs_gdpdeflator,obs_corepce,obs_nominalrate,obs_consumption,obs_investment,obs_BBBspread,obs_longinflation,obs_longrate,obs_tfp,obs_gdi,obs_AAAspread,obs_nominalrate1,obs_nominalrate2,obs_nominalrate3,obs_nominalrate4,obs_nominalrate5,obs_nominalrate6
0.5087375546284134,-44.619176928444055,0.5087375546284134,0.4880008768455996,0.49999999999998934,1.2656715110746175,0.5087375546284134,0.5087375546284134,0.4349714205413793,0.49999999999998934,1.2656715110746175,0.0,0.5087375546284134,0.1174310227768634,1.2656715110746175,1.2656715110746175,1.2656715110746175,1.2656715110746175,1.2656715110746175,1.2656715110746175
