obs_gdp,obs_hours,obs_wages,obs_gdpdeflator,obs_corepce,obs_nominalrate,obs_consumption,obs_investment,obs_BBBspread,obs_longinflation,obs_longrate,obs_tfp,obs_gdi,obs_AAAspread,obs_nominalrate1,obs_nominalrate2,obs_nominalrate3,obs_nominalrate4,obs_nominalrate5,obs_nominalrate6
0.4067867132708347,-48.594810512853584,0.4067867132708347,0.4858410640654591,0.49999999999998934,1.103507734017839,0.4067867132708347,0.4067867132708347,0.44598640508737464,0.49999999999998934,1.103507734017839,0.0,0.4067867132708347,0.1174310227768634,1.103507734017839,1.103507734017839,1.103507734017839,1.103507734017839,1.103507734017839,1.103507734017839
