obs_gdp,obs_hours,obs_wages,obs_gdpdeflator,obs_corepce,obs_nominalrate,obs_consumption,obs_investment,obs_BBBspread,obs_longinflation,obs_longrate,obs_tfp,obs_gdi,obs_AAAspread,obs_nominalrate1,obs_nominalrate2,obs_nominalrate3,obs_nominalrate4,obs_nominalrate5,obs_nominalrate6
0.4419837202244148,-46.897456283999745,0.4419837202244148,0.4895525854065781,0.49999999999998934,1.1817463807958228,0.4419837202244148,0.4419837202244148,0.43564815532090295,0.49999999999998934,1.1817463807958228,0.0,0.4419837202244148,0.1174310227768634,1.1817463807958228,1.1817463807958228,1.1817463807958228,1.1817463807958228,1.1817463807958228,1.1817463807958228
