obs_gdp,obs_hours,obs_wages,obs_gdpdeflator,obs_corepce,obs_nominalrate,obs_consumption,obs_investment,obs_BBBspread,obs_longinflation,obs_longrate,obs_tfp,obs_gdi,obs_AAAspread,obs_nominalrate1,obs_nominalrate2,obs_nominalrate3,obs_nominalrate4,obs_nominalrate5,obs_nominalrate6
0.40538222838786275,-48.36821917793654,0.40538222838786275,0.4863081145638135,0.49999999999998934,1.1098298249049732,0.40538222838786275,0.40538222838786275,0.43502731342031964,0.49999999999998934,1.1098298249049732,0.0,0.40538222838786275,0.1174310227768634,1.1098298249049732,1.1098298249049732,1.1098298249049732,1.1098298249049732,1.1098298249049732,1.1098298249049732
