obs_gdp,obs_hours,obs_wages,obs_gdpdeflator,obs_corepce,obs_nominalrate,obs_consumption,obs_investment,obs_BBBspread,obs_longinflation,obs_longrate,obs_tfp,obs_gdi,obs_AAAspread,obs_nominalrate1,obs_nominalrate2,obs_nominalrate3,obs_nominalrate4,obs_nominalrate5,obs_nominalrate6
0.4688512701548353,-46.041693201594256,0.4688512701548353,0.4870734823246942,0.49999999999998934,1.1881445299057658,0.4688512701548353,0.4688512701548353,0.43436256363587994,0.49999999999998934,1.1881445299057658,0.0,0.4688512701548353,0.1174310227768634,1.1881445299057658,1.1881445299057658,1.1881445299057658,1.1881445299057658,1.1881445299057658,1.1881445299057658
