obs_gdp,obs_hours,obs_wages,obs_gdpdeflator,obs_corepce,obs_nominalrate,obs_consumption,obs_investment,obs_BBBspread,obs_longinflation,obs_longrate,obs_tfp,obs_gdi,obs_AAAspread,obs_nominalrate1,obs_nominalrate2,obs_nominalrate3,obs_nominalrate4,obs_nominalrate5,obs_nominalrate6
0.48318956827424486,-45.64840474471123,0.48318956827424486,0.4889644043351804,0.49999999999998934,1.2283082414418889,0.48318956827424486,0.48318956827424486,0.43697099127237754,0.49999999999998934,1.2283082414418889,0.0,0.48318956827424486,0.1174310227768634,1.2283082414418889,1.2283082414418889,1.2283082414418889,1.2283082414418889,1.2283082414418889,1.2283082414418889
