obs_gdp,obs_hours,obs_wages,obs_gdpdeflator,obs_corepce,obs_nominalrate,obs_consumption,obs_investment,obs_BBBspread,obs_longinflation,obs_longrate,obs_tfp,obs_gdi,obs_AAAspread,obs_nominalrate1,obs_nominalrate2,obs_nominalrate3,obs_nominalrate4,obs_nominalrate5,obs_nominalrate6
0.4767662714059373,-45.7840039118979,0.4767662714059373,0.4833099948995504,0.49999999999998934,1.1940783075828465,0.4767662714059373,0.4767662714059373,0.4307175383918716,0.49999999999998934,1.1940783075828465,0.0,0.4767662714059373,0.1174310227768634,1.1940783075828465,1.1940783075828465,1.1940783075828465,1.1940783075828465,1.1940783075828465,1.1940783075828465
