obs_gdp,obs_hours,obs_wages,obs_gdpdeflator,obs_corepce,obs_nominalrate,obs_consumption,obs_investment,obs_BBBspread,obs_longinflation,obs_longrate,obs_tfp,obs_gdi,obs_AAAspread,obs_nominalrate1,obs_nominalrate2,obs_nominalrate3,obs_nominalrate4,obs_nominalrate5,obs_nominalrate6
0.4104217038647606,-48.45129211934967,0.4104217038647606,0.4869374137755368,0.49999999999998934,1.1216777735859607,0.4104217038647606,0.4104217038647606,0.43577763825895005,0.49999999999998934,1.1216777735859607,0.0,0.4104217038647606,0.1174310227768634,1.1216777735859607,1.1216777735859607,1.1216777735859607,1.1216777735859607,1.1216777735859607,1.1216777735859607
