obs_gdp,obs_hours,obs_wages,obs_gdpdeflator,obs_corepce,obs_nominalrate,obs_consumption,obs_investment,obs_BBBspread,obs_longinflation,obs_longrate,obs_tfp,obs_gdi,obs_AAAspread,obs_nominalrate1,obs_nominalrate2,obs_nominalrate3,obs_nominalrate4,obs_nominalrate5,obs_nominalrate6
0.47453713031266886,-45.844619923616506,0.47453713031266886,0.48498014056030125,0.49999999999998934,1.2031499911872912,0.47453713031266886,0.47453713031266886,0.43154487195771685,0.49999999999998934,1.2031499911872912,0.0,0.47453713031266886,0.1174310227768634,1.2031499911872912,1.2031499911872912,1.2031499911872912,1.2031499911872912,1.2031499911872912,1.2031499911872912
