obs_gdp,obs_hours,obs_wages,obs_gdpdeflator,obs_corepce,obs_nominalrate,obs_consumption,obs_investment,obs_BBBspread,obs_longinflation,obs_longrate,obs_tfp,obs_gdi,obs_AAAspread,obs_nominalrate1,obs_nominalrate2,obs_nominalrate3,obs_nominalrate4,obs_nominalrate5,obs_nominalrate6
0.39224059560922786,-49.17312888710825,0.39224059560922786,0.48663928096830367,0.49999999999998934,1.101431561474131,0.39224059560922786,0.39224059560922786,0.44044496866351135,0.49999999999998934,1.101431561474131,0.0,0.39224059560922786,0.1174310227768634,1.101431561474131,1.101431561474131,1.101431561474131,1.101431561474131,1.101431561474131,1.101431561474131
