obs_gdp,obs_hours,obs_wages,obs_gdpdeflator,obs_corepce,obs_nominalrate,obs_consumption,obs_investment,obs_BBBspread,obs_longinflation,obs_longrate,obs_tfp,obs_gdi,obs_AAAspread,obs_nominalrate1,obs_nominalrate2,obs_nominalrate3,obs_nominalrate4,obs_nominalrate5,obs_nominalrate6
0.474507560887405,-45.865514707489936,0.474507560887405,0.48472333264376727,0.49999999999998934,1.1909647387809308,0.474507560887405,0.474507560887405,0.43172626248933443,0.49999999999998934,1.1909647387809308,0.0,0.474507560887405,0.1174310227768634,1.1909647387809308,1.1909647387809308,1.1909647387809308,1.1909647387809308,1.1909647387809308,1.1909647387809308
