obs_gdp,obs_hours,obs_wages,obs_gdpdeflator,obs_corepce,obs_nominalrate,obs_consumption,obs_investment,obs_BBBspread,obs_longinflation,obs_longrate,obs_tfp,obs_gdi,obs_AAAspread,obs_nominalrate1,obs_nominalrate2,obs_nominalrate3,obs_nominalrate4,obs_nominalrate5,obs_nominalrate6
0.4084956110639526,-48.53693895764756,0.4084956110639526,0.48567560952372263,0.49999999999998934,1.1087076303858634,0.4084956110639526,0.4084956110639526,0.44633288601484816,0.49999999999998934,1.1087076303858634,0.0,0.4084956110639526,0.1174310227768634,1.1087076303858634,1.1087076303858634,1.1087076303858634,1.1087076303858634,1.1087076303858634,1.1087076303858634
