obs_gdp,obs_hours,obs_wages,obs_gdpdeflator,obs_corepce,obs_nominalrate,obs_consumption,obs_investment,obs_BBBspread,obs_longinflation,obs_longrate,obs_tfp,obs_gdi,obs_AAAspread,obs_nominalrate1,obs_nominalrate2,obs_nominalrate3,obs_nominalrate4,obs_nominalrate5,obs_nominalrate6
0.45235495691191563,-46.89834715664012,0.45235495691191563,0.48294131852309596,0.49999999999998934,1.1524404363228102,0.45235495691191563,0.45235495691191563,0.44624187451695824,0.49999999999998934,1.1524404363228102,0.0,0.45235495691191563,0.1174310227768634,1.1524404363228102,1.1524404363228102,1.1524404363228102,1.1524404363228102,1.1524404363228102,1.1524404363228102
