obs_gdp,obs_hours,obs_wages,obs_gdpdeflator,obs_corepce,obs_nominalrate,obs_consumption,obs_investment,obs_BBBspread,obs_longinflation,obs_longrate,obs_tfp,obs_gdi,obs_AAAspread,obs_nominalrate1,obs_nominalrate2,obs_nominalrate3,obs_nominalrate4,obs_nominalrate5,obs_nominalrate6
0.45158427431859494,-46.7570268850762,0.45158427431859494,0.48716761880551374,0.49999999999998934,1.1608858356239704,0.45158427431859494,0.45158427431859494,0.43654594134395514,0.49999999999998934,1.1608858356239704,0.0,0.45158427431859494,0.1174310227768634,1.1608858356239704,1.1608858356239704,1.1608858356239704,1.1608858356239704,1.1608858356239704,1.1608858356239704
