obs_gdp,obs_hours,obs_wages,obs_gdpdeflator,obs_corepce,obs_nominalrate,obs_consumption,obs_investment,obs_BBBspread,obs_longinflation,obs_longrate,obs_tfp,obs_gdi,obs_AAAspread,obs_nominalrate1,obs_nominalrate2,obs_nominalrate3,obs_nominalrate4,obs_nominalrate5,obs_nominalrate6
0.516455598295118,-44.50772058883618,0.516455598295118,0.48645242257532734,0.49999999999998934,1.2713248195194593,0.516455598295118,0.516455598295118,0.44318054474031976,0.49999999999998934,1.2713248195194593,0.0,0.516455598295118,0.1174310227768634,1.2713248195194593,1.2713248195194593,1.2713248195194593,1.2713248195194593,1.2713248195194593,1.2713248195194593
