obs_gdp,obs_hours,obs_wages,obs_gdpdeflator,obs_corepce,obs_nominalrate,obs_consumption,obs_investment,obs_BBBspread,obs_longinflation,obs_longrate,obs_tfp,obs_gdi,obs_AAAspread,obs_nominalrate1,obs_nominalrate2,obs_nominalrate3,obs_nominalrate4,obs_nominalrate5,obs_nominalrate6
0.4223143700129217,-47.958120092867986,0.4223143700129217,0.48642272858739927,0.49999999999998934,1.134155496124345,0.4223143700129217,0.4223143700129217,0.4361913601619232,0.49999999999998934,1.134155496124345,0.0,0.4223143700129217,0.1174310227768634,1.134155496124345,1.134155496124345,1.134155496124345,1.134155496124345,1.134155496124345,1.134155496124345
