obs_gdp,obs_hours,obs_wages,obs_gdpdeflator,obs_corepce,obs_nominalrate,obs_consumption,obs_investment,obs_BBBspread,obs_longinflation,obs_longrate,obs_tfp,obs_gdi,obs_AAAspread,obs_nominalrate1,obs_nominalrate2,obs_nominalrate3,obs_nominalrate4,obs_nominalrate5,obs_nominalrate6
0.4301312026556481,-47.55920291270361,0.4301312026556481,0.48550811522848036,0.49999999999998934,1.1329881945641551,0.4301312026556481,0.4301312026556481,0.4335577746916024,0.49999999999998934,1.1329881945641551,0.0,0.4301312026556481,0.1174310227768634,1.1329881945641551,1.1329881945641551,1.1329881945641551,1.1329881945641551,1.1329881945641551,1.1329881945641551
