obs_gdp,obs_hours,obs_wages,obs_gdpdeflator,obs_corepce,obs_nominalrate,obs_consumption,obs_investment,obs_BBBspread,obs_longinflation,obs_longrate,obs_tfp,obs_gdi,obs_AAAspread,obs_nominalrate1,obs_nominalrate2,obs_nominalrate3,obs_nominalrate4,obs_nominalrate5,obs_nominalrate6
0.5346150518646731,-43.87171287904528,0.5346150518646731,0.4866485076217908,0.49999999999998934,1.2919124532655424,0.5346150518646731,0.5346150518646731,0.4437089490331592,0.49999999999998934,1.2919124532655424,0.0,0.5346150518646731,0.1174310227768634,1.2919124532655424,1.2919124532655424,1.2919124532655424,1.2919124532655424,1.2919124532655424,1.2919124532655424
