obs_gdp,obs_hours,obs_wages,obs_gdpdeflator,obs_corepce,obs_nominalrate,obs_consumption,obs_investment,obs_BBBspread,obs_longinflation,obs_longrate,obs_tfp,obs_gdi,obs_AAAspread,obs_nominalrate1,obs_nominalrate2,obs_nominalrate3,obs_nominalrate4,obs_nominalrate5,obs_nominalrate6
0.44715317797849874,-47.11078558278194,0.44715317797849874,0.48455875410493476,0.49999999999998934,1.1674602382215182,0.44715317797849874,0.44715317797849874,0.4414772332851747,0.49999999999998934,1.1674602382215182,0.0,0.44715317797849874,0.1174310227768634,1.1674602382215182,1.1674602382215182,1.1674602382215182,1.1674602382215182,1.1674602382215182,1.1674602382215182
