obs_gdp,obs_hours,obs_wages,obs_gdpdeflator,obs_corepce,obs_nominalrate,obs_consumption,obs_investment,obs_BBBspread,obs_longinflation,obs_longrate,obs_tfp,obs_gdi,obs_AAAspread,obs_nominalrate1,obs_nominalrate2,obs_nominalrate3,obs_nominalrate4,obs_nominalrate5,obs_nominalrate6
0.5376482437555286,-43.74523754172105,0.5376482437555286,0.48664638112434866,0.49999999999998934,1.2977429051840739,0.5376482437555286,0.5376482437555286,0.4452141499936725,0.49999999999998934,1.2977429051840739,0.0,0.5376482437555286,0.1174310227768634,1.2977429051840739,1.2977429051840739,1.2977429051840739,1.2977429051840739,1.2977429051840739,1.2977429051840739
