obs_gdp,obs_hours,obs_wages,obs_gdpdeflator,obs_corepce,obs_nominalrate,obs_consumption,obs_investment,obs_BBBspread,obs_longinflation,obs_longrate,obs_tfp,obs_gdi,obs_AAAspread,obs_nominalrate1,obs_nominalrate2,obs_nominalrate3,obs_nominalrate4,obs_nominalrate5,obs_nominalrate6
0.4109469501552221,-48.37583629013313,0.4109469501552221,0.48656013848912527,0.49999999999998934,1.1225322183642028,0.4109469501552221,0.4109469501552221,0.4356341401895466,0.49999999999998934,1.1225322183642028,0.0,0.4109469501552221,0.1174310227768634,1.1225322183642028,1.1225322183642028,1.1225322183642028,1.1225322183642028,1.1225322183642028,1.1225322183642028
