obs_gdp,obs_hours,obs_wages,obs_gdpdeflator,obs_corepce,obs_nominalrate,obs_consumption,obs_investment,obs_BBBspread,obs_longinflation,obs_longrate,obs_tfp,obs_gdi,obs_AAAspread,obs_nominalrate1,obs_nominalrate2,obs_nominalrate3,obs_nominalrate4,obs_nominalrate5,obs_nominalrate6
0.5024321052545355,-44.804926922601275,0.5024321052545355,0.48560135730798804,0.49999999999998934,1.2282625739257647,0.5024321052545355,0.5024321052545355,0.4325079425172307,0.49999999999998934,1.2282625739257647,0.0,0.5024321052545355,0.1174310227768634,1.2282625739257647,1.2282625739257647,1.2282625739257647,1.2282625739257647,1.2282625739257647,1.2282625739257647
