obs_gdp,obs_hours,obs_wages,obs_gdpdeflator,obs_corepce,obs_nominalrate,obs_consumption,obs_investment,obs_BBBspread,obs_longinflation,obs_longrate,obs_tfp,obs_gdi,obs_AAAspread,obs_nominalrate1,obs_nominalrate2,obs_nominalrate3,obs_nominalrate4,obs_nominalrate5,obs_nominalrate6
0.4337428203745386,-47.68565936463764,0.4337428203745386,0.4935026155029194,0.49999999999998934,1.1492478913469606,0.4337428203745386,0.4337428203745386,0.4405985218215398,0.49999999999998934,1.1492478913469606,0.0,0.4337428203745386,0.1174310227768634,1.1492478913469606,1.1492478913469606,1.1492478913469606,1.1492478913469606,1.1492478913469606,1.1492478913469606
