obs_gdp,obs_hours,obs_wages,obs_gdpdeflator,obs_corepce,obs_nominalrate,obs_consumption,obs_investment,obs_BBBspread,obs_longinflation,obs_longrate,obs_tfp,obs_gdi,obs_AAAspread,obs_nominalrate1,obs_nominalrate2,obs_nominalrate3,obs_nominalrate4,obs_nominalrate5,obs_nominalrate6
0.50535906341731,-44.86916705446747,0.50535906341731,0.483172466294375,0.49999999999998934,1.232718715182246,0.50535906341731,0.50535906341731,0.4454002274624393,0.49999999999998934,1.232718715182246,0.0,0.50535906341731,0.1174310227768634,1.232718715182246,1.232718715182246,1.232718715182246,1.232718715182246,1.232718715182246,1.232718715182246
