obs_gdp,obs_hours,obs_wages,obs_gdpdeflator,obs_corepce,obs_nominalrate,obs_consumption,obs_investment,obs_BBBspread,obs_longinflation,obs_longrate,obs_tfp,obs_gdi,obs_AAAspread,obs_nominalrate1,obs_nominalrate2,obs_nominalrate3,obs_nominalrate4,obs_nominalrate5,obs_nominalrate6
0.47343465787612615,-46.20660621696772,0.47343465787612615,0.4847316012046213,0.49999999999998934,1.1970418183452791,0.47343465787612615,0.47343465787612615,0.4330375554983936,0.49999999999998934,1.1970418183452791,0.0,0.47343465787612615,0.1174310227768634,1.1970418183452791,1.1970418183452791,1.1970418183452791,1.1970418183452791,1.1970418183452791,1.1970418183452791
