obs_gdp,obs_hours,obs_wages,obs_gdpdeflator,obs_corepce,obs_nominalrate,obs_consumption,obs_investment,obs_BBBspread,obs_longinflation,obs_longrate,obs_tfp,obs_gdi,obs_AAAspread,obs_nominalrate1,obs_nominalrate2,obs_nominalrate3,obs_nominalrate4,obs_nominalrate5,obs_nominalrate6
0.4900321912408412,-45.49275949224386,0.4900321912408412,0.4879581661801771,0.49999999999998934,1.2326477837221184,0.4900321912408412,0.4900321912408412,0.44485927954254384,0.49999999999998934,1.2326477837221184,0.0,0.4900321912408412,0.1174310227768634,1.2326477837221184,1.2326477837221184,1.2326477837221184,1.2326477837221184,1.2326477837221184,1.2326477837221184
