obs_gdp,obs_hours,obs_wages,obs_gdpdeflator,obs_corepce,obs_nominalrate,obs_consumption,obs_investment,obs_BBBspread,obs_longinflation,obs_longrate,obs_tfp,obs_gdi,obs_AAAspread,obs_nominalrate1,obs_nominalrate2,obs_nominalrate3,obs_nominalrate4,obs_nominalrate5,obs_nominalrate6
0.5095673835143977,-44.27812411744861,0.5095673835143977,0.48580441671435415,0.49999999999998934,1.2551864219390474,0.5095673835143977,0.5095673835143977,0.4348838720620147,0.49999999999998934,1.2551864219390474,0.0,0.5095673835143977,0.1174310227768634,1.2551864219390474,1.2551864219390474,1.2551864219390474,1.2551864219390474,1.2551864219390474,1.2551864219390474
