obs_gdp,obs_hours,obs_wages,obs_gdpdeflator,obs_corepce,obs_nominalrate,obs_consumption,obs_investment,obs_BBBspread,obs_longinflation,obs_longrate,obs_tfp,obs_gdi,obs_AAAspread,obs_nominalrate1,obs_nominalrate2,obs_nominalrate3,obs_nominalrate4,obs_nominalrate5,obs_nominalrate6
0.48153650879303456,-46.012975454207094,0.48153650879303456,0.4936086577023298,0.49999999999998934,1.2260238397205692,0.48153650879303456,0.48153650879303456,0.43498164854590454,0.49999999999998934,1.2260238397205692,0.0,0.48153650879303456,0.1174310227768634,1.2260238397205692,1.2260238397205692,1.2260238397205692,1.2260238397205692,1.2260238397205692,1.2260238397205692
