obs_gdp,obs_hours,obs_wages,obs_gdpdeflator,obs_corepce,obs_nominalrate,obs_consumption,obs_investment,obs_BBBspread,obs_longinflation,obs_longrate,obs_tfp,obs_gdi,obs_AAAspread,obs_nominalrate1,obs_nominalrate2,obs_nominalrate3,obs_nominalrate4,obs_nominalrate5,obs_nominalrate6
0.46786623687287143,-46.46733511460108,0.46786623687287143,0.4939456246494124,0.49999999999998934,1.2092522934650463,0.46786623687287143,0.46786623687287143,0.4356693856539168,0.49999999999998934,1.2092522934650463,0.0,0.46786623687287143,0.1174310227768634,1.2092522934650463,1.2092522934650463,1.2092522934650463,1.2092522934650463,1.2092522934650463,1.2092522934650463
