obs_gdp,obs_hours,obs_wages,obs_gdpdeflator,obs_corepce,obs_nominalrate,obs_consumption,obs_investment,obs_BBBspread,obs_longinflation,obs_longrate,obs_tfp,obs_gdi,obs_AAAspread,obs_nominalrate1,obs_nominalrate2,obs_nominalrate3,obs_nominalrate4,obs_nominalrate5,obs_nominalrate6
0.449887840205343,-46.61627881145933,0.449887840205343,0.48361524556357316,0.49999999999998934,1.1590856795555382,0.449887840205343,0.449887840205343,0.4361284637497166,0.49999999999998934,1.1590856795555382,0.0,0.449887840205343,0.1174310227768634,1.1590856795555382,1.1590856795555382,1.1590856795555382,1.1590856795555382,1.1590856795555382,1.1590856795555382
