obs_gdp,obs_hours,obs_wages,obs_gdpdeflator,obs_corepce,obs_nominalrate,obs_consumption,obs_investment,obs_BBBspread,obs_longinflation,obs_longrate,obs_tfp,obs_gdi,obs_AAAspread,obs_nominalrate1,obs_nominalrate2,obs_nominalrate3,obs_nominalrate4,obs_nominalrate5,obs_nominalrate6
0.4754302420038492,-46.16597059614119,0.4754302420038492,0.4934241508897034,0.49999999999998934,1.1957171994608773,0.4754302420038492,0.4754302420038492,0.4404599329491542,0.49999999999998934,1.1957171994608773,0.0,0.4754302420038492,0.1174310227768634,1.1957171994608773,1.1957171994608773,1.1957171994608773,1.1957171994608773,1.1957171994608773,1.1957171994608773
