obs_gdp,obs_hours,obs_wages,obs_gdpdeflator,obs_corepce,obs_nominalrate,obs_consumption,obs_investment,obs_BBBspread,obs_longinflation,obs_longrate,obs_tfp,obs_gdi,obs_AAAspread,obs_nominalrate1,obs_nominalrate2,obs_nominalrate3,obs_nominalrate4,obs_nominalrate5,obs_nominalrate6
0.43686846267376733,-47.62016264724082,0.43686846267376733,0.49093052449733426,0.49999999999998934,1.154348647736514,0.43686846267376733,0.43686846267376733,0.43873050345566866,0.49999999999998934,1.154348647736514,0.0,0.43686846267376733,0.1174310227768634,1.154348647736514,1.154348647736514,1.154348647736514,1.154348647736514,1.154348647736514,1.154348647736514
