obs_gdp,obs_hours,obs_wages,obs_gdpdeflator,obs_corepce,obs_nominalrate,obs_consumption,obs_investment,obs_BBBspread,obs_longinflation,obs_longrate,obs_tfp,obs_gdi,obs_AAAspread,obs_nominalrate1,obs_nominalrate2,obs_nominalrate3,obs_nominalrate4,obs_nominalrate5,obs_nominalrate6
0.49593142662174294,-45.31365389584956,0.49593142662174294,0.4865196102387081,0.49999999999998934,1.2349199889668983,0.49593142662174294,0.49593142662174294,0.4416196314379225,0.49999999999998934,1.2349199889668983,0.0,0.49593142662174294,0.1174310227768634,1.2349199889668983,1.2349199889668983,1.2349199889668983,1.2349199889668983,1.2349199889668983,1.2349199889668983
