obs_gdp,obs_hours,obs_wages,obs_gdpdeflator,obs_corepce,obs_nominalrate,obs_consumption,obs_investment,obs_BBBspread,obs_longinflation,obs_longrate,obs_tfp,obs_gdi,obs_AAAspread,obs_nominalrate1,obs_nominalrate2,obs_nominalrate3,obs_nominalrate4,obs_nominalrate5,obs_nominalrate6
0.4070663720285861,-48.61331397271695,0.4070663720285861,0.4857335235564349,0.49999999999998934,1.1086142152662015,0.4070663720285861,0.4070663720285861,0.44650253552010605,0.49999999999998934,1.1086142152662015,0.0,0.4070663720285861,0.1174310227768634,1.1086142152662015,1.1086142152662015,1.1086142152662015,1.1086142152662015,1.1086142152662015,1.1086142152662015
