obs_gdp,obs_hours,obs_wages,obs_gdpdeflator,obs_corepce,obs_nominalrate,obs_consumption,obs_investment,obs_BBBspread,obs_longinflation,obs_longrate,obs_tfp,obs_gdi,obs_AAAspread,obs_nominalrate1,obs_nominalrate2,obs_nominalrate3,obs_nominalrate4,obs_nominalrate5,obs_nominalrate6
0.5282342091203152,-44.21938006151698,0.5282342091203152,0.49210389709263797,0.49999999999998934,1.2846391510388688,0.5282342091203152,0.5282342091203152,0.4397070926547649,0.49999999999998934,1.2846391510388688,0.0,0.5282342091203152,0.1174310227768634,1.2846391510388688,1.2846391510388688,1.2846391510388688,1.2846391510388688,1.2846391510388688,1.2846391510388688
