obs_gdp,obs_hours,obs_wages,obs_gdpdeflator,obs_corepce,obs_nominalrate,obs_consumption,obs_investment,obs_BBBspread,obs_longinflation,obs_longrate,obs_tfp,obs_gdi,obs_AAAspread,obs_nominalrate1,obs_nominalrate2,obs_nominalrate3,obs_nominalrate4,obs_nominalrate5,obs_nominalrate6
0.46831626536885107,-45.93170192886161,0.46831626536885107,0.48620927856131135,0.49999999999998934,1.195580543987873,0.46831626536885107,0.46831626536885107,0.4351475752513958,0.49999999999998934,1.195580543987873,0.0,0.46831626536885107,0.1174310227768634,1.195580543987873,1.195580543987873,1.195580543987873,1.195580543987873,1.195580543987873,1.195580543987873
