obs_gdp,obs_hours,obs_wages,obs_gdpdeflator,obs_corepce,obs_nominalrate,obs_consumption,obs_investment,obs_BBBspread,obs_longinflation,obs_longrate,obs_tfp,obs_gdi,obs_AAAspread,obs_nominalrate1,obs_nominalrate2,obs_nominalrate3,obs_nominalrate4,obs_nominalrate5,obs_nominalrate6
0.42605883156432434,-48.04460568008149,0.42605883156432434,0.48602739779991305,0.49999999999998934,1.1367547754338903,0.42605883156432434,0.42605883156432434,0.4365228602905705,0.49999999999998934,1.1367547754338903,0.0,0.42605883156432434,0.1174310227768634,1.1367547754338903,1.1367547754338903,1.1367547754338903,1.1367547754338903,1.1367547754338903,1.1367547754338903
