obs_gdp,obs_hours,obs_wages,obs_gdpdeflator,obs_corepce,obs_nominalrate,obs_consumption,obs_investment,obs_BBBspread,obs_longinflation,obs_longrate,obs_tfp,obs_gdi,obs_AAAspread,obs_nominalrate1,obs_nominalrate2,obs_nominalrate3,obs_nominalrate4,obs_nominalrate5,obs_nominalrate6
0.4675124013532983,-46.14570478999775,0.4675124013532983,0.4868595471411714,0.49999999999998934,1.1802503489166893,0.4675124013532983,0.4675124013532983,0.4369862648780667,0.49999999999998934,1.1802503489166893,0.0,0.4675124013532983,0.1174310227768634,1.1802503489166893,1.1802503489166893,1.1802503489166893,1.1802503489166893,1.1802503489166893,1.1802503489166893
