obs_gdp,obs_hours,obs_wages,obs_gdpdeflator,obs_corepce,obs_nominalrate,obs_consumption,obs_investment,obs_BBBspread,obs_longinflation,obs_longrate,obs_tfp,obs_gdi,obs_AAAspread,obs_nominalrate1,obs_nominalrate2,obs_nominalrate3,obs_nominalrate4,obs_nominalrate5,obs_nominalrate6
0.4667368257496918,-46.60385594638294,0.4667368257496918,0.49261730452458535,0.49999999999998934,1.1946818303804951,0.4667368257496918,0.4667368257496918,0.43499390559275586,0.49999999999998934,1.1946818303804951,0.0,0.4667368257496918,0.1174310227768634,1.1946818303804951,1.1946818303804951,1.1946818303804951,1.1946818303804951,1.1946818303804951,1.1946818303804951
