obs_gdp,obs_hours,obs_wages,obs_gdpdeflator,obs_corepce,obs_nominalrate,obs_consumption,obs_investment,obs_BBBspread,obs_longinflation,obs_longrate,obs_tfp,obs_gdi,obs_AAAspread,obs_nominalrate1,obs_nominalrate2,obs_nominalrate3,obs_nominalrate4,obs_nominalrate5,obs_nominalrate6
0.4730169513587512,-46.220312411333,0.4730169513587512,0.4887313175156837,0.49999999999998934,1.2052278062729904,0.4730169513587512,0.4730169513587512,0.4363384618392471,0.49999999999998934,1.2052278062729904,0.0,0.4730169513587512,0.1174310227768634,1.2052278062729904,1.2052278062729904,1.2052278062729904,1.2052278062729904,1.2052278062729904,1.2052278062729904
