obs_gdp,obs_hours,obs_wages,obs_gdpdeflator,obs_corepce,obs_nominalrate,obs_consumption,obs_investment,obs_BBBspread,obs_longinflation,obs_longrate,obs_tfp,obs_gdi,obs_AAAspread,obs_nominalrate1,obs_nominalrate2,obs_nominalrate3,obs_nominalrate4,obs_nominalrate5,obs_nominalrate6
0.526360881623944,-44.162273097544606,0.526360881623944,0.48596192302074936,0.49999999999998934,1.2830498259445156,0.526360881623944,0.526360881623944,0.44320800013990247,0.49999999999998934,1.2830498259445156,0.0,0.526360881623944,0.1174310227768634,1.2830498259445156,1.2830498259445156,1.2830498259445156,1.2830498259445156,1.2830498259445156,1.2830498259445156
