obs_gdp,obs_hours,obs_wages,obs_gdpdeflator,obs_corepce,obs_nominalrate,obs_consumption,obs_investment,obs_BBBspread,obs_longinflation,obs_longrate,obs_tfp,obs_gdi,obs_AAAspread,obs_nominalrate1,obs_nominalrate2,obs_nominalrate3,obs_nominalrate4,obs_nominalrate5,obs_nominalrate6
0.41863101704784356,-47.77902074829991,0.41863101704784356,0.4886366944732881,0.49999999999998934,1.1477379831916767,0.41863101704784356,0.41863101704784356,0.4323831132006738,0.49999999999998934,1.1477379831916767,0.0,0.41863101704784356,0.1174310227768634,1.1477379831916767,1.1477379831916767,1.1477379831916767,1.1477379831916767,1.1477379831916767,1.1477379831916767
