obs_gdp,obs_hours,obs_wages,obs_gdpdeflator,obs_corepce,obs_nominalrate,obs_consumption,obs_investment,obs_BBBspread,obs_longinflation,obs_longrate,obs_tfp,obs_gdi,obs_AAAspread,obs_nominalrate1,obs_nominalrate2,obs_nominalrate3,obs_nominalrate4,obs_nominalrate5,obs_nominalrate6
0.4158744355173827,-48.15339171107769,0.4158744355173827,0.4890249888529284,0.49999999999998934,1.1394239296853348,0.4158744355173827,0.4158744355173827,0.4394926870206541,0.49999999999998934,1.1394239296853348,0.0,0.4158744355173827,0.1174310227768634,1.1394239296853348,1.1394239296853348,1.1394239296853348,1.1394239296853348,1.1394239296853348,1.1394239296853348
