obs_gdp,obs_hours,obs_wages,obs_gdpdeflator,obs_corepce,obs_nominalrate,obs_consumption,obs_investment,obs_BBBspread,obs_longinflation,obs_longrate,obs_tfp,obs_gdi,obs_AAAspread,obs_nominalrate1,obs_nominalrate2,obs_nominalrate3,obs_nominalrate4,obs_nominalrate5,obs_nominalrate6
0.499350053276415,-45.11418721864482,0.499350053276415,0.48450834386482955,0.49999999999998934,1.2353273295081735,0.499350053276415,0.499350053276415,0.43262175964066346,0.49999999999998934,1.2353273295081735,0.0,0.499350053276415,0.1174310227768634,1.2353273295081735,1.2353273295081735,1.2353273295081735,1.2353273295081735,1.2353273295081735,1.2353273295081735
