obs_gdp,obs_hours,obs_wages,obs_gdpdeflator,obs_corepce,obs_nominalrate,obs_consumption,obs_investment,obs_BBBspread,obs_longinflation,obs_longrate,obs_tfp,obs_gdi,obs_AAAspread,obs_nominalrate1,obs_nominalrate2,obs_nominalrate3,obs_nominalrate4,obs_nominalrate5,obs_nominalrate6
0.44519507822577964,-47.165135287581556,0.44519507822577964,0.4824271445689053,0.49999999999998934,1.150851946566367,0.44519507822577964,0.44519507822577964,0.4454519643516061,0.49999999999998934,1.150851946566367,0.0,0.44519507822577964,0.1174310227768634,1.150851946566367,1.150851946566367,1.150851946566367,1.150851946566367,1.150851946566367,1.150851946566367
