obs_gdp,obs_hours,obs_wages,obs_gdpdeflator,obs_corepce,obs_nominalrate,obs_consumption,obs_investment,obs_BBBspread,obs_longinflation,obs_longrate,obs_tfp,obs_gdi,obs_AAAspread,obs_nominalrate1,obs_nominalrate2,obs_nominalrate3,obs_nominalrate4,obs_nominalrate5,obs_nominalrate6
0.44413289724165583,-47.46915141635171,0.44413289724165583,0.49366575849894523,0.49999999999998934,1.1657551327716176,0.44413289724165583,0.44413289724165583,0.4363867354105339,0.49999999999998934,1.1657551327716176,0.0,0.44413289724165583,0.1174310227768634,1.1657551327716176,1.1657551327716176,1.1657551327716176,1.1657551327716176,1.1657551327716176,1.1657551327716176
