obs_gdp,obs_hours,obs_wages,obs_gdpdeflator,obs_corepce,obs_nominalrate,obs_consumption,obs_investment,obs_BBBspread,obs_longinflation,obs_longrate,obs_tfp,obs_gdi,obs_AAAspread,obs_nominalrate1,obs_nominalrate2,obs_nominalrate3,obs_nominalrate4,obs_nominalrate5,obs_nominalrate6
0.4601220700068076,-46.6708870110008,0.4601220700068076,0.48770901458647775,0.49999999999998934,1.176589874582068,0.4601220700068076,0.4601220700068076,0.44365066481699045,0.49999999999998934,1.176589874582068,0.0,0.4601220700068076,0.1174310227768634,1.176589874582068,1.176589874582068,1.176589874582068,1.176589874582068,1.176589874582068,1.176589874582068
