obs_gdp,obs_hours,obs_wages,obs_gdpdeflator,obs_corepce,obs_nominalrate,obs_consumption,obs_investment,obs_BBBspread,obs_longinflation,obs_longrate,obs_tfp,obs_gdi,obs_AAAspread,obs_nominalrate1,obs_nominalrate2,obs_nominalrate3,obs_nominalrate4,obs_nominalrate5,obs_nominalrate6
0.4417692569987697,-47.5891566340639,0.4417692569987697,0.49241777301558803,0.49999999999998934,1.1581087005531732,0.4417692569987697,0.4417692569987697,0.43681466557515874,0.49999999999998934,1.1581087005531732,0.0,0.4417692569987697,0.1174310227768634,1.1581087005531732,1.1581087005531732,1.1581087005531732,1.1581087005531732,1.1581087005531732,1.1581087005531732
