obs_gdp,obs_hours,obs_wages,obs_gdpdeflator,obs_corepce,obs_nominalrate,obs_consumption,obs_investment,obs_BBBspread,obs_longinflation,obs_longrate,obs_tfp,obs_gdi,obs_AAAspread,obs_nominalrate1,obs_nominalrate2,obs_nominalrate3,obs_nominalrate4,obs_nominalrate5,obs_nominalrate6
0.555805683999977,-43.22465161658087,0.555805683999977,0.4852011827062408,0.49999999999998934,1.3214695724749204,0.555805683999977,0.555805683999977,0.4325933890142106,0.49999999999998934,1.3214695724749204,0.0,0.555805683999977,0.1174310227768634,1.3214695724749204,1.3214695724749204,1.3214695724749204,1.3214695724749204,1.3214695724749204,1.3214695724749204
