obs_gdp,obs_hours,obs_wages,obs_gdpdeflator,obs_corepce,obs_nominalrate,obs_consumption,obs_investment,obs_BBBspread,obs_longinflation,obs_longrate,obs_tfp,obs_gdi,obs_AAAspread,obs_nominalrate1,obs_nominalrate2,obs_nominalrate3,obs_nominalrate4,obs_nominalrate5,obs_nominalrate6
0.5420515388480984,-43.444881820860935,0.5420515388480984,0.48711697230032064,0.49999999999998934,1.3067040215333448,0.5420515388480984,0.5420515388480984,0.4381350890510511,0.49999999999998934,1.3067040215333448,0.0,0.5420515388480984,0.1174310227768634,1.3067040215333448,1.3067040215333448,1.3067040215333448,1.3067040215333448,1.3067040215333448,1.3067040215333448
