obs_gdp,obs_hours,obs_wages,obs_gdpdeflator,obs_corepce,obs_nominalrate,obs_consumption,obs_investment,obs_BBBspread,obs_longinflation,obs_longrate,obs_tfp,obs_gdi,obs_AAAspread,obs_nominalrate1,obs_nominalrate2,obs_nominalrate3,obs_nominalrate4,obs_nominalrate5,obs_nominalrate6
0.5020978624324046,-44.88033581654637,0.5020978624324046,0.488244099400223,0.49999999999998934,1.2536734857901521,0.5020978624324046,0.5020978624324046,0.4370395728450652,0.49999999999998934,1.2536734857901521,0.0,0.5020978624324046,0.1174310227768634,1.2536734857901521,1.2536734857901521,1.2536734857901521,1.2536734857901521,1.2536734857901521,1.2536734857901521
