obs_gdp,obs_hours,obs_wages,obs_gdpdeflator,obs_corepce,obs_nominalrate,obs_consumption,obs_investment,obs_BBBspread,obs_longinflation,obs_longrate,obs_tfp,obs_gdi,obs_AAAspread,obs_nominalrate1,obs_nominalrate2,obs_nominalrate3,obs_nominalrate4,obs_nominalrate5,obs_nominalrate6
0.49395327392716126,-45.62530995201567,0.49395327392716126,0.4855174455095664,0.49999999999998934,1.2296089390872345,0.49395327392716126,0.49395327392716126,0.43224598495512634,0.49999999999998934,1.2296089390872345,0.0,0.49395327392716126,0.1174310227768634,1.2296089390872345,1.2296089390872345,1.2296089390872345,1.2296089390872345,1.2296089390872345,1.2296089390872345
