obs_gdp,obs_hours,obs_wages,obs_gdpdeflator,obs_corepce,obs_nominalrate,obs_consumption,obs_investment,obs_BBBspread,obs_longinflation,obs_longrate,obs_tfp,obs_gdi,obs_AAAspread,obs_nominalrate1,obs_nominalrate2,obs_nominalrate3,obs_nominalrate4,obs_nominalrate5,obs_nominalrate6
0.4685896203906248,-46.48343810936796,0.4685896203906248,0.4936741155585543,0.49999999999998934,1.2068109251989645,0.4685896203906248,0.4685896203906248,0.43638066208049775,0.49999999999998934,1.2068109251989645,0.0,0.4685896203906248,0.1174310227768634,1.2068109251989645,1.2068109251989645,1.2068109251989645,1.2068109251989645,1.2068109251989645,1.2068109251989645
