obs_gdp,obs_hours,obs_wages,obs_gdpdeflator,obs_corepce,obs_nominalrate,obs_consumption,obs_investment,obs_BBBspread,obs_longinflation,obs_longrate,obs_tfp,obs_gdi,obs_AAAspread,obs_nominalrate1,obs_nominalrate2,obs_nominalrate3,obs_nominalrate4,obs_nominalrate5,obs_nominalrate6
0.3958422449781507,-49.06650638976432,0.3958422449781507,0.4876653703187917,0.49999999999998934,1.1097362387829879,0.3958422449781507,0.3958422449781507,0.43900681274140363,0.49999999999998934,1.1097362387829879,0.0,0.3958422449781507,0.1174310227768634,1.1097362387829879,1.1097362387829879,1.1097362387829879,1.1097362387829879,1.1097362387829879,1.1097362387829879
