obs_gdp,obs_hours,obs_wages,obs_gdpdeflator,obs_corepce,obs_nominalrate,obs_consumption,obs_investment,obs_BBBspread,obs_longinflation,obs_longrate,obs_tfp,obs_gdi,obs_AAAspread,obs_nominalrate1,obs_nominalrate2,obs_nominalrate3,obs_nominalrate4,obs_nominalrate5,obs_nominalrate6
0.4570601825377718,-46.34589641168682,0.4570601825377718,0.48949742609001756,0.49999999999998934,1.2035562019199197,0.4570601825377718,0.4570601825377718,0.4350639182030573,0.49999999999998934,1.2035562019199197,0.0,0.4570601825377718,0.1174310227768634,1.2035562019199197,1.2035562019199197,1.2035562019199197,1.2035562019199197,1.2035562019199197,1.2035562019199197
