obs_gdp,obs_hours,obs_wages,obs_gdpdeflator,obs_corepce,obs_nominalrate,obs_consumption,obs_investment,obs_BBBspread,obs_longinflation,obs_longrate,obs_tfp,obs_gdi,obs_AAAspread,obs_nominalrate1,obs_nominalrate2,obs_nominalrate3,obs_nominalrate4,obs_nominalrate5,obs_nominalrate6
0.4498777718757063,-47.02011472569338,0.4498777718757063,0.49353184649358306,0.49999999999998934,1.1767782261889792,0.4498777718757063,0.4498777718757063,0.4401921445537413,0.49999999999998934,1.1767782261889792,0.0,0.4498777718757063,0.1174310227768634,1.1767782261889792,1.1767782261889792,1.1767782261889792,1.1767782261889792,1.1767782261889792,1.1767782261889792
