obs_gdp,obs_hours,obs_wages,obs_gdpdeflator,obs_corepce,obs_nominalrate,obs_consumption,obs_investment,obs_BBBspread,obs_longinflation,obs_longrate,obs_tfp,obs_gdi,obs_AAAspread,obs_nominalrate1,obs_nominalrate2,obs_nominalrate3,obs_nominalrate4,obs_nominalrate5,obs_nominalrate6
0.49930210252389085,-45.351654749653505,0.49930210252389085,0.49065487226342636,0.49999999999998934,1.2391190690741016,0.49930210252389085,0.49930210252389085,0.43590257478997374,0.49999999999998934,1.2391190690741016,0.0,0.49930210252389085,0.1174310227768634,1.2391190690741016,1.2391190690741016,1.2391190690741016,1.2391190690741016,1.2391190690741016,1.2391190690741016
