obs_gdp,obs_hours,obs_wages,obs_gdpdeflator,obs_corepce,obs_nominalrate,obs_consumption,obs_investment,obs_BBBspread,obs_longinflation,obs_longrate,obs_tfp,obs_gdi,obs_AAAspread,obs_nominalrate1,obs_nominalrate2,obs_nominalrate3,obs_nominalrate4,obs_nominalrate5,obs_nominalrate6
0.4807067110241148,-46.06827304521775,0.4807067110241148,0.491569009274922,0.49999999999998934,1.2140933354156447,0.4807067110241148,0.4807067110241148,0.4370933017974341,0.49999999999998934,1.2140933354156447,0.0,0.4807067110241148,0.1174310227768634,1.2140933354156447,1.2140933354156447,1.2140933354156447,1.2140933354156447,1.2140933354156447,1.2140933354156447
