obs_gdp,obs_hours,obs_wages,obs_gdpdeflator,obs_corepce,obs_nominalrate,obs_consumption,obs_investment,obs_BBBspread,obs_longinflation,obs_longrate,obs_tfp,obs_gdi,obs_AAAspread,obs_nominalrate1,obs_nominalrate2,obs_nominalrate3,obs_nominalrate4,obs_nominalrate5,obs_nominalrate6
0.42104852499882384,-47.667997014373555,0.42104852499882384,0.48442227222839274,0.49999999999998934,1.1245018912368954,0.42104852499882384,0.42104852499882384,0.4361344427391163,0.49999999999998934,1.1245018912368954,0.0,0.42104852499882384,0.1174310227768634,1.1245018912368954,1.1245018912368954,1.1245018912368954,1.1245018912368954,1.1245018912368954,1.1245018912368954
