obs_gdp,obs_hours,obs_wages,obs_gdpdeflator,obs_corepce,obs_nominalrate,obs_consumption,obs_investment,obs_BBBspread,obs_longinflation,obs_longrate,obs_tfp,obs_gdi,obs_AAAspread,obs_nominalrate1,obs_nominalrate2,obs_nominalrate3,obs_nominalrate4,obs_nominalrate5,obs_nominalrate6
0.4541209156993409,-47.130161739383496,0.4541209156993409,0.49205116883341676,0.49999999999998934,1.1745570437281971,0.4541209156993409,0.4541209156993409,0.4359966826959112,0.49999999999998934,1.1745570437281971,0.0,0.4541209156993409,0.1174310227768634,1.1745570437281971,1.1745570437281971,1.1745570437281971,1.1745570437281971,1.1745570437281971,1.1745570437281971
