obs_gdp,obs_hours,obs_wages,obs_gdpdeflator,obs_corepce,obs_nominalrate,obs_consumption,obs_investment,obs_BBBspread,obs_longinflation,obs_longrate,obs_tfp,obs_gdi,obs_AAAspread,obs_nominalrate1,obs_nominalrate2,obs_nominalrate3,obs_nominalrate4,obs_nominalrate5,obs_nominalrate6
0.4287327759192161,-47.99511541788407,0.4287327759192161,0.49446485298345705,0.49999999999998934,1.1502153749922028,0.4287327759192161,0.4287327759192161,0.4373832845800962,0.49999999999998934,1.1502153749922028,0.0,0.4287327759192161,0.1174310227768634,1.1502153749922028,1.1502153749922028,1.1502153749922028,1.1502153749922028,1.1502153749922028,1.1502153749922028
