obs_gdp,obs_hours,obs_wages,obs_gdpdeflator,obs_corepce,obs_nominalrate,obs_consumption,obs_investment,obs_BBBspread,obs_longinflation,obs_longrate,obs_tfp,obs_gdi,obs_AAAspread,obs_nominalrate1,obs_nominalrate2,obs_nominalrate3,obs_nominalrate4,obs_nominalrate5,obs_nominalrate6
0.4849419007092237,-45.36312154134198,0.4849419007092237,0.4834617711089112,0.49999999999998934,1.1958186595300013,0.4849419007092237,0.4849419007092237,0.434786955080212,0.49999999999998934,1.1958186595300013,0.0,0.4849419007092237,0.1174310227768634,1.1958186595300013,1.1958186595300013,1.1958186595300013,1.1958186595300013,1.1958186595300013,1.1958186595300013
