obs_gdp,obs_hours,obs_wages,obs_gdpdeflator,obs_corepce,obs_nominalrate,obs_consumption,obs_investment,obs_BBBspread,obs_longinflation,obs_longrate,obs_tfp,obs_gdi,obs_AAAspread,obs_nominalrate1,obs_nominalrate2,obs_nominalrate3,obs_nominalrate4,obs_nominalrate5,obs_nominalrate6
0.47967469591021494,-45.99069817521254,0.47967469591021494,0.48681950552505804,0.49999999999998934,1.2158903031260992,0.47967469591021494,0.47967469591021494,0.4369192531704219,0.49999999999998934,1.2158903031260992,0.0,0.47967469591021494,0.1174310227768634,1.2158903031260992,1.2158903031260992,1.2158903031260992,1.2158903031260992,1.2158903031260992,1.2158903031260992
