obs_gdp,obs_hours,obs_wages,obs_gdpdeflator,obs_corepce,obs_nominalrate,obs_consumption,obs_investment,obs_BBBspread,obs_longinflation,obs_longrate,obs_tfp,obs_gdi,obs_AAAspread,obs_nominalrate1,obs_nominalrate2,obs_nominalrate3,obs_nominalrate4,obs_nominalrate5,obs_nominalrate6
0.4917271035605353,-44.963397882956585,0.4917271035605353,0.48611332940454904,0.49999999999998934,1.236806288359582,0.4917271035605353,0.4917271035605353,0.4347746932673261,0.49999999999998934,1.236806288359582,0.0,0.4917271035605353,0.1174310227768634,1.236806288359582,1.236806288359582,1.236806288359582,1.236806288359582,1.236806288359582,1.236806288359582
