obs_gdp,obs_hours,obs_wages,obs_gdpdeflator,obs_corepce,obs_nominalrate,obs_consumption,obs_investment,obs_BBBspread,obs_longinflation,obs_longrate,obs_tfp,obs_gdi,obs_AAAspread,obs_nominalrate1,obs_nominalrate2,obs_nominalrate3,obs_nominalrate4,obs_nominalrate5,obs_nominalrate6
0.42761222680050004,-47.45417209443924,0.42761222680050004,0.4841265710495226,0.49999999999998934,1.1297341937799077,0.42761222680050004,0.42761222680050004,0.4359434596514626,0.49999999999998934,1.1297341937799077,0.0,0.42761222680050004,0.1174310227768634,1.1297341937799077,1.1297341937799077,1.1297341937799077,1.1297341937799077,1.1297341937799077,1.1297341937799077
