obs_gdp,obs_hours,obs_wages,obs_gdpdeflator,obs_corepce,obs_nominalrate,obs_consumption,obs_investment,obs_BBBspread,obs_longinflation,obs_longrate,obs_tfp,obs_gdi,obs_AAAspread,obs_nominalrate1,obs_nominalrate2,obs_nominalrate3,obs_nominalrate4,obs_nominalrate5,obs_nominalrate6
0.5102155059595104,-44.601944509681985,0.5102155059595104,0.4875002127360751,0.49999999999998934,1.2583668533579617,0.5102155059595104,0.5102155059595104,0.43814940877174646,0.49999999999998934,1.2583668533579617,0.0,0.5102155059595104,0.1174310227768634,1.2583668533579617,1.2583668533579617,1.2583668533579617,1.2583668533579617,1.2583668533579617,1.2583668533579617
