obs_gdp,obs_hours,obs_wages,obs_gdpdeflator,obs_corepce,obs_nominalrate,obs_consumption,obs_investment,obs_BBBspread,obs_longinflation,obs_longrate,obs_tfp,obs_gdi,obs_AAAspread,obs_nominalrate1,obs_nominalrate2,obs_nominalrate3,obs_nominalrate4,obs_nominalrate5,obs_nominalrate6
0.49542961250736983,-45.259637664518344,0.49542961250736983,0.4813191553230866,0.49999999999998934,1.21997185470899,0.49542961250736983,0.49542961250736983,0.4447476691708009,0.49999999999998934,1.21997185470899,0.0,0.49542961250736983,0.1174310227768634,1.21997185470899,1.21997185470899,1.21997185470899,1.21997185470899,1.21997185470899,1.21997185470899
