obs_gdp,obs_hours,obs_wages,obs_gdpdeflator,obs_corepce,obs_nominalrate,obs_consumption,obs_investment,obs_BBBspread,obs_longinflation,obs_longrate,obs_tfp,obs_gdi,obs_AAAspread,obs_nominalrate1,obs_nominalrate2,obs_nominalrate3,obs_nominalrate4,obs_nominalrate5,obs_nominalrate6
0.45018081480248107,-47.21465997441721,0.45018081480248107,0.49400556576802024,0.49999999999998934,1.1766641422145785,0.45018081480248107,0.45018081480248107,0.4374287586996775,0.49999999999998934,1.1766641422145785,0.0,0.45018081480248107,0.1174310227768634,1.1766641422145785,1.1766641422145785,1.1766641422145785,1.1766641422145785,1.1766641422145785,1.1766641422145785
