obs_gdp,obs_hours,obs_wages,obs_gdpdeflator,obs_corepce,obs_nominalrate,obs_consumption,obs_investment,obs_BBBspread,obs_longinflation,obs_longrate,obs_tfp,obs_gdi,obs_AAAspread,obs_nominalrate1,obs_nominalrate2,obs_nominalrate3,obs_nominalrate4,obs_nominalrate5,obs_nominalrate6
0.4478316953472783,-47.22115482626873,0.4478316953472783,0.49415045563656607,0.49999999999998934,1.1785927713872768,0.4478316953472783,0.4478316953472783,0.4398078087420709,0.49999999999998934,1.1785927713872768,0.0,0.4478316953472783,0.1174310227768634,1.1785927713872768,1.1785927713872768,1.1785927713872768,1.1785927713872768,1.1785927713872768,1.1785927713872768
