obs_gdp,obs_hours,obs_wages,obs_gdpdeflator,obs_corepce,obs_nominalrate,obs_consumption,obs_investment,obs_BBBspread,obs_longinflation,obs_longrate,obs_tfp,obs_gdi,obs_AAAspread,obs_nominalrate1,obs_nominalrate2,obs_nominalrate3,obs_nominalrate4,obs_nominalrate5,obs_nominalrate6
0.48260264906874184,-45.847313020294195,0.48260264906874184,0.4839456014537966,0.49999999999998934,1.2132377597908306,0.48260264906874184,0.48260264906874184,0.4416534559823008,0.49999999999998934,1.2132377597908306,0.0,0.48260264906874184,0.1174310227768634,1.2132377597908306,1.2132377597908306,1.2132377597908306,1.2132377597908306,1.2132377597908306,1.2132377597908306
