obs_gdp,obs_hours,obs_wages,obs_gdpdeflator,obs_corepce,obs_nominalrate,obs_consumption,obs_investment,obs_BBBspread,obs_longinflation,obs_longrate,obs_tfp,obs_gdi,obs_AAAspread,obs_nominalrate1,obs_nominalrate2,obs_nominalrate3,obs_nominalrate4,obs_nominalrate5,obs_nominalrate6
0.45646708646533973,-46.514403622235406,0.45646708646533973,0.487988380408692,0.49999999999998934,1.165698680746896,0.45646708646533973,0.45646708646533973,0.43651642960363823,0.49999999999998934,1.165698680746896,0.0,0.45646708646533973,0.1174310227768634,1.165698680746896,1.165698680746896,1.165698680746896,1.165698680746896,1.165698680746896,1.165698680746896
