obs_gdp,obs_hours,obs_wages,obs_gdpdeflator,obs_corepce,obs_nominalrate,obs_consumption,obs_investment,obs_BBBspread,obs_longinflation,obs_longrate,obs_tfp,obs_gdi,obs_AAAspread,obs_nominalrate1,obs_nominalrate2,obs_nominalrate3,obs_nominalrate4,obs_nominalrate5,obs_nominalrate6
0.42121628574947056,-48.12756671278051,0.42121628574947056,0.4930931834828317,0.49999999999998934,1.1320384124890337,0.42121628574947056,0.42121628574947056,0.4423461722424938,0.49999999999998934,1.1320384124890337,0.0,0.42121628574947056,0.1174310227768634,1.1320384124890337,1.1320384124890337,1.1320384124890337,1.1320384124890337,1.1320384124890337,1.1320384124890337
