obs_gdp,obs_hours,obs_wages,obs_gdpdeflator,obs_corepce,obs_nominalrate,obs_consumption,obs_investment,obs_BBBspread,obs_longinflation,obs_longrate,obs_tfp,obs_gdi,obs_AAAspread,obs_nominalrate1,obs_nominalrate2,obs_nominalrate3,obs_nominalrate4,obs_nominalrate5,obs_nominalrate6
0.4443921337230039,-47.46773699752031,0.4443921337230039,0.48626373572678183,0.49999999999998934,1.1644452901743207,0.4443921337230039,0.4443921337230039,0.4345568112069242,0.49999999999998934,1.1644452901743207,0.0,0.4443921337230039,0.1174310227768634,1.1644452901743207,1.1644452901743207,1.1644452901743207,1.1644452901743207,1.1644452901743207,1.1644452901743207
