obs_gdp,obs_hours,obs_wages,obs_gdpdeflator,obs_corepce,obs_nominalrate,obs_consumption,obs_investment,obs_BBBspread,obs_longinflation,obs_longrate,obs_tfp,obs_gdi,obs_AAAspread,obs_nominalrate1,obs_nominalrate2,obs_nominalrate3,obs_nominalrate4,obs_nominalrate5,obs_nominalrate6
0.4785785781776797,-46.0205381803881,0.4785785781776797,0.4930955677948689,0.49999999999998934,1.2000491281584313,0.4785785781776797,0.4785785781776797,0.44192671319278914,0.49999999999998934,1.2000491281584313,0.0,0.4785785781776797,0.1174310227768634,1.2000491281584313,1.2000491281584313,1.2000491281584313,1.2000491281584313,1.2000491281584313,1.2000491281584313
