obs_gdp,obs_hours,obs_wages,obs_gdpdeflator,obs_corepce,obs_nominalrate,obs_consumption,obs_investment,obs_BBBspread,obs_longinflation,obs_longrate,obs_tfp,obs_gdi,obs_AAAspread,obs_nominalrate1,obs_nominalrate2,obs_nominalrate3,obs_nominalrate4,obs_nominalrate5,obs_nominalrate6
0.5250847955986515,-44.03733633136888,0.5250847955986515,0.4873507410142944,0.49999999999998934,1.2811459017900484,0.5250847955986515,0.5250847955986515,0.43826595877906405,0.49999999999998934,1.2811459017900484,0.0,0.5250847955986515,0.1174310227768634,1.2811459017900484,1.2811459017900484,1.2811459017900484,1.2811459017900484,1.2811459017900484,1.2811459017900484
