obs_gdp,obs_hours,obs_wages,obs_gdpdeflator,obs_corepce,obs_nominalrate,obs_consumption,obs_investment,obs_BBBspread,obs_longinflation,obs_longrate,obs_tfp,obs_gdi,obs_AAAspread,obs_nominalrate1,obs_nominalrate2,obs_nominalrate3,obs_nominalrate4,obs_nominalrate5,obs_nominalrate6
0.5304723449137017,-44.032662718036065,0.5304723449137017,0.48604985753458607,0.49999999999998934,1.2802271620682593,0.5304723449137017,0.5304723449137017,0.443247967906687,0.49999999999998934,1.2802271620682593,0.0,0.5304723449137017,0.1174310227768634,1.2802271620682593,1.2802271620682593,1.2802271620682593,1.2802271620682593,1.2802271620682593,1.2802271620682593
