obs_gdp,obs_hours,obs_wages,obs_gdpdeflator,obs_corepce,obs_nominalrate,obs_consumption,obs_investment,obs_BBBspread,obs_longinflation,obs_longrate,obs_tfp,obs_gdi,obs_AAAspread,obs_nominalrate1,obs_nominalrate2,obs_nominalrate3,obs_nominalrate4,obs_nominalrate5,obs_nominalrate6
0.4652674842400506,-46.431673604952394,0.4652674842400506,0.48314386303722734,0.49999999999998934,1.1790252372778198,0.4652674842400506,0.4652674842400506,0.4426496923029678,0.49999999999998934,1.1790252372778198,0.0,0.4652674842400506,0.1174310227768634,1.1790252372778198,1.1790252372778198,1.1790252372778198,1.1790252372778198,1.1790252372778198,1.1790252372778198
