obs_gdp,obs_hours,obs_wages,obs_gdpdeflator,obs_corepce,obs_nominalrate,obs_consumption,obs_investment,obs_BBBspread,obs_longinflation,obs_longrate,obs_tfp,obs_gdi,obs_AAAspread,obs_nominalrate1,obs_nominalrate2,obs_nominalrate3,obs_nominalrate4,obs_nominalrate5,obs_nominalrate6
0.36925343080627115,-50.048736221904,0.36925343080627115,0.48683939750308736,0.49999999999998934,1.0649539743930792,0.36925343080627115,0.36925343080627115,0.4442761864930026,0.49999999999998934,1.0649539743930792,0.0,0.36925343080627115,0.1174310227768634,1.0649539743930792,1.0649539743930792,1.0649539743930792,1.0649539743930792,1.0649539743930792,1.0649539743930792
