obs_gdp,obs_hours,obs_wages,obs_gdpdeflator,obs_corepce,obs_nominalrate,obs_consumption,obs_investment,obs_BBBspread,obs_longinflation,obs_longrate,obs_tfp,obs_gdi,obs_AAAspread,obs_nominalrate1,obs_nominalrate2,obs_nominalrate3,obs_nominalrate4,obs_nominalrate5,obs_nominalrate6
0.4796814031956753,-45.67198085226932,0.4796814031956753,0.4872689055887642,0.49999999999998934,1.1967022046055265,0.4796814031956753,0.4796814031956753,0.43677475348456857,0.49999999999998934,1.1967022046055265,0.0,0.4796814031956753,0.1174310227768634,1.1967022046055265,1.1967022046055265,1.1967022046055265,1.1967022046055265,1.1967022046055265,1.1967022046055265
