obs_gdp,obs_hours,obs_wages,obs_gdpdeflator,obs_corepce,obs_nominalrate,obs_consumption,obs_investment,obs_BBBspread,obs_longinflation,obs_longrate,obs_tfp,obs_gdi,obs_AAAspread,obs_nominalrate1,obs_nominalrate2,obs_nominalrate3,obs_nominalrate4,obs_nominalrate5,obs_nominalrate6
0.4857983593545834,-45.863046465465125,0.4857983593545834,0.49377019019184626,0.49999999999998934,1.233217432087308,0.4857983593545834,0.4857983593545834,0.4343082344038614,0.49999999999998934,1.233217432087308,0.0,0.4857983593545834,0.1174310227768634,1.233217432087308,1.233217432087308,1.233217432087308,1.233217432087308,1.233217432087308,1.233217432087308
