obs_gdp,obs_hours,obs_wages,obs_gdpdeflator,obs_corepce,obs_nominalrate,obs_consumption,obs_investment,obs_BBBspread,obs_longinflation,obs_longrate,obs_tfp,obs_gdi,obs_AAAspread,obs_nominalrate1,obs_nominalrate2,obs_nominalrate3,obs_nominalrate4,obs_nominalrate5,obs_nominalrate6
0.4794625788284934,-45.99243339597531,0.4794625788284934,0.49282886345494664,0.49999999999998934,1.2099917912445024,0.4794625788284934,0.4794625788284934,0.43963731349490653,0.49999999999998934,1.2099917912445024,0.0,0.4794625788284934,0.1174310227768634,1.2099917912445024,1.2099917912445024,1.2099917912445024,1.2099917912445024,1.2099917912445024,1.2099917912445024
