obs_gdp,obs_hours,obs_wages,obs_gdpdeflator,obs_corepce,obs_nominalrate,obs_consumption,obs_investment,obs_BBBspread,obs_longinflation,obs_longrate,obs_tfp,obs_gdi,obs_AAAspread,obs_nominalrate1,obs_nominalrate2,obs_nominalrate3,obs_nominalrate4,obs_nominalrate5,obs_nominalrate6
0.46221390221214964,-46.70415985085115,0.46221390221214964,0.4905118131056965,0.49999999999998934,1.183422735386852,0.46221390221214964,0.46221390221214964,0.44075144923817955,0.49999999999998934,1.183422735386852,0.0,0.46221390221214964,0.1174310227768634,1.183422735386852,1.183422735386852,1.183422735386852,1.183422735386852,1.183422735386852,1.183422735386852
