obs_gdp,obs_hours,obs_wages,obs_gdpdeflator,obs_corepce,obs_nominalrate,obs_consumption,obs_investment,obs_BBBspread,obs_longinflation,obs_longrate,obs_tfp,obs_gdi,obs_AAAspread,obs_nominalrate1,obs_nominalrate2,obs_nominalrate3,obs_nominalrate4,obs_nominalrate5,obs_nominalrate6
0.4119613106661646,-48.03691637466917,0.4119613106661646,0.4847797097329066,0.49999999999998934,1.1147526651430262,0.4119613106661646,0.4119613106661646,0.4359277482262126,0.49999999999998934,1.1147526651430262,0.0,0.4119613106661646,0.1174310227768634,1.1147526651430262,1.1147526651430262,1.1147526651430262,1.1147526651430262,1.1147526651430262,1.1147526651430262
