obs_gdp,obs_hours,obs_wages,obs_gdpdeflator,obs_corepce,obs_nominalrate,obs_consumption,obs_investment,obs_BBBspread,obs_longinflation,obs_longrate,obs_tfp,obs_gdi,obs_AAAspread,obs_nominalrate1,obs_nominalrate2,obs_nominalrate3,obs_nominalrate4,obs_nominalrate5,obs_nominalrate6
0.4431806369193714,-47.09949116308966,0.4431806369193714,0.48800707336988913,0.49999999999998934,1.1509325371895418,0.4431806369193714,0.4431806369193714,0.4375932161107987,0.49999999999998934,1.1509325371895418,0.0,0.4431806369193714,0.1174310227768634,1.1509325371895418,1.1509325371895418,1.1509325371895418,1.1509325371895418,1.1509325371895418,1.1509325371895418
