obs_gdp,obs_hours,obs_wages,obs_gdpdeflator,obs_corepce,obs_nominalrate,obs_consumption,obs_investment,obs_BBBspread,obs_longinflation,obs_longrate,obs_tfp,obs_gdi,obs_AAAspread,obs_nominalrate1,obs_nominalrate2,obs_nominalrate3,obs_nominalrate4,obs_nominalrate5,obs_nominalrate6
0.4375929326940309,-47.252487528274465,0.4375929326940309,0.4880902261308009,0.49999999999998934,1.1447431879246572,0.4375929326940309,0.4375929326940309,0.437550211266531,0.49999999999998934,1.1447431879246572,0.0,0.4375929326940309,0.1174310227768634,1.1447431879246572,1.1447431879246572,1.1447431879246572,1.1447431879246572,1.1447431879246572,1.1447431879246572
