obs_gdp,obs_hours,obs_wages,obs_gdpdeflator,obs_corepce,obs_nominalrate,obs_consumption,obs_investment,obs_BBBspread,obs_longinflation,obs_longrate,obs_tfp,obs_gdi,obs_AAAspread,obs_nominalrate1,obs_nominalrate2,obs_nominalrate3,obs_nominalrate4,obs_nominalrate5,obs_nominalrate6
0.41675176348161536,-47.88595602444284,0.41675176348161536,0.4891263518982287,0.49999999999998934,1.149735603389268,0.41675176348161536,0.41675176348161536,0.4346083897258069,0.49999999999998934,1.149735603389268,0.0,0.41675176348161536,0.1174310227768634,1.149735603389268,1.149735603389268,1.149735603389268,1.149735603389268,1.149735603389268,1.149735603389268
