obs_gdp,obs_hours,obs_wages,obs_gdpdeflator,obs_corepce,obs_nominalrate,obs_consumption,obs_investment,obs_BBBspread,obs_longinflation,obs_longrate,obs_tfp,obs_gdi,obs_AAAspread,obs_nominalrate1,obs_nominalrate2,obs_nominalrate3,obs_nominalrate4,obs_nominalrate5,obs_nominalrate6
0.4816758248671116,-45.56282131664065,0.4816758248671116,0.48792401648098965,0.49999999999998934,1.209342661087498,0.4816758248671116,0.4816758248671116,0.4342877517829207,0.49999999999998934,1.209342661087498,0.0,0.4816758248671116,0.1174310227768634,1.209342661087498,1.209342661087498,1.209342661087498,1.209342661087498,1.209342661087498,1.209342661087498
