obs_gdp,obs_hours,obs_wages,obs_gdpdeflator,obs_corepce,obs_nominalrate,obs_consumption,obs_investment,obs_BBBspread,obs_longinflation,obs_longrate,obs_tfp,obs_gdi,obs_AAAspread,obs_nominalrate1,obs_nominalrate2,obs_nominalrate3,obs_nominalrate4,obs_nominalrate5,obs_nominalrate6
0.46653446805386967,-46.53460745214391,0.46653446805386967,0.49361424650990204,0.49999999999998934,1.2049165879795876,0.46653446805386967,0.46653446805386967,0.4395821668168786,0.49999999999998934,1.2049165879795876,0.0,0.46653446805386967,0.1174310227768634,1.2049165879795876,1.2049165879795876,1.2049165879795876,1.2049165879795876,1.2049165879795876,1.2049165879795876
