obs_gdp,obs_hours,obs_wages,obs_gdpdeflator,obs_corepce,obs_nominalrate,obs_consumption,obs_investment,obs_BBBspread,obs_longinflation,obs_longrate,obs_tfp,obs_gdi,obs_AAAspread,obs_nominalrate1,obs_nominalrate2,obs_nominalrate3,obs_nominalrate4,obs_nominalrate5,obs_nominalrate6
0.48561790025405394,-45.90442250063561,0.48561790025405394,0.49122089695315446,0.49999999999998934,1.2198880475981388,0.48561790025405394,0.48561790025405394,0.4359816432551081,0.49999999999998934,1.2198880475981388,0.0,0.48561790025405394,0.1174310227768634,1.2198880475981388,1.2198880475981388,1.2198880475981388,1.2198880475981388,1.2198880475981388,1.2198880475981388
