obs_gdp,obs_hours,obs_wages,obs_gdpdeflator,obs_corepce,obs_nominalrate,obs_consumption,obs_investment,obs_BBBspread,obs_longinflation,obs_longrate,obs_tfp,obs_gdi,obs_AAAspread,obs_nominalrate1,obs_nominalrate2,obs_nominalrate3,obs_nominalrate4,obs_nominalrate5,obs_nominalrate6
0.422887838445396,-47.66412759884625,0.422887838445396,0.4890538189024862,0.49999999999998934,1.1562929163141389,0.422887838445396,0.422887838445396,0.43422522551927956,0.49999999999998934,1.1562929163141389,0.0,0.422887838445396,0.1174310227768634,1.1562929163141389,1.1562929163141389,1.1562929163141389,1.1562929163141389,1.1562929163141389,1.1562929163141389
