obs_gdp,obs_hours,obs_wages,obs_gdpdeflator,obs_corepce,obs_nominalrate,obs_consumption,obs_investment,obs_BBBspread,obs_longinflation,obs_longrate,obs_tfp,obs_gdi,obs_AAAspread,obs_nominalrate1,obs_nominalrate2,obs_nominalrate3,obs_nominalrate4,obs_nominalrate5,obs_nominalrate6
0.38886917705780455,-49.587626384490264,0.38886917705780455,0.49353672700169204,0.49999999999998934,1.1062117954711237,0.38886917705780455,0.38886917705780455,0.4357475797221637,0.49999999999998934,1.1062117954711237,0.0,0.38886917705780455,0.1174310227768634,1.1062117954711237,1.1062117954711237,1.1062117954711237,1.1062117954711237,1.1062117954711237,1.1062117954711237
