obs_gdp,obs_hours,obs_wages,obs_gdpdeflator,obs_corepce,obs_nominalrate,obs_consumption,obs_investment,obs_BBBspread,obs_longinflation,obs_longrate,obs_tfp,obs_gdi,obs_AAAspread,obs_nominalrate1,obs_nominalrate2,obs_nominalrate3,obs_nominalrate4,obs_nominalrate5,obs_nominalrate6
0.5420001744077307,-43.57045181824381,0.5420001744077307,0.4860334450707048,0.49999999999998934,1.3018782487871583,0.5420001744077307,0.5420001744077307,0.4428833880358619,0.49999999999998934,1.3018782487871583,0.0,0.5420001744077307,0.1174310227768634,1.3018782487871583,1.3018782487871583,1.3018782487871583,1.3018782487871583,1.3018782487871583,1.3018782487871583
