obs_gdp,obs_hours,obs_wages,obs_gdpdeflator,obs_corepce,obs_nominalrate,obs_consumption,obs_investment,obs_BBBspread,obs_longinflation,obs_longrate,obs_tfp,obs_gdi,obs_AAAspread,obs_nominalrate1,obs_nominalrate2,obs_nominalrate3,obs_nominalrate4,obs_nominalrate5,obs_nominalrate6
0.4316201404843678,-47.683665420860606,0.4316201404843678,0.48339807995868267,0.49999999999998934,1.1354802376896789,0.4316201404843678,0.4316201404843678,0.44477848239829226,0.49999999999998934,1.1354802376896789,0.0,0.4316201404843678,0.1174310227768634,1.1354802376896789,1.1354802376896789,1.1354802376896789,1.1354802376896789,1.1354802376896789,1.1354802376896789
