obs_gdp,obs_hours,obs_wages,obs_gdpdeflator,obs_corepce,obs_nominalrate,obs_consumption,obs_investment,obs_BBBspread,obs_longinflation,obs_longrate,obs_tfp,obs_gdi,obs_AAAspread,obs_nominalrate1,obs_nominalrate2,obs_nominalrate3,obs_nominalrate4,obs_nominalrate5,obs_nominalrate6
0.43797276613777303,-47.19491531908625,0.43797276613777303,0.48572550178458557,0.49999999999998934,1.1456119474818394,0.43797276613777303,0.43797276613777303,0.43393964599801377,0.49999999999998934,1.1456119474818394,0.0,0.43797276613777303,0.1174310227768634,1.1456119474818394,1.1456119474818394,1.1456119474818394,1.1456119474818394,1.1456119474818394,1.1456119474818394
