obs_gdp,obs_hours,obs_wages,obs_gdpdeflator,obs_corepce,obs_nominalrate,obs_consumption,obs_investment,obs_BBBspread,obs_longinflation,obs_longrate,obs_tfp,obs_gdi,obs_AAAspread,obs_nominalrate1,obs_nominalrate2,obs_nominalrate3,obs_nominalrate4,obs_nominalrate5,obs_nominalrate6
0.5258768515837398,-44.11493915434085,0.5258768515837398,0.48278869348458525,0.49999999999998934,1.2631463156399514,0.5258768515837398,0.5258768515837398,0.44502435363020265,0.49999999999998934,1.2631463156399514,0.0,0.5258768515837398,0.1174310227768634,1.2631463156399514,1.2631463156399514,1.2631463156399514,1.2631463156399514,1.2631463156399514,1.2631463156399514
