obs_gdp,obs_hours,obs_wages,obs_gdpdeflator,obs_corepce,obs_nominalrate,obs_consumption,obs_investment,obs_BBBspread,obs_longinflation,obs_longrate,obs_tfp,obs_gdi,obs_AAAspread,obs_nominalrate1,obs_nominalrate2,obs_nominalrate3,obs_nominalrate4,obs_nominalrate5,obs_nominalrate6
0.482281500378301,-45.82362045007917,0.482281500378301,0.4926640290260013,0.49999999999998934,1.208698224651017,0.482281500378301,0.482281500378301,0.44237036150901754,0.49999999999998934,1.208698224651017,0.0,0.482281500378301,0.1174310227768634,1.208698224651017,1.208698224651017,1.208698224651017,1.208698224651017,1.208698224651017,1.208698224651017
