obs_gdp,obs_hours,obs_wages,obs_gdpdeflator,obs_corepce,obs_nominalrate,obs_consumption,obs_investment,obs_BBBspread,obs_longinflation,obs_longrate,obs_tfp,obs_gdi,obs_AAAspread,obs_nominalrate1,obs_nominalrate2,obs_nominalrate3,obs_nominalrate4,obs_nominalrate5,obs_nominalrate6
0.488377125849615,-45.73804924823217,0.488377125849615,0.49322626259003033,0.49999999999998934,1.2304454431150136,0.488377125849615,0.488377125849615,0.43885830963153644,0.49999999999998934,1.2304454431150136,0.0,0.488377125849615,0.1174310227768634,1.2304454431150136,1.2304454431150136,1.2304454431150136,1.2304454431150136,1.2304454431150136,1.2304454431150136
