obs_gdp,obs_hours,obs_wages,obs_gdpdeflator,obs_corepce,obs_nominalrate,obs_consumption,obs_investment,obs_BBBspread,obs_longinflation,obs_longrate,obs_tfp,obs_gdi,obs_AAAspread,obs_nominalrate1,obs_nominalrate2,obs_nominalrate3,obs_nominalrate4,obs_nominalrate5,obs_nominalrate6
0.46784715307806035,-46.57378658576555,0.46784715307806035,0.49279496526053257,0.49999999999998934,1.193524771123955,0.46784715307806035,0.46784715307806035,0.4366694529032441,0.49999999999998934,1.193524771123955,0.0,0.46784715307806035,0.1174310227768634,1.193524771123955,1.193524771123955,1.193524771123955,1.193524771123955,1.193524771123955,1.193524771123955
