obs_gdp,obs_hours,obs_wages,obs_gdpdeflator,obs_corepce,obs_nominalrate,obs_consumption,obs_investment,obs_BBBspread,obs_longinflation,obs_longrate,obs_tfp,obs_gdi,obs_AAAspread,obs_nominalrate1,obs_nominalrate2,obs_nominalrate3,obs_nominalrate4,obs_nominalrate5,obs_nominalrate6
0.501528959519959,-45.148546759560105,0.501528959519959,0.48565879002190726,0.49999999999998934,1.2408592243869476,0.501528959519959,0.501528959519959,0.4408605887294555,0.49999999999998934,1.2408592243869476,0.0,0.501528959519959,0.1174310227768634,1.2408592243869476,1.2408592243869476,1.2408592243869476,1.2408592243869476,1.2408592243869476,1.2408592243869476
