obs_gdp,obs_hours,obs_wages,obs_gdpdeflator,obs_corepce,obs_nominalrate,obs_consumption,obs_investment,obs_BBBspread,obs_longinflation,obs_longrate,obs_tfp,obs_gdi,obs_AAAspread,obs_nominalrate1,obs_nominalrate2,obs_nominalrate3,obs_nominalrate4,obs_nominalrate5,obs_nominalrate6
0.5121777084353463,-44.458946815261335,0.5121777084353463,0.4879721625131501,0.49999999999998934,1.2725495410879084,0.5121777084353463,0.5121777084353463,0.4346832047513509,0.49999999999998934,1.2725495410879084,0.0,0.5121777084353463,0.1174310227768634,1.2725495410879084,1.2725495410879084,1.2725495410879084,1.2725495410879084,1.2725495410879084,1.2725495410879084
