obs_gdp,obs_hours,obs_wages,obs_gdpdeflator,obs_corepce,obs_nominalrate,obs_consumption,obs_investment,obs_BBBspread,obs_longinflation,obs_longrate,obs_tfp,obs_gdi,obs_AAAspread,obs_nominalrate1,obs_nominalrate2,obs_nominalrate3,obs_nominalrate4,obs_nominalrate5,obs_nominalrate6
0.4915556083718631,-45.48806196320922,0.4915556083718631,0.4864311252484831,0.49999999999998934,1.229594155769087,0.4915556083718631,0.4915556083718631,0.44114957379802494,0.49999999999998934,1.229594155769087,0.0,0.4915556083718631,0.1174310227768634,1.229594155769087,1.229594155769087,1.229594155769087,1.229594155769087,1.229594155769087,1.229594155769087
