obs_gdp,obs_hours,obs_wages,obs_gdpdeflator,obs_corepce,obs_nominalrate,obs_consumption,obs_investment,obs_BBBspread,obs_longinflation,obs_longrate,obs_tfp,obs_gdi,obs_AAAspread,obs_nominalrate1,obs_nominalrate2,obs_nominalrate3,obs_nominalrate4,obs_nominalrate5,obs_nominalrate6
0.433665392989635,-47.8503114021198,0.433665392989635,0.49438622279215116,0.49999999999998934,1.1545252519294058,0.433665392989635,0.433665392989635,0.43838863538613526,0.49999999999998934,1.1545252519294058,0.0,0.433665392989635,0.1174310227768634,1.1545252519294058,1.1545252519294058,1.1545252519294058,1.1545252519294058,1.1545252519294058,1.1545252519294058
