obs_gdp,obs_hours,obs_wages,obs_gdpdeflator,obs_corepce,obs_nominalrate,obs_consumption,obs_investment,obs_BBBspread,obs_longinflation,obs_longrate,obs_tfp,obs_gdi,obs_AAAspread,obs_nominalrate1,obs_nominalrate2,obs_nominalrate3,obs_nominalrate4,obs_nominalrate5,obs_nominalrate6
0.45901162598154244,-46.769586381069,0.45901162598154244,0.48494164026999376,0.49999999999998934,1.1775649635863195,0.45901162598154244,0.45901162598154244,0.43346271608223064,0.49999999999998934,1.1775649635863195,0.0,0.45901162598154244,0.1174310227768634,1.1775649635863195,1.1775649635863195,1.1775649635863195,1.1775649635863195,1.1775649635863195,1.1775649635863195
