obs_gdp,obs_hours,obs_wages,obs_gdpdeflator,obs_corepce,obs_nominalrate,obs_consumption,obs_investment,obs_BBBspread,obs_longinflation,obs_longrate,obs_tfp,obs_gdi,obs_AAAspread,obs_nominalrate1,obs_nominalrate2,obs_nominalrate3,obs_nominalrate4,obs_nominalrate5,obs_nominalrate6
0.5314941088506275,-44.008482260691835,0.5314941088506275,0.49265644311237944,0.49999999999998934,1.2827571690526174,0.5314941088506275,0.5314941088506275,0.4397987840410013,0.49999999999998934,1.2827571690526174,0.0,0.5314941088506275,0.1174310227768634,1.2827571690526174,1.2827571690526174,1.2827571690526174,1.2827571690526174,1.2827571690526174,1.2827571690526174
