obs_gdp,obs_hours,obs_wages,obs_gdpdeflator,obs_corepce,obs_nominalrate,obs_consumption,obs_investment,obs_BBBspread,obs_longinflation,obs_longrate,obs_tfp,obs_gdi,obs_AAAspread,obs_nominalrate1,obs_nominalrate2,obs_nominalrate3,obs_nominalrate4,obs_nominalrate5,obs_nominalrate6
0.46096041010439404,-46.330519255822004,0.46096041010439404,0.48514747755328774,0.49999999999998934,1.186400979055957,0.46096041010439404,0.46096041010439404,0.43145554491436705,0.49999999999998934,1.186400979055957,0.0,0.46096041010439404,0.1174310227768634,1.186400979055957,1.186400979055957,1.186400979055957,1.186400979055957,1.186400979055957,1.186400979055957
