obs_gdp,obs_hours,obs_wages,obs_gdpdeflator,obs_corepce,obs_nominalrate,obs_consumption,obs_investment,obs_BBBspread,obs_longinflation,obs_longrate,obs_tfp,obs_gdi,obs_AAAspread,obs_nominalrate1,obs_nominalrate2,obs_nominalrate3,obs_nominalrate4,obs_nominalrate5,obs_nominalrate6
0.4495839229656795,-46.7999670410387,0.4495839229656795,0.4851506658506297,0.49999999999998934,1.1552757805746827,0.4495839229656795,0.4495839229656795,0.4334815419303426,0.49999999999998934,1.1552757805746827,0.0,0.4495839229656795,0.1174310227768634,1.1552757805746827,1.1552757805746827,1.1552757805746827,1.1552757805746827,1.1552757805746827,1.1552757805746827
