obs_gdp,obs_hours,obs_wages,obs_gdpdeflator,obs_corepce,obs_nominalrate,obs_consumption,obs_investment,obs_BBBspread,obs_longinflation,obs_longrate,obs_tfp,obs_gdi,obs_AAAspread,obs_nominalrate1,obs_nominalrate2,obs_nominalrate3,obs_nominalrate4,obs_nominalrate5,obs_nominalrate6
0.4216785004386381,-47.7251874475429,0.4216785004386381,0.48455632155240164,0.49999999999998934,1.1201100565555233,0.4216785004386381,0.4216785004386381,0.4341770910228218,0.49999999999998934,1.1201100565555233,0.0,0.4216785004386381,0.1174310227768634,1.1201100565555233,1.1201100565555233,1.1201100565555233,1.1201100565555233,1.1201100565555233,1.1201100565555233
