obs_gdp,obs_hours,obs_wages,obs_gdpdeflator,obs_corepce,obs_nominalrate,obs_consumption,obs_investment,obs_BBBspread,obs_longinflation,obs_longrate,obs_tfp,obs_gdi,obs_AAAspread,obs_nominalrate1,obs_nominalrate2,obs_nominalrate3,obs_nominalrate4,obs_nominalrate5,obs_nominalrate6
0.4933127909200863,-45.6093490247418,0.4933127909200863,0.49162011100465736,0.49999999999998934,1.2311355822482772,0.4933127909200863,0.4933127909200863,0.4361940395760863,0.49999999999998934,1.2311355822482772,0.0,0.4933127909200863,0.1174310227768634,1.2311355822482772,1.2311355822482772,1.2311355822482772,1.2311355822482772,1.2311355822482772,1.2311355822482772
