obs_gdp,obs_hours,obs_wages,obs_gdpdeflator,obs_corepce,obs_nominalrate,obs_consumption,obs_investment,obs_BBBspread,obs_longinflation,obs_longrate,obs_tfp,obs_gdi,obs_AAAspread,obs_nominalrate1,obs_nominalrate2,obs_nominalrate3,obs_nominalrate4,obs_nominalrate5,obs_nominalrate6
0.3879537332894589,-49.335881082753446,0.3879537332894589,0.4873976644405697,0.49999999999998934,1.100542664157711,0.3879537332894589,0.3879537332894589,0.4390344990090039,0.49999999999998934,1.100542664157711,0.0,0.3879537332894589,0.1174310227768634,1.100542664157711,1.100542664157711,1.100542664157711,1.100542664157711,1.100542664157711,1.100542664157711
