obs_gdp,obs_hours,obs_wages,obs_gdpdeflator,obs_corepce,obs_nominalrate,obs_consumption,obs_investment,obs_BBBspread,obs_longinflation,obs_longrate,obs_tfp,obs_gdi,obs_AAAspread,obs_nominalrate1,obs_nominalrate2,obs_nominalrate3,obs_nominalrate4,obs_nominalrate5,obs_nominalrate6
0.41327071307746266,-48.329174222001306,0.41327071307746266,0.48561660604723017,0.49999999999998934,1.1109966102262891,0.41327071307746266,0.41327071307746266,0.4461560863757469,0.49999999999998934,1.1109966102262891,0.0,0.41327071307746266,0.1174310227768634,1.1109966102262891,1.1109966102262891,1.1109966102262891,1.1109966102262891,1.1109966102262891,1.1109966102262891
