obs_gdp,obs_hours,obs_wages,obs_gdpdeflator,obs_corepce,obs_nominalrate,obs_consumption,obs_investment,obs_BBBspread,obs_longinflation,obs_longrate,obs_tfp,obs_gdi,obs_AAAspread,obs_nominalrate1,obs_nominalrate2,obs_nominalrate3,obs_nominalrate4,obs_nominalrate5,obs_nominalrate6
0.5037937993206176,-44.89947021344614,0.5037937993206176,0.48262633197670607,0.49999999999998934,1.2249041066250355,0.5037937993206176,0.5037937993206176,0.4447166124783697,0.49999999999998934,1.2249041066250355,0.0,0.5037937993206176,0.1174310227768634,1.2249041066250355,1.2249041066250355,1.2249041066250355,1.2249041066250355,1.2249041066250355,1.2249041066250355
