obs_gdp,obs_hours,obs_wages,obs_gdpdeflator,obs_corepce,obs_nominalrate,obs_consumption,obs_investment,obs_BBBspread,obs_longinflation,obs_longrate,obs_tfp,obs_gdi,obs_AAAspread,obs_nominalrate1,obs_nominalrate2,obs_nominalrate3,obs_nominalrate4,obs_nominalrate5,obs_nominalrate6
0.43925559428641403,-47.56997245838874,0.43925559428641403,0.4866802313734578,0.49999999999998934,1.1593188789305708,0.43925559428641403,0.43925559428641403,0.4354679117052569,0.49999999999998934,1.1593188789305708,0.0,0.43925559428641403,0.1174310227768634,1.1593188789305708,1.1593188789305708,1.1593188789305708,1.1593188789305708,1.1593188789305708,1.1593188789305708
