obs_gdp,obs_hours,obs_wages,obs_gdpdeflator,obs_corepce,obs_nominalrate,obs_consumption,obs_investment,obs_BBBspread,obs_longinflation,obs_longrate,obs_tfp,obs_gdi,obs_AAAspread,obs_nominalrate1,obs_nominalrate2,obs_nominalrate3,obs_nominalrate4,obs_nominalrate5,obs_nominalrate6
0.42006273737762445,-47.95228799052209,0.42006273737762445,0.49607437667383814,0.49999999999998934,0.8896514850429416,0.42006273737762445,0.42006273737762445,0.47803896492644704,0.49999999999998934,0.8896514850429416,0.0,0.42006273737762445,0.1174310227768634,0.8896514850429416,0.8896514850429416,0.8896514850429416,0.8896514850429416,0.8896514850429416,0.8896514850429416
