obs_gdp,obs_hours,obs_wages,obs_gdpdeflator,obs_corepce,obs_nominalrate,obs_consumption,obs_investment,obs_BBBspread,obs_longinflation,obs_longrate,obs_tfp,obs_gdi,obs_AAAspread,obs_nominalrate1,obs_nominalrate2,obs_nominalrate3,obs_nominalrate4,obs_nominalrate5,obs_nominalrate6
0.42701008915901895,-46.7418098449707,0.42701008915901895,0.5548555813729656,0.49999999999998934,1.0405646480388775,0.42701008915901895,0.42701008915901895,0.43408282301185697,0.49999999999998934,1.0405646480388775,0.0,0.42701008915901895,0.1174310227768634,1.0405646480388775,1.0405646480388775,1.0405646480388775,1.0405646480388775,1.0405646480388775,1.0405646480388775
