obs_gdp,obs_hours,obs_wages,obs_gdpdeflator,obs_corepce,obs_nominalrate,obs_consumption,obs_investment,obs_BBBspread,obs_longinflation,obs_longrate,obs_tfp,obs_gdi,obs_AAAspread,obs_nominalrate1,obs_nominalrate2,obs_nominalrate3,obs_nominalrate4,obs_nominalrate5,obs_nominalrate6
0.4225064087033159,-47.78196282119024,0.4225064087033159,0.49628098563555384,0.49999999999998934,0.8932208589913948,0.4225064087033159,0.4225064087033159,0.4772017579179371,0.49999999999998934,0.8932208589913948,0.0,0.4225064087033159,0.1174310227768634,0.8932208589913948,0.8932208589913948,0.8932208589913948,0.8932208589913948,0.8932208589913948,0.8932208589913948
