obs_gdp,obs_hours,obs_wages,obs_gdpdeflator,obs_corepce,obs_nominalrate,obs_consumption,obs_investment,obs_BBBspread,obs_longinflation,obs_longrate,obs_tfp,obs_gdi,obs_AAAspread,obs_nominalrate1,obs_nominalrate2,obs_nominalrate3,obs_nominalrate4,obs_nominalrate5,obs_nominalrate6
0.43042054772377547,-46.76655578613281,0.43042054772377547,0.5534197092056168,0.49999999999998934,1.027681364112576,0.43042054772377547,0.43042054772377547,0.4322089658160054,0.49999999999998934,1.027681364112576,0.0,0.43042054772377547,0.1174310227768634,1.027681364112576,1.027681364112576,1.027681364112576,1.027681364112576,1.027681364112576,1.027681364112576
