obs_gdp,obs_hours,obs_wages,obs_gdpdeflator,obs_corepce,obs_nominalrate,obs_consumption,obs_investment,obs_BBBspread,obs_longinflation,obs_longrate,obs_tfp,obs_gdi,obs_AAAspread,obs_nominalrate1,obs_nominalrate2,obs_nominalrate3,obs_nominalrate4,obs_nominalrate5,obs_nominalrate6
0.4296947012569774,-47.302830900362565,0.4296947012569774,0.49637399864202325,0.49999999999998934,0.9018427666960038,0.4296947012569774,0.4296947012569774,0.4769946729691852,0.49999999999998934,0.9018427666960038,0.0,0.4296947012569774,0.1174310227768634,0.9018427666960038,0.9018427666960038,0.9018427666960038,0.9018427666960038,0.9018427666960038,0.9018427666960038
