obs_gdp,obs_hours,obs_wages,obs_gdpdeflator,obs_corepce,obs_nominalrate,obs_consumption,obs_investment,obs_BBBspread,obs_longinflation,obs_longrate,obs_tfp,obs_gdi,obs_AAAspread,obs_nominalrate1,obs_nominalrate2,obs_nominalrate3,obs_nominalrate4,obs_nominalrate5,obs_nominalrate6
0.4230278881956151,-47.7387802506507,0.4230278881956151,0.4963612662751209,0.49999999999998934,0.8941399691422269,0.4230278881956151,0.4230278881956151,0.47703813620119967,0.49999999999998934,0.8941399691422269,0.0,0.4230278881956151,0.1174310227768634,0.8941399691422269,0.8941399691422269,0.8941399691422269,0.8941399691422269,0.8941399691422269,0.8941399691422269
