obs_gdp,obs_hours,obs_wages,obs_gdpdeflator,obs_corepce,obs_nominalrate,obs_consumption,obs_investment,obs_BBBspread,obs_longinflation,obs_longrate,obs_tfp,obs_gdi,obs_AAAspread,obs_nominalrate1,obs_nominalrate2,obs_nominalrate3,obs_nominalrate4,obs_nominalrate5,obs_nominalrate6
0.45197290182112937,-46.44974136352539,0.45197290182112937,0.5487381555139912,0.49999999999998934,1.0391670364989336,0.45197290182112937,0.45197290182112937,0.43153943571722675,0.49999999999998934,1.0391670364989336,0.0,0.45197290182112937,0.1174310227768634,1.0391670364989336,1.0391670364989336,1.0391670364989336,1.0391670364989336,1.0391670364989336,1.0391670364989336
