obs_gdp,obs_hours,obs_wages,obs_gdpdeflator,obs_corepce,obs_nominalrate,obs_consumption,obs_investment,obs_BBBspread,obs_longinflation,obs_longrate,obs_tfp,obs_gdi,obs_AAAspread,obs_nominalrate1,obs_nominalrate2,obs_nominalrate3,obs_nominalrate4,obs_nominalrate5,obs_nominalrate6
0.461079299449918,-46.43667221069336,0.461079299449918,0.5475772731006039,0.49999999999998934,1.0700293768259872,0.461079299449918,0.461079299449918,0.42067254817909894,0.49999999999998934,1.0700293768259872,0.0,0.461079299449918,0.1174310227768634,1.0700293768259872,1.0700293768259872,1.0700293768259872,1.0700293768259872,1.0700293768259872,1.0700293768259872
