obs_gdp,obs_hours,obs_wages,obs_gdpdeflator,obs_corepce,obs_nominalrate,obs_consumption,obs_investment,obs_BBBspread,obs_longinflation,obs_longrate,obs_tfp,obs_gdi,obs_AAAspread,obs_nominalrate1,obs_nominalrate2,obs_nominalrate3,obs_nominalrate4,obs_nominalrate5,obs_nominalrate6
0.42564508494080666,-47.55344836445762,0.42564508494080666,0.496295799980836,0.49999999999998934,0.8957408763741403,0.42564508494080666,0.42564508494080666,0.47700486811300574,0.49999999999998934,0.8957408763741403,0.0,0.42564508494080666,0.1174310227768634,0.8957408763741403,0.8957408763741403,0.8957408763741403,0.8957408763741403,0.8957408763741403,0.8957408763741403
