obs_gdp,obs_hours,obs_wages,obs_gdpdeflator,obs_corepce,obs_nominalrate,obs_consumption,obs_investment,obs_BBBspread,obs_longinflation,obs_longrate,obs_tfp,obs_gdi,obs_AAAspread,obs_nominalrate1,obs_nominalrate2,obs_nominalrate3,obs_nominalrate4,obs_nominalrate5,obs_nominalrate6
0.4587048590183329,-46.574928283691406,0.4587048590183329,0.546381309628476,0.49999999999998934,1.038238839370309,0.4587048590183329,0.4587048590183329,0.42502633076400037,0.49999999999998934,1.038238839370309,0.0,0.4587048590183329,0.1174310227768634,1.038238839370309,1.038238839370309,1.038238839370309,1.038238839370309,1.038238839370309,1.038238839370309
