obs_gdp,obs_hours,obs_wages,obs_gdpdeflator,obs_corepce,obs_nominalrate,obs_consumption,obs_investment,obs_BBBspread,obs_longinflation,obs_longrate,obs_tfp,obs_gdi,obs_AAAspread,obs_nominalrate1,obs_nominalrate2,obs_nominalrate3,obs_nominalrate4,obs_nominalrate5,obs_nominalrate6
0.4286973376034675,-47.35205466265754,0.4286973376034675,0.495980237471347,0.49999999999998934,0.8995084243412776,0.4286973376034675,0.4286973376034675,0.4769317938564966,0.49999999999998934,0.8995084243412776,0.0,0.4286973376034675,0.1174310227768634,0.8995084243412776,0.8995084243412776,0.8995084243412776,0.8995084243412776,0.8995084243412776,0.8995084243412776
