obs_gdp,obs_hours,obs_wages,obs_gdpdeflator,obs_corepce,obs_nominalrate,obs_consumption,obs_investment,obs_BBBspread,obs_longinflation,obs_longrate,obs_tfp,obs_gdi,obs_AAAspread,obs_nominalrate1,obs_nominalrate2,obs_nominalrate3,obs_nominalrate4,obs_nominalrate5,obs_nominalrate6
0.4229329132368065,-47.82520857891817,0.4229329132368065,0.4958170807359402,0.49999999999998934,0.8950235567094067,0.4229329132368065,0.4229329132368065,0.4771533016256253,0.49999999999998934,0.8950235567094067,0.0,0.4229329132368065,0.1174310227768634,0.8950235567094067,0.8950235567094067,0.8950235567094067,0.8950235567094067,0.8950235567094067,0.8950235567094067
