obs_gdp,obs_hours,obs_wages,obs_gdpdeflator,obs_corepce,obs_nominalrate,obs_consumption,obs_investment,obs_BBBspread,obs_longinflation,obs_longrate,obs_tfp,obs_gdi,obs_AAAspread,obs_nominalrate1,obs_nominalrate2,obs_nominalrate3,obs_nominalrate4,obs_nominalrate5,obs_nominalrate6
0.44110527634619867,-46.88008117675781,0.44110527634619867,0.54442885890602,0.49999999999998934,1.0431786393285014,0.44110527634619867,0.44110527634619867,0.41499622159824323,0.49999999999998934,1.0431786393285014,0.0,0.44110527634619867,0.1174310227768634,1.0431786393285014,1.0431786393285014,1.0431786393285014,1.0431786393285014,1.0431786393285014,1.0431786393285014
