obs_gdp,obs_hours,obs_wages,obs_gdpdeflator,obs_corepce,obs_nominalrate,obs_consumption,obs_investment,obs_BBBspread,obs_longinflation,obs_longrate,obs_tfp,obs_gdi,obs_AAAspread,obs_nominalrate1,obs_nominalrate2,obs_nominalrate3,obs_nominalrate4,obs_nominalrate5,obs_nominalrate6
0.4498275543585173,-45.75134492320771,0.4498275543585173,0.49410963329578456,0.49999999999998934,0.9429216085719894,0.4498275543585173,0.4498275543585173,0.4664801710269036,0.49999999999998934,0.9429216085719894,0.0,0.4498275543585173,0.1174310227768634,0.9429216085719894,0.9429216085719894,0.9429216085719894,0.9429216085719894,0.9429216085719894,0.9429216085719894
