obs_gdp,obs_hours,obs_wages,obs_gdpdeflator,obs_corepce,obs_nominalrate,obs_consumption,obs_investment,obs_BBBspread,obs_longinflation,obs_longrate,obs_tfp,obs_gdi,obs_AAAspread,obs_nominalrate1,obs_nominalrate2,obs_nominalrate3,obs_nominalrate4,obs_nominalrate5,obs_nominalrate6
0.44968506693841004,-46.5461311340332,0.44968506693841004,0.5452704876661194,0.49999999999998934,1.0591467305667512,0.44968506693841004,0.44968506693841004,0.41183530050499645,0.49999999999998934,1.0591467305667512,0.0,0.44968506693841004,0.1174310227768634,1.0591467305667512,1.0591467305667512,1.0591467305667512,1.0591467305667512,1.0591467305667512,1.0591467305667512
