obs_gdp,obs_hours,obs_wages,obs_gdpdeflator,obs_corepce,obs_nominalrate,obs_consumption,obs_investment,obs_BBBspread,obs_longinflation,obs_longrate,obs_tfp,obs_gdi,obs_AAAspread,obs_nominalrate1,obs_nominalrate2,obs_nominalrate3,obs_nominalrate4,obs_nominalrate5,obs_nominalrate6
0.4203663623768561,-48.10921161291046,0.4203663623768561,0.49580009090121985,0.49999999999998934,0.8952769912097258,0.4203663623768561,0.4203663623768561,0.47583137912772877,0.49999999999998934,0.8952769912097258,0.0,0.4203663623768561,0.1174310227768634,0.8952769912097258,0.8952769912097258,0.8952769912097258,0.8952769912097258,0.8952769912097258,0.8952769912097258
