obs_gdp,obs_hours,obs_wages,obs_gdpdeflator,obs_corepce,obs_nominalrate,obs_consumption,obs_investment,obs_BBBspread,obs_longinflation,obs_longrate,obs_tfp,obs_gdi,obs_AAAspread,obs_nominalrate1,obs_nominalrate2,obs_nominalrate3,obs_nominalrate4,obs_nominalrate5,obs_nominalrate6
0.42212988520531347,-47.97219777275209,0.42212988520531347,0.49593498236165307,0.49999999999998934,0.8992111324906515,0.42212988520531347,0.42212988520531347,0.4752152593217716,0.49999999999998934,0.8992111324906515,0.0,0.42212988520531347,0.1174310227768634,0.8992111324906515,0.8992111324906515,0.8992111324906515,0.8992111324906515,0.8992111324906515,0.8992111324906515
