obs_gdp,obs_hours,obs_wages,obs_gdpdeflator,obs_corepce,obs_nominalrate,obs_consumption,obs_investment,obs_BBBspread,obs_longinflation,obs_longrate,obs_tfp,obs_gdi,obs_AAAspread,obs_nominalrate1,obs_nominalrate2,obs_nominalrate3,obs_nominalrate4,obs_nominalrate5,obs_nominalrate6
0.45099708437918995,-46.64572525024414,0.45099708437918995,0.5436858870088948,0.49999999999998934,1.0273496920522929,0.45099708437918995,0.45099708437918995,0.41408772378608383,0.49999999999998934,1.0273496920522929,0.0,0.45099708437918995,0.1174310227768634,1.0273496920522929,1.0273496920522929,1.0273496920522929,1.0273496920522929,1.0273496920522929,1.0273496920522929
