obs_gdp,obs_hours,obs_wages,obs_gdpdeflator,obs_corepce,obs_nominalrate,obs_consumption,obs_investment,obs_BBBspread,obs_longinflation,obs_longrate,obs_tfp,obs_gdi,obs_AAAspread,obs_nominalrate1,obs_nominalrate2,obs_nominalrate3,obs_nominalrate4,obs_nominalrate5,obs_nominalrate6
0.45739582180976956,-46.472049713134766,0.45739582180976956,0.5438687056302918,0.49999999999998934,1.0440498450714264,0.45739582180976956,0.45739582180976956,0.41432783958529235,0.49999999999998934,1.0440498450714264,0.0,0.45739582180976956,0.1174310227768634,1.0440498450714264,1.0440498450714264,1.0440498450714264,1.0440498450714264,1.0440498450714264,1.0440498450714264
