obs_gdp,obs_hours,obs_wages,obs_gdpdeflator,obs_corepce,obs_nominalrate,obs_consumption,obs_investment,obs_BBBspread,obs_longinflation,obs_longrate,obs_tfp,obs_gdi,obs_AAAspread,obs_nominalrate1,obs_nominalrate2,obs_nominalrate3,obs_nominalrate4,obs_nominalrate5,obs_nominalrate6
0.4292914867401132,-45.09608459472656,0.4292914867401132,0.49835576943586446,0.49999999999998934,0.9440139224821342,0.4292914867401132,0.4292914867401132,0.4943280590253635,0.49999999999998934,0.9440139224821342,0.0,0.4292914867401132,0.1174310227768634,0.9440139224821342,0.9440139224821342,0.9440139224821342,0.9440139224821342,0.9440139224821342,0.9440139224821342
