obs_gdp,obs_hours,obs_wages,obs_gdpdeflator,obs_corepce,obs_nominalrate,obs_consumption,obs_investment,obs_BBBspread,obs_longinflation,obs_longrate,obs_tfp,obs_gdi,obs_AAAspread,obs_nominalrate1,obs_nominalrate2,obs_nominalrate3,obs_nominalrate4,obs_nominalrate5,obs_nominalrate6
0.4178374490083181,-48.2608985415842,0.4178374490083181,0.49531154681890965,0.49999999999998934,0.8906363136541806,0.4178374490083181,0.4178374490083181,0.47709862727803976,0.49999999999998934,0.8906363136541806,0.0,0.4178374490083181,0.1174310227768634,0.8906363136541806,0.8906363136541806,0.8906363136541806,0.8906363136541806,0.8906363136541806,0.8906363136541806
