obs_gdp,obs_hours,obs_wages,obs_gdpdeflator,obs_corepce,obs_nominalrate,obs_consumption,obs_investment,obs_BBBspread,obs_longinflation,obs_longrate,obs_tfp,obs_gdi,obs_AAAspread,obs_nominalrate1,obs_nominalrate2,obs_nominalrate3,obs_nominalrate4,obs_nominalrate5,obs_nominalrate6
0.4407224059104875,-46.576053619384766,0.4407224059104875,0.5377369187772167,0.49999999999998934,1.0510122762954044,0.4407224059104875,0.4407224059104875,0.4110174221108518,0.49999999999998934,1.0510122762954044,0.0,0.4407224059104875,0.1174310227768634,1.0510122762954044,1.0510122762954044,1.0510122762954044,1.0510122762954044,1.0510122762954044,1.0510122762954044
