obs_gdp,obs_hours,obs_wages,obs_gdpdeflator,obs_corepce,obs_nominalrate,obs_consumption,obs_investment,obs_BBBspread,obs_longinflation,obs_longrate,obs_tfp,obs_gdi,obs_AAAspread,obs_nominalrate1,obs_nominalrate2,obs_nominalrate3,obs_nominalrate4,obs_nominalrate5,obs_nominalrate6
0.4214048010410476,-48.030030372889996,0.4214048010410476,0.4951846224533085,0.49999999999998934,0.8940083405910348,0.4214048010410476,0.4214048010410476,0.47772295339854004,0.49999999999998934,0.8940083405910348,0.0,0.4214048010410476,0.1174310227768634,0.8940083405910348,0.8940083405910348,0.8940083405910348,0.8940083405910348,0.8940083405910348,0.8940083405910348
