obs_gdp,obs_hours,obs_wages,obs_gdpdeflator,obs_corepce,obs_nominalrate,obs_consumption,obs_investment,obs_BBBspread,obs_longinflation,obs_longrate,obs_tfp,obs_gdi,obs_AAAspread,obs_nominalrate1,obs_nominalrate2,obs_nominalrate3,obs_nominalrate4,obs_nominalrate5,obs_nominalrate6
0.43350931933148207,-47.184474803437574,0.43350931933148207,0.4951930053458948,0.49999999999998934,0.9108236493686084,0.43350931933148207,0.43350931933148207,0.474919375192695,0.49999999999998934,0.9108236493686084,0.0,0.43350931933148207,0.1174310227768634,0.9108236493686084,0.9108236493686084,0.9108236493686084,0.9108236493686084,0.9108236493686084,0.9108236493686084
