obs_gdp,obs_hours,obs_wages,obs_gdpdeflator,obs_corepce,obs_nominalrate,obs_consumption,obs_investment,obs_BBBspread,obs_longinflation,obs_longrate,obs_tfp,obs_gdi,obs_AAAspread,obs_nominalrate1,obs_nominalrate2,obs_nominalrate3,obs_nominalrate4,obs_nominalrate5,obs_nominalrate6
0.45950785279273987,-46.72589111328125,0.45950785279273987,0.5126915918663038,0.49999999999998934,1.0721473570485474,0.45950785279273987,0.45950785279273987,0.41025782784328185,0.49999999999998934,1.0721473570485474,0.0,0.45950785279273987,0.1174310227768634,1.0721473570485474,1.0721473570485474,1.0721473570485474,1.0721473570485474,1.0721473570485474,1.0721473570485474
