obs_gdp,obs_hours,obs_wages,obs_gdpdeflator,obs_corepce,obs_nominalrate,obs_consumption,obs_investment,obs_BBBspread,obs_longinflation,obs_longrate,obs_tfp,obs_gdi,obs_AAAspread,obs_nominalrate1,obs_nominalrate2,obs_nominalrate3,obs_nominalrate4,obs_nominalrate5,obs_nominalrate6
0.43278127646044773,-47.20881929999291,0.43278127646044773,0.49491124348668036,0.49999999999998934,0.909854511504804,0.43278127646044773,0.43278127646044773,0.4750269348888461,0.49999999999998934,0.909854511504804,0.0,0.43278127646044773,0.1174310227768634,0.909854511504804,0.909854511504804,0.909854511504804,0.909854511504804,0.909854511504804,0.909854511504804
