obs_gdp,obs_hours,obs_wages,obs_gdpdeflator,obs_corepce,obs_nominalrate,obs_consumption,obs_investment,obs_BBBspread,obs_longinflation,obs_longrate,obs_tfp,obs_gdi,obs_AAAspread,obs_nominalrate1,obs_nominalrate2,obs_nominalrate3,obs_nominalrate4,obs_nominalrate5,obs_nominalrate6
0.4355490509799109,-47.038290116567545,0.4355490509799109,0.4949468807551262,0.49999999999998934,0.9129641768325536,0.4355490509799109,0.4355490509799109,0.475193156904241,0.49999999999998934,0.9129641768325536,0.0,0.4355490509799109,0.1174310227768634,0.9129641768325536,0.9129641768325536,0.9129641768325536,0.9129641768325536,0.9129641768325536,0.9129641768325536
