obs_gdp,obs_hours,obs_wages,obs_gdpdeflator,obs_corepce,obs_nominalrate,obs_consumption,obs_investment,obs_BBBspread,obs_longinflation,obs_longrate,obs_tfp,obs_gdi,obs_AAAspread,obs_nominalrate1,obs_nominalrate2,obs_nominalrate3,obs_nominalrate4,obs_nominalrate5,obs_nominalrate6
0.4498840868472964,-46.707427978515625,0.4498840868472964,0.5186725500970972,0.49999999999998934,1.0543059234175978,0.4498840868472964,0.4498840868472964,0.40420427276683984,0.49999999999998934,1.0543059234175978,0.0,0.4498840868472964,0.1174310227768634,1.0543059234175978,1.0543059234175978,1.0543059234175978,1.0543059234175978,1.0543059234175978,1.0543059234175978
