obs_gdp,obs_hours,obs_wages,obs_gdpdeflator,obs_corepce,obs_nominalrate,obs_consumption,obs_investment,obs_BBBspread,obs_longinflation,obs_longrate,obs_tfp,obs_gdi,obs_AAAspread,obs_nominalrate1,obs_nominalrate2,obs_nominalrate3,obs_nominalrate4,obs_nominalrate5,obs_nominalrate6
0.43860244750977273,-47.029476165771484,0.43860244750977273,0.5168864410370482,0.49999999999998934,1.0390442304442749,0.43860244750977273,0.43860244750977273,0.3991617218228645,0.49999999999998934,1.0390442304442749,0.0,0.43860244750977273,0.1174310227768634,1.0390442304442749,1.0390442304442749,1.0390442304442749,1.0390442304442749,1.0390442304442749,1.0390442304442749
