obs_gdp,obs_hours,obs_wages,obs_gdpdeflator,obs_corepce,obs_nominalrate,obs_consumption,obs_investment,obs_BBBspread,obs_longinflation,obs_longrate,obs_tfp,obs_gdi,obs_AAAspread,obs_nominalrate1,obs_nominalrate2,obs_nominalrate3,obs_nominalrate4,obs_nominalrate5,obs_nominalrate6
0.42927432772370544,-47.64753284637638,0.42927432772370544,0.49538908087979294,0.49999999999998934,0.9083368376863854,0.42927432772370544,0.42927432772370544,0.4748290002298844,0.49999999999998934,0.9083368376863854,0.0,0.42927432772370544,0.1174310227768634,0.9083368376863854,0.9083368376863854,0.9083368376863854,0.9083368376863854,0.9083368376863854,0.9083368376863854
