obs_gdp,obs_hours,obs_wages,obs_gdpdeflator,obs_corepce,obs_nominalrate,obs_consumption,obs_investment,obs_BBBspread,obs_longinflation,obs_longrate,obs_tfp,obs_gdi,obs_AAAspread,obs_nominalrate1,obs_nominalrate2,obs_nominalrate3,obs_nominalrate4,obs_nominalrate5,obs_nominalrate6
0.4223397374153226,-46.67149353027344,0.4223397374153226,0.5110113536938918,0.49999999999998934,1.0583006427226316,0.4223397374153226,0.4223397374153226,0.398929171644991,0.49999999999998934,1.0583006427226316,0.0,0.4223397374153226,0.1174310227768634,1.0583006427226316,1.0583006427226316,1.0583006427226316,1.0583006427226316,1.0583006427226316,1.0583006427226316
