obs_gdp,obs_hours,obs_wages,obs_gdpdeflator,obs_corepce,obs_nominalrate,obs_consumption,obs_investment,obs_BBBspread,obs_longinflation,obs_longrate,obs_tfp,obs_gdi,obs_AAAspread,obs_nominalrate1,obs_nominalrate2,obs_nominalrate3,obs_nominalrate4,obs_nominalrate5,obs_nominalrate6
0.42546355724335516,-46.82988739013672,0.42546355724335516,0.5106850787997139,0.49999999999998934,1.0679704929053901,0.42546355724335516,0.42546355724335516,0.39293441544114033,0.49999999999998934,1.0679704929053901,0.0,0.42546355724335516,0.1174310227768634,1.0679704929053901,1.0679704929053901,1.0679704929053901,1.0679704929053901,1.0679704929053901,1.0679704929053901
