obs_gdp,obs_hours,obs_wages,obs_gdpdeflator,obs_corepce,obs_nominalrate,obs_consumption,obs_investment,obs_BBBspread,obs_longinflation,obs_longrate,obs_tfp,obs_gdi,obs_AAAspread,obs_nominalrate1,obs_nominalrate2,obs_nominalrate3,obs_nominalrate4,obs_nominalrate5,obs_nominalrate6
0.4204316279729614,-48.27355867437365,0.4204316279729614,0.4952004023135963,0.49999999999998934,0.8970977960792936,0.4204316279729614,0.4204316279729614,0.47509995243696246,0.49999999999998934,0.8970977960792936,0.0,0.4204316279729614,0.1174310227768634,0.8970977960792936,0.8970977960792936,0.8970977960792936,0.8970977960792936,0.8970977960792936,0.8970977960792936
