obs_gdp,obs_hours,obs_wages,obs_gdpdeflator,obs_corepce,obs_nominalrate,obs_consumption,obs_investment,obs_BBBspread,obs_longinflation,obs_longrate,obs_tfp,obs_gdi,obs_AAAspread,obs_nominalrate1,obs_nominalrate2,obs_nominalrate3,obs_nominalrate4,obs_nominalrate5,obs_nominalrate6
0.42983668948626264,-47.69648205223374,0.42983668948626264,0.49492198667945697,0.49999999999998934,0.9102252148592171,0.42983668948626264,0.42983668948626264,0.47475335003284247,0.49999999999998934,0.9102252148592171,0.0,0.42983668948626264,0.1174310227768634,0.9102252148592171,0.9102252148592171,0.9102252148592171,0.9102252148592171,0.9102252148592171,0.9102252148592171
