obs_gdp,obs_hours,obs_wages,obs_gdpdeflator,obs_corepce,obs_nominalrate,obs_consumption,obs_investment,obs_BBBspread,obs_longinflation,obs_longrate,obs_tfp,obs_gdi,obs_AAAspread,obs_nominalrate1,obs_nominalrate2,obs_nominalrate3,obs_nominalrate4,obs_nominalrate5,obs_nominalrate6
0.41767749190331216,-47.072269439697266,0.41767749190331216,0.5171429105102909,0.49999999999998934,1.0570675919630235,0.41767749190331216,0.41767749190331216,0.405320116614478,0.49999999999998934,1.0570675919630235,0.0,0.41767749190331216,0.1174310227768634,1.0570675919630235,1.0570675919630235,1.0570675919630235,1.0570675919630235,1.0570675919630235,1.0570675919630235
