obs_gdp,obs_hours,obs_wages,obs_gdpdeflator,obs_corepce,obs_nominalrate,obs_consumption,obs_investment,obs_BBBspread,obs_longinflation,obs_longrate,obs_tfp,obs_gdi,obs_AAAspread,obs_nominalrate1,obs_nominalrate2,obs_nominalrate3,obs_nominalrate4,obs_nominalrate5,obs_nominalrate6
0.4300048669967138,-47.670567593738504,0.4300048669967138,0.4950179906250751,0.49999999999998934,0.910350246786984,0.4300048669967138,0.4300048669967138,0.47513928738914585,0.49999999999998934,0.910350246786984,0.0,0.4300048669967138,0.1174310227768634,0.910350246786984,0.910350246786984,0.910350246786984,0.910350246786984,0.910350246786984,0.910350246786984
