obs_gdp,obs_hours,obs_wages,obs_gdpdeflator,obs_corepce,obs_nominalrate,obs_consumption,obs_investment,obs_BBBspread,obs_longinflation,obs_longrate,obs_tfp,obs_gdi,obs_AAAspread,obs_nominalrate1,obs_nominalrate2,obs_nominalrate3,obs_nominalrate4,obs_nominalrate5,obs_nominalrate6
0.45587196951528686,-45.3052432432371,0.45587196951528686,0.49442572489714726,0.49999999999998934,0.9527395439151043,0.45587196951528686,0.45587196951528686,0.46724356138950024,0.49999999999998934,0.9527395439151043,0.0,0.45587196951528686,0.1174310227768634,0.9527395439151043,0.9527395439151043,0.9527395439151043,0.9527395439151043,0.9527395439151043,0.9527395439151043
