obs_gdp,obs_hours,obs_wages,obs_gdpdeflator,obs_corepce,obs_nominalrate,obs_consumption,obs_investment,obs_BBBspread,obs_longinflation,obs_longrate,obs_tfp,obs_gdi,obs_AAAspread,obs_nominalrate1,obs_nominalrate2,obs_nominalrate3,obs_nominalrate4,obs_nominalrate5,obs_nominalrate6
0.41662091016769764,-45.21177673339844,0.41662091016769764,0.5078844260424269,0.49999999999998934,0.9073600614752042,0.41662091016769764,0.41662091016769764,0.5047697529647949,0.49999999999998934,0.9073600614752042,0.0,0.41662091016769764,0.1174310227768634,0.9073600614752042,0.9073600614752042,0.9073600614752042,0.9073600614752042,0.9073600614752042,0.9073600614752042
