obs_gdp,obs_hours,obs_wages,obs_gdpdeflator,obs_corepce,obs_nominalrate,obs_consumption,obs_investment,obs_BBBspread,obs_longinflation,obs_longrate,obs_tfp,obs_gdi,obs_AAAspread,obs_nominalrate1,obs_nominalrate2,obs_nominalrate3,obs_nominalrate4,obs_nominalrate5,obs_nominalrate6
0.4271820198656906,-47.87025840236642,0.4271820198656906,0.49541055261814426,0.49999999999998934,0.9065170373914633,0.4271820198656906,0.4271820198656906,0.47603532870650067,0.49999999999998934,0.9065170373914633,0.0,0.4271820198656906,0.1174310227768634,0.9065170373914633,0.9065170373914633,0.9065170373914633,0.9065170373914633,0.9065170373914633,0.9065170373914633
