obs_gdp,obs_hours,obs_wages,obs_gdpdeflator,obs_corepce,obs_nominalrate,obs_consumption,obs_investment,obs_BBBspread,obs_longinflation,obs_longrate,obs_tfp,obs_gdi,obs_AAAspread,obs_nominalrate1,obs_nominalrate2,obs_nominalrate3,obs_nominalrate4,obs_nominalrate5,obs_nominalrate6
0.41689085960388006,-47.39792251586914,0.41689085960388006,0.5105049749836219,0.49999999999998934,1.0475375721352265,0.41689085960388006,0.41689085960388006,0.399512271395047,0.49999999999998934,1.0475375721352265,0.0,0.41689085960388006,0.1174310227768634,1.0475375721352265,1.0475375721352265,1.0475375721352265,1.0475375721352265,1.0475375721352265,1.0475375721352265
