obs_gdp,obs_hours,obs_wages,obs_gdpdeflator,obs_corepce,obs_nominalrate,obs_consumption,obs_investment,obs_BBBspread,obs_longinflation,obs_longrate,obs_tfp,obs_gdi,obs_AAAspread,obs_nominalrate1,obs_nominalrate2,obs_nominalrate3,obs_nominalrate4,obs_nominalrate5,obs_nominalrate6
0.4164347946643776,-47.50111770629883,0.4164347946643776,0.5199208687990797,0.49999999999998934,1.0364654966659392,0.4164347946643776,0.4164347946643776,0.39768599160676316,0.49999999999998934,1.0364654966659392,0.0,0.4164347946643776,0.1174310227768634,1.0364654966659392,1.0364654966659392,1.0364654966659392,1.0364654966659392,1.0364654966659392,1.0364654966659392
