obs_gdp,obs_hours,obs_wages,obs_gdpdeflator,obs_corepce,obs_nominalrate,obs_consumption,obs_investment,obs_BBBspread,obs_longinflation,obs_longrate,obs_tfp,obs_gdi,obs_AAAspread,obs_nominalrate1,obs_nominalrate2,obs_nominalrate3,obs_nominalrate4,obs_nominalrate5,obs_nominalrate6
0.43494379973778585,-47.39344947298483,0.43494379973778585,0.4955249576182786,0.49999999999998934,0.9152012765999418,0.43494379973778585,0.43494379973778585,0.47661298312236516,0.49999999999998934,0.9152012765999418,0.0,0.43494379973778585,0.1174310227768634,0.9152012765999418,0.9152012765999418,0.9152012765999418,0.9152012765999418,0.9152012765999418,0.9152012765999418
