obs_gdp,obs_hours,obs_wages,obs_gdpdeflator,obs_corepce,obs_nominalrate,obs_consumption,obs_investment,obs_BBBspread,obs_longinflation,obs_longrate,obs_tfp,obs_gdi,obs_AAAspread,obs_nominalrate1,obs_nominalrate2,obs_nominalrate3,obs_nominalrate4,obs_nominalrate5,obs_nominalrate6
0.42135879397391385,-47.47761154174805,0.42135879397391385,0.521759141236533,0.49999999999998934,1.0459815157599417,0.42135879397391385,0.42135879397391385,0.40087198200546637,0.49999999999998934,1.0459815157599417,0.0,0.42135879397391385,0.1174310227768634,1.0459815157599417,1.0459815157599417,1.0459815157599417,1.0459815157599417,1.0459815157599417,1.0459815157599417
