obs_gdp,obs_hours,obs_wages,obs_gdpdeflator,obs_corepce,obs_nominalrate,obs_consumption,obs_investment,obs_BBBspread,obs_longinflation,obs_longrate,obs_tfp,obs_gdi,obs_AAAspread,obs_nominalrate1,obs_nominalrate2,obs_nominalrate3,obs_nominalrate4,obs_nominalrate5,obs_nominalrate6
0.4342275868370882,-47.452141863992146,0.4342275868370882,0.4954453964241238,0.49999999999998934,0.9143599388365287,0.4342275868370882,0.4342275868370882,0.4759227242702126,0.49999999999998934,0.9143599388365287,0.0,0.4342275868370882,0.1174310227768634,0.9143599388365287,0.9143599388365287,0.9143599388365287,0.9143599388365287,0.9143599388365287,0.9143599388365287
