obs_gdp,obs_hours,obs_wages,obs_gdpdeflator,obs_corepce,obs_nominalrate,obs_consumption,obs_investment,obs_BBBspread,obs_longinflation,obs_longrate,obs_tfp,obs_gdi,obs_AAAspread,obs_nominalrate1,obs_nominalrate2,obs_nominalrate3,obs_nominalrate4,obs_nominalrate5,obs_nominalrate6
0.4292830536345882,-47.69771190491433,0.4292830536345882,0.4946450206340538,0.49999999999998934,0.9073477285632459,0.4292830536345882,0.4292830536345882,0.4769141844481198,0.49999999999998934,0.9073477285632459,0.0,0.4292830536345882,0.1174310227768634,0.9073477285632459,0.9073477285632459,0.9073477285632459,0.9073477285632459,0.9073477285632459,0.9073477285632459
