obs_gdp,obs_hours,obs_wages,obs_gdpdeflator,obs_corepce,obs_nominalrate,obs_consumption,obs_investment,obs_BBBspread,obs_longinflation,obs_longrate,obs_tfp,obs_gdi,obs_AAAspread,obs_nominalrate1,obs_nominalrate2,obs_nominalrate3,obs_nominalrate4,obs_nominalrate5,obs_nominalrate6
0.4270284369460864,-47.89126079379088,0.4270284369460864,0.4948360052173638,0.49999999999998934,0.9021683136555048,0.4270284369460864,0.4270284369460864,0.47758339440873465,0.49999999999998934,0.9021683136555048,0.0,0.4270284369460864,0.1174310227768634,0.9021683136555048,0.9021683136555048,0.9021683136555048,0.9021683136555048,0.9021683136555048,0.9021683136555048
