obs_gdp,obs_hours,obs_wages,obs_gdpdeflator,obs_corepce,obs_nominalrate,obs_consumption,obs_investment,obs_BBBspread,obs_longinflation,obs_longrate,obs_tfp,obs_gdi,obs_AAAspread,obs_nominalrate1,obs_nominalrate2,obs_nominalrate3,obs_nominalrate4,obs_nominalrate5,obs_nominalrate6
0.4285753667354619,-47.12892150878906,0.4285753667354619,0.5102527486160291,0.49999999999998934,1.0493091770553908,0.4285753667354619,0.4285753667354619,0.4013365713761762,0.49999999999998934,1.0493091770553908,0.0,0.4285753667354619,0.1174310227768634,1.0493091770553908,1.0493091770553908,1.0493091770553908,1.0493091770553908,1.0493091770553908,1.0493091770553908
