obs_gdp,obs_hours,obs_wages,obs_gdpdeflator,obs_corepce,obs_nominalrate,obs_consumption,obs_investment,obs_BBBspread,obs_longinflation,obs_longrate,obs_tfp,obs_gdi,obs_AAAspread,obs_nominalrate1,obs_nominalrate2,obs_nominalrate3,obs_nominalrate4,obs_nominalrate5,obs_nominalrate6
0.43898217921483074,-47.03580115758279,0.43898217921483074,0.494926629033206,0.49999999999998934,0.9156707293203725,0.43898217921483074,0.43898217921483074,0.47740981587406717,0.49999999999998934,0.9156707293203725,0.0,0.43898217921483074,0.1174310227768634,0.9156707293203725,0.9156707293203725,0.9156707293203725,0.9156707293203725,0.9156707293203725,0.9156707293203725
