obs_gdp,obs_hours,obs_wages,obs_gdpdeflator,obs_corepce,obs_nominalrate,obs_consumption,obs_investment,obs_BBBspread,obs_longinflation,obs_longrate,obs_tfp,obs_gdi,obs_AAAspread,obs_nominalrate1,obs_nominalrate2,obs_nominalrate3,obs_nominalrate4,obs_nominalrate5,obs_nominalrate6
0.41390669345855446,-45.44330978393555,0.41390669345855446,0.5069976211525393,0.49999999999998934,0.8970862860213424,0.41390669345855446,0.41390669345855446,0.5095000345990109,0.49999999999998934,0.8970862860213424,0.0,0.41390669345855446,0.1174310227768634,0.8970862860213424,0.8970862860213424,0.8970862860213424,0.8970862860213424,0.8970862860213424,0.8970862860213424
