obs_gdp,obs_hours,obs_wages,obs_gdpdeflator,obs_corepce,obs_nominalrate,obs_consumption,obs_investment,obs_BBBspread,obs_longinflation,obs_longrate,obs_tfp,obs_gdi,obs_AAAspread,obs_nominalrate1,obs_nominalrate2,obs_nominalrate3,obs_nominalrate4,obs_nominalrate5,obs_nominalrate6
0.4519997732211678,-45.543378001492506,0.4519997732211678,0.49429829032295913,0.49999999999998934,0.9497420439638748,0.4519997732211678,0.4519997732211678,0.467968112009612,0.49999999999998934,0.9497420439638748,0.0,0.4519997732211678,0.1174310227768634,0.9497420439638748,0.9497420439638748,0.9497420439638748,0.9497420439638748,0.9497420439638748,0.9497420439638748
