obs_gdp,obs_hours,obs_wages,obs_gdpdeflator,obs_corepce,obs_nominalrate,obs_consumption,obs_investment,obs_BBBspread,obs_longinflation,obs_longrate,obs_tfp,obs_gdi,obs_AAAspread,obs_nominalrate1,obs_nominalrate2,obs_nominalrate3,obs_nominalrate4,obs_nominalrate5,obs_nominalrate6
0.42227154970169156,-47.06305694580078,0.42227154970169156,0.5190832559019221,0.49999999999998934,1.056529533909334,0.42227154970169156,0.42227154970169156,0.39392537681033407,0.49999999999998934,1.056529533909334,0.0,0.42227154970169156,0.1174310227768634,1.056529533909334,1.056529533909334,1.056529533909334,1.056529533909334,1.056529533909334,1.056529533909334
