obs_gdp,obs_hours,obs_wages,obs_gdpdeflator,obs_corepce,obs_nominalrate,obs_consumption,obs_investment,obs_BBBspread,obs_longinflation,obs_longrate,obs_tfp,obs_gdi,obs_AAAspread,obs_nominalrate1,obs_nominalrate2,obs_nominalrate3,obs_nominalrate4,obs_nominalrate5,obs_nominalrate6
0.44805364332778375,-46.434704787712704,0.44805364332778375,0.49525851357650763,0.49999999999998934,0.9259973787754783,0.44805364332778375,0.44805364332778375,0.47632600994964214,0.49999999999998934,0.9259973787754783,0.0,0.44805364332778375,0.1174310227768634,0.9259973787754783,0.9259973787754783,0.9259973787754783,0.9259973787754783,0.9259973787754783,0.9259973787754783
