obs_gdp,obs_hours,obs_wages,obs_gdpdeflator,obs_corepce,obs_nominalrate,obs_consumption,obs_investment,obs_BBBspread,obs_longinflation,obs_longrate,obs_tfp,obs_gdi,obs_AAAspread,obs_nominalrate1,obs_nominalrate2,obs_nominalrate3,obs_nominalrate4,obs_nominalrate5,obs_nominalrate6
0.4458072179820638,-46.58672936013945,0.4458072179820638,0.4951870139475711,0.49999999999998934,0.9245241168496898,0.4458072179820638,0.4458072179820638,0.4756104082416857,0.49999999999998934,0.9245241168496898,0.0,0.4458072179820638,0.1174310227768634,0.9245241168496898,0.9245241168496898,0.9245241168496898,0.9245241168496898,0.9245241168496898,0.9245241168496898
