obs_gdp,obs_hours,obs_wages,obs_gdpdeflator,obs_corepce,obs_nominalrate,obs_consumption,obs_investment,obs_BBBspread,obs_longinflation,obs_longrate,obs_tfp,obs_gdi,obs_AAAspread,obs_nominalrate1,obs_nominalrate2,obs_nominalrate3,obs_nominalrate4,obs_nominalrate5,obs_nominalrate6
0.4221781194210017,-47.21714782714844,0.4221781194210017,0.5183991957455767,0.49999999999998934,1.0313062956297303,0.4221781194210017,0.4221781194210017,0.3993385335551952,0.49999999999998934,1.0313062956297303,0.0,0.4221781194210017,0.1174310227768634,1.0313062956297303,1.0313062956297303,1.0313062956297303,1.0313062956297303,1.0313062956297303,1.0313062956297303
