obs_gdp,obs_hours,obs_wages,obs_gdpdeflator,obs_corepce,obs_nominalrate,obs_consumption,obs_investment,obs_BBBspread,obs_longinflation,obs_longrate,obs_tfp,obs_gdi,obs_AAAspread,obs_nominalrate1,obs_nominalrate2,obs_nominalrate3,obs_nominalrate4,obs_nominalrate5,obs_nominalrate6
0.42168384790419733,-47.33564758300781,0.42168384790419733,0.5298248473554743,0.49999999999998934,1.0142645696074926,0.42168384790419733,0.42168384790419733,0.41057177993132693,0.49999999999998934,1.0142645696074926,0.0,0.42168384790419733,0.1174310227768634,1.0142645696074926,1.0142645696074926,1.0142645696074926,1.0142645696074926,1.0142645696074926,1.0142645696074926
