obs_gdp,obs_hours,obs_wages,obs_gdpdeflator,obs_corepce,obs_nominalrate,obs_consumption,obs_investment,obs_BBBspread,obs_longinflation,obs_longrate,obs_tfp,obs_gdi,obs_AAAspread,obs_nominalrate1,obs_nominalrate2,obs_nominalrate3,obs_nominalrate4,obs_nominalrate5,obs_nominalrate6
0.44297635584205075,-46.811695584432705,0.44297635584205075,0.49541757856624125,0.49999999999998934,0.9199643799332025,0.44297635584205075,0.44297635584205075,0.47732616078849766,0.49999999999998934,0.9199643799332025,0.0,0.44297635584205075,0.1174310227768634,0.9199643799332025,0.9199643799332025,0.9199643799332025,0.9199643799332025,0.9199643799332025,0.9199643799332025
