obs_gdp,obs_hours,obs_wages,obs_gdpdeflator,obs_corepce,obs_nominalrate,obs_consumption,obs_investment,obs_BBBspread,obs_longinflation,obs_longrate,obs_tfp,obs_gdi,obs_AAAspread,obs_nominalrate1,obs_nominalrate2,obs_nominalrate3,obs_nominalrate4,obs_nominalrate5,obs_nominalrate6
0.43106535077095387,-47.16358184814453,0.43106535077095387,0.5313050076365364,0.49999999999998934,1.0140883443988669,0.43106535077095387,0.43106535077095387,0.4113999643178312,0.49999999999998934,1.0140883443988669,0.0,0.43106535077095387,0.1174310227768634,1.0140883443988669,1.0140883443988669,1.0140883443988669,1.0140883443988669,1.0140883443988669,1.0140883443988669
