obs_gdp,obs_hours,obs_wages,obs_gdpdeflator,obs_corepce,obs_nominalrate,obs_consumption,obs_investment,obs_BBBspread,obs_longinflation,obs_longrate,obs_tfp,obs_gdi,obs_AAAspread,obs_nominalrate1,obs_nominalrate2,obs_nominalrate3,obs_nominalrate4,obs_nominalrate5,obs_nominalrate6
0.44389527418529084,-46.778017171966006,0.44389527418529084,0.49535061634725014,0.49999999999998934,0.922388300915955,0.44389527418529084,0.44389527418529084,0.4771598228458094,0.49999999999998934,0.922388300915955,0.0,0.44389527418529084,0.1174310227768634,0.922388300915955,0.922388300915955,0.922388300915955,0.922388300915955,0.922388300915955,0.922388300915955
