obs_gdp,obs_hours,obs_wages,obs_gdpdeflator,obs_corepce,obs_nominalrate,obs_consumption,obs_investment,obs_BBBspread,obs_longinflation,obs_longrate,obs_tfp,obs_gdi,obs_AAAspread,obs_nominalrate1,obs_nominalrate2,obs_nominalrate3,obs_nominalrate4,obs_nominalrate5,obs_nominalrate6
0.43336209654807334,-47.50056076049805,0.43336209654807334,0.5304254498332632,0.49999999999998934,0.9944126288920607,0.43336209654807334,0.43336209654807334,0.4103228275598181,0.49999999999998934,0.9944126288920607,0.0,0.43336209654807334,0.1174310227768634,0.9944126288920607,0.9944126288920607,0.9944126288920607,0.9944126288920607,0.9944126288920607,0.9944126288920607
