obs_gdp,obs_hours,obs_wages,obs_gdpdeflator,obs_corepce,obs_nominalrate,obs_consumption,obs_investment,obs_BBBspread,obs_longinflation,obs_longrate,obs_tfp,obs_gdi,obs_AAAspread,obs_nominalrate1,obs_nominalrate2,obs_nominalrate3,obs_nominalrate4,obs_nominalrate5,obs_nominalrate6
0.4455499395967788,-46.586421118703676,0.4455499395967788,0.49549877968206385,0.49999999999998934,0.9220277275530986,0.4455499395967788,0.4455499395967788,0.4769166571985521,0.49999999999998934,0.9220277275530986,0.0,0.4455499395967788,0.1174310227768634,0.9220277275530986,0.9220277275530986,0.9220277275530986,0.9220277275530986,0.9220277275530986,0.9220277275530986
