obs_gdp,obs_hours,obs_wages,obs_gdpdeflator,obs_corepce,obs_nominalrate,obs_consumption,obs_investment,obs_BBBspread,obs_longinflation,obs_longrate,obs_tfp,obs_gdi,obs_AAAspread,obs_nominalrate1,obs_nominalrate2,obs_nominalrate3,obs_nominalrate4,obs_nominalrate5,obs_nominalrate6
0.4269225597381521,-47.549705505371094,0.4269225597381521,0.5277005862444533,0.49999999999998934,0.9985772004736049,0.4269225597381521,0.4269225597381521,0.4079073588048586,0.49999999999998934,0.9985772004736049,0.0,0.4269225597381521,0.1174310227768634,0.9985772004736049,0.9985772004736049,0.9985772004736049,0.9985772004736049,0.9985772004736049,0.9985772004736049
