obs_gdp,obs_hours,obs_wages,obs_gdpdeflator,obs_corepce,obs_nominalrate,obs_consumption,obs_investment,obs_BBBspread,obs_longinflation,obs_longrate,obs_tfp,obs_gdi,obs_AAAspread,obs_nominalrate1,obs_nominalrate2,obs_nominalrate3,obs_nominalrate4,obs_nominalrate5,obs_nominalrate6
0.4406626616255016,-46.95308548381464,0.4406626616255016,0.49564065725092826,0.49999999999998934,0.9160398984031204,0.4406626616255016,0.4406626616255016,0.4765838774270909,0.49999999999998934,0.9160398984031204,0.0,0.4406626616255016,0.1174310227768634,0.9160398984031204,0.9160398984031204,0.9160398984031204,0.9160398984031204,0.9160398984031204,0.9160398984031204
