obs_gdp,obs_hours,obs_wages,obs_gdpdeflator,obs_corepce,obs_nominalrate,obs_consumption,obs_investment,obs_BBBspread,obs_longinflation,obs_longrate,obs_tfp,obs_gdi,obs_AAAspread,obs_nominalrate1,obs_nominalrate2,obs_nominalrate3,obs_nominalrate4,obs_nominalrate5,obs_nominalrate6
0.4423311853275713,-46.863555468526364,0.4423311853275713,0.49576593054115375,0.49999999999998934,0.9174890157117144,0.4423311853275713,0.4423311853275713,0.476380814108736,0.49999999999998934,0.9174890157117144,0.0,0.4423311853275713,0.1174310227768634,0.9174890157117144,0.9174890157117144,0.9174890157117144,0.9174890157117144,0.9174890157117144,0.9174890157117144
