obs_gdp,obs_hours,obs_wages,obs_gdpdeflator,obs_corepce,obs_nominalrate,obs_consumption,obs_investment,obs_BBBspread,obs_longinflation,obs_longrate,obs_tfp,obs_gdi,obs_AAAspread,obs_nominalrate1,obs_nominalrate2,obs_nominalrate3,obs_nominalrate4,obs_nominalrate5,obs_nominalrate6
0.42290142178535994,-45.56932830810547,0.42290142178535994,0.5031586273107571,0.49999999999998934,0.9218576601860207,0.42290142178535994,0.42290142178535994,0.5180059176300341,0.49999999999998934,0.9218576601860207,0.0,0.42290142178535994,0.1174310227768634,0.9218576601860207,0.9218576601860207,0.9218576601860207,0.9218576601860207,0.9218576601860207,0.9218576601860207
