obs_gdp,obs_hours,obs_wages,obs_gdpdeflator,obs_corepce,obs_nominalrate,obs_consumption,obs_investment,obs_BBBspread,obs_longinflation,obs_longrate,obs_tfp,obs_gdi,obs_AAAspread,obs_nominalrate1,obs_nominalrate2,obs_nominalrate3,obs_nominalrate4,obs_nominalrate5,obs_nominalrate6
0.44417268111947017,-46.680044114288705,0.44417268111947017,0.49579102239158934,0.49999999999998934,0.918953043402726,0.44417268111947017,0.44417268111947017,0.4760300264442494,0.49999999999998934,0.918953043402726,0.0,0.44417268111947017,0.1174310227768634,0.918953043402726,0.918953043402726,0.918953043402726,0.918953043402726,0.918953043402726,0.918953043402726
