obs_gdp,obs_hours,obs_wages,obs_gdpdeflator,obs_corepce,obs_nominalrate,obs_consumption,obs_investment,obs_BBBspread,obs_longinflation,obs_longrate,obs_tfp,obs_gdi,obs_AAAspread,obs_nominalrate1,obs_nominalrate2,obs_nominalrate3,obs_nominalrate4,obs_nominalrate5,obs_nominalrate6
0.4165816009044754,-47.96712875366211,0.4165816009044754,0.5361622869968308,0.49999999999998934,0.9762561812154402,0.4165816009044754,0.4165816009044754,0.4185439291321034,0.49999999999998934,0.9762561812154402,0.0,0.4165816009044754,0.1174310227768634,0.9762561812154402,0.9762561812154402,0.9762561812154402,0.9762561812154402,0.9762561812154402,0.9762561812154402
