obs_gdp,obs_hours,obs_wages,obs_gdpdeflator,obs_corepce,obs_nominalrate,obs_consumption,obs_investment,obs_BBBspread,obs_longinflation,obs_longrate,obs_tfp,obs_gdi,obs_AAAspread,obs_nominalrate1,obs_nominalrate2,obs_nominalrate3,obs_nominalrate4,obs_nominalrate5,obs_nominalrate6
0.43932671077346885,-47.0371307237171,0.43932671077346885,0.4957982988209752,0.49999999999998934,0.9119947724084865,0.43932671077346885,0.43932671077346885,0.4764750585582824,0.49999999999998934,0.9119947724084865,0.0,0.43932671077346885,0.1174310227768634,0.9119947724084865,0.9119947724084865,0.9119947724084865,0.9119947724084865,0.9119947724084865,0.9119947724084865
