obs_gdp,obs_hours,obs_wages,obs_gdpdeflator,obs_corepce,obs_nominalrate,obs_consumption,obs_investment,obs_BBBspread,obs_longinflation,obs_longrate,obs_tfp,obs_gdi,obs_AAAspread,obs_nominalrate1,obs_nominalrate2,obs_nominalrate3,obs_nominalrate4,obs_nominalrate5,obs_nominalrate6
0.4448121233766811,-46.68345019108172,0.4448121233766811,0.49572442976178444,0.49999999999998934,0.9190042455548442,0.4448121233766811,0.4448121233766811,0.4766592669366789,0.49999999999998934,0.9190042455548442,0.0,0.4448121233766811,0.1174310227768634,0.9190042455548442,0.9190042455548442,0.9190042455548442,0.9190042455548442,0.9190042455548442,0.9190042455548442
