obs_gdp,obs_hours,obs_wages,obs_gdpdeflator,obs_corepce,obs_nominalrate,obs_consumption,obs_investment,obs_BBBspread,obs_longinflation,obs_longrate,obs_tfp,obs_gdi,obs_AAAspread,obs_nominalrate1,obs_nominalrate2,obs_nominalrate3,obs_nominalrate4,obs_nominalrate5,obs_nominalrate6
0.41327178478240967,-48.17960739135742,0.41327178478240967,0.5438416041433705,0.49999999999998934,0.9826606675924721,0.41327178478240967,0.41327178478240967,0.42288226127852274,0.49999999999998934,0.9826606675924721,0.0,0.41327178478240967,0.1174310227768634,0.9826606675924721,0.9826606675924721,0.9826606675924721,0.9826606675924721,0.9826606675924721,0.9826606675924721
