obs_gdp,obs_hours,obs_wages,obs_gdpdeflator,obs_corepce,obs_nominalrate,obs_consumption,obs_investment,obs_BBBspread,obs_longinflation,obs_longrate,obs_tfp,obs_gdi,obs_AAAspread,obs_nominalrate1,obs_nominalrate2,obs_nominalrate3,obs_nominalrate4,obs_nominalrate5,obs_nominalrate6
0.45398457677963133,-46.00130943650464,0.45398457677963133,0.49599114362129726,0.49999999999998934,0.9289055052870365,0.45398457677963133,0.45398457677963133,0.4767428295455997,0.49999999999998934,0.9289055052870365,0.0,0.45398457677963133,0.1174310227768634,0.9289055052870365,0.9289055052870365,0.9289055052870365,0.9289055052870365,0.9289055052870365,0.9289055052870365
