obs_gdp,obs_hours,obs_wages,obs_gdpdeflator,obs_corepce,obs_nominalrate,obs_consumption,obs_investment,obs_BBBspread,obs_longinflation,obs_longrate,obs_tfp,obs_gdi,obs_AAAspread,obs_nominalrate1,obs_nominalrate2,obs_nominalrate3,obs_nominalrate4,obs_nominalrate5,obs_nominalrate6
0.4062148332595772,-48.080406188964844,0.4062148332595772,0.5346091538667572,0.49999999999998934,0.938963882111854,0.4062148332595772,0.4062148332595772,0.42398508179418315,0.49999999999998934,0.938963882111854,0.0,0.4062148332595772,0.1174310227768634,0.938963882111854,0.938963882111854,0.938963882111854,0.938963882111854,0.938963882111854,0.938963882111854
