obs_gdp,obs_hours,obs_wages,obs_gdpdeflator,obs_corepce,obs_nominalrate,obs_consumption,obs_investment,obs_BBBspread,obs_longinflation,obs_longrate,obs_tfp,obs_gdi,obs_AAAspread,obs_nominalrate1,obs_nominalrate2,obs_nominalrate3,obs_nominalrate4,obs_nominalrate5,obs_nominalrate6
0.44717465532084777,-46.53364929133292,0.44717465532084777,0.4958595297103327,0.49999999999998934,0.9196768846056802,0.44717465532084777,0.44717465532084777,0.47801169758010786,0.49999999999998934,0.9196768846056802,0.0,0.44717465532084777,0.1174310227768634,0.9196768846056802,0.9196768846056802,0.9196768846056802,0.9196768846056802,0.9196768846056802,0.9196768846056802
