obs_gdp,obs_hours,obs_wages,obs_gdpdeflator,obs_corepce,obs_nominalrate,obs_consumption,obs_investment,obs_BBBspread,obs_longinflation,obs_longrate,obs_tfp,obs_gdi,obs_AAAspread,obs_nominalrate1,obs_nominalrate2,obs_nominalrate3,obs_nominalrate4,obs_nominalrate5,obs_nominalrate6
0.45076899598879283,-46.272837000621934,0.45076899598879283,0.49593140445764733,0.49999999999998934,0.9226532294780876,0.45076899598879283,0.45076899598879283,0.4781362631933133,0.49999999999998934,0.9226532294780876,0.0,0.45076899598879283,0.1174310227768634,0.9226532294780876,0.9226532294780876,0.9226532294780876,0.9226532294780876,0.9226532294780876,0.9226532294780876
