obs_gdp,obs_hours,obs_wages,obs_gdpdeflator,obs_corepce,obs_nominalrate,obs_consumption,obs_investment,obs_BBBspread,obs_longinflation,obs_longrate,obs_tfp,obs_gdi,obs_AAAspread,obs_nominalrate1,obs_nominalrate2,obs_nominalrate3,obs_nominalrate4,obs_nominalrate5,obs_nominalrate6
0.40245777368546065,-48.27542495727539,0.40245777368546065,0.5339881926774872,0.49999999999998934,0.9150674381064094,0.40245777368546065,0.40245777368546065,0.42942664397077784,0.49999999999998934,0.9150674381064094,0.0,0.40245777368546065,0.1174310227768634,0.9150674381064094,0.9150674381064094,0.9150674381064094,0.9150674381064094,0.9150674381064094,0.9150674381064094
