obs_gdp,obs_hours,obs_wages,obs_gdpdeflator,obs_corepce,obs_nominalrate,obs_consumption,obs_investment,obs_BBBspread,obs_longinflation,obs_longrate,obs_tfp,obs_gdi,obs_AAAspread,obs_nominalrate1,obs_nominalrate2,obs_nominalrate3,obs_nominalrate4,obs_nominalrate5,obs_nominalrate6
0.4540735290113673,-46.11662034691043,0.4540735290113673,0.49608315940047243,0.49999999999998934,0.9269501376604206,0.4540735290113673,0.4540735290113673,0.4772781544365899,0.49999999999998934,0.9269501376604206,0.0,0.4540735290113673,0.1174310227768634,0.9269501376604206,0.9269501376604206,0.9269501376604206,0.9269501376604206,0.9269501376604206,0.9269501376604206
