obs_gdp,obs_hours,obs_wages,obs_gdpdeflator,obs_corepce,obs_nominalrate,obs_consumption,obs_investment,obs_BBBspread,obs_longinflation,obs_longrate,obs_tfp,obs_gdi,obs_AAAspread,obs_nominalrate1,obs_nominalrate2,obs_nominalrate3,obs_nominalrate4,obs_nominalrate5,obs_nominalrate6
0.4037345945835158,-48.340301513671875,0.4037345945835158,0.5287917442619694,0.49999999999998934,0.8807069170192694,0.4037345945835158,0.4037345945835158,0.42397991654101835,0.49999999999998934,0.8807069170192694,0.0,0.4037345945835158,0.1174310227768634,0.8807069170192694,0.8807069170192694,0.8807069170192694,0.8807069170192694,0.8807069170192694,0.8807069170192694
