obs_gdp,obs_hours,obs_wages,obs_gdpdeflator,obs_corepce,obs_nominalrate,obs_consumption,obs_investment,obs_BBBspread,obs_longinflation,obs_longrate,obs_tfp,obs_gdi,obs_AAAspread,obs_nominalrate1,obs_nominalrate2,obs_nominalrate3,obs_nominalrate4,obs_nominalrate5,obs_nominalrate6
0.43139630556106034,-45.52931594848633,0.43139630556106034,0.49722493579610116,0.49999999999998934,0.9392295453542143,0.43139630556106034,0.43139630556106034,0.5196010844059042,0.49999999999998934,0.9392295453542143,0.0,0.43139630556106034,0.1174310227768634,0.9392295453542143,0.9392295453542143,0.9392295453542143,0.9392295453542143,0.9392295453542143,0.9392295453542143
