obs_gdp,obs_hours,obs_wages,obs_gdpdeflator,obs_corepce,obs_nominalrate,obs_consumption,obs_investment,obs_BBBspread,obs_longinflation,obs_longrate,obs_tfp,obs_gdi,obs_AAAspread,obs_nominalrate1,obs_nominalrate2,obs_nominalrate3,obs_nominalrate4,obs_nominalrate5,obs_nominalrate6
0.41209495067595636,-48.225921630859375,0.41209495067595636,0.5326689966022862,0.49999999999998934,0.8965259573027407,0.41209495067595636,0.41209495067595636,0.42206943757426807,0.49999999999998934,0.8965259573027407,0.0,0.41209495067595636,0.1174310227768634,0.8965259573027407,0.8965259573027407,0.8965259573027407,0.8965259573027407,0.8965259573027407,0.8965259573027407
