obs_gdp,obs_hours,obs_wages,obs_gdpdeflator,obs_corepce,obs_nominalrate,obs_consumption,obs_investment,obs_BBBspread,obs_longinflation,obs_longrate,obs_tfp,obs_gdi,obs_AAAspread,obs_nominalrate1,obs_nominalrate2,obs_nominalrate3,obs_nominalrate4,obs_nominalrate5,obs_nominalrate6
0.4557397132660457,-45.95205381228596,0.4557397132660457,0.49645335374741656,0.49999999999998934,0.9311885945179288,0.4557397132660457,0.4557397132660457,0.47594806232040016,0.49999999999998934,0.9311885945179288,0.0,0.4557397132660457,0.1174310227768634,0.9311885945179288,0.9311885945179288,0.9311885945179288,0.9311885945179288,0.9311885945179288,0.9311885945179288
