obs_gdp,obs_hours,obs_wages,obs_gdpdeflator,obs_corepce,obs_nominalrate,obs_consumption,obs_investment,obs_BBBspread,obs_longinflation,obs_longrate,obs_tfp,obs_gdi,obs_AAAspread,obs_nominalrate1,obs_nominalrate2,obs_nominalrate3,obs_nominalrate4,obs_nominalrate5,obs_nominalrate6
0.40888041257858276,-48.383819580078125,0.40888041257858276,0.5233231447636975,0.49999999999998934,0.8748832140880403,0.40888041257858276,0.40888041257858276,0.4198194307760193,0.49999999999998934,0.8748832140880403,0.0,0.40888041257858276,0.1174310227768634,0.8748832140880403,0.8748832140880403,0.8748832140880403,0.8748832140880403,0.8748832140880403,0.8748832140880403
