obs_gdp,obs_hours,obs_wages,obs_gdpdeflator,obs_corepce,obs_nominalrate,obs_consumption,obs_investment,obs_BBBspread,obs_longinflation,obs_longrate,obs_tfp,obs_gdi,obs_AAAspread,obs_nominalrate1,obs_nominalrate2,obs_nominalrate3,obs_nominalrate4,obs_nominalrate5,obs_nominalrate6
0.4610193499129611,-45.556565595514265,0.4610193499129611,0.49631811381088486,0.49999999999998934,0.9379178553278411,0.4610193499129611,0.4610193499129611,0.47576733317251974,0.49999999999998934,0.9379178553278411,0.0,0.4610193499129611,0.1174310227768634,0.9379178553278411,0.9379178553278411,0.9379178553278411,0.9379178553278411,0.9379178553278411,0.9379178553278411
