obs_gdp,obs_hours,obs_wages,obs_gdpdeflator,obs_corepce,obs_nominalrate,obs_consumption,obs_investment,obs_BBBspread,obs_longinflation,obs_longrate,obs_tfp,obs_gdi,obs_AAAspread,obs_nominalrate1,obs_nominalrate2,obs_nominalrate3,obs_nominalrate4,obs_nominalrate5,obs_nominalrate6
0.41351482272147244,-48.38884353637695,0.41351482272147244,0.5220118574798001,0.49999999999998934,0.8835097169255901,0.41351482272147244,0.41351482272147244,0.41740735941480595,0.49999999999998934,0.8835097169255901,0.0,0.41351482272147244,0.1174310227768634,0.8835097169255901,0.8835097169255901,0.8835097169255901,0.8835097169255901,0.8835097169255901,0.8835097169255901
