obs_gdp,obs_hours,obs_wages,obs_gdpdeflator,obs_corepce,obs_nominalrate,obs_consumption,obs_investment,obs_BBBspread,obs_longinflation,obs_longrate,obs_tfp,obs_gdi,obs_AAAspread,obs_nominalrate1,obs_nominalrate2,obs_nominalrate3,obs_nominalrate4,obs_nominalrate5,obs_nominalrate6
0.4582742418795638,-45.746339835154316,0.4582742418795638,0.4965342280620458,0.49999999999998934,0.9357129216506888,0.4582742418795638,0.4582742418795638,0.47628021435885237,0.49999999999998934,0.9357129216506888,0.0,0.4582742418795638,0.1174310227768634,0.9357129216506888,0.9357129216506888,0.9357129216506888,0.9357129216506888,0.9357129216506888,0.9357129216506888
