obs_gdp,obs_hours,obs_wages,obs_gdpdeflator,obs_corepce,obs_nominalrate,obs_consumption,obs_investment,obs_BBBspread,obs_longinflation,obs_longrate,obs_tfp,obs_gdi,obs_AAAspread,obs_nominalrate1,obs_nominalrate2,obs_nominalrate3,obs_nominalrate4,obs_nominalrate5,obs_nominalrate6
0.4165221750736192,-48.528568267822266,0.4165221750736192,0.5217452347278488,0.49999999999998934,0.8506910668575562,0.4165221750736192,0.4165221750736192,0.4258847305003594,0.49999999999998934,0.8506910668575562,0.0,0.4165221750736192,0.1174310227768634,0.8506910668575562,0.8506910668575562,0.8506910668575562,0.8506910668575562,0.8506910668575562,0.8506910668575562
