obs_gdp,obs_hours,obs_wages,obs_gdpdeflator,obs_corepce,obs_nominalrate,obs_consumption,obs_investment,obs_BBBspread,obs_longinflation,obs_longrate,obs_tfp,obs_gdi,obs_AAAspread,obs_nominalrate1,obs_nominalrate2,obs_nominalrate3,obs_nominalrate4,obs_nominalrate5,obs_nominalrate6
0.4222286641597739,-48.31848907470703,0.4222286641597739,0.5334373973309887,0.49999999999998934,0.8504847607806676,0.4222286641597739,0.4222286641597739,0.4267258212046633,0.49999999999998934,0.8504847607806676,0.0,0.4222286641597739,0.1174310227768634,0.8504847607806676,0.8504847607806676,0.8504847607806676,0.8504847607806676,0.8504847607806676,0.8504847607806676
