obs_gdp,obs_hours,obs_wages,obs_gdpdeflator,obs_corepce,obs_nominalrate,obs_consumption,obs_investment,obs_BBBspread,obs_longinflation,obs_longrate,obs_tfp,obs_gdi,obs_AAAspread,obs_nominalrate1,obs_nominalrate2,obs_nominalrate3,obs_nominalrate4,obs_nominalrate5,obs_nominalrate6
0.4592727272612951,-45.75417509297066,0.4592727272612951,0.4965228245383236,0.49999999999998934,0.9414374712460427,0.4592727272612951,0.4592727272612951,0.4778368283722291,0.49999999999998934,0.9414374712460427,0.0,0.4592727272612951,0.1174310227768634,0.9414374712460427,0.9414374712460427,0.9414374712460427,0.9414374712460427,0.9414374712460427,0.9414374712460427
