obs_gdp,obs_hours,obs_wages,obs_gdpdeflator,obs_corepce,obs_nominalrate,obs_consumption,obs_investment,obs_BBBspread,obs_longinflation,obs_longrate,obs_tfp,obs_gdi,obs_AAAspread,obs_nominalrate1,obs_nominalrate2,obs_nominalrate3,obs_nominalrate4,obs_nominalrate5,obs_nominalrate6
0.42555603384970553,-48.36138153076172,0.42555603384970553,0.5317021086811913,0.49999999999998934,0.8630060553423746,0.42555603384970553,0.42555603384970553,0.4259184939061679,0.49999999999998934,0.8630060553423746,0.0,0.42555603384970553,0.1174310227768634,0.8630060553423746,0.8630060553423746,0.8630060553423746,0.8630060553423746,0.8630060553423746,0.8630060553423746
