obs_gdp,obs_hours,obs_wages,obs_gdpdeflator,obs_corepce,obs_nominalrate,obs_consumption,obs_investment,obs_BBBspread,obs_longinflation,obs_longrate,obs_tfp,obs_gdi,obs_AAAspread,obs_nominalrate1,obs_nominalrate2,obs_nominalrate3,obs_nominalrate4,obs_nominalrate5,obs_nominalrate6
0.45606258450143766,-45.888302518939206,0.45606258450143766,0.4964502030676136,0.49999999999998934,0.933608976947875,0.45606258450143766,0.45606258450143766,0.4781129516148455,0.49999999999998934,0.933608976947875,0.0,0.45606258450143766,0.1174310227768634,0.933608976947875,0.933608976947875,0.933608976947875,0.933608976947875,0.933608976947875,0.933608976947875
