obs_gdp,obs_hours,obs_wages,obs_gdpdeflator,obs_corepce,obs_nominalrate,obs_consumption,obs_investment,obs_BBBspread,obs_longinflation,obs_longrate,obs_tfp,obs_gdi,obs_AAAspread,obs_nominalrate1,obs_nominalrate2,obs_nominalrate3,obs_nominalrate4,obs_nominalrate5,obs_nominalrate6
0.46049493174349365,-44.91874855862971,0.46049493174349365,0.49415522359399483,0.49999999999998934,0.9558940116302761,0.46049493174349365,0.46049493174349365,0.4680932465860266,0.49999999999998934,0.9558940116302761,0.0,0.46049493174349365,0.1174310227768634,0.9558940116302761,0.9558940116302761,0.9558940116302761,0.9558940116302761,0.9558940116302761,0.9558940116302761
