obs_gdp,obs_hours,obs_wages,obs_gdpdeflator,obs_corepce,obs_nominalrate,obs_consumption,obs_investment,obs_BBBspread,obs_longinflation,obs_longrate,obs_tfp,obs_gdi,obs_AAAspread,obs_nominalrate1,obs_nominalrate2,obs_nominalrate3,obs_nominalrate4,obs_nominalrate5,obs_nominalrate6
0.434325635433197,-48.283443450927734,0.434325635433197,0.5183188170194519,0.49999999999998934,0.9023662303252689,0.434325635433197,0.434325635433197,0.42157851904602134,0.49999999999998934,0.9023662303252689,0.0,0.434325635433197,0.1174310227768634,0.9023662303252689,0.9023662303252689,0.9023662303252689,0.9023662303252689,0.9023662303252689,0.9023662303252689
