obs_gdp,obs_hours,obs_wages,obs_gdpdeflator,obs_corepce,obs_nominalrate,obs_consumption,obs_investment,obs_BBBspread,obs_longinflation,obs_longrate,obs_tfp,obs_gdi,obs_AAAspread,obs_nominalrate1,obs_nominalrate2,obs_nominalrate3,obs_nominalrate4,obs_nominalrate5,obs_nominalrate6
0.44734919233042625,-46.53756378882835,0.44734919233042625,0.4966698354556573,0.49999999999998934,0.9245873334842836,0.44734919233042625,0.44734919233042625,0.47880512812016573,0.49999999999998934,0.9245873334842836,0.0,0.44734919233042625,0.1174310227768634,0.9245873334842836,0.9245873334842836,0.9245873334842836,0.9245873334842836,0.9245873334842836,0.9245873334842836
