obs_gdp,obs_hours,obs_wages,obs_gdpdeflator,obs_corepce,obs_nominalrate,obs_consumption,obs_investment,obs_BBBspread,obs_longinflation,obs_longrate,obs_tfp,obs_gdi,obs_AAAspread,obs_nominalrate1,obs_nominalrate2,obs_nominalrate3,obs_nominalrate4,obs_nominalrate5,obs_nominalrate6
0.45773840088174644,-45.738089252901354,0.45773840088174644,0.4967921605874547,0.49999999999998934,0.9359240489796861,0.45773840088174644,0.45773840088174644,0.4794439959782475,0.49999999999998934,0.9359240489796861,0.0,0.45773840088174644,0.1174310227768634,0.9359240489796861,0.9359240489796861,0.9359240489796861,0.9359240489796861,0.9359240489796861,0.9359240489796861
