obs_gdp,obs_hours,obs_wages,obs_gdpdeflator,obs_corepce,obs_nominalrate,obs_consumption,obs_investment,obs_BBBspread,obs_longinflation,obs_longrate,obs_tfp,obs_gdi,obs_AAAspread,obs_nominalrate1,obs_nominalrate2,obs_nominalrate3,obs_nominalrate4,obs_nominalrate5,obs_nominalrate6
0.44352087378500826,-48.20112609863281,0.44352087378500826,0.5081353038549317,0.49999999999998934,0.9083743598831351,0.44352087378500826,0.44352087378500826,0.41858669193547815,0.49999999999998934,0.9083743598831351,0.0,0.44352087378500826,0.1174310227768634,0.9083743598831351,0.9083743598831351,0.9083743598831351,0.9083743598831351,0.9083743598831351,0.9083743598831351
