obs_gdp,obs_hours,obs_wages,obs_gdpdeflator,obs_corepce,obs_nominalrate,obs_consumption,obs_investment,obs_BBBspread,obs_longinflation,obs_longrate,obs_tfp,obs_gdi,obs_AAAspread,obs_nominalrate1,obs_nominalrate2,obs_nominalrate3,obs_nominalrate4,obs_nominalrate5,obs_nominalrate6
0.44168052077293574,-48.32897186279297,0.44168052077293574,0.51183683425187,0.49999999999998934,0.9124725616495688,0.44168052077293574,0.44168052077293574,0.41051643770856816,0.49999999999998934,0.9124725616495688,0.0,0.44168052077293574,0.1174310227768634,0.9124725616495688,0.9124725616495688,0.9124725616495688,0.9124725616495688,0.9124725616495688,0.9124725616495688
