obs_gdp,obs_hours,obs_wages,obs_gdpdeflator,obs_corepce,obs_nominalrate,obs_consumption,obs_investment,obs_BBBspread,obs_longinflation,obs_longrate,obs_tfp,obs_gdi,obs_AAAspread,obs_nominalrate1,obs_nominalrate2,obs_nominalrate3,obs_nominalrate4,obs_nominalrate5,obs_nominalrate6
0.4393240511417318,-48.36513137817383,0.4393240511417318,0.5070618372410429,0.49999999999998934,0.9047910673384285,0.4393240511417318,0.4393240511417318,0.41116523931064003,0.49999999999998934,0.9047910673384285,0.0,0.4393240511417318,0.1174310227768634,0.9047910673384285,0.9047910673384285,0.9047910673384285,0.9047910673384285,0.9047910673384285,0.9047910673384285
