obs_gdp,obs_hours,obs_wages,obs_gdpdeflator,obs_corepce,obs_nominalrate,obs_consumption,obs_investment,obs_BBBspread,obs_longinflation,obs_longrate,obs_tfp,obs_gdi,obs_AAAspread,obs_nominalrate1,obs_nominalrate2,obs_nominalrate3,obs_nominalrate4,obs_nominalrate5,obs_nominalrate6
0.4618459245435025,-45.387137166401885,0.4618459245435025,0.49690634624850155,0.49999999999998934,0.9394697924002049,0.4618459245435025,0.4618459245435025,0.47885927571711473,0.49999999999998934,0.9394697924002049,0.0,0.4618459245435025,0.1174310227768634,0.9394697924002049,0.9394697924002049,0.9394697924002049,0.9394697924002049,0.9394697924002049,0.9394697924002049
