obs_gdp,obs_hours,obs_wages,obs_gdpdeflator,obs_corepce,obs_nominalrate,obs_consumption,obs_investment,obs_BBBspread,obs_longinflation,obs_longrate,obs_tfp,obs_gdi,obs_AAAspread,obs_nominalrate1,obs_nominalrate2,obs_nominalrate3,obs_nominalrate4,obs_nominalrate5,obs_nominalrate6
0.4610653986476976,-45.383202714930086,0.4610653986476976,0.4969240082035026,0.49999999999998934,0.9402955372526556,0.4610653986476976,0.4610653986476976,0.4780744315616454,0.49999999999998934,0.9402955372526556,0.0,0.4610653986476976,0.1174310227768634,0.9402955372526556,0.9402955372526556,0.9402955372526556,0.9402955372526556,0.9402955372526556,0.9402955372526556
