obs_gdp,obs_hours,obs_wages,obs_gdpdeflator,obs_corepce,obs_nominalrate,obs_consumption,obs_investment,obs_BBBspread,obs_longinflation,obs_longrate,obs_tfp,obs_gdi,obs_AAAspread,obs_nominalrate1,obs_nominalrate2,obs_nominalrate3,obs_nominalrate4,obs_nominalrate5,obs_nominalrate6
0.42119148373602755,-48.536659240722656,0.42119148373602755,0.509733205661167,0.49999999999998934,0.9162306512734864,0.42119148373602755,0.42119148373602755,0.42374092648963246,0.49999999999998934,0.9162306512734864,0.0,0.42119148373602755,0.1174310227768634,0.9162306512734864,0.9162306512734864,0.9162306512734864,0.9162306512734864,0.9162306512734864,0.9162306512734864
