obs_gdp,obs_hours,obs_wages,obs_gdpdeflator,obs_corepce,obs_nominalrate,obs_consumption,obs_investment,obs_BBBspread,obs_longinflation,obs_longrate,obs_tfp,obs_gdi,obs_AAAspread,obs_nominalrate1,obs_nominalrate2,obs_nominalrate3,obs_nominalrate4,obs_nominalrate5,obs_nominalrate6
0.4234260320663541,-48.558509826660156,0.4234260320663541,0.5086091253906382,0.49999999999998934,0.9015997531629516,0.4234260320663541,0.4234260320663541,0.4249232216458414,0.49999999999998934,0.9015997531629516,0.0,0.4234260320663541,0.1174310227768634,0.9015997531629516,0.9015997531629516,0.9015997531629516,0.9015997531629516,0.9015997531629516,0.9015997531629516
