obs_gdp,obs_hours,obs_wages,obs_gdpdeflator,obs_corepce,obs_nominalrate,obs_consumption,obs_investment,obs_BBBspread,obs_longinflation,obs_longrate,obs_tfp,obs_gdi,obs_AAAspread,obs_nominalrate1,obs_nominalrate2,obs_nominalrate3,obs_nominalrate4,obs_nominalrate5,obs_nominalrate6
0.45773566842970403,-45.15339679963077,0.45773566842970403,0.4941628297890866,0.49999999999998934,0.9537527937107937,0.45773566842970403,0.45773566842970403,0.46903225608328336,0.49999999999998934,0.9537527937107937,0.0,0.45773566842970403,0.1174310227768634,0.9537527937107937,0.9537527937107937,0.9537527937107937,0.9537527937107937,0.9537527937107937,0.9537527937107937
