obs_gdp,obs_hours,obs_wages,obs_gdpdeflator,obs_corepce,obs_nominalrate,obs_consumption,obs_investment,obs_BBBspread,obs_longinflation,obs_longrate,obs_tfp,obs_gdi,obs_AAAspread,obs_nominalrate1,obs_nominalrate2,obs_nominalrate3,obs_nominalrate4,obs_nominalrate5,obs_nominalrate6
0.4617856744723481,-45.31701482837744,0.4617856744723481,0.4968389492624762,0.49999999999998934,0.9402944008740421,0.4617856744723481,0.4617856744723481,0.4759261635721953,0.49999999999998934,0.9402944008740421,0.0,0.4617856744723481,0.1174310227768634,0.9402944008740421,0.9402944008740421,0.9402944008740421,0.9402944008740421,0.9402944008740421,0.9402944008740421
