obs_gdp,obs_hours,obs_wages,obs_gdpdeflator,obs_corepce,obs_nominalrate,obs_consumption,obs_investment,obs_BBBspread,obs_longinflation,obs_longrate,obs_tfp,obs_gdi,obs_AAAspread,obs_nominalrate1,obs_nominalrate2,obs_nominalrate3,obs_nominalrate4,obs_nominalrate5,obs_nominalrate6
0.41909271478652865,-48.63552474975586,0.41909271478652865,0.5011818103957815,0.49999999999998934,0.9010526838412636,0.41909271478652865,0.41909271478652865,0.420563428590294,0.49999999999998934,0.9010526838412636,0.0,0.41909271478652865,0.1174310227768634,0.9010526838412636,0.9010526838412636,0.9010526838412636,0.9010526838412636,0.9010526838412636,0.9010526838412636
