obs_gdp,obs_hours,obs_wages,obs_gdpdeflator,obs_corepce,obs_nominalrate,obs_consumption,obs_investment,obs_BBBspread,obs_longinflation,obs_longrate,obs_tfp,obs_gdi,obs_AAAspread,obs_nominalrate1,obs_nominalrate2,obs_nominalrate3,obs_nominalrate4,obs_nominalrate5,obs_nominalrate6
0.3944785296916997,-49.14775466918945,0.3944785296916997,0.49828112404792435,0.49999999999998934,0.8761909503305798,0.3944785296916997,0.3944785296916997,0.42213349153268204,0.49999999999998934,0.8761909503305798,0.0,0.3944785296916997,0.1174310227768634,0.8761909503305798,0.8761909503305798,0.8761909503305798,0.8761909503305798,0.8761909503305798,0.8761909503305798
