obs_gdp,obs_hours,obs_wages,obs_gdpdeflator,obs_corepce,obs_nominalrate,obs_consumption,obs_investment,obs_BBBspread,obs_longinflation,obs_longrate,obs_tfp,obs_gdi,obs_AAAspread,obs_nominalrate1,obs_nominalrate2,obs_nominalrate3,obs_nominalrate4,obs_nominalrate5,obs_nominalrate6
0.4642082186406604,-45.24932327548822,0.4642082186406604,0.49668004792843773,0.49999999999998934,0.9416573217704061,0.4642082186406604,0.4642082186406604,0.47780783959464734,0.49999999999998934,0.9416573217704061,0.0,0.4642082186406604,0.1174310227768634,0.9416573217704061,0.9416573217704061,0.9416573217704061,0.9416573217704061,0.9416573217704061,0.9416573217704061
