obs_gdp,obs_hours,obs_wages,obs_gdpdeflator,obs_corepce,obs_nominalrate,obs_consumption,obs_investment,obs_BBBspread,obs_longinflation,obs_longrate,obs_tfp,obs_gdi,obs_AAAspread,obs_nominalrate1,obs_nominalrate2,obs_nominalrate3,obs_nominalrate4,obs_nominalrate5,obs_nominalrate6
0.4657395410665677,-45.246992374306515,0.4657395410665677,0.49649661862678984,0.49999999999998934,0.9450098971213405,0.4657395410665677,0.4657395410665677,0.4773973288472253,0.49999999999998934,0.9450098971213405,0.0,0.4657395410665677,0.1174310227768634,0.9450098971213405,0.9450098971213405,0.9450098971213405,0.9450098971213405,0.9450098971213405,0.9450098971213405
