obs_gdp,obs_hours,obs_wages,obs_gdpdeflator,obs_corepce,obs_nominalrate,obs_consumption,obs_investment,obs_BBBspread,obs_longinflation,obs_longrate,obs_tfp,obs_gdi,obs_AAAspread,obs_nominalrate1,obs_nominalrate2,obs_nominalrate3,obs_nominalrate4,obs_nominalrate5,obs_nominalrate6
0.4654342319443616,-45.215869559961355,0.4654342319443616,0.4963822279573059,0.49999999999998934,0.9436633322411625,0.4654342319443616,0.4654342319443616,0.4766146319601841,0.49999999999998934,0.9436633322411625,0.0,0.4654342319443616,0.1174310227768634,0.9436633322411625,0.9436633322411625,0.9436633322411625,0.9436633322411625,0.9436633322411625,0.9436633322411625
