obs_gdp,obs_hours,obs_wages,obs_gdpdeflator,obs_corepce,obs_nominalrate,obs_consumption,obs_investment,obs_BBBspread,obs_longinflation,obs_longrate,obs_tfp,obs_gdi,obs_AAAspread,obs_nominalrate1,obs_nominalrate2,obs_nominalrate3,obs_nominalrate4,obs_nominalrate5,obs_nominalrate6
0.36364808678626126,-49.50606155395508,0.36364808678626126,0.4877730086445702,0.49999999999998934,0.8491566326360056,0.36364808678626126,0.36364808678626126,0.42563534029511063,0.49999999999998934,0.8491566326360056,0.0,0.36364808678626126,0.1174310227768634,0.8491566326360056,0.8491566326360056,0.8491566326360056,0.8491566326360056,0.8491566326360056,0.8491566326360056
