obs_gdp,obs_hours,obs_wages,obs_gdpdeflator,obs_corepce,obs_nominalrate,obs_consumption,obs_investment,obs_BBBspread,obs_longinflation,obs_longrate,obs_tfp,obs_gdi,obs_AAAspread,obs_nominalrate1,obs_nominalrate2,obs_nominalrate3,obs_nominalrate4,obs_nominalrate5,obs_nominalrate6
0.462909818242907,-45.4025468375303,0.462909818242907,0.49638731747933834,0.49999999999998934,0.9408461770990861,0.462909818242907,0.462909818242907,0.4763965990503582,0.49999999999998934,0.9408461770990861,0.0,0.462909818242907,0.1174310227768634,0.9408461770990861,0.9408461770990861,0.9408461770990861,0.9408461770990861,0.9408461770990861,0.9408461770990861
