obs_gdp,obs_hours,obs_wages,obs_gdpdeflator,obs_corepce,obs_nominalrate,obs_consumption,obs_investment,obs_BBBspread,obs_longinflation,obs_longrate,obs_tfp,obs_gdi,obs_AAAspread,obs_nominalrate1,obs_nominalrate2,obs_nominalrate3,obs_nominalrate4,obs_nominalrate5,obs_nominalrate6
0.4616128460432467,-44.831782536647445,0.4616128460432467,0.49426476227137,0.49999999999998934,0.9565470182762548,0.4616128460432467,0.4616128460432467,0.46947221673248973,0.49999999999998934,0.9565470182762548,0.0,0.4616128460432467,0.1174310227768634,0.9565470182762548,0.9565470182762548,0.9565470182762548,0.9565470182762548,0.9565470182762548,0.9565470182762548
