obs_gdp,obs_hours,obs_wages,obs_gdpdeflator,obs_corepce,obs_nominalrate,obs_consumption,obs_investment,obs_BBBspread,obs_longinflation,obs_longrate,obs_tfp,obs_gdi,obs_AAAspread,obs_nominalrate1,obs_nominalrate2,obs_nominalrate3,obs_nominalrate4,obs_nominalrate5,obs_nominalrate6
0.4243420075090043,-47.71728367770422,0.4243420075090043,0.4941710180863657,0.49999999999998934,0.924091898950441,0.4243420075090043,0.4243420075090043,0.4663170836381048,0.49999999999998934,0.924091898950441,0.0,0.4243420075090043,0.1174310227768634,0.924091898950441,0.924091898950441,0.924091898950441,0.924091898950441,0.924091898950441,0.924091898950441
