obs_gdp,obs_hours,obs_wages,obs_gdpdeflator,obs_corepce,obs_nominalrate,obs_consumption,obs_investment,obs_BBBspread,obs_longinflation,obs_longrate,obs_tfp,obs_gdi,obs_AAAspread,obs_nominalrate1,obs_nominalrate2,obs_nominalrate3,obs_nominalrate4,obs_nominalrate5,obs_nominalrate6
0.36486148834229404,-49.15128707885742,0.36486148834229404,0.49077073577790387,0.49999999999998934,0.8722297360767239,0.36486148834229404,0.36486148834229404,0.42235934684186777,0.49999999999998934,0.8722297360767239,0.0,0.36486148834229404,0.1174310227768634,0.8722297360767239,0.8722297360767239,0.8722297360767239,0.8722297360767239,0.8722297360767239,0.8722297360767239
