obs_gdp,obs_hours,obs_wages,obs_gdpdeflator,obs_corepce,obs_nominalrate,obs_consumption,obs_investment,obs_BBBspread,obs_longinflation,obs_longrate,obs_tfp,obs_gdi,obs_AAAspread,obs_nominalrate1,obs_nominalrate2,obs_nominalrate3,obs_nominalrate4,obs_nominalrate5,obs_nominalrate6
0.4634068723446738,-45.409591507595735,0.4634068723446738,0.4964193637892803,0.49999999999998934,0.9444350970632565,0.4634068723446738,0.4634068723446738,0.47529518213816535,0.49999999999998934,0.9444350970632565,0.0,0.4634068723446738,0.1174310227768634,0.9444350970632565,0.9444350970632565,0.9444350970632565,0.9444350970632565,0.9444350970632565,0.9444350970632565
