obs_gdp,obs_hours,obs_wages,obs_gdpdeflator,obs_corepce,obs_nominalrate,obs_consumption,obs_investment,obs_BBBspread,obs_longinflation,obs_longrate,obs_tfp,obs_gdi,obs_AAAspread,obs_nominalrate1,obs_nominalrate2,obs_nominalrate3,obs_nominalrate4,obs_nominalrate5,obs_nominalrate6
0.46300244819277303,-45.45032094540998,0.46300244819277303,0.49625708546449077,0.49999999999998934,0.9421633203758661,0.46300244819277303,0.46300244819277303,0.475656534688234,0.49999999999998934,0.9421633203758661,0.0,0.46300244819277303,0.1174310227768634,0.9421633203758661,0.9421633203758661,0.9421633203758661,0.9421633203758661,0.9421633203758661,0.9421633203758661
