obs_gdp,obs_hours,obs_wages,obs_gdpdeflator,obs_corepce,obs_nominalrate,obs_consumption,obs_investment,obs_BBBspread,obs_longinflation,obs_longrate,obs_tfp,obs_gdi,obs_AAAspread,obs_nominalrate1,obs_nominalrate2,obs_nominalrate3,obs_nominalrate4,obs_nominalrate5,obs_nominalrate6
0.3638580739498076,-48.95246124267578,0.3638580739498076,0.49724830361082084,0.49999999999998934,0.8824265965382994,0.3638580739498076,0.3638580739498076,0.4238916348207414,0.49999999999998934,0.8824265965382994,0.0,0.3638580739498076,0.1174310227768634,0.8824265965382994,0.8824265965382994,0.8824265965382994,0.8824265965382994,0.8824265965382994,0.8824265965382994
