obs_gdp,obs_hours,obs_wages,obs_gdpdeflator,obs_corepce,obs_nominalrate,obs_consumption,obs_investment,obs_BBBspread,obs_longinflation,obs_longrate,obs_tfp,obs_gdi,obs_AAAspread,obs_nominalrate1,obs_nominalrate2,obs_nominalrate3,obs_nominalrate4,obs_nominalrate5,obs_nominalrate6
0.35673657059669406,-49.286495208740234,0.35673657059669406,0.49511445313691027,0.49999999999998934,0.8837703345454306,0.35673657059669406,0.35673657059669406,0.4241990403999054,0.49999999999998934,0.8837703345454306,0.0,0.35673657059669406,0.1174310227768634,0.8837703345454306,0.8837703345454306,0.8837703345454306,0.8837703345454306,0.8837703345454306,0.8837703345454306
