obs_gdp,obs_hours,obs_wages,obs_gdpdeflator,obs_corepce,obs_nominalrate,obs_consumption,obs_investment,obs_BBBspread,obs_longinflation,obs_longrate,obs_tfp,obs_gdi,obs_AAAspread,obs_nominalrate1,obs_nominalrate2,obs_nominalrate3,obs_nominalrate4,obs_nominalrate5,obs_nominalrate6
0.46208184703944166,-45.56960507660197,0.46208184703944166,0.4963146593032041,0.49999999999998934,0.9424793260679909,0.46208184703944166,0.46208184703944166,0.4753450321765506,0.49999999999998934,0.9424793260679909,0.0,0.46208184703944166,0.1174310227768634,0.9424793260679909,0.9424793260679909,0.9424793260679909,0.9424793260679909,0.9424793260679909,0.9424793260679909
