obs_gdp,obs_hours,obs_wages,obs_gdpdeflator,obs_corepce,obs_nominalrate,obs_consumption,obs_investment,obs_BBBspread,obs_longinflation,obs_longrate,obs_tfp,obs_gdi,obs_AAAspread,obs_nominalrate1,obs_nominalrate2,obs_nominalrate3,obs_nominalrate4,obs_nominalrate5,obs_nominalrate6
0.4615720903677012,-45.59407384472217,0.4615720903677012,0.4963924450343921,0.49999999999998934,0.942092861534416,0.4615720903677012,0.4615720903677012,0.47477346131401843,0.49999999999998934,0.942092861534416,0.0,0.4615720903677012,0.1174310227768634,0.942092861534416,0.942092861534416,0.942092861534416,0.942092861534416,0.942092861534416,0.942092861534416
