obs_gdp,obs_hours,obs_wages,obs_gdpdeflator,obs_corepce,obs_nominalrate,obs_consumption,obs_investment,obs_BBBspread,obs_longinflation,obs_longrate,obs_tfp,obs_gdi,obs_AAAspread,obs_nominalrate1,obs_nominalrate2,obs_nominalrate3,obs_nominalrate4,obs_nominalrate5,obs_nominalrate6
0.36275041103364103,-48.55649948120117,0.36275041103364103,0.5022137851919872,0.49999999999998934,0.8443324154611798,0.36275041103364103,0.36275041103364103,0.4192088920446156,0.49999999999998934,0.8443324154611798,0.0,0.36275041103364103,0.1174310227768634,0.8443324154611798,0.8443324154611798,0.8443324154611798,0.8443324154611798,0.8443324154611798,0.8443324154611798
