obs_gdp,obs_hours,obs_wages,obs_gdpdeflator,obs_corepce,obs_nominalrate,obs_consumption,obs_investment,obs_BBBspread,obs_longinflation,obs_longrate,obs_tfp,obs_gdi,obs_AAAspread,obs_nominalrate1,obs_nominalrate2,obs_nominalrate3,obs_nominalrate4,obs_nominalrate5,obs_nominalrate6
0.3523749709129387,-48.944175720214844,0.3523749709129387,0.5008503967546751,0.49999999999998934,0.8161949000565771,0.3523749709129387,0.3523749709129387,0.41730163555165856,0.49999999999998934,0.8161949000565771,0.0,0.3523749709129387,0.1174310227768634,0.8161949000565771,0.8161949000565771,0.8161949000565771,0.8161949000565771,0.8161949000565771,0.8161949000565771
