obs_gdp,obs_hours,obs_wages,obs_gdpdeflator,obs_corepce,obs_nominalrate,obs_consumption,obs_investment,obs_BBBspread,obs_longinflation,obs_longrate,obs_tfp,obs_gdi,obs_AAAspread,obs_nominalrate1,obs_nominalrate2,obs_nominalrate3,obs_nominalrate4,obs_nominalrate5,obs_nominalrate6
0.45474335338495653,-46.128005210304096,0.45474335338495653,0.49678308139745053,0.49999999999998934,0.9367005059429223,0.45474335338495653,0.45474335338495653,0.47531537916865213,0.49999999999998934,0.9367005059429223,0.0,0.45474335338495653,0.1174310227768634,0.9367005059429223,0.9367005059429223,0.9367005059429223,0.9367005059429223,0.9367005059429223,0.9367005059429223
