obs_gdp,obs_hours,obs_wages,obs_gdpdeflator,obs_corepce,obs_nominalrate,obs_consumption,obs_investment,obs_BBBspread,obs_longinflation,obs_longrate,obs_tfp,obs_gdi,obs_AAAspread,obs_nominalrate1,obs_nominalrate2,obs_nominalrate3,obs_nominalrate4,obs_nominalrate5,obs_nominalrate6
0.44887367233630293,-46.549210308458015,0.44887367233630293,0.4965432854891628,0.49999999999998934,0.9287816972079588,0.44887367233630293,0.44887367233630293,0.475470444135181,0.49999999999998934,0.9287816972079588,0.0,0.44887367233630293,0.1174310227768634,0.9287816972079588,0.9287816972079588,0.9287816972079588,0.9287816972079588,0.9287816972079588,0.9287816972079588
