obs_gdp,obs_hours,obs_wages,obs_gdpdeflator,obs_corepce,obs_nominalrate,obs_consumption,obs_investment,obs_BBBspread,obs_longinflation,obs_longrate,obs_tfp,obs_gdi,obs_AAAspread,obs_nominalrate1,obs_nominalrate2,obs_nominalrate3,obs_nominalrate4,obs_nominalrate5,obs_nominalrate6
0.36665827035904375,-48.721771240234375,0.36665827035904375,0.4975528563372684,0.49999999999998934,0.8418045865846047,0.36665827035904375,0.36665827035904375,0.4090103232542375,0.49999999999998934,0.8418045865846047,0.0,0.36665827035904375,0.1174310227768634,0.8418045865846047,0.8418045865846047,0.8418045865846047,0.8418045865846047,0.8418045865846047,0.8418045865846047
