obs_gdp,obs_hours,obs_wages,obs_gdpdeflator,obs_corepce,obs_nominalrate,obs_consumption,obs_investment,obs_BBBspread,obs_longinflation,obs_longrate,obs_tfp,obs_gdi,obs_AAAspread,obs_nominalrate1,obs_nominalrate2,obs_nominalrate3,obs_nominalrate4,obs_nominalrate5,obs_nominalrate6
0.44544161580186703,-46.80377791041064,0.44544161580186703,0.4966770990687737,0.49999999999998934,0.9247707967030339,0.44544161580186703,0.44544161580186703,0.4756623878759062,0.49999999999998934,0.9247707967030339,0.0,0.44544161580186703,0.1174310227768634,0.9247707967030339,0.9247707967030339,0.9247707967030339,0.9247707967030339,0.9247707967030339,0.9247707967030339
