obs_gdp,obs_hours,obs_wages,obs_gdpdeflator,obs_corepce,obs_nominalrate,obs_consumption,obs_investment,obs_BBBspread,obs_longinflation,obs_longrate,obs_tfp,obs_gdi,obs_AAAspread,obs_nominalrate1,obs_nominalrate2,obs_nominalrate3,obs_nominalrate4,obs_nominalrate5,obs_nominalrate6
0.3725177645683253,-48.56697463989258,0.3725177645683253,0.4996288645488569,0.49999999999998934,0.8515143882964482,0.3725177645683253,0.3725177645683253,0.40912596106999777,0.49999999999998934,0.8515143882964482,0.0,0.3725177645683253,0.1174310227768634,0.8515143882964482,0.8515143882964482,0.8515143882964482,0.8515143882964482,0.8515143882964482,0.8515143882964482
