obs_gdp,obs_hours,obs_wages,obs_gdpdeflator,obs_corepce,obs_nominalrate,obs_consumption,obs_investment,obs_BBBspread,obs_longinflation,obs_longrate,obs_tfp,obs_gdi,obs_AAAspread,obs_nominalrate1,obs_nominalrate2,obs_nominalrate3,obs_nominalrate4,obs_nominalrate5,obs_nominalrate6
0.38214311003685886,-48.74442672729492,0.38214311003685886,0.4957387712784005,0.49999999999998934,0.8520989245591304,0.38214311003685886,0.38214311003685886,0.4164350727341243,0.49999999999998934,0.8520989245591304,0.0,0.38214311003685886,0.1174310227768634,0.8520989245591304,0.8520989245591304,0.8520989245591304,0.8520989245591304,0.8520989245591304,0.8520989245591304
