obs_gdp,obs_hours,obs_wages,obs_gdpdeflator,obs_corepce,obs_nominalrate,obs_consumption,obs_investment,obs_BBBspread,obs_longinflation,obs_longrate,obs_tfp,obs_gdi,obs_AAAspread,obs_nominalrate1,obs_nominalrate2,obs_nominalrate3,obs_nominalrate4,obs_nominalrate5,obs_nominalrate6
0.46369777821893,-44.673153002961755,0.46369777821893,0.49410828788705347,0.49999999999998934,0.9591247488800914,0.46369777821893,0.46369777821893,0.46904683560063176,0.49999999999998934,0.9591247488800914,0.0,0.46369777821893,0.1174310227768634,0.9591247488800914,0.9591247488800914,0.9591247488800914,0.9591247488800914,0.9591247488800914,0.9591247488800914
