obs_gdp,obs_hours,obs_wages,obs_gdpdeflator,obs_corepce,obs_nominalrate,obs_consumption,obs_investment,obs_BBBspread,obs_longinflation,obs_longrate,obs_tfp,obs_gdi,obs_AAAspread,obs_nominalrate1,obs_nominalrate2,obs_nominalrate3,obs_nominalrate4,obs_nominalrate5,obs_nominalrate6
0.4193967282771993,-45.902584075927734,0.4193967282771993,0.48904647771268017,0.49999999999998934,0.9174166802381478,0.4193967282771993,0.4193967282771993,0.5221208876764055,0.49999999999998934,0.9174166802381478,0.0,0.4193967282771993,0.1174310227768634,0.9174166802381478,0.9174166802381478,0.9174166802381478,0.9174166802381478,0.9174166802381478,0.9174166802381478
