obs_gdp,obs_hours,obs_wages,obs_gdpdeflator,obs_corepce,obs_nominalrate,obs_consumption,obs_investment,obs_BBBspread,obs_longinflation,obs_longrate,obs_tfp,obs_gdi,obs_AAAspread,obs_nominalrate1,obs_nominalrate2,obs_nominalrate3,obs_nominalrate4,obs_nominalrate5,obs_nominalrate6
0.446813800489787,-46.70316668175718,0.446813800489787,0.49647594608931395,0.49999999999998934,0.9276612838354348,0.446813800489787,0.446813800489787,0.47421658940223255,0.49999999999998934,0.9276612838354348,0.0,0.446813800489787,0.1174310227768634,0.9276612838354348,0.9276612838354348,0.9276612838354348,0.9276612838354348,0.9276612838354348,0.9276612838354348
