obs_gdp,obs_hours,obs_wages,obs_gdpdeflator,obs_corepce,obs_nominalrate,obs_consumption,obs_investment,obs_BBBspread,obs_longinflation,obs_longrate,obs_tfp,obs_gdi,obs_AAAspread,obs_nominalrate1,obs_nominalrate2,obs_nominalrate3,obs_nominalrate4,obs_nominalrate5,obs_nominalrate6
0.4115638136863664,-48.37004470825195,0.4115638136863664,0.49142714310436375,0.49999999999998934,0.8831570050186199,0.4115638136863664,0.4115638136863664,0.41391963840166973,0.49999999999998934,0.8831570050186199,0.0,0.4115638136863664,0.1174310227768634,0.8831570050186199,0.8831570050186199,0.8831570050186199,0.8831570050186199,0.8831570050186199,0.8831570050186199
