obs_gdp,obs_hours,obs_wages,obs_gdpdeflator,obs_corepce,obs_nominalrate,obs_consumption,obs_investment,obs_BBBspread,obs_longinflation,obs_longrate,obs_tfp,obs_gdi,obs_AAAspread,obs_nominalrate1,obs_nominalrate2,obs_nominalrate3,obs_nominalrate4,obs_nominalrate5,obs_nominalrate6
0.4222480356693259,-48.009361267089844,0.4222480356693259,0.49293000670148857,0.49999999999998934,0.896511014635637,0.4222480356693259,0.4222480356693259,0.4214588947523079,0.49999999999998934,0.896511014635637,0.0,0.4222480356693259,0.1174310227768634,0.896511014635637,0.896511014635637,0.896511014635637,0.896511014635637,0.896511014635637,0.896511014635637
