obs_gdp,obs_hours,obs_wages,obs_gdpdeflator,obs_corepce,obs_nominalrate,obs_consumption,obs_investment,obs_BBBspread,obs_longinflation,obs_longrate,obs_tfp,obs_gdi,obs_AAAspread,obs_nominalrate1,obs_nominalrate2,obs_nominalrate3,obs_nominalrate4,obs_nominalrate5,obs_nominalrate6
0.4530308748362799,-46.19346243995102,0.4530308748362799,0.4963421721408729,0.49999999999998934,0.9359085622942187,0.4530308748362799,0.4530308748362799,0.4733388189284043,0.49999999999998934,0.9359085622942187,0.0,0.4530308748362799,0.1174310227768634,0.9359085622942187,0.9359085622942187,0.9359085622942187,0.9359085622942187,0.9359085622942187,0.9359085622942187
