obs_gdp,obs_hours,obs_wages,obs_gdpdeflator,obs_corepce,obs_nominalrate,obs_consumption,obs_investment,obs_BBBspread,obs_longinflation,obs_longrate,obs_tfp,obs_gdi,obs_AAAspread,obs_nominalrate1,obs_nominalrate2,obs_nominalrate3,obs_nominalrate4,obs_nominalrate5,obs_nominalrate6
0.41717597842216847,-48.19170379638672,0.41717597842216847,0.4924075268208874,0.49999999999998934,0.9194346201210735,0.41717597842216847,0.41717597842216847,0.4183219363100425,0.49999999999998934,0.9194346201210735,0.0,0.41717597842216847,0.1174310227768634,0.9194346201210735,0.9194346201210735,0.9194346201210735,0.9194346201210735,0.9194346201210735,0.9194346201210735
