obs_gdp,obs_hours,obs_wages,obs_gdpdeflator,obs_corepce,obs_nominalrate,obs_consumption,obs_investment,obs_BBBspread,obs_longinflation,obs_longrate,obs_tfp,obs_gdi,obs_AAAspread,obs_nominalrate1,obs_nominalrate2,obs_nominalrate3,obs_nominalrate4,obs_nominalrate5,obs_nominalrate6
0.4523112850282729,-46.24023070082582,0.4523112850282729,0.49643824591420455,0.49999999999998934,0.9341023601014076,0.4523112850282729,0.4523112850282729,0.4736505083740612,0.49999999999998934,0.9341023601014076,0.0,0.4523112850282729,0.1174310227768634,0.9341023601014076,0.9341023601014076,0.9341023601014076,0.9341023601014076,0.9341023601014076,0.9341023601014076
