obs_gdp,obs_hours,obs_wages,obs_gdpdeflator,obs_corepce,obs_nominalrate,obs_consumption,obs_investment,obs_BBBspread,obs_longinflation,obs_longrate,obs_tfp,obs_gdi,obs_AAAspread,obs_nominalrate1,obs_nominalrate2,obs_nominalrate3,obs_nominalrate4,obs_nominalrate5,obs_nominalrate6
0.43249577283859253,-48.18255615234375,0.43249577283859253,0.5001692489895397,0.49999999999998934,0.9230390662918975,0.43249577283859253,0.43249577283859253,0.42388171749667203,0.49999999999998934,0.9230390662918975,0.0,0.43249577283859253,0.1174310227768634,0.9230390662918975,0.9230390662918975,0.9230390662918975,0.9230390662918975,0.9230390662918975,0.9230390662918975
