obs_gdp,obs_hours,obs_wages,obs_gdpdeflator,obs_corepce,obs_nominalrate,obs_consumption,obs_investment,obs_BBBspread,obs_longinflation,obs_longrate,obs_tfp,obs_gdi,obs_AAAspread,obs_nominalrate1,obs_nominalrate2,obs_nominalrate3,obs_nominalrate4,obs_nominalrate5,obs_nominalrate6
0.43311189304344744,-47.672769934627794,0.43311189304344744,0.49610309899453414,0.49999999999998934,0.9135309492942723,0.43311189304344744,0.43311189304344744,0.4749377696092969,0.49999999999998934,0.9135309492942723,0.0,0.43311189304344744,0.1174310227768634,0.9135309492942723,0.9135309492942723,0.9135309492942723,0.9135309492942723,0.9135309492942723,0.9135309492942723
