obs_gdp,obs_hours,obs_wages,obs_gdpdeflator,obs_corepce,obs_nominalrate,obs_consumption,obs_investment,obs_BBBspread,obs_longinflation,obs_longrate,obs_tfp,obs_gdi,obs_AAAspread,obs_nominalrate1,obs_nominalrate2,obs_nominalrate3,obs_nominalrate4,obs_nominalrate5,obs_nominalrate6
0.4348597228527096,-48.3359375,0.4348597228527096,0.5005646785139,0.49999999999998934,0.9274369196642152,0.4348597228527096,0.4348597228527096,0.41879567803215073,0.49999999999998934,0.9274369196642152,0.0,0.4348597228527096,0.1174310227768634,0.9274369196642152,0.9274369196642152,0.9274369196642152,0.9274369196642152,0.9274369196642152,0.9274369196642152
