obs_gdp,obs_hours,obs_wages,obs_gdpdeflator,obs_corepce,obs_nominalrate,obs_consumption,obs_investment,obs_BBBspread,obs_longinflation,obs_longrate,obs_tfp,obs_gdi,obs_AAAspread,obs_nominalrate1,obs_nominalrate2,obs_nominalrate3,obs_nominalrate4,obs_nominalrate5,obs_nominalrate6
0.44715270400046414,-48.21628952026367,0.44715270400046414,0.4997472112590806,0.49999999999998934,0.935472987236019,0.44715270400046414,0.44715270400046414,0.42162102575162397,0.49999999999998934,0.935472987236019,0.0,0.44715270400046414,0.1174310227768634,0.935472987236019,0.935472987236019,0.935472987236019,0.935472987236019,0.935472987236019,0.935472987236019
