obs_gdp,obs_hours,obs_wages,obs_gdpdeflator,obs_corepce,obs_nominalrate,obs_consumption,obs_investment,obs_BBBspread,obs_longinflation,obs_longrate,obs_tfp,obs_gdi,obs_AAAspread,obs_nominalrate1,obs_nominalrate2,obs_nominalrate3,obs_nominalrate4,obs_nominalrate5,obs_nominalrate6
0.4644420197793764,-44.61527993260956,0.4644420197793764,0.4939976484998006,0.49999999999998934,0.9602531155210592,0.4644420197793764,0.4644420197793764,0.4686397977731259,0.49999999999998934,0.9602531155210592,0.0,0.4644420197793764,0.1174310227768634,0.9602531155210592,0.9602531155210592,0.9602531155210592,0.9602531155210592,0.9602531155210592,0.9602531155210592
