obs_gdp,obs_hours,obs_wages,obs_gdpdeflator,obs_corepce,obs_nominalrate,obs_consumption,obs_investment,obs_BBBspread,obs_longinflation,obs_longrate,obs_tfp,obs_gdi,obs_AAAspread,obs_nominalrate1,obs_nominalrate2,obs_nominalrate3,obs_nominalrate4,obs_nominalrate5,obs_nominalrate6
0.43297966747579686,-47.66814336143135,0.43297966747579686,0.4959271249791066,0.49999999999998934,0.9159278178073382,0.43297966747579686,0.43297966747579686,0.47400227682285656,0.49999999999998934,0.9159278178073382,0.0,0.43297966747579686,0.1174310227768634,0.9159278178073382,0.9159278178073382,0.9159278178073382,0.9159278178073382,0.9159278178073382,0.9159278178073382
