obs_gdp,obs_hours,obs_wages,obs_gdpdeflator,obs_corepce,obs_nominalrate,obs_consumption,obs_investment,obs_BBBspread,obs_longinflation,obs_longrate,obs_tfp,obs_gdi,obs_AAAspread,obs_nominalrate1,obs_nominalrate2,obs_nominalrate3,obs_nominalrate4,obs_nominalrate5,obs_nominalrate6
0.432758228251684,-47.72686926831561,0.432758228251684,0.49593887547095056,0.49999999999998934,0.9155679171390707,0.432758228251684,0.432758228251684,0.47371311333614496,0.49999999999998934,0.9155679171390707,0.0,0.432758228251684,0.1174310227768634,0.9155679171390707,0.9155679171390707,0.9155679171390707,0.9155679171390707,0.9155679171390707,0.9155679171390707
