obs_gdp,obs_hours,obs_wages,obs_gdpdeflator,obs_corepce,obs_nominalrate,obs_consumption,obs_investment,obs_BBBspread,obs_longinflation,obs_longrate,obs_tfp,obs_gdi,obs_AAAspread,obs_nominalrate1,obs_nominalrate2,obs_nominalrate3,obs_nominalrate4,obs_nominalrate5,obs_nominalrate6
0.43181622028349853,-48.49227523803711,0.43181622028349853,0.503433998441313,0.49999999999998934,0.918895728837299,0.43181622028349853,0.43181622028349853,0.42430854257839223,0.49999999999998934,0.918895728837299,0.0,0.43181622028349853,0.1174310227768634,0.918895728837299,0.918895728837299,0.918895728837299,0.918895728837299,0.918895728837299,0.918895728837299
