obs_gdp,obs_hours,obs_wages,obs_gdpdeflator,obs_corepce,obs_nominalrate,obs_consumption,obs_investment,obs_BBBspread,obs_longinflation,obs_longrate,obs_tfp,obs_gdi,obs_AAAspread,obs_nominalrate1,obs_nominalrate2,obs_nominalrate3,obs_nominalrate4,obs_nominalrate5,obs_nominalrate6
0.4309978187084118,-48.31010818481445,0.4309978187084118,0.5034644140396161,0.49999999999998934,0.9434856305698958,0.4309978187084118,0.4309978187084118,0.4279823430682307,0.49999999999998934,0.9434856305698958,0.0,0.4309978187084118,0.1174310227768634,0.9434856305698958,0.9434856305698958,0.9434856305698958,0.9434856305698958,0.9434856305698958,0.9434856305698958
