obs_gdp,obs_hours,obs_wages,obs_gdpdeflator,obs_corepce,obs_nominalrate,obs_consumption,obs_investment,obs_BBBspread,obs_longinflation,obs_longrate,obs_tfp,obs_gdi,obs_AAAspread,obs_nominalrate1,obs_nominalrate2,obs_nominalrate3,obs_nominalrate4,obs_nominalrate5,obs_nominalrate6
0.4270777612435994,-48.11070706731857,0.4270777612435994,0.4961502530942751,0.49999999999998934,0.9104449734905318,0.4270777612435994,0.4270777612435994,0.4745445471731763,0.49999999999998934,0.9104449734905318,0.0,0.4270777612435994,0.1174310227768634,0.9104449734905318,0.9104449734905318,0.9104449734905318,0.9104449734905318,0.9104449734905318,0.9104449734905318
