obs_gdp,obs_hours,obs_wages,obs_gdpdeflator,obs_corepce,obs_nominalrate,obs_consumption,obs_investment,obs_BBBspread,obs_longinflation,obs_longrate,obs_tfp,obs_gdi,obs_AAAspread,obs_nominalrate1,obs_nominalrate2,obs_nominalrate3,obs_nominalrate4,obs_nominalrate5,obs_nominalrate6
0.43378683924675254,-47.88758850097656,0.43378683924675254,0.500249327218615,0.49999999999998934,0.9635842207755152,0.43378683924675254,0.43378683924675254,0.41997794139153766,0.49999999999998934,0.9635842207755152,0.0,0.43378683924675254,0.1174310227768634,0.9635842207755152,0.9635842207755152,0.9635842207755152,0.9635842207755152,0.9635842207755152,0.9635842207755152
