obs_gdp,obs_hours,obs_wages,obs_gdpdeflator,obs_corepce,obs_nominalrate,obs_consumption,obs_investment,obs_BBBspread,obs_longinflation,obs_longrate,obs_tfp,obs_gdi,obs_AAAspread,obs_nominalrate1,obs_nominalrate2,obs_nominalrate3,obs_nominalrate4,obs_nominalrate5,obs_nominalrate6
0.4326313070217136,-47.73115435703574,0.4326313070217136,0.49651393989849596,0.49999999999998934,0.9183135812601328,0.4326313070217136,0.4326313070217136,0.47387199132749946,0.49999999999998934,0.9183135812601328,0.0,0.4326313070217136,0.1174310227768634,0.9183135812601328,0.9183135812601328,0.9183135812601328,0.9183135812601328,0.9183135812601328,0.9183135812601328
