obs_gdp,obs_hours,obs_wages,obs_gdpdeflator,obs_corepce,obs_nominalrate,obs_consumption,obs_investment,obs_BBBspread,obs_longinflation,obs_longrate,obs_tfp,obs_gdi,obs_AAAspread,obs_nominalrate1,obs_nominalrate2,obs_nominalrate3,obs_nominalrate4,obs_nominalrate5,obs_nominalrate6
0.42487287521362216,-47.606143951416016,0.42487287521362216,0.5043421383015705,0.49999999999998934,0.9947550372351177,0.42487287521362216,0.42487287521362216,0.4150087407648259,0.49999999999998934,0.9947550372351177,0.0,0.42487287521362216,0.1174310227768634,0.9947550372351177,0.9947550372351177,0.9947550372351177,0.9947550372351177,0.9947550372351177,0.9947550372351177
