obs_gdp,obs_hours,obs_wages,obs_gdpdeflator,obs_corepce,obs_nominalrate,obs_consumption,obs_investment,obs_BBBspread,obs_longinflation,obs_longrate,obs_tfp,obs_gdi,obs_AAAspread,obs_nominalrate1,obs_nominalrate2,obs_nominalrate3,obs_nominalrate4,obs_nominalrate5,obs_nominalrate6
0.43294813653287356,-47.667744904697244,0.43294813653287356,0.4963016989286076,0.49999999999998934,0.91787411791735,0.43294813653287356,0.43294813653287356,0.473856736678557,0.49999999999998934,0.91787411791735,0.0,0.43294813653287356,0.1174310227768634,0.91787411791735,0.91787411791735,0.91787411791735,0.91787411791735,0.91787411791735,0.91787411791735
