obs_gdp,obs_hours,obs_wages,obs_gdpdeflator,obs_corepce,obs_nominalrate,obs_consumption,obs_investment,obs_BBBspread,obs_longinflation,obs_longrate,obs_tfp,obs_gdi,obs_AAAspread,obs_nominalrate1,obs_nominalrate2,obs_nominalrate3,obs_nominalrate4,obs_nominalrate5,obs_nominalrate6
0.4427076876163394,-47.189979553222656,0.4427076876163394,0.5100958812981737,0.49999999999998934,1.014879537944413,0.4427076876163394,0.4427076876163394,0.4136468017484939,0.49999999999998934,1.014879537944413,0.0,0.4427076876163394,0.1174310227768634,1.014879537944413,1.014879537944413,1.014879537944413,1.014879537944413,1.014879537944413,1.014879537944413
