obs_gdp,obs_hours,obs_wages,obs_gdpdeflator,obs_corepce,obs_nominalrate,obs_consumption,obs_investment,obs_BBBspread,obs_longinflation,obs_longrate,obs_tfp,obs_gdi,obs_AAAspread,obs_nominalrate1,obs_nominalrate2,obs_nominalrate3,obs_nominalrate4,obs_nominalrate5,obs_nominalrate6
0.44552361965179976,-47.1394157409668,0.44552361965179976,0.5085635371506108,0.49999999999998934,1.029598691185285,0.44552361965179976,0.44552361965179976,0.41385876714884046,0.49999999999998934,1.029598691185285,0.0,0.44552361965179976,0.1174310227768634,1.029598691185285,1.029598691185285,1.029598691185285,1.029598691185285,1.029598691185285,1.029598691185285
