obs_gdp,obs_hours,obs_wages,obs_gdpdeflator,obs_corepce,obs_nominalrate,obs_consumption,obs_investment,obs_BBBspread,obs_longinflation,obs_longrate,obs_tfp,obs_gdi,obs_AAAspread,obs_nominalrate1,obs_nominalrate2,obs_nominalrate3,obs_nominalrate4,obs_nominalrate5,obs_nominalrate6
0.43672719449425745,-47.46700073258901,0.43672719449425745,0.49630425929321587,0.49999999999998934,0.9216364217546902,0.43672719449425745,0.43672719449425745,0.47435024813784227,0.49999999999998934,0.9216364217546902,0.0,0.43672719449425745,0.1174310227768634,0.9216364217546902,0.9216364217546902,0.9216364217546902,0.9216364217546902,0.9216364217546902,0.9216364217546902
