obs_gdp,obs_hours,obs_wages,obs_gdpdeflator,obs_corepce,obs_nominalrate,obs_consumption,obs_investment,obs_BBBspread,obs_longinflation,obs_longrate,obs_tfp,obs_gdi,obs_AAAspread,obs_nominalrate1,obs_nominalrate2,obs_nominalrate3,obs_nominalrate4,obs_nominalrate5,obs_nominalrate6
0.43977674841881864,-47.21650314331055,0.43977674841881864,0.5098112272098554,0.49999999999998934,1.0310866067691826,0.43977674841881864,0.43977674841881864,0.4139141462646312,0.49999999999998934,1.0310866067691826,0.0,0.43977674841881864,0.1174310227768634,1.0310866067691826,1.0310866067691826,1.0310866067691826,1.0310866067691826,1.0310866067691826,1.0310866067691826
