obs_gdp,obs_hours,obs_wages,obs_gdpdeflator,obs_corepce,obs_nominalrate,obs_consumption,obs_investment,obs_BBBspread,obs_longinflation,obs_longrate,obs_tfp,obs_gdi,obs_AAAspread,obs_nominalrate1,obs_nominalrate2,obs_nominalrate3,obs_nominalrate4,obs_nominalrate5,obs_nominalrate6
0.4411539614677329,-47.17710162787992,0.4411539614677329,0.49633406278876946,0.49999999999998934,0.9269199239654746,0.4411539614677329,0.4411539614677329,0.475112349163968,0.49999999999998934,0.9269199239654746,0.0,0.4411539614677329,0.1174310227768634,0.9269199239654746,0.9269199239654746,0.9269199239654746,0.9269199239654746,0.9269199239654746,0.9269199239654746
