obs_gdp,obs_hours,obs_wages,obs_gdpdeflator,obs_corepce,obs_nominalrate,obs_consumption,obs_investment,obs_BBBspread,obs_longinflation,obs_longrate,obs_tfp,obs_gdi,obs_AAAspread,obs_nominalrate1,obs_nominalrate2,obs_nominalrate3,obs_nominalrate4,obs_nominalrate5,obs_nominalrate6
0.44862104996923335,-46.68044492895794,0.44862104996923335,0.4963752797330182,0.49999999999998934,0.9365675493306025,0.44862104996923335,0.44862104996923335,0.47439441087369705,0.49999999999998934,0.9365675493306025,0.0,0.44862104996923335,0.1174310227768634,0.9365675493306025,0.9365675493306025,0.9365675493306025,0.9365675493306025,0.9365675493306025,0.9365675493306025
