obs_gdp,obs_hours,obs_wages,obs_gdpdeflator,obs_corepce,obs_nominalrate,obs_consumption,obs_investment,obs_BBBspread,obs_longinflation,obs_longrate,obs_tfp,obs_gdi,obs_AAAspread,obs_nominalrate1,obs_nominalrate2,obs_nominalrate3,obs_nominalrate4,obs_nominalrate5,obs_nominalrate6
0.4455273747444144,-47.3863525390625,0.4455273747444144,0.5055671841837359,0.49999999999998934,1.005153426466543,0.4455273747444144,0.4455273747444144,0.41286155297589777,0.49999999999998934,1.005153426466543,0.0,0.4455273747444144,0.1174310227768634,1.005153426466543,1.005153426466543,1.005153426466543,1.005153426466543,1.005153426466543,1.005153426466543
