obs_gdp,obs_hours,obs_wages,obs_gdpdeflator,obs_corepce,obs_nominalrate,obs_consumption,obs_investment,obs_BBBspread,obs_longinflation,obs_longrate,obs_tfp,obs_gdi,obs_AAAspread,obs_nominalrate1,obs_nominalrate2,obs_nominalrate3,obs_nominalrate4,obs_nominalrate5,obs_nominalrate6
0.4443903267383531,-47.35309600830078,0.4443903267383531,0.5028621929231925,0.49999999999998934,1.00997075943563,0.4443903267383531,0.4443903267383531,0.41455262863874476,0.49999999999998934,1.00997075943563,0.0,0.4443903267383531,0.1174310227768634,1.00997075943563,1.00997075943563,1.00997075943563,1.00997075943563,1.00997075943563,1.00997075943563
