obs_gdp,obs_hours,obs_wages,obs_gdpdeflator,obs_corepce,obs_nominalrate,obs_consumption,obs_investment,obs_BBBspread,obs_longinflation,obs_longrate,obs_tfp,obs_gdi,obs_AAAspread,obs_nominalrate1,obs_nominalrate2,obs_nominalrate3,obs_nominalrate4,obs_nominalrate5,obs_nominalrate6
0.4599278046503841,-45.87256018800985,0.4599278046503841,0.4964395505333897,0.49999999999998934,0.9509187683724551,0.4599278046503841,0.4599278046503841,0.47279172395187347,0.49999999999998934,0.9509187683724551,0.0,0.4599278046503841,0.1174310227768634,0.9509187683724551,0.9509187683724551,0.9509187683724551,0.9509187683724551,0.9509187683724551,0.9509187683724551
