obs_gdp,obs_hours,obs_wages,obs_gdpdeflator,obs_corepce,obs_nominalrate,obs_consumption,obs_investment,obs_BBBspread,obs_longinflation,obs_longrate,obs_tfp,obs_gdi,obs_AAAspread,obs_nominalrate1,obs_nominalrate2,obs_nominalrate3,obs_nominalrate4,obs_nominalrate5,obs_nominalrate6
0.4490247070789266,-47.17723083496094,0.4490247070789266,0.5127277998253597,0.49999999999998934,0.9973388645877712,0.4490247070789266,0.4490247070789266,0.4196864989457748,0.49999999999998934,0.9973388645877712,0.0,0.4490247070789266,0.1174310227768634,0.9973388645877712,0.9973388645877712,0.9973388645877712,0.9973388645877712,0.9973388645877712,0.9973388645877712
