obs_gdp,obs_hours,obs_wages,obs_gdpdeflator,obs_corepce,obs_nominalrate,obs_consumption,obs_investment,obs_BBBspread,obs_longinflation,obs_longrate,obs_tfp,obs_gdi,obs_AAAspread,obs_nominalrate1,obs_nominalrate2,obs_nominalrate3,obs_nominalrate4,obs_nominalrate5,obs_nominalrate6
0.46222261734134573,-45.712058416686126,0.46222261734134573,0.49656335291090276,0.49999999999998934,0.9529076132386738,0.46222261734134573,0.46222261734134573,0.4725148322847761,0.49999999999998934,0.9529076132386738,0.0,0.46222261734134573,0.1174310227768634,0.9529076132386738,0.9529076132386738,0.9529076132386738,0.9529076132386738,0.9529076132386738,0.9529076132386738
