obs_gdp,obs_hours,obs_wages,obs_gdpdeflator,obs_corepce,obs_nominalrate,obs_consumption,obs_investment,obs_BBBspread,obs_longinflation,obs_longrate,obs_tfp,obs_gdi,obs_AAAspread,obs_nominalrate1,obs_nominalrate2,obs_nominalrate3,obs_nominalrate4,obs_nominalrate5,obs_nominalrate6
0.46608291418002157,-44.42281338136011,0.46608291418002157,0.494002444743812,0.49999999999998934,0.9616370130570484,0.46608291418002157,0.46608291418002157,0.4683328175720872,0.49999999999998934,0.9616370130570484,0.0,0.46608291418002157,0.1174310227768634,0.9616370130570484,0.9616370130570484,0.9616370130570484,0.9616370130570484,0.9616370130570484,0.9616370130570484
