obs_gdp,obs_hours,obs_wages,obs_gdpdeflator,obs_corepce,obs_nominalrate,obs_consumption,obs_investment,obs_BBBspread,obs_longinflation,obs_longrate,obs_tfp,obs_gdi,obs_AAAspread,obs_nominalrate1,obs_nominalrate2,obs_nominalrate3,obs_nominalrate4,obs_nominalrate5,obs_nominalrate6
0.4378668963909149,-45.52565383911133,0.4378668963909149,0.4883606527000559,0.49999999999998934,0.9234551059406071,0.4378668963909149,0.4378668963909149,0.5111079211870417,0.49999999999998934,0.9234551059406071,0.0,0.4378668963909149,0.1174310227768634,0.9234551059406071,0.9234551059406071,0.9234551059406071,0.9234551059406071,0.9234551059406071,0.9234551059406071
