obs_gdp,obs_hours,obs_wages,obs_gdpdeflator,obs_corepce,obs_nominalrate,obs_consumption,obs_investment,obs_BBBspread,obs_longinflation,obs_longrate,obs_tfp,obs_gdi,obs_AAAspread,obs_nominalrate1,obs_nominalrate2,obs_nominalrate3,obs_nominalrate4,obs_nominalrate5,obs_nominalrate6
0.4329777359962428,-47.907047271728516,0.4329777359962428,0.5036771371960533,0.49999999999998934,0.9195345792071485,0.4329777359962428,0.4329777359962428,0.42729794385954356,0.49999999999998934,0.9195345792071485,0.0,0.4329777359962428,0.1174310227768634,0.9195345792071485,0.9195345792071485,0.9195345792071485,0.9195345792071485,0.9195345792071485,0.9195345792071485
