obs_gdp,obs_hours,obs_wages,obs_gdpdeflator,obs_corepce,obs_nominalrate,obs_consumption,obs_investment,obs_BBBspread,obs_longinflation,obs_longrate,obs_tfp,obs_gdi,obs_AAAspread,obs_nominalrate1,obs_nominalrate2,obs_nominalrate3,obs_nominalrate4,obs_nominalrate5,obs_nominalrate6
0.4559063288704479,-46.20619839078207,0.4559063288704479,0.4964293456262059,0.49999999999998934,0.9450830855024961,0.4559063288704479,0.4559063288704479,0.4711442155300412,0.49999999999998934,0.9450830855024961,0.0,0.4559063288704479,0.1174310227768634,0.9450830855024961,0.9450830855024961,0.9450830855024961,0.9450830855024961,0.9450830855024961,0.9450830855024961
