obs_gdp,obs_hours,obs_wages,obs_gdpdeflator,obs_corepce,obs_nominalrate,obs_consumption,obs_investment,obs_BBBspread,obs_longinflation,obs_longrate,obs_tfp,obs_gdi,obs_AAAspread,obs_nominalrate1,obs_nominalrate2,obs_nominalrate3,obs_nominalrate4,obs_nominalrate5,obs_nominalrate6
0.4509052336215902,-47.75552749633789,0.4509052336215902,0.5229092929512156,0.49999999999998934,0.9736745931443691,0.4509052336215902,0.4509052336215902,0.4303093549963675,0.49999999999998934,0.9736745931443691,0.0,0.4509052336215902,0.1174310227768634,0.9736745931443691,0.9736745931443691,0.9736745931443691,0.9736745931443691,0.9736745931443691,0.9736745931443691
