obs_gdp,obs_hours,obs_wages,obs_gdpdeflator,obs_corepce,obs_nominalrate,obs_consumption,obs_investment,obs_BBBspread,obs_longinflation,obs_longrate,obs_tfp,obs_gdi,obs_AAAspread,obs_nominalrate1,obs_nominalrate2,obs_nominalrate3,obs_nominalrate4,obs_nominalrate5,obs_nominalrate6
0.4598014370211789,-45.90925113844521,0.4598014370211789,0.49656612778215103,0.49999999999998934,0.9496819747615293,0.4598014370211789,0.4598014370211789,0.47105024987008787,0.49999999999998934,0.9496819747615293,0.0,0.4598014370211789,0.1174310227768634,0.9496819747615293,0.9496819747615293,0.9496819747615293,0.9496819747615293,0.9496819747615293,0.9496819747615293
