obs_gdp,obs_hours,obs_wages,obs_gdpdeflator,obs_corepce,obs_nominalrate,obs_consumption,obs_investment,obs_BBBspread,obs_longinflation,obs_longrate,obs_tfp,obs_gdi,obs_AAAspread,obs_nominalrate1,obs_nominalrate2,obs_nominalrate3,obs_nominalrate4,obs_nominalrate5,obs_nominalrate6
0.4466656446456829,-47.95042419433594,0.4466656446456829,0.5208875387906922,0.49999999999998934,0.9691384216732324,0.4466656446456829,0.4466656446456829,0.4387825151920632,0.49999999999998934,0.9691384216732324,0.0,0.4466656446456829,0.1174310227768634,0.9691384216732324,0.9691384216732324,0.9691384216732324,0.9691384216732324,0.9691384216732324,0.9691384216732324
