obs_gdp,obs_hours,obs_wages,obs_gdpdeflator,obs_corepce,obs_nominalrate,obs_consumption,obs_investment,obs_BBBspread,obs_longinflation,obs_longrate,obs_tfp,obs_gdi,obs_AAAspread,obs_nominalrate1,obs_nominalrate2,obs_nominalrate3,obs_nominalrate4,obs_nominalrate5,obs_nominalrate6
0.4485781788825971,-48.00251388549805,0.4485781788825971,0.5202924180775774,0.49999999999998934,0.97275235224481,0.4485781788825971,0.4485781788825971,0.4367555777980254,0.49999999999998934,0.97275235224481,0.0,0.4485781788825971,0.1174310227768634,0.97275235224481,0.97275235224481,0.97275235224481,0.97275235224481,0.97275235224481,0.97275235224481
