obs_gdp,obs_hours,obs_wages,obs_gdpdeflator,obs_corepce,obs_nominalrate,obs_consumption,obs_investment,obs_BBBspread,obs_longinflation,obs_longrate,obs_tfp,obs_gdi,obs_AAAspread,obs_nominalrate1,obs_nominalrate2,obs_nominalrate3,obs_nominalrate4,obs_nominalrate5,obs_nominalrate6
0.4551078081131088,-47.951148986816406,0.4551078081131088,0.5210196375846756,0.49999999999998934,0.987647023319016,0.4551078081131088,0.4551078081131088,0.43664306204334297,0.49999999999998934,0.987647023319016,0.0,0.4551078081131088,0.1174310227768634,0.987647023319016,0.987647023319016,0.987647023319016,0.987647023319016,0.987647023319016,0.987647023319016
