obs_gdp,obs_hours,obs_wages,obs_gdpdeflator,obs_corepce,obs_nominalrate,obs_consumption,obs_investment,obs_BBBspread,obs_longinflation,obs_longrate,obs_tfp,obs_gdi,obs_AAAspread,obs_nominalrate1,obs_nominalrate2,obs_nominalrate3,obs_nominalrate4,obs_nominalrate5,obs_nominalrate6
0.46014919176000646,-46.00425198136366,0.46014919176000646,0.49723021397599865,0.49999999999998934,0.9464764680135351,0.46014919176000646,0.46014919176000646,0.4726059036595117,0.49999999999998934,0.9464764680135351,0.0,0.46014919176000646,0.1174310227768634,0.9464764680135351,0.9464764680135351,0.9464764680135351,0.9464764680135351,0.9464764680135351,0.9464764680135351
