obs_gdp,obs_hours,obs_wages,obs_gdpdeflator,obs_corepce,obs_nominalrate,obs_consumption,obs_investment,obs_BBBspread,obs_longinflation,obs_longrate,obs_tfp,obs_gdi,obs_AAAspread,obs_nominalrate1,obs_nominalrate2,obs_nominalrate3,obs_nominalrate4,obs_nominalrate5,obs_nominalrate6
0.44091293215751115,-48.08507537841797,0.44091293215751115,0.5206450745463265,0.49999999999998934,0.9529453927636489,0.44091293215751115,0.44091293215751115,0.443736021889855,0.49999999999998934,0.9529453927636489,0.0,0.44091293215751115,0.1174310227768634,0.9529453927636489,0.9529453927636489,0.9529453927636489,0.9529453927636489,0.9529453927636489,0.9529453927636489
