obs_gdp,obs_hours,obs_wages,obs_gdpdeflator,obs_corepce,obs_nominalrate,obs_consumption,obs_investment,obs_BBBspread,obs_longinflation,obs_longrate,obs_tfp,obs_gdi,obs_AAAspread,obs_nominalrate1,obs_nominalrate2,obs_nominalrate3,obs_nominalrate4,obs_nominalrate5,obs_nominalrate6
0.4595865507635688,-44.90555857263727,0.4595865507635688,0.49368395848902014,0.49999999999998934,0.9535752714385559,0.4595865507635688,0.4595865507635688,0.46850616075765567,0.49999999999998934,0.9535752714385559,0.0,0.4595865507635688,0.1174310227768634,0.9535752714385559,0.9535752714385559,0.9535752714385559,0.9535752714385559,0.9535752714385559,0.9535752714385559
