obs_gdp,obs_hours,obs_wages,obs_gdpdeflator,obs_corepce,obs_nominalrate,obs_consumption,obs_investment,obs_BBBspread,obs_longinflation,obs_longrate,obs_tfp,obs_gdi,obs_AAAspread,obs_nominalrate1,obs_nominalrate2,obs_nominalrate3,obs_nominalrate4,obs_nominalrate5,obs_nominalrate6
0.4432669579982784,-48.03855514526367,0.4432669579982784,0.5231492910534037,0.49999999999998934,0.96535114895,0.4432669579982784,0.4432669579982784,0.445466724644645,0.49999999999998934,0.96535114895,0.0,0.4432669579982784,0.1174310227768634,0.96535114895,0.96535114895,0.96535114895,0.96535114895,0.96535114895,0.96535114895
