obs_gdp,obs_hours,obs_wages,obs_gdpdeflator,obs_corepce,obs_nominalrate,obs_consumption,obs_investment,obs_BBBspread,obs_longinflation,obs_longrate,obs_tfp,obs_gdi,obs_AAAspread,obs_nominalrate1,obs_nominalrate2,obs_nominalrate3,obs_nominalrate4,obs_nominalrate5,obs_nominalrate6
0.46306042742361164,-45.80697808336623,0.46306042742361164,0.49745101540709513,0.49999999999998934,0.9513622114310394,0.46306042742361164,0.46306042742361164,0.4721066289334783,0.49999999999998934,0.9513622114310394,0.0,0.46306042742361164,0.1174310227768634,0.9513622114310394,0.9513622114310394,0.9513622114310394,0.9513622114310394,0.9513622114310394,0.9513622114310394
