obs_gdp,obs_hours,obs_wages,obs_gdpdeflator,obs_corepce,obs_nominalrate,obs_consumption,obs_investment,obs_BBBspread,obs_longinflation,obs_longrate,obs_tfp,obs_gdi,obs_AAAspread,obs_nominalrate1,obs_nominalrate2,obs_nominalrate3,obs_nominalrate4,obs_nominalrate5,obs_nominalrate6
0.46150039698227285,-45.89686105933554,0.46150039698227285,0.49755503485916897,0.49999999999998934,0.9488185410001071,0.46150039698227285,0.46150039698227285,0.4721565866310692,0.49999999999998934,0.9488185410001071,0.0,0.46150039698227285,0.1174310227768634,0.9488185410001071,0.9488185410001071,0.9488185410001071,0.9488185410001071,0.9488185410001071,0.9488185410001071
