obs_gdp,obs_hours,obs_wages,obs_gdpdeflator,obs_corepce,obs_nominalrate,obs_consumption,obs_investment,obs_BBBspread,obs_longinflation,obs_longrate,obs_tfp,obs_gdi,obs_AAAspread,obs_nominalrate1,obs_nominalrate2,obs_nominalrate3,obs_nominalrate4,obs_nominalrate5,obs_nominalrate6
0.4423736035823911,-47.832611083984375,0.4423736035823911,0.533208150416602,0.49999999999998934,0.967076357777108,0.4423736035823911,0.4423736035823911,0.4496007569143181,0.49999999999998934,0.967076357777108,0.0,0.4423736035823911,0.1174310227768634,0.967076357777108,0.967076357777108,0.967076357777108,0.967076357777108,0.967076357777108,0.967076357777108
