obs_gdp,obs_hours,obs_wages,obs_gdpdeflator,obs_corepce,obs_nominalrate,obs_consumption,obs_investment,obs_BBBspread,obs_longinflation,obs_longrate,obs_tfp,obs_gdi,obs_AAAspread,obs_nominalrate1,obs_nominalrate2,obs_nominalrate3,obs_nominalrate4,obs_nominalrate5,obs_nominalrate6
0.44257810711860746,-48.09035873413086,0.44257810711860746,0.5371788069605721,0.49999999999998934,0.9582967298203737,0.44257810711860746,0.44257810711860746,0.4494543904533328,0.49999999999998934,0.9582967298203737,0.0,0.44257810711860746,0.1174310227768634,0.9582967298203737,0.9582967298203737,0.9582967298203737,0.9582967298203737,0.9582967298203737,0.9582967298203737
