obs_gdp,obs_hours,obs_wages,obs_gdpdeflator,obs_corepce,obs_nominalrate,obs_consumption,obs_investment,obs_BBBspread,obs_longinflation,obs_longrate,obs_tfp,obs_gdi,obs_AAAspread,obs_nominalrate1,obs_nominalrate2,obs_nominalrate3,obs_nominalrate4,obs_nominalrate5,obs_nominalrate6
0.469230359816053,-45.382806324813345,0.469230359816053,0.4976060107741887,0.49999999999998934,0.9599661417672323,0.469230359816053,0.469230359816053,0.4723054365918161,0.49999999999998934,0.9599661417672323,0.0,0.469230359816053,0.1174310227768634,0.9599661417672323,0.9599661417672323,0.9599661417672323,0.9599661417672323,0.9599661417672323,0.9599661417672323
