obs_gdp,obs_hours,obs_wages,obs_gdpdeflator,obs_corepce,obs_nominalrate,obs_consumption,obs_investment,obs_BBBspread,obs_longinflation,obs_longrate,obs_tfp,obs_gdi,obs_AAAspread,obs_nominalrate1,obs_nominalrate2,obs_nominalrate3,obs_nominalrate4,obs_nominalrate5,obs_nominalrate6
0.4433818757534125,-47.91640090942383,0.4433818757534125,0.5414169132709397,0.49999999999998934,0.9401837072033903,0.4433818757534125,0.4433818757534125,0.45615201931190685,0.49999999999998934,0.9401837072033903,0.0,0.4433818757534125,0.1174310227768634,0.9401837072033903,0.9401837072033903,0.9401837072033903,0.9401837072033903,0.9401837072033903,0.9401837072033903
