obs_gdp,obs_hours,obs_wages,obs_gdpdeflator,obs_corepce,obs_nominalrate,obs_consumption,obs_investment,obs_BBBspread,obs_longinflation,obs_longrate,obs_tfp,obs_gdi,obs_AAAspread,obs_nominalrate1,obs_nominalrate2,obs_nominalrate3,obs_nominalrate4,obs_nominalrate5,obs_nominalrate6
0.44642153382301597,-47.745391845703125,0.44642153382301597,0.5389735847711457,0.49999999999998934,0.9603525145484904,0.44642153382301597,0.44642153382301597,0.4482308819264047,0.49999999999998934,0.9603525145484904,0.0,0.44642153382301597,0.1174310227768634,0.9603525145484904,0.9603525145484904,0.9603525145484904,0.9603525145484904,0.9603525145484904,0.9603525145484904
