obs_gdp,obs_hours,obs_wages,obs_gdpdeflator,obs_corepce,obs_nominalrate,obs_consumption,obs_investment,obs_BBBspread,obs_longinflation,obs_longrate,obs_tfp,obs_gdi,obs_AAAspread,obs_nominalrate1,obs_nominalrate2,obs_nominalrate3,obs_nominalrate4,obs_nominalrate5,obs_nominalrate6
0.4557996112252827,-46.337126219047995,0.4557996112252827,0.49761427105850936,0.49999999999998934,0.9425185049235063,0.4557996112252827,0.4557996112252827,0.4736027940297854,0.49999999999998934,0.9425185049235063,0.0,0.4557996112252827,0.1174310227768634,0.9425185049235063,0.9425185049235063,0.9425185049235063,0.9425185049235063,0.9425185049235063,0.9425185049235063
