obs_gdp,obs_hours,obs_wages,obs_gdpdeflator,obs_corepce,obs_nominalrate,obs_consumption,obs_investment,obs_BBBspread,obs_longinflation,obs_longrate,obs_tfp,obs_gdi,obs_AAAspread,obs_nominalrate1,obs_nominalrate2,obs_nominalrate3,obs_nominalrate4,obs_nominalrate5,obs_nominalrate6
0.45838903162325195,-46.159655038479016,0.45838903162325195,0.4974862957038425,0.49999999999998934,0.9471200369764787,0.45838903162325195,0.45838903162325195,0.4730273493771207,0.49999999999998934,0.9471200369764787,0.0,0.45838903162325195,0.1174310227768634,0.9471200369764787,0.9471200369764787,0.9471200369764787,0.9471200369764787,0.9471200369764787,0.9471200369764787
