obs_gdp,obs_hours,obs_wages,obs_gdpdeflator,obs_corepce,obs_nominalrate,obs_consumption,obs_investment,obs_BBBspread,obs_longinflation,obs_longrate,obs_tfp,obs_gdi,obs_AAAspread,obs_nominalrate1,obs_nominalrate2,obs_nominalrate3,obs_nominalrate4,obs_nominalrate5,obs_nominalrate6
0.4523687438022561,-46.64895626164185,0.4523687438022561,0.49760168510466446,0.49999999999998934,0.9410875519393125,0.4523687438022561,0.4523687438022561,0.4734004177932604,0.49999999999998934,0.9410875519393125,0.0,0.4523687438022561,0.1174310227768634,0.9410875519393125,0.9410875519393125,0.9410875519393125,0.9410875519393125,0.9410875519393125,0.9410875519393125
