obs_gdp,obs_hours,obs_wages,obs_gdpdeflator,obs_corepce,obs_nominalrate,obs_consumption,obs_investment,obs_BBBspread,obs_longinflation,obs_longrate,obs_tfp,obs_gdi,obs_AAAspread,obs_nominalrate1,obs_nominalrate2,obs_nominalrate3,obs_nominalrate4,obs_nominalrate5,obs_nominalrate6
0.451217523998082,-46.73265452088277,0.451217523998082,0.4973236025899614,0.49999999999998934,0.9416610687127847,0.451217523998082,0.451217523998082,0.47303286746632073,0.49999999999998934,0.9416610687127847,0.0,0.451217523998082,0.1174310227768634,0.9416610687127847,0.9416610687127847,0.9416610687127847,0.9416610687127847,0.9416610687127847,0.9416610687127847
