obs_gdp,obs_hours,obs_wages,obs_gdpdeflator,obs_corepce,obs_nominalrate,obs_consumption,obs_investment,obs_BBBspread,obs_longinflation,obs_longrate,obs_tfp,obs_gdi,obs_AAAspread,obs_nominalrate1,obs_nominalrate2,obs_nominalrate3,obs_nominalrate4,obs_nominalrate5,obs_nominalrate6
0.46197394299425376,-44.66096272361584,0.46197394299425376,0.4936173303164641,0.49999999999998934,0.9568851241688492,0.46197394299425376,0.46197394299425376,0.46765190629692666,0.49999999999998934,0.9568851241688492,0.0,0.46197394299425376,0.1174310227768634,0.9568851241688492,0.9568851241688492,0.9568851241688492,0.9568851241688492,0.9568851241688492,0.9568851241688492
