obs_gdp,obs_hours,obs_wages,obs_gdpdeflator,obs_corepce,obs_nominalrate,obs_consumption,obs_investment,obs_BBBspread,obs_longinflation,obs_longrate,obs_tfp,obs_gdi,obs_AAAspread,obs_nominalrate1,obs_nominalrate2,obs_nominalrate3,obs_nominalrate4,obs_nominalrate5,obs_nominalrate6
0.4534613388575748,-46.58870278475798,0.4534613388575748,0.4974154787725428,0.49999999999998934,0.9434710822895376,0.4534613388575748,0.4534613388575748,0.47275613235844055,0.49999999999998934,0.9434710822895376,0.0,0.4534613388575748,0.1174310227768634,0.9434710822895376,0.9434710822895376,0.9434710822895376,0.9434710822895376,0.9434710822895376,0.9434710822895376
