obs_gdp,obs_hours,obs_wages,obs_gdpdeflator,obs_corepce,obs_nominalrate,obs_consumption,obs_investment,obs_BBBspread,obs_longinflation,obs_longrate,obs_tfp,obs_gdi,obs_AAAspread,obs_nominalrate1,obs_nominalrate2,obs_nominalrate3,obs_nominalrate4,obs_nominalrate5,obs_nominalrate6
0.4507171511650032,-47.82143020629883,0.4507171511650032,0.5433079041540516,0.49999999999998934,0.9618121998562046,0.4507171511650032,0.4507171511650032,0.4419557370520657,0.49999999999998934,0.9618121998562046,0.0,0.4507171511650032,0.1174310227768634,0.9618121998562046,0.9618121998562046,0.9618121998562046,0.9618121998562046,0.9618121998562046,0.9618121998562046
