obs_gdp,obs_hours,obs_wages,obs_gdpdeflator,obs_corepce,obs_nominalrate,obs_consumption,obs_investment,obs_BBBspread,obs_longinflation,obs_longrate,obs_tfp,obs_gdi,obs_AAAspread,obs_nominalrate1,obs_nominalrate2,obs_nominalrate3,obs_nominalrate4,obs_nominalrate5,obs_nominalrate6
0.45005749217241764,-46.84397541123519,0.45005749217241764,0.4972861883272445,0.49999999999998934,0.9382513452452557,0.45005749217241764,0.45005749217241764,0.4734694983312224,0.49999999999998934,0.9382513452452557,0.0,0.45005749217241764,0.1174310227768634,0.9382513452452557,0.9382513452452557,0.9382513452452557,0.9382513452452557,0.9382513452452557,0.9382513452452557
