obs_gdp,obs_hours,obs_wages,obs_gdpdeflator,obs_corepce,obs_nominalrate,obs_consumption,obs_investment,obs_BBBspread,obs_longinflation,obs_longrate,obs_tfp,obs_gdi,obs_AAAspread,obs_nominalrate1,obs_nominalrate2,obs_nominalrate3,obs_nominalrate4,obs_nominalrate5,obs_nominalrate6
0.4671049714088493,-47.31340789794922,0.4671049714088493,0.5500450842082394,0.49999999999998934,0.9901701446985767,0.4671049714088493,0.4671049714088493,0.4395957986036918,0.49999999999998934,0.9901701446985767,0.0,0.4671049714088493,0.1174310227768634,0.9901701446985767,0.9901701446985767,0.9901701446985767,0.9901701446985767,0.9901701446985767,0.9901701446985767
