obs_gdp,obs_hours,obs_wages,obs_gdpdeflator,obs_corepce,obs_nominalrate,obs_consumption,obs_investment,obs_BBBspread,obs_longinflation,obs_longrate,obs_tfp,obs_gdi,obs_AAAspread,obs_nominalrate1,obs_nominalrate2,obs_nominalrate3,obs_nominalrate4,obs_nominalrate5,obs_nominalrate6
0.46390691399573747,-47.48900604248047,0.46390691399573747,0.5490916445851219,0.49999999999998934,0.9830361164971491,0.46390691399573747,0.46390691399573747,0.4405158910922702,0.49999999999998934,0.9830361164971491,0.0,0.46390691399573747,0.1174310227768634,0.9830361164971491,0.9830361164971491,0.9830361164971491,0.9830361164971491,0.9830361164971491,0.9830361164971491
