obs_gdp,obs_hours,obs_wages,obs_gdpdeflator,obs_corepce,obs_nominalrate,obs_consumption,obs_investment,obs_BBBspread,obs_longinflation,obs_longrate,obs_tfp,obs_gdi,obs_AAAspread,obs_nominalrate1,obs_nominalrate2,obs_nominalrate3,obs_nominalrate4,obs_nominalrate5,obs_nominalrate6
0.4595781564712631,-47.51128387451172,0.4595781564712631,0.5544578135013474,0.49999999999998934,1.0039679175086968,0.4595781564712631,0.4595781564712631,0.44263961713775946,0.49999999999998934,1.0039679175086968,0.0,0.4595781564712631,0.1174310227768634,1.0039679175086968,1.0039679175086968,1.0039679175086968,1.0039679175086968,1.0039679175086968,1.0039679175086968
