obs_gdp,obs_hours,obs_wages,obs_gdpdeflator,obs_corepce,obs_nominalrate,obs_consumption,obs_investment,obs_BBBspread,obs_longinflation,obs_longrate,obs_tfp,obs_gdi,obs_AAAspread,obs_nominalrate1,obs_nominalrate2,obs_nominalrate3,obs_nominalrate4,obs_nominalrate5,obs_nominalrate6
0.46111512184143777,-47.36445236206055,0.46111512184143777,0.5487134493887318,0.49999999999998934,1.0163854736978672,0.46111512184143777,0.46111512184143777,0.44349430084765157,0.49999999999998934,1.0163854736978672,0.0,0.46111512184143777,0.1174310227768634,1.0163854736978672,1.0163854736978672,1.0163854736978672,1.0163854736978672,1.0163854736978672,1.0163854736978672
