obs_gdp,obs_hours,obs_wages,obs_gdpdeflator,obs_corepce,obs_nominalrate,obs_consumption,obs_investment,obs_BBBspread,obs_longinflation,obs_longrate,obs_tfp,obs_gdi,obs_AAAspread,obs_nominalrate1,obs_nominalrate2,obs_nominalrate3,obs_nominalrate4,obs_nominalrate5,obs_nominalrate6
0.44810991292336677,-47.08934430008451,0.44810991292336677,0.4971220632060898,0.49999999999998934,0.9378445470487939,0.44810991292336677,0.44810991292336677,0.47508848943219756,0.49999999999998934,0.9378445470487939,0.0,0.44810991292336677,0.1174310227768634,0.9378445470487939,0.9378445470487939,0.9378445470487939,0.9378445470487939,0.9378445470487939,0.9378445470487939
