obs_gdp,obs_hours,obs_wages,obs_gdpdeflator,obs_corepce,obs_nominalrate,obs_consumption,obs_investment,obs_BBBspread,obs_longinflation,obs_longrate,obs_tfp,obs_gdi,obs_AAAspread,obs_nominalrate1,obs_nominalrate2,obs_nominalrate3,obs_nominalrate4,obs_nominalrate5,obs_nominalrate6
0.4531724598794806,-46.7445158663731,0.4531724598794806,0.49698464990183605,0.49999999999998934,0.9429897491797012,0.4531724598794806,0.4531724598794806,0.4752504974399563,0.49999999999998934,0.9429897491797012,0.0,0.4531724598794806,0.1174310227768634,0.9429897491797012,0.9429897491797012,0.9429897491797012,0.9429897491797012,0.9429897491797012,0.9429897491797012
