obs_gdp,obs_hours,obs_wages,obs_gdpdeflator,obs_corepce,obs_nominalrate,obs_consumption,obs_investment,obs_BBBspread,obs_longinflation,obs_longrate,obs_tfp,obs_gdi,obs_AAAspread,obs_nominalrate1,obs_nominalrate2,obs_nominalrate3,obs_nominalrate4,obs_nominalrate5,obs_nominalrate6
0.45249482515945516,-46.78510102236066,0.45249482515945516,0.4972062564032555,0.49999999999998934,0.9419885609240675,0.45249482515945516,0.45249482515945516,0.4761765273069981,0.49999999999998934,0.9419885609240675,0.0,0.45249482515945516,0.1174310227768634,0.9419885609240675,0.9419885609240675,0.9419885609240675,0.9419885609240675,0.9419885609240675,0.9419885609240675
