obs_gdp,obs_hours,obs_wages,obs_gdpdeflator,obs_corepce,obs_nominalrate,obs_consumption,obs_investment,obs_BBBspread,obs_longinflation,obs_longrate,obs_tfp,obs_gdi,obs_AAAspread,obs_nominalrate1,obs_nominalrate2,obs_nominalrate3,obs_nominalrate4,obs_nominalrate5,obs_nominalrate6
0.4467556774616188,-47.60227966308594,0.4467556774616188,0.5444244556128872,0.49999999999998934,1.0060853662965608,0.4467556774616188,0.4467556774616188,0.44966146748946173,0.49999999999998934,1.0060853662965608,0.0,0.4467556774616188,0.1174310227768634,1.0060853662965608,1.0060853662965608,1.0060853662965608,1.0060853662965608,1.0060853662965608,1.0060853662965608
