obs_gdp,obs_hours,obs_wages,obs_gdpdeflator,obs_corepce,obs_nominalrate,obs_consumption,obs_investment,obs_BBBspread,obs_longinflation,obs_longrate,obs_tfp,obs_gdi,obs_AAAspread,obs_nominalrate1,obs_nominalrate2,obs_nominalrate3,obs_nominalrate4,obs_nominalrate5,obs_nominalrate6
0.444102764129628,-47.38453674316406,0.444102764129628,0.5389322936534775,0.49999999999998934,0.9758707231211083,0.444102764129628,0.444102764129628,0.44428197960591115,0.49999999999998934,0.9758707231211083,0.0,0.444102764129628,0.1174310227768634,0.9758707231211083,0.9758707231211083,0.9758707231211083,0.9758707231211083,0.9758707231211083,0.9758707231211083
