obs_gdp,obs_hours,obs_wages,obs_gdpdeflator,obs_corepce,obs_nominalrate,obs_consumption,obs_investment,obs_BBBspread,obs_longinflation,obs_longrate,obs_tfp,obs_gdi,obs_AAAspread,obs_nominalrate1,obs_nominalrate2,obs_nominalrate3,obs_nominalrate4,obs_nominalrate5,obs_nominalrate6
0.45196861028671265,-45.13191223144531,0.45196861028671265,0.49525897810234554,0.49999999999998934,0.930009599604964,0.45196861028671265,0.45196861028671265,0.5088374248734586,0.49999999999998934,0.930009599604964,0.0,0.45196861028671265,0.1174310227768634,0.930009599604964,0.930009599604964,0.930009599604964,0.930009599604964,0.930009599604964,0.930009599604964
