obs_gdp,obs_hours,obs_wages,obs_gdpdeflator,obs_corepce,obs_nominalrate,obs_consumption,obs_investment,obs_BBBspread,obs_longinflation,obs_longrate,obs_tfp,obs_gdi,obs_AAAspread,obs_nominalrate1,obs_nominalrate2,obs_nominalrate3,obs_nominalrate4,obs_nominalrate5,obs_nominalrate6
0.46867406022219615,-44.14986037338409,0.46867406022219615,0.49366214566791145,0.49999999999998934,0.9645867913943063,0.46867406022219615,0.46867406022219615,0.4678288072507011,0.49999999999998934,0.9645867913943063,0.0,0.46867406022219615,0.1174310227768634,0.9645867913943063,0.9645867913943063,0.9645867913943063,0.9645867913943063,0.9645867913943063,0.9645867913943063
