obs_gdp,obs_hours,obs_wages,obs_gdpdeflator,obs_corepce,obs_nominalrate,obs_consumption,obs_investment,obs_BBBspread,obs_longinflation,obs_longrate,obs_tfp,obs_gdi,obs_AAAspread,obs_nominalrate1,obs_nominalrate2,obs_nominalrate3,obs_nominalrate4,obs_nominalrate5,obs_nominalrate6
0.44948944449425543,-47.199493408203125,0.44948944449425543,0.5353976674377812,0.49999999999998934,0.975151656669393,0.44948944449425543,0.44948944449425543,0.44363032083342957,0.49999999999998934,0.975151656669393,0.0,0.44948944449425543,0.1174310227768634,0.975151656669393,0.975151656669393,0.975151656669393,0.975151656669393,0.975151656669393,0.975151656669393
