obs_gdp,obs_hours,obs_wages,obs_gdpdeflator,obs_corepce,obs_nominalrate,obs_consumption,obs_investment,obs_BBBspread,obs_longinflation,obs_longrate,obs_tfp,obs_gdi,obs_AAAspread,obs_nominalrate1,obs_nominalrate2,obs_nominalrate3,obs_nominalrate4,obs_nominalrate5,obs_nominalrate6
0.46924224495887845,-46.95199203491211,0.46924224495887845,0.5284866727888478,0.49999999999998934,0.9861503269893879,0.46924224495887845,0.46924224495887845,0.44523513563132805,0.49999999999998934,0.9861503269893879,0.0,0.46924224495887845,0.1174310227768634,0.9861503269893879,0.9861503269893879,0.9861503269893879,0.9861503269893879,0.9861503269893879,0.9861503269893879
