obs_gdp,obs_hours,obs_wages,obs_gdpdeflator,obs_corepce,obs_nominalrate,obs_consumption,obs_investment,obs_BBBspread,obs_longinflation,obs_longrate,obs_tfp,obs_gdi,obs_AAAspread,obs_nominalrate1,obs_nominalrate2,obs_nominalrate3,obs_nominalrate4,obs_nominalrate5,obs_nominalrate6
0.45478356925958696,-46.545555718120696,0.45478356925958696,0.497070541103197,0.49999999999998934,0.9446270423171255,0.45478356925958696,0.45478356925958696,0.4781233367098365,0.49999999999998934,0.9446270423171255,0.0,0.45478356925958696,0.1174310227768634,0.9446270423171255,0.9446270423171255,0.9446270423171255,0.9446270423171255,0.9446270423171255,0.9446270423171255
