obs_gdp,obs_hours,obs_wages,obs_gdpdeflator,obs_corepce,obs_nominalrate,obs_consumption,obs_investment,obs_BBBspread,obs_longinflation,obs_longrate,obs_tfp,obs_gdi,obs_AAAspread,obs_nominalrate1,obs_nominalrate2,obs_nominalrate3,obs_nominalrate4,obs_nominalrate5,obs_nominalrate6
0.4577516654900693,-46.41279436842167,0.4577516654900693,0.4973707594813064,0.49999999999998934,0.9467988754440215,0.4577516654900693,0.4577516654900693,0.4787287336307372,0.49999999999998934,0.9467988754440215,0.0,0.4577516654900693,0.1174310227768634,0.9467988754440215,0.9467988754440215,0.9467988754440215,0.9467988754440215,0.9467988754440215,0.9467988754440215
