obs_gdp,obs_hours,obs_wages,obs_gdpdeflator,obs_corepce,obs_nominalrate,obs_consumption,obs_investment,obs_BBBspread,obs_longinflation,obs_longrate,obs_tfp,obs_gdi,obs_AAAspread,obs_nominalrate1,obs_nominalrate2,obs_nominalrate3,obs_nominalrate4,obs_nominalrate5,obs_nominalrate6
0.4528481247380922,-46.76088238553253,0.4528481247380922,0.4973781775847866,0.49999999999998934,0.9389547966180745,0.4528481247380922,0.4528481247380922,0.47935813704718605,0.49999999999998934,0.9389547966180745,0.0,0.4528481247380922,0.1174310227768634,0.9389547966180745,0.9389547966180745,0.9389547966180745,0.9389547966180745,0.9389547966180745,0.9389547966180745
