obs_gdp,obs_hours,obs_wages,obs_gdpdeflator,obs_corepce,obs_nominalrate,obs_consumption,obs_investment,obs_BBBspread,obs_longinflation,obs_longrate,obs_tfp,obs_gdi,obs_AAAspread,obs_nominalrate1,obs_nominalrate2,obs_nominalrate3,obs_nominalrate4,obs_nominalrate5,obs_nominalrate6
0.4635132253169916,-46.674739837646484,0.4635132253169916,0.5294744987040652,0.49999999999998934,0.9707043208227351,0.4635132253169916,0.4635132253169916,0.44231834005364457,0.49999999999998934,0.9707043208227351,0.0,0.4635132253169916,0.1174310227768634,0.9707043208227351,0.9707043208227351,0.9707043208227351,0.9707043208227351,0.9707043208227351,0.9707043208227351
