obs_gdp,obs_hours,obs_wages,obs_gdpdeflator,obs_corepce,obs_nominalrate,obs_consumption,obs_investment,obs_BBBspread,obs_longinflation,obs_longrate,obs_tfp,obs_gdi,obs_AAAspread,obs_nominalrate1,obs_nominalrate2,obs_nominalrate3,obs_nominalrate4,obs_nominalrate5,obs_nominalrate6
0.4470241343450754,-47.21028283758356,0.4470241343450754,0.49736730870126283,0.49999999999998934,0.9321868527127464,0.4470241343450754,0.4470241343450754,0.47874035713506974,0.49999999999998934,0.9321868527127464,0.0,0.4470241343450754,0.1174310227768634,0.9321868527127464,0.9321868527127464,0.9321868527127464,0.9321868527127464,0.9321868527127464,0.9321868527127464
