obs_gdp,obs_hours,obs_wages,obs_gdpdeflator,obs_corepce,obs_nominalrate,obs_consumption,obs_investment,obs_BBBspread,obs_longinflation,obs_longrate,obs_tfp,obs_gdi,obs_AAAspread,obs_nominalrate1,obs_nominalrate2,obs_nominalrate3,obs_nominalrate4,obs_nominalrate5,obs_nominalrate6
0.4443147791158397,-47.41867241679915,0.4443147791158397,0.4975108520272024,0.49999999999998934,0.9321209905202021,0.4443147791158397,0.4443147791158397,0.4783820942245168,0.49999999999998934,0.9321209905202021,0.0,0.4443147791158397,0.1174310227768634,0.9321209905202021,0.9321209905202021,0.9321209905202021,0.9321209905202021,0.9321209905202021,0.9321209905202021
