obs_gdp,obs_hours,obs_wages,obs_gdpdeflator,obs_corepce,obs_nominalrate,obs_consumption,obs_investment,obs_BBBspread,obs_longinflation,obs_longrate,obs_tfp,obs_gdi,obs_AAAspread,obs_nominalrate1,obs_nominalrate2,obs_nominalrate3,obs_nominalrate4,obs_nominalrate5,obs_nominalrate6
0.4584793150425037,-46.77950668334961,0.4584793150425037,0.5228779464959992,0.49999999999998934,0.9827067944875756,0.4584793150425037,0.4584793150425037,0.4434209228897263,0.49999999999998934,0.9827067944875756,0.0,0.4584793150425037,0.1174310227768634,0.9827067944875756,0.9827067944875756,0.9827067944875756,0.9827067944875756,0.9827067944875756,0.9827067944875756
