obs_gdp,obs_hours,obs_wages,obs_gdpdeflator,obs_corepce,obs_nominalrate,obs_consumption,obs_investment,obs_BBBspread,obs_longinflation,obs_longrate,obs_tfp,obs_gdi,obs_AAAspread,obs_nominalrate1,obs_nominalrate2,obs_nominalrate3,obs_nominalrate4,obs_nominalrate5,obs_nominalrate6
0.4456253596300641,-47.378513252453985,0.4456253596300641,0.4975922186440182,0.49999999999998934,0.9329500436445981,0.4456253596300641,0.4456253596300641,0.4787303780842612,0.49999999999998934,0.9329500436445981,0.0,0.4456253596300641,0.1174310227768634,0.9329500436445981,0.9329500436445981,0.9329500436445981,0.9329500436445981,0.9329500436445981,0.9329500436445981
