obs_gdp,obs_hours,obs_wages,obs_gdpdeflator,obs_corepce,obs_nominalrate,obs_consumption,obs_investment,obs_BBBspread,obs_longinflation,obs_longrate,obs_tfp,obs_gdi,obs_AAAspread,obs_nominalrate1,obs_nominalrate2,obs_nominalrate3,obs_nominalrate4,obs_nominalrate5,obs_nominalrate6
0.45880156755446766,-46.755218505859375,0.45880156755446766,0.5311091225594176,0.49999999999998934,0.9960003695024477,0.45880156755446766,0.45880156755446766,0.44911934248605323,0.49999999999998934,0.9960003695024477,0.0,0.45880156755446766,0.1174310227768634,0.9960003695024477,0.9960003695024477,0.9960003695024477,0.9960003695024477,0.9960003695024477,0.9960003695024477
