obs_gdp,obs_hours,obs_wages,obs_gdpdeflator,obs_corepce,obs_nominalrate,obs_consumption,obs_investment,obs_BBBspread,obs_longinflation,obs_longrate,obs_tfp,obs_gdi,obs_AAAspread,obs_nominalrate1,obs_nominalrate2,obs_nominalrate3,obs_nominalrate4,obs_nominalrate5,obs_nominalrate6
0.44591719746689407,-47.39106759449686,0.44591719746689407,0.4976243721286011,0.49999999999998934,0.9336513989861128,0.44591719746689407,0.44591719746689407,0.47876423366429,0.49999999999998934,0.9336513989861128,0.0,0.44591719746689407,0.1174310227768634,0.9336513989861128,0.9336513989861128,0.9336513989861128,0.9336513989861128,0.9336513989861128,0.9336513989861128
