obs_gdp,obs_hours,obs_wages,obs_gdpdeflator,obs_corepce,obs_nominalrate,obs_consumption,obs_investment,obs_BBBspread,obs_longinflation,obs_longrate,obs_tfp,obs_gdi,obs_AAAspread,obs_nominalrate1,obs_nominalrate2,obs_nominalrate3,obs_nominalrate4,obs_nominalrate5,obs_nominalrate6
0.4636949969180071,-44.47377480423968,0.4636949969180071,0.493657274312204,0.49999999999998934,0.958371016192161,0.4636949969180071,0.4636949969180071,0.46782498411550133,0.49999999999998934,0.958371016192161,0.0,0.4636949969180071,0.1174310227768634,0.958371016192161,0.958371016192161,0.958371016192161,0.958371016192161,0.958371016192161,0.958371016192161
