obs_gdp,obs_hours,obs_wages,obs_gdpdeflator,obs_corepce,obs_nominalrate,obs_consumption,obs_investment,obs_BBBspread,obs_longinflation,obs_longrate,obs_tfp,obs_gdi,obs_AAAspread,obs_nominalrate1,obs_nominalrate2,obs_nominalrate3,obs_nominalrate4,obs_nominalrate5,obs_nominalrate6
0.43893355589426086,-47.94521413872982,0.43893355589426086,0.4975001790524735,0.49999999999998934,0.9259049782243567,0.43893355589426086,0.43893355589426086,0.47964611312585154,0.49999999999998934,0.9259049782243567,0.0,0.43893355589426086,0.1174310227768634,0.9259049782243567,0.9259049782243567,0.9259049782243567,0.9259049782243567,0.9259049782243567,0.9259049782243567
