obs_gdp,obs_hours,obs_wages,obs_gdpdeflator,obs_corepce,obs_nominalrate,obs_consumption,obs_investment,obs_BBBspread,obs_longinflation,obs_longrate,obs_tfp,obs_gdi,obs_AAAspread,obs_nominalrate1,obs_nominalrate2,obs_nominalrate3,obs_nominalrate4,obs_nominalrate5,obs_nominalrate6
0.44139721923706077,-47.72148990307334,0.44139721923706077,0.49747248188997806,0.49999999999998934,0.9258032090795565,0.44139721923706077,0.44139721923706077,0.47981285498403276,0.49999999999998934,0.9258032090795565,0.0,0.44139721923706077,0.1174310227768634,0.9258032090795565,0.9258032090795565,0.9258032090795565,0.9258032090795565,0.9258032090795565,0.9258032090795565
