obs_gdp,obs_hours,obs_wages,obs_gdpdeflator,obs_corepce,obs_nominalrate,obs_consumption,obs_investment,obs_BBBspread,obs_longinflation,obs_longrate,obs_tfp,obs_gdi,obs_AAAspread,obs_nominalrate1,obs_nominalrate2,obs_nominalrate3,obs_nominalrate4,obs_nominalrate5,obs_nominalrate6
0.4483673572540203,-46.64706039428711,0.4483673572540203,0.5210177637636555,0.49999999999998934,0.9941120275334114,0.4483673572540203,0.4483673572540203,0.4507070579609264,0.49999999999998934,0.9941120275334114,0.0,0.4483673572540203,0.1174310227768634,0.9941120275334114,0.9941120275334114,0.9941120275334114,0.9941120275334114,0.9941120275334114,0.9941120275334114
