obs_gdp,obs_hours,obs_wages,obs_gdpdeflator,obs_corepce,obs_nominalrate,obs_consumption,obs_investment,obs_BBBspread,obs_longinflation,obs_longrate,obs_tfp,obs_gdi,obs_AAAspread,obs_nominalrate1,obs_nominalrate2,obs_nominalrate3,obs_nominalrate4,obs_nominalrate5,obs_nominalrate6
0.44369691833439084,-47.505459029729245,0.44369691833439084,0.4976220336308098,0.49999999999998934,0.9252949327504201,0.44369691833439084,0.44369691833439084,0.48104162139486606,0.49999999999998934,0.9252949327504201,0.0,0.44369691833439084,0.1174310227768634,0.9252949327504201,0.9252949327504201,0.9252949327504201,0.9252949327504201,0.9252949327504201,0.9252949327504201
