obs_gdp,obs_hours,obs_wages,obs_gdpdeflator,obs_corepce,obs_nominalrate,obs_consumption,obs_investment,obs_BBBspread,obs_longinflation,obs_longrate,obs_tfp,obs_gdi,obs_AAAspread,obs_nominalrate1,obs_nominalrate2,obs_nominalrate3,obs_nominalrate4,obs_nominalrate5,obs_nominalrate6
0.43632147244221375,-48.07467880976506,0.43632147244221375,0.4972425384553391,0.49999999999998934,0.9166638910699465,0.43632147244221375,0.43632147244221375,0.4804926004712947,0.49999999999998934,0.9166638910699465,0.0,0.43632147244221375,0.1174310227768634,0.9166638910699465,0.9166638910699465,0.9166638910699465,0.9166638910699465,0.9166638910699465,0.9166638910699465
