obs_gdp,obs_hours,obs_wages,obs_gdpdeflator,obs_corepce,obs_nominalrate,obs_consumption,obs_investment,obs_BBBspread,obs_longinflation,obs_longrate,obs_tfp,obs_gdi,obs_AAAspread,obs_nominalrate1,obs_nominalrate2,obs_nominalrate3,obs_nominalrate4,obs_nominalrate5,obs_nominalrate6
0.44560303808507395,-47.40812467304342,0.44560303808507395,0.4972319296673479,0.49999999999998934,0.9292749442511017,0.44560303808507395,0.44560303808507395,0.47974249778798983,0.49999999999998934,0.9292749442511017,0.0,0.44560303808507395,0.1174310227768634,0.9292749442511017,0.9292749442511017,0.9292749442511017,0.9292749442511017,0.9292749442511017,0.9292749442511017
