obs_gdp,obs_hours,obs_wages,obs_gdpdeflator,obs_corepce,obs_nominalrate,obs_consumption,obs_investment,obs_BBBspread,obs_longinflation,obs_longrate,obs_tfp,obs_gdi,obs_AAAspread,obs_nominalrate1,obs_nominalrate2,obs_nominalrate3,obs_nominalrate4,obs_nominalrate5,obs_nominalrate6
0.42176690697670605,-46.985050201416016,0.42176690697670605,0.5069262324832273,0.49999999999998934,0.9816353502694497,0.42176690697670605,0.42176690697670605,0.4481375845115314,0.49999999999998934,0.9816353502694497,0.0,0.42176690697670605,0.1174310227768634,0.9816353502694497,0.9816353502694497,0.9816353502694497,0.9816353502694497,0.9816353502694497,0.9816353502694497
