obs_gdp,obs_hours,obs_wages,obs_gdpdeflator,obs_corepce,obs_nominalrate,obs_consumption,obs_investment,obs_BBBspread,obs_longinflation,obs_longrate,obs_tfp,obs_gdi,obs_AAAspread,obs_nominalrate1,obs_nominalrate2,obs_nominalrate3,obs_nominalrate4,obs_nominalrate5,obs_nominalrate6
0.4506750861651865,-47.05382475454567,0.4506750861651865,0.4975304248628279,0.49999999999998934,0.9369576814837188,0.4506750861651865,0.4506750861651865,0.479279361206732,0.49999999999998934,0.9369576814837188,0.0,0.4506750861651865,0.1174310227768634,0.9369576814837188,0.9369576814837188,0.9369576814837188,0.9369576814837188,0.9369576814837188,0.9369576814837188
