obs_gdp,obs_hours,obs_wages,obs_gdpdeflator,obs_corepce,obs_nominalrate,obs_consumption,obs_investment,obs_BBBspread,obs_longinflation,obs_longrate,obs_tfp,obs_gdi,obs_AAAspread,obs_nominalrate1,obs_nominalrate2,obs_nominalrate3,obs_nominalrate4,obs_nominalrate5,obs_nominalrate6
0.4484948381269227,-47.229669426746675,0.4484948381269227,0.49757691341852894,0.49999999999998934,0.9345933331802447,0.4484948381269227,0.4484948381269227,0.47996419965059267,0.49999999999998934,0.9345933331802447,0.0,0.4484948381269227,0.1174310227768634,0.9345933331802447,0.9345933331802447,0.9345933331802447,0.9345933331802447,0.9345933331802447,0.9345933331802447
