obs_gdp,obs_hours,obs_wages,obs_gdpdeflator,obs_corepce,obs_nominalrate,obs_consumption,obs_investment,obs_BBBspread,obs_longinflation,obs_longrate,obs_tfp,obs_gdi,obs_AAAspread,obs_nominalrate1,obs_nominalrate2,obs_nominalrate3,obs_nominalrate4,obs_nominalrate5,obs_nominalrate6
0.4299386739730737,-46.811973571777344,0.4299386739730737,0.5049074492417169,0.49999999999998934,0.9916332454349641,0.4299386739730737,0.4299386739730737,0.4500823684669076,0.49999999999998934,0.9916332454349641,0.0,0.4299386739730737,0.1174310227768634,0.9916332454349641,0.9916332454349641,0.9916332454349641,0.9916332454349641,0.9916332454349641,0.9916332454349641
