obs_gdp,obs_hours,obs_wages,obs_gdpdeflator,obs_corepce,obs_nominalrate,obs_consumption,obs_investment,obs_BBBspread,obs_longinflation,obs_longrate,obs_tfp,obs_gdi,obs_AAAspread,obs_nominalrate1,obs_nominalrate2,obs_nominalrate3,obs_nominalrate4,obs_nominalrate5,obs_nominalrate6
0.4442612841382587,-47.51249846176633,0.4442612841382587,0.49760443892575834,0.49999999999998934,0.9287604958404083,0.4442612841382587,0.4442612841382587,0.48093039104832025,0.49999999999998934,0.9287604958404083,0.0,0.4442612841382587,0.1174310227768634,0.9287604958404083,0.9287604958404083,0.9287604958404083,0.9287604958404083,0.9287604958404083,0.9287604958404083
