obs_gdp,obs_hours,obs_wages,obs_gdpdeflator,obs_corepce,obs_nominalrate,obs_consumption,obs_investment,obs_BBBspread,obs_longinflation,obs_longrate,obs_tfp,obs_gdi,obs_AAAspread,obs_nominalrate1,obs_nominalrate2,obs_nominalrate3,obs_nominalrate4,obs_nominalrate5,obs_nominalrate6
0.46475439446354017,-44.45160071119943,0.46475439446354017,0.4936831631846969,0.49999999999998934,0.9593145500695899,0.46475439446354017,0.46475439446354017,0.468532272596921,0.49999999999998934,0.9593145500695899,0.0,0.46475439446354017,0.1174310227768634,0.9593145500695899,0.9593145500695899,0.9593145500695899,0.9593145500695899,0.9593145500695899,0.9593145500695899
