obs_gdp,obs_hours,obs_wages,obs_gdpdeflator,obs_corepce,obs_nominalrate,obs_consumption,obs_investment,obs_BBBspread,obs_longinflation,obs_longrate,obs_tfp,obs_gdi,obs_AAAspread,obs_nominalrate1,obs_nominalrate2,obs_nominalrate3,obs_nominalrate4,obs_nominalrate5,obs_nominalrate6
0.43425235714620314,-48.22946943449775,0.43425235714620314,0.49781853755108463,0.49999999999998934,0.918465281979941,0.43425235714620314,0.43425235714620314,0.4809150744054816,0.49999999999998934,0.918465281979941,0.0,0.43425235714620314,0.1174310227768634,0.918465281979941,0.918465281979941,0.918465281979941,0.918465281979941,0.918465281979941,0.918465281979941
