obs_gdp,obs_hours,obs_wages,obs_gdpdeflator,obs_corepce,obs_nominalrate,obs_consumption,obs_investment,obs_BBBspread,obs_longinflation,obs_longrate,obs_tfp,obs_gdi,obs_AAAspread,obs_nominalrate1,obs_nominalrate2,obs_nominalrate3,obs_nominalrate4,obs_nominalrate5,obs_nominalrate6
0.4384560537518345,-47.96464041820869,0.4384560537518345,0.49791504054915703,0.49999999999998934,0.9254094975905236,0.4384560537518345,0.4384560537518345,0.48055981868731606,0.49999999999998934,0.9254094975905236,0.0,0.4384560537518345,0.1174310227768634,0.9254094975905236,0.9254094975905236,0.9254094975905236,0.9254094975905236,0.9254094975905236,0.9254094975905236
