obs_gdp,obs_hours,obs_wages,obs_gdpdeflator,obs_corepce,obs_nominalrate,obs_consumption,obs_investment,obs_BBBspread,obs_longinflation,obs_longrate,obs_tfp,obs_gdi,obs_AAAspread,obs_nominalrate1,obs_nominalrate2,obs_nominalrate3,obs_nominalrate4,obs_nominalrate5,obs_nominalrate6
0.4213014841079721,-46.84968948364258,0.4213014841079721,0.5114270262420071,0.49999999999998934,0.9842311185063846,0.4213014841079721,0.4213014841079721,0.45100033555175617,0.49999999999998934,0.9842311185063846,0.0,0.4213014841079721,0.1174310227768634,0.9842311185063846,0.9842311185063846,0.9842311185063846,0.9842311185063846,0.9842311185063846,0.9842311185063846
