obs_gdp,obs_hours,obs_wages,obs_gdpdeflator,obs_corepce,obs_nominalrate,obs_consumption,obs_investment,obs_BBBspread,obs_longinflation,obs_longrate,obs_tfp,obs_gdi,obs_AAAspread,obs_nominalrate1,obs_nominalrate2,obs_nominalrate3,obs_nominalrate4,obs_nominalrate5,obs_nominalrate6
0.44087081538135564,-47.80513637770722,0.44087081538135564,0.49767513053596535,0.49999999999998934,0.9292919496881602,0.44087081538135564,0.44087081538135564,0.48097016855169433,0.49999999999998934,0.9292919496881602,0.0,0.44087081538135564,0.1174310227768634,0.9292919496881602,0.9292919496881602,0.9292919496881602,0.9292919496881602,0.9292919496881602,0.9292919496881602
