obs_gdp,obs_hours,obs_wages,obs_gdpdeflator,obs_corepce,obs_nominalrate,obs_consumption,obs_investment,obs_BBBspread,obs_longinflation,obs_longrate,obs_tfp,obs_gdi,obs_AAAspread,obs_nominalrate1,obs_nominalrate2,obs_nominalrate3,obs_nominalrate4,obs_nominalrate5,obs_nominalrate6
0.4365477682839014,-48.09960981946485,0.4365477682839014,0.4976269166734983,0.49999999999998934,0.9243686613405577,0.4365477682839014,0.4365477682839014,0.4809881442009516,0.49999999999998934,0.9243686613405577,0.0,0.4365477682839014,0.1174310227768634,0.9243686613405577,0.9243686613405577,0.9243686613405577,0.9243686613405577,0.9243686613405577,0.9243686613405577
