obs_gdp,obs_hours,obs_wages,obs_gdpdeflator,obs_corepce,obs_nominalrate,obs_consumption,obs_investment,obs_BBBspread,obs_longinflation,obs_longrate,obs_tfp,obs_gdi,obs_AAAspread,obs_nominalrate1,obs_nominalrate2,obs_nominalrate3,obs_nominalrate4,obs_nominalrate5,obs_nominalrate6
0.41373011469840737,-47.07930374145508,0.41373011469840737,0.5202828980982197,0.49999999999998934,0.9803537580419297,0.41373011469840737,0.41373011469840737,0.45835243848348656,0.49999999999998934,0.9803537580419297,0.0,0.41373011469840737,0.1174310227768634,0.9803537580419297,0.9803537580419297,0.9803537580419297,0.9803537580419297,0.9803537580419297,0.9803537580419297
