obs_gdp,obs_hours,obs_wages,obs_gdpdeflator,obs_corepce,obs_nominalrate,obs_consumption,obs_investment,obs_BBBspread,obs_longinflation,obs_longrate,obs_tfp,obs_gdi,obs_AAAspread,obs_nominalrate1,obs_nominalrate2,obs_nominalrate3,obs_nominalrate4,obs_nominalrate5,obs_nominalrate6
0.4370281456334002,-48.09317501724347,0.4370281456334002,0.4974627569202755,0.49999999999998934,0.92543237818703,0.4370281456334002,0.4370281456334002,0.48032886240175615,0.49999999999998934,0.92543237818703,0.0,0.4370281456334002,0.1174310227768634,0.92543237818703,0.92543237818703,0.92543237818703,0.92543237818703,0.92543237818703,0.92543237818703
