obs_gdp,obs_hours,obs_wages,obs_gdpdeflator,obs_corepce,obs_nominalrate,obs_consumption,obs_investment,obs_BBBspread,obs_longinflation,obs_longrate,obs_tfp,obs_gdi,obs_AAAspread,obs_nominalrate1,obs_nominalrate2,obs_nominalrate3,obs_nominalrate4,obs_nominalrate5,obs_nominalrate6
0.43286608017139017,-48.39822264286702,0.43286608017139017,0.49749628955825587,0.49999999999998934,0.9192124699004767,0.43286608017139017,0.43286608017139017,0.4809151064497595,0.49999999999998934,0.9192124699004767,0.0,0.43286608017139017,0.1174310227768634,0.9192124699004767,0.9192124699004767,0.9192124699004767,0.9192124699004767,0.9192124699004767,0.9192124699004767
