obs_gdp,obs_hours,obs_wages,obs_gdpdeflator,obs_corepce,obs_nominalrate,obs_consumption,obs_investment,obs_BBBspread,obs_longinflation,obs_longrate,obs_tfp,obs_gdi,obs_AAAspread,obs_nominalrate1,obs_nominalrate2,obs_nominalrate3,obs_nominalrate4,obs_nominalrate5,obs_nominalrate6
0.43860316978237,-48.05001171891918,0.43860316978237,0.4975098444493206,0.49999999999998934,0.927923913837847,0.43860316978237,0.43860316978237,0.480748748179435,0.49999999999998934,0.927923913837847,0.0,0.43860316978237,0.1174310227768634,0.927923913837847,0.927923913837847,0.927923913837847,0.927923913837847,0.927923913837847,0.927923913837847
