obs_gdp,obs_hours,obs_wages,obs_gdpdeflator,obs_corepce,obs_nominalrate,obs_consumption,obs_investment,obs_BBBspread,obs_longinflation,obs_longrate,obs_tfp,obs_gdi,obs_AAAspread,obs_nominalrate1,obs_nominalrate2,obs_nominalrate3,obs_nominalrate4,obs_nominalrate5,obs_nominalrate6
0.43086082008882975,-48.595023575449744,0.43086082008882975,0.4975304129228963,0.49999999999998934,0.9219268480247456,0.43086082008882975,0.43086082008882975,0.4799251512998249,0.49999999999998934,0.9219268480247456,0.0,0.43086082008882975,0.1174310227768634,0.9219268480247456,0.9219268480247456,0.9219268480247456,0.9219268480247456,0.9219268480247456,0.9219268480247456
