obs_gdp,obs_hours,obs_wages,obs_gdpdeflator,obs_corepce,obs_nominalrate,obs_consumption,obs_investment,obs_BBBspread,obs_longinflation,obs_longrate,obs_tfp,obs_gdi,obs_AAAspread,obs_nominalrate1,obs_nominalrate2,obs_nominalrate3,obs_nominalrate4,obs_nominalrate5,obs_nominalrate6
0.4069686233997283,-47.07018280029297,0.4069686233997283,0.5226563103496922,0.49999999999998934,0.9984835976954765,0.4069686233997283,0.4069686233997283,0.4539497260682989,0.49999999999998934,0.9984835976954765,0.0,0.4069686233997283,0.1174310227768634,0.9984835976954765,0.9984835976954765,0.9984835976954765,0.9984835976954765,0.9984835976954765,0.9984835976954765
