obs_gdp,obs_hours,obs_wages,obs_gdpdeflator,obs_corepce,obs_nominalrate,obs_consumption,obs_investment,obs_BBBspread,obs_longinflation,obs_longrate,obs_tfp,obs_gdi,obs_AAAspread,obs_nominalrate1,obs_nominalrate2,obs_nominalrate3,obs_nominalrate4,obs_nominalrate5,obs_nominalrate6
0.40418958663941407,-47.26346969604492,0.40418958663941407,0.5248151104897154,0.49999999999998934,0.9933866937370528,0.40418958663941407,0.40418958663941407,0.455370580723467,0.49999999999998934,0.9933866937370528,0.0,0.40418958663941407,0.1174310227768634,0.9933866937370528,0.9933866937370528,0.9933866937370528,0.9933866937370528,0.9933866937370528,0.9933866937370528
