obs_gdp,obs_hours,obs_wages,obs_gdpdeflator,obs_corepce,obs_nominalrate,obs_consumption,obs_investment,obs_BBBspread,obs_longinflation,obs_longrate,obs_tfp,obs_gdi,obs_AAAspread,obs_nominalrate1,obs_nominalrate2,obs_nominalrate3,obs_nominalrate4,obs_nominalrate5,obs_nominalrate6
0.4330233353764257,-48.45364815537813,0.4330233353764257,0.4974995286952343,0.49999999999998934,0.9228247991224903,0.4330233353764257,0.4330233353764257,0.47988943788239913,0.49999999999998934,0.9228247991224903,0.0,0.4330233353764257,0.1174310227768634,0.9228247991224903,0.9228247991224903,0.9228247991224903,0.9228247991224903,0.9228247991224903,0.9228247991224903
