obs_gdp,obs_hours,obs_wages,obs_gdpdeflator,obs_corepce,obs_nominalrate,obs_consumption,obs_investment,obs_BBBspread,obs_longinflation,obs_longrate,obs_tfp,obs_gdi,obs_AAAspread,obs_nominalrate1,obs_nominalrate2,obs_nominalrate3,obs_nominalrate4,obs_nominalrate5,obs_nominalrate6
0.4440442621707952,-45.16674041748047,0.4440442621707952,0.504183006472875,0.49999999999998934,0.9477302898196704,0.4440442621707952,0.4440442621707952,0.5008717615598889,0.49999999999998934,0.9477302898196704,0.0,0.4440442621707952,0.1174310227768634,0.9477302898196704,0.9477302898196704,0.9477302898196704,0.9477302898196704,0.9477302898196704,0.9477302898196704
