obs_gdp,obs_hours,obs_wages,obs_gdpdeflator,obs_corepce,obs_nominalrate,obs_consumption,obs_investment,obs_BBBspread,obs_longinflation,obs_longrate,obs_tfp,obs_gdi,obs_AAAspread,obs_nominalrate1,obs_nominalrate2,obs_nominalrate3,obs_nominalrate4,obs_nominalrate5,obs_nominalrate6
0.41030734777449673,-47.13992691040039,0.41030734777449673,0.5015691937878621,0.49999999999998934,0.8353638310456102,0.41030734777449673,0.41030734777449673,0.5040495874355082,0.49999999999998934,0.8353638310456102,0.0,0.41030734777449673,0.1174310227768634,0.8353638310456102,0.8353638310456102,0.8353638310456102,0.8353638310456102,0.8353638310456102,0.8353638310456102
