obs_gdp,obs_hours,obs_wages,obs_gdpdeflator,obs_corepce,obs_nominalrate,obs_consumption,obs_investment,obs_BBBspread,obs_longinflation,obs_longrate,obs_tfp,obs_gdi,obs_AAAspread,obs_nominalrate1,obs_nominalrate2,obs_nominalrate3,obs_nominalrate4,obs_nominalrate5,obs_nominalrate6
0.41221669316291454,-47.10045623779297,0.41221669316291454,0.5211128313094271,0.49999999999998934,1.0329403861599973,0.41221669316291454,0.41221669316291454,0.4494460460060116,0.49999999999998934,1.0329403861599973,0.0,0.41221669316291454,0.1174310227768634,1.0329403861599973,1.0329403861599973,1.0329403861599973,1.0329403861599973,1.0329403861599973,1.0329403861599973
