obs_gdp,obs_hours,obs_wages,obs_gdpdeflator,obs_corepce,obs_nominalrate,obs_consumption,obs_investment,obs_BBBspread,obs_longinflation,obs_longrate,obs_tfp,obs_gdi,obs_AAAspread,obs_nominalrate1,obs_nominalrate2,obs_nominalrate3,obs_nominalrate4,obs_nominalrate5,obs_nominalrate6
0.4293932570457626,-48.74269481237212,0.4293932570457626,0.4977058301047365,0.49999999999998934,0.9165201082814711,0.4293932570457626,0.4293932570457626,0.4806359642837812,0.49999999999998934,0.9165201082814711,0.0,0.4293932570457626,0.1174310227768634,0.9165201082814711,0.9165201082814711,0.9165201082814711,0.9165201082814711,0.9165201082814711,0.9165201082814711
