obs_gdp,obs_hours,obs_wages,obs_gdpdeflator,obs_corepce,obs_nominalrate,obs_consumption,obs_investment,obs_BBBspread,obs_longinflation,obs_longrate,obs_tfp,obs_gdi,obs_AAAspread,obs_nominalrate1,obs_nominalrate2,obs_nominalrate3,obs_nominalrate4,obs_nominalrate5,obs_nominalrate6
0.4097489118576103,-47.09482192993164,0.4097489118576103,0.5198237597942246,0.49999999999998934,1.026854952944567,0.4097489118576103,0.4097489118576103,0.4497110324490446,0.49999999999998934,1.026854952944567,0.0,0.4097489118576103,0.1174310227768634,1.026854952944567,1.026854952944567,1.026854952944567,1.026854952944567,1.026854952944567,1.026854952944567
