obs_gdp,obs_hours,obs_wages,obs_gdpdeflator,obs_corepce,obs_nominalrate,obs_consumption,obs_investment,obs_BBBspread,obs_longinflation,obs_longrate,obs_tfp,obs_gdi,obs_AAAspread,obs_nominalrate1,obs_nominalrate2,obs_nominalrate3,obs_nominalrate4,obs_nominalrate5,obs_nominalrate6
0.4050342738628476,-47.245384216308594,0.4050342738628476,0.51619379594921,0.49999999999998934,1.0406907285413158,0.4050342738628476,0.4050342738628476,0.4493485366568889,0.49999999999998934,1.0406907285413158,0.0,0.4050342738628476,0.1174310227768634,1.0406907285413158,1.0406907285413158,1.0406907285413158,1.0406907285413158,1.0406907285413158,1.0406907285413158
