obs_gdp,obs_hours,obs_wages,obs_gdpdeflator,obs_corepce,obs_nominalrate,obs_consumption,obs_investment,obs_BBBspread,obs_longinflation,obs_longrate,obs_tfp,obs_gdi,obs_AAAspread,obs_nominalrate1,obs_nominalrate2,obs_nominalrate3,obs_nominalrate4,obs_nominalrate5,obs_nominalrate6
0.4406632528678234,-47.991730915681856,0.4406632528678234,0.49776538114293517,0.49999999999998934,0.9324029197185446,0.4406632528678234,0.4406632528678234,0.4807143330432123,0.49999999999998934,0.9324029197185446,0.0,0.4406632528678234,0.1174310227768634,0.9324029197185446,0.9324029197185446,0.9324029197185446,0.9324029197185446,0.9324029197185446,0.9324029197185446
