obs_gdp,obs_hours,obs_wages,obs_gdpdeflator,obs_corepce,obs_nominalrate,obs_consumption,obs_investment,obs_BBBspread,obs_longinflation,obs_longrate,obs_tfp,obs_gdi,obs_AAAspread,obs_nominalrate1,obs_nominalrate2,obs_nominalrate3,obs_nominalrate4,obs_nominalrate5,obs_nominalrate6
0.3978876769542783,-47.5803108215332,0.3978876769542783,0.5111794322729004,0.49999999999998934,1.0443585391894272,0.3978876769542783,0.3978876769542783,0.44559229436,0.49999999999998934,1.0443585391894272,0.0,0.3978876769542783,0.1174310227768634,1.0443585391894272,1.0443585391894272,1.0443585391894272,1.0443585391894272,1.0443585391894272,1.0443585391894272
