obs_gdp,obs_hours,obs_wages,obs_gdpdeflator,obs_corepce,obs_nominalrate,obs_consumption,obs_investment,obs_BBBspread,obs_longinflation,obs_longrate,obs_tfp,obs_gdi,obs_AAAspread,obs_nominalrate1,obs_nominalrate2,obs_nominalrate3,obs_nominalrate4,obs_nominalrate5,obs_nominalrate6
0.4427939468660824,-47.8109791303269,0.4427939468660824,0.49776236373623234,0.49999999999998934,0.9321668539750361,0.4427939468660824,0.4427939468660824,0.48049006685992357,0.49999999999998934,0.9321668539750361,0.0,0.4427939468660824,0.1174310227768634,0.9321668539750361,0.9321668539750361,0.9321668539750361,0.9321668539750361,0.9321668539750361,0.9321668539750361
