obs_gdp,obs_hours,obs_wages,obs_gdpdeflator,obs_corepce,obs_nominalrate,obs_consumption,obs_investment,obs_BBBspread,obs_longinflation,obs_longrate,obs_tfp,obs_gdi,obs_AAAspread,obs_nominalrate1,obs_nominalrate2,obs_nominalrate3,obs_nominalrate4,obs_nominalrate5,obs_nominalrate6
0.40951314568520303,-47.11750030517578,0.40951314568520303,0.5074243634007765,0.49999999999998934,1.0886293428166383,0.40951314568520303,0.40951314568520303,0.44861347435257926,0.49999999999998934,1.0886293428166383,0.0,0.40951314568520303,0.1174310227768634,1.0886293428166383,1.0886293428166383,1.0886293428166383,1.0886293428166383,1.0886293428166383,1.0886293428166383
