obs_gdp,obs_hours,obs_wages,obs_gdpdeflator,obs_corepce,obs_nominalrate,obs_consumption,obs_investment,obs_BBBspread,obs_longinflation,obs_longrate,obs_tfp,obs_gdi,obs_AAAspread,obs_nominalrate1,obs_nominalrate2,obs_nominalrate3,obs_nominalrate4,obs_nominalrate5,obs_nominalrate6
0.4112709164619366,-46.842342376708984,0.4112709164619366,0.5125150531530274,0.49999999999998934,1.0851982792976056,0.4112709164619366,0.4112709164619366,0.44846474316402457,0.49999999999998934,1.0851982792976056,0.0,0.4112709164619366,0.1174310227768634,1.0851982792976056,1.0851982792976056,1.0851982792976056,1.0851982792976056,1.0851982792976056,1.0851982792976056
