obs_gdp,obs_hours,obs_wages,obs_gdpdeflator,obs_corepce,obs_nominalrate,obs_consumption,obs_investment,obs_BBBspread,obs_longinflation,obs_longrate,obs_tfp,obs_gdi,obs_AAAspread,obs_nominalrate1,obs_nominalrate2,obs_nominalrate3,obs_nominalrate4,obs_nominalrate5,obs_nominalrate6
0.4194328784942636,-46.66756820678711,0.4194328784942636,0.5142882158979667,0.49999999999998934,1.098837699265176,0.4194328784942636,0.4194328784942636,0.4460598280971588,0.49999999999998934,1.098837699265176,0.0,0.4194328784942636,0.1174310227768634,1.098837699265176,1.098837699265176,1.098837699265176,1.098837699265176,1.098837699265176,1.098837699265176
