obs_gdp,obs_hours,obs_wages,obs_gdpdeflator,obs_corepce,obs_nominalrate,obs_consumption,obs_investment,obs_BBBspread,obs_longinflation,obs_longrate,obs_tfp,obs_gdi,obs_AAAspread,obs_nominalrate1,obs_nominalrate2,obs_nominalrate3,obs_nominalrate4,obs_nominalrate5,obs_nominalrate6
0.4386796189852715,-48.02236980300969,0.4386796189852715,0.4972692771598442,0.49999999999998934,0.9262069634182302,0.4386796189852715,0.4386796189852715,0.48021576114080256,0.49999999999998934,0.9262069634182302,0.0,0.4386796189852715,0.1174310227768634,0.9262069634182302,0.9262069634182302,0.9262069634182302,0.9262069634182302,0.9262069634182302,0.9262069634182302
