obs_gdp,obs_hours,obs_wages,obs_gdpdeflator,obs_corepce,obs_nominalrate,obs_consumption,obs_investment,obs_BBBspread,obs_longinflation,obs_longrate,obs_tfp,obs_gdi,obs_AAAspread,obs_nominalrate1,obs_nominalrate2,obs_nominalrate3,obs_nominalrate4,obs_nominalrate5,obs_nominalrate6
0.44429352879524764,-44.98482131958008,0.44429352879524764,0.500644093146537,0.49999999999998934,0.9525048469832154,0.44429352879524764,0.44429352879524764,0.5030751332015029,0.49999999999998934,0.9525048469832154,0.0,0.44429352879524764,0.1174310227768634,0.9525048469832154,0.9525048469832154,0.9525048469832154,0.9525048469832154,0.9525048469832154,0.9525048469832154
