obs_gdp,obs_hours,obs_wages,obs_gdpdeflator,obs_corepce,obs_nominalrate,obs_consumption,obs_investment,obs_BBBspread,obs_longinflation,obs_longrate,obs_tfp,obs_gdi,obs_AAAspread,obs_nominalrate1,obs_nominalrate2,obs_nominalrate3,obs_nominalrate4,obs_nominalrate5,obs_nominalrate6
0.4652301974023887,-44.408608323264865,0.4652301974023887,0.4935911205211351,0.49999999999998934,0.9596162385661522,0.4652301974023887,0.4652301974023887,0.468166823168128,0.49999999999998934,0.9596162385661522,0.0,0.4652301974023887,0.1174310227768634,0.9596162385661522,0.9596162385661522,0.9596162385661522,0.9596162385661522,0.9596162385661522,0.9596162385661522
