obs_gdp,obs_hours,obs_wages,obs_gdpdeflator,obs_corepce,obs_nominalrate,obs_consumption,obs_investment,obs_BBBspread,obs_longinflation,obs_longrate,obs_tfp,obs_gdi,obs_AAAspread,obs_nominalrate1,obs_nominalrate2,obs_nominalrate3,obs_nominalrate4,obs_nominalrate5,obs_nominalrate6
0.4334014952182663,-46.35687255859375,0.4334014952182663,0.5244393385946644,0.49999999999998934,1.1168169713928977,0.4334014952182663,0.4334014952182663,0.4541588589617813,0.49999999999998934,1.1168169713928977,0.0,0.4334014952182663,0.1174310227768634,1.1168169713928977,1.1168169713928977,1.1168169713928977,1.1168169713928977,1.1168169713928977,1.1168169713928977
