obs_gdp,obs_hours,obs_wages,obs_gdpdeflator,obs_corepce,obs_nominalrate,obs_consumption,obs_investment,obs_BBBspread,obs_longinflation,obs_longrate,obs_tfp,obs_gdi,obs_AAAspread,obs_nominalrate1,obs_nominalrate2,obs_nominalrate3,obs_nominalrate4,obs_nominalrate5,obs_nominalrate6
0.43389656138916877,-48.36914709007268,0.43389656138916877,0.497530685622208,0.49999999999998934,0.9193983093281233,0.43389656138916877,0.43389656138916877,0.479951261972009,0.49999999999998934,0.9193983093281233,0.0,0.43389656138916877,0.1174310227768634,0.9193983093281233,0.9193983093281233,0.9193983093281233,0.9193983093281233,0.9193983093281233,0.9193983093281233
