obs_gdp,obs_hours,obs_wages,obs_gdpdeflator,obs_corepce,obs_nominalrate,obs_consumption,obs_investment,obs_BBBspread,obs_longinflation,obs_longrate,obs_tfp,obs_gdi,obs_AAAspread,obs_nominalrate1,obs_nominalrate2,obs_nominalrate3,obs_nominalrate4,obs_nominalrate5,obs_nominalrate6
0.42900988459586564,-46.56412124633789,0.42900988459586564,0.5226169861853016,0.49999999999998934,1.0748215173873588,0.42900988459586564,0.42900988459586564,0.4551603967241715,0.49999999999998934,1.0748215173873588,0.0,0.42900988459586564,0.1174310227768634,1.0748215173873588,1.0748215173873588,1.0748215173873588,1.0748215173873588,1.0748215173873588,1.0748215173873588
