obs_gdp,obs_hours,obs_wages,obs_gdpdeflator,obs_corepce,obs_nominalrate,obs_consumption,obs_investment,obs_BBBspread,obs_longinflation,obs_longrate,obs_tfp,obs_gdi,obs_AAAspread,obs_nominalrate1,obs_nominalrate2,obs_nominalrate3,obs_nominalrate4,obs_nominalrate5,obs_nominalrate6
0.4298919439315707,-46.63727951049805,0.4298919439315707,0.5249096937477482,0.49999999999998934,1.0740025072358828,0.4298919439315707,0.4298919439315707,0.45542865369078883,0.49999999999998934,1.0740025072358828,0.0,0.4298919439315707,0.1174310227768634,1.0740025072358828,1.0740025072358828,1.0740025072358828,1.0740025072358828,1.0740025072358828,1.0740025072358828
