obs_gdp,obs_hours,obs_wages,obs_gdpdeflator,obs_corepce,obs_nominalrate,obs_consumption,obs_investment,obs_BBBspread,obs_longinflation,obs_longrate,obs_tfp,obs_gdi,obs_AAAspread,obs_nominalrate1,obs_nominalrate2,obs_nominalrate3,obs_nominalrate4,obs_nominalrate5,obs_nominalrate6
0.43340479538571675,-48.37410891910941,0.43340479538571675,0.49733959831967833,0.49999999999998934,0.9149288840794023,0.43340479538571675,0.43340479538571675,0.48038280412840495,0.49999999999998934,0.9149288840794023,0.0,0.43340479538571675,0.1174310227768634,0.9149288840794023,0.9149288840794023,0.9149288840794023,0.9149288840794023,0.9149288840794023,0.9149288840794023
