obs_gdp,obs_hours,obs_wages,obs_gdpdeflator,obs_corepce,obs_nominalrate,obs_consumption,obs_investment,obs_BBBspread,obs_longinflation,obs_longrate,obs_tfp,obs_gdi,obs_AAAspread,obs_nominalrate1,obs_nominalrate2,obs_nominalrate3,obs_nominalrate4,obs_nominalrate5,obs_nominalrate6
0.4363275468349359,-46.45785140991211,0.4363275468349359,0.5288383550941838,0.49999999999998934,1.0616942204426216,0.4363275468349359,0.4363275468349359,0.4697683992159412,0.49999999999998934,1.0616942204426216,0.0,0.4363275468349359,0.1174310227768634,1.0616942204426216,1.0616942204426216,1.0616942204426216,1.0616942204426216,1.0616942204426216,1.0616942204426216
