obs_gdp,obs_hours,obs_wages,obs_gdpdeflator,obs_corepce,obs_nominalrate,obs_consumption,obs_investment,obs_BBBspread,obs_longinflation,obs_longrate,obs_tfp,obs_gdi,obs_AAAspread,obs_nominalrate1,obs_nominalrate2,obs_nominalrate3,obs_nominalrate4,obs_nominalrate5,obs_nominalrate6
0.44158388793642533,-47.801154083548916,0.44158388793642533,0.4975664331703981,0.49999999999998934,0.9212789539741362,0.44158388793642533,0.44158388793642533,0.4812398051019259,0.49999999999998934,0.9212789539741362,0.0,0.44158388793642533,0.1174310227768634,0.9212789539741362,0.9212789539741362,0.9212789539741362,0.9212789539741362,0.9212789539741362,0.9212789539741362
