obs_gdp,obs_hours,obs_wages,obs_gdpdeflator,obs_corepce,obs_nominalrate,obs_consumption,obs_investment,obs_BBBspread,obs_longinflation,obs_longrate,obs_tfp,obs_gdi,obs_AAAspread,obs_nominalrate1,obs_nominalrate2,obs_nominalrate3,obs_nominalrate4,obs_nominalrate5,obs_nominalrate6
0.4375337814871427,-48.08447923534374,0.4375337814871427,0.4977986515958334,0.49999999999998934,0.9151173890125097,0.4375337814871427,0.4375337814871427,0.48133886443166346,0.49999999999998934,0.9151173890125097,0.0,0.4375337814871427,0.1174310227768634,0.9151173890125097,0.9151173890125097,0.9151173890125097,0.9151173890125097,0.9151173890125097,0.9151173890125097
