obs_gdp,obs_hours,obs_wages,obs_gdpdeflator,obs_corepce,obs_nominalrate,obs_consumption,obs_investment,obs_BBBspread,obs_longinflation,obs_longrate,obs_tfp,obs_gdi,obs_AAAspread,obs_nominalrate1,obs_nominalrate2,obs_nominalrate3,obs_nominalrate4,obs_nominalrate5,obs_nominalrate6
0.4636065065860784,-45.683387756347656,0.4636065065860784,0.5216702166944636,0.49999999999998934,1.0793771194171242,0.4636065065860784,0.4636065065860784,0.4530238483195346,0.49999999999998934,1.0793771194171242,0.0,0.4636065065860784,0.1174310227768634,1.0793771194171242,1.0793771194171242,1.0793771194171242,1.0793771194171242,1.0793771194171242,1.0793771194171242
