obs_gdp,obs_hours,obs_wages,obs_gdpdeflator,obs_corepce,obs_nominalrate,obs_consumption,obs_investment,obs_BBBspread,obs_longinflation,obs_longrate,obs_tfp,obs_gdi,obs_AAAspread,obs_nominalrate1,obs_nominalrate2,obs_nominalrate3,obs_nominalrate4,obs_nominalrate5,obs_nominalrate6
0.46178605618640844,-44.68161241928459,0.46178605618640844,0.4937661337514634,0.49999999999998934,0.9564403409581645,0.46178605618640844,0.46178605618640844,0.4689817955798444,0.49999999999998934,0.9564403409581645,0.0,0.46178605618640844,0.1174310227768634,0.9564403409581645,0.9564403409581645,0.9564403409581645,0.9564403409581645,0.9564403409581645,0.9564403409581645
