obs_gdp,obs_hours,obs_wages,obs_gdpdeflator,obs_corepce,obs_nominalrate,obs_consumption,obs_investment,obs_BBBspread,obs_longinflation,obs_longrate,obs_tfp,obs_gdi,obs_AAAspread,obs_nominalrate1,obs_nominalrate2,obs_nominalrate3,obs_nominalrate4,obs_nominalrate5,obs_nominalrate6
0.4327129324143142,-48.444739655897195,0.4327129324143142,0.49749255214462107,0.49999999999998934,0.9110567274146275,0.4327129324143142,0.4327129324143142,0.48092893078212257,0.49999999999998934,0.9110567274146275,0.0,0.4327129324143142,0.1174310227768634,0.9110567274146275,0.9110567274146275,0.9110567274146275,0.9110567274146275,0.9110567274146275,0.9110567274146275
