obs_gdp,obs_hours,obs_wages,obs_gdpdeflator,obs_corepce,obs_nominalrate,obs_consumption,obs_investment,obs_BBBspread,obs_longinflation,obs_longrate,obs_tfp,obs_gdi,obs_AAAspread,obs_nominalrate1,obs_nominalrate2,obs_nominalrate3,obs_nominalrate4,obs_nominalrate5,obs_nominalrate6
0.44930610060691656,-46.485870361328125,0.44930610060691656,0.5100725563242925,0.49999999999998934,1.02405879233598,0.44930610060691656,0.44930610060691656,0.4528139983700037,0.49999999999998934,1.02405879233598,0.0,0.44930610060691656,0.1174310227768634,1.02405879233598,1.02405879233598,1.02405879233598,1.02405879233598,1.02405879233598,1.02405879233598
