obs_gdp,obs_hours,obs_wages,obs_gdpdeflator,obs_corepce,obs_nominalrate,obs_consumption,obs_investment,obs_BBBspread,obs_longinflation,obs_longrate,obs_tfp,obs_gdi,obs_AAAspread,obs_nominalrate1,obs_nominalrate2,obs_nominalrate3,obs_nominalrate4,obs_nominalrate5,obs_nominalrate6
0.4322113072407152,-48.413260840396525,0.4322113072407152,0.4974315830997189,0.49999999999998934,0.9083770007514147,0.4322113072407152,0.4322113072407152,0.4811339787160544,0.49999999999998934,0.9083770007514147,0.0,0.4322113072407152,0.1174310227768634,0.9083770007514147,0.9083770007514147,0.9083770007514147,0.9083770007514147,0.9083770007514147,0.9083770007514147
