obs_gdp,obs_hours,obs_wages,obs_gdpdeflator,obs_corepce,obs_nominalrate,obs_consumption,obs_investment,obs_BBBspread,obs_longinflation,obs_longrate,obs_tfp,obs_gdi,obs_AAAspread,obs_nominalrate1,obs_nominalrate2,obs_nominalrate3,obs_nominalrate4,obs_nominalrate5,obs_nominalrate6
0.4351780418556661,-48.1829414554897,0.4351780418556661,0.49732029593861293,0.49999999999998934,0.9115602955449775,0.4351780418556661,0.4351780418556661,0.4809625583778042,0.49999999999998934,0.9115602955449775,0.0,0.4351780418556661,0.1174310227768634,0.9115602955449775,0.9115602955449775,0.9115602955449775,0.9115602955449775,0.9115602955449775,0.9115602955449775
