obs_gdp,obs_hours,obs_wages,obs_gdpdeflator,obs_corepce,obs_nominalrate,obs_consumption,obs_investment,obs_BBBspread,obs_longinflation,obs_longrate,obs_tfp,obs_gdi,obs_AAAspread,obs_nominalrate1,obs_nominalrate2,obs_nominalrate3,obs_nominalrate4,obs_nominalrate5,obs_nominalrate6
0.49613896012306036,-45.7484245300293,0.49613896012306036,0.5051515046507014,0.49999999999998934,1.0667697313386793,0.49613896012306036,0.49613896012306036,0.44440448814266315,0.49999999999998934,1.0667697313386793,0.0,0.49613896012306036,0.1174310227768634,1.0667697313386793,1.0667697313386793,1.0667697313386793,1.0667697313386793,1.0667697313386793,1.0667697313386793
