obs_gdp,obs_hours,obs_wages,obs_gdpdeflator,obs_corepce,obs_nominalrate,obs_consumption,obs_investment,obs_BBBspread,obs_longinflation,obs_longrate,obs_tfp,obs_gdi,obs_AAAspread,obs_nominalrate1,obs_nominalrate2,obs_nominalrate3,obs_nominalrate4,obs_nominalrate5,obs_nominalrate6
0.4310631267535836,-48.42621891386382,0.4310631267535836,0.49726289130489093,0.49999999999998934,0.907797626956186,0.4310631267535836,0.4310631267535836,0.47958963863984955,0.49999999999998934,0.907797626956186,0.0,0.4310631267535836,0.1174310227768634,0.907797626956186,0.907797626956186,0.907797626956186,0.907797626956186,0.907797626956186,0.907797626956186
