obs_gdp,obs_hours,obs_wages,obs_gdpdeflator,obs_corepce,obs_nominalrate,obs_consumption,obs_investment,obs_BBBspread,obs_longinflation,obs_longrate,obs_tfp,obs_gdi,obs_AAAspread,obs_nominalrate1,obs_nominalrate2,obs_nominalrate3,obs_nominalrate4,obs_nominalrate5,obs_nominalrate6
0.4928112924099004,-45.734519958496094,0.4928112924099004,0.499792124537624,0.49999999999998934,1.056332220878775,0.4928112924099004,0.4928112924099004,0.44166677756782896,0.49999999999998934,1.056332220878775,0.0,0.4928112924099004,0.1174310227768634,1.056332220878775,1.056332220878775,1.056332220878775,1.056332220878775,1.056332220878775,1.056332220878775
