obs_gdp,obs_hours,obs_wages,obs_gdpdeflator,obs_corepce,obs_nominalrate,obs_consumption,obs_investment,obs_BBBspread,obs_longinflation,obs_longrate,obs_tfp,obs_gdi,obs_AAAspread,obs_nominalrate1,obs_nominalrate2,obs_nominalrate3,obs_nominalrate4,obs_nominalrate5,obs_nominalrate6
0.4788823127746644,-46.42176818847656,0.4788823127746644,0.501417267834757,0.49999999999998934,1.0278394314196193,0.4788823127746644,0.4788823127746644,0.4378847194026578,0.49999999999998934,1.0278394314196193,0.0,0.4788823127746644,0.1174310227768634,1.0278394314196193,1.0278394314196193,1.0278394314196193,1.0278394314196193,1.0278394314196193,1.0278394314196193
