obs_gdp,obs_hours,obs_wages,obs_gdpdeflator,obs_corepce,obs_nominalrate,obs_consumption,obs_investment,obs_BBBspread,obs_longinflation,obs_longrate,obs_tfp,obs_gdi,obs_AAAspread,obs_nominalrate1,obs_nominalrate2,obs_nominalrate3,obs_nominalrate4,obs_nominalrate5,obs_nominalrate6
0.4600813369266543,-44.823412483915156,0.4600813369266543,0.4937273322883354,0.49999999999998934,0.9545705103189528,0.4600813369266543,0.4600813369266543,0.46930889949484167,0.49999999999998934,0.9545705103189528,0.0,0.4600813369266543,0.1174310227768634,0.9545705103189528,0.9545705103189528,0.9545705103189528,0.9545705103189528,0.9545705103189528,0.9545705103189528
