obs_gdp,obs_hours,obs_wages,obs_gdpdeflator,obs_corepce,obs_nominalrate,obs_consumption,obs_investment,obs_BBBspread,obs_longinflation,obs_longrate,obs_tfp,obs_gdi,obs_AAAspread,obs_nominalrate1,obs_nominalrate2,obs_nominalrate3,obs_nominalrate4,obs_nominalrate5,obs_nominalrate6
0.4775912463665044,-46.48195266723633,0.4775912463665044,0.4968963814899219,0.49999999999998934,1.0235261142248042,0.4775912463665044,0.4775912463665044,0.43395099964139533,0.49999999999998934,1.0235261142248042,0.0,0.4775912463665044,0.1174310227768634,1.0235261142248042,1.0235261142248042,1.0235261142248042,1.0235261142248042,1.0235261142248042,1.0235261142248042
