obs_gdp,obs_hours,obs_wages,obs_gdpdeflator,obs_corepce,obs_nominalrate,obs_consumption,obs_investment,obs_BBBspread,obs_longinflation,obs_longrate,obs_tfp,obs_gdi,obs_AAAspread,obs_nominalrate1,obs_nominalrate2,obs_nominalrate3,obs_nominalrate4,obs_nominalrate5,obs_nominalrate6
0.4268270627003412,-48.68222436110316,0.4268270627003412,0.4972046586859254,0.49999999999998934,0.8990379762304768,0.4268270627003412,0.4268270627003412,0.4822161145758677,0.49999999999998934,0.8990379762304768,0.0,0.4268270627003412,0.1174310227768634,0.8990379762304768,0.8990379762304768,0.8990379762304768,0.8990379762304768,0.8990379762304768,0.8990379762304768
