obs_gdp,obs_hours,obs_wages,obs_gdpdeflator,obs_corepce,obs_nominalrate,obs_consumption,obs_investment,obs_BBBspread,obs_longinflation,obs_longrate,obs_tfp,obs_gdi,obs_AAAspread,obs_nominalrate1,obs_nominalrate2,obs_nominalrate3,obs_nominalrate4,obs_nominalrate5,obs_nominalrate6
0.46100836992264416,-46.88534164428711,0.46100836992264416,0.5058403057046128,0.49999999999998934,1.0094556838799784,0.46100836992264416,0.46100836992264416,0.4345465595958038,0.49999999999998934,1.0094556838799784,0.0,0.46100836992264416,0.1174310227768634,1.0094556838799784,1.0094556838799784,1.0094556838799784,1.0094556838799784,1.0094556838799784,1.0094556838799784
