obs_gdp,obs_hours,obs_wages,obs_gdpdeflator,obs_corepce,obs_nominalrate,obs_consumption,obs_investment,obs_BBBspread,obs_longinflation,obs_longrate,obs_tfp,obs_gdi,obs_AAAspread,obs_nominalrate1,obs_nominalrate2,obs_nominalrate3,obs_nominalrate4,obs_nominalrate5,obs_nominalrate6
0.42299608547049505,-48.94779274251433,0.42299608547049505,0.49713389754017,0.49999999999998934,0.8943728235605075,0.42299608547049505,0.42299608547049505,0.4823164445721272,0.49999999999998934,0.8943728235605075,0.0,0.42299608547049505,0.1174310227768634,0.8943728235605075,0.8943728235605075,0.8943728235605075,0.8943728235605075,0.8943728235605075,0.8943728235605075
