obs_gdp,obs_hours,obs_wages,obs_gdpdeflator,obs_corepce,obs_nominalrate,obs_consumption,obs_investment,obs_BBBspread,obs_longinflation,obs_longrate,obs_tfp,obs_gdi,obs_AAAspread,obs_nominalrate1,obs_nominalrate2,obs_nominalrate3,obs_nominalrate4,obs_nominalrate5,obs_nominalrate6
0.4504205882549295,-46.9486198425293,0.4504205882549295,0.5024670560378475,0.49999999999998934,1.0071524437777812,0.4504205882549295,0.4504205882549295,0.43497553335489336,0.49999999999998934,1.0071524437777812,0.0,0.4504205882549295,0.1174310227768634,1.0071524437777812,1.0071524437777812,1.0071524437777812,1.0071524437777812,1.0071524437777812,1.0071524437777812
