obs_gdp,obs_hours,obs_wages,obs_gdpdeflator,obs_corepce,obs_nominalrate,obs_consumption,obs_investment,obs_BBBspread,obs_longinflation,obs_longrate,obs_tfp,obs_gdi,obs_AAAspread,obs_nominalrate1,obs_nominalrate2,obs_nominalrate3,obs_nominalrate4,obs_nominalrate5,obs_nominalrate6
0.4257585597236435,-48.75213279190194,0.4257585597236435,0.49687808594544747,0.49999999999998934,0.8959969991951588,0.4257585597236435,0.4257585597236435,0.4818933157277729,0.49999999999998934,0.8959969991951588,0.0,0.4257585597236435,0.1174310227768634,0.8959969991951588,0.8959969991951588,0.8959969991951588,0.8959969991951588,0.8959969991951588,0.8959969991951588
