obs_gdp,obs_hours,obs_wages,obs_gdpdeflator,obs_corepce,obs_nominalrate,obs_consumption,obs_investment,obs_BBBspread,obs_longinflation,obs_longrate,obs_tfp,obs_gdi,obs_AAAspread,obs_nominalrate1,obs_nominalrate2,obs_nominalrate3,obs_nominalrate4,obs_nominalrate5,obs_nominalrate6
0.4452479183673752,-47.11587905883789,0.4452479183673752,0.5041721342131389,0.49999999999998934,1.0000541712083866,0.4452479183673752,0.4452479183673752,0.44113848952899387,0.49999999999998934,1.0000541712083866,0.0,0.4452479183673752,0.1174310227768634,1.0000541712083866,1.0000541712083866,1.0000541712083866,1.0000541712083866,1.0000541712083866,1.0000541712083866
