obs_gdp,obs_hours,obs_wages,obs_gdpdeflator,obs_corepce,obs_nominalrate,obs_consumption,obs_investment,obs_BBBspread,obs_longinflation,obs_longrate,obs_tfp,obs_gdi,obs_AAAspread,obs_nominalrate1,obs_nominalrate2,obs_nominalrate3,obs_nominalrate4,obs_nominalrate5,obs_nominalrate6
0.43028083443641396,-47.520301818847656,0.43028083443641396,0.5041093127801908,0.49999999999998934,1.0035635641204577,0.43028083443641396,0.43028083443641396,0.4372075827611404,0.49999999999998934,1.0035635641204577,0.0,0.43028083443641396,0.1174310227768634,1.0035635641204577,1.0035635641204577,1.0035635641204577,1.0035635641204577,1.0035635641204577,1.0035635641204577
