obs_gdp,obs_hours,obs_wages,obs_gdpdeflator,obs_corepce,obs_nominalrate,obs_consumption,obs_investment,obs_BBBspread,obs_longinflation,obs_longrate,obs_tfp,obs_gdi,obs_AAAspread,obs_nominalrate1,obs_nominalrate2,obs_nominalrate3,obs_nominalrate4,obs_nominalrate5,obs_nominalrate6
0.43361949405709144,-48.200130989356644,0.43361949405709144,0.4972445270769643,0.49999999999998934,0.9023185735483219,0.43361949405709144,0.43361949405709144,0.48218072857470456,0.49999999999998934,0.9023185735483219,0.0,0.43361949405709144,0.1174310227768634,0.9023185735483219,0.9023185735483219,0.9023185735483219,0.9023185735483219,0.9023185735483219,0.9023185735483219
