obs_gdp,obs_hours,obs_wages,obs_gdpdeflator,obs_corepce,obs_nominalrate,obs_consumption,obs_investment,obs_BBBspread,obs_longinflation,obs_longrate,obs_tfp,obs_gdi,obs_AAAspread,obs_nominalrate1,obs_nominalrate2,obs_nominalrate3,obs_nominalrate4,obs_nominalrate5,obs_nominalrate6
0.42761329755214295,-48.60527090183355,0.42761329755214295,0.49744759613247935,0.49999999999998934,0.8959302147451664,0.42761329755214295,0.42761329755214295,0.4822530946302838,0.49999999999998934,0.8959302147451664,0.0,0.42761329755214295,0.1174310227768634,0.8959302147451664,0.8959302147451664,0.8959302147451664,0.8959302147451664,0.8959302147451664,0.8959302147451664
