obs_gdp,obs_hours,obs_wages,obs_gdpdeflator,obs_corepce,obs_nominalrate,obs_consumption,obs_investment,obs_BBBspread,obs_longinflation,obs_longrate,obs_tfp,obs_gdi,obs_AAAspread,obs_nominalrate1,obs_nominalrate2,obs_nominalrate3,obs_nominalrate4,obs_nominalrate5,obs_nominalrate6
0.43849354982377076,-47.55040740966797,0.43849354982377076,0.4992649854975646,0.49999999999998934,1.0087319287299001,0.43849354982377076,0.43849354982377076,0.43803543099206727,0.49999999999998934,1.0087319287299001,0.0,0.43849354982377076,0.1174310227768634,1.0087319287299001,1.0087319287299001,1.0087319287299001,1.0087319287299001,1.0087319287299001,1.0087319287299001
