obs_gdp,obs_hours,obs_wages,obs_gdpdeflator,obs_corepce,obs_nominalrate,obs_consumption,obs_investment,obs_BBBspread,obs_longinflation,obs_longrate,obs_tfp,obs_gdi,obs_AAAspread,obs_nominalrate1,obs_nominalrate2,obs_nominalrate3,obs_nominalrate4,obs_nominalrate5,obs_nominalrate6
0.42825286997341117,-48.568500914476445,0.42825286997341117,0.4973766708796755,0.49999999999998934,0.8968088950334963,0.42825286997341117,0.42825286997341117,0.4826266870928432,0.49999999999998934,0.8968088950334963,0.0,0.42825286997341117,0.1174310227768634,0.8968088950334963,0.8968088950334963,0.8968088950334963,0.8968088950334963,0.8968088950334963,0.8968088950334963
