obs_gdp,obs_hours,obs_wages,obs_gdpdeflator,obs_corepce,obs_nominalrate,obs_consumption,obs_investment,obs_BBBspread,obs_longinflation,obs_longrate,obs_tfp,obs_gdi,obs_AAAspread,obs_nominalrate1,obs_nominalrate2,obs_nominalrate3,obs_nominalrate4,obs_nominalrate5,obs_nominalrate6
0.42590245463893783,-48.7824316446926,0.42590245463893783,0.4972524430676174,0.49999999999998934,0.894416832460454,0.42590245463893783,0.42590245463893783,0.4830045697290272,0.49999999999998934,0.894416832460454,0.0,0.42590245463893783,0.1174310227768634,0.894416832460454,0.894416832460454,0.894416832460454,0.894416832460454,0.894416832460454,0.894416832460454
