obs_gdp,obs_hours,obs_wages,obs_gdpdeflator,obs_corepce,obs_nominalrate,obs_consumption,obs_investment,obs_BBBspread,obs_longinflation,obs_longrate,obs_tfp,obs_gdi,obs_AAAspread,obs_nominalrate1,obs_nominalrate2,obs_nominalrate3,obs_nominalrate4,obs_nominalrate5,obs_nominalrate6
0.43311169743538436,-47.63785171508789,0.43311169743538436,0.5064701349474383,0.49999999999998934,1.0169705701900567,0.43311169743538436,0.43311169743538436,0.43405485338437344,0.49999999999998934,1.0169705701900567,0.0,0.43311169743538436,0.1174310227768634,1.0169705701900567,1.0169705701900567,1.0169705701900567,1.0169705701900567,1.0169705701900567,1.0169705701900567
