obs_gdp,obs_hours,obs_wages,obs_gdpdeflator,obs_corepce,obs_nominalrate,obs_consumption,obs_investment,obs_BBBspread,obs_longinflation,obs_longrate,obs_tfp,obs_gdi,obs_AAAspread,obs_nominalrate1,obs_nominalrate2,obs_nominalrate3,obs_nominalrate4,obs_nominalrate5,obs_nominalrate6
0.4348863065242847,-47.77348709106445,0.4348863065242847,0.5037886041682107,0.49999999999998934,1.023222787888578,0.4348863065242847,0.4348863065242847,0.42917832193192956,0.49999999999998934,1.023222787888578,0.0,0.4348863065242847,0.1174310227768634,1.023222787888578,1.023222787888578,1.023222787888578,1.023222787888578,1.023222787888578,1.023222787888578
