obs_gdp,obs_hours,obs_wages,obs_gdpdeflator,obs_corepce,obs_nominalrate,obs_consumption,obs_investment,obs_BBBspread,obs_longinflation,obs_longrate,obs_tfp,obs_gdi,obs_AAAspread,obs_nominalrate1,obs_nominalrate2,obs_nominalrate3,obs_nominalrate4,obs_nominalrate5,obs_nominalrate6
0.44817981123923545,-44.800140380859375,0.44817981123923545,0.4963211130816383,0.49999999999998934,0.9368769085141837,0.44817981123923545,0.44817981123923545,0.501964467971323,0.49999999999998934,0.9368769085141837,0.0,0.44817981123923545,0.1174310227768634,0.9368769085141837,0.9368769085141837,0.9368769085141837,0.9368769085141837,0.9368769085141837,0.9368769085141837
