obs_gdp,obs_hours,obs_wages,obs_gdpdeflator,obs_corepce,obs_nominalrate,obs_consumption,obs_investment,obs_BBBspread,obs_longinflation,obs_longrate,obs_tfp,obs_gdi,obs_AAAspread,obs_nominalrate1,obs_nominalrate2,obs_nominalrate3,obs_nominalrate4,obs_nominalrate5,obs_nominalrate6
0.44544517993927446,-47.6899528503418,0.44544517993927446,0.504468381404866,0.49999999999998934,1.0443258781951403,0.44544517993927446,0.44544517993927446,0.4257485549025576,0.49999999999998934,1.0443258781951403,0.0,0.44544517993927446,0.1174310227768634,1.0443258781951403,1.0443258781951403,1.0443258781951403,1.0443258781951403,1.0443258781951403,1.0443258781951403
