obs_gdp,obs_hours,obs_wages,obs_gdpdeflator,obs_corepce,obs_nominalrate,obs_consumption,obs_investment,obs_BBBspread,obs_longinflation,obs_longrate,obs_tfp,obs_gdi,obs_AAAspread,obs_nominalrate1,obs_nominalrate2,obs_nominalrate3,obs_nominalrate4,obs_nominalrate5,obs_nominalrate6
0.43328467235257406,-48.34697333289616,0.43328467235257406,0.4972817355584787,0.49999999999998934,0.9045511057094835,0.43328467235257406,0.43328467235257406,0.4829334198383239,0.49999999999998934,0.9045511057094835,0.0,0.43328467235257406,0.1174310227768634,0.9045511057094835,0.9045511057094835,0.9045511057094835,0.9045511057094835,0.9045511057094835,0.9045511057094835
