obs_gdp,obs_hours,obs_wages,obs_gdpdeflator,obs_corepce,obs_nominalrate,obs_consumption,obs_investment,obs_BBBspread,obs_longinflation,obs_longrate,obs_tfp,obs_gdi,obs_AAAspread,obs_nominalrate1,obs_nominalrate2,obs_nominalrate3,obs_nominalrate4,obs_nominalrate5,obs_nominalrate6
0.44632056355475846,-47.65641784667969,0.44632056355475846,0.5021515679545594,0.49999999999998934,1.0942500507402642,0.44632056355475846,0.44632056355475846,0.4181578354216944,0.49999999999998934,1.0942500507402642,0.0,0.44632056355475846,0.1174310227768634,1.0942500507402642,1.0942500507402642,1.0942500507402642,1.0942500507402642,1.0942500507402642,1.0942500507402642
