obs_gdp,obs_hours,obs_wages,obs_gdpdeflator,obs_corepce,obs_nominalrate,obs_consumption,obs_investment,obs_BBBspread,obs_longinflation,obs_longrate,obs_tfp,obs_gdi,obs_AAAspread,obs_nominalrate1,obs_nominalrate2,obs_nominalrate3,obs_nominalrate4,obs_nominalrate5,obs_nominalrate6
0.43881862780839054,-47.92525534586797,0.43881862780839054,0.49675830310405616,0.49999999999998934,0.9122786797571836,0.43881862780839054,0.43881862780839054,0.4816526276118278,0.49999999999998934,0.9122786797571836,0.0,0.43881862780839054,0.1174310227768634,0.9122786797571836,0.9122786797571836,0.9122786797571836,0.9122786797571836,0.9122786797571836,0.9122786797571836
