obs_gdp,obs_hours,obs_wages,obs_gdpdeflator,obs_corepce,obs_nominalrate,obs_consumption,obs_investment,obs_BBBspread,obs_longinflation,obs_longrate,obs_tfp,obs_gdi,obs_AAAspread,obs_nominalrate1,obs_nominalrate2,obs_nominalrate3,obs_nominalrate4,obs_nominalrate5,obs_nominalrate6
0.44110032916069297,-47.73008728027344,0.44110032916069297,0.5005925573059251,0.49999999999998934,1.0823887951914024,0.44110032916069297,0.44110032916069297,0.4171435212995368,0.49999999999998934,1.0823887951914024,0.0,0.44110032916069297,0.1174310227768634,1.0823887951914024,1.0823887951914024,1.0823887951914024,1.0823887951914024,1.0823887951914024,1.0823887951914024
