obs_gdp,obs_hours,obs_wages,obs_gdpdeflator,obs_corepce,obs_nominalrate,obs_consumption,obs_investment,obs_BBBspread,obs_longinflation,obs_longrate,obs_tfp,obs_gdi,obs_AAAspread,obs_nominalrate1,obs_nominalrate2,obs_nominalrate3,obs_nominalrate4,obs_nominalrate5,obs_nominalrate6
0.43842357025940526,-47.93279747632262,0.43842357025940526,0.4965068570616251,0.49999999999998934,0.9121691255376208,0.43842357025940526,0.43842357025940526,0.48182359708551104,0.49999999999998934,0.9121691255376208,0.0,0.43842357025940526,0.1174310227768634,0.9121691255376208,0.9121691255376208,0.9121691255376208,0.9121691255376208,0.9121691255376208,0.9121691255376208
