obs_gdp,obs_hours,obs_wages,obs_gdpdeflator,obs_corepce,obs_nominalrate,obs_consumption,obs_investment,obs_BBBspread,obs_longinflation,obs_longrate,obs_tfp,obs_gdi,obs_AAAspread,obs_nominalrate1,obs_nominalrate2,obs_nominalrate3,obs_nominalrate4,obs_nominalrate5,obs_nominalrate6
0.4195439517498123,-47.930023193359375,0.4195439517498123,0.507441186346103,0.49999999999998934,1.0499384266075884,0.4195439517498123,0.4195439517498123,0.41077384887987833,0.49999999999998934,1.0499384266075884,0.0,0.4195439517498123,0.1174310227768634,1.0499384266075884,1.0499384266075884,1.0499384266075884,1.0499384266075884,1.0499384266075884,1.0499384266075884
