obs_gdp,obs_hours,obs_wages,obs_gdpdeflator,obs_corepce,obs_nominalrate,obs_consumption,obs_investment,obs_BBBspread,obs_longinflation,obs_longrate,obs_tfp,obs_gdi,obs_AAAspread,obs_nominalrate1,obs_nominalrate2,obs_nominalrate3,obs_nominalrate4,obs_nominalrate5,obs_nominalrate6
0.4233432029057571,-49.08214715114842,0.4233432029057571,0.4959978317649403,0.49999999999998934,0.8933134440459511,0.4233432029057571,0.4233432029057571,0.4830600948643437,0.49999999999998934,0.8933134440459511,0.0,0.4233432029057571,0.1174310227768634,0.8933134440459511,0.8933134440459511,0.8933134440459511,0.8933134440459511,0.8933134440459511,0.8933134440459511
