obs_gdp,obs_hours,obs_wages,obs_gdpdeflator,obs_corepce,obs_nominalrate,obs_consumption,obs_investment,obs_BBBspread,obs_longinflation,obs_longrate,obs_tfp,obs_gdi,obs_AAAspread,obs_nominalrate1,obs_nominalrate2,obs_nominalrate3,obs_nominalrate4,obs_nominalrate5,obs_nominalrate6
0.40928065776824063,-48.20552444458008,0.40928065776824063,0.5077431746758414,0.49999999999998934,1.0388376667225696,0.40928065776824063,0.40928065776824063,0.4112976849054911,0.49999999999998934,1.0388376667225696,0.0,0.40928065776824063,0.1174310227768634,1.0388376667225696,1.0388376667225696,1.0388376667225696,1.0388376667225696,1.0388376667225696,1.0388376667225696
