obs_gdp,obs_hours,obs_wages,obs_gdpdeflator,obs_corepce,obs_nominalrate,obs_consumption,obs_investment,obs_BBBspread,obs_longinflation,obs_longrate,obs_tfp,obs_gdi,obs_AAAspread,obs_nominalrate1,obs_nominalrate2,obs_nominalrate3,obs_nominalrate4,obs_nominalrate5,obs_nominalrate6
0.4540138435988217,-45.21373930742206,0.4540138435988217,0.49382087687079074,0.49999999999998934,0.9497281967327131,0.4540138435988217,0.4540138435988217,0.4685372124595372,0.49999999999998934,0.9497281967327131,0.0,0.4540138435988217,0.1174310227768634,0.9497281967327131,0.9497281967327131,0.9497281967327131,0.9497281967327131,0.9497281967327131,0.9497281967327131
