obs_gdp,obs_hours,obs_wages,obs_gdpdeflator,obs_corepce,obs_nominalrate,obs_consumption,obs_investment,obs_BBBspread,obs_longinflation,obs_longrate,obs_tfp,obs_gdi,obs_AAAspread,obs_nominalrate1,obs_nominalrate2,obs_nominalrate3,obs_nominalrate4,obs_nominalrate5,obs_nominalrate6
0.4246551063397108,-48.981257554150424,0.4246551063397108,0.49605940172434915,0.49999999999998934,0.8921078771884305,0.4246551063397108,0.4246551063397108,0.4866002457046272,0.49999999999998934,0.8921078771884305,0.0,0.4246551063397108,0.1174310227768634,0.8921078771884305,0.8921078771884305,0.8921078771884305,0.8921078771884305,0.8921078771884305,0.8921078771884305
