obs_gdp,obs_hours,obs_wages,obs_gdpdeflator,obs_corepce,obs_nominalrate,obs_consumption,obs_investment,obs_BBBspread,obs_longinflation,obs_longrate,obs_tfp,obs_gdi,obs_AAAspread,obs_nominalrate1,obs_nominalrate2,obs_nominalrate3,obs_nominalrate4,obs_nominalrate5,obs_nominalrate6
0.3910877704620397,-48.83454895019531,0.3910877704620397,0.5228030569851292,0.49999999999998934,1.0058500822672567,0.3910877704620397,0.3910877704620397,0.4190328997857107,0.49999999999998934,1.0058500822672567,0.0,0.3910877704620397,0.1174310227768634,1.0058500822672567,1.0058500822672567,1.0058500822672567,1.0058500822672567,1.0058500822672567,1.0058500822672567
