obs_gdp,obs_hours,obs_wages,obs_gdpdeflator,obs_corepce,obs_nominalrate,obs_consumption,obs_investment,obs_BBBspread,obs_longinflation,obs_longrate,obs_tfp,obs_gdi,obs_AAAspread,obs_nominalrate1,obs_nominalrate2,obs_nominalrate3,obs_nominalrate4,obs_nominalrate5,obs_nominalrate6
0.4228712817797575,-49.09906505244783,0.4228712817797575,0.4958873765808444,0.49999999999998934,0.8913318006382287,0.4228712817797575,0.4228712817797575,0.4865655501486343,0.49999999999998934,0.8913318006382287,0.0,0.4228712817797575,0.1174310227768634,0.8913318006382287,0.8913318006382287,0.8913318006382287,0.8913318006382287,0.8913318006382287,0.8913318006382287
