obs_gdp,obs_hours,obs_wages,obs_gdpdeflator,obs_corepce,obs_nominalrate,obs_consumption,obs_investment,obs_BBBspread,obs_longinflation,obs_longrate,obs_tfp,obs_gdi,obs_AAAspread,obs_nominalrate1,obs_nominalrate2,obs_nominalrate3,obs_nominalrate4,obs_nominalrate5,obs_nominalrate6
0.42103340058567973,-49.2512227927249,0.42103340058567973,0.495798165489336,0.49999999999998934,0.8912295247925472,0.42103340058567973,0.42103340058567973,0.4868348518272734,0.49999999999998934,0.8912295247925472,0.0,0.42103340058567973,0.1174310227768634,0.8912295247925472,0.8912295247925472,0.8912295247925472,0.8912295247925472,0.8912295247925472,0.8912295247925472
