obs_gdp,obs_hours,obs_wages,obs_gdpdeflator,obs_corepce,obs_nominalrate,obs_consumption,obs_investment,obs_BBBspread,obs_longinflation,obs_longrate,obs_tfp,obs_gdi,obs_AAAspread,obs_nominalrate1,obs_nominalrate2,obs_nominalrate3,obs_nominalrate4,obs_nominalrate5,obs_nominalrate6
0.42483198095615293,-48.97937227622364,0.42483198095615293,0.4958509764608797,0.49999999999998934,0.8947527786447473,0.42483198095615293,0.42483198095615293,0.4874529066331441,0.49999999999998934,0.8947527786447473,0.0,0.42483198095615293,0.1174310227768634,0.8947527786447473,0.8947527786447473,0.8947527786447473,0.8947527786447473,0.8947527786447473,0.8947527786447473
