obs_gdp,obs_hours,obs_wages,obs_gdpdeflator,obs_corepce,obs_nominalrate,obs_consumption,obs_investment,obs_BBBspread,obs_longinflation,obs_longrate,obs_tfp,obs_gdi,obs_AAAspread,obs_nominalrate1,obs_nominalrate2,obs_nominalrate3,obs_nominalrate4,obs_nominalrate5,obs_nominalrate6
0.4222938037919288,-49.12260177884017,0.4222938037919288,0.4955512655318663,0.49999999999998934,0.8912076880193132,0.4222938037919288,0.4222938037919288,0.48682179922688595,0.49999999999998934,0.8912076880193132,0.0,0.4222938037919288,0.1174310227768634,0.8912076880193132,0.8912076880193132,0.8912076880193132,0.8912076880193132,0.8912076880193132,0.8912076880193132
