obs_gdp,obs_hours,obs_wages,obs_gdpdeflator,obs_corepce,obs_nominalrate,obs_consumption,obs_investment,obs_BBBspread,obs_longinflation,obs_longrate,obs_tfp,obs_gdi,obs_AAAspread,obs_nominalrate1,obs_nominalrate2,obs_nominalrate3,obs_nominalrate4,obs_nominalrate5,obs_nominalrate6
0.42565071070126415,-48.83908893590965,0.42565071070126415,0.49528150537716065,0.49999999999998934,0.8937782026488872,0.42565071070126415,0.42565071070126415,0.48661224650365065,0.49999999999998934,0.8937782026488872,0.0,0.42565071070126415,0.1174310227768634,0.8937782026488872,0.8937782026488872,0.8937782026488872,0.8937782026488872,0.8937782026488872,0.8937782026488872
