obs_gdp,obs_hours,obs_wages,obs_gdpdeflator,obs_corepce,obs_nominalrate,obs_consumption,obs_investment,obs_BBBspread,obs_longinflation,obs_longrate,obs_tfp,obs_gdi,obs_AAAspread,obs_nominalrate1,obs_nominalrate2,obs_nominalrate3,obs_nominalrate4,obs_nominalrate5,obs_nominalrate6
0.38904115557669705,-48.5400505065918,0.38904115557669705,0.5199564974754942,0.49999999999998934,0.9952218659938339,0.38904115557669705,0.38904115557669705,0.4265116333646784,0.49999999999998934,0.9952218659938339,0.0,0.38904115557669705,0.1174310227768634,0.9952218659938339,0.9952218659938339,0.9952218659938339,0.9952218659938339,0.9952218659938339,0.9952218659938339
