obs_gdp,obs_hours,obs_wages,obs_gdpdeflator,obs_corepce,obs_nominalrate,obs_consumption,obs_investment,obs_BBBspread,obs_longinflation,obs_longrate,obs_tfp,obs_gdi,obs_AAAspread,obs_nominalrate1,obs_nominalrate2,obs_nominalrate3,obs_nominalrate4,obs_nominalrate5,obs_nominalrate6
0.42396284493773084,-49.005011396029495,0.42396284493773084,0.49547978720485697,0.49999999999998934,0.8915231505487453,0.42396284493773084,0.42396284493773084,0.486915282883516,0.49999999999998934,0.8915231505487453,0.0,0.42396284493773084,0.1174310227768634,0.8915231505487453,0.8915231505487453,0.8915231505487453,0.8915231505487453,0.8915231505487453,0.8915231505487453
