obs_gdp,obs_hours,obs_wages,obs_gdpdeflator,obs_corepce,obs_nominalrate,obs_consumption,obs_investment,obs_BBBspread,obs_longinflation,obs_longrate,obs_tfp,obs_gdi,obs_AAAspread,obs_nominalrate1,obs_nominalrate2,obs_nominalrate3,obs_nominalrate4,obs_nominalrate5,obs_nominalrate6
0.399301618337633,-47.99148178100586,0.399301618337633,0.5263545960187805,0.49999999999998934,0.9956939980038992,0.399301618337633,0.399301618337633,0.42355786747887963,0.49999999999998934,0.9956939980038992,0.0,0.399301618337633,0.1174310227768634,0.9956939980038992,0.9956939980038992,0.9956939980038992,0.9956939980038992,0.9956939980038992,0.9956939980038992
