obs_gdp,obs_hours,obs_wages,obs_gdpdeflator,obs_corepce,obs_nominalrate,obs_consumption,obs_investment,obs_BBBspread,obs_longinflation,obs_longrate,obs_tfp,obs_gdi,obs_AAAspread,obs_nominalrate1,obs_nominalrate2,obs_nominalrate3,obs_nominalrate4,obs_nominalrate5,obs_nominalrate6
0.4283184283453423,-48.66517309452702,0.4283184283453423,0.495778994978554,0.49999999999998934,0.894980909323162,0.4283184283453423,0.4283184283453423,0.4868310813489261,0.49999999999998934,0.894980909323162,0.0,0.4283184283453423,0.1174310227768634,0.894980909323162,0.894980909323162,0.894980909323162,0.894980909323162,0.894980909323162,0.894980909323162
