obs_gdp,obs_hours,obs_wages,obs_gdpdeflator,obs_corepce,obs_nominalrate,obs_consumption,obs_investment,obs_BBBspread,obs_longinflation,obs_longrate,obs_tfp,obs_gdi,obs_AAAspread,obs_nominalrate1,obs_nominalrate2,obs_nominalrate3,obs_nominalrate4,obs_nominalrate5,obs_nominalrate6
0.381289482116709,-48.41037368774414,0.381289482116709,0.5120975105091823,0.49999999999998934,1.0048427055418196,0.381289482116709,0.381289482116709,0.42976151332655826,0.49999999999998934,1.0048427055418196,0.0,0.381289482116709,0.1174310227768634,1.0048427055418196,1.0048427055418196,1.0048427055418196,1.0048427055418196,1.0048427055418196,1.0048427055418196
