obs_gdp,obs_hours,obs_wages,obs_gdpdeflator,obs_corepce,obs_nominalrate,obs_consumption,obs_investment,obs_BBBspread,obs_longinflation,obs_longrate,obs_tfp,obs_gdi,obs_AAAspread,obs_nominalrate1,obs_nominalrate2,obs_nominalrate3,obs_nominalrate4,obs_nominalrate5,obs_nominalrate6
0.383619546890257,-48.34914779663086,0.383619546890257,0.5108379134908212,0.49999999999998934,1.0043837870728378,0.383619546890257,0.383619546890257,0.43901345603527053,0.49999999999998934,1.0043837870728378,0.0,0.383619546890257,0.1174310227768634,1.0043837870728378,1.0043837870728378,1.0043837870728378,1.0043837870728378,1.0043837870728378,1.0043837870728378
