obs_gdp,obs_hours,obs_wages,obs_gdpdeflator,obs_corepce,obs_nominalrate,obs_consumption,obs_investment,obs_BBBspread,obs_longinflation,obs_longrate,obs_tfp,obs_gdi,obs_AAAspread,obs_nominalrate1,obs_nominalrate2,obs_nominalrate3,obs_nominalrate4,obs_nominalrate5,obs_nominalrate6
0.42913262118535744,-48.54868467123787,0.42913262118535744,0.49579207424816185,0.49999999999998934,0.8960638642231844,0.42913262118535744,0.42913262118535744,0.48656156811127055,0.49999999999998934,0.8960638642231844,0.0,0.42913262118535744,0.1174310227768634,0.8960638642231844,0.8960638642231844,0.8960638642231844,0.8960638642231844,0.8960638642231844,0.8960638642231844
