obs_gdp,obs_hours,obs_wages,obs_gdpdeflator,obs_corepce,obs_nominalrate,obs_consumption,obs_investment,obs_BBBspread,obs_longinflation,obs_longrate,obs_tfp,obs_gdi,obs_AAAspread,obs_nominalrate1,obs_nominalrate2,obs_nominalrate3,obs_nominalrate4,obs_nominalrate5,obs_nominalrate6
0.390464544296254,-48.23821258544922,0.390464544296254,0.5064310664310945,0.49999999999998934,0.9953590612741925,0.390464544296254,0.390464544296254,0.4413857489517514,0.49999999999998934,0.9953590612741925,0.0,0.390464544296254,0.1174310227768634,0.9953590612741925,0.9953590612741925,0.9953590612741925,0.9953590612741925,0.9953590612741925,0.9953590612741925
