obs_gdp,obs_hours,obs_wages,obs_gdpdeflator,obs_corepce,obs_nominalrate,obs_consumption,obs_investment,obs_BBBspread,obs_longinflation,obs_longrate,obs_tfp,obs_gdi,obs_AAAspread,obs_nominalrate1,obs_nominalrate2,obs_nominalrate3,obs_nominalrate4,obs_nominalrate5,obs_nominalrate6
0.4339276203324083,-48.21705331063301,0.4339276203324083,0.49601366348903975,0.49999999999998934,0.9028099206268125,0.4339276203324083,0.4339276203324083,0.48582594440300614,0.49999999999998934,0.9028099206268125,0.0,0.4339276203324083,0.1174310227768634,0.9028099206268125,0.9028099206268125,0.9028099206268125,0.9028099206268125,0.9028099206268125,0.9028099206268125
