obs_gdp,obs_hours,obs_wages,obs_gdpdeflator,obs_corepce,obs_nominalrate,obs_consumption,obs_investment,obs_BBBspread,obs_longinflation,obs_longrate,obs_tfp,obs_gdi,obs_AAAspread,obs_nominalrate1,obs_nominalrate2,obs_nominalrate3,obs_nominalrate4,obs_nominalrate5,obs_nominalrate6
0.43151510153549566,-48.38550391806541,0.43151510153549566,0.49578399713548044,0.49999999999998934,0.899199952486418,0.43151510153549566,0.43151510153549566,0.486346723605655,0.49999999999998934,0.899199952486418,0.0,0.43151510153549566,0.1174310227768634,0.899199952486418,0.899199952486418,0.899199952486418,0.899199952486418,0.899199952486418,0.899199952486418
