obs_gdp,obs_hours,obs_wages,obs_gdpdeflator,obs_corepce,obs_nominalrate,obs_consumption,obs_investment,obs_BBBspread,obs_longinflation,obs_longrate,obs_tfp,obs_gdi,obs_AAAspread,obs_nominalrate1,obs_nominalrate2,obs_nominalrate3,obs_nominalrate4,obs_nominalrate5,obs_nominalrate6
0.3817248642444593,-48.532657623291016,0.3817248642444593,0.501179313170713,0.49999999999998934,1.0003837629927848,0.3817248642444593,0.3817248642444593,0.44079610360179,0.49999999999998934,1.0003837629927848,0.0,0.3817248642444593,0.1174310227768634,1.0003837629927848,1.0003837629927848,1.0003837629927848,1.0003837629927848,1.0003837629927848,1.0003837629927848
