obs_gdp,obs_hours,obs_wages,obs_gdpdeflator,obs_corepce,obs_nominalrate,obs_consumption,obs_investment,obs_BBBspread,obs_longinflation,obs_longrate,obs_tfp,obs_gdi,obs_AAAspread,obs_nominalrate1,obs_nominalrate2,obs_nominalrate3,obs_nominalrate4,obs_nominalrate5,obs_nominalrate6
0.38545653223991394,-48.081546783447266,0.38545653223991394,0.4995381401094967,0.49999999999998934,0.9992194379762065,0.38545653223991394,0.38545653223991394,0.4522858279095242,0.49999999999998934,0.9992194379762065,0.0,0.38545653223991394,0.1174310227768634,0.9992194379762065,0.9992194379762065,0.9992194379762065,0.9992194379762065,0.9992194379762065,0.9992194379762065
