obs_gdp,obs_hours,obs_wages,obs_gdpdeflator,obs_corepce,obs_nominalrate,obs_consumption,obs_investment,obs_BBBspread,obs_longinflation,obs_longrate,obs_tfp,obs_gdi,obs_AAAspread,obs_nominalrate1,obs_nominalrate2,obs_nominalrate3,obs_nominalrate4,obs_nominalrate5,obs_nominalrate6
0.38105863332749124,-48.231868743896484,0.38105863332749124,0.49780640774405427,0.49999999999998934,1.0068556175040433,0.38105863332749124,0.38105863332749124,0.4517702649932066,0.49999999999998934,1.0068556175040433,0.0,0.38105863332749124,0.1174310227768634,1.0068556175040433,1.0068556175040433,1.0068556175040433,1.0068556175040433,1.0068556175040433,1.0068556175040433
