obs_gdp,obs_hours,obs_wages,obs_gdpdeflator,obs_corepce,obs_nominalrate,obs_consumption,obs_investment,obs_BBBspread,obs_longinflation,obs_longrate,obs_tfp,obs_gdi,obs_AAAspread,obs_nominalrate1,obs_nominalrate2,obs_nominalrate3,obs_nominalrate4,obs_nominalrate5,obs_nominalrate6
0.45029936081000255,-47.08959023074467,0.45029936081000255,0.49603888547537983,0.49999999999998934,0.9189429498741353,0.45029936081000255,0.45029936081000255,0.4891595676888388,0.49999999999998934,0.9189429498741353,0.0,0.45029936081000255,0.1174310227768634,0.9189429498741353,0.9189429498741353,0.9189429498741353,0.9189429498741353,0.9189429498741353,0.9189429498741353
