obs_gdp,obs_hours,obs_wages,obs_gdpdeflator,obs_corepce,obs_nominalrate,obs_consumption,obs_investment,obs_BBBspread,obs_longinflation,obs_longrate,obs_tfp,obs_gdi,obs_AAAspread,obs_nominalrate1,obs_nominalrate2,obs_nominalrate3,obs_nominalrate4,obs_nominalrate5,obs_nominalrate6
0.4475878857754134,-47.234034223789955,0.4475878857754134,0.49620639807071165,0.49999999999998934,0.9152766698856452,0.4475878857754134,0.4475878857754134,0.48967857641414364,0.49999999999998934,0.9152766698856452,0.0,0.4475878857754134,0.1174310227768634,0.9152766698856452,0.9152766698856452,0.9152766698856452,0.9152766698856452,0.9152766698856452,0.9152766698856452
