obs_gdp,obs_hours,obs_wages,obs_gdpdeflator,obs_corepce,obs_nominalrate,obs_consumption,obs_investment,obs_BBBspread,obs_longinflation,obs_longrate,obs_tfp,obs_gdi,obs_AAAspread,obs_nominalrate1,obs_nominalrate2,obs_nominalrate3,obs_nominalrate4,obs_nominalrate5,obs_nominalrate6
0.3882017135620197,-48.113128662109375,0.3882017135620197,0.4953313800506187,0.49999999999998934,0.9885199398969036,0.3882017135620197,0.3882017135620197,0.4553956376040843,0.49999999999998934,0.9885199398969036,0.0,0.3882017135620197,0.1174310227768634,0.9885199398969036,0.9885199398969036,0.9885199398969036,0.9885199398969036,0.9885199398969036,0.9885199398969036
