obs_gdp,obs_hours,obs_wages,obs_gdpdeflator,obs_corepce,obs_nominalrate,obs_consumption,obs_investment,obs_BBBspread,obs_longinflation,obs_longrate,obs_tfp,obs_gdi,obs_AAAspread,obs_nominalrate1,obs_nominalrate2,obs_nominalrate3,obs_nominalrate4,obs_nominalrate5,obs_nominalrate6
0.37291264533996227,-48.67884063720703,0.37291264533996227,0.5014851788291601,0.49999999999998934,0.9755133527612925,0.37291264533996227,0.37291264533996227,0.45252256994233137,0.49999999999998934,0.9755133527612925,0.0,0.37291264533996227,0.1174310227768634,0.9755133527612925,0.9755133527612925,0.9755133527612925,0.9755133527612925,0.9755133527612925,0.9755133527612925
