obs_gdp,obs_hours,obs_wages,obs_gdpdeflator,obs_corepce,obs_nominalrate,obs_consumption,obs_investment,obs_BBBspread,obs_longinflation,obs_longrate,obs_tfp,obs_gdi,obs_AAAspread,obs_nominalrate1,obs_nominalrate2,obs_nominalrate3,obs_nominalrate4,obs_nominalrate5,obs_nominalrate6
0.45100029532822994,-47.03044390432534,0.45100029532822994,0.4960814304714353,0.49999999999998934,0.922021214825719,0.45100029532822994,0.45100029532822994,0.4909113639154591,0.49999999999998934,0.922021214825719,0.0,0.45100029532822994,0.1174310227768634,0.922021214825719,0.922021214825719,0.922021214825719,0.922021214825719,0.922021214825719,0.922021214825719
