obs_gdp,obs_hours,obs_wages,obs_gdpdeflator,obs_corepce,obs_nominalrate,obs_consumption,obs_investment,obs_BBBspread,obs_longinflation,obs_longrate,obs_tfp,obs_gdi,obs_AAAspread,obs_nominalrate1,obs_nominalrate2,obs_nominalrate3,obs_nominalrate4,obs_nominalrate5,obs_nominalrate6
0.3718273639679026,-48.63212203979492,0.3718273639679026,0.49987014422366727,0.49999999999998934,0.9493697578523141,0.3718273639679026,0.3718273639679026,0.4570621585700426,0.49999999999998934,0.9493697578523141,0.0,0.3718273639679026,0.1174310227768634,0.9493697578523141,0.9493697578523141,0.9493697578523141,0.9493697578523141,0.9493697578523141,0.9493697578523141
