obs_gdp,obs_hours,obs_wages,obs_gdpdeflator,obs_corepce,obs_nominalrate,obs_consumption,obs_investment,obs_BBBspread,obs_longinflation,obs_longrate,obs_tfp,obs_gdi,obs_AAAspread,obs_nominalrate1,obs_nominalrate2,obs_nominalrate3,obs_nominalrate4,obs_nominalrate5,obs_nominalrate6
0.37761688232422763,-48.267581939697266,0.37761688232422763,0.5037426629569275,0.49999999999998934,0.953883818654222,0.37761688232422763,0.37761688232422763,0.45035867025751164,0.49999999999998934,0.953883818654222,0.0,0.37761688232422763,0.1174310227768634,0.953883818654222,0.953883818654222,0.953883818654222,0.953883818654222,0.953883818654222,0.953883818654222
