obs_gdp,obs_hours,obs_wages,obs_gdpdeflator,obs_corepce,obs_nominalrate,obs_consumption,obs_investment,obs_BBBspread,obs_longinflation,obs_longrate,obs_tfp,obs_gdi,obs_AAAspread,obs_nominalrate1,obs_nominalrate2,obs_nominalrate3,obs_nominalrate4,obs_nominalrate5,obs_nominalrate6
0.3672828078269852,-48.64173126220703,0.3672828078269852,0.5123143177479399,0.49999999999998934,0.9597621023102798,0.3672828078269852,0.3672828078269852,0.44626389584059634,0.49999999999998934,0.9597621023102798,0.0,0.3672828078269852,0.1174310227768634,0.9597621023102798,0.9597621023102798,0.9597621023102798,0.9597621023102798,0.9597621023102798,0.9597621023102798
