obs_gdp,obs_hours,obs_wages,obs_gdpdeflator,obs_corepce,obs_nominalrate,obs_consumption,obs_investment,obs_BBBspread,obs_longinflation,obs_longrate,obs_tfp,obs_gdi,obs_AAAspread,obs_nominalrate1,obs_nominalrate2,obs_nominalrate3,obs_nominalrate4,obs_nominalrate5,obs_nominalrate6
0.3825930953025747,-48.35368728637695,0.3825930953025747,0.5137366745620859,0.49999999999998934,0.9565584641161973,0.3825930953025747,0.3825930953025747,0.4517046653579165,0.49999999999998934,0.9565584641161973,0.0,0.3825930953025747,0.1174310227768634,0.9565584641161973,0.9565584641161973,0.9565584641161973,0.9565584641161973,0.9565584641161973,0.9565584641161973
