obs_gdp,obs_hours,obs_wages,obs_gdpdeflator,obs_corepce,obs_nominalrate,obs_consumption,obs_investment,obs_BBBspread,obs_longinflation,obs_longrate,obs_tfp,obs_gdi,obs_AAAspread,obs_nominalrate1,obs_nominalrate2,obs_nominalrate3,obs_nominalrate4,obs_nominalrate5,obs_nominalrate6
0.453197014179052,-47.01287225138343,0.453197014179052,0.49617627260637176,0.49999999999998934,0.9271171868878048,0.453197014179052,0.453197014179052,0.49137794974446697,0.49999999999998934,0.9271171868878048,0.0,0.453197014179052,0.1174310227768634,0.9271171868878048,0.9271171868878048,0.9271171868878048,0.9271171868878048,0.9271171868878048,0.9271171868878048
