obs_gdp,obs_hours,obs_wages,obs_gdpdeflator,obs_corepce,obs_nominalrate,obs_consumption,obs_investment,obs_BBBspread,obs_longinflation,obs_longrate,obs_tfp,obs_gdi,obs_AAAspread,obs_nominalrate1,obs_nominalrate2,obs_nominalrate3,obs_nominalrate4,obs_nominalrate5,obs_nominalrate6
0.444660488404347,-45.92502966518076,0.444660488404347,0.49391932618690604,0.49999999999998934,0.9408922240521811,0.444660488404347,0.444660488404347,0.46962600438752045,0.49999999999998934,0.9408922240521811,0.0,0.444660488404347,0.1174310227768634,0.9408922240521811,0.9408922240521811,0.9408922240521811,0.9408922240521811,0.9408922240521811,0.9408922240521811
