obs_gdp,obs_hours,obs_wages,obs_gdpdeflator,obs_corepce,obs_nominalrate,obs_consumption,obs_investment,obs_BBBspread,obs_longinflation,obs_longrate,obs_tfp,obs_gdi,obs_AAAspread,obs_nominalrate1,obs_nominalrate2,obs_nominalrate3,obs_nominalrate4,obs_nominalrate5,obs_nominalrate6
0.43891841173171464,-45.34562301635742,0.43891841173171464,0.48996089491992123,0.49999999999998934,0.9365021923093408,0.43891841173171464,0.43891841173171464,0.5021111746472491,0.49999999999998934,0.9365021923093408,0.0,0.43891841173171464,0.1174310227768634,0.9365021923093408,0.9365021923093408,0.9365021923093408,0.9365021923093408,0.9365021923093408,0.9365021923093408
