obs_gdp,obs_hours,obs_wages,obs_gdpdeflator,obs_corepce,obs_nominalrate,obs_consumption,obs_investment,obs_BBBspread,obs_longinflation,obs_longrate,obs_tfp,obs_gdi,obs_AAAspread,obs_nominalrate1,obs_nominalrate2,obs_nominalrate3,obs_nominalrate4,obs_nominalrate5,obs_nominalrate6
0.4359147707964084,-48.22802742220797,0.4359147707964084,0.4962706114617463,0.49999999999998934,0.9071155721876334,0.4359147707964084,0.4359147707964084,0.49163922416486305,0.49999999999998934,0.9071155721876334,0.0,0.4359147707964084,0.1174310227768634,0.9071155721876334,0.9071155721876334,0.9071155721876334,0.9071155721876334,0.9071155721876334,0.9071155721876334
