obs_gdp,obs_hours,obs_wages,obs_gdpdeflator,obs_corepce,obs_nominalrate,obs_consumption,obs_investment,obs_BBBspread,obs_longinflation,obs_longrate,obs_tfp,obs_gdi,obs_AAAspread,obs_nominalrate1,obs_nominalrate2,obs_nominalrate3,obs_nominalrate4,obs_nominalrate5,obs_nominalrate6
0.43244252991909704,-48.42950977732746,0.43244252991909704,0.4958682806307199,0.49999999999998934,0.903951402559322,0.43244252991909704,0.43244252991909704,0.4909666107380619,0.49999999999998934,0.903951402559322,0.0,0.43244252991909704,0.1174310227768634,0.903951402559322,0.903951402559322,0.903951402559322,0.903951402559322,0.903951402559322,0.903951402559322
