obs_gdp,obs_hours,obs_wages,obs_gdpdeflator,obs_corepce,obs_nominalrate,obs_consumption,obs_investment,obs_BBBspread,obs_longinflation,obs_longrate,obs_tfp,obs_gdi,obs_AAAspread,obs_nominalrate1,obs_nominalrate2,obs_nominalrate3,obs_nominalrate4,obs_nominalrate5,obs_nominalrate6
0.3812315762043106,-48.07844543457031,0.3812315762043106,0.5000160684266923,0.49999999999998934,0.9309803950613205,0.3812315762043106,0.3812315762043106,0.45411018722523644,0.49999999999998934,0.9309803950613205,0.0,0.3812315762043106,0.1174310227768634,0.9309803950613205,0.9309803950613205,0.9309803950613205,0.9309803950613205,0.9309803950613205,0.9309803950613205
