obs_gdp,obs_hours,obs_wages,obs_gdpdeflator,obs_corepce,obs_nominalrate,obs_consumption,obs_investment,obs_BBBspread,obs_longinflation,obs_longrate,obs_tfp,obs_gdi,obs_AAAspread,obs_nominalrate1,obs_nominalrate2,obs_nominalrate3,obs_nominalrate4,obs_nominalrate5,obs_nominalrate6
0.3806930184364399,-48.12553024291992,0.3806930184364399,0.502822486450885,0.49999999999998934,0.9351646883358988,0.3806930184364399,0.3806930184364399,0.4596628117834185,0.49999999999998934,0.9351646883358988,0.0,0.3806930184364399,0.1174310227768634,0.9351646883358988,0.9351646883358988,0.9351646883358988,0.9351646883358988,0.9351646883358988,0.9351646883358988
