obs_gdp,obs_hours,obs_wages,obs_gdpdeflator,obs_corepce,obs_nominalrate,obs_consumption,obs_investment,obs_BBBspread,obs_longinflation,obs_longrate,obs_tfp,obs_gdi,obs_AAAspread,obs_nominalrate1,obs_nominalrate2,obs_nominalrate3,obs_nominalrate4,obs_nominalrate5,obs_nominalrate6
0.43352396690850004,-48.34419421944497,0.43352396690850004,0.49568395539111904,0.49999999999998934,0.9073676826271804,0.43352396690850004,0.43352396690850004,0.49085035224139817,0.49999999999998934,0.9073676826271804,0.0,0.43352396690850004,0.1174310227768634,0.9073676826271804,0.9073676826271804,0.9073676826271804,0.9073676826271804,0.9073676826271804,0.9073676826271804
