obs_gdp,obs_hours,obs_wages,obs_gdpdeflator,obs_corepce,obs_nominalrate,obs_consumption,obs_investment,obs_BBBspread,obs_longinflation,obs_longrate,obs_tfp,obs_gdi,obs_AAAspread,obs_nominalrate1,obs_nominalrate2,obs_nominalrate3,obs_nominalrate4,obs_nominalrate5,obs_nominalrate6
0.4266751091946075,-48.79754473328332,0.4266751091946075,0.4955524462362472,0.49999999999998934,0.8964421221641095,0.4266751091946075,0.4266751091946075,0.49051930179872516,0.49999999999998934,0.8964421221641095,0.0,0.4266751091946075,0.1174310227768634,0.8964421221641095,0.8964421221641095,0.8964421221641095,0.8964421221641095,0.8964421221641095,0.8964421221641095
