obs_gdp,obs_hours,obs_wages,obs_gdpdeflator,obs_corepce,obs_nominalrate,obs_consumption,obs_investment,obs_BBBspread,obs_longinflation,obs_longrate,obs_tfp,obs_gdi,obs_AAAspread,obs_nominalrate1,obs_nominalrate2,obs_nominalrate3,obs_nominalrate4,obs_nominalrate5,obs_nominalrate6
0.37273505330086554,-48.3581428527832,0.37273505330086554,0.4952790443785382,0.49999999999998934,0.9393217037767077,0.37273505330086554,0.37273505330086554,0.453721694340843,0.49999999999998934,0.9393217037767077,0.0,0.37273505330086554,0.1174310227768634,0.9393217037767077,0.9393217037767077,0.9393217037767077,0.9393217037767077,0.9393217037767077,0.9393217037767077
