obs_gdp,obs_hours,obs_wages,obs_gdpdeflator,obs_corepce,obs_nominalrate,obs_consumption,obs_investment,obs_BBBspread,obs_longinflation,obs_longrate,obs_tfp,obs_gdi,obs_AAAspread,obs_nominalrate1,obs_nominalrate2,obs_nominalrate3,obs_nominalrate4,obs_nominalrate5,obs_nominalrate6
0.3867467939853597,-48.09031295776367,0.3867467939853597,0.4976487797684861,0.49999999999998934,0.9638072142679421,0.3867467939853597,0.3867467939853597,0.45269910787197204,0.49999999999998934,0.9638072142679421,0.0,0.3867467939853597,0.1174310227768634,0.9638072142679421,0.9638072142679421,0.9638072142679421,0.9638072142679421,0.9638072142679421,0.9638072142679421
