obs_gdp,obs_hours,obs_wages,obs_gdpdeflator,obs_corepce,obs_nominalrate,obs_consumption,obs_investment,obs_BBBspread,obs_longinflation,obs_longrate,obs_tfp,obs_gdi,obs_AAAspread,obs_nominalrate1,obs_nominalrate2,obs_nominalrate3,obs_nominalrate4,obs_nominalrate5,obs_nominalrate6
0.3922351002693114,-48.06180953979492,0.3922351002693114,0.4931690390221668,0.49999999999998934,0.9793187653306168,0.3922351002693114,0.3922351002693114,0.452280108335784,0.49999999999998934,0.9793187653306168,0.0,0.3922351002693114,0.1174310227768634,0.9793187653306168,0.9793187653306168,0.9793187653306168,0.9793187653306168,0.9793187653306168,0.9793187653306168
