obs_gdp,obs_hours,obs_wages,obs_gdpdeflator,obs_corepce,obs_nominalrate,obs_consumption,obs_investment,obs_BBBspread,obs_longinflation,obs_longrate,obs_tfp,obs_gdi,obs_AAAspread,obs_nominalrate1,obs_nominalrate2,obs_nominalrate3,obs_nominalrate4,obs_nominalrate5,obs_nominalrate6
0.4220266367581216,-49.170974826059286,0.4220266367581216,0.49566549581368713,0.49999999999998934,0.8896067228352678,0.4220266367581216,0.4220266367581216,0.4908815345558111,0.49999999999998934,0.8896067228352678,0.0,0.4220266367581216,0.1174310227768634,0.8896067228352678,0.8896067228352678,0.8896067228352678,0.8896067228352678,0.8896067228352678,0.8896067228352678
