obs_gdp,obs_hours,obs_wages,obs_gdpdeflator,obs_corepce,obs_nominalrate,obs_consumption,obs_investment,obs_BBBspread,obs_longinflation,obs_longrate,obs_tfp,obs_gdi,obs_AAAspread,obs_nominalrate1,obs_nominalrate2,obs_nominalrate3,obs_nominalrate4,obs_nominalrate5,obs_nominalrate6
0.42380013974538944,-49.083610121056275,0.42380013974538944,0.49563036791392107,0.49999999999998934,0.8888281441090884,0.42380013974538944,0.42380013974538944,0.4915060864302775,0.49999999999998934,0.8888281441090884,0.0,0.42380013974538944,0.1174310227768634,0.8888281441090884,0.8888281441090884,0.8888281441090884,0.8888281441090884,0.8888281441090884,0.8888281441090884
