obs_gdp,obs_hours,obs_wages,obs_gdpdeflator,obs_corepce,obs_nominalrate,obs_consumption,obs_investment,obs_BBBspread,obs_longinflation,obs_longrate,obs_tfp,obs_gdi,obs_AAAspread,obs_nominalrate1,obs_nominalrate2,obs_nominalrate3,obs_nominalrate4,obs_nominalrate5,obs_nominalrate6
0.4422394576540922,-46.074129778673715,0.4422394576540922,0.4936990067759934,0.49999999999998934,0.9387579810887337,0.4422394576540922,0.4422394576540922,0.469727461238453,0.49999999999998934,0.9387579810887337,0.0,0.4422394576540922,0.1174310227768634,0.9387579810887337,0.9387579810887337,0.9387579810887337,0.9387579810887337,0.9387579810887337,0.9387579810887337
