obs_gdp,obs_hours,obs_wages,obs_gdpdeflator,obs_corepce,obs_nominalrate,obs_consumption,obs_investment,obs_BBBspread,obs_longinflation,obs_longrate,obs_tfp,obs_gdi,obs_AAAspread,obs_nominalrate1,obs_nominalrate2,obs_nominalrate3,obs_nominalrate4,obs_nominalrate5,obs_nominalrate6
0.4346093237399984,-45.345542907714844,0.4346093237399984,0.48715209495275147,0.49999999999998934,0.9170963273938293,0.4346093237399984,0.4346093237399984,0.4979489138159936,0.49999999999998934,0.9170963273938293,0.0,0.4346093237399984,0.1174310227768634,0.9170963273938293,0.9170963273938293,0.9170963273938293,0.9170963273938293,0.9170963273938293,0.9170963273938293
