obs_gdp,obs_hours,obs_wages,obs_gdpdeflator,obs_corepce,obs_nominalrate,obs_consumption,obs_investment,obs_BBBspread,obs_longinflation,obs_longrate,obs_tfp,obs_gdi,obs_AAAspread,obs_nominalrate1,obs_nominalrate2,obs_nominalrate3,obs_nominalrate4,obs_nominalrate5,obs_nominalrate6
0.4188266694545639,-47.41557693481445,0.4188266694545639,0.4948697546496881,0.49999999999998934,1.005129132285787,0.4188266694545639,0.4188266694545639,0.4528419764996028,0.49999999999998934,1.005129132285787,0.0,0.4188266694545639,0.1174310227768634,1.005129132285787,1.005129132285787,1.005129132285787,1.005129132285787,1.005129132285787,1.005129132285787
