obs_gdp,obs_hours,obs_wages,obs_gdpdeflator,obs_corepce,obs_nominalrate,obs_consumption,obs_investment,obs_BBBspread,obs_longinflation,obs_longrate,obs_tfp,obs_gdi,obs_AAAspread,obs_nominalrate1,obs_nominalrate2,obs_nominalrate3,obs_nominalrate4,obs_nominalrate5,obs_nominalrate6
0.4152505695819819,-47.3146858215332,0.4152505695819819,0.4933614698238564,0.49999999999998934,0.9801214642787492,0.4152505695819819,0.4152505695819819,0.4527051221682809,0.49999999999998934,0.9801214642787492,0.0,0.4152505695819819,0.1174310227768634,0.9801214642787492,0.9801214642787492,0.9801214642787492,0.9801214642787492,0.9801214642787492,0.9801214642787492
