obs_gdp,obs_hours,obs_wages,obs_gdpdeflator,obs_corepce,obs_nominalrate,obs_consumption,obs_investment,obs_BBBspread,obs_longinflation,obs_longrate,obs_tfp,obs_gdi,obs_AAAspread,obs_nominalrate1,obs_nominalrate2,obs_nominalrate3,obs_nominalrate4,obs_nominalrate5,obs_nominalrate6
0.43509745490981633,-48.27053309527286,0.43509745490981633,0.49560747481910905,0.49999999999998934,0.9027089301199442,0.43509745490981633,0.43509745490981633,0.4912894456597776,0.49999999999998934,0.9027089301199442,0.0,0.43509745490981633,0.1174310227768634,0.9027089301199442,0.9027089301199442,0.9027089301199442,0.9027089301199442,0.9027089301199442,0.9027089301199442
