obs_gdp,obs_hours,obs_wages,obs_gdpdeflator,obs_corepce,obs_nominalrate,obs_consumption,obs_investment,obs_BBBspread,obs_longinflation,obs_longrate,obs_tfp,obs_gdi,obs_AAAspread,obs_nominalrate1,obs_nominalrate2,obs_nominalrate3,obs_nominalrate4,obs_nominalrate5,obs_nominalrate6
0.4134470522403788,-47.34788513183594,0.4134470522403788,0.5055228741839422,0.49999999999998934,0.9910250948788724,0.4134470522403788,0.4134470522403788,0.45018989979029855,0.49999999999998934,0.9910250948788724,0.0,0.4134470522403788,0.1174310227768634,0.9910250948788724,0.9910250948788724,0.9910250948788724,0.9910250948788724,0.9910250948788724,0.9910250948788724
