obs_gdp,obs_hours,obs_wages,obs_gdpdeflator,obs_corepce,obs_nominalrate,obs_consumption,obs_investment,obs_BBBspread,obs_longinflation,obs_longrate,obs_tfp,obs_gdi,obs_AAAspread,obs_nominalrate1,obs_nominalrate2,obs_nominalrate3,obs_nominalrate4,obs_nominalrate5,obs_nominalrate6
0.4393547452555824,-47.92864249699297,0.4393547452555824,0.495386079420901,0.49999999999998934,0.9079354342346191,0.4393547452555824,0.4393547452555824,0.49050061724483196,0.49999999999998934,0.9079354342346191,0.0,0.4393547452555824,0.1174310227768634,0.9079354342346191,0.9079354342346191,0.9079354342346191,0.9079354342346191,0.9079354342346191,0.9079354342346191
