obs_gdp,obs_hours,obs_wages,obs_gdpdeflator,obs_corepce,obs_nominalrate,obs_consumption,obs_investment,obs_BBBspread,obs_longinflation,obs_longrate,obs_tfp,obs_gdi,obs_AAAspread,obs_nominalrate1,obs_nominalrate2,obs_nominalrate3,obs_nominalrate4,obs_nominalrate5,obs_nominalrate6
0.43892799637137436,-47.98906799038692,0.43892799637137436,0.4952410689974005,0.49999999999998934,0.9098930607952083,0.43892799637137436,0.43892799637137436,0.4899264896265815,0.49999999999998934,0.9098930607952083,0.0,0.43892799637137436,0.1174310227768634,0.9098930607952083,0.9098930607952083,0.9098930607952083,0.9098930607952083,0.9098930607952083,0.9098930607952083
