obs_gdp,obs_hours,obs_wages,obs_gdpdeflator,obs_corepce,obs_nominalrate,obs_consumption,obs_investment,obs_BBBspread,obs_longinflation,obs_longrate,obs_tfp,obs_gdi,obs_AAAspread,obs_nominalrate1,obs_nominalrate2,obs_nominalrate3,obs_nominalrate4,obs_nominalrate5,obs_nominalrate6
0.42433756589890237,-46.858516693115234,0.42433756589890237,0.497584443772201,0.49999999999998934,1.011690085557393,0.42433756589890237,0.42433756589890237,0.45072129882419065,0.49999999999998934,1.011690085557393,0.0,0.42433756589890237,0.1174310227768634,1.011690085557393,1.011690085557393,1.011690085557393,1.011690085557393,1.011690085557393,1.011690085557393
