obs_gdp,obs_hours,obs_wages,obs_gdpdeflator,obs_corepce,obs_nominalrate,obs_consumption,obs_investment,obs_BBBspread,obs_longinflation,obs_longrate,obs_tfp,obs_gdi,obs_AAAspread,obs_nominalrate1,obs_nominalrate2,obs_nominalrate3,obs_nominalrate4,obs_nominalrate5,obs_nominalrate6
0.4214720129966709,-47.04534912109375,0.4214720129966709,0.49155312497167714,0.49999999999998934,1.0062896408302935,0.4214720129966709,0.4214720129966709,0.4524292295778942,0.49999999999998934,1.0062896408302935,0.0,0.4214720129966709,0.1174310227768634,1.0062896408302935,1.0062896408302935,1.0062896408302935,1.0062896408302935,1.0062896408302935,1.0062896408302935
