obs_gdp,obs_hours,obs_wages,obs_gdpdeflator,obs_corepce,obs_nominalrate,obs_consumption,obs_investment,obs_BBBspread,obs_longinflation,obs_longrate,obs_tfp,obs_gdi,obs_AAAspread,obs_nominalrate1,obs_nominalrate2,obs_nominalrate3,obs_nominalrate4,obs_nominalrate5,obs_nominalrate6
0.4468945870451435,-47.376055420909104,0.4468945870451435,0.4953033511189439,0.49999999999998934,0.9199171129455674,0.4468945870451435,0.4468945870451435,0.4884849792116743,0.49999999999998934,0.9199171129455674,0.0,0.4468945870451435,0.1174310227768634,0.9199171129455674,0.9199171129455674,0.9199171129455674,0.9199171129455674,0.9199171129455674,0.9199171129455674
