obs_gdp,obs_hours,obs_wages,obs_gdpdeflator,obs_corepce,obs_nominalrate,obs_consumption,obs_investment,obs_BBBspread,obs_longinflation,obs_longrate,obs_tfp,obs_gdi,obs_AAAspread,obs_nominalrate1,obs_nominalrate2,obs_nominalrate3,obs_nominalrate4,obs_nominalrate5,obs_nominalrate6
0.45242124430817654,-47.02926284703103,0.45242124430817654,0.49562807328266634,0.49999999999998934,0.927047962553651,0.45242124430817654,0.45242124430817654,0.4879662935639653,0.49999999999998934,0.927047962553651,0.0,0.45242124430817654,0.1174310227768634,0.927047962553651,0.927047962553651,0.927047962553651,0.927047962553651,0.927047962553651,0.927047962553651
