obs_gdp,obs_hours,obs_wages,obs_gdpdeflator,obs_corepce,obs_nominalrate,obs_consumption,obs_investment,obs_BBBspread,obs_longinflation,obs_longrate,obs_tfp,obs_gdi,obs_AAAspread,obs_nominalrate1,obs_nominalrate2,obs_nominalrate3,obs_nominalrate4,obs_nominalrate5,obs_nominalrate6
0.4337872266769516,-46.851200103759766,0.4337872266769516,0.4943971452303124,0.49999999999998934,1.0424859741519965,0.4337872266769516,0.4337872266769516,0.4480259456175974,0.49999999999998934,1.0424859741519965,0.0,0.4337872266769516,0.1174310227768634,1.0424859741519965,1.0424859741519965,1.0424859741519965,1.0424859741519965,1.0424859741519965,1.0424859741519965
