obs_gdp,obs_hours,obs_wages,obs_gdpdeflator,obs_corepce,obs_nominalrate,obs_consumption,obs_investment,obs_BBBspread,obs_longinflation,obs_longrate,obs_tfp,obs_gdi,obs_AAAspread,obs_nominalrate1,obs_nominalrate2,obs_nominalrate3,obs_nominalrate4,obs_nominalrate5,obs_nominalrate6
0.43411764502525596,-46.79711151123047,0.43411764502525596,0.4885093513876093,0.49999999999998934,1.0370812749531888,0.43411764502525596,0.43411764502525596,0.44799884671948104,0.49999999999998934,1.0370812749531888,0.0,0.43411764502525596,0.1174310227768634,1.0370812749531888,1.0370812749531888,1.0370812749531888,1.0370812749531888,1.0370812749531888,1.0370812749531888
