obs_gdp,obs_hours,obs_wages,obs_gdpdeflator,obs_corepce,obs_nominalrate,obs_consumption,obs_investment,obs_BBBspread,obs_longinflation,obs_longrate,obs_tfp,obs_gdi,obs_AAAspread,obs_nominalrate1,obs_nominalrate2,obs_nominalrate3,obs_nominalrate4,obs_nominalrate5,obs_nominalrate6
0.3924771547317407,-47.144317626953125,0.3924771547317407,0.4970157174393428,0.49999999999998934,0.8134673335371101,0.3924771547317407,0.3924771547317407,0.5142257746170665,0.49999999999998934,0.8134673335371101,0.0,0.3924771547317407,0.1174310227768634,0.8134673335371101,0.8134673335371101,0.8134673335371101,0.8134673335371101,0.8134673335371101,0.8134673335371101
