obs_gdp,obs_hours,obs_wages,obs_gdpdeflator,obs_corepce,obs_nominalrate,obs_consumption,obs_investment,obs_BBBspread,obs_longinflation,obs_longrate,obs_tfp,obs_gdi,obs_AAAspread,obs_nominalrate1,obs_nominalrate2,obs_nominalrate3,obs_nominalrate4,obs_nominalrate5,obs_nominalrate6
0.4449340914929545,-47.51288267267445,0.4449340914929545,0.4953353508308528,0.49999999999998934,0.9194489564583685,0.4449340914929545,0.4449340914929545,0.4865435364476046,0.49999999999998934,0.9194489564583685,0.0,0.4449340914929545,0.1174310227768634,0.9194489564583685,0.9194489564583685,0.9194489564583685,0.9194489564583685,0.9194489564583685,0.9194489564583685
