obs_gdp,obs_hours,obs_wages,obs_gdpdeflator,obs_corepce,obs_nominalrate,obs_consumption,obs_investment,obs_BBBspread,obs_longinflation,obs_longrate,obs_tfp,obs_gdi,obs_AAAspread,obs_nominalrate1,obs_nominalrate2,obs_nominalrate3,obs_nominalrate4,obs_nominalrate5,obs_nominalrate6
0.4307486116886139,-46.9825325012207,0.4307486116886139,0.48139128461479075,0.49999999999998934,1.0188239563190482,0.4307486116886139,0.4307486116886139,0.44499036202584025,0.49999999999998934,1.0188239563190482,0.0,0.4307486116886139,0.1174310227768634,1.0188239563190482,1.0188239563190482,1.0188239563190482,1.0188239563190482,1.0188239563190482,1.0188239563190482
