obs_gdp,obs_hours,obs_wages,obs_gdpdeflator,obs_corepce,obs_nominalrate,obs_consumption,obs_investment,obs_BBBspread,obs_longinflation,obs_longrate,obs_tfp,obs_gdi,obs_AAAspread,obs_nominalrate1,obs_nominalrate2,obs_nominalrate3,obs_nominalrate4,obs_nominalrate5,obs_nominalrate6
0.43370050191879894,-46.8421630859375,0.43370050191879894,0.48099753074346907,0.49999999999998934,0.9985004497024441,0.43370050191879894,0.43370050191879894,0.4486888716453006,0.49999999999998934,0.9985004497024441,0.0,0.43370050191879894,0.1174310227768634,0.9985004497024441,0.9985004497024441,0.9985004497024441,0.9985004497024441,0.9985004497024441,0.9985004497024441
