obs_gdp,obs_hours,obs_wages,obs_gdpdeflator,obs_corepce,obs_nominalrate,obs_consumption,obs_investment,obs_BBBspread,obs_longinflation,obs_longrate,obs_tfp,obs_gdi,obs_AAAspread,obs_nominalrate1,obs_nominalrate2,obs_nominalrate3,obs_nominalrate4,obs_nominalrate5,obs_nominalrate6
0.4527001234577721,-46.89083733181997,0.4527001234577721,0.49527090646098876,0.49999999999998934,0.9273982836029981,0.4527001234577721,0.4527001234577721,0.4857718965139115,0.49999999999998934,0.9273982836029981,0.0,0.4527001234577721,0.1174310227768634,0.9273982836029981,0.9273982836029981,0.9273982836029981,0.9273982836029981,0.9273982836029981,0.9273982836029981
