obs_gdp,obs_hours,obs_wages,obs_gdpdeflator,obs_corepce,obs_nominalrate,obs_consumption,obs_investment,obs_BBBspread,obs_longinflation,obs_longrate,obs_tfp,obs_gdi,obs_AAAspread,obs_nominalrate1,obs_nominalrate2,obs_nominalrate3,obs_nominalrate4,obs_nominalrate5,obs_nominalrate6
0.45033181176532544,-47.04108158482607,0.45033181176532544,0.495388966803615,0.49999999999998934,0.925164284069746,0.45033181176532544,0.45033181176532544,0.48551137372781816,0.49999999999998934,0.925164284069746,0.0,0.45033181176532544,0.1174310227768634,0.925164284069746,0.925164284069746,0.925164284069746,0.925164284069746,0.925164284069746,0.925164284069746
