obs_gdp,obs_hours,obs_wages,obs_gdpdeflator,obs_corepce,obs_nominalrate,obs_consumption,obs_investment,obs_BBBspread,obs_longinflation,obs_longrate,obs_tfp,obs_gdi,obs_AAAspread,obs_nominalrate1,obs_nominalrate2,obs_nominalrate3,obs_nominalrate4,obs_nominalrate5,obs_nominalrate6
0.4502295493823416,-47.12095451686761,0.4502295493823416,0.49556732371555834,0.49999999999998934,0.9236077276209675,0.4502295493823416,0.4502295493823416,0.4853182825430314,0.49999999999998934,0.9236077276209675,0.0,0.4502295493823416,0.1174310227768634,0.9236077276209675,0.9236077276209675,0.9236077276209675,0.9236077276209675,0.9236077276209675,0.9236077276209675
