obs_gdp,obs_hours,obs_wages,obs_gdpdeflator,obs_corepce,obs_nominalrate,obs_consumption,obs_investment,obs_BBBspread,obs_longinflation,obs_longrate,obs_tfp,obs_gdi,obs_AAAspread,obs_nominalrate1,obs_nominalrate2,obs_nominalrate3,obs_nominalrate4,obs_nominalrate5,obs_nominalrate6
0.4464801810052377,-47.37557714241276,0.4464801810052377,0.4955525959888502,0.49999999999998934,0.9211146611204146,0.4464801810052377,0.4464801810052377,0.48585994306673236,0.49999999999998934,0.9211146611204146,0.0,0.4464801810052377,0.1174310227768634,0.9211146611204146,0.9211146611204146,0.9211146611204146,0.9211146611204146,0.9211146611204146,0.9211146611204146
