obs_gdp,obs_hours,obs_wages,obs_gdpdeflator,obs_corepce,obs_nominalrate,obs_consumption,obs_investment,obs_BBBspread,obs_longinflation,obs_longrate,obs_tfp,obs_gdi,obs_AAAspread,obs_nominalrate1,obs_nominalrate2,obs_nominalrate3,obs_nominalrate4,obs_nominalrate5,obs_nominalrate6
0.44271082388436245,-47.627712262610096,0.44271082388436245,0.49563391979174887,0.49999999999998934,0.9177769059477425,0.44271082388436245,0.44271082388436245,0.48580819856982177,0.49999999999998934,0.9177769059477425,0.0,0.44271082388436245,0.1174310227768634,0.9177769059477425,0.9177769059477425,0.9177769059477425,0.9177769059477425,0.9177769059477425,0.9177769059477425
