obs_gdp,obs_hours,obs_wages,obs_gdpdeflator,obs_corepce,obs_nominalrate,obs_consumption,obs_investment,obs_BBBspread,obs_longinflation,obs_longrate,obs_tfp,obs_gdi,obs_AAAspread,obs_nominalrate1,obs_nominalrate2,obs_nominalrate3,obs_nominalrate4,obs_nominalrate5,obs_nominalrate6
0.4356365501880566,-45.3460578918457,0.4356365501880566,0.4862563591450346,0.49999999999998934,0.9086136743045925,0.4356365501880566,0.4356365501880566,0.49439010328443544,0.49999999999998934,0.9086136743045925,0.0,0.4356365501880566,0.1174310227768634,0.9086136743045925,0.9086136743045925,0.9086136743045925,0.9086136743045925,0.9086136743045925,0.9086136743045925
