obs_gdp,obs_hours,obs_wages,obs_gdpdeflator,obs_corepce,obs_nominalrate,obs_consumption,obs_investment,obs_BBBspread,obs_longinflation,obs_longrate,obs_tfp,obs_gdi,obs_AAAspread,obs_nominalrate1,obs_nominalrate2,obs_nominalrate3,obs_nominalrate4,obs_nominalrate5,obs_nominalrate6
0.44192302113239545,-46.04346266108979,0.44192302113239545,0.4938545284283072,0.49999999999998934,0.937835313022295,0.44192302113239545,0.44192302113239545,0.4699298564586535,0.49999999999998934,0.937835313022295,0.0,0.44192302113239545,0.1174310227768634,0.937835313022295,0.937835313022295,0.937835313022295,0.937835313022295,0.937835313022295,0.937835313022295
