obs_gdp,obs_hours,obs_wages,obs_gdpdeflator,obs_corepce,obs_nominalrate,obs_consumption,obs_investment,obs_BBBspread,obs_longinflation,obs_longrate,obs_tfp,obs_gdi,obs_AAAspread,obs_nominalrate1,obs_nominalrate2,obs_nominalrate3,obs_nominalrate4,obs_nominalrate5,obs_nominalrate6
0.4430413549848522,-47.605918109161315,0.4430413549848522,0.4957350227350532,0.49999999999998934,0.9167314744368493,0.4430413549848522,0.4430413549848522,0.4864836431000509,0.49999999999998934,0.9167314744368493,0.0,0.4430413549848522,0.1174310227768634,0.9167314744368493,0.9167314744368493,0.9167314744368493,0.9167314744368493,0.9167314744368493,0.9167314744368493
