obs_gdp,obs_hours,obs_wages,obs_gdpdeflator,obs_corepce,obs_nominalrate,obs_consumption,obs_investment,obs_BBBspread,obs_longinflation,obs_longrate,obs_tfp,obs_gdi,obs_AAAspread,obs_nominalrate1,obs_nominalrate2,obs_nominalrate3,obs_nominalrate4,obs_nominalrate5,obs_nominalrate6
0.4462271028996989,-47.408886341470215,0.4462271028996989,0.4955795998938193,0.49999999999998934,0.9222990629292216,0.4462271028996989,0.4462271028996989,0.4862853234475857,0.49999999999998934,0.9222990629292216,0.0,0.4462271028996989,0.1174310227768634,0.9222990629292216,0.9222990629292216,0.9222990629292216,0.9222990629292216,0.9222990629292216,0.9222990629292216
