obs_gdp,obs_hours,obs_wages,obs_gdpdeflator,obs_corepce,obs_nominalrate,obs_consumption,obs_investment,obs_BBBspread,obs_longinflation,obs_longrate,obs_tfp,obs_gdi,obs_AAAspread,obs_nominalrate1,obs_nominalrate2,obs_nominalrate3,obs_nominalrate4,obs_nominalrate5,obs_nominalrate6
0.45309203020609257,-46.893776409645476,0.45309203020609257,0.4954630775763395,0.49999999999998934,0.9296381613925098,0.45309203020609257,0.45309203020609257,0.4858318234011163,0.49999999999998934,0.9296381613925098,0.0,0.45309203020609257,0.1174310227768634,0.9296381613925098,0.9296381613925098,0.9296381613925098,0.9296381613925098,0.9296381613925098,0.9296381613925098
