obs_gdp,obs_hours,obs_wages,obs_gdpdeflator,obs_corepce,obs_nominalrate,obs_consumption,obs_investment,obs_BBBspread,obs_longinflation,obs_longrate,obs_tfp,obs_gdi,obs_AAAspread,obs_nominalrate1,obs_nominalrate2,obs_nominalrate3,obs_nominalrate4,obs_nominalrate5,obs_nominalrate6
0.40928515791893716,-47.09892272949219,0.40928515791893716,0.49418440228327043,0.49999999999998934,0.9973746212299073,0.40928515791893716,0.40928515791893716,0.4459726564550728,0.49999999999998934,0.9973746212299073,0.0,0.40928515791893716,0.1174310227768634,0.9973746212299073,0.9973746212299073,0.9973746212299073,0.9973746212299073,0.9973746212299073,0.9973746212299073
