obs_gdp,obs_hours,obs_wages,obs_gdpdeflator,obs_corepce,obs_nominalrate,obs_consumption,obs_investment,obs_BBBspread,obs_longinflation,obs_longrate,obs_tfp,obs_gdi,obs_AAAspread,obs_nominalrate1,obs_nominalrate2,obs_nominalrate3,obs_nominalrate4,obs_nominalrate5,obs_nominalrate6
0.4538581448813028,-46.85739328593345,0.4538581448813028,0.4953287067781572,0.49999999999998934,0.929223771090304,0.4538581448813028,0.4538581448813028,0.48657475807563955,0.49999999999998934,0.929223771090304,0.0,0.4538581448813028,0.1174310227768634,0.929223771090304,0.929223771090304,0.929223771090304,0.929223771090304,0.929223771090304,0.929223771090304
