obs_gdp,obs_hours,obs_wages,obs_gdpdeflator,obs_corepce,obs_nominalrate,obs_consumption,obs_investment,obs_BBBspread,obs_longinflation,obs_longrate,obs_tfp,obs_gdi,obs_AAAspread,obs_nominalrate1,obs_nominalrate2,obs_nominalrate3,obs_nominalrate4,obs_nominalrate5,obs_nominalrate6
0.41083052754402605,-46.847259521484375,0.41083052754402605,0.4995856910536425,0.49999999999998934,1.025243194704517,0.41083052754402605,0.41083052754402605,0.4398656679862215,0.49999999999998934,1.025243194704517,0.0,0.41083052754402605,0.1174310227768634,1.025243194704517,1.025243194704517,1.025243194704517,1.025243194704517,1.025243194704517,1.025243194704517
