obs_gdp,obs_hours,obs_wages,obs_gdpdeflator,obs_corepce,obs_nominalrate,obs_consumption,obs_investment,obs_BBBspread,obs_longinflation,obs_longrate,obs_tfp,obs_gdi,obs_AAAspread,obs_nominalrate1,obs_nominalrate2,obs_nominalrate3,obs_nominalrate4,obs_nominalrate5,obs_nominalrate6
0.4139357209205663,-46.94031524658203,0.4139357209205663,0.5051359441131247,0.49999999999998934,1.0114257208724498,0.4139357209205663,0.4139357209205663,0.44580014063817913,0.49999999999998934,1.0114257208724498,0.0,0.4139357209205663,0.1174310227768634,1.0114257208724498,1.0114257208724498,1.0114257208724498,1.0114257208724498,1.0114257208724498,1.0114257208724498
