obs_gdp,obs_hours,obs_wages,obs_gdpdeflator,obs_corepce,obs_nominalrate,obs_consumption,obs_investment,obs_BBBspread,obs_longinflation,obs_longrate,obs_tfp,obs_gdi,obs_AAAspread,obs_nominalrate1,obs_nominalrate2,obs_nominalrate3,obs_nominalrate4,obs_nominalrate5,obs_nominalrate6
0.4663874627460318,-45.87750702339844,0.4663874627460318,0.4953166050346623,0.49999999999998934,0.9464201800251981,0.4663874627460318,0.4663874627460318,0.48735110905431256,0.49999999999998934,0.9464201800251981,0.0,0.4663874627460318,0.1174310227768634,0.9464201800251981,0.9464201800251981,0.9464201800251981,0.9464201800251981,0.9464201800251981,0.9464201800251981
