obs_gdp,obs_hours,obs_wages,obs_gdpdeflator,obs_corepce,obs_nominalrate,obs_consumption,obs_investment,obs_BBBspread,obs_longinflation,obs_longrate,obs_tfp,obs_gdi,obs_AAAspread,obs_nominalrate1,obs_nominalrate2,obs_nominalrate3,obs_nominalrate4,obs_nominalrate5,obs_nominalrate6
0.4682920648364286,-45.7019920000272,0.4682920648364286,0.4951875095572805,0.49999999999998934,0.9479755390428446,0.4682920648364286,0.4682920648364286,0.487506864662875,0.49999999999998934,0.9479755390428446,0.0,0.4682920648364286,0.1174310227768634,0.9479755390428446,0.9479755390428446,0.9479755390428446,0.9479755390428446,0.9479755390428446,0.9479755390428446
