obs_gdp,obs_hours,obs_wages,obs_gdpdeflator,obs_corepce,obs_nominalrate,obs_consumption,obs_investment,obs_BBBspread,obs_longinflation,obs_longrate,obs_tfp,obs_gdi,obs_AAAspread,obs_nominalrate1,obs_nominalrate2,obs_nominalrate3,obs_nominalrate4,obs_nominalrate5,obs_nominalrate6
0.4405786015888147,-46.09005461528299,0.4405786015888147,0.4938867938653888,0.49999999999998934,0.9364444258991966,0.4405786015888147,0.4405786015888147,0.4688850551671684,0.49999999999998934,0.9364444258991966,0.0,0.4405786015888147,0.1174310227768634,0.9364444258991966,0.9364444258991966,0.9364444258991966,0.9364444258991966,0.9364444258991966,0.9364444258991966
