obs_gdp,obs_hours,obs_wages,obs_gdpdeflator,obs_corepce,obs_nominalrate,obs_consumption,obs_investment,obs_BBBspread,obs_longinflation,obs_longrate,obs_tfp,obs_gdi,obs_AAAspread,obs_nominalrate1,obs_nominalrate2,obs_nominalrate3,obs_nominalrate4,obs_nominalrate5,obs_nominalrate6
0.4704448484145418,-45.55674538009107,0.4704448484145418,0.4950998452128251,0.49999999999998934,0.9493777158847472,0.4704448484145418,0.4704448484145418,0.4877506682572764,0.49999999999998934,0.9493777158847472,0.0,0.4704448484145418,0.1174310227768634,0.9493777158847472,0.9493777158847472,0.9493777158847472,0.9493777158847472,0.9493777158847472,0.9493777158847472
