obs_gdp,obs_hours,obs_wages,obs_gdpdeflator,obs_corepce,obs_nominalrate,obs_consumption,obs_investment,obs_BBBspread,obs_longinflation,obs_longrate,obs_tfp,obs_gdi,obs_AAAspread,obs_nominalrate1,obs_nominalrate2,obs_nominalrate3,obs_nominalrate4,obs_nominalrate5,obs_nominalrate6
0.38491120934487366,-47.73419952392578,0.38491120934487366,0.5084772305562986,0.49999999999998934,0.9617585465565792,0.38491120934487366,0.38491120934487366,0.44800421342416363,0.49999999999998934,0.9617585465565792,0.0,0.38491120934487366,0.1174310227768634,0.9617585465565792,0.9617585465565792,0.9617585465565792,0.9617585465565792,0.9617585465565792,0.9617585465565792
