obs_gdp,obs_hours,obs_wages,obs_gdpdeflator,obs_corepce,obs_nominalrate,obs_consumption,obs_investment,obs_BBBspread,obs_longinflation,obs_longrate,obs_tfp,obs_gdi,obs_AAAspread,obs_nominalrate1,obs_nominalrate2,obs_nominalrate3,obs_nominalrate4,obs_nominalrate5,obs_nominalrate6
0.4710535770193536,-45.5176359825632,0.4710535770193536,0.49463287938194317,0.49999999999998934,0.9507492100143233,0.4710535770193536,0.4710535770193536,0.48704137354900984,0.49999999999998934,0.9507492100143233,0.0,0.4710535770193536,0.1174310227768634,0.9507492100143233,0.9507492100143233,0.9507492100143233,0.9507492100143233,0.9507492100143233,0.9507492100143233
