obs_gdp,obs_hours,obs_wages,obs_gdpdeflator,obs_corepce,obs_nominalrate,obs_consumption,obs_investment,obs_BBBspread,obs_longinflation,obs_longrate,obs_tfp,obs_gdi,obs_AAAspread,obs_nominalrate1,obs_nominalrate2,obs_nominalrate3,obs_nominalrate4,obs_nominalrate5,obs_nominalrate6
0.3760589361190725,-47.63432693481445,0.3760589361190725,0.5074540968052936,0.49999999999998934,0.9606427612900648,0.3760589361190725,0.3760589361190725,0.4512063678568599,0.49999999999998934,0.9606427612900648,0.0,0.3760589361190725,0.1174310227768634,0.9606427612900648,0.9606427612900648,0.9606427612900648,0.9606427612900648,0.9606427612900648,0.9606427612900648
