obs_gdp,obs_hours,obs_wages,obs_gdpdeflator,obs_corepce,obs_nominalrate,obs_consumption,obs_investment,obs_BBBspread,obs_longinflation,obs_longrate,obs_tfp,obs_gdi,obs_AAAspread,obs_nominalrate1,obs_nominalrate2,obs_nominalrate3,obs_nominalrate4,obs_nominalrate5,obs_nominalrate6
0.38110998272895547,-47.74034881591797,0.38110998272895547,0.5045434273779286,0.49999999999998934,0.9667835104382627,0.38110998272895547,0.38110998272895547,0.45376998358612536,0.49999999999998934,0.9667835104382627,0.0,0.38110998272895547,0.1174310227768634,0.9667835104382627,0.9667835104382627,0.9667835104382627,0.9667835104382627,0.9667835104382627,0.9667835104382627
