obs_gdp,obs_hours,obs_wages,obs_gdpdeflator,obs_corepce,obs_nominalrate,obs_consumption,obs_investment,obs_BBBspread,obs_longinflation,obs_longrate,obs_tfp,obs_gdi,obs_AAAspread,obs_nominalrate1,obs_nominalrate2,obs_nominalrate3,obs_nominalrate4,obs_nominalrate5,obs_nominalrate6
0.46484212061868035,-45.93015393206871,0.46484212061868035,0.49464439452530723,0.49999999999998934,0.9423507519654706,0.46484212061868035,0.46484212061868035,0.48787100375779957,0.49999999999998934,0.9423507519654706,0.0,0.46484212061868035,0.1174310227768634,0.9423507519654706,0.9423507519654706,0.9423507519654706,0.9423507519654706,0.9423507519654706,0.9423507519654706
