obs_gdp,obs_hours,obs_wages,obs_gdpdeflator,obs_corepce,obs_nominalrate,obs_consumption,obs_investment,obs_BBBspread,obs_longinflation,obs_longrate,obs_tfp,obs_gdi,obs_AAAspread,obs_nominalrate1,obs_nominalrate2,obs_nominalrate3,obs_nominalrate4,obs_nominalrate5,obs_nominalrate6
0.37244150042534674,-48.22802734375,0.37244150042534674,0.5023092324845386,0.49999999999998934,0.9860158455489376,0.37244150042534674,0.37244150042534674,0.4560044826054921,0.49999999999998934,0.9860158455489376,0.0,0.37244150042534674,0.1174310227768634,0.9860158455489376,0.9860158455489376,0.9860158455489376,0.9860158455489376,0.9860158455489376,0.9860158455489376
