obs_gdp,obs_hours,obs_wages,obs_gdpdeflator,obs_corepce,obs_nominalrate,obs_consumption,obs_investment,obs_BBBspread,obs_longinflation,obs_longrate,obs_tfp,obs_gdi,obs_AAAspread,obs_nominalrate1,obs_nominalrate2,obs_nominalrate3,obs_nominalrate4,obs_nominalrate5,obs_nominalrate6
0.3689055740833336,-48.41950988769531,0.3689055740833336,0.5033585606142772,0.49999999999998934,0.9960122529831361,0.3689055740833336,0.3689055740833336,0.4498496133136059,0.49999999999998934,0.9960122529831361,0.0,0.3689055740833336,0.1174310227768634,0.9960122529831361,0.9960122529831361,0.9960122529831361,0.9960122529831361,0.9960122529831361,0.9960122529831361
