obs_gdp,obs_hours,obs_wages,obs_gdpdeflator,obs_corepce,obs_nominalrate,obs_consumption,obs_investment,obs_BBBspread,obs_longinflation,obs_longrate,obs_tfp,obs_gdi,obs_AAAspread,obs_nominalrate1,obs_nominalrate2,obs_nominalrate3,obs_nominalrate4,obs_nominalrate5,obs_nominalrate6
0.3729893863201106,-48.28629684448242,0.3729893863201106,0.49900819477624125,0.49999999999998934,1.000333324245073,0.3729893863201106,0.3729893863201106,0.45016457232803536,0.49999999999998934,1.000333324245073,0.0,0.3729893863201106,0.1174310227768634,1.000333324245073,1.000333324245073,1.000333324245073,1.000333324245073,1.000333324245073,1.000333324245073
