obs_gdp,obs_hours,obs_wages,obs_gdpdeflator,obs_corepce,obs_nominalrate,obs_consumption,obs_investment,obs_BBBspread,obs_longinflation,obs_longrate,obs_tfp,obs_gdi,obs_AAAspread,obs_nominalrate1,obs_nominalrate2,obs_nominalrate3,obs_nominalrate4,obs_nominalrate5,obs_nominalrate6
0.37459447979926175,-48.15406036376953,0.37459447979926175,0.4943855605088068,0.49999999999998934,1.0013808649112388,0.37459447979926175,0.37459447979926175,0.44996932297397496,0.49999999999998934,1.0013808649112388,0.0,0.37459447979926175,0.1174310227768634,1.0013808649112388,1.0013808649112388,1.0013808649112388,1.0013808649112388,1.0013808649112388,1.0013808649112388
