obs_gdp,obs_hours,obs_wages,obs_gdpdeflator,obs_corepce,obs_nominalrate,obs_consumption,obs_investment,obs_BBBspread,obs_longinflation,obs_longrate,obs_tfp,obs_gdi,obs_AAAspread,obs_nominalrate1,obs_nominalrate2,obs_nominalrate3,obs_nominalrate4,obs_nominalrate5,obs_nominalrate6
0.41449815034866333,-45.64631271362305,0.41449815034866333,0.485095635056485,0.49999999999998934,0.9128185580047576,0.41449815034866333,0.41449815034866333,0.501820084928842,0.49999999999998934,0.9128185580047576,0.0,0.41449815034866333,0.1174310227768634,0.9128185580047576,0.9128185580047576,0.9128185580047576,0.9128185580047576,0.9128185580047576,0.9128185580047576
