obs_gdp,obs_hours,obs_wages,obs_gdpdeflator,obs_corepce,obs_nominalrate,obs_consumption,obs_investment,obs_BBBspread,obs_longinflation,obs_longrate,obs_tfp,obs_gdi,obs_AAAspread,obs_nominalrate1,obs_nominalrate2,obs_nominalrate3,obs_nominalrate4,obs_nominalrate5,obs_nominalrate6
0.44319880244247933,-45.90884690738728,0.44319880244247933,0.49390201984847515,0.49999999999998934,0.9390545841057252,0.44319880244247933,0.44319880244247933,0.46967471313377196,0.49999999999998934,0.9390545841057252,0.0,0.44319880244247933,0.1174310227768634,0.9390545841057252,0.9390545841057252,0.9390545841057252,0.9390545841057252,0.9390545841057252,0.9390545841057252
