obs_gdp,obs_hours,obs_wages,obs_gdpdeflator,obs_corepce,obs_nominalrate,obs_consumption,obs_investment,obs_BBBspread,obs_longinflation,obs_longrate,obs_tfp,obs_gdi,obs_AAAspread,obs_nominalrate1,obs_nominalrate2,obs_nominalrate3,obs_nominalrate4,obs_nominalrate5,obs_nominalrate6
0.3522612154483795,-48.436798095703125,0.3522612154483795,0.5047276737168325,0.49999999999998934,0.9841986669912872,0.3522612154483795,0.3522612154483795,0.4457834787910931,0.49999999999998934,0.9841986669912872,0.0,0.3522612154483795,0.1174310227768634,0.9841986669912872,0.9841986669912872,0.9841986669912872,0.9841986669912872,0.9841986669912872,0.9841986669912872
