obs_gdp,obs_hours,obs_wages,obs_gdpdeflator,obs_corepce,obs_nominalrate,obs_consumption,obs_investment,obs_BBBspread,obs_longinflation,obs_longrate,obs_tfp,obs_gdi,obs_AAAspread,obs_nominalrate1,obs_nominalrate2,obs_nominalrate3,obs_nominalrate4,obs_nominalrate5,obs_nominalrate6
0.4597254257651784,-46.178584653125874,0.4597254257651784,0.4951688921189797,0.49999999999998934,0.9378699241267663,0.4597254257651784,0.4597254257651784,0.4869358444582293,0.49999999999998934,0.9378699241267663,0.0,0.4597254257651784,0.1174310227768634,0.9378699241267663,0.9378699241267663,0.9378699241267663,0.9378699241267663,0.9378699241267663,0.9378699241267663
