obs_gdp,obs_hours,obs_wages,obs_gdpdeflator,obs_corepce,obs_nominalrate,obs_consumption,obs_investment,obs_BBBspread,obs_longinflation,obs_longrate,obs_tfp,obs_gdi,obs_AAAspread,obs_nominalrate1,obs_nominalrate2,obs_nominalrate3,obs_nominalrate4,obs_nominalrate5,obs_nominalrate6
0.45300564750292427,-46.68852810558123,0.45300564750292427,0.49519961719855365,0.49999999999998934,0.9300165042794406,0.45300564750292427,0.45300564750292427,0.48652772265733135,0.49999999999998934,0.9300165042794406,0.0,0.45300564750292427,0.1174310227768634,0.9300165042794406,0.9300165042794406,0.9300165042794406,0.9300165042794406,0.9300165042794406,0.9300165042794406
