obs_gdp,obs_hours,obs_wages,obs_gdpdeflator,obs_corepce,obs_nominalrate,obs_consumption,obs_investment,obs_BBBspread,obs_longinflation,obs_longrate,obs_tfp,obs_gdi,obs_AAAspread,obs_nominalrate1,obs_nominalrate2,obs_nominalrate3,obs_nominalrate4,obs_nominalrate5,obs_nominalrate6
0.4671656989326145,-45.659123431999454,0.4671656989326145,0.4953007275538341,0.49999999999998934,0.9432432910456257,0.4671656989326145,0.4671656989326145,0.48638334886277523,0.49999999999998934,0.9432432910456257,0.0,0.4671656989326145,0.1174310227768634,0.9432432910456257,0.9432432910456257,0.9432432910456257,0.9432432910456257,0.9432432910456257,0.9432432910456257
