obs_gdp,obs_hours,obs_wages,obs_gdpdeflator,obs_corepce,obs_nominalrate,obs_consumption,obs_investment,obs_BBBspread,obs_longinflation,obs_longrate,obs_tfp,obs_gdi,obs_AAAspread,obs_nominalrate1,obs_nominalrate2,obs_nominalrate3,obs_nominalrate4,obs_nominalrate5,obs_nominalrate6
0.35108920931816723,-47.738956451416016,0.35108920931816723,0.5042982585728062,0.49999999999998934,0.9584946629444868,0.35108920931816723,0.35108920931816723,0.436551727434852,0.49999999999998934,0.9584946629444868,0.0,0.35108920931816723,0.1174310227768634,0.9584946629444868,0.9584946629444868,0.9584946629444868,0.9584946629444868,0.9584946629444868,0.9584946629444868
