obs_gdp,obs_hours,obs_wages,obs_gdpdeflator,obs_corepce,obs_nominalrate,obs_consumption,obs_investment,obs_BBBspread,obs_longinflation,obs_longrate,obs_tfp,obs_gdi,obs_AAAspread,obs_nominalrate1,obs_nominalrate2,obs_nominalrate3,obs_nominalrate4,obs_nominalrate5,obs_nominalrate6
0.4660801343407739,-45.7546435777514,0.4660801343407739,0.4952043022993394,0.49999999999998934,0.942921372529959,0.4660801343407739,0.4660801343407739,0.486026877513179,0.49999999999998934,0.942921372529959,0.0,0.4660801343407739,0.1174310227768634,0.942921372529959,0.942921372529959,0.942921372529959,0.942921372529959,0.942921372529959,0.942921372529959
