obs_gdp,obs_hours,obs_wages,obs_gdpdeflator,obs_corepce,obs_nominalrate,obs_consumption,obs_investment,obs_BBBspread,obs_longinflation,obs_longrate,obs_tfp,obs_gdi,obs_AAAspread,obs_nominalrate1,obs_nominalrate2,obs_nominalrate3,obs_nominalrate4,obs_nominalrate5,obs_nominalrate6
0.4606938672692573,-46.12417844341553,0.4606938672692573,0.495205014013327,0.49999999999998934,0.9372700013719149,0.4606938672692573,0.4606938672692573,0.48680892970933864,0.49999999999998934,0.9372700013719149,0.0,0.4606938672692573,0.1174310227768634,0.9372700013719149,0.9372700013719149,0.9372700013719149,0.9372700013719149,0.9372700013719149,0.9372700013719149
