obs_gdp,obs_hours,obs_wages,obs_gdpdeflator,obs_corepce,obs_nominalrate,obs_consumption,obs_investment,obs_BBBspread,obs_longinflation,obs_longrate,obs_tfp,obs_gdi,obs_AAAspread,obs_nominalrate1,obs_nominalrate2,obs_nominalrate3,obs_nominalrate4,obs_nominalrate5,obs_nominalrate6
0.464652414230482,-45.84220260291143,0.464652414230482,0.4952993114957576,0.49999999999998934,0.9404600040696875,0.464652414230482,0.464652414230482,0.48672785779108824,0.49999999999998934,0.9404600040696875,0.0,0.464652414230482,0.1174310227768634,0.9404600040696875,0.9404600040696875,0.9404600040696875,0.9404600040696875,0.9404600040696875,0.9404600040696875
