obs_gdp,obs_hours,obs_wages,obs_gdpdeflator,obs_corepce,obs_nominalrate,obs_consumption,obs_investment,obs_BBBspread,obs_longinflation,obs_longrate,obs_tfp,obs_gdi,obs_AAAspread,obs_nominalrate1,obs_nominalrate2,obs_nominalrate3,obs_nominalrate4,obs_nominalrate5,obs_nominalrate6
0.3640326857566878,-47.81824493408203,0.3640326857566878,0.5170247647911204,0.49999999999998934,0.964382625742366,0.3640326857566878,0.3640326857566878,0.42988192414468873,0.49999999999998934,0.964382625742366,0.0,0.3640326857566878,0.1174310227768634,0.964382625742366,0.964382625742366,0.964382625742366,0.964382625742366,0.964382625742366,0.964382625742366
