obs_gdp,obs_hours,obs_wages,obs_gdpdeflator,obs_corepce,obs_nominalrate,obs_consumption,obs_investment,obs_BBBspread,obs_longinflation,obs_longrate,obs_tfp,obs_gdi,obs_AAAspread,obs_nominalrate1,obs_nominalrate2,obs_nominalrate3,obs_nominalrate4,obs_nominalrate5,obs_nominalrate6
0.45702659522746103,-46.40569210891,0.45702659522746103,0.4949822883123962,0.49999999999998934,0.932003721185537,0.45702659522746103,0.45702659522746103,0.4873925790644832,0.49999999999998934,0.932003721185537,0.0,0.45702659522746103,0.1174310227768634,0.932003721185537,0.932003721185537,0.932003721185537,0.932003721185537,0.932003721185537,0.932003721185537
