obs_gdp,obs_hours,obs_wages,obs_gdpdeflator,obs_corepce,obs_nominalrate,obs_consumption,obs_investment,obs_BBBspread,obs_longinflation,obs_longrate,obs_tfp,obs_gdi,obs_AAAspread,obs_nominalrate1,obs_nominalrate2,obs_nominalrate3,obs_nominalrate4,obs_nominalrate5,obs_nominalrate6
0.4185248017311016,-45.72132110595703,0.4185248017311016,0.48180629871784575,0.49999999999998934,0.896835163030163,0.4185248017311016,0.4185248017311016,0.5005135084731541,0.49999999999998934,0.896835163030163,0.0,0.4185248017311016,0.1174310227768634,0.896835163030163,0.896835163030163,0.896835163030163,0.896835163030163,0.896835163030163,0.896835163030163
