obs_gdp,obs_hours,obs_wages,obs_gdpdeflator,obs_corepce,obs_nominalrate,obs_consumption,obs_investment,obs_BBBspread,obs_longinflation,obs_longrate,obs_tfp,obs_gdi,obs_AAAspread,obs_nominalrate1,obs_nominalrate2,obs_nominalrate3,obs_nominalrate4,obs_nominalrate5,obs_nominalrate6
0.4615159752908271,-46.13455836716447,0.4615159752908271,0.4951350094200844,0.49999999999998934,0.9368158968136697,0.4615159752908271,0.4615159752908271,0.4870021429504756,0.49999999999998934,0.9368158968136697,0.0,0.4615159752908271,0.1174310227768634,0.9368158968136697,0.9368158968136697,0.9368158968136697,0.9368158968136697,0.9368158968136697,0.9368158968136697
