obs_gdp,obs_hours,obs_wages,obs_gdpdeflator,obs_corepce,obs_nominalrate,obs_consumption,obs_investment,obs_BBBspread,obs_longinflation,obs_longrate,obs_tfp,obs_gdi,obs_AAAspread,obs_nominalrate1,obs_nominalrate2,obs_nominalrate3,obs_nominalrate4,obs_nominalrate5,obs_nominalrate6
0.3605081439018276,-47.95476531982422,0.3605081439018276,0.5156231867149366,0.49999999999998934,0.9437665387695748,0.3605081439018276,0.3605081439018276,0.42500165662988765,0.49999999999998934,0.9437665387695748,0.0,0.3605081439018276,0.1174310227768634,0.9437665387695748,0.9437665387695748,0.9437665387695748,0.9437665387695748,0.9437665387695748,0.9437665387695748
