obs_gdp,obs_hours,obs_wages,obs_gdpdeflator,obs_corepce,obs_nominalrate,obs_consumption,obs_investment,obs_BBBspread,obs_longinflation,obs_longrate,obs_tfp,obs_gdi,obs_AAAspread,obs_nominalrate1,obs_nominalrate2,obs_nominalrate3,obs_nominalrate4,obs_nominalrate5,obs_nominalrate6
0.37017118930817716,-47.723777770996094,0.37017118930817716,0.5195957738906039,0.49999999999998934,0.9539272854433234,0.37017118930817716,0.37017118930817716,0.422196630273889,0.49999999999998934,0.9539272854433234,0.0,0.37017118930817716,0.1174310227768634,0.9539272854433234,0.9539272854433234,0.9539272854433234,0.9539272854433234,0.9539272854433234,0.9539272854433234
