obs_gdp,obs_hours,obs_wages,obs_gdpdeflator,obs_corepce,obs_nominalrate,obs_consumption,obs_investment,obs_BBBspread,obs_longinflation,obs_longrate,obs_tfp,obs_gdi,obs_AAAspread,obs_nominalrate1,obs_nominalrate2,obs_nominalrate3,obs_nominalrate4,obs_nominalrate5,obs_nominalrate6
0.37480074167250965,-48.080963134765625,0.37480074167250965,0.5187478903680933,0.49999999999998934,0.9582307128045198,0.37480074167250965,0.37480074167250965,0.42418122780339407,0.49999999999998934,0.9582307128045198,0.0,0.37480074167250965,0.1174310227768634,0.9582307128045198,0.9582307128045198,0.9582307128045198,0.9582307128045198,0.9582307128045198,0.9582307128045198
