obs_gdp,obs_hours,obs_wages,obs_gdpdeflator,obs_corepce,obs_nominalrate,obs_consumption,obs_investment,obs_BBBspread,obs_longinflation,obs_longrate,obs_tfp,obs_gdi,obs_AAAspread,obs_nominalrate1,obs_nominalrate2,obs_nominalrate3,obs_nominalrate4,obs_nominalrate5,obs_nominalrate6
0.4510840177819997,-46.87747511495091,0.4510840177819997,0.4951735364581992,0.49999999999998934,0.9263351564394062,0.4510840177819997,0.4510840177819997,0.48735026693757244,0.49999999999998934,0.9263351564394062,0.0,0.4510840177819997,0.1174310227768634,0.9263351564394062,0.9263351564394062,0.9263351564394062,0.9263351564394062,0.9263351564394062,0.9263351564394062
