obs_gdp,obs_hours,obs_wages,obs_gdpdeflator,obs_corepce,obs_nominalrate,obs_consumption,obs_investment,obs_BBBspread,obs_longinflation,obs_longrate,obs_tfp,obs_gdi,obs_AAAspread,obs_nominalrate1,obs_nominalrate2,obs_nominalrate3,obs_nominalrate4,obs_nominalrate5,obs_nominalrate6
0.37378942966461715,-48.04475021362305,0.37378942966461715,0.5216295365244044,0.49999999999998934,0.9564723432825772,0.37378942966461715,0.37378942966461715,0.4249892605245703,0.49999999999998934,0.9564723432825772,0.0,0.37378942966461715,0.1174310227768634,0.9564723432825772,0.9564723432825772,0.9564723432825772,0.9564723432825772,0.9564723432825772,0.9564723432825772
