obs_gdp,obs_hours,obs_wages,obs_gdpdeflator,obs_corepce,obs_nominalrate,obs_consumption,obs_investment,obs_BBBspread,obs_longinflation,obs_longrate,obs_tfp,obs_gdi,obs_AAAspread,obs_nominalrate1,obs_nominalrate2,obs_nominalrate3,obs_nominalrate4,obs_nominalrate5,obs_nominalrate6
0.45676631569906423,-46.544707018915936,0.45676631569906423,0.49501960170295034,0.49999999999998934,0.9332540603889994,0.45676631569906423,0.45676631569906423,0.48578625627805117,0.49999999999998934,0.9332540603889994,0.0,0.45676631569906423,0.1174310227768634,0.9332540603889994,0.9332540603889994,0.9332540603889994,0.9332540603889994,0.9332540603889994,0.9332540603889994
