obs_gdp,obs_hours,obs_wages,obs_gdpdeflator,obs_corepce,obs_nominalrate,obs_consumption,obs_investment,obs_BBBspread,obs_longinflation,obs_longrate,obs_tfp,obs_gdi,obs_AAAspread,obs_nominalrate1,obs_nominalrate2,obs_nominalrate3,obs_nominalrate4,obs_nominalrate5,obs_nominalrate6
0.3649990260601088,-48.27001190185547,0.3649990260601088,0.5289513878524197,0.49999999999998934,0.9582662316871549,0.3649990260601088,0.3649990260601088,0.4207984638880292,0.49999999999998934,0.9582662316871549,0.0,0.3649990260601088,0.1174310227768634,0.9582662316871549,0.9582662316871549,0.9582662316871549,0.9582662316871549,0.9582662316871549,0.9582662316871549
