obs_gdp,obs_hours,obs_wages,obs_gdpdeflator,obs_corepce,obs_nominalrate,obs_consumption,obs_investment,obs_BBBspread,obs_longinflation,obs_longrate,obs_tfp,obs_gdi,obs_AAAspread,obs_nominalrate1,obs_nominalrate2,obs_nominalrate3,obs_nominalrate4,obs_nominalrate5,obs_nominalrate6
0.45262978110729435,-46.81762261929243,0.45262978110729435,0.494804397998924,0.49999999999998934,0.9310154385514746,0.45262978110729435,0.45262978110729435,0.48558347759759873,0.49999999999998934,0.9310154385514746,0.0,0.45262978110729435,0.1174310227768634,0.9310154385514746,0.9310154385514746,0.9310154385514746,0.9310154385514746,0.9310154385514746,0.9310154385514746
