obs_gdp,obs_hours,obs_wages,obs_gdpdeflator,obs_corepce,obs_nominalrate,obs_consumption,obs_investment,obs_BBBspread,obs_longinflation,obs_longrate,obs_tfp,obs_gdi,obs_AAAspread,obs_nominalrate1,obs_nominalrate2,obs_nominalrate3,obs_nominalrate4,obs_nominalrate5,obs_nominalrate6
0.4497052271144275,-46.996139096245464,0.4497052271144275,0.4948789756005641,0.49999999999998934,0.9279963710198125,0.4497052271144275,0.4497052271144275,0.48473553182271534,0.49999999999998934,0.9279963710198125,0.0,0.4497052271144275,0.1174310227768634,0.9279963710198125,0.9279963710198125,0.9279963710198125,0.9279963710198125,0.9279963710198125,0.9279963710198125
