obs_gdp,obs_hours,obs_wages,obs_gdpdeflator,obs_corepce,obs_nominalrate,obs_consumption,obs_investment,obs_BBBspread,obs_longinflation,obs_longrate,obs_tfp,obs_gdi,obs_AAAspread,obs_nominalrate1,obs_nominalrate2,obs_nominalrate3,obs_nominalrate4,obs_nominalrate5,obs_nominalrate6
0.37509620189666304,-48.060367584228516,0.37509620189666304,0.5306231249123705,0.49999999999998934,0.9579871441452559,0.37509620189666304,0.37509620189666304,0.43046079094633305,0.49999999999998934,0.9579871441452559,0.0,0.37509620189666304,0.1174310227768634,0.9579871441452559,0.9579871441452559,0.9579871441452559,0.9579871441452559,0.9579871441452559,0.9579871441452559
