obs_gdp,obs_hours,obs_wages,obs_gdpdeflator,obs_corepce,obs_nominalrate,obs_consumption,obs_investment,obs_BBBspread,obs_longinflation,obs_longrate,obs_tfp,obs_gdi,obs_AAAspread,obs_nominalrate1,obs_nominalrate2,obs_nominalrate3,obs_nominalrate4,obs_nominalrate5,obs_nominalrate6
0.3687704801559555,-48.49992752075195,0.3687704801559555,0.5366386212408436,0.49999999999998934,0.9542362409812544,0.3687704801559555,0.3687704801559555,0.4339667252500993,0.49999999999998934,0.9542362409812544,0.0,0.3687704801559555,0.1174310227768634,0.9542362409812544,0.9542362409812544,0.9542362409812544,0.9542362409812544,0.9542362409812544,0.9542362409812544
