obs_gdp,obs_hours,obs_wages,obs_gdpdeflator,obs_corepce,obs_nominalrate,obs_consumption,obs_investment,obs_BBBspread,obs_longinflation,obs_longrate,obs_tfp,obs_gdi,obs_AAAspread,obs_nominalrate1,obs_nominalrate2,obs_nominalrate3,obs_nominalrate4,obs_nominalrate5,obs_nominalrate6
0.36206945776939836,-48.6114501953125,0.36206945776939836,0.5373414978384865,0.49999999999998934,0.9332803081949503,0.36206945776939836,0.36206945776939836,0.43578162417353994,0.49999999999998934,0.9332803081949503,0.0,0.36206945776939836,0.1174310227768634,0.9332803081949503,0.9332803081949503,0.9332803081949503,0.9332803081949503,0.9332803081949503,0.9332803081949503
