obs_gdp,obs_hours,obs_wages,obs_gdpdeflator,obs_corepce,obs_nominalrate,obs_consumption,obs_investment,obs_BBBspread,obs_longinflation,obs_longrate,obs_tfp,obs_gdi,obs_AAAspread,obs_nominalrate1,obs_nominalrate2,obs_nominalrate3,obs_nominalrate4,obs_nominalrate5,obs_nominalrate6
0.4533278738374058,-46.840398178441376,0.4533278738374058,0.4952111609631006,0.49999999999998934,0.9356428675789452,0.4533278738374058,0.4533278738374058,0.48483255075142345,0.49999999999998934,0.9356428675789452,0.0,0.4533278738374058,0.1174310227768634,0.9356428675789452,0.9356428675789452,0.9356428675789452,0.9356428675789452,0.9356428675789452,0.9356428675789452
