obs_gdp,obs_hours,obs_wages,obs_gdpdeflator,obs_corepce,obs_nominalrate,obs_consumption,obs_investment,obs_BBBspread,obs_longinflation,obs_longrate,obs_tfp,obs_gdi,obs_AAAspread,obs_nominalrate1,obs_nominalrate2,obs_nominalrate3,obs_nominalrate4,obs_nominalrate5,obs_nominalrate6
0.35878849029540305,-48.31245803833008,0.35878849029540305,0.542498912662257,0.49999999999998934,0.9393314733079583,0.35878849029540305,0.35878849029540305,0.4330771654225755,0.49999999999998934,0.9393314733079583,0.0,0.35878849029540305,0.1174310227768634,0.9393314733079583,0.9393314733079583,0.9393314733079583,0.9393314733079583,0.9393314733079583,0.9393314733079583
