obs_gdp,obs_hours,obs_wages,obs_gdpdeflator,obs_corepce,obs_nominalrate,obs_consumption,obs_investment,obs_BBBspread,obs_longinflation,obs_longrate,obs_tfp,obs_gdi,obs_AAAspread,obs_nominalrate1,obs_nominalrate2,obs_nominalrate3,obs_nominalrate4,obs_nominalrate5,obs_nominalrate6
0.4449209236602636,-47.43870658313406,0.4449209236602636,0.49487605442167953,0.49999999999998934,0.9265112327956793,0.4449209236602636,0.4449209236602636,0.4848041628217488,0.49999999999998934,0.9265112327956793,0.0,0.4449209236602636,0.1174310227768634,0.9265112327956793,0.9265112327956793,0.9265112327956793,0.9265112327956793,0.9265112327956793,0.9265112327956793
