obs_gdp,obs_hours,obs_wages,obs_gdpdeflator,obs_corepce,obs_nominalrate,obs_consumption,obs_investment,obs_BBBspread,obs_longinflation,obs_longrate,obs_tfp,obs_gdi,obs_AAAspread,obs_nominalrate1,obs_nominalrate2,obs_nominalrate3,obs_nominalrate4,obs_nominalrate5,obs_nominalrate6
0.35457473993301125,-48.20637130737305,0.35457473993301125,0.5378780551254643,0.49999999999998934,0.944577918120193,0.35457473993301125,0.35457473993301125,0.42371436205976387,0.49999999999998934,0.944577918120193,0.0,0.35457473993301125,0.1174310227768634,0.944577918120193,0.944577918120193,0.944577918120193,0.944577918120193,0.944577918120193,0.944577918120193
