obs_gdp,obs_hours,obs_wages,obs_gdpdeflator,obs_corepce,obs_nominalrate,obs_consumption,obs_investment,obs_BBBspread,obs_longinflation,obs_longrate,obs_tfp,obs_gdi,obs_AAAspread,obs_nominalrate1,obs_nominalrate2,obs_nominalrate3,obs_nominalrate4,obs_nominalrate5,obs_nominalrate6
0.45068989102345913,-47.068311794316756,0.45068989102345913,0.49509778983279756,0.49999999999998934,0.9282362549669632,0.45068989102345913,0.45068989102345913,0.4844355583904486,0.49999999999998934,0.9282362549669632,0.0,0.45068989102345913,0.1174310227768634,0.9282362549669632,0.9282362549669632,0.9282362549669632,0.9282362549669632,0.9282362549669632,0.9282362549669632
