obs_gdp,obs_hours,obs_wages,obs_gdpdeflator,obs_corepce,obs_nominalrate,obs_consumption,obs_investment,obs_BBBspread,obs_longinflation,obs_longrate,obs_tfp,obs_gdi,obs_AAAspread,obs_nominalrate1,obs_nominalrate2,obs_nominalrate3,obs_nominalrate4,obs_nominalrate5,obs_nominalrate6
0.37775152921677435,-47.83836364746094,0.37775152921677435,0.5450058355927361,0.49999999999998934,0.9626203987861182,0.37775152921677435,0.37775152921677435,0.42584727785787474,0.49999999999998934,0.9626203987861182,0.0,0.37775152921677435,0.1174310227768634,0.9626203987861182,0.9626203987861182,0.9626203987861182,0.9626203987861182,0.9626203987861182,0.9626203987861182
