obs_gdp,obs_hours,obs_wages,obs_gdpdeflator,obs_corepce,obs_nominalrate,obs_consumption,obs_investment,obs_BBBspread,obs_longinflation,obs_longrate,obs_tfp,obs_gdi,obs_AAAspread,obs_nominalrate1,obs_nominalrate2,obs_nominalrate3,obs_nominalrate4,obs_nominalrate5,obs_nominalrate6
0.4530495437089943,-46.93007993912079,0.4530495437089943,0.49489785740823367,0.49999999999998934,0.9318782428551664,0.4530495437089943,0.4530495437089943,0.48489918944834365,0.49999999999998934,0.9318782428551664,0.0,0.4530495437089943,0.1174310227768634,0.9318782428551664,0.9318782428551664,0.9318782428551664,0.9318782428551664,0.9318782428551664,0.9318782428551664
