obs_gdp,obs_hours,obs_wages,obs_gdpdeflator,obs_corepce,obs_nominalrate,obs_consumption,obs_investment,obs_BBBspread,obs_longinflation,obs_longrate,obs_tfp,obs_gdi,obs_AAAspread,obs_nominalrate1,obs_nominalrate2,obs_nominalrate3,obs_nominalrate4,obs_nominalrate5,obs_nominalrate6
0.43325645712530836,-46.68582460466305,0.43325645712530836,0.49396605382578584,0.49999999999998934,0.9293789027048582,0.43325645712530836,0.43325645712530836,0.4685464474714224,0.49999999999998934,0.9293789027048582,0.0,0.43325645712530836,0.1174310227768634,0.9293789027048582,0.9293789027048582,0.9293789027048582,0.9293789027048582,0.9293789027048582,0.9293789027048582
