obs_gdp,obs_hours,obs_wages,obs_gdpdeflator,obs_corepce,obs_nominalrate,obs_consumption,obs_investment,obs_BBBspread,obs_longinflation,obs_longrate,obs_tfp,obs_gdi,obs_AAAspread,obs_nominalrate1,obs_nominalrate2,obs_nominalrate3,obs_nominalrate4,obs_nominalrate5,obs_nominalrate6
0.41044843196869074,-45.64483642578125,0.41044843196869074,0.49285158189012535,0.49999999999998934,0.854236550428844,0.41044843196869074,0.41044843196869074,0.49930588556775957,0.49999999999998934,0.854236550428844,0.0,0.41044843196869074,0.1174310227768634,0.854236550428844,0.854236550428844,0.854236550428844,0.854236550428844,0.854236550428844,0.854236550428844
