obs_gdp,obs_hours,obs_wages,obs_gdpdeflator,obs_corepce,obs_nominalrate,obs_consumption,obs_investment,obs_BBBspread,obs_longinflation,obs_longrate,obs_tfp,obs_gdi,obs_AAAspread,obs_nominalrate1,obs_nominalrate2,obs_nominalrate3,obs_nominalrate4,obs_nominalrate5,obs_nominalrate6
0.45138580923929084,-47.03511484909213,0.45138580923929084,0.4946422294821041,0.49999999999998934,0.9322498689799508,0.45138580923929084,0.45138580923929084,0.4836462048478686,0.49999999999998934,0.9322498689799508,0.0,0.45138580923929084,0.1174310227768634,0.9322498689799508,0.9322498689799508,0.9322498689799508,0.9322498689799508,0.9322498689799508,0.9322498689799508
