obs_gdp,obs_hours,obs_wages,obs_gdpdeflator,obs_corepce,obs_nominalrate,obs_consumption,obs_investment,obs_BBBspread,obs_longinflation,obs_longrate,obs_tfp,obs_gdi,obs_AAAspread,obs_nominalrate1,obs_nominalrate2,obs_nominalrate3,obs_nominalrate4,obs_nominalrate5,obs_nominalrate6
0.4515506603291142,-47.01875678461723,0.4515506603291142,0.4949183681437038,0.49999999999998934,0.931636799655644,0.4515506603291142,0.4515506603291142,0.4838319543522145,0.49999999999998934,0.931636799655644,0.0,0.4515506603291142,0.1174310227768634,0.931636799655644,0.931636799655644,0.931636799655644,0.931636799655644,0.931636799655644,0.931636799655644
