obs_gdp,obs_hours,obs_wages,obs_gdpdeflator,obs_corepce,obs_nominalrate,obs_consumption,obs_investment,obs_BBBspread,obs_longinflation,obs_longrate,obs_tfp,obs_gdi,obs_AAAspread,obs_nominalrate1,obs_nominalrate2,obs_nominalrate3,obs_nominalrate4,obs_nominalrate5,obs_nominalrate6
0.37212783098221625,-47.860809326171875,0.37212783098221625,0.5480675920843971,0.49999999999998934,0.9971683631356365,0.37212783098221625,0.37212783098221625,0.41818044973061136,0.49999999999998934,0.9971683631356365,0.0,0.37212783098221625,0.1174310227768634,0.9971683631356365,0.9971683631356365,0.9971683631356365,0.9971683631356365,0.9971683631356365,0.9971683631356365
