obs_gdp,obs_hours,obs_wages,obs_gdpdeflator,obs_corepce,obs_nominalrate,obs_consumption,obs_investment,obs_BBBspread,obs_longinflation,obs_longrate,obs_tfp,obs_gdi,obs_AAAspread,obs_nominalrate1,obs_nominalrate2,obs_nominalrate3,obs_nominalrate4,obs_nominalrate5,obs_nominalrate6
0.44911124198161456,-47.205408889186934,0.44911124198161456,0.4948976306159979,0.49999999999998934,0.9283401919753853,0.44911124198161456,0.44911124198161456,0.48471162719732014,0.49999999999998934,0.9283401919753853,0.0,0.44911124198161456,0.1174310227768634,0.9283401919753853,0.9283401919753853,0.9283401919753853,0.9283401919753853,0.9283401919753853,0.9283401919753853
