obs_gdp,obs_hours,obs_wages,obs_gdpdeflator,obs_corepce,obs_nominalrate,obs_consumption,obs_investment,obs_BBBspread,obs_longinflation,obs_longrate,obs_tfp,obs_gdi,obs_AAAspread,obs_nominalrate1,obs_nominalrate2,obs_nominalrate3,obs_nominalrate4,obs_nominalrate5,obs_nominalrate6
0.36063963174819413,-48.25368118286133,0.36063963174819413,0.5481040440499676,0.49999999999998934,0.9791881765593313,0.36063963174819413,0.36063963174819413,0.4243951994880597,0.49999999999998934,0.9791881765593313,0.0,0.36063963174819413,0.1174310227768634,0.9791881765593313,0.9791881765593313,0.9791881765593313,0.9791881765593313,0.9791881765593313,0.9791881765593313
