obs_gdp,obs_hours,obs_wages,obs_gdpdeflator,obs_corepce,obs_nominalrate,obs_consumption,obs_investment,obs_BBBspread,obs_longinflation,obs_longrate,obs_tfp,obs_gdi,obs_AAAspread,obs_nominalrate1,obs_nominalrate2,obs_nominalrate3,obs_nominalrate4,obs_nominalrate5,obs_nominalrate6
0.3637283742427888,-47.91019058227539,0.3637283742427888,0.5436146631836785,0.49999999999998934,0.9707653274515282,0.3637283742427888,0.3637283742427888,0.4239795033207209,0.49999999999998934,0.9707653274515282,0.0,0.3637283742427888,0.1174310227768634,0.9707653274515282,0.9707653274515282,0.9707653274515282,0.9707653274515282,0.9707653274515282,0.9707653274515282
