obs_gdp,obs_hours,obs_wages,obs_gdpdeflator,obs_corepce,obs_nominalrate,obs_consumption,obs_investment,obs_BBBspread,obs_longinflation,obs_longrate,obs_tfp,obs_gdi,obs_AAAspread,obs_nominalrate1,obs_nominalrate2,obs_nominalrate3,obs_nominalrate4,obs_nominalrate5,obs_nominalrate6
0.4488530492181564,-47.157849371034544,0.4488530492181564,0.4946642274111163,0.49999999999998934,0.9258871638186283,0.4488530492181564,0.4488530492181564,0.48541479747313093,0.49999999999998934,0.9258871638186283,0.0,0.4488530492181564,0.1174310227768634,0.9258871638186283,0.9258871638186283,0.9258871638186283,0.9258871638186283,0.9258871638186283,0.9258871638186283
