obs_gdp,obs_hours,obs_wages,obs_gdpdeflator,obs_corepce,obs_nominalrate,obs_consumption,obs_investment,obs_BBBspread,obs_longinflation,obs_longrate,obs_tfp,obs_gdi,obs_AAAspread,obs_nominalrate1,obs_nominalrate2,obs_nominalrate3,obs_nominalrate4,obs_nominalrate5,obs_nominalrate6
0.3738213777542132,-47.715850830078125,0.3738213777542132,0.5406371727585686,0.49999999999998934,0.9421752409841222,0.3738213777542132,0.3738213777542132,0.4232498932002373,0.49999999999998934,0.9421752409841222,0.0,0.3738213777542132,0.1174310227768634,0.9421752409841222,0.9421752409841222,0.9421752409841222,0.9421752409841222,0.9421752409841222,0.9421752409841222
