obs_gdp,obs_hours,obs_wages,obs_gdpdeflator,obs_corepce,obs_nominalrate,obs_consumption,obs_investment,obs_BBBspread,obs_longinflation,obs_longrate,obs_tfp,obs_gdi,obs_AAAspread,obs_nominalrate1,obs_nominalrate2,obs_nominalrate3,obs_nominalrate4,obs_nominalrate5,obs_nominalrate6
0.36909082531928483,-47.81260299682617,0.36909082531928483,0.5385137759148968,0.49999999999998934,0.9674134253816913,0.36909082531928483,0.36909082531928483,0.42217353255279194,0.49999999999998934,0.9674134253816913,0.0,0.36909082531928483,0.1174310227768634,0.9674134253816913,0.9674134253816913,0.9674134253816913,0.9674134253816913,0.9674134253816913,0.9674134253816913
