obs_gdp,obs_hours,obs_wages,obs_gdpdeflator,obs_corepce,obs_nominalrate,obs_consumption,obs_investment,obs_BBBspread,obs_longinflation,obs_longrate,obs_tfp,obs_gdi,obs_AAAspread,obs_nominalrate1,obs_nominalrate2,obs_nominalrate3,obs_nominalrate4,obs_nominalrate5,obs_nominalrate6
0.4431472767236544,-47.494833895099156,0.4431472767236544,0.49419935069502435,0.49999999999998934,0.9220487777408914,0.4431472767236544,0.4431472767236544,0.4850820738850888,0.49999999999998934,0.9220487777408914,0.0,0.4431472767236544,0.1174310227768634,0.9220487777408914,0.9220487777408914,0.9220487777408914,0.9220487777408914,0.9220487777408914,0.9220487777408914
