obs_gdp,obs_hours,obs_wages,obs_gdpdeflator,obs_corepce,obs_nominalrate,obs_consumption,obs_investment,obs_BBBspread,obs_longinflation,obs_longrate,obs_tfp,obs_gdi,obs_AAAspread,obs_nominalrate1,obs_nominalrate2,obs_nominalrate3,obs_nominalrate4,obs_nominalrate5,obs_nominalrate6
0.43878182382122155,-47.79587371764339,0.43878182382122155,0.49416689008858833,0.49999999999998934,0.9162881978769022,0.43878182382122155,0.43878182382122155,0.485760215503941,0.49999999999998934,0.9162881978769022,0.0,0.43878182382122155,0.1174310227768634,0.9162881978769022,0.9162881978769022,0.9162881978769022,0.9162881978769022,0.9162881978769022,0.9162881978769022
