obs_gdp,obs_hours,obs_wages,obs_gdpdeflator,obs_corepce,obs_nominalrate,obs_consumption,obs_investment,obs_BBBspread,obs_longinflation,obs_longrate,obs_tfp,obs_gdi,obs_AAAspread,obs_nominalrate1,obs_nominalrate2,obs_nominalrate3,obs_nominalrate4,obs_nominalrate5,obs_nominalrate6
0.35973221063614336,-47.856693267822266,0.35973221063614336,0.5341618210077179,0.49999999999998934,0.955317397313804,0.35973221063614336,0.35973221063614336,0.4187866148205118,0.49999999999998934,0.955317397313804,0.0,0.35973221063614336,0.1174310227768634,0.955317397313804,0.955317397313804,0.955317397313804,0.955317397313804,0.955317397313804,0.955317397313804
