obs_gdp,obs_hours,obs_wages,obs_gdpdeflator,obs_corepce,obs_nominalrate,obs_consumption,obs_investment,obs_BBBspread,obs_longinflation,obs_longrate,obs_tfp,obs_gdi,obs_AAAspread,obs_nominalrate1,obs_nominalrate2,obs_nominalrate3,obs_nominalrate4,obs_nominalrate5,obs_nominalrate6
0.4172403812408465,-45.268348693847656,0.4172403812408465,0.49111681990324385,0.49999999999998934,0.864054204021536,0.4172403812408465,0.4172403812408465,0.4959530792312457,0.49999999999998934,0.864054204021536,0.0,0.4172403812408465,0.1174310227768634,0.864054204021536,0.864054204021536,0.864054204021536,0.864054204021536,0.864054204021536,0.864054204021536
