obs_gdp,obs_hours,obs_wages,obs_gdpdeflator,obs_corepce,obs_nominalrate,obs_consumption,obs_investment,obs_BBBspread,obs_longinflation,obs_longrate,obs_tfp,obs_gdi,obs_AAAspread,obs_nominalrate1,obs_nominalrate2,obs_nominalrate3,obs_nominalrate4,obs_nominalrate5,obs_nominalrate6
0.37711209058761685,-47.40845489501953,0.37711209058761685,0.5319100208580387,0.49999999999998934,0.9551175106515597,0.37711209058761685,0.37711209058761685,0.42319629100217737,0.49999999999998934,0.9551175106515597,0.0,0.37711209058761685,0.1174310227768634,0.9551175106515597,0.9551175106515597,0.9551175106515597,0.9551175106515597,0.9551175106515597,0.9551175106515597
