obs_gdp,obs_hours,obs_wages,obs_gdpdeflator,obs_corepce,obs_nominalrate,obs_consumption,obs_investment,obs_BBBspread,obs_longinflation,obs_longrate,obs_tfp,obs_gdi,obs_AAAspread,obs_nominalrate1,obs_nominalrate2,obs_nominalrate3,obs_nominalrate4,obs_nominalrate5,obs_nominalrate6
0.445404243074643,-47.225630554719594,0.445404243074643,0.49511518129988236,0.49999999999998934,0.9203221238928139,0.445404243074643,0.445404243074643,0.4839035979258629,0.49999999999998934,0.9203221238928139,0.0,0.445404243074643,0.1174310227768634,0.9203221238928139,0.9203221238928139,0.9203221238928139,0.9203221238928139,0.9203221238928139,0.9203221238928139
