obs_gdp,obs_hours,obs_wages,obs_gdpdeflator,obs_corepce,obs_nominalrate,obs_consumption,obs_investment,obs_BBBspread,obs_longinflation,obs_longrate,obs_tfp,obs_gdi,obs_AAAspread,obs_nominalrate1,obs_nominalrate2,obs_nominalrate3,obs_nominalrate4,obs_nominalrate5,obs_nominalrate6
0.3765774965286184,-47.693092346191406,0.3765774965286184,0.5411422774195565,0.49999999999998934,0.9756330526551782,0.3765774965286184,0.3765774965286184,0.4223381531611471,0.49999999999998934,0.9756330526551782,0.0,0.3765774965286184,0.1174310227768634,0.9756330526551782,0.9756330526551782,0.9756330526551782,0.9756330526551782,0.9756330526551782,0.9756330526551782
