obs_gdp,obs_hours,obs_wages,obs_gdpdeflator,obs_corepce,obs_nominalrate,obs_consumption,obs_investment,obs_BBBspread,obs_longinflation,obs_longrate,obs_tfp,obs_gdi,obs_AAAspread,obs_nominalrate1,obs_nominalrate2,obs_nominalrate3,obs_nominalrate4,obs_nominalrate5,obs_nominalrate6
0.4455483161479368,-47.23952854144753,0.4455483161479368,0.49539779672562007,0.49999999999998934,0.9211036451835186,0.4455483161479368,0.4455483161479368,0.48346116556288377,0.49999999999998934,0.9211036451835186,0.0,0.4455483161479368,0.1174310227768634,0.9211036451835186,0.9211036451835186,0.9211036451835186,0.9211036451835186,0.9211036451835186,0.9211036451835186
