obs_gdp,obs_hours,obs_wages,obs_gdpdeflator,obs_corepce,obs_nominalrate,obs_consumption,obs_investment,obs_BBBspread,obs_longinflation,obs_longrate,obs_tfp,obs_gdi,obs_AAAspread,obs_nominalrate1,obs_nominalrate2,obs_nominalrate3,obs_nominalrate4,obs_nominalrate5,obs_nominalrate6
0.37901943922042935,-47.59336853027344,0.37901943922042935,0.545447222888459,0.49999999999998934,0.9992433826283786,0.37901943922042935,0.37901943922042935,0.4180815488814176,0.49999999999998934,0.9992433826283786,0.0,0.37901943922042935,0.1174310227768634,0.9992433826283786,0.9992433826283786,0.9992433826283786,0.9992433826283786,0.9992433826283786,0.9992433826283786
