obs_gdp,obs_hours,obs_wages,obs_gdpdeflator,obs_corepce,obs_nominalrate,obs_consumption,obs_investment,obs_BBBspread,obs_longinflation,obs_longrate,obs_tfp,obs_gdi,obs_AAAspread,obs_nominalrate1,obs_nominalrate2,obs_nominalrate3,obs_nominalrate4,obs_nominalrate5,obs_nominalrate6
0.38685637712478904,-47.820838928222656,0.38685637712478904,0.5508484542369736,0.49999999999998934,1.0051630250084154,0.38685637712478904,0.38685637712478904,0.416353053137578,0.49999999999998934,1.0051630250084154,0.0,0.38685637712478904,0.1174310227768634,1.0051630250084154,1.0051630250084154,1.0051630250084154,1.0051630250084154,1.0051630250084154,1.0051630250084154
