obs_gdp,obs_hours,obs_wages,obs_gdpdeflator,obs_corepce,obs_nominalrate,obs_consumption,obs_investment,obs_BBBspread,obs_longinflation,obs_longrate,obs_tfp,obs_gdi,obs_AAAspread,obs_nominalrate1,obs_nominalrate2,obs_nominalrate3,obs_nominalrate4,obs_nominalrate5,obs_nominalrate6
0.4324766264357516,-48.17286462157307,0.4324766264357516,0.49528969959401087,0.49999999999998934,0.904044145541727,0.4324766264357516,0.4324766264357516,0.4849356635196705,0.49999999999998934,0.904044145541727,0.0,0.4324766264357516,0.1174310227768634,0.904044145541727,0.904044145541727,0.904044145541727,0.904044145541727,0.904044145541727,0.904044145541727
