obs_gdp,obs_hours,obs_wages,obs_gdpdeflator,obs_corepce,obs_nominalrate,obs_consumption,obs_investment,obs_BBBspread,obs_longinflation,obs_longrate,obs_tfp,obs_gdi,obs_AAAspread,obs_nominalrate1,obs_nominalrate2,obs_nominalrate3,obs_nominalrate4,obs_nominalrate5,obs_nominalrate6
0.3773588538169781,-48.04249572753906,0.3773588538169781,0.5383993946015728,0.49999999999998934,1.0349237527509603,0.3773588538169781,0.3773588538169781,0.4175917772530984,0.49999999999998934,1.0349237527509603,0.0,0.3773588538169781,0.1174310227768634,1.0349237527509603,1.0349237527509603,1.0349237527509603,1.0349237527509603,1.0349237527509603,1.0349237527509603
