obs_gdp,obs_hours,obs_wages,obs_gdpdeflator,obs_corepce,obs_nominalrate,obs_consumption,obs_investment,obs_BBBspread,obs_longinflation,obs_longrate,obs_tfp,obs_gdi,obs_AAAspread,obs_nominalrate1,obs_nominalrate2,obs_nominalrate3,obs_nominalrate4,obs_nominalrate5,obs_nominalrate6
0.43018617521897173,-48.41523743234708,0.43018617521897173,0.49583901408477316,0.49999999999998934,0.9043116508320903,0.43018617521897173,0.43018617521897173,0.484531289209248,0.49999999999998934,0.9043116508320903,0.0,0.43018617521897173,0.1174310227768634,0.9043116508320903,0.9043116508320903,0.9043116508320903,0.9043116508320903,0.9043116508320903,0.9043116508320903
