obs_gdp,obs_hours,obs_wages,obs_gdpdeflator,obs_corepce,obs_nominalrate,obs_consumption,obs_investment,obs_BBBspread,obs_longinflation,obs_longrate,obs_tfp,obs_gdi,obs_AAAspread,obs_nominalrate1,obs_nominalrate2,obs_nominalrate3,obs_nominalrate4,obs_nominalrate5,obs_nominalrate6
0.421658277511594,-45.107601165771484,0.421658277511594,0.490378895774473,0.49999999999998934,0.8830376411959273,0.421658277511594,0.421658277511594,0.49251090039715023,0.49999999999998934,0.8830376411959273,0.0,0.421658277511594,0.1174310227768634,0.8830376411959273,0.8830376411959273,0.8830376411959273,0.8830376411959273,0.8830376411959273,0.8830376411959273
