obs_gdp,obs_hours,obs_wages,obs_gdpdeflator,obs_corepce,obs_nominalrate,obs_consumption,obs_investment,obs_BBBspread,obs_longinflation,obs_longrate,obs_tfp,obs_gdi,obs_AAAspread,obs_nominalrate1,obs_nominalrate2,obs_nominalrate3,obs_nominalrate4,obs_nominalrate5,obs_nominalrate6
0.38872423768043785,-47.94319152832031,0.38872423768043785,0.5453701764345062,0.49999999999998934,1.0374155799653728,0.38872423768043785,0.38872423768043785,0.4181011224238316,0.49999999999998934,1.0374155799653728,0.0,0.38872423768043785,0.1174310227768634,1.0374155799653728,1.0374155799653728,1.0374155799653728,1.0374155799653728,1.0374155799653728,1.0374155799653728
