obs_gdp,obs_hours,obs_wages,obs_gdpdeflator,obs_corepce,obs_nominalrate,obs_consumption,obs_investment,obs_BBBspread,obs_longinflation,obs_longrate,obs_tfp,obs_gdi,obs_AAAspread,obs_nominalrate1,obs_nominalrate2,obs_nominalrate3,obs_nominalrate4,obs_nominalrate5,obs_nominalrate6
0.43334094393763234,-48.18042114820457,0.43334094393763234,0.4956824925964681,0.49999999999998934,0.906932539063221,0.43334094393763234,0.43334094393763234,0.4840321827865054,0.49999999999998934,0.906932539063221,0.0,0.43334094393763234,0.1174310227768634,0.906932539063221,0.906932539063221,0.906932539063221,0.906932539063221,0.906932539063221,0.906932539063221
