obs_gdp,obs_hours,obs_wages,obs_gdpdeflator,obs_corepce,obs_nominalrate,obs_consumption,obs_investment,obs_BBBspread,obs_longinflation,obs_longrate,obs_tfp,obs_gdi,obs_AAAspread,obs_nominalrate1,obs_nominalrate2,obs_nominalrate3,obs_nominalrate4,obs_nominalrate5,obs_nominalrate6
0.429754264224802,-48.43884503690396,0.429754264224802,0.49572201697755275,0.49999999999998934,0.9012397482917933,0.429754264224802,0.429754264224802,0.4846384604136885,0.49999999999998934,0.9012397482917933,0.0,0.429754264224802,0.1174310227768634,0.9012397482917933,0.9012397482917933,0.9012397482917933,0.9012397482917933,0.9012397482917933,0.9012397482917933
