obs_gdp,obs_hours,obs_wages,obs_gdpdeflator,obs_corepce,obs_nominalrate,obs_consumption,obs_investment,obs_BBBspread,obs_longinflation,obs_longrate,obs_tfp,obs_gdi,obs_AAAspread,obs_nominalrate1,obs_nominalrate2,obs_nominalrate3,obs_nominalrate4,obs_nominalrate5,obs_nominalrate6
0.37354463338852284,-48.240116119384766,0.37354463338852284,0.5391302108764542,0.49999999999998934,1.0251289728305801,0.37354463338852284,0.37354463338852284,0.430430176289597,0.49999999999998934,1.0251289728305801,0.0,0.37354463338852284,0.1174310227768634,1.0251289728305801,1.0251289728305801,1.0251289728305801,1.0251289728305801,1.0251289728305801,1.0251289728305801
