obs_gdp,obs_hours,obs_wages,obs_gdpdeflator,obs_corepce,obs_nominalrate,obs_consumption,obs_investment,obs_BBBspread,obs_longinflation,obs_longrate,obs_tfp,obs_gdi,obs_AAAspread,obs_nominalrate1,obs_nominalrate2,obs_nominalrate3,obs_nominalrate4,obs_nominalrate5,obs_nominalrate6
0.4279734399232682,-48.58040875379583,0.4279734399232682,0.4958987428854902,0.49999999999998934,0.8994571713689448,0.4279734399232682,0.4279734399232682,0.4855846190067644,0.49999999999998934,0.8994571713689448,0.0,0.4279734399232682,0.1174310227768634,0.8994571713689448,0.8994571713689448,0.8994571713689448,0.8994571713689448,0.8994571713689448,0.8994571713689448
