obs_gdp,obs_hours,obs_wages,obs_gdpdeflator,obs_corepce,obs_nominalrate,obs_consumption,obs_investment,obs_BBBspread,obs_longinflation,obs_longrate,obs_tfp,obs_gdi,obs_AAAspread,obs_nominalrate1,obs_nominalrate2,obs_nominalrate3,obs_nominalrate4,obs_nominalrate5,obs_nominalrate6
0.3622587323188764,-48.54656219482422,0.3622587323188764,0.5418376661836994,0.49999999999998934,1.0198437946244754,0.3622587323188764,0.3622587323188764,0.42252040937314883,0.49999999999998934,1.0198437946244754,0.0,0.3622587323188764,0.1174310227768634,1.0198437946244754,1.0198437946244754,1.0198437946244754,1.0198437946244754,1.0198437946244754,1.0198437946244754
