obs_gdp,obs_hours,obs_wages,obs_gdpdeflator,obs_corepce,obs_nominalrate,obs_consumption,obs_investment,obs_BBBspread,obs_longinflation,obs_longrate,obs_tfp,obs_gdi,obs_AAAspread,obs_nominalrate1,obs_nominalrate2,obs_nominalrate3,obs_nominalrate4,obs_nominalrate5,obs_nominalrate6
0.3599678874015799,-48.688507080078125,0.3599678874015799,0.5379205867648018,0.49999999999998934,1.0094839006919765,0.3599678874015799,0.3599678874015799,0.4207471589588233,0.49999999999998934,1.0094839006919765,0.0,0.3599678874015799,0.1174310227768634,1.0094839006919765,1.0094839006919765,1.0094839006919765,1.0094839006919765,1.0094839006919765,1.0094839006919765
