obs_gdp,obs_hours,obs_wages,obs_gdpdeflator,obs_corepce,obs_nominalrate,obs_consumption,obs_investment,obs_BBBspread,obs_longinflation,obs_longrate,obs_tfp,obs_gdi,obs_AAAspread,obs_nominalrate1,obs_nominalrate2,obs_nominalrate3,obs_nominalrate4,obs_nominalrate5,obs_nominalrate6
0.42503268383768944,-48.76178776625119,0.42503268383768944,0.49625838663986865,0.49999999999998934,0.8929960684110894,0.42503268383768944,0.42503268383768944,0.4845852599417029,0.49999999999998934,0.8929960684110894,0.0,0.42503268383768944,0.1174310227768634,0.8929960684110894,0.8929960684110894,0.8929960684110894,0.8929960684110894,0.8929960684110894,0.8929960684110894
