obs_gdp,obs_hours,obs_wages,obs_gdpdeflator,obs_corepce,obs_nominalrate,obs_consumption,obs_investment,obs_BBBspread,obs_longinflation,obs_longrate,obs_tfp,obs_gdi,obs_AAAspread,obs_nominalrate1,obs_nominalrate2,obs_nominalrate3,obs_nominalrate4,obs_nominalrate5,obs_nominalrate6
0.4330931474465727,-48.2042214971284,0.4330931474465727,0.4962125905244749,0.49999999999998934,0.9024187790803495,0.4330931474465727,0.4330931474465727,0.48259262002685,0.49999999999998934,0.9024187790803495,0.0,0.4330931474465727,0.1174310227768634,0.9024187790803495,0.9024187790803495,0.9024187790803495,0.9024187790803495,0.9024187790803495,0.9024187790803495
