obs_gdp,obs_hours,obs_wages,obs_gdpdeflator,obs_corepce,obs_nominalrate,obs_consumption,obs_investment,obs_BBBspread,obs_longinflation,obs_longrate,obs_tfp,obs_gdi,obs_AAAspread,obs_nominalrate1,obs_nominalrate2,obs_nominalrate3,obs_nominalrate4,obs_nominalrate5,obs_nominalrate6
0.43385338655430594,-48.225066932034935,0.43385338655430594,0.49664280149087114,0.49999999999998934,0.9029577891366714,0.43385338655430594,0.43385338655430594,0.48246569434033193,0.49999999999998934,0.9029577891366714,0.0,0.43385338655430594,0.1174310227768634,0.9029577891366714,0.9029577891366714,0.9029577891366714,0.9029577891366714,0.9029577891366714,0.9029577891366714
