obs_gdp,obs_hours,obs_wages,obs_gdpdeflator,obs_corepce,obs_nominalrate,obs_consumption,obs_investment,obs_BBBspread,obs_longinflation,obs_longrate,obs_tfp,obs_gdi,obs_AAAspread,obs_nominalrate1,obs_nominalrate2,obs_nominalrate3,obs_nominalrate4,obs_nominalrate5,obs_nominalrate6
0.3579810559749541,-48.624568939208984,0.3579810559749541,0.5306869447231186,0.49999999999998934,1.0290464800665422,0.3579810559749541,0.3579810559749541,0.41674699865573844,0.49999999999998934,1.0290464800665422,0.0,0.3579810559749541,0.1174310227768634,1.0290464800665422,1.0290464800665422,1.0290464800665422,1.0290464800665422,1.0290464800665422,1.0290464800665422
