obs_gdp,obs_hours,obs_wages,obs_gdpdeflator,obs_corepce,obs_nominalrate,obs_consumption,obs_investment,obs_BBBspread,obs_longinflation,obs_longrate,obs_tfp,obs_gdi,obs_AAAspread,obs_nominalrate1,obs_nominalrate2,obs_nominalrate3,obs_nominalrate4,obs_nominalrate5,obs_nominalrate6
0.433291934791602,-48.3171921399352,0.433291934791602,0.49653740988364936,0.49999999999998934,0.9005363914433628,0.433291934791602,0.433291934791602,0.4824357901642953,0.49999999999998934,0.9005363914433628,0.0,0.433291934791602,0.1174310227768634,0.9005363914433628,0.9005363914433628,0.9005363914433628,0.9005363914433628,0.9005363914433628,0.9005363914433628
