obs_gdp,obs_hours,obs_wages,obs_gdpdeflator,obs_corepce,obs_nominalrate,obs_consumption,obs_investment,obs_BBBspread,obs_longinflation,obs_longrate,obs_tfp,obs_gdi,obs_AAAspread,obs_nominalrate1,obs_nominalrate2,obs_nominalrate3,obs_nominalrate4,obs_nominalrate5,obs_nominalrate6
0.3586620092391968,-48.55295944213867,0.3586620092391968,0.5398477129638088,0.49999999999998934,1.0495541046370294,0.3586620092391968,0.3586620092391968,0.41065721461626065,0.49999999999998934,1.0495541046370294,0.0,0.3586620092391968,0.1174310227768634,1.0495541046370294,1.0495541046370294,1.0495541046370294,1.0495541046370294,1.0495541046370294,1.0495541046370294
