obs_gdp,obs_hours,obs_wages,obs_gdpdeflator,obs_corepce,obs_nominalrate,obs_consumption,obs_investment,obs_BBBspread,obs_longinflation,obs_longrate,obs_tfp,obs_gdi,obs_AAAspread,obs_nominalrate1,obs_nominalrate2,obs_nominalrate3,obs_nominalrate4,obs_nominalrate5,obs_nominalrate6
0.4274630969793414,-48.7084929868755,0.4274630969793414,0.49649000305502133,0.49999999999998934,0.8929155510606357,0.4274630969793414,0.4274630969793414,0.4827879565417251,0.49999999999998934,0.8929155510606357,0.0,0.4274630969793414,0.1174310227768634,0.8929155510606357,0.8929155510606357,0.8929155510606357,0.8929155510606357,0.8929155510606357,0.8929155510606357
