obs_gdp,obs_hours,obs_wages,obs_gdpdeflator,obs_corepce,obs_nominalrate,obs_consumption,obs_investment,obs_BBBspread,obs_longinflation,obs_longrate,obs_tfp,obs_gdi,obs_AAAspread,obs_nominalrate1,obs_nominalrate2,obs_nominalrate3,obs_nominalrate4,obs_nominalrate5,obs_nominalrate6
0.4320584406329875,-46.777403055254844,0.4320584406329875,0.4936560040789828,0.49999999999998934,0.9280141209910608,0.4320584406329875,0.4320584406329875,0.4690601003233644,0.49999999999998934,0.9280141209910608,0.0,0.4320584406329875,0.1174310227768634,0.9280141209910608,0.9280141209910608,0.9280141209910608,0.9280141209910608,0.9280141209910608,0.9280141209910608
