obs_gdp,obs_hours,obs_wages,obs_gdpdeflator,obs_corepce,obs_nominalrate,obs_consumption,obs_investment,obs_BBBspread,obs_longinflation,obs_longrate,obs_tfp,obs_gdi,obs_AAAspread,obs_nominalrate1,obs_nominalrate2,obs_nominalrate3,obs_nominalrate4,obs_nominalrate5,obs_nominalrate6
0.424157679080972,-44.95526885986328,0.424157679080972,0.4865554012358082,0.49999999999998934,0.8986090224454957,0.424157679080972,0.424157679080972,0.4907752974296654,0.49999999999998934,0.8986090224454957,0.0,0.424157679080972,0.1174310227768634,0.8986090224454957,0.8986090224454957,0.8986090224454957,0.8986090224454957,0.8986090224454957,0.8986090224454957
