obs_gdp,obs_hours,obs_wages,obs_gdpdeflator,obs_corepce,obs_nominalrate,obs_consumption,obs_investment,obs_BBBspread,obs_longinflation,obs_longrate,obs_tfp,obs_gdi,obs_AAAspread,obs_nominalrate1,obs_nominalrate2,obs_nominalrate3,obs_nominalrate4,obs_nominalrate5,obs_nominalrate6
0.34152546525001437,-49.12926483154297,0.34152546525001437,0.5359654650092018,0.49999999999998934,1.0180479743506332,0.34152546525001437,0.34152546525001437,0.4095366769873964,0.49999999999998934,1.0180479743506332,0.0,0.34152546525001437,0.1174310227768634,1.0180479743506332,1.0180479743506332,1.0180479743506332,1.0180479743506332,1.0180479743506332,1.0180479743506332
