obs_gdp,obs_hours,obs_wages,obs_gdpdeflator,obs_corepce,obs_nominalrate,obs_consumption,obs_investment,obs_BBBspread,obs_longinflation,obs_longrate,obs_tfp,obs_gdi,obs_AAAspread,obs_nominalrate1,obs_nominalrate2,obs_nominalrate3,obs_nominalrate4,obs_nominalrate5,obs_nominalrate6
0.42421759661106506,-48.98903084275032,0.42421759661106506,0.49655512508596344,0.49999999999998934,0.888195053462626,0.42421759661106506,0.42421759661106506,0.48295545830123743,0.49999999999998934,0.888195053462626,0.0,0.42421759661106506,0.1174310227768634,0.888195053462626,0.888195053462626,0.888195053462626,0.888195053462626,0.888195053462626,0.888195053462626
