obs_gdp,obs_hours,obs_wages,obs_gdpdeflator,obs_corepce,obs_nominalrate,obs_consumption,obs_investment,obs_BBBspread,obs_longinflation,obs_longrate,obs_tfp,obs_gdi,obs_AAAspread,obs_nominalrate1,obs_nominalrate2,obs_nominalrate3,obs_nominalrate4,obs_nominalrate5,obs_nominalrate6
0.33810141682624195,-49.046180725097656,0.33810141682624195,0.5383752547204388,0.49999999999998934,1.0097394344798172,0.33810141682624195,0.33810141682624195,0.41090951544606347,0.49999999999998934,1.0097394344798172,0.0,0.33810141682624195,0.1174310227768634,1.0097394344798172,1.0097394344798172,1.0097394344798172,1.0097394344798172,1.0097394344798172,1.0097394344798172
