obs_gdp,obs_hours,obs_wages,obs_gdpdeflator,obs_corepce,obs_nominalrate,obs_consumption,obs_investment,obs_BBBspread,obs_longinflation,obs_longrate,obs_tfp,obs_gdi,obs_AAAspread,obs_nominalrate1,obs_nominalrate2,obs_nominalrate3,obs_nominalrate4,obs_nominalrate5,obs_nominalrate6
0.3256139159202531,-49.4235954284668,0.3256139159202531,0.5392853505909336,0.49999999999998934,0.9899565803305865,0.3256139159202531,0.3256139159202531,0.4156508268301655,0.49999999999998934,0.9899565803305865,0.0,0.3256139159202531,0.1174310227768634,0.9899565803305865,0.9899565803305865,0.9899565803305865,0.9899565803305865,0.9899565803305865,0.9899565803305865
