obs_gdp,obs_hours,obs_wages,obs_gdpdeflator,obs_corepce,obs_nominalrate,obs_consumption,obs_investment,obs_BBBspread,obs_longinflation,obs_longrate,obs_tfp,obs_gdi,obs_AAAspread,obs_nominalrate1,obs_nominalrate2,obs_nominalrate3,obs_nominalrate4,obs_nominalrate5,obs_nominalrate6
0.41960979972264223,-49.31243360941531,0.41960979972264223,0.4965887164407641,0.49999999999998934,0.8848048899260164,0.41960979972264223,0.41960979972264223,0.4832065036545285,0.49999999999998934,0.8848048899260164,0.0,0.41960979972264223,0.1174310227768634,0.8848048899260164,0.8848048899260164,0.8848048899260164,0.8848048899260164,0.8848048899260164,0.8848048899260164
