obs_gdp,obs_hours,obs_wages,obs_gdpdeflator,obs_corepce,obs_nominalrate,obs_consumption,obs_investment,obs_BBBspread,obs_longinflation,obs_longrate,obs_tfp,obs_gdi,obs_AAAspread,obs_nominalrate1,obs_nominalrate2,obs_nominalrate3,obs_nominalrate4,obs_nominalrate5,obs_nominalrate6
0.33502534031868425,-49.213504791259766,0.33502534031868425,0.5358864068984879,0.49999999999998934,1.0051482162172887,0.33502534031868425,0.33502534031868425,0.4142369549045145,0.49999999999998934,1.0051482162172887,0.0,0.33502534031868425,0.1174310227768634,1.0051482162172887,1.0051482162172887,1.0051482162172887,1.0051482162172887,1.0051482162172887,1.0051482162172887
