obs_gdp,obs_hours,obs_wages,obs_gdpdeflator,obs_corepce,obs_nominalrate,obs_consumption,obs_investment,obs_BBBspread,obs_longinflation,obs_longrate,obs_tfp,obs_gdi,obs_AAAspread,obs_nominalrate1,obs_nominalrate2,obs_nominalrate3,obs_nominalrate4,obs_nominalrate5,obs_nominalrate6
0.4204606175239656,-49.25085625491402,0.4204606175239656,0.4964578837412823,0.49999999999998934,0.8862644991858293,0.4204606175239656,0.4204606175239656,0.48218489777284745,0.49999999999998934,0.8862644991858293,0.0,0.4204606175239656,0.1174310227768634,0.8862644991858293,0.8862644991858293,0.8862644991858293,0.8862644991858293,0.8862644991858293,0.8862644991858293
