obs_gdp,obs_hours,obs_wages,obs_gdpdeflator,obs_corepce,obs_nominalrate,obs_consumption,obs_investment,obs_BBBspread,obs_longinflation,obs_longrate,obs_tfp,obs_gdi,obs_AAAspread,obs_nominalrate1,obs_nominalrate2,obs_nominalrate3,obs_nominalrate4,obs_nominalrate5,obs_nominalrate6
0.42117099083178733,-49.15795852817631,0.42117099083178733,0.49654886463343084,0.49999999999998934,0.8866396584272795,0.42117099083178733,0.42117099083178733,0.4826237525833672,0.49999999999998934,0.8866396584272795,0.0,0.42117099083178733,0.1174310227768634,0.8866396584272795,0.8866396584272795,0.8866396584272795,0.8866396584272795,0.8866396584272795,0.8866396584272795
