obs_gdp,obs_hours,obs_wages,obs_gdpdeflator,obs_corepce,obs_nominalrate,obs_consumption,obs_investment,obs_BBBspread,obs_longinflation,obs_longrate,obs_tfp,obs_gdi,obs_AAAspread,obs_nominalrate1,obs_nominalrate2,obs_nominalrate3,obs_nominalrate4,obs_nominalrate5,obs_nominalrate6
0.3359246850013653,-49.07180404663086,0.3359246850013653,0.545617260038842,0.49999999999998934,1.0126187436210188,0.3359246850013653,0.3359246850013653,0.40914399112945865,0.49999999999998934,1.0126187436210188,0.0,0.3359246850013653,0.1174310227768634,1.0126187436210188,1.0126187436210188,1.0126187436210188,1.0126187436210188,1.0126187436210188,1.0126187436210188
