obs_gdp,obs_hours,obs_wages,obs_gdpdeflator,obs_corepce,obs_nominalrate,obs_consumption,obs_investment,obs_BBBspread,obs_longinflation,obs_longrate,obs_tfp,obs_gdi,obs_AAAspread,obs_nominalrate1,obs_nominalrate2,obs_nominalrate3,obs_nominalrate4,obs_nominalrate5,obs_nominalrate6
0.4275603883524326,-48.62906401546185,0.4275603883524326,0.4963261528734455,0.49999999999998934,0.8900944249164322,0.4275603883524326,0.4275603883524326,0.48292044446451715,0.49999999999998934,0.8900944249164322,0.0,0.4275603883524326,0.1174310227768634,0.8900944249164322,0.8900944249164322,0.8900944249164322,0.8900944249164322,0.8900944249164322,0.8900944249164322
