obs_gdp,obs_hours,obs_wages,obs_gdpdeflator,obs_corepce,obs_nominalrate,obs_consumption,obs_investment,obs_BBBspread,obs_longinflation,obs_longrate,obs_tfp,obs_gdi,obs_AAAspread,obs_nominalrate1,obs_nominalrate2,obs_nominalrate3,obs_nominalrate4,obs_nominalrate5,obs_nominalrate6
0.3347351253032649,-48.71718978881836,0.3347351253032649,0.5411994680762184,0.49999999999998934,1.059040397378963,0.3347351253032649,0.3347351253032649,0.4128389190906623,0.49999999999998934,1.059040397378963,0.0,0.3347351253032649,0.1174310227768634,1.059040397378963,1.059040397378963,1.059040397378963,1.059040397378963,1.059040397378963,1.059040397378963
