obs_gdp,obs_hours,obs_wages,obs_gdpdeflator,obs_corepce,obs_nominalrate,obs_consumption,obs_investment,obs_BBBspread,obs_longinflation,obs_longrate,obs_tfp,obs_gdi,obs_AAAspread,obs_nominalrate1,obs_nominalrate2,obs_nominalrate3,obs_nominalrate4,obs_nominalrate5,obs_nominalrate6
0.44071871214264036,-47.67432845883645,0.44071871214264036,0.49683327709672565,0.49999999999998934,0.9046992210717697,0.44071871214264036,0.44071871214264036,0.48287546264950654,0.49999999999998934,0.9046992210717697,0.0,0.44071871214264036,0.1174310227768634,0.9046992210717697,0.9046992210717697,0.9046992210717697,0.9046992210717697,0.9046992210717697,0.9046992210717697
