obs_gdp,obs_hours,obs_wages,obs_gdpdeflator,obs_corepce,obs_nominalrate,obs_consumption,obs_investment,obs_BBBspread,obs_longinflation,obs_longrate,obs_tfp,obs_gdi,obs_AAAspread,obs_nominalrate1,obs_nominalrate2,obs_nominalrate3,obs_nominalrate4,obs_nominalrate5,obs_nominalrate6
0.4378894718606974,-47.83610720925104,0.4378894718606974,0.49703241973328105,0.49999999999998934,0.9018373899941201,0.4378894718606974,0.4378894718606974,0.4831161712991555,0.49999999999998934,0.9018373899941201,0.0,0.4378894718606974,0.1174310227768634,0.9018373899941201,0.9018373899941201,0.9018373899941201,0.9018373899941201,0.9018373899941201,0.9018373899941201
