obs_gdp,obs_hours,obs_wages,obs_gdpdeflator,obs_corepce,obs_nominalrate,obs_consumption,obs_investment,obs_BBBspread,obs_longinflation,obs_longrate,obs_tfp,obs_gdi,obs_AAAspread,obs_nominalrate1,obs_nominalrate2,obs_nominalrate3,obs_nominalrate4,obs_nominalrate5,obs_nominalrate6
0.34202149510382807,-48.80698013305664,0.34202149510382807,0.5353030972182644,0.49999999999998934,1.0959470372668534,0.34202149510382807,0.34202149510382807,0.41166982817025105,0.49999999999998934,1.0959470372668534,0.0,0.34202149510382807,0.1174310227768634,1.0959470372668534,1.0959470372668534,1.0959470372668534,1.0959470372668534,1.0959470372668534,1.0959470372668534
