obs_gdp,obs_hours,obs_wages,obs_gdpdeflator,obs_corepce,obs_nominalrate,obs_consumption,obs_investment,obs_BBBspread,obs_longinflation,obs_longrate,obs_tfp,obs_gdi,obs_AAAspread,obs_nominalrate1,obs_nominalrate2,obs_nominalrate3,obs_nominalrate4,obs_nominalrate5,obs_nominalrate6
0.416745424270637,-45.07665252685547,0.416745424270637,0.48450357187538273,0.49999999999998934,0.8838789886239429,0.416745424270637,0.416745424270637,0.4840020789252898,0.49999999999998934,0.8838789886239429,0.0,0.416745424270637,0.1174310227768634,0.8838789886239429,0.8838789886239429,0.8838789886239429,0.8838789886239429,0.8838789886239429,0.8838789886239429
