obs_gdp,obs_hours,obs_wages,obs_gdpdeflator,obs_corepce,obs_nominalrate,obs_consumption,obs_investment,obs_BBBspread,obs_longinflation,obs_longrate,obs_tfp,obs_gdi,obs_AAAspread,obs_nominalrate1,obs_nominalrate2,obs_nominalrate3,obs_nominalrate4,obs_nominalrate5,obs_nominalrate6
0.42584916949177654,-47.20678811889345,0.42584916949177654,0.49369842076705234,0.49999999999998934,0.9221866084496266,0.42584916949177654,0.42584916949177654,0.4695751315860769,0.49999999999998934,0.9221866084496266,0.0,0.42584916949177654,0.1174310227768634,0.9221866084496266,0.9221866084496266,0.9221866084496266,0.9221866084496266,0.9221866084496266,0.9221866084496266
