obs_gdp,obs_hours,obs_wages,obs_gdpdeflator,obs_corepce,obs_nominalrate,obs_consumption,obs_investment,obs_BBBspread,obs_longinflation,obs_longrate,obs_tfp,obs_gdi,obs_AAAspread,obs_nominalrate1,obs_nominalrate2,obs_nominalrate3,obs_nominalrate4,obs_nominalrate5,obs_nominalrate6
0.3949234187603068,-47.11429977416992,0.3949234187603068,0.49125571269540913,0.49999999999998934,0.8319061299405073,0.3949234187603068,0.3949234187603068,0.5128299076313939,0.49999999999998934,0.8319061299405073,0.0,0.3949234187603068,0.1174310227768634,0.8319061299405073,0.8319061299405073,0.8319061299405073,0.8319061299405073,0.8319061299405073,0.8319061299405073
