obs_gdp,obs_hours,obs_wages,obs_gdpdeflator,obs_corepce,obs_nominalrate,obs_consumption,obs_investment,obs_BBBspread,obs_longinflation,obs_longrate,obs_tfp,obs_gdi,obs_AAAspread,obs_nominalrate1,obs_nominalrate2,obs_nominalrate3,obs_nominalrate4,obs_nominalrate5,obs_nominalrate6
0.4289533731759443,-47.44612826185898,0.4289533731759443,0.4944824901363613,0.49999999999998934,0.9297432428298613,0.4289533731759443,0.4289533731759443,0.4652320351098499,0.49999999999998934,0.9297432428298613,0.0,0.4289533731759443,0.1174310227768634,0.9297432428298613,0.9297432428298613,0.9297432428298613,0.9297432428298613,0.9297432428298613,0.9297432428298613
