obs_gdp,obs_hours,obs_wages,obs_gdpdeflator,obs_corepce,obs_nominalrate,obs_consumption,obs_investment,obs_BBBspread,obs_longinflation,obs_longrate,obs_tfp,obs_gdi,obs_AAAspread,obs_nominalrate1,obs_nominalrate2,obs_nominalrate3,obs_nominalrate4,obs_nominalrate5,obs_nominalrate6
0.33736312389374135,-48.738285064697266,0.33736312389374135,0.5357800088822735,0.49999999999998934,1.0891066355893209,0.33736312389374135,0.33736312389374135,0.4122808906326117,0.49999999999998934,1.0891066355893209,0.0,0.33736312389374135,0.1174310227768634,1.0891066355893209,1.0891066355893209,1.0891066355893209,1.0891066355893209,1.0891066355893209,1.0891066355893209
