obs_gdp,obs_hours,obs_wages,obs_gdpdeflator,obs_corepce,obs_nominalrate,obs_consumption,obs_investment,obs_BBBspread,obs_longinflation,obs_longrate,obs_tfp,obs_gdi,obs_AAAspread,obs_nominalrate1,obs_nominalrate2,obs_nominalrate3,obs_nominalrate4,obs_nominalrate5,obs_nominalrate6
0.3373920321464441,-48.848785400390625,0.3373920321464441,0.5404161289334191,0.49999999999998934,1.0919466155301816,0.3373920321464441,0.3373920321464441,0.4055383111979426,0.49999999999998934,1.0919466155301816,0.0,0.3373920321464441,0.1174310227768634,1.0919466155301816,1.0919466155301816,1.0919466155301816,1.0919466155301816,1.0919466155301816,1.0919466155301816
