obs_gdp,obs_hours,obs_wages,obs_gdpdeflator,obs_corepce,obs_nominalrate,obs_consumption,obs_investment,obs_BBBspread,obs_longinflation,obs_longrate,obs_tfp,obs_gdi,obs_AAAspread,obs_nominalrate1,obs_nominalrate2,obs_nominalrate3,obs_nominalrate4,obs_nominalrate5,obs_nominalrate6
0.34582629799841946,-48.781578063964844,0.34582629799841946,0.5356564857065571,0.49999999999998934,1.112618133853993,0.34582629799841946,0.34582629799841946,0.40129063277626914,0.49999999999998934,1.112618133853993,0.0,0.34582629799841946,0.1174310227768634,1.112618133853993,1.112618133853993,1.112618133853993,1.112618133853993,1.112618133853993,1.112618133853993
