obs_gdp,obs_hours,obs_wages,obs_gdpdeflator,obs_corepce,obs_nominalrate,obs_consumption,obs_investment,obs_BBBspread,obs_longinflation,obs_longrate,obs_tfp,obs_gdi,obs_AAAspread,obs_nominalrate1,obs_nominalrate2,obs_nominalrate3,obs_nominalrate4,obs_nominalrate5,obs_nominalrate6
0.45342395062226704,-46.606310328839314,0.45342395062226704,0.49769295484903786,0.49999999999998934,0.9125155470110391,0.45342395062226704,0.45342395062226704,0.48266380347643584,0.49999999999998934,0.9125155470110391,0.0,0.45342395062226704,0.1174310227768634,0.9125155470110391,0.9125155470110391,0.9125155470110391,0.9125155470110391,0.9125155470110391,0.9125155470110391
