obs_gdp,obs_hours,obs_wages,obs_gdpdeflator,obs_corepce,obs_nominalrate,obs_consumption,obs_investment,obs_BBBspread,obs_longinflation,obs_longrate,obs_tfp,obs_gdi,obs_AAAspread,obs_nominalrate1,obs_nominalrate2,obs_nominalrate3,obs_nominalrate4,obs_nominalrate5,obs_nominalrate6
0.4518369506281372,-46.701678657951284,0.4518369506281372,0.4975380636894629,0.49999999999998934,0.9090935861305383,0.4518369506281372,0.4518369506281372,0.4830254104071031,0.49999999999998934,0.9090935861305383,0.0,0.4518369506281372,0.1174310227768634,0.9090935861305383,0.9090935861305383,0.9090935861305383,0.9090935861305383,0.9090935861305383,0.9090935861305383
