obs_gdp,obs_hours,obs_wages,obs_gdpdeflator,obs_corepce,obs_nominalrate,obs_consumption,obs_investment,obs_BBBspread,obs_longinflation,obs_longrate,obs_tfp,obs_gdi,obs_AAAspread,obs_nominalrate1,obs_nominalrate2,obs_nominalrate3,obs_nominalrate4,obs_nominalrate5,obs_nominalrate6
0.3240356147289347,-49.17471694946289,0.3240356147289347,0.5343427509069336,0.49999999999998934,1.1038384839896276,0.3240356147289347,0.3240356147289347,0.38907978937298704,0.49999999999998934,1.1038384839896276,0.0,0.3240356147289347,0.1174310227768634,1.1038384839896276,1.1038384839896276,1.1038384839896276,1.1038384839896276,1.1038384839896276,1.1038384839896276
