obs_gdp,obs_hours,obs_wages,obs_gdpdeflator,obs_corepce,obs_nominalrate,obs_consumption,obs_investment,obs_BBBspread,obs_longinflation,obs_longrate,obs_tfp,obs_gdi,obs_AAAspread,obs_nominalrate1,obs_nominalrate2,obs_nominalrate3,obs_nominalrate4,obs_nominalrate5,obs_nominalrate6
0.45539613231426745,-46.498653986799006,0.45539613231426745,0.49745805787423575,0.49999999999998934,0.9131723682537896,0.45539613231426745,0.45539613231426745,0.4829368641972671,0.49999999999998934,0.9131723682537896,0.0,0.45539613231426745,0.1174310227768634,0.9131723682537896,0.9131723682537896,0.9131723682537896,0.9131723682537896,0.9131723682537896,0.9131723682537896
