obs_gdp,obs_hours,obs_wages,obs_gdpdeflator,obs_corepce,obs_nominalrate,obs_consumption,obs_investment,obs_BBBspread,obs_longinflation,obs_longrate,obs_tfp,obs_gdi,obs_AAAspread,obs_nominalrate1,obs_nominalrate2,obs_nominalrate3,obs_nominalrate4,obs_nominalrate5,obs_nominalrate6
0.3441030383110055,-48.43517303466797,0.3441030383110055,0.531654451042403,0.49999999999998934,1.1218031844197451,0.3441030383110055,0.3441030383110055,0.3938507598180931,0.49999999999998934,1.1218031844197451,0.0,0.3441030383110055,0.1174310227768634,1.1218031844197451,1.1218031844197451,1.1218031844197451,1.1218031844197451,1.1218031844197451,1.1218031844197451
