obs_gdp,obs_hours,obs_wages,obs_gdpdeflator,obs_corepce,obs_nominalrate,obs_consumption,obs_investment,obs_BBBspread,obs_longinflation,obs_longrate,obs_tfp,obs_gdi,obs_AAAspread,obs_nominalrate1,obs_nominalrate2,obs_nominalrate3,obs_nominalrate4,obs_nominalrate5,obs_nominalrate6
0.450271583964601,-46.81986456273994,0.450271583964601,0.4976539149485882,0.49999999999998934,0.9072633552399179,0.450271583964601,0.450271583964601,0.4823605589452034,0.49999999999998934,0.9072633552399179,0.0,0.450271583964601,0.1174310227768634,0.9072633552399179,0.9072633552399179,0.9072633552399179,0.9072633552399179,0.9072633552399179,0.9072633552399179
