obs_gdp,obs_hours,obs_wages,obs_gdpdeflator,obs_corepce,obs_nominalrate,obs_consumption,obs_investment,obs_BBBspread,obs_longinflation,obs_longrate,obs_tfp,obs_gdi,obs_AAAspread,obs_nominalrate1,obs_nominalrate2,obs_nominalrate3,obs_nominalrate4,obs_nominalrate5,obs_nominalrate6
0.40351077914237976,-45.259437561035156,0.40351077914237976,0.4834005385637177,0.49999999999998934,0.8619757065030598,0.40351077914237976,0.40351077914237976,0.4846061349083385,0.49999999999998934,0.8619757065030598,0.0,0.40351077914237976,0.1174310227768634,0.8619757065030598,0.8619757065030598,0.8619757065030598,0.8619757065030598,0.8619757065030598,0.8619757065030598
