obs_gdp,obs_hours,obs_wages,obs_gdpdeflator,obs_corepce,obs_nominalrate,obs_consumption,obs_investment,obs_BBBspread,obs_longinflation,obs_longrate,obs_tfp,obs_gdi,obs_AAAspread,obs_nominalrate1,obs_nominalrate2,obs_nominalrate3,obs_nominalrate4,obs_nominalrate5,obs_nominalrate6
0.4269729514135623,-47.12575033139012,0.4269729514135623,0.4937910020730118,0.49999999999998934,0.9233801209201475,0.4269729514135623,0.4269729514135623,0.46995411275236787,0.49999999999998934,0.9233801209201475,0.0,0.4269729514135623,0.1174310227768634,0.9233801209201475,0.9233801209201475,0.9233801209201475,0.9233801209201475,0.9233801209201475,0.9233801209201475
