obs_gdp,obs_hours,obs_wages,obs_gdpdeflator,obs_corepce,obs_nominalrate,obs_consumption,obs_investment,obs_BBBspread,obs_longinflation,obs_longrate,obs_tfp,obs_gdi,obs_AAAspread,obs_nominalrate1,obs_nominalrate2,obs_nominalrate3,obs_nominalrate4,obs_nominalrate5,obs_nominalrate6
0.34361812472343267,-49.05229187011719,0.34361812472343267,0.5243921112269057,0.49999999999998934,1.1200067135030523,0.34361812472343267,0.34361812472343267,0.3957233425744683,0.49999999999998934,1.1200067135030523,0.0,0.34361812472343267,0.1174310227768634,1.1200067135030523,1.1200067135030523,1.1200067135030523,1.1200067135030523,1.1200067135030523,1.1200067135030523
