obs_gdp,obs_hours,obs_wages,obs_gdpdeflator,obs_corepce,obs_nominalrate,obs_consumption,obs_investment,obs_BBBspread,obs_longinflation,obs_longrate,obs_tfp,obs_gdi,obs_AAAspread,obs_nominalrate1,obs_nominalrate2,obs_nominalrate3,obs_nominalrate4,obs_nominalrate5,obs_nominalrate6
0.45242593792043095,-46.76252213673126,0.45242593792043095,0.4976498741910495,0.49999999999998934,0.9093724905409273,0.45242593792043095,0.45242593792043095,0.48254358218453924,0.49999999999998934,0.9093724905409273,0.0,0.45242593792043095,0.1174310227768634,0.9093724905409273,0.9093724905409273,0.9093724905409273,0.9093724905409273,0.9093724905409273,0.9093724905409273
