obs_gdp,obs_hours,obs_wages,obs_gdpdeflator,obs_corepce,obs_nominalrate,obs_consumption,obs_investment,obs_BBBspread,obs_longinflation,obs_longrate,obs_tfp,obs_gdi,obs_AAAspread,obs_nominalrate1,obs_nominalrate2,obs_nominalrate3,obs_nominalrate4,obs_nominalrate5,obs_nominalrate6
0.3485618531704038,-48.61936950683594,0.3485618531704038,0.5309907123446358,0.49999999999998934,1.124946505351887,0.3485618531704038,0.3485618531704038,0.39201732819163765,0.49999999999998934,1.124946505351887,0.0,0.3485618531704038,0.1174310227768634,1.124946505351887,1.124946505351887,1.124946505351887,1.124946505351887,1.124946505351887,1.124946505351887
