obs_gdp,obs_hours,obs_wages,obs_gdpdeflator,obs_corepce,obs_nominalrate,obs_consumption,obs_investment,obs_BBBspread,obs_longinflation,obs_longrate,obs_tfp,obs_gdi,obs_AAAspread,obs_nominalrate1,obs_nominalrate2,obs_nominalrate3,obs_nominalrate4,obs_nominalrate5,obs_nominalrate6
0.45822263052768264,-46.31574662040644,0.45822263052768264,0.4981045994572443,0.49999999999998934,0.9190196569434983,0.45822263052768264,0.45822263052768264,0.4816605792452064,0.49999999999998934,0.9190196569434983,0.0,0.45822263052768264,0.1174310227768634,0.9190196569434983,0.9190196569434983,0.9190196569434983,0.9190196569434983,0.9190196569434983,0.9190196569434983
