obs_gdp,obs_hours,obs_wages,obs_gdpdeflator,obs_corepce,obs_nominalrate,obs_consumption,obs_investment,obs_BBBspread,obs_longinflation,obs_longrate,obs_tfp,obs_gdi,obs_AAAspread,obs_nominalrate1,obs_nominalrate2,obs_nominalrate3,obs_nominalrate4,obs_nominalrate5,obs_nominalrate6
0.375330209732061,-48.67463302612305,0.375330209732061,0.5320705436169995,0.49999999999998934,1.1750288403852283,0.375330209732061,0.375330209732061,0.39596375301608755,0.49999999999998934,1.1750288403852283,0.0,0.375330209732061,0.1174310227768634,1.1750288403852283,1.1750288403852283,1.1750288403852283,1.1750288403852283,1.1750288403852283,1.1750288403852283
