obs_gdp,obs_hours,obs_wages,obs_gdpdeflator,obs_corepce,obs_nominalrate,obs_consumption,obs_investment,obs_BBBspread,obs_longinflation,obs_longrate,obs_tfp,obs_gdi,obs_AAAspread,obs_nominalrate1,obs_nominalrate2,obs_nominalrate3,obs_nominalrate4,obs_nominalrate5,obs_nominalrate6
0.45434452260715297,-46.50739428771382,0.45434452260715297,0.4978107939298371,0.49999999999998934,0.9127436618605822,0.45434452260715297,0.45434452260715297,0.4807047463178646,0.49999999999998934,0.9127436618605822,0.0,0.45434452260715297,0.1174310227768634,0.9127436618605822,0.9127436618605822,0.9127436618605822,0.9127436618605822,0.9127436618605822,0.9127436618605822
