obs_gdp,obs_hours,obs_wages,obs_gdpdeflator,obs_corepce,obs_nominalrate,obs_consumption,obs_investment,obs_BBBspread,obs_longinflation,obs_longrate,obs_tfp,obs_gdi,obs_AAAspread,obs_nominalrate1,obs_nominalrate2,obs_nominalrate3,obs_nominalrate4,obs_nominalrate5,obs_nominalrate6
0.4538694988490466,-46.50478766403175,0.4538694988490466,0.49786684166769163,0.49999999999998934,0.9099913415525629,0.4538694988490466,0.4538694988490466,0.4804480572232716,0.49999999999998934,0.9099913415525629,0.0,0.4538694988490466,0.1174310227768634,0.9099913415525629,0.9099913415525629,0.9099913415525629,0.9099913415525629,0.9099913415525629,0.9099913415525629
