obs_gdp,obs_hours,obs_wages,obs_gdpdeflator,obs_corepce,obs_nominalrate,obs_consumption,obs_investment,obs_BBBspread,obs_longinflation,obs_longrate,obs_tfp,obs_gdi,obs_AAAspread,obs_nominalrate1,obs_nominalrate2,obs_nominalrate3,obs_nominalrate4,obs_nominalrate5,obs_nominalrate6
0.3769453763961872,-48.85292053222656,0.3769453763961872,0.5333523526787651,0.49999999999998934,1.1776034517961387,0.3769453763961872,0.3769453763961872,0.39798141349162985,0.49999999999998934,1.1776034517961387,0.0,0.3769453763961872,0.1174310227768634,1.1776034517961387,1.1776034517961387,1.1776034517961387,1.1776034517961387,1.1776034517961387,1.1776034517961387
