obs_gdp,obs_hours,obs_wages,obs_gdpdeflator,obs_corepce,obs_nominalrate,obs_consumption,obs_investment,obs_BBBspread,obs_longinflation,obs_longrate,obs_tfp,obs_gdi,obs_AAAspread,obs_nominalrate1,obs_nominalrate2,obs_nominalrate3,obs_nominalrate4,obs_nominalrate5,obs_nominalrate6
0.4492194352843315,-46.83404646198998,0.4492194352843315,0.4978366156231116,0.49999999999998934,0.9051557646471142,0.4492194352843315,0.4492194352843315,0.48075790264159224,0.49999999999998934,0.9051557646471142,0.0,0.4492194352843315,0.1174310227768634,0.9051557646471142,0.9051557646471142,0.9051557646471142,0.9051557646471142,0.9051557646471142,0.9051557646471142
