obs_gdp,obs_hours,obs_wages,obs_gdpdeflator,obs_corepce,obs_nominalrate,obs_consumption,obs_investment,obs_BBBspread,obs_longinflation,obs_longrate,obs_tfp,obs_gdi,obs_AAAspread,obs_nominalrate1,obs_nominalrate2,obs_nominalrate3,obs_nominalrate4,obs_nominalrate5,obs_nominalrate6
0.4476309976922721,-46.96462231816854,0.4476309976922721,0.49781430045292857,0.49999999999998934,0.9023066970493598,0.4476309976922721,0.4476309976922721,0.4804043487994682,0.49999999999998934,0.9023066970493598,0.0,0.4476309976922721,0.1174310227768634,0.9023066970493598,0.9023066970493598,0.9023066970493598,0.9023066970493598,0.9023066970493598,0.9023066970493598
