obs_gdp,obs_hours,obs_wages,obs_gdpdeflator,obs_corepce,obs_nominalrate,obs_consumption,obs_investment,obs_BBBspread,obs_longinflation,obs_longrate,obs_tfp,obs_gdi,obs_AAAspread,obs_nominalrate1,obs_nominalrate2,obs_nominalrate3,obs_nominalrate4,obs_nominalrate5,obs_nominalrate6
0.3890762627124733,-48.93704605102539,0.3890762627124733,0.5387155078351391,0.49999999999998934,1.1842637588788563,0.3890762627124733,0.3890762627124733,0.4044379849725891,0.49999999999998934,1.1842637588788563,0.0,0.3890762627124733,0.1174310227768634,1.1842637588788563,1.1842637588788563,1.1842637588788563,1.1842637588788563,1.1842637588788563,1.1842637588788563
