obs_gdp,obs_hours,obs_wages,obs_gdpdeflator,obs_corepce,obs_nominalrate,obs_consumption,obs_investment,obs_BBBspread,obs_longinflation,obs_longrate,obs_tfp,obs_gdi,obs_AAAspread,obs_nominalrate1,obs_nominalrate2,obs_nominalrate3,obs_nominalrate4,obs_nominalrate5,obs_nominalrate6
0.4497714800527852,-46.807745343864426,0.4497714800527852,0.4977100577630363,0.49999999999998934,0.9075709860408399,0.4497714800527852,0.4497714800527852,0.4806793338135335,0.49999999999998934,0.9075709860408399,0.0,0.4497714800527852,0.1174310227768634,0.9075709860408399,0.9075709860408399,0.9075709860408399,0.9075709860408399,0.9075709860408399,0.9075709860408399
