obs_gdp,obs_hours,obs_wages,obs_gdpdeflator,obs_corepce,obs_nominalrate,obs_consumption,obs_investment,obs_BBBspread,obs_longinflation,obs_longrate,obs_tfp,obs_gdi,obs_AAAspread,obs_nominalrate1,obs_nominalrate2,obs_nominalrate3,obs_nominalrate4,obs_nominalrate5,obs_nominalrate6
0.41154512763024176,-48.666194915771484,0.41154512763024176,0.5449485108256233,0.49999999999998934,1.225019969086616,0.41154512763024176,0.41154512763024176,0.40763770538276733,0.49999999999998934,1.225019969086616,0.0,0.41154512763024176,0.1174310227768634,1.225019969086616,1.225019969086616,1.225019969086616,1.225019969086616,1.225019969086616,1.225019969086616
