obs_gdp,obs_hours,obs_wages,obs_gdpdeflator,obs_corepce,obs_nominalrate,obs_consumption,obs_investment,obs_BBBspread,obs_longinflation,obs_longrate,obs_tfp,obs_gdi,obs_AAAspread,obs_nominalrate1,obs_nominalrate2,obs_nominalrate3,obs_nominalrate4,obs_nominalrate5,obs_nominalrate6
0.45451823713436035,-46.47821344788388,0.45451823713436035,0.4980275562619979,0.49999999999998934,0.9122696371179684,0.45451823713436035,0.45451823713436035,0.480279532799705,0.49999999999998934,0.9122696371179684,0.0,0.45451823713436035,0.1174310227768634,0.9122696371179684,0.9122696371179684,0.9122696371179684,0.9122696371179684,0.9122696371179684,0.9122696371179684
