obs_gdp,obs_hours,obs_wages,obs_gdpdeflator,obs_corepce,obs_nominalrate,obs_consumption,obs_investment,obs_BBBspread,obs_longinflation,obs_longrate,obs_tfp,obs_gdi,obs_AAAspread,obs_nominalrate1,obs_nominalrate2,obs_nominalrate3,obs_nominalrate4,obs_nominalrate5,obs_nominalrate6
0.4572429431215941,-46.293876272609914,0.4572429431215941,0.49803330500982856,0.49999999999998934,0.9169448634458011,0.4572429431215941,0.4572429431215941,0.48057545182920436,0.49999999999998934,0.9169448634458011,0.0,0.4572429431215941,0.1174310227768634,0.9169448634458011,0.9169448634458011,0.9169448634458011,0.9169448634458011,0.9169448634458011,0.9169448634458011
