obs_gdp,obs_hours,obs_wages,obs_gdpdeflator,obs_corepce,obs_nominalrate,obs_consumption,obs_investment,obs_BBBspread,obs_longinflation,obs_longrate,obs_tfp,obs_gdi,obs_AAAspread,obs_nominalrate1,obs_nominalrate2,obs_nominalrate3,obs_nominalrate4,obs_nominalrate5,obs_nominalrate6
0.454173094316479,-46.516835039565066,0.454173094316479,0.4982278545528515,0.49999999999998934,0.9145196663862043,0.454173094316479,0.454173094316479,0.4812875271327551,0.49999999999998934,0.9145196663862043,0.0,0.454173094316479,0.1174310227768634,0.9145196663862043,0.9145196663862043,0.9145196663862043,0.9145196663862043,0.9145196663862043,0.9145196663862043
