obs_gdp,obs_hours,obs_wages,obs_gdpdeflator,obs_corepce,obs_nominalrate,obs_consumption,obs_investment,obs_BBBspread,obs_longinflation,obs_longrate,obs_tfp,obs_gdi,obs_AAAspread,obs_nominalrate1,obs_nominalrate2,obs_nominalrate3,obs_nominalrate4,obs_nominalrate5,obs_nominalrate6
0.3913942575454632,-48.712928771972656,0.3913942575454632,0.5360985994338883,0.49999999999998934,1.2205474285770235,0.3913942575454632,0.3913942575454632,0.4171223527204778,0.49999999999998934,1.2205474285770235,0.0,0.3913942575454632,0.1174310227768634,1.2205474285770235,1.2205474285770235,1.2205474285770235,1.2205474285770235,1.2205474285770235,1.2205474285770235
