obs_gdp,obs_hours,obs_wages,obs_gdpdeflator,obs_corepce,obs_nominalrate,obs_consumption,obs_investment,obs_BBBspread,obs_longinflation,obs_longrate,obs_tfp,obs_gdi,obs_AAAspread,obs_nominalrate1,obs_nominalrate2,obs_nominalrate3,obs_nominalrate4,obs_nominalrate5,obs_nominalrate6
0.453433408074555,-46.52948862008163,0.453433408074555,0.49844039246695176,0.49999999999998934,0.9136719676115623,0.453433408074555,0.453433408074555,0.48105600702520057,0.49999999999998934,0.9136719676115623,0.0,0.453433408074555,0.1174310227768634,0.9136719676115623,0.9136719676115623,0.9136719676115623,0.9136719676115623,0.9136719676115623,0.9136719676115623
