obs_gdp,obs_hours,obs_wages,obs_gdpdeflator,obs_corepce,obs_nominalrate,obs_consumption,obs_investment,obs_BBBspread,obs_longinflation,obs_longrate,obs_tfp,obs_gdi,obs_AAAspread,obs_nominalrate1,obs_nominalrate2,obs_nominalrate3,obs_nominalrate4,obs_nominalrate5,obs_nominalrate6
0.39908054471016197,-48.49356460571289,0.39908054471016197,0.53516262397169,0.49999999999998934,1.239911663325044,0.39908054471016197,0.39908054471016197,0.4162016940935493,0.49999999999998934,1.239911663325044,0.0,0.39908054471016197,0.1174310227768634,1.239911663325044,1.239911663325044,1.239911663325044,1.239911663325044,1.239911663325044,1.239911663325044
