obs_gdp,obs_hours,obs_wages,obs_gdpdeflator,obs_corepce,obs_nominalrate,obs_consumption,obs_investment,obs_BBBspread,obs_longinflation,obs_longrate,obs_tfp,obs_gdi,obs_AAAspread,obs_nominalrate1,obs_nominalrate2,obs_nominalrate3,obs_nominalrate4,obs_nominalrate5,obs_nominalrate6
0.4000191688537491,-48.158241271972656,0.4000191688537491,0.5346557237207783,0.49999999999998934,1.236557146290651,0.4000191688537491,0.4000191688537491,0.4235419877401534,0.49999999999998934,1.236557146290651,0.0,0.4000191688537491,0.1174310227768634,1.236557146290651,1.236557146290651,1.236557146290651,1.236557146290651,1.236557146290651,1.236557146290651
