obs_gdp,obs_hours,obs_wages,obs_gdpdeflator,obs_corepce,obs_nominalrate,obs_consumption,obs_investment,obs_BBBspread,obs_longinflation,obs_longrate,obs_tfp,obs_gdi,obs_AAAspread,obs_nominalrate1,obs_nominalrate2,obs_nominalrate3,obs_nominalrate4,obs_nominalrate5,obs_nominalrate6
0.45856275593392226,-46.175162300970776,0.45856275593392226,0.4984943089811049,0.49999999999998934,0.9220198116394851,0.45856275593392226,0.45856275593392226,0.4809464587875302,0.49999999999998934,0.9220198116394851,0.0,0.45856275593392226,0.1174310227768634,0.9220198116394851,0.9220198116394851,0.9220198116394851,0.9220198116394851,0.9220198116394851,0.9220198116394851
