obs_gdp,obs_hours,obs_wages,obs_gdpdeflator,obs_corepce,obs_nominalrate,obs_consumption,obs_investment,obs_BBBspread,obs_longinflation,obs_longrate,obs_tfp,obs_gdi,obs_AAAspread,obs_nominalrate1,obs_nominalrate2,obs_nominalrate3,obs_nominalrate4,obs_nominalrate5,obs_nominalrate6
0.4063360393047333,-45.5207405090332,0.4063360393047333,0.4847506266087187,0.49999999999998934,0.8573071500155738,0.4063360393047333,0.4063360393047333,0.4825349114763489,0.49999999999998934,0.8573071500155738,0.0,0.4063360393047333,0.1174310227768634,0.8573071500155738,0.8573071500155738,0.8573071500155738,0.8573071500155738,0.8573071500155738,0.8573071500155738
