obs_gdp,obs_hours,obs_wages,obs_gdpdeflator,obs_corepce,obs_nominalrate,obs_consumption,obs_investment,obs_BBBspread,obs_longinflation,obs_longrate,obs_tfp,obs_gdi,obs_AAAspread,obs_nominalrate1,obs_nominalrate2,obs_nominalrate3,obs_nominalrate4,obs_nominalrate5,obs_nominalrate6
0.3994067907333365,-48.119102478027344,0.3994067907333365,0.5333681143820179,0.49999999999998934,1.2460479963195326,0.3994067907333365,0.3994067907333365,0.4182745675485413,0.49999999999998934,1.2460479963195326,0.0,0.3994067907333365,0.1174310227768634,1.2460479963195326,1.2460479963195326,1.2460479963195326,1.2460479963195326,1.2460479963195326,1.2460479963195326
