obs_gdp,obs_hours,obs_wages,obs_gdpdeflator,obs_corepce,obs_nominalrate,obs_consumption,obs_investment,obs_BBBspread,obs_longinflation,obs_longrate,obs_tfp,obs_gdi,obs_AAAspread,obs_nominalrate1,obs_nominalrate2,obs_nominalrate3,obs_nominalrate4,obs_nominalrate5,obs_nominalrate6
0.4561685916037117,-46.397627738374254,0.4561685916037117,0.4986598726359774,0.49999999999998934,0.9191954056503748,0.4561685916037117,0.4561685916037117,0.48006848494499577,0.49999999999998934,0.9191954056503748,0.0,0.4561685916037117,0.1174310227768634,0.9191954056503748,0.9191954056503748,0.9191954056503748,0.9191954056503748,0.9191954056503748,0.9191954056503748
