obs_gdp,obs_hours,obs_wages,obs_gdpdeflator,obs_corepce,obs_nominalrate,obs_consumption,obs_investment,obs_BBBspread,obs_longinflation,obs_longrate,obs_tfp,obs_gdi,obs_AAAspread,obs_nominalrate1,obs_nominalrate2,obs_nominalrate3,obs_nominalrate4,obs_nominalrate5,obs_nominalrate6
0.45167672246286816,-46.70258184863703,0.45167672246286816,0.49907663833781746,0.49999999999998934,0.9125014769967521,0.45167672246286816,0.45167672246286816,0.48031406803958576,0.49999999999998934,0.9125014769967521,0.0,0.45167672246286816,0.1174310227768634,0.9125014769967521,0.9125014769967521,0.9125014769967521,0.9125014769967521,0.9125014769967521,0.9125014769967521
