obs_gdp,obs_hours,obs_wages,obs_gdpdeflator,obs_corepce,obs_nominalrate,obs_consumption,obs_investment,obs_BBBspread,obs_longinflation,obs_longrate,obs_tfp,obs_gdi,obs_AAAspread,obs_nominalrate1,obs_nominalrate2,obs_nominalrate3,obs_nominalrate4,obs_nominalrate5,obs_nominalrate6
0.41090559959411355,-47.63410568237305,0.41090559959411355,0.5373711548745526,0.49999999999998934,1.274827598223749,0.41090559959411355,0.41090559959411355,0.42055807075159923,0.49999999999998934,1.274827598223749,0.0,0.41090559959411355,0.1174310227768634,1.274827598223749,1.274827598223749,1.274827598223749,1.274827598223749,1.274827598223749,1.274827598223749
