obs_gdp,obs_hours,obs_wages,obs_gdpdeflator,obs_corepce,obs_nominalrate,obs_consumption,obs_investment,obs_BBBspread,obs_longinflation,obs_longrate,obs_tfp,obs_gdi,obs_AAAspread,obs_nominalrate1,obs_nominalrate2,obs_nominalrate3,obs_nominalrate4,obs_nominalrate5,obs_nominalrate6
0.39506161212921054,-47.765960693359375,0.39506161212921054,0.5334316231310261,0.49999999999998934,1.2519215927194516,0.39506161212921054,0.39506161212921054,0.42108006349310084,0.49999999999998934,1.2519215927194516,0.0,0.39506161212921054,0.1174310227768634,1.2519215927194516,1.2519215927194516,1.2519215927194516,1.2519215927194516,1.2519215927194516,1.2519215927194516
