obs_gdp,obs_hours,obs_wages,obs_gdpdeflator,obs_corepce,obs_nominalrate,obs_consumption,obs_investment,obs_BBBspread,obs_longinflation,obs_longrate,obs_tfp,obs_gdi,obs_AAAspread,obs_nominalrate1,obs_nominalrate2,obs_nominalrate3,obs_nominalrate4,obs_nominalrate5,obs_nominalrate6
0.44727813658733684,-47.019870063284166,0.44727813658733684,0.4992075953885778,0.49999999999998934,0.9089955482254108,0.44727813658733684,0.44727813658733684,0.4805596890305746,0.49999999999998934,0.9089955482254108,0.0,0.44727813658733684,0.1174310227768634,0.9089955482254108,0.9089955482254108,0.9089955482254108,0.9089955482254108,0.9089955482254108,0.9089955482254108
