obs_gdp,obs_hours,obs_wages,obs_gdpdeflator,obs_corepce,obs_nominalrate,obs_consumption,obs_investment,obs_BBBspread,obs_longinflation,obs_longrate,obs_tfp,obs_gdi,obs_AAAspread,obs_nominalrate1,obs_nominalrate2,obs_nominalrate3,obs_nominalrate4,obs_nominalrate5,obs_nominalrate6
0.451301107590818,-46.729368728574165,0.451301107590818,0.49910248680598673,0.49999999999998934,0.91314377710765,0.451301107590818,0.451301107590818,0.48090915551280117,0.49999999999998934,0.91314377710765,0.0,0.451301107590818,0.1174310227768634,0.91314377710765,0.91314377710765,0.91314377710765,0.91314377710765,0.91314377710765,0.91314377710765
