obs_gdp,obs_hours,obs_wages,obs_gdpdeflator,obs_corepce,obs_nominalrate,obs_consumption,obs_investment,obs_BBBspread,obs_longinflation,obs_longrate,obs_tfp,obs_gdi,obs_AAAspread,obs_nominalrate1,obs_nominalrate2,obs_nominalrate3,obs_nominalrate4,obs_nominalrate5,obs_nominalrate6
0.40385395288466963,-47.79338836669922,0.40385395288466963,0.5330589599907292,0.49999999999998934,1.2785311612489414,0.40385395288466963,0.40385395288466963,0.41344231994544633,0.49999999999998934,1.2785311612489414,0.0,0.40385395288466963,0.1174310227768634,1.2785311612489414,1.2785311612489414,1.2785311612489414,1.2785311612489414,1.2785311612489414,1.2785311612489414
