obs_gdp,obs_hours,obs_wages,obs_gdpdeflator,obs_corepce,obs_nominalrate,obs_consumption,obs_investment,obs_BBBspread,obs_longinflation,obs_longrate,obs_tfp,obs_gdi,obs_AAAspread,obs_nominalrate1,obs_nominalrate2,obs_nominalrate3,obs_nominalrate4,obs_nominalrate5,obs_nominalrate6
0.40091955661774037,-47.80469512939453,0.40091955661774037,0.528661681339134,0.49999999999998934,1.2876552306059441,0.40091955661774037,0.40091955661774037,0.411266146085018,0.49999999999998934,1.2876552306059441,0.0,0.40091955661774037,0.1174310227768634,1.2876552306059441,1.2876552306059441,1.2876552306059441,1.2876552306059441,1.2876552306059441,1.2876552306059441
