obs_gdp,obs_hours,obs_wages,obs_gdpdeflator,obs_corepce,obs_nominalrate,obs_consumption,obs_investment,obs_BBBspread,obs_longinflation,obs_longrate,obs_tfp,obs_gdi,obs_AAAspread,obs_nominalrate1,obs_nominalrate2,obs_nominalrate3,obs_nominalrate4,obs_nominalrate5,obs_nominalrate6
0.4513370573492548,-46.74216833308569,0.4513370573492548,0.4993569953501616,0.49999999999998934,0.9134782493725124,0.4513370573492548,0.4513370573492548,0.4802281532585176,0.49999999999998934,0.9134782493725124,0.0,0.4513370573492548,0.1174310227768634,0.9134782493725124,0.9134782493725124,0.9134782493725124,0.9134782493725124,0.9134782493725124,0.9134782493725124
