obs_gdp,obs_hours,obs_wages,obs_gdpdeflator,obs_corepce,obs_nominalrate,obs_consumption,obs_investment,obs_BBBspread,obs_longinflation,obs_longrate,obs_tfp,obs_gdi,obs_AAAspread,obs_nominalrate1,obs_nominalrate2,obs_nominalrate3,obs_nominalrate4,obs_nominalrate5,obs_nominalrate6
0.417098969221108,-47.6279296875,0.417098969221108,0.5308911763131512,0.49999999999998934,1.3160597997081025,0.417098969221108,0.417098969221108,0.41075785765906203,0.49999999999998934,1.3160597997081025,0.0,0.417098969221108,0.1174310227768634,1.3160597997081025,1.3160597997081025,1.3160597997081025,1.3160597997081025,1.3160597997081025,1.3160597997081025
