obs_gdp,obs_hours,obs_wages,obs_gdpdeflator,obs_corepce,obs_nominalrate,obs_consumption,obs_investment,obs_BBBspread,obs_longinflation,obs_longrate,obs_tfp,obs_gdi,obs_AAAspread,obs_nominalrate1,obs_nominalrate2,obs_nominalrate3,obs_nominalrate4,obs_nominalrate5,obs_nominalrate6
0.45041843270352544,-46.807210902083916,0.45041843270352544,0.4993934169795718,0.49999999999998934,0.911882333365277,0.45041843270352544,0.45041843270352544,0.48015494104867984,0.49999999999998934,0.911882333365277,0.0,0.45041843270352544,0.1174310227768634,0.911882333365277,0.911882333365277,0.911882333365277,0.911882333365277,0.911882333365277,0.911882333365277
