obs_gdp,obs_hours,obs_wages,obs_gdpdeflator,obs_corepce,obs_nominalrate,obs_consumption,obs_investment,obs_BBBspread,obs_longinflation,obs_longrate,obs_tfp,obs_gdi,obs_AAAspread,obs_nominalrate1,obs_nominalrate2,obs_nominalrate3,obs_nominalrate4,obs_nominalrate5,obs_nominalrate6
0.4558840336001735,-46.438708727849985,0.4558840336001735,0.499385843020128,0.49999999999998934,0.918828529356519,0.4558840336001735,0.4558840336001735,0.4795943794391133,0.49999999999998934,0.918828529356519,0.0,0.4558840336001735,0.1174310227768634,0.918828529356519,0.918828529356519,0.918828529356519,0.918828529356519,0.918828529356519,0.918828529356519
