obs_gdp,obs_hours,obs_wages,obs_gdpdeflator,obs_corepce,obs_nominalrate,obs_consumption,obs_investment,obs_BBBspread,obs_longinflation,obs_longrate,obs_tfp,obs_gdi,obs_AAAspread,obs_nominalrate1,obs_nominalrate2,obs_nominalrate3,obs_nominalrate4,obs_nominalrate5,obs_nominalrate6
0.4598388355049332,-46.10641321469746,0.4598388355049332,0.4995766765265239,0.49999999999998934,0.9242401614816709,0.4598388355049332,0.4598388355049332,0.4790788816331183,0.49999999999998934,0.9242401614816709,0.0,0.4598388355049332,0.1174310227768634,0.9242401614816709,0.9242401614816709,0.9242401614816709,0.9242401614816709,0.9242401614816709,0.9242401614816709
