obs_gdp,obs_hours,obs_wages,obs_gdpdeflator,obs_corepce,obs_nominalrate,obs_consumption,obs_investment,obs_BBBspread,obs_longinflation,obs_longrate,obs_tfp,obs_gdi,obs_AAAspread,obs_nominalrate1,obs_nominalrate2,obs_nominalrate3,obs_nominalrate4,obs_nominalrate5,obs_nominalrate6
0.3974301517009726,-45.96595764160156,0.3974301517009726,0.49026957433669693,0.49999999999998934,0.8666452058368357,0.3974301517009726,0.3974301517009726,0.47647472662466867,0.49999999999998934,0.8666452058368357,0.0,0.3974301517009726,0.1174310227768634,0.8666452058368357,0.8666452058368357,0.8666452058368357,0.8666452058368357,0.8666452058368357,0.8666452058368357
