obs_gdp,obs_hours,obs_wages,obs_gdpdeflator,obs_corepce,obs_nominalrate,obs_consumption,obs_investment,obs_BBBspread,obs_longinflation,obs_longrate,obs_tfp,obs_gdi,obs_AAAspread,obs_nominalrate1,obs_nominalrate2,obs_nominalrate3,obs_nominalrate4,obs_nominalrate5,obs_nominalrate6
0.41492488980292563,-47.68062210083008,0.41492488980292563,0.527626067399968,0.49999999999998934,1.2957972758398606,0.41492488980292563,0.41492488980292563,0.41523517715550345,0.49999999999998934,1.2957972758398606,0.0,0.41492488980292563,0.1174310227768634,1.2957972758398606,1.2957972758398606,1.2957972758398606,1.2957972758398606,1.2957972758398606,1.2957972758398606
