obs_gdp,obs_hours,obs_wages,obs_gdpdeflator,obs_corepce,obs_nominalrate,obs_consumption,obs_investment,obs_BBBspread,obs_longinflation,obs_longrate,obs_tfp,obs_gdi,obs_AAAspread,obs_nominalrate1,obs_nominalrate2,obs_nominalrate3,obs_nominalrate4,obs_nominalrate5,obs_nominalrate6
0.4171559512615275,-47.68257141113281,0.4171559512615275,0.5255876071751011,0.49999999999998934,1.2920111859060057,0.4171559512615275,0.4171559512615275,0.4179552652134323,0.49999999999998934,1.2920111859060057,0.0,0.4171559512615275,0.1174310227768634,1.2920111859060057,1.2920111859060057,1.2920111859060057,1.2920111859060057,1.2920111859060057,1.2920111859060057
