obs_gdp,obs_hours,obs_wages,obs_gdpdeflator,obs_corepce,obs_nominalrate,obs_consumption,obs_investment,obs_BBBspread,obs_longinflation,obs_longrate,obs_tfp,obs_gdi,obs_AAAspread,obs_nominalrate1,obs_nominalrate2,obs_nominalrate3,obs_nominalrate4,obs_nominalrate5,obs_nominalrate6
0.45787819731704094,-46.2597326235393,0.45787819731704094,0.4997488702700741,0.49999999999998934,0.9241542046980467,0.45787819731704094,0.45787819731704094,0.47765508537561413,0.49999999999998934,0.9241542046980467,0.0,0.45787819731704094,0.1174310227768634,0.9241542046980467,0.9241542046980467,0.9241542046980467,0.9241542046980467,0.9241542046980467,0.9241542046980467
