obs_gdp,obs_hours,obs_wages,obs_gdpdeflator,obs_corepce,obs_nominalrate,obs_consumption,obs_investment,obs_BBBspread,obs_longinflation,obs_longrate,obs_tfp,obs_gdi,obs_AAAspread,obs_nominalrate1,obs_nominalrate2,obs_nominalrate3,obs_nominalrate4,obs_nominalrate5,obs_nominalrate6
0.41485393047333563,-47.72090148925781,0.41485393047333563,0.5384953841566933,0.49999999999998934,1.293515856893901,0.41485393047333563,0.41485393047333563,0.4235782336717771,0.49999999999998934,1.293515856893901,0.0,0.41485393047333563,0.1174310227768634,1.293515856893901,1.293515856893901,1.293515856893901,1.293515856893901,1.293515856893901,1.293515856893901
