obs_gdp,obs_hours,obs_wages,obs_gdpdeflator,obs_corepce,obs_nominalrate,obs_consumption,obs_investment,obs_BBBspread,obs_longinflation,obs_longrate,obs_tfp,obs_gdi,obs_AAAspread,obs_nominalrate1,obs_nominalrate2,obs_nominalrate3,obs_nominalrate4,obs_nominalrate5,obs_nominalrate6
0.41240316629409524,-48.125770568847656,0.41240316629409524,0.5424789600074185,0.49999999999998934,1.2684464286035535,0.41240316629409524,0.41240316629409524,0.4239014488354495,0.49999999999998934,1.2684464286035535,0.0,0.41240316629409524,0.1174310227768634,1.2684464286035535,1.2684464286035535,1.2684464286035535,1.2684464286035535,1.2684464286035535,1.2684464286035535
