obs_gdp,obs_hours,obs_wages,obs_gdpdeflator,obs_corepce,obs_nominalrate,obs_consumption,obs_investment,obs_BBBspread,obs_longinflation,obs_longrate,obs_tfp,obs_gdi,obs_AAAspread,obs_nominalrate1,obs_nominalrate2,obs_nominalrate3,obs_nominalrate4,obs_nominalrate5,obs_nominalrate6
0.4056287705898276,-48.8773078918457,0.4056287705898276,0.5258749816566599,0.49999999999998934,1.3053006145890889,0.4056287705898276,0.4056287705898276,0.4290927144398566,0.49999999999998934,1.3053006145890889,0.0,0.4056287705898276,0.1174310227768634,1.3053006145890889,1.3053006145890889,1.3053006145890889,1.3053006145890889,1.3053006145890889,1.3053006145890889
