obs_gdp,obs_hours,obs_wages,obs_gdpdeflator,obs_corepce,obs_nominalrate,obs_consumption,obs_investment,obs_BBBspread,obs_longinflation,obs_longrate,obs_tfp,obs_gdi,obs_AAAspread,obs_nominalrate1,obs_nominalrate2,obs_nominalrate3,obs_nominalrate4,obs_nominalrate5,obs_nominalrate6
0.4472089564066861,-46.903156392532786,0.4472089564066861,0.4995766107221338,0.49999999999998934,0.9069608503931237,0.4472089564066861,0.4472089564066861,0.47778098842143807,0.49999999999998934,0.9069608503931237,0.0,0.4472089564066861,0.1174310227768634,0.9069608503931237,0.9069608503931237,0.9069608503931237,0.9069608503931237,0.9069608503931237,0.9069608503931237
