obs_gdp,obs_hours,obs_wages,obs_gdpdeflator,obs_corepce,obs_nominalrate,obs_consumption,obs_investment,obs_BBBspread,obs_longinflation,obs_longrate,obs_tfp,obs_gdi,obs_AAAspread,obs_nominalrate1,obs_nominalrate2,obs_nominalrate3,obs_nominalrate4,obs_nominalrate5,obs_nominalrate6
0.41273775696755166,-48.58769226074219,0.41273775696755166,0.5269472748041046,0.49999999999998934,1.3255625766684487,0.41273775696755166,0.41273775696755166,0.42963735427854766,0.49999999999998934,1.3255625766684487,0.0,0.41273775696755166,0.1174310227768634,1.3255625766684487,1.3255625766684487,1.3255625766684487,1.3255625766684487,1.3255625766684487,1.3255625766684487
