obs_gdp,obs_hours,obs_wages,obs_gdpdeflator,obs_corepce,obs_nominalrate,obs_consumption,obs_investment,obs_BBBspread,obs_longinflation,obs_longrate,obs_tfp,obs_gdi,obs_AAAspread,obs_nominalrate1,obs_nominalrate2,obs_nominalrate3,obs_nominalrate4,obs_nominalrate5,obs_nominalrate6
0.4371085988360779,-47.62328224510943,0.4371085988360779,0.4994456052887021,0.49999999999998934,0.8971233619352814,0.4371085988360779,0.4371085988360779,0.47714000090272585,0.49999999999998934,0.8971233619352814,0.0,0.4371085988360779,0.1174310227768634,0.8971233619352814,0.8971233619352814,0.8971233619352814,0.8971233619352814,0.8971233619352814,0.8971233619352814
