obs_gdp,obs_hours,obs_wages,obs_gdpdeflator,obs_corepce,obs_nominalrate,obs_consumption,obs_investment,obs_BBBspread,obs_longinflation,obs_longrate,obs_tfp,obs_gdi,obs_AAAspread,obs_nominalrate1,obs_nominalrate2,obs_nominalrate3,obs_nominalrate4,obs_nominalrate5,obs_nominalrate6
0.39981403946875993,-45.82035827636719,0.39981403946875993,0.4959176727570487,0.49999999999998934,0.8554477586844467,0.39981403946875993,0.39981403946875993,0.4802265087547111,0.49999999999998934,0.8554477586844467,0.0,0.39981403946875993,0.1174310227768634,0.8554477586844467,0.8554477586844467,0.8554477586844467,0.8554477586844467,0.8554477586844467,0.8554477586844467
