obs_gdp,obs_hours,obs_wages,obs_gdpdeflator,obs_corepce,obs_nominalrate,obs_consumption,obs_investment,obs_BBBspread,obs_longinflation,obs_longrate,obs_tfp,obs_gdi,obs_AAAspread,obs_nominalrate1,obs_nominalrate2,obs_nominalrate3,obs_nominalrate4,obs_nominalrate5,obs_nominalrate6
0.42561341410922715,-47.21442837208089,0.42561341410922715,0.49353977590334464,0.49999999999998934,0.9243572451921533,0.42561341410922715,0.42561341410922715,0.46891203720678526,0.49999999999998934,0.9243572451921533,0.0,0.42561341410922715,0.1174310227768634,0.9243572451921533,0.9243572451921533,0.9243572451921533,0.9243572451921533,0.9243572451921533,0.9243572451921533
