obs_gdp,obs_hours,obs_wages,obs_gdpdeflator,obs_corepce,obs_nominalrate,obs_consumption,obs_investment,obs_BBBspread,obs_longinflation,obs_longrate,obs_tfp,obs_gdi,obs_AAAspread,obs_nominalrate1,obs_nominalrate2,obs_nominalrate3,obs_nominalrate4,obs_nominalrate5,obs_nominalrate6
0.4406391174410551,-47.41090435705598,0.4406391174410551,0.4993876851176253,0.49999999999998934,0.8997931663293324,0.4406391174410551,0.4406391174410551,0.47740380096487295,0.49999999999998934,0.8997931663293324,0.0,0.4406391174410551,0.1174310227768634,0.8997931663293324,0.8997931663293324,0.8997931663293324,0.8997931663293324,0.8997931663293324,0.8997931663293324
