obs_gdp,obs_hours,obs_wages,obs_gdpdeflator,obs_corepce,obs_nominalrate,obs_consumption,obs_investment,obs_BBBspread,obs_longinflation,obs_longrate,obs_tfp,obs_gdi,obs_AAAspread,obs_nominalrate1,obs_nominalrate2,obs_nominalrate3,obs_nominalrate4,obs_nominalrate5,obs_nominalrate6
0.43913785427056595,-47.54467828110211,0.43913785427056595,0.49929687659536925,0.49999999999998934,0.8974626188466672,0.43913785427056595,0.43913785427056595,0.47826685950481107,0.49999999999998934,0.8974626188466672,0.0,0.43913785427056595,0.1174310227768634,0.8974626188466672,0.8974626188466672,0.8974626188466672,0.8974626188466672,0.8974626188466672,0.8974626188466672
