obs_gdp,obs_hours,obs_wages,obs_gdpdeflator,obs_corepce,obs_nominalrate,obs_consumption,obs_investment,obs_BBBspread,obs_longinflation,obs_longrate,obs_tfp,obs_gdi,obs_AAAspread,obs_nominalrate1,obs_nominalrate2,obs_nominalrate3,obs_nominalrate4,obs_nominalrate5,obs_nominalrate6
0.4226941466331402,-48.981502532958984,0.4226941466331402,0.5184848550706995,0.49999999999998934,1.3103868886627401,0.4226941466331402,0.4226941466331402,0.430806947892884,0.49999999999998934,1.3103868886627401,0.0,0.4226941466331402,0.1174310227768634,1.3103868886627401,1.3103868886627401,1.3103868886627401,1.3103868886627401,1.3103868886627401,1.3103868886627401
