obs_gdp,obs_hours,obs_wages,obs_gdpdeflator,obs_corepce,obs_nominalrate,obs_consumption,obs_investment,obs_BBBspread,obs_longinflation,obs_longrate,obs_tfp,obs_gdi,obs_AAAspread,obs_nominalrate1,obs_nominalrate2,obs_nominalrate3,obs_nominalrate4,obs_nominalrate5,obs_nominalrate6
0.4472312803891487,-46.93850955416834,0.4472312803891487,0.49896068750055145,0.49999999999998934,0.9065708414641049,0.4472312803891487,0.4472312803891487,0.4782704819471624,0.49999999999998934,0.9065708414641049,0.0,0.4472312803891487,0.1174310227768634,0.9065708414641049,0.9065708414641049,0.9065708414641049,0.9065708414641049,0.9065708414641049,0.9065708414641049
