obs_gdp,obs_hours,obs_wages,obs_gdpdeflator,obs_corepce,obs_nominalrate,obs_consumption,obs_investment,obs_BBBspread,obs_longinflation,obs_longrate,obs_tfp,obs_gdi,obs_AAAspread,obs_nominalrate1,obs_nominalrate2,obs_nominalrate3,obs_nominalrate4,obs_nominalrate5,obs_nominalrate6
0.4245275557041239,-48.94773483276367,0.4245275557041239,0.5205723810940874,0.49999999999998934,1.2887667720906215,0.4245275557041239,0.4245275557041239,0.438186731652277,0.49999999999998934,1.2887667720906215,0.0,0.4245275557041239,0.1174310227768634,1.2887667720906215,1.2887667720906215,1.2887667720906215,1.2887667720906215,1.2887667720906215,1.2887667720906215
