obs_gdp,obs_hours,obs_wages,obs_gdpdeflator,obs_corepce,obs_nominalrate,obs_consumption,obs_investment,obs_BBBspread,obs_longinflation,obs_longrate,obs_tfp,obs_gdi,obs_AAAspread,obs_nominalrate1,obs_nominalrate2,obs_nominalrate3,obs_nominalrate4,obs_nominalrate5,obs_nominalrate6
0.4455771689200416,-47.05804770036137,0.4455771689200416,0.4989038031657036,0.49999999999998934,0.9055560147496866,0.4455771689200416,0.4455771689200416,0.4776544078307225,0.49999999999998934,0.9055560147496866,0.0,0.4455771689200416,0.1174310227768634,0.9055560147496866,0.9055560147496866,0.9055560147496866,0.9055560147496866,0.9055560147496866,0.9055560147496866
