obs_gdp,obs_hours,obs_wages,obs_gdpdeflator,obs_corepce,obs_nominalrate,obs_consumption,obs_investment,obs_BBBspread,obs_longinflation,obs_longrate,obs_tfp,obs_gdi,obs_AAAspread,obs_nominalrate1,obs_nominalrate2,obs_nominalrate3,obs_nominalrate4,obs_nominalrate5,obs_nominalrate6
0.4242442548274994,-49.24279022216797,0.4242442548274994,0.5168056041002167,0.49999999999998934,1.2631063116715469,0.4242442548274994,0.4242442548274994,0.4409431991641585,0.49999999999998934,1.2631063116715469,0.0,0.4242442548274994,0.1174310227768634,1.2631063116715469,1.2631063116715469,1.2631063116715469,1.2631063116715469,1.2631063116715469,1.2631063116715469
