obs_gdp,obs_hours,obs_wages,obs_gdpdeflator,obs_corepce,obs_nominalrate,obs_consumption,obs_investment,obs_BBBspread,obs_longinflation,obs_longrate,obs_tfp,obs_gdi,obs_AAAspread,obs_nominalrate1,obs_nominalrate2,obs_nominalrate3,obs_nominalrate4,obs_nominalrate5,obs_nominalrate6
0.4443769915278617,-47.13203058387695,0.4443769915278617,0.498865644477556,0.49999999999998934,0.9088436581453863,0.4443769915278617,0.4443769915278617,0.47748555839872375,0.49999999999998934,0.9088436581453863,0.0,0.4443769915278617,0.1174310227768634,0.9088436581453863,0.9088436581453863,0.9088436581453863,0.9088436581453863,0.9088436581453863,0.9088436581453863
