obs_gdp,obs_hours,obs_wages,obs_gdpdeflator,obs_corepce,obs_nominalrate,obs_consumption,obs_investment,obs_BBBspread,obs_longinflation,obs_longrate,obs_tfp,obs_gdi,obs_AAAspread,obs_nominalrate1,obs_nominalrate2,obs_nominalrate3,obs_nominalrate4,obs_nominalrate5,obs_nominalrate6
0.44816105500571357,-46.8318115021626,0.44816105500571357,0.4990743243057793,0.49999999999998934,0.9118152035366034,0.44816105500571357,0.44816105500571357,0.4774185297617895,0.49999999999998934,0.9118152035366034,0.0,0.44816105500571357,0.1174310227768634,0.9118152035366034,0.9118152035366034,0.9118152035366034,0.9118152035366034,0.9118152035366034,0.9118152035366034
