obs_gdp,obs_hours,obs_wages,obs_gdpdeflator,obs_corepce,obs_nominalrate,obs_consumption,obs_investment,obs_BBBspread,obs_longinflation,obs_longrate,obs_tfp,obs_gdi,obs_AAAspread,obs_nominalrate1,obs_nominalrate2,obs_nominalrate3,obs_nominalrate4,obs_nominalrate5,obs_nominalrate6
0.41286146640777677,-48.83784103393555,0.41286146640777677,0.5269212126731766,0.49999999999998934,1.2738869287977739,0.41286146640777677,0.41286146640777677,0.44973190808372165,0.49999999999998934,1.2738869287977739,0.0,0.41286146640777677,0.1174310227768634,1.2738869287977739,1.2738869287977739,1.2738869287977739,1.2738869287977739,1.2738869287977739,1.2738869287977739
