obs_gdp,obs_hours,obs_wages,obs_gdpdeflator,obs_corepce,obs_nominalrate,obs_consumption,obs_investment,obs_BBBspread,obs_longinflation,obs_longrate,obs_tfp,obs_gdi,obs_AAAspread,obs_nominalrate1,obs_nominalrate2,obs_nominalrate3,obs_nominalrate4,obs_nominalrate5,obs_nominalrate6
0.4517148856159281,-46.5324427558789,0.4517148856159281,0.4991148568162263,0.49999999999998934,0.9156693611319877,0.4517148856159281,0.4517148856159281,0.47689046879503,0.49999999999998934,0.9156693611319877,0.0,0.4517148856159281,0.1174310227768634,0.9156693611319877,0.9156693611319877,0.9156693611319877,0.9156693611319877,0.9156693611319877,0.9156693611319877
