obs_gdp,obs_hours,obs_wages,obs_gdpdeflator,obs_corepce,obs_nominalrate,obs_consumption,obs_investment,obs_BBBspread,obs_longinflation,obs_longrate,obs_tfp,obs_gdi,obs_AAAspread,obs_nominalrate1,obs_nominalrate2,obs_nominalrate3,obs_nominalrate4,obs_nominalrate5,obs_nominalrate6
0.45253705776866493,-46.44508004844639,0.45253705776866493,0.4990204506359676,0.49999999999998934,0.9167783362956206,0.45253705776866493,0.45253705776866493,0.47565449557256023,0.49999999999998934,0.9167783362956206,0.0,0.45253705776866493,0.1174310227768634,0.9167783362956206,0.9167783362956206,0.9167783362956206,0.9167783362956206,0.9167783362956206,0.9167783362956206
