obs_gdp,obs_hours,obs_wages,obs_gdpdeflator,obs_corepce,obs_nominalrate,obs_consumption,obs_investment,obs_BBBspread,obs_longinflation,obs_longrate,obs_tfp,obs_gdi,obs_AAAspread,obs_nominalrate1,obs_nominalrate2,obs_nominalrate3,obs_nominalrate4,obs_nominalrate5,obs_nominalrate6
0.4295628070831281,-48.60829544067383,0.4295628070831281,0.5304826460778607,0.49999999999998934,1.2653674929587577,0.4295628070831281,0.4295628070831281,0.44954476388310755,0.49999999999998934,1.2653674929587577,0.0,0.4295628070831281,0.1174310227768634,1.2653674929587577,1.2653674929587577,1.2653674929587577,1.2653674929587577,1.2653674929587577,1.2653674929587577
