obs_gdp,obs_hours,obs_wages,obs_gdpdeflator,obs_corepce,obs_nominalrate,obs_consumption,obs_investment,obs_BBBspread,obs_longinflation,obs_longrate,obs_tfp,obs_gdi,obs_AAAspread,obs_nominalrate1,obs_nominalrate2,obs_nominalrate3,obs_nominalrate4,obs_nominalrate5,obs_nominalrate6
0.45477340408117684,-46.27251636288748,0.45477340408117684,0.4991783884496937,0.49999999999998934,0.9197591335151856,0.45477340408117684,0.45477340408117684,0.47655558112424024,0.49999999999998934,0.9197591335151856,0.0,0.45477340408117684,0.1174310227768634,0.9197591335151856,0.9197591335151856,0.9197591335151856,0.9197591335151856,0.9197591335151856,0.9197591335151856
