obs_gdp,obs_hours,obs_wages,obs_gdpdeflator,obs_corepce,obs_nominalrate,obs_consumption,obs_investment,obs_BBBspread,obs_longinflation,obs_longrate,obs_tfp,obs_gdi,obs_AAAspread,obs_nominalrate1,obs_nominalrate2,obs_nominalrate3,obs_nominalrate4,obs_nominalrate5,obs_nominalrate6
0.39220306277274464,-45.98763656616211,0.39220306277274464,0.5000027911255422,0.49999999999998934,0.8440767950472994,0.39220306277274464,0.39220306277274464,0.4702348034430627,0.49999999999998934,0.8440767950472994,0.0,0.39220306277274464,0.1174310227768634,0.8440767950472994,0.8440767950472994,0.8440767950472994,0.8440767950472994,0.8440767950472994,0.8440767950472994
