obs_gdp,obs_hours,obs_wages,obs_gdpdeflator,obs_corepce,obs_nominalrate,obs_consumption,obs_investment,obs_BBBspread,obs_longinflation,obs_longrate,obs_tfp,obs_gdi,obs_AAAspread,obs_nominalrate1,obs_nominalrate2,obs_nominalrate3,obs_nominalrate4,obs_nominalrate5,obs_nominalrate6
0.4161424934864044,-49.01911926269531,0.4161424934864044,0.529682902619232,0.49999999999998934,1.24383961133947,0.4161424934864044,0.4161424934864044,0.44958698718104995,0.49999999999998934,1.24383961133947,0.0,0.4161424934864044,0.1174310227768634,1.24383961133947,1.24383961133947,1.24383961133947,1.24383961133947,1.24383961133947,1.24383961133947
