obs_gdp,obs_hours,obs_wages,obs_gdpdeflator,obs_corepce,obs_nominalrate,obs_consumption,obs_investment,obs_BBBspread,obs_longinflation,obs_longrate,obs_tfp,obs_gdi,obs_AAAspread,obs_nominalrate1,obs_nominalrate2,obs_nominalrate3,obs_nominalrate4,obs_nominalrate5,obs_nominalrate6
0.45168408684470585,-46.55319416930626,0.45168408684470585,0.49921525824739027,0.49999999999998934,0.9171655133146883,0.45168408684470585,0.45168408684470585,0.4768225343788531,0.49999999999998934,0.9171655133146883,0.0,0.45168408684470585,0.1174310227768634,0.9171655133146883,0.9171655133146883,0.9171655133146883,0.9171655133146883,0.9171655133146883,0.9171655133146883
