obs_gdp,obs_hours,obs_wages,obs_gdpdeflator,obs_corepce,obs_nominalrate,obs_consumption,obs_investment,obs_BBBspread,obs_longinflation,obs_longrate,obs_tfp,obs_gdi,obs_AAAspread,obs_nominalrate1,obs_nominalrate2,obs_nominalrate3,obs_nominalrate4,obs_nominalrate5,obs_nominalrate6
0.41029301285744335,-49.021968841552734,0.41029301285744335,0.5279086623340739,0.49999999999998934,1.2369008784152813,0.41029301285744335,0.41029301285744335,0.45656564804914196,0.49999999999998934,1.2369008784152813,0.0,0.41029301285744335,0.1174310227768634,1.2369008784152813,1.2369008784152813,1.2369008784152813,1.2369008784152813,1.2369008784152813,1.2369008784152813
