obs_gdp,obs_hours,obs_wages,obs_gdpdeflator,obs_corepce,obs_nominalrate,obs_consumption,obs_investment,obs_BBBspread,obs_longinflation,obs_longrate,obs_tfp,obs_gdi,obs_AAAspread,obs_nominalrate1,obs_nominalrate2,obs_nominalrate3,obs_nominalrate4,obs_nominalrate5,obs_nominalrate6
0.45181318137768045,-46.56203013619729,0.45181318137768045,0.4991352734726487,0.49999999999998934,0.9180266643877832,0.45181318137768045,0.45181318137768045,0.47628356771069535,0.49999999999998934,0.9180266643877832,0.0,0.45181318137768045,0.1174310227768634,0.9180266643877832,0.9180266643877832,0.9180266643877832,0.9180266643877832,0.9180266643877832,0.9180266643877832
