obs_gdp,obs_hours,obs_wages,obs_gdpdeflator,obs_corepce,obs_nominalrate,obs_consumption,obs_investment,obs_BBBspread,obs_longinflation,obs_longrate,obs_tfp,obs_gdi,obs_AAAspread,obs_nominalrate1,obs_nominalrate2,obs_nominalrate3,obs_nominalrate4,obs_nominalrate5,obs_nominalrate6
0.45405976189236696,-46.3206360839,0.45405976189236696,0.4988373063520012,0.49999999999998934,0.9198986171185863,0.45405976189236696,0.45405976189236696,0.476587947562179,0.49999999999998934,0.9198986171185863,0.0,0.45405976189236696,0.1174310227768634,0.9198986171185863,0.9198986171185863,0.9198986171185863,0.9198986171185863,0.9198986171185863,0.9198986171185863
