obs_gdp,obs_hours,obs_wages,obs_gdpdeflator,obs_corepce,obs_nominalrate,obs_consumption,obs_investment,obs_BBBspread,obs_longinflation,obs_longrate,obs_tfp,obs_gdi,obs_AAAspread,obs_nominalrate1,obs_nominalrate2,obs_nominalrate3,obs_nominalrate4,obs_nominalrate5,obs_nominalrate6
0.4055706560611716,-48.912662506103516,0.4055706560611716,0.5150784980505598,0.49999999999998934,1.2316222032003221,0.4055706560611716,0.4055706560611716,0.45112116008312886,0.49999999999998934,1.2316222032003221,0.0,0.4055706560611716,0.1174310227768634,1.2316222032003221,1.2316222032003221,1.2316222032003221,1.2316222032003221,1.2316222032003221,1.2316222032003221
