obs_gdp,obs_hours,obs_wages,obs_gdpdeflator,obs_corepce,obs_nominalrate,obs_consumption,obs_investment,obs_BBBspread,obs_longinflation,obs_longrate,obs_tfp,obs_gdi,obs_AAAspread,obs_nominalrate1,obs_nominalrate2,obs_nominalrate3,obs_nominalrate4,obs_nominalrate5,obs_nominalrate6
0.4577135314562941,-46.0533745836942,0.4577135314562941,0.4985384940917713,0.49999999999998934,0.9214926244738297,0.4577135314562941,0.4577135314562941,0.47687732751135037,0.49999999999998934,0.9214926244738297,0.0,0.4577135314562941,0.1174310227768634,0.9214926244738297,0.9214926244738297,0.9214926244738297,0.9214926244738297,0.9214926244738297,0.9214926244738297
