obs_gdp,obs_hours,obs_wages,obs_gdpdeflator,obs_corepce,obs_nominalrate,obs_consumption,obs_investment,obs_BBBspread,obs_longinflation,obs_longrate,obs_tfp,obs_gdi,obs_AAAspread,obs_nominalrate1,obs_nominalrate2,obs_nominalrate3,obs_nominalrate4,obs_nominalrate5,obs_nominalrate6
0.4058495461940703,-49.045631408691406,0.4058495461940703,0.5151416361331833,0.49999999999998934,1.2279145905253808,0.4058495461940703,0.4058495461940703,0.4537810093225579,0.49999999999998934,1.2279145905253808,0.0,0.4058495461940703,0.1174310227768634,1.2279145905253808,1.2279145905253808,1.2279145905253808,1.2279145905253808,1.2279145905253808,1.2279145905253808
