obs_gdp,obs_hours,obs_wages,obs_gdpdeflator,obs_corepce,obs_nominalrate,obs_consumption,obs_investment,obs_BBBspread,obs_longinflation,obs_longrate,obs_tfp,obs_gdi,obs_AAAspread,obs_nominalrate1,obs_nominalrate2,obs_nominalrate3,obs_nominalrate4,obs_nominalrate5,obs_nominalrate6
0.4526797341405375,-46.44264896644872,0.4526797341405375,0.4985322457300829,0.49999999999998934,0.9193614439106046,0.4526797341405375,0.4526797341405375,0.47709116509412064,0.49999999999998934,0.9193614439106046,0.0,0.4526797341405375,0.1174310227768634,0.9193614439106046,0.9193614439106046,0.9193614439106046,0.9193614439106046,0.9193614439106046,0.9193614439106046
