obs_gdp,obs_hours,obs_wages,obs_gdpdeflator,obs_corepce,obs_nominalrate,obs_consumption,obs_investment,obs_BBBspread,obs_longinflation,obs_longrate,obs_tfp,obs_gdi,obs_AAAspread,obs_nominalrate1,obs_nominalrate2,obs_nominalrate3,obs_nominalrate4,obs_nominalrate5,obs_nominalrate6
0.40866509079933167,-49.14735794067383,0.40866509079933167,0.5193101111799372,0.49999999999998934,1.230340928658058,0.40866509079933167,0.40866509079933167,0.448556004773396,0.49999999999998934,1.230340928658058,0.0,0.40866509079933167,0.1174310227768634,1.230340928658058,1.230340928658058,1.230340928658058,1.230340928658058,1.230340928658058,1.230340928658058
