obs_gdp,obs_hours,obs_wages,obs_gdpdeflator,obs_corepce,obs_nominalrate,obs_consumption,obs_investment,obs_BBBspread,obs_longinflation,obs_longrate,obs_tfp,obs_gdi,obs_AAAspread,obs_nominalrate1,obs_nominalrate2,obs_nominalrate3,obs_nominalrate4,obs_nominalrate5,obs_nominalrate6
0.4399932938506934,-47.32538167169606,0.4399932938506934,0.4985052240348552,0.49999999999998934,0.9074474864805504,0.4399932938506934,0.4399932938506934,0.47723810619150275,0.49999999999998934,0.9074474864805504,0.0,0.4399932938506934,0.1174310227768634,0.9074474864805504,0.9074474864805504,0.9074474864805504,0.9074474864805504,0.9074474864805504,0.9074474864805504
