obs_gdp,obs_hours,obs_wages,obs_gdpdeflator,obs_corepce,obs_nominalrate,obs_consumption,obs_investment,obs_BBBspread,obs_longinflation,obs_longrate,obs_tfp,obs_gdi,obs_AAAspread,obs_nominalrate1,obs_nominalrate2,obs_nominalrate3,obs_nominalrate4,obs_nominalrate5,obs_nominalrate6
0.4358022312029197,-47.69289524846594,0.4358022312029197,0.49798047339638707,0.49999999999998934,0.9071489242177488,0.4358022312029197,0.4358022312029197,0.47709022669075407,0.49999999999998934,0.9071489242177488,0.0,0.4358022312029197,0.1174310227768634,0.9071489242177488,0.9071489242177488,0.9071489242177488,0.9071489242177488,0.9071489242177488,0.9071489242177488
