obs_gdp,obs_hours,obs_wages,obs_gdpdeflator,obs_corepce,obs_nominalrate,obs_consumption,obs_investment,obs_BBBspread,obs_longinflation,obs_longrate,obs_tfp,obs_gdi,obs_AAAspread,obs_nominalrate1,obs_nominalrate2,obs_nominalrate3,obs_nominalrate4,obs_nominalrate5,obs_nominalrate6
0.4090548455715215,-48.934452056884766,0.4090548455715215,0.5192665029317034,0.49999999999998934,1.2194039184784344,0.4090548455715215,0.4090548455715215,0.4526749622267259,0.49999999999998934,1.2194039184784344,0.0,0.4090548455715215,0.1174310227768634,1.2194039184784344,1.2194039184784344,1.2194039184784344,1.2194039184784344,1.2194039184784344,1.2194039184784344
