obs_gdp,obs_hours,obs_wages,obs_gdpdeflator,obs_corepce,obs_nominalrate,obs_consumption,obs_investment,obs_BBBspread,obs_longinflation,obs_longrate,obs_tfp,obs_gdi,obs_AAAspread,obs_nominalrate1,obs_nominalrate2,obs_nominalrate3,obs_nominalrate4,obs_nominalrate5,obs_nominalrate6
0.42616342056447376,-47.217860466242655,0.42616342056447376,0.49378260479076785,0.49999999999998934,0.9229412563000583,0.42616342056447376,0.42616342056447376,0.46788435877638046,0.49999999999998934,0.9229412563000583,0.0,0.42616342056447376,0.1174310227768634,0.9229412563000583,0.9229412563000583,0.9229412563000583,0.9229412563000583,0.9229412563000583,0.9229412563000583
