obs_gdp,obs_hours,obs_wages,obs_gdpdeflator,obs_corepce,obs_nominalrate,obs_consumption,obs_investment,obs_BBBspread,obs_longinflation,obs_longrate,obs_tfp,obs_gdi,obs_AAAspread,obs_nominalrate1,obs_nominalrate2,obs_nominalrate3,obs_nominalrate4,obs_nominalrate5,obs_nominalrate6
0.41304352879523165,-48.893856048583984,0.41304352879523165,0.5143320625647796,0.49999999999998934,1.2420818398203304,0.41304352879523165,0.41304352879523165,0.45243807422626686,0.49999999999998934,1.2420818398203304,0.0,0.41304352879523165,0.1174310227768634,1.2420818398203304,1.2420818398203304,1.2420818398203304,1.2420818398203304,1.2420818398203304,1.2420818398203304
