obs_gdp,obs_hours,obs_wages,obs_gdpdeflator,obs_corepce,obs_nominalrate,obs_consumption,obs_investment,obs_BBBspread,obs_longinflation,obs_longrate,obs_tfp,obs_gdi,obs_AAAspread,obs_nominalrate1,obs_nominalrate2,obs_nominalrate3,obs_nominalrate4,obs_nominalrate5,obs_nominalrate6
0.41256886720657526,-48.64525604248047,0.41256886720657526,0.5111895538866413,0.49999999999998934,1.2448254988782104,0.41256886720657526,0.41256886720657526,0.4546235204004574,0.49999999999998934,1.2448254988782104,0.0,0.41256886720657526,0.1174310227768634,1.2448254988782104,1.2448254988782104,1.2448254988782104,1.2448254988782104,1.2448254988782104,1.2448254988782104
