obs_gdp,obs_hours,obs_wages,obs_gdpdeflator,obs_corepce,obs_nominalrate,obs_consumption,obs_investment,obs_BBBspread,obs_longinflation,obs_longrate,obs_tfp,obs_gdi,obs_AAAspread,obs_nominalrate1,obs_nominalrate2,obs_nominalrate3,obs_nominalrate4,obs_nominalrate5,obs_nominalrate6
0.4391961748096751,-47.37671922592271,0.4391961748096751,0.49736516188627955,0.49999999999998934,0.9082781347499624,0.4391961748096751,0.4391961748096751,0.47764536626708876,0.49999999999998934,0.9082781347499624,0.0,0.4391961748096751,0.1174310227768634,0.9082781347499624,0.9082781347499624,0.9082781347499624,0.9082781347499624,0.9082781347499624,0.9082781347499624
