obs_gdp,obs_hours,obs_wages,obs_gdpdeflator,obs_corepce,obs_nominalrate,obs_consumption,obs_investment,obs_BBBspread,obs_longinflation,obs_longrate,obs_tfp,obs_gdi,obs_AAAspread,obs_nominalrate1,obs_nominalrate2,obs_nominalrate3,obs_nominalrate4,obs_nominalrate5,obs_nominalrate6
0.44351754453504366,-46.96754793544904,0.44351754453504366,0.4975038130257132,0.49999999999998934,0.9097952454906189,0.44351754453504366,0.44351754453504366,0.47752700368279843,0.49999999999998934,0.9097952454906189,0.0,0.44351754453504366,0.1174310227768634,0.9097952454906189,0.9097952454906189,0.9097952454906189,0.9097952454906189,0.9097952454906189,0.9097952454906189
