obs_gdp,obs_hours,obs_wages,obs_gdpdeflator,obs_corepce,obs_nominalrate,obs_consumption,obs_investment,obs_BBBspread,obs_longinflation,obs_longrate,obs_tfp,obs_gdi,obs_AAAspread,obs_nominalrate1,obs_nominalrate2,obs_nominalrate3,obs_nominalrate4,obs_nominalrate5,obs_nominalrate6
0.4199588000774357,-47.7520751953125,0.4199588000774357,0.5088855996727837,0.49999999999998934,1.2346521432662572,0.4199588000774357,0.4199588000774357,0.45201830376614405,0.49999999999998934,1.2346521432662572,0.0,0.4199588000774357,0.1174310227768634,1.2346521432662572,1.2346521432662572,1.2346521432662572,1.2346521432662572,1.2346521432662572,1.2346521432662572
