obs_gdp,obs_hours,obs_wages,obs_gdpdeflator,obs_corepce,obs_nominalrate,obs_consumption,obs_investment,obs_BBBspread,obs_longinflation,obs_longrate,obs_tfp,obs_gdi,obs_AAAspread,obs_nominalrate1,obs_nominalrate2,obs_nominalrate3,obs_nominalrate4,obs_nominalrate5,obs_nominalrate6
0.44036562845530813,-47.133514402616676,0.44036562845530813,0.49725908502604027,0.49999999999998934,0.9032093498787752,0.44036562845530813,0.44036562845530813,0.4783369297796657,0.49999999999998934,0.9032093498787752,0.0,0.44036562845530813,0.1174310227768634,0.9032093498787752,0.9032093498787752,0.9032093498787752,0.9032093498787752,0.9032093498787752,0.9032093498787752
