obs_gdp,obs_hours,obs_wages,obs_gdpdeflator,obs_corepce,obs_nominalrate,obs_consumption,obs_investment,obs_BBBspread,obs_longinflation,obs_longrate,obs_tfp,obs_gdi,obs_AAAspread,obs_nominalrate1,obs_nominalrate2,obs_nominalrate3,obs_nominalrate4,obs_nominalrate5,obs_nominalrate6
0.44038896828075824,-47.096421700237244,0.44038896828075824,0.49712392382512044,0.49999999999998934,0.904523691263126,0.44038896828075824,0.44038896828075824,0.4783014858294034,0.49999999999998934,0.904523691263126,0.0,0.44038896828075824,0.1174310227768634,0.904523691263126,0.904523691263126,0.904523691263126,0.904523691263126,0.904523691263126,0.904523691263126
