obs_gdp,obs_hours,obs_wages,obs_gdpdeflator,obs_corepce,obs_nominalrate,obs_consumption,obs_investment,obs_BBBspread,obs_longinflation,obs_longrate,obs_tfp,obs_gdi,obs_AAAspread,obs_nominalrate1,obs_nominalrate2,obs_nominalrate3,obs_nominalrate4,obs_nominalrate5,obs_nominalrate6
0.4369175589089336,-47.329514516661895,0.4369175589089336,0.49718656689093443,0.49999999999998934,0.9005235487021146,0.4369175589089336,0.4369175589089336,0.47911548765903167,0.49999999999998934,0.9005235487021146,0.0,0.4369175589089336,0.1174310227768634,0.9005235487021146,0.9005235487021146,0.9005235487021146,0.9005235487021146,0.9005235487021146,0.9005235487021146
