obs_gdp,obs_hours,obs_wages,obs_gdpdeflator,obs_corepce,obs_nominalrate,obs_consumption,obs_investment,obs_BBBspread,obs_longinflation,obs_longrate,obs_tfp,obs_gdi,obs_AAAspread,obs_nominalrate1,obs_nominalrate2,obs_nominalrate3,obs_nominalrate4,obs_nominalrate5,obs_nominalrate6
0.4161537587642705,-48.2441520690918,0.4161537587642705,0.5154153080657018,0.49999999999998934,1.1983751168738177,0.4161537587642705,0.4161537587642705,0.44875099978717115,0.49999999999998934,1.1983751168738177,0.0,0.4161537587642705,0.1174310227768634,1.1983751168738177,1.1983751168738177,1.1983751168738177,1.1983751168738177,1.1983751168738177,1.1983751168738177
