obs_gdp,obs_hours,obs_wages,obs_gdpdeflator,obs_corepce,obs_nominalrate,obs_consumption,obs_investment,obs_BBBspread,obs_longinflation,obs_longrate,obs_tfp,obs_gdi,obs_AAAspread,obs_nominalrate1,obs_nominalrate2,obs_nominalrate3,obs_nominalrate4,obs_nominalrate5,obs_nominalrate6
0.42148841463720554,-47.52069828293634,0.42148841463720554,0.4938416761615028,0.49999999999998934,0.9180717234348768,0.42148841463720554,0.42148841463720554,0.46771569719487804,0.49999999999998934,0.9180717234348768,0.0,0.42148841463720554,0.1174310227768634,0.9180717234348768,0.9180717234348768,0.9180717234348768,0.9180717234348768,0.9180717234348768,0.9180717234348768
