obs_gdp,obs_hours,obs_wages,obs_gdpdeflator,obs_corepce,obs_nominalrate,obs_consumption,obs_investment,obs_BBBspread,obs_longinflation,obs_longrate,obs_tfp,obs_gdi,obs_AAAspread,obs_nominalrate1,obs_nominalrate2,obs_nominalrate3,obs_nominalrate4,obs_nominalrate5,obs_nominalrate6
0.38088455796241316,-46.53034591674805,0.38088455796241316,0.5071468912064923,0.49999999999998934,0.8551199981579938,0.38088455796241316,0.38088455796241316,0.4696529973704904,0.49999999999998934,0.8551199981579938,0.0,0.38088455796241316,0.1174310227768634,0.8551199981579938,0.8551199981579938,0.8551199981579938,0.8551199981579938,0.8551199981579938,0.8551199981579938
