obs_gdp,obs_hours,obs_wages,obs_gdpdeflator,obs_corepce,obs_nominalrate,obs_consumption,obs_investment,obs_BBBspread,obs_longinflation,obs_longrate,obs_tfp,obs_gdi,obs_AAAspread,obs_nominalrate1,obs_nominalrate2,obs_nominalrate3,obs_nominalrate4,obs_nominalrate5,obs_nominalrate6
0.42814693823653993,-47.96940944730977,0.42814693823653993,0.49729857082381,0.49999999999998934,0.8920682748705611,0.42814693823653993,0.42814693823653993,0.47934026238704186,0.49999999999998934,0.8920682748705611,0.0,0.42814693823653993,0.1174310227768634,0.8920682748705611,0.8920682748705611,0.8920682748705611,0.8920682748705611,0.8920682748705611,0.8920682748705611
