obs_gdp,obs_hours,obs_wages,obs_gdpdeflator,obs_corepce,obs_nominalrate,obs_consumption,obs_investment,obs_BBBspread,obs_longinflation,obs_longrate,obs_tfp,obs_gdi,obs_AAAspread,obs_nominalrate1,obs_nominalrate2,obs_nominalrate3,obs_nominalrate4,obs_nominalrate5,obs_nominalrate6
0.45237419009209745,-47.443626403808594,0.45237419009209745,0.5175445098429812,0.49999999999998934,1.2607657174007247,0.45237419009209745,0.45237419009209745,0.44356853387611356,0.49999999999998934,1.2607657174007247,0.0,0.45237419009209745,0.1174310227768634,1.2607657174007247,1.2607657174007247,1.2607657174007247,1.2607657174007247,1.2607657174007247,1.2607657174007247
