obs_gdp,obs_hours,obs_wages,obs_gdpdeflator,obs_corepce,obs_nominalrate,obs_consumption,obs_investment,obs_BBBspread,obs_longinflation,obs_longrate,obs_tfp,obs_gdi,obs_AAAspread,obs_nominalrate1,obs_nominalrate2,obs_nominalrate3,obs_nominalrate4,obs_nominalrate5,obs_nominalrate6
0.4667526781559017,-47.148311614990234,0.4667526781559017,0.5113709447905315,0.49999999999998934,1.2682326521453513,0.4667526781559017,0.4667526781559017,0.44206566288711774,0.49999999999998934,1.2682326521453513,0.0,0.4667526781559017,0.1174310227768634,1.2682326521453513,1.2682326521453513,1.2682326521453513,1.2682326521453513,1.2682326521453513,1.2682326521453513
