obs_gdp,obs_hours,obs_wages,obs_gdpdeflator,obs_corepce,obs_nominalrate,obs_consumption,obs_investment,obs_BBBspread,obs_longinflation,obs_longrate,obs_tfp,obs_gdi,obs_AAAspread,obs_nominalrate1,obs_nominalrate2,obs_nominalrate3,obs_nominalrate4,obs_nominalrate5,obs_nominalrate6
0.43798991179551106,-47.435001801264086,0.43798991179551106,0.49712044312545717,0.49999999999998934,0.8990439005041706,0.43798991179551106,0.43798991179551106,0.4819384739602303,0.49999999999998934,0.8990439005041706,0.0,0.43798991179551106,0.1174310227768634,0.8990439005041706,0.8990439005041706,0.8990439005041706,0.8990439005041706,0.8990439005041706,0.8990439005041706
