obs_gdp,obs_hours,obs_wages,obs_gdpdeflator,obs_corepce,obs_nominalrate,obs_consumption,obs_investment,obs_BBBspread,obs_longinflation,obs_longrate,obs_tfp,obs_gdi,obs_AAAspread,obs_nominalrate1,obs_nominalrate2,obs_nominalrate3,obs_nominalrate4,obs_nominalrate5,obs_nominalrate6
0.4318643876922934,-47.88076341933673,0.4318643876922934,0.4973896605733821,0.49999999999998934,0.8934820374736807,0.4318643876922934,0.4318643876922934,0.4822766269444903,0.49999999999998934,0.8934820374736807,0.0,0.4318643876922934,0.1174310227768634,0.8934820374736807,0.8934820374736807,0.8934820374736807,0.8934820374736807,0.8934820374736807,0.8934820374736807
