obs_gdp,obs_hours,obs_wages,obs_gdpdeflator,obs_corepce,obs_nominalrate,obs_consumption,obs_investment,obs_BBBspread,obs_longinflation,obs_longrate,obs_tfp,obs_gdi,obs_AAAspread,obs_nominalrate1,obs_nominalrate2,obs_nominalrate3,obs_nominalrate4,obs_nominalrate5,obs_nominalrate6
0.4601546525955236,-47.313350677490234,0.4601546525955236,0.5122238211333645,0.49999999999998934,1.2750641474682523,0.4601546525955236,0.4601546525955236,0.4377613234279888,0.49999999999998934,1.2750641474682523,0.0,0.4601546525955236,0.1174310227768634,1.2750641474682523,1.2750641474682523,1.2750641474682523,1.2750641474682523,1.2750641474682523,1.2750641474682523
