obs_gdp,obs_hours,obs_wages,obs_gdpdeflator,obs_corepce,obs_nominalrate,obs_consumption,obs_investment,obs_BBBspread,obs_longinflation,obs_longrate,obs_tfp,obs_gdi,obs_AAAspread,obs_nominalrate1,obs_nominalrate2,obs_nominalrate3,obs_nominalrate4,obs_nominalrate5,obs_nominalrate6
0.46166950464248124,-47.30716323852539,0.46166950464248124,0.5102097969502104,0.49999999999998934,1.2643452825851886,0.46166950464248124,0.46166950464248124,0.4389321594381382,0.49999999999998934,1.2643452825851886,0.0,0.46166950464248124,0.1174310227768634,1.2643452825851886,1.2643452825851886,1.2643452825851886,1.2643452825851886,1.2643452825851886,1.2643452825851886
