obs_gdp,obs_hours,obs_wages,obs_gdpdeflator,obs_corepce,obs_nominalrate,obs_consumption,obs_investment,obs_BBBspread,obs_longinflation,obs_longrate,obs_tfp,obs_gdi,obs_AAAspread,obs_nominalrate1,obs_nominalrate2,obs_nominalrate3,obs_nominalrate4,obs_nominalrate5,obs_nominalrate6
0.42224633461696026,-48.53664650928799,0.42224633461696026,0.49711056029426737,0.49999999999998934,0.8831977660279211,0.42224633461696026,0.42224633461696026,0.4818392839111646,0.49999999999998934,0.8831977660279211,0.0,0.42224633461696026,0.1174310227768634,0.8831977660279211,0.8831977660279211,0.8831977660279211,0.8831977660279211,0.8831977660279211,0.8831977660279211
