obs_gdp,obs_hours,obs_wages,obs_gdpdeflator,obs_corepce,obs_nominalrate,obs_consumption,obs_investment,obs_BBBspread,obs_longinflation,obs_longrate,obs_tfp,obs_gdi,obs_AAAspread,obs_nominalrate1,obs_nominalrate2,obs_nominalrate3,obs_nominalrate4,obs_nominalrate5,obs_nominalrate6
0.4268671241613342,-48.248600531203365,0.4268671241613342,0.49695762993188736,0.49999999999998934,0.8894242812339304,0.4268671241613342,0.4268671241613342,0.48136198609526387,0.49999999999998934,0.8894242812339304,0.0,0.4268671241613342,0.1174310227768634,0.8894242812339304,0.8894242812339304,0.8894242812339304,0.8894242812339304,0.8894242812339304,0.8894242812339304
