obs_gdp,obs_hours,obs_wages,obs_gdpdeflator,obs_corepce,obs_nominalrate,obs_consumption,obs_investment,obs_BBBspread,obs_longinflation,obs_longrate,obs_tfp,obs_gdi,obs_AAAspread,obs_nominalrate1,obs_nominalrate2,obs_nominalrate3,obs_nominalrate4,obs_nominalrate5,obs_nominalrate6
0.4709628820419365,-47.02580261230469,0.4709628820419365,0.5063313823193205,0.49999999999998934,1.2559155193269111,0.4709628820419365,0.4709628820419365,0.4352137669781312,0.49999999999998934,1.2559155193269111,0.0,0.4709628820419365,0.1174310227768634,1.2559155193269111,1.2559155193269111,1.2559155193269111,1.2559155193269111,1.2559155193269111,1.2559155193269111
