obs_gdp,obs_hours,obs_wages,obs_gdpdeflator,obs_corepce,obs_nominalrate,obs_consumption,obs_investment,obs_BBBspread,obs_longinflation,obs_longrate,obs_tfp,obs_gdi,obs_AAAspread,obs_nominalrate1,obs_nominalrate2,obs_nominalrate3,obs_nominalrate4,obs_nominalrate5,obs_nominalrate6
0.46589165925978726,-47.16380310058594,0.46589165925978726,0.5070831775665177,0.49999999999998934,1.260479329131381,0.46589165925978726,0.46589165925978726,0.4360996221091751,0.49999999999998934,1.260479329131381,0.0,0.46589165925978726,0.1174310227768634,1.260479329131381,1.260479329131381,1.260479329131381,1.260479329131381,1.260479329131381,1.260479329131381
