obs_gdp,obs_hours,obs_wages,obs_gdpdeflator,obs_corepce,obs_nominalrate,obs_consumption,obs_investment,obs_BBBspread,obs_longinflation,obs_longrate,obs_tfp,obs_gdi,obs_AAAspread,obs_nominalrate1,obs_nominalrate2,obs_nominalrate3,obs_nominalrate4,obs_nominalrate5,obs_nominalrate6
0.45769748091697426,-47.142330169677734,0.45769748091697426,0.5054739853367103,0.49999999999998934,1.249356024322834,0.45769748091697426,0.45769748091697426,0.4318228470371664,0.49999999999998934,1.249356024322834,0.0,0.45769748091697426,0.1174310227768634,1.249356024322834,1.249356024322834,1.249356024322834,1.249356024322834,1.249356024322834,1.249356024322834
