obs_gdp,obs_hours,obs_wages,obs_gdpdeflator,obs_corepce,obs_nominalrate,obs_consumption,obs_investment,obs_BBBspread,obs_longinflation,obs_longrate,obs_tfp,obs_gdi,obs_AAAspread,obs_nominalrate1,obs_nominalrate2,obs_nominalrate3,obs_nominalrate4,obs_nominalrate5,obs_nominalrate6
0.4291743229738243,-47.9915335909658,0.4291743229738243,0.49680920470574547,0.49999999999998934,0.8915620441432903,0.4291743229738243,0.4291743229738243,0.47989876266578707,0.49999999999998934,0.8915620441432903,0.0,0.4291743229738243,0.1174310227768634,0.8915620441432903,0.8915620441432903,0.8915620441432903,0.8915620441432903,0.8915620441432903,0.8915620441432903
