obs_gdp,obs_hours,obs_wages,obs_gdpdeflator,obs_corepce,obs_nominalrate,obs_consumption,obs_investment,obs_BBBspread,obs_longinflation,obs_longrate,obs_tfp,obs_gdi,obs_AAAspread,obs_nominalrate1,obs_nominalrate2,obs_nominalrate3,obs_nominalrate4,obs_nominalrate5,obs_nominalrate6
0.45921978354455106,-47.25985336303711,0.45921978354455106,0.5001433697325304,0.49999999999998934,1.2364173238505138,0.45921978354455106,0.45921978354455106,0.43363946532824066,0.49999999999998934,1.2364173238505138,0.0,0.45921978354455106,0.1174310227768634,1.2364173238505138,1.2364173238505138,1.2364173238505138,1.2364173238505138,1.2364173238505138,1.2364173238505138
