obs_gdp,obs_hours,obs_wages,obs_gdpdeflator,obs_corepce,obs_nominalrate,obs_consumption,obs_investment,obs_BBBspread,obs_longinflation,obs_longrate,obs_tfp,obs_gdi,obs_AAAspread,obs_nominalrate1,obs_nominalrate2,obs_nominalrate3,obs_nominalrate4,obs_nominalrate5,obs_nominalrate6
0.4331308231993125,-47.6317653542933,0.4331308231993125,0.4965962774345675,0.49999999999998934,0.8941198982333809,0.4331308231993125,0.4331308231993125,0.47849669904533093,0.49999999999998934,0.8941198982333809,0.0,0.4331308231993125,0.1174310227768634,0.8941198982333809,0.8941198982333809,0.8941198982333809,0.8941198982333809,0.8941198982333809,0.8941198982333809
