obs_gdp,obs_hours,obs_wages,obs_gdpdeflator,obs_corepce,obs_nominalrate,obs_consumption,obs_investment,obs_BBBspread,obs_longinflation,obs_longrate,obs_tfp,obs_gdi,obs_AAAspread,obs_nominalrate1,obs_nominalrate2,obs_nominalrate3,obs_nominalrate4,obs_nominalrate5,obs_nominalrate6
0.4506451487541252,-47.366634368896484,0.4506451487541252,0.4942740737460447,0.49999999999998934,1.2376440189296734,0.4506451487541252,0.4506451487541252,0.4361556157604924,0.49999999999998934,1.2376440189296734,0.0,0.4506451487541252,0.1174310227768634,1.2376440189296734,1.2376440189296734,1.2376440189296734,1.2376440189296734,1.2376440189296734,1.2376440189296734
