obs_gdp,obs_hours,obs_wages,obs_gdpdeflator,obs_corepce,obs_nominalrate,obs_consumption,obs_investment,obs_BBBspread,obs_longinflation,obs_longrate,obs_tfp,obs_gdi,obs_AAAspread,obs_nominalrate1,obs_nominalrate2,obs_nominalrate3,obs_nominalrate4,obs_nominalrate5,obs_nominalrate6
0.4389682972094855,-47.167024508299576,0.4389682972094855,0.4965964362972081,0.49999999999998934,0.8994247546760592,0.4389682972094855,0.4389682972094855,0.47814794745715694,0.49999999999998934,0.8994247546760592,0.0,0.4389682972094855,0.1174310227768634,0.8994247546760592,0.8994247546760592,0.8994247546760592,0.8994247546760592,0.8994247546760592,0.8994247546760592
