obs_gdp,obs_hours,obs_wages,obs_gdpdeflator,obs_corepce,obs_nominalrate,obs_consumption,obs_investment,obs_BBBspread,obs_longinflation,obs_longrate,obs_tfp,obs_gdi,obs_AAAspread,obs_nominalrate1,obs_nominalrate2,obs_nominalrate3,obs_nominalrate4,obs_nominalrate5,obs_nominalrate6
0.4353791773319182,-47.45915985107422,0.4353791773319182,0.5020279372110856,0.49999999999998934,1.194173619996164,0.4353791773319182,0.4353791773319182,0.43734915344816616,0.49999999999998934,1.194173619996164,0.0,0.4353791773319182,0.1174310227768634,1.194173619996164,1.194173619996164,1.194173619996164,1.194173619996164,1.194173619996164,1.194173619996164
