obs_gdp,obs_hours,obs_wages,obs_gdpdeflator,obs_corepce,obs_nominalrate,obs_consumption,obs_investment,obs_BBBspread,obs_longinflation,obs_longrate,obs_tfp,obs_gdi,obs_AAAspread,obs_nominalrate1,obs_nominalrate2,obs_nominalrate3,obs_nominalrate4,obs_nominalrate5,obs_nominalrate6
0.47635370492935536,-47.23130798339844,0.47635370492935536,0.5063519868999613,0.49999999999998934,1.1911383339347603,0.47635370492935536,0.47635370492935536,0.44146444200189766,0.49999999999998934,1.1911383339347603,0.0,0.47635370492935536,0.1174310227768634,1.1911383339347603,1.1911383339347603,1.1911383339347603,1.1911383339347603,1.1911383339347603,1.1911383339347603
