obs_gdp,obs_hours,obs_wages,obs_gdpdeflator,obs_corepce,obs_nominalrate,obs_consumption,obs_investment,obs_BBBspread,obs_longinflation,obs_longrate,obs_tfp,obs_gdi,obs_AAAspread,obs_nominalrate1,obs_nominalrate2,obs_nominalrate3,obs_nominalrate4,obs_nominalrate5,obs_nominalrate6
0.46342912316321705,-47.278648376464844,0.46342912316321705,0.5133620882406724,0.49999999999998934,1.1834847413757732,0.46342912316321705,0.46342912316321705,0.4601946579079453,0.49999999999998934,1.1834847413757732,0.0,0.46342912316321705,0.1174310227768634,1.1834847413757732,1.1834847413757732,1.1834847413757732,1.1834847413757732,1.1834847413757732,1.1834847413757732
