obs_gdp,obs_hours,obs_wages,obs_gdpdeflator,obs_corepce,obs_nominalrate,obs_consumption,obs_investment,obs_BBBspread,obs_longinflation,obs_longrate,obs_tfp,obs_gdi,obs_AAAspread,obs_nominalrate1,obs_nominalrate2,obs_nominalrate3,obs_nominalrate4,obs_nominalrate5,obs_nominalrate6
0.3766150772571475,-46.90188217163086,0.3766150772571475,0.5110931573435558,0.49999999999998934,0.8478484319563773,0.3766150772571475,0.3766150772571475,0.46603853168760945,0.49999999999998934,0.8478484319563773,0.0,0.3766150772571475,0.1174310227768634,0.8478484319563773,0.8478484319563773,0.8478484319563773,0.8478484319563773,0.8478484319563773,0.8478484319563773
