obs_gdp,obs_hours,obs_wages,obs_gdpdeflator,obs_corepce,obs_nominalrate,obs_consumption,obs_investment,obs_BBBspread,obs_longinflation,obs_longrate,obs_tfp,obs_gdi,obs_AAAspread,obs_nominalrate1,obs_nominalrate2,obs_nominalrate3,obs_nominalrate4,obs_nominalrate5,obs_nominalrate6
0.41889612232814954,-47.663891963282346,0.41889612232814954,0.4939875567251908,0.49999999999998934,0.9162177093188895,0.41889612232814954,0.41889612232814954,0.46712067309619365,0.49999999999998934,0.9162177093188895,0.0,0.41889612232814954,0.1174310227768634,0.9162177093188895,0.9162177093188895,0.9162177093188895,0.9162177093188895,0.9162177093188895,0.9162177093188895
