obs_gdp,obs_hours,obs_wages,obs_gdpdeflator,obs_corepce,obs_nominalrate,obs_consumption,obs_investment,obs_BBBspread,obs_longinflation,obs_longrate,obs_tfp,obs_gdi,obs_AAAspread,obs_nominalrate1,obs_nominalrate2,obs_nominalrate3,obs_nominalrate4,obs_nominalrate5,obs_nominalrate6
0.4278054896369232,-47.55294380852782,0.4278054896369232,0.4943950684643863,0.49999999999998934,0.9282601781499089,0.4278054896369232,0.4278054896369232,0.4651066219036456,0.49999999999998934,0.9282601781499089,0.0,0.4278054896369232,0.1174310227768634,0.9282601781499089,0.9282601781499089,0.9282601781499089,0.9282601781499089,0.9282601781499089,0.9282601781499089
