obs_gdp,obs_hours,obs_wages,obs_gdpdeflator,obs_corepce,obs_nominalrate,obs_consumption,obs_investment,obs_BBBspread,obs_longinflation,obs_longrate,obs_tfp,obs_gdi,obs_AAAspread,obs_nominalrate1,obs_nominalrate2,obs_nominalrate3,obs_nominalrate4,obs_nominalrate5,obs_nominalrate6
0.47630673646927857,-46.964073181152344,0.47630673646927857,0.5166090838611019,0.49999999999998934,1.205650321442553,0.47630673646927857,0.47630673646927857,0.45840764543847073,0.49999999999998934,1.205650321442553,0.0,0.47630673646927857,0.1174310227768634,1.205650321442553,1.205650321442553,1.205650321442553,1.205650321442553,1.205650321442553,1.205650321442553
