obs_gdp,obs_hours,obs_wages,obs_gdpdeflator,obs_corepce,obs_nominalrate,obs_consumption,obs_investment,obs_BBBspread,obs_longinflation,obs_longrate,obs_tfp,obs_gdi,obs_AAAspread,obs_nominalrate1,obs_nominalrate2,obs_nominalrate3,obs_nominalrate4,obs_nominalrate5,obs_nominalrate6
0.4792966544628241,-46.797359466552734,0.4792966544628241,0.5172485746443165,0.49999999999998934,1.2040106303372156,0.4792966544628241,0.4792966544628241,0.45782612409330325,0.49999999999998934,1.2040106303372156,0.0,0.4792966544628241,0.1174310227768634,1.2040106303372156,1.2040106303372156,1.2040106303372156,1.2040106303372156,1.2040106303372156,1.2040106303372156
