obs_gdp,obs_hours,obs_wages,obs_gdpdeflator,obs_corepce,obs_nominalrate,obs_consumption,obs_investment,obs_BBBspread,obs_longinflation,obs_longrate,obs_tfp,obs_gdi,obs_AAAspread,obs_nominalrate1,obs_nominalrate2,obs_nominalrate3,obs_nominalrate4,obs_nominalrate5,obs_nominalrate6
0.42294756461147553,-48.397520595332644,0.42294756461147553,0.49656449662393537,0.49999999999998934,0.8904989726343793,0.42294756461147553,0.42294756461147553,0.4775176977830661,0.49999999999998934,0.8904989726343793,0.0,0.42294756461147553,0.1174310227768634,0.8904989726343793,0.8904989726343793,0.8904989726343793,0.8904989726343793,0.8904989726343793,0.8904989726343793
