obs_gdp,obs_hours,obs_wages,obs_gdpdeflator,obs_corepce,obs_nominalrate,obs_consumption,obs_investment,obs_BBBspread,obs_longinflation,obs_longrate,obs_tfp,obs_gdi,obs_AAAspread,obs_nominalrate1,obs_nominalrate2,obs_nominalrate3,obs_nominalrate4,obs_nominalrate5,obs_nominalrate6
0.4726943969726616,-46.88911056518555,0.4726943969726616,0.5232919771224154,0.49999999999998934,1.1877871086421132,0.4726943969726616,0.4726943969726616,0.4588686909661512,0.49999999999998934,1.1877871086421132,0.0,0.4726943969726616,0.1174310227768634,1.1877871086421132,1.1877871086421132,1.1877871086421132,1.1877871086421132,1.1877871086421132,1.1877871086421132
