obs_gdp,obs_hours,obs_wages,obs_gdpdeflator,obs_corepce,obs_nominalrate,obs_consumption,obs_investment,obs_BBBspread,obs_longinflation,obs_longrate,obs_tfp,obs_gdi,obs_AAAspread,obs_nominalrate1,obs_nominalrate2,obs_nominalrate3,obs_nominalrate4,obs_nominalrate5,obs_nominalrate6
0.4627828896045738,-47.262149810791016,0.4627828896045738,0.5310154017060889,0.49999999999998934,1.1518318663060745,0.4627828896045738,0.4627828896045738,0.46546723599741446,0.49999999999998934,1.1518318663060745,0.0,0.4627828896045738,0.1174310227768634,1.1518318663060745,1.1518318663060745,1.1518318663060745,1.1518318663060745,1.1518318663060745,1.1518318663060745
