obs_gdp,obs_hours,obs_wages,obs_gdpdeflator,obs_corepce,obs_nominalrate,obs_consumption,obs_investment,obs_BBBspread,obs_longinflation,obs_longrate,obs_tfp,obs_gdi,obs_AAAspread,obs_nominalrate1,obs_nominalrate2,obs_nominalrate3,obs_nominalrate4,obs_nominalrate5,obs_nominalrate6
0.463774532079686,-47.25589370727539,0.463774532079686,0.5393368639051808,0.49999999999998934,1.163389705525697,0.463774532079686,0.463774532079686,0.4658793551927965,0.49999999999998934,1.163389705525697,0.0,0.463774532079686,0.1174310227768634,1.163389705525697,1.163389705525697,1.163389705525697,1.163389705525697,1.163389705525697,1.163389705525697
