obs_gdp,obs_hours,obs_wages,obs_gdpdeflator,obs_corepce,obs_nominalrate,obs_consumption,obs_investment,obs_BBBspread,obs_longinflation,obs_longrate,obs_tfp,obs_gdi,obs_AAAspread,obs_nominalrate1,obs_nominalrate2,obs_nominalrate3,obs_nominalrate4,obs_nominalrate5,obs_nominalrate6
0.43094553501381583,-47.761631349478925,0.43094553501381583,0.49712167006709224,0.49999999999998934,0.9044913071231564,0.43094553501381583,0.43094553501381583,0.47394422655647245,0.49999999999998934,0.9044913071231564,0.0,0.43094553501381583,0.1174310227768634,0.9044913071231564,0.9044913071231564,0.9044913071231564,0.9044913071231564,0.9044913071231564,0.9044913071231564
