obs_gdp,obs_hours,obs_wages,obs_gdpdeflator,obs_corepce,obs_nominalrate,obs_consumption,obs_investment,obs_BBBspread,obs_longinflation,obs_longrate,obs_tfp,obs_gdi,obs_AAAspread,obs_nominalrate1,obs_nominalrate2,obs_nominalrate3,obs_nominalrate4,obs_nominalrate5,obs_nominalrate6
0.43073858237789864,-47.78721532204829,0.43073858237789864,0.4971924913567223,0.49999999999998934,0.9030130359157562,0.43073858237789864,0.43073858237789864,0.47497320302157764,0.49999999999998934,0.9030130359157562,0.0,0.43073858237789864,0.1174310227768634,0.9030130359157562,0.9030130359157562,0.9030130359157562,0.9030130359157562,0.9030130359157562,0.9030130359157562
