obs_gdp,obs_hours,obs_wages,obs_gdpdeflator,obs_corepce,obs_nominalrate,obs_consumption,obs_investment,obs_BBBspread,obs_longinflation,obs_longrate,obs_tfp,obs_gdi,obs_AAAspread,obs_nominalrate1,obs_nominalrate2,obs_nominalrate3,obs_nominalrate4,obs_nominalrate5,obs_nominalrate6
0.46951472759246826,-46.952762603759766,0.46951472759246826,0.5339729562401665,0.49999999999998934,1.1170898999709689,0.46951472759246826,0.46951472759246826,0.4801444036826144,0.49999999999998934,1.1170898999709689,0.0,0.46951472759246826,0.1174310227768634,1.1170898999709689,1.1170898999709689,1.1170898999709689,1.1170898999709689,1.1170898999709689,1.1170898999709689
