obs_gdp,obs_hours,obs_wages,obs_gdpdeflator,obs_corepce,obs_nominalrate,obs_consumption,obs_investment,obs_BBBspread,obs_longinflation,obs_longrate,obs_tfp,obs_gdi,obs_AAAspread,obs_nominalrate1,obs_nominalrate2,obs_nominalrate3,obs_nominalrate4,obs_nominalrate5,obs_nominalrate6
0.4671577513218006,-46.86088180541992,0.4671577513218006,0.5252822749316586,0.49999999999998934,1.1058884754417742,0.4671577513218006,0.4671577513218006,0.4724215225127217,0.49999999999998934,1.1058884754417742,0.0,0.4671577513218006,0.1174310227768634,1.1058884754417742,1.1058884754417742,1.1058884754417742,1.1058884754417742,1.1058884754417742,1.1058884754417742
