obs_gdp,obs_hours,obs_wages,obs_gdpdeflator,obs_corepce,obs_nominalrate,obs_consumption,obs_investment,obs_BBBspread,obs_longinflation,obs_longrate,obs_tfp,obs_gdi,obs_AAAspread,obs_nominalrate1,obs_nominalrate2,obs_nominalrate3,obs_nominalrate4,obs_nominalrate5,obs_nominalrate6
0.4732799828052414,-46.875892639160156,0.4732799828052414,0.5250653438269985,0.49999999999998934,1.0896988109538874,0.4732799828052414,0.4732799828052414,0.4754748671397394,0.49999999999998934,1.0896988109538874,0.0,0.4732799828052414,0.1174310227768634,1.0896988109538874,1.0896988109538874,1.0896988109538874,1.0896988109538874,1.0896988109538874,1.0896988109538874
