obs_gdp,obs_hours,obs_wages,obs_gdpdeflator,obs_corepce,obs_nominalrate,obs_consumption,obs_investment,obs_BBBspread,obs_longinflation,obs_longrate,obs_tfp,obs_gdi,obs_AAAspread,obs_nominalrate1,obs_nominalrate2,obs_nominalrate3,obs_nominalrate4,obs_nominalrate5,obs_nominalrate6
0.4286328235602932,-47.89813519495365,0.4286328235602932,0.49720602877958064,0.49999999999998934,0.8992489616464816,0.4286328235602932,0.4286328235602932,0.4743929495676367,0.49999999999998934,0.8992489616464816,0.0,0.4286328235602932,0.1174310227768634,0.8992489616464816,0.8992489616464816,0.8992489616464816,0.8992489616464816,0.8992489616464816,0.8992489616464816
