obs_gdp,obs_hours,obs_wages,obs_gdpdeflator,obs_corepce,obs_nominalrate,obs_consumption,obs_investment,obs_BBBspread,obs_longinflation,obs_longrate,obs_tfp,obs_gdi,obs_AAAspread,obs_nominalrate1,obs_nominalrate2,obs_nominalrate3,obs_nominalrate4,obs_nominalrate5,obs_nominalrate6
0.47041916847228027,-46.64761734008789,0.47041916847228027,0.5335649102926148,0.49999999999998934,1.0952842138840735,0.47041916847228027,0.47041916847228027,0.47798872512046553,0.49999999999998934,1.0952842138840735,0.0,0.47041916847228027,0.1174310227768634,1.0952842138840735,1.0952842138840735,1.0952842138840735,1.0952842138840735,1.0952842138840735,1.0952842138840735
