obs_gdp,obs_hours,obs_wages,obs_gdpdeflator,obs_corepce,obs_nominalrate,obs_consumption,obs_investment,obs_BBBspread,obs_longinflation,obs_longrate,obs_tfp,obs_gdi,obs_AAAspread,obs_nominalrate1,obs_nominalrate2,obs_nominalrate3,obs_nominalrate4,obs_nominalrate5,obs_nominalrate6
0.44568052887916654,-46.84138488769531,0.44568052887916654,0.5362997725605858,0.49999999999998934,1.0828852955840906,0.44568052887916654,0.44568052887916654,0.4624880244685691,0.49999999999998934,1.0828852955840906,0.0,0.44568052887916654,0.1174310227768634,1.0828852955840906,1.0828852955840906,1.0828852955840906,1.0828852955840906,1.0828852955840906,1.0828852955840906
