obs_gdp,obs_hours,obs_wages,obs_gdpdeflator,obs_corepce,obs_nominalrate,obs_consumption,obs_investment,obs_BBBspread,obs_longinflation,obs_longrate,obs_tfp,obs_gdi,obs_AAAspread,obs_nominalrate1,obs_nominalrate2,obs_nominalrate3,obs_nominalrate4,obs_nominalrate5,obs_nominalrate6
0.4231061222120136,-48.22331310160274,0.4231061222120136,0.49641384529867727,0.49999999999998934,0.8913187391078603,0.4231061222120136,0.4231061222120136,0.47497570461874733,0.49999999999998934,0.8913187391078603,0.0,0.4231061222120136,0.1174310227768634,0.8913187391078603,0.8913187391078603,0.8913187391078603,0.8913187391078603,0.8913187391078603,0.8913187391078603
