obs_gdp,obs_hours,obs_wages,obs_gdpdeflator,obs_corepce,obs_nominalrate,obs_consumption,obs_investment,obs_BBBspread,obs_longinflation,obs_longrate,obs_tfp,obs_gdi,obs_AAAspread,obs_nominalrate1,obs_nominalrate2,obs_nominalrate3,obs_nominalrate4,obs_nominalrate5,obs_nominalrate6
0.4238245641327021,-47.30105169797289,0.4238245641327021,0.49402902098714085,0.49999999999998934,0.9211329551710445,0.4238245641327021,0.4238245641327021,0.4670022720077281,0.49999999999998934,0.9211329551710445,0.0,0.4238245641327021,0.1174310227768634,0.9211329551710445,0.9211329551710445,0.9211329551710445,0.9211329551710445,0.9211329551710445,0.9211329551710445
