obs_gdp,obs_hours,obs_wages,obs_gdpdeflator,obs_corepce,obs_nominalrate,obs_consumption,obs_investment,obs_BBBspread,obs_longinflation,obs_longrate,obs_tfp,obs_gdi,obs_AAAspread,obs_nominalrate1,obs_nominalrate2,obs_nominalrate3,obs_nominalrate4,obs_nominalrate5,obs_nominalrate6
0.3921932876109979,-47.135032653808594,0.3921932876109979,0.507398969959457,0.49999999999998934,0.866313351855319,0.3921932876109979,0.3921932876109979,0.4704417084255664,0.49999999999998934,0.866313351855319,0.0,0.3921932876109979,0.1174310227768634,0.866313351855319,0.866313351855319,0.866313351855319,0.866313351855319,0.866313351855319,0.866313351855319
