obs_gdp,obs_hours,obs_wages,obs_gdpdeflator,obs_corepce,obs_nominalrate,obs_consumption,obs_investment,obs_BBBspread,obs_longinflation,obs_longrate,obs_tfp,obs_gdi,obs_AAAspread,obs_nominalrate1,obs_nominalrate2,obs_nominalrate3,obs_nominalrate4,obs_nominalrate5,obs_nominalrate6
0.4508425891399437,-46.6073112487793,0.4508425891399437,0.5316382646560562,0.49999999999998934,1.095476198352996,0.4508425891399437,0.4508425891399437,0.45143132677750347,0.49999999999998934,1.095476198352996,0.0,0.4508425891399437,0.1174310227768634,1.095476198352996,1.095476198352996,1.095476198352996,1.095476198352996,1.095476198352996,1.095476198352996
