obs_gdp,obs_hours,obs_wages,obs_gdpdeflator,obs_corepce,obs_nominalrate,obs_consumption,obs_investment,obs_BBBspread,obs_longinflation,obs_longrate,obs_tfp,obs_gdi,obs_AAAspread,obs_nominalrate1,obs_nominalrate2,obs_nominalrate3,obs_nominalrate4,obs_nominalrate5,obs_nominalrate6
0.4301494413321283,-47.704138521513606,0.4301494413321283,0.4960797156278528,0.49999999999998934,0.8997584399885294,0.4301494413321283,0.4301494413321283,0.4743444774010651,0.49999999999998934,0.8997584399885294,0.0,0.4301494413321283,0.1174310227768634,0.8997584399885294,0.8997584399885294,0.8997584399885294,0.8997584399885294,0.8997584399885294,0.8997584399885294
