obs_gdp,obs_hours,obs_wages,obs_gdpdeflator,obs_corepce,obs_nominalrate,obs_consumption,obs_investment,obs_BBBspread,obs_longinflation,obs_longrate,obs_tfp,obs_gdi,obs_AAAspread,obs_nominalrate1,obs_nominalrate2,obs_nominalrate3,obs_nominalrate4,obs_nominalrate5,obs_nominalrate6
0.43064305850102347,-47.6539647966411,0.43064305850102347,0.49619997611530303,0.49999999999998934,0.9000864983862877,0.43064305850102347,0.43064305850102347,0.4748753099284142,0.49999999999998934,0.9000864983862877,0.0,0.43064305850102347,0.1174310227768634,0.9000864983862877,0.9000864983862877,0.9000864983862877,0.9000864983862877,0.9000864983862877,0.9000864983862877
