obs_gdp,obs_hours,obs_wages,obs_gdpdeflator,obs_corepce,obs_nominalrate,obs_consumption,obs_investment,obs_BBBspread,obs_longinflation,obs_longrate,obs_tfp,obs_gdi,obs_AAAspread,obs_nominalrate1,obs_nominalrate2,obs_nominalrate3,obs_nominalrate4,obs_nominalrate5,obs_nominalrate6
0.4361211061477688,-47.061981201171875,0.4361211061477688,0.5302671287208689,0.49999999999998934,1.066973587438147,0.4361211061477688,0.4361211061477688,0.4589886521918738,0.49999999999998934,1.066973587438147,0.0,0.4361211061477688,0.1174310227768634,1.066973587438147,1.066973587438147,1.066973587438147,1.066973587438147,1.066973587438147,1.066973587438147
