obs_gdp,obs_hours,obs_wages,obs_gdpdeflator,obs_corepce,obs_nominalrate,obs_consumption,obs_investment,obs_BBBspread,obs_longinflation,obs_longrate,obs_tfp,obs_gdi,obs_AAAspread,obs_nominalrate1,obs_nominalrate2,obs_nominalrate3,obs_nominalrate4,obs_nominalrate5,obs_nominalrate6
0.4306754764050291,-47.653308428617564,0.4306754764050291,0.4961679173637874,0.49999999999998934,0.9013833991336595,0.4306754764050291,0.4306754764050291,0.474992230365728,0.49999999999998934,0.9013833991336595,0.0,0.4306754764050291,0.1174310227768634,0.9013833991336595,0.9013833991336595,0.9013833991336595,0.9013833991336595,0.9013833991336595,0.9013833991336595
