obs_gdp,obs_hours,obs_wages,obs_gdpdeflator,obs_corepce,obs_nominalrate,obs_consumption,obs_investment,obs_BBBspread,obs_longinflation,obs_longrate,obs_tfp,obs_gdi,obs_AAAspread,obs_nominalrate1,obs_nominalrate2,obs_nominalrate3,obs_nominalrate4,obs_nominalrate5,obs_nominalrate6
0.4388899207115271,-47.13609313964844,0.4388899207115271,0.5277858972549332,0.49999999999998934,1.0731717849826738,0.4388899207115271,0.4388899207115271,0.46394260701172907,0.49999999999998934,1.0731717849826738,0.0,0.4388899207115271,0.1174310227768634,1.0731717849826738,1.0731717849826738,1.0731717849826738,1.0731717849826738,1.0731717849826738,1.0731717849826738
