obs_gdp,obs_hours,obs_wages,obs_gdpdeflator,obs_corepce,obs_nominalrate,obs_consumption,obs_investment,obs_BBBspread,obs_longinflation,obs_longrate,obs_tfp,obs_gdi,obs_AAAspread,obs_nominalrate1,obs_nominalrate2,obs_nominalrate3,obs_nominalrate4,obs_nominalrate5,obs_nominalrate6
0.44144383072852733,-47.219234466552734,0.44144383072852733,0.5239470973610771,0.49999999999998934,1.0907937483475072,0.44144383072852733,0.44144383072852733,0.4667389905137702,0.49999999999998934,1.0907937483475072,0.0,0.44144383072852733,0.1174310227768634,1.0907937483475072,1.0907937483475072,1.0907937483475072,1.0907937483475072,1.0907937483475072,1.0907937483475072
