obs_gdp,obs_hours,obs_wages,obs_gdpdeflator,obs_corepce,obs_nominalrate,obs_consumption,obs_investment,obs_BBBspread,obs_longinflation,obs_longrate,obs_tfp,obs_gdi,obs_AAAspread,obs_nominalrate1,obs_nominalrate2,obs_nominalrate3,obs_nominalrate4,obs_nominalrate5,obs_nominalrate6
0.43120560623808313,-47.5758436752406,0.43120560623808313,0.49588553953653325,0.49999999999998934,0.9016044333682194,0.43120560623808313,0.43120560623808313,0.4755162167038705,0.49999999999998934,0.9016044333682194,0.0,0.43120560623808313,0.1174310227768634,0.9016044333682194,0.9016044333682194,0.9016044333682194,0.9016044333682194,0.9016044333682194,0.9016044333682194
