obs_gdp,obs_hours,obs_wages,obs_gdpdeflator,obs_corepce,obs_nominalrate,obs_consumption,obs_investment,obs_BBBspread,obs_longinflation,obs_longrate,obs_tfp,obs_gdi,obs_AAAspread,obs_nominalrate1,obs_nominalrate2,obs_nominalrate3,obs_nominalrate4,obs_nominalrate5,obs_nominalrate6
0.4364917122101186,-47.21172754322606,0.4364917122101186,0.49610463933286225,0.49999999999998934,0.9070836618148004,0.4364917122101186,0.4364917122101186,0.4753172930717787,0.49999999999998934,0.9070836618148004,0.0,0.4364917122101186,0.1174310227768634,0.9070836618148004,0.9070836618148004,0.9070836618148004,0.9070836618148004,0.9070836618148004,0.9070836618148004
