obs_gdp,obs_hours,obs_wages,obs_gdpdeflator,obs_corepce,obs_nominalrate,obs_consumption,obs_investment,obs_BBBspread,obs_longinflation,obs_longrate,obs_tfp,obs_gdi,obs_AAAspread,obs_nominalrate1,obs_nominalrate2,obs_nominalrate3,obs_nominalrate4,obs_nominalrate5,obs_nominalrate6
0.4440382421016631,-47.3856315612793,0.4440382421016631,0.5235994439571989,0.49999999999998934,1.0893289013125695,0.4440382421016631,0.4440382421016631,0.4606152931694832,0.49999999999998934,1.0893289013125695,0.0,0.4440382421016631,0.1174310227768634,1.0893289013125695,1.0893289013125695,1.0893289013125695,1.0893289013125695,1.0893289013125695,1.0893289013125695
