obs_gdp,obs_hours,obs_wages,obs_gdpdeflator,obs_corepce,obs_nominalrate,obs_consumption,obs_investment,obs_BBBspread,obs_longinflation,obs_longrate,obs_tfp,obs_gdi,obs_AAAspread,obs_nominalrate1,obs_nominalrate2,obs_nominalrate3,obs_nominalrate4,obs_nominalrate5,obs_nominalrate6
0.4399660470786326,-46.90551612225978,0.4399660470786326,0.49599532955781916,0.49999999999998934,0.9107870577648169,0.4399660470786326,0.4399660470786326,0.47497380826399416,0.49999999999998934,0.9107870577648169,0.0,0.4399660470786326,0.1174310227768634,0.9107870577648169,0.9107870577648169,0.9107870577648169,0.9107870577648169,0.9107870577648169,0.9107870577648169
