obs_gdp,obs_hours,obs_wages,obs_gdpdeflator,obs_corepce,obs_nominalrate,obs_consumption,obs_investment,obs_BBBspread,obs_longinflation,obs_longrate,obs_tfp,obs_gdi,obs_AAAspread,obs_nominalrate1,obs_nominalrate2,obs_nominalrate3,obs_nominalrate4,obs_nominalrate5,obs_nominalrate6
0.4393824157123083,-46.900109227840595,0.4393824157123083,0.4959638524208763,0.49999999999998934,0.9087517318426386,0.4393824157123083,0.4393824157123083,0.4744369555998125,0.49999999999998934,0.9087517318426386,0.0,0.4393824157123083,0.1174310227768634,0.9087517318426386,0.9087517318426386,0.9087517318426386,0.9087517318426386,0.9087517318426386,0.9087517318426386
