obs_gdp,obs_hours,obs_wages,obs_gdpdeflator,obs_corepce,obs_nominalrate,obs_consumption,obs_investment,obs_BBBspread,obs_longinflation,obs_longrate,obs_tfp,obs_gdi,obs_AAAspread,obs_nominalrate1,obs_nominalrate2,obs_nominalrate3,obs_nominalrate4,obs_nominalrate5,obs_nominalrate6
0.4482574462890687,-47.03226089477539,0.4482574462890687,0.5184725150465859,0.49999999999998934,1.1189647472809483,0.4482574462890687,0.4482574462890687,0.4622598348436626,0.49999999999998934,1.1189647472809483,0.0,0.4482574462890687,0.1174310227768634,1.1189647472809483,1.1189647472809483,1.1189647472809483,1.1189647472809483,1.1189647472809483,1.1189647472809483
