obs_gdp,obs_hours,obs_wages,obs_gdpdeflator,obs_corepce,obs_nominalrate,obs_consumption,obs_investment,obs_BBBspread,obs_longinflation,obs_longrate,obs_tfp,obs_gdi,obs_AAAspread,obs_nominalrate1,obs_nominalrate2,obs_nominalrate3,obs_nominalrate4,obs_nominalrate5,obs_nominalrate6
0.46388059854507446,-46.652191162109375,0.46388059854507446,0.5149214034899963,0.49999999999998934,1.16204087170233,0.46388059854507446,0.46388059854507446,0.456727890519881,0.49999999999998934,1.16204087170233,0.0,0.46388059854507446,0.1174310227768634,1.16204087170233,1.16204087170233,1.16204087170233,1.16204087170233,1.16204087170233,1.16204087170233
