obs_gdp,obs_hours,obs_wages,obs_gdpdeflator,obs_corepce,obs_nominalrate,obs_consumption,obs_investment,obs_BBBspread,obs_longinflation,obs_longrate,obs_tfp,obs_gdi,obs_AAAspread,obs_nominalrate1,obs_nominalrate2,obs_nominalrate3,obs_nominalrate4,obs_nominalrate5,obs_nominalrate6
0.4417789427073382,-46.80887623500002,0.4417789427073382,0.4959565389859044,0.49999999999998934,0.9133392991739431,0.4417789427073382,0.4417789427073382,0.47226601095456616,0.49999999999998934,0.9133392991739431,0.0,0.4417789427073382,0.1174310227768634,0.9133392991739431,0.9133392991739431,0.9133392991739431,0.9133392991739431,0.9133392991739431,0.9133392991739431
