obs_gdp,obs_hours,obs_wages,obs_gdpdeflator,obs_corepce,obs_nominalrate,obs_consumption,obs_investment,obs_BBBspread,obs_longinflation,obs_longrate,obs_tfp,obs_gdi,obs_AAAspread,obs_nominalrate1,obs_nominalrate2,obs_nominalrate3,obs_nominalrate4,obs_nominalrate5,obs_nominalrate6
0.466757029294973,-46.69042205810547,0.466757029294973,0.5158318374305857,0.49999999999998934,1.141768421179945,0.466757029294973,0.466757029294973,0.46122436472884976,0.49999999999998934,1.141768421179945,0.0,0.466757029294973,0.1174310227768634,1.141768421179945,1.141768421179945,1.141768421179945,1.141768421179945,1.141768421179945,1.141768421179945
