obs_gdp,obs_hours,obs_wages,obs_gdpdeflator,obs_corepce,obs_nominalrate,obs_consumption,obs_investment,obs_BBBspread,obs_longinflation,obs_longrate,obs_tfp,obs_gdi,obs_AAAspread,obs_nominalrate1,obs_nominalrate2,obs_nominalrate3,obs_nominalrate4,obs_nominalrate5,obs_nominalrate6
0.46752244234085083,-46.3458251953125,0.46752244234085083,0.5143254576250804,0.49999999999998934,1.1484997909265715,0.46752244234085083,0.46752244234085083,0.45532892728868374,0.49999999999998934,1.1484997909265715,0.0,0.46752244234085083,0.1174310227768634,1.1484997909265715,1.1484997909265715,1.1484997909265715,1.1484997909265715,1.1484997909265715,1.1484997909265715
