obs_gdp,obs_hours,obs_wages,obs_gdpdeflator,obs_corepce,obs_nominalrate,obs_consumption,obs_investment,obs_BBBspread,obs_longinflation,obs_longrate,obs_tfp,obs_gdi,obs_AAAspread,obs_nominalrate1,obs_nominalrate2,obs_nominalrate3,obs_nominalrate4,obs_nominalrate5,obs_nominalrate6
0.4405821220189843,-46.875176080226424,0.4405821220189843,0.495788616301509,0.49999999999998934,0.9105617160189761,0.4405821220189843,0.4405821220189843,0.4725893150683666,0.49999999999998934,0.9105617160189761,0.0,0.4405821220189843,0.1174310227768634,0.9105617160189761,0.9105617160189761,0.9105617160189761,0.9105617160189761,0.9105617160189761,0.9105617160189761
