obs_gdp,obs_hours,obs_wages,obs_gdpdeflator,obs_corepce,obs_nominalrate,obs_consumption,obs_investment,obs_BBBspread,obs_longinflation,obs_longrate,obs_tfp,obs_gdi,obs_AAAspread,obs_nominalrate1,obs_nominalrate2,obs_nominalrate3,obs_nominalrate4,obs_nominalrate5,obs_nominalrate6
0.45855739712714616,-46.762577056884766,0.45855739712714616,0.5115012619644297,0.49999999999998934,1.122234720885107,0.45855739712714616,0.45855739712714616,0.46235175339974544,0.49999999999998934,1.122234720885107,0.0,0.45855739712714616,0.1174310227768634,1.122234720885107,1.122234720885107,1.122234720885107,1.122234720885107,1.122234720885107,1.122234720885107
