obs_gdp,obs_hours,obs_wages,obs_gdpdeflator,obs_corepce,obs_nominalrate,obs_consumption,obs_investment,obs_BBBspread,obs_longinflation,obs_longrate,obs_tfp,obs_gdi,obs_AAAspread,obs_nominalrate1,obs_nominalrate2,obs_nominalrate3,obs_nominalrate4,obs_nominalrate5,obs_nominalrate6
0.4585385918617346,-46.86034393310547,0.4585385918617346,0.5162992421537531,0.49999999999998934,1.1244253848388341,0.4585385918617346,0.4585385918617346,0.462402530963113,0.49999999999998934,1.1244253848388341,0.0,0.4585385918617346,0.1174310227768634,1.1244253848388341,1.1244253848388341,1.1244253848388341,1.1244253848388341,1.1244253848388341,1.1244253848388341
