obs_gdp,obs_hours,obs_wages,obs_gdpdeflator,obs_corepce,obs_nominalrate,obs_consumption,obs_investment,obs_BBBspread,obs_longinflation,obs_longrate,obs_tfp,obs_gdi,obs_AAAspread,obs_nominalrate1,obs_nominalrate2,obs_nominalrate3,obs_nominalrate4,obs_nominalrate5,obs_nominalrate6
0.4321521913773996,-47.46924509051998,0.4321521913773996,0.4954820230789071,0.49999999999998934,0.8995099124537109,0.4321521913773996,0.4321521913773996,0.47319862064691914,0.49999999999998934,0.8995099124537109,0.0,0.4321521913773996,0.1174310227768634,0.8995099124537109,0.8995099124537109,0.8995099124537109,0.8995099124537109,0.8995099124537109,0.8995099124537109
