obs_gdp,obs_hours,obs_wages,obs_gdpdeflator,obs_corepce,obs_nominalrate,obs_consumption,obs_investment,obs_BBBspread,obs_longinflation,obs_longrate,obs_tfp,obs_gdi,obs_AAAspread,obs_nominalrate1,obs_nominalrate2,obs_nominalrate3,obs_nominalrate4,obs_nominalrate5,obs_nominalrate6
0.45110237598420255,-46.68128204345703,0.45110237598420255,0.5133139155805004,0.49999999999998934,1.129255734364576,0.45110237598420255,0.45110237598420255,0.4619831340787759,0.49999999999998934,1.129255734364576,0.0,0.45110237598420255,0.1174310227768634,1.129255734364576,1.129255734364576,1.129255734364576,1.129255734364576,1.129255734364576,1.129255734364576
