obs_gdp,obs_hours,obs_wages,obs_gdpdeflator,obs_corepce,obs_nominalrate,obs_consumption,obs_investment,obs_BBBspread,obs_longinflation,obs_longrate,obs_tfp,obs_gdi,obs_AAAspread,obs_nominalrate1,obs_nominalrate2,obs_nominalrate3,obs_nominalrate4,obs_nominalrate5,obs_nominalrate6
0.4334354045920197,-47.416453907038346,0.4334354045920197,0.4958952393683302,0.49999999999998934,0.9023125748932603,0.4334354045920197,0.4334354045920197,0.4729099091966273,0.49999999999998934,0.9023125748932603,0.0,0.4334354045920197,0.1174310227768634,0.9023125748932603,0.9023125748932603,0.9023125748932603,0.9023125748932603,0.9023125748932603,0.9023125748932603
