obs_gdp,obs_hours,obs_wages,obs_gdpdeflator,obs_corepce,obs_nominalrate,obs_consumption,obs_investment,obs_BBBspread,obs_longinflation,obs_longrate,obs_tfp,obs_gdi,obs_AAAspread,obs_nominalrate1,obs_nominalrate2,obs_nominalrate3,obs_nominalrate4,obs_nominalrate5,obs_nominalrate6
0.44627878069878335,-46.57667541503906,0.44627878069878335,0.5049144751392198,0.49999999999998934,1.1268860385787782,0.44627878069878335,0.44627878069878335,0.46470020356183234,0.49999999999998934,1.1268860385787782,0.0,0.44627878069878335,0.1174310227768634,1.1268860385787782,1.1268860385787782,1.1268860385787782,1.1268860385787782,1.1268860385787782,1.1268860385787782
