obs_gdp,obs_hours,obs_wages,obs_gdpdeflator,obs_corepce,obs_nominalrate,obs_consumption,obs_investment,obs_BBBspread,obs_longinflation,obs_longrate,obs_tfp,obs_gdi,obs_AAAspread,obs_nominalrate1,obs_nominalrate2,obs_nominalrate3,obs_nominalrate4,obs_nominalrate5,obs_nominalrate6
0.4660575389862087,-46.0928955078125,0.4660575389862087,0.5102002862840784,0.49999999999998934,1.14229082123396,0.4660575389862087,0.4660575389862087,0.4602031461334073,0.49999999999998934,1.14229082123396,0.0,0.4660575389862087,0.1174310227768634,1.14229082123396,1.14229082123396,1.14229082123396,1.14229082123396,1.14229082123396,1.14229082123396
