obs_gdp,obs_hours,obs_wages,obs_gdpdeflator,obs_corepce,obs_nominalrate,obs_consumption,obs_investment,obs_BBBspread,obs_longinflation,obs_longrate,obs_tfp,obs_gdi,obs_AAAspread,obs_nominalrate1,obs_nominalrate2,obs_nominalrate3,obs_nominalrate4,obs_nominalrate5,obs_nominalrate6
0.44169316083364496,-46.86923526540394,0.44169316083364496,0.4958615011272181,0.49999999999998934,0.9119602514579883,0.44169316083364496,0.44169316083364496,0.4730787093116095,0.49999999999998934,0.9119602514579883,0.0,0.44169316083364496,0.1174310227768634,0.9119602514579883,0.9119602514579883,0.9119602514579883,0.9119602514579883,0.9119602514579883,0.9119602514579883
