obs_gdp,obs_hours,obs_wages,obs_gdpdeflator,obs_corepce,obs_nominalrate,obs_consumption,obs_investment,obs_BBBspread,obs_longinflation,obs_longrate,obs_tfp,obs_gdi,obs_AAAspread,obs_nominalrate1,obs_nominalrate2,obs_nominalrate3,obs_nominalrate4,obs_nominalrate5,obs_nominalrate6
0.3997838497161954,-47.28474044799805,0.3997838497161954,0.5224428661167515,0.49999999999998934,0.8638217717051422,0.3997838497161954,0.3997838497161954,0.47494440639072966,0.49999999999998934,0.8638217717051422,0.0,0.3997838497161954,0.1174310227768634,0.8638217717051422,0.8638217717051422,0.8638217717051422,0.8638217717051422,0.8638217717051422,0.8638217717051422
