obs_gdp,obs_hours,obs_wages,obs_gdpdeflator,obs_corepce,obs_nominalrate,obs_consumption,obs_investment,obs_BBBspread,obs_longinflation,obs_longrate,obs_tfp,obs_gdi,obs_AAAspread,obs_nominalrate1,obs_nominalrate2,obs_nominalrate3,obs_nominalrate4,obs_nominalrate5,obs_nominalrate6
0.42754466728192053,-47.05545993867072,0.42754466728192053,0.49409850173491554,0.49999999999998934,0.9247535929249207,0.42754466728192053,0.42754466728192053,0.46769557672862383,0.49999999999998934,0.9247535929249207,0.0,0.42754466728192053,0.1174310227768634,0.9247535929249207,0.9247535929249207,0.9247535929249207,0.9247535929249207,0.9247535929249207,0.9247535929249207
