obs_gdp,obs_hours,obs_wages,obs_gdpdeflator,obs_corepce,obs_nominalrate,obs_consumption,obs_investment,obs_BBBspread,obs_longinflation,obs_longrate,obs_tfp,obs_gdi,obs_AAAspread,obs_nominalrate1,obs_nominalrate2,obs_nominalrate3,obs_nominalrate4,obs_nominalrate5,obs_nominalrate6
0.45974624156952526,-45.85073471069336,0.45974624156952526,0.5166305601596726,0.49999999999998934,1.1286567321250773,0.45974624156952526,0.45974624156952526,0.45053660923496636,0.49999999999998934,1.1286567321250773,0.0,0.45974624156952526,0.1174310227768634,1.1286567321250773,1.1286567321250773,1.1286567321250773,1.1286567321250773,1.1286567321250773,1.1286567321250773
