obs_gdp,obs_hours,obs_wages,obs_gdpdeflator,obs_corepce,obs_nominalrate,obs_consumption,obs_investment,obs_BBBspread,obs_longinflation,obs_longrate,obs_tfp,obs_gdi,obs_AAAspread,obs_nominalrate1,obs_nominalrate2,obs_nominalrate3,obs_nominalrate4,obs_nominalrate5,obs_nominalrate6
0.4543922543525758,-46.01795959472656,0.4543922543525758,0.5131610995158447,0.49999999999998934,1.1337480154177682,0.4543922543525758,0.4543922543525758,0.43920191799348757,0.49999999999998934,1.1337480154177682,0.0,0.4543922543525758,0.1174310227768634,1.1337480154177682,1.1337480154177682,1.1337480154177682,1.1337480154177682,1.1337480154177682,1.1337480154177682
