obs_gdp,obs_hours,obs_wages,obs_gdpdeflator,obs_corepce,obs_nominalrate,obs_consumption,obs_investment,obs_BBBspread,obs_longinflation,obs_longrate,obs_tfp,obs_gdi,obs_AAAspread,obs_nominalrate1,obs_nominalrate2,obs_nominalrate3,obs_nominalrate4,obs_nominalrate5,obs_nominalrate6
0.4608623087406061,-45.86270523071289,0.4608623087406061,0.504928182344873,0.49999999999998934,1.1464114738428233,0.4608623087406061,0.4608623087406061,0.44489159667196415,0.49999999999998934,1.1464114738428233,0.0,0.4608623087406061,0.1174310227768634,1.1464114738428233,1.1464114738428233,1.1464114738428233,1.1464114738428233,1.1464114738428233,1.1464114738428233
