obs_gdp,obs_hours,obs_wages,obs_gdpdeflator,obs_corepce,obs_nominalrate,obs_consumption,obs_investment,obs_BBBspread,obs_longinflation,obs_longrate,obs_tfp,obs_gdi,obs_AAAspread,obs_nominalrate1,obs_nominalrate2,obs_nominalrate3,obs_nominalrate4,obs_nominalrate5,obs_nominalrate6
0.4555569546558891,-45.96536895777355,0.4555569546558891,0.4953988953374581,0.49999999999998934,0.9294218307215552,0.4555569546558891,0.4555569546558891,0.47203725330338053,0.49999999999998934,0.9294218307215552,0.0,0.4555569546558891,0.1174310227768634,0.9294218307215552,0.9294218307215552,0.9294218307215552,0.9294218307215552,0.9294218307215552,0.9294218307215552
