obs_gdp,obs_hours,obs_wages,obs_gdpdeflator,obs_corepce,obs_nominalrate,obs_consumption,obs_investment,obs_BBBspread,obs_longinflation,obs_longrate,obs_tfp,obs_gdi,obs_AAAspread,obs_nominalrate1,obs_nominalrate2,obs_nominalrate3,obs_nominalrate4,obs_nominalrate5,obs_nominalrate6
0.4534956558068126,-46.077940575441154,0.4534956558068126,0.4951589448211074,0.49999999999998934,0.9265846087813223,0.4534956558068126,0.4534956558068126,0.4720753389208518,0.49999999999998934,0.9265846087813223,0.0,0.4534956558068126,0.1174310227768634,0.9265846087813223,0.9265846087813223,0.9265846087813223,0.9265846087813223,0.9265846087813223,0.9265846087813223
