obs_gdp,obs_hours,obs_wages,obs_gdpdeflator,obs_corepce,obs_nominalrate,obs_consumption,obs_investment,obs_BBBspread,obs_longinflation,obs_longrate,obs_tfp,obs_gdi,obs_AAAspread,obs_nominalrate1,obs_nominalrate2,obs_nominalrate3,obs_nominalrate4,obs_nominalrate5,obs_nominalrate6
0.43986779451370417,-46.39923095703125,0.43986779451370417,0.5155916661023987,0.49999999999998934,1.1340205251342717,0.43986779451370417,0.43986779451370417,0.4562721409623437,0.49999999999998934,1.1340205251342717,0.0,0.43986779451370417,0.1174310227768634,1.1340205251342717,1.1340205251342717,1.1340205251342717,1.1340205251342717,1.1340205251342717,1.1340205251342717
