obs_gdp,obs_hours,obs_wages,obs_gdpdeflator,obs_corepce,obs_nominalrate,obs_consumption,obs_investment,obs_BBBspread,obs_longinflation,obs_longrate,obs_tfp,obs_gdi,obs_AAAspread,obs_nominalrate1,obs_nominalrate2,obs_nominalrate3,obs_nominalrate4,obs_nominalrate5,obs_nominalrate6
0.45134512290678774,-46.19431515117957,0.45134512290678774,0.4952901600711336,0.49999999999998934,0.9263912975854494,0.45134512290678774,0.45134512290678774,0.47208319171621527,0.49999999999998934,0.9263912975854494,0.0,0.45134512290678774,0.1174310227768634,0.9263912975854494,0.9263912975854494,0.9263912975854494,0.9263912975854494,0.9263912975854494,0.9263912975854494
