obs_gdp,obs_hours,obs_wages,obs_gdpdeflator,obs_corepce,obs_nominalrate,obs_consumption,obs_investment,obs_BBBspread,obs_longinflation,obs_longrate,obs_tfp,obs_gdi,obs_AAAspread,obs_nominalrate1,obs_nominalrate2,obs_nominalrate3,obs_nominalrate4,obs_nominalrate5,obs_nominalrate6
0.4427851438522312,-46.36341094970703,0.4427851438522312,0.5155051779001845,0.49999999999998934,1.1355897862599829,0.4427851438522312,0.4427851438522312,0.4612069174194121,0.49999999999998934,1.1355897862599829,0.0,0.4427851438522312,0.1174310227768634,1.1355897862599829,1.1355897862599829,1.1355897862599829,1.1355897862599829,1.1355897862599829,1.1355897862599829
