obs_gdp,obs_hours,obs_wages,obs_gdpdeflator,obs_corepce,obs_nominalrate,obs_consumption,obs_investment,obs_BBBspread,obs_longinflation,obs_longrate,obs_tfp,obs_gdi,obs_AAAspread,obs_nominalrate1,obs_nominalrate2,obs_nominalrate3,obs_nominalrate4,obs_nominalrate5,obs_nominalrate6
0.44690562118534505,-46.481539422080274,0.44690562118534505,0.49534149476037787,0.49999999999998934,0.9223500972618925,0.44690562118534505,0.44690562118534505,0.47226338827587994,0.49999999999998934,0.9223500972618925,0.0,0.44690562118534505,0.1174310227768634,0.9223500972618925,0.9223500972618925,0.9223500972618925,0.9223500972618925,0.9223500972618925,0.9223500972618925
