obs_gdp,obs_hours,obs_wages,obs_gdpdeflator,obs_corepce,obs_nominalrate,obs_consumption,obs_investment,obs_BBBspread,obs_longinflation,obs_longrate,obs_tfp,obs_gdi,obs_AAAspread,obs_nominalrate1,obs_nominalrate2,obs_nominalrate3,obs_nominalrate4,obs_nominalrate5,obs_nominalrate6
0.43087995052337735,-46.28042221069336,0.43087995052337735,0.5133530395105375,0.49999999999998934,1.1447976761147505,0.43087995052337735,0.43087995052337735,0.46104832907044285,0.49999999999998934,1.1447976761147505,0.0,0.43087995052337735,0.1174310227768634,1.1447976761147505,1.1447976761147505,1.1447976761147505,1.1447976761147505,1.1447976761147505,1.1447976761147505
