obs_gdp,obs_hours,obs_wages,obs_gdpdeflator,obs_corepce,obs_nominalrate,obs_consumption,obs_investment,obs_BBBspread,obs_longinflation,obs_longrate,obs_tfp,obs_gdi,obs_AAAspread,obs_nominalrate1,obs_nominalrate2,obs_nominalrate3,obs_nominalrate4,obs_nominalrate5,obs_nominalrate6
0.44144266843795243,-46.170753479003906,0.44144266843795243,0.5191052909940375,0.49999999999998934,1.1623778360001724,0.44144266843795243,0.44144266843795243,0.4609009686175735,0.49999999999998934,1.1623778360001724,0.0,0.44144266843795243,0.1174310227768634,1.1623778360001724,1.1623778360001724,1.1623778360001724,1.1623778360001724,1.1623778360001724,1.1623778360001724
