obs_gdp,obs_hours,obs_wages,obs_gdpdeflator,obs_corepce,obs_nominalrate,obs_consumption,obs_investment,obs_BBBspread,obs_longinflation,obs_longrate,obs_tfp,obs_gdi,obs_AAAspread,obs_nominalrate1,obs_nominalrate2,obs_nominalrate3,obs_nominalrate4,obs_nominalrate5,obs_nominalrate6
0.4063309729099185,-47.198177337646484,0.4063309729099185,0.5113865286111725,0.49999999999998934,0.8754580289081382,0.4063309729099185,0.4063309729099185,0.47016633557637516,0.49999999999998934,0.8754580289081382,0.0,0.4063309729099185,0.1174310227768634,0.8754580289081382,0.8754580289081382,0.8754580289081382,0.8754580289081382,0.8754580289081382,0.8754580289081382
