obs_gdp,obs_hours,obs_wages,obs_gdpdeflator,obs_corepce,obs_nominalrate,obs_consumption,obs_investment,obs_BBBspread,obs_longinflation,obs_longrate,obs_tfp,obs_gdi,obs_AAAspread,obs_nominalrate1,obs_nominalrate2,obs_nominalrate3,obs_nominalrate4,obs_nominalrate5,obs_nominalrate6
0.4182177397555442,-47.71696994726116,0.4182177397555442,0.4941390129281197,0.49999999999998934,0.9139686404874947,0.4182177397555442,0.4182177397555442,0.4686486750619333,0.49999999999998934,0.9139686404874947,0.0,0.4182177397555442,0.1174310227768634,0.9139686404874947,0.9139686404874947,0.9139686404874947,0.9139686404874947,0.9139686404874947,0.9139686404874947
