obs_gdp,obs_hours,obs_wages,obs_gdpdeflator,obs_corepce,obs_nominalrate,obs_consumption,obs_investment,obs_BBBspread,obs_longinflation,obs_longrate,obs_tfp,obs_gdi,obs_AAAspread,obs_nominalrate1,obs_nominalrate2,obs_nominalrate3,obs_nominalrate4,obs_nominalrate5,obs_nominalrate6
0.4325127601623624,-46.21038055419922,0.4325127601623624,0.5228222366422308,0.49999999999998934,1.1417206788184364,0.4325127601623624,0.4325127601623624,0.45910534119555707,0.49999999999998934,1.1417206788184364,0.0,0.4325127601623624,0.1174310227768634,1.1417206788184364,1.1417206788184364,1.1417206788184364,1.1417206788184364,1.1417206788184364,1.1417206788184364
