obs_gdp,obs_hours,obs_wages,obs_gdpdeflator,obs_corepce,obs_nominalrate,obs_consumption,obs_investment,obs_BBBspread,obs_longinflation,obs_longrate,obs_tfp,obs_gdi,obs_AAAspread,obs_nominalrate1,obs_nominalrate2,obs_nominalrate3,obs_nominalrate4,obs_nominalrate5,obs_nominalrate6
0.43176391222687904,-47.61561688523994,0.43176391222687904,0.495434381372459,0.49999999999998934,0.9082394057966292,0.43176391222687904,0.43176391222687904,0.47380529897367324,0.49999999999998934,0.9082394057966292,0.0,0.43176391222687904,0.1174310227768634,0.9082394057966292,0.9082394057966292,0.9082394057966292,0.9082394057966292,0.9082394057966292,0.9082394057966292
