obs_gdp,obs_hours,obs_wages,obs_gdpdeflator,obs_corepce,obs_nominalrate,obs_consumption,obs_investment,obs_BBBspread,obs_longinflation,obs_longrate,obs_tfp,obs_gdi,obs_AAAspread,obs_nominalrate1,obs_nominalrate2,obs_nominalrate3,obs_nominalrate4,obs_nominalrate5,obs_nominalrate6
0.44404025933466595,-46.7275182514494,0.44404025933466595,0.4959956254584835,0.49999999999998934,0.9179606181562994,0.44404025933466595,0.44404025933466595,0.47526419321772495,0.49999999999998934,0.9179606181562994,0.0,0.44404025933466595,0.1174310227768634,0.9179606181562994,0.9179606181562994,0.9179606181562994,0.9179606181562994,0.9179606181562994,0.9179606181562994
