obs_gdp,obs_hours,obs_wages,obs_gdpdeflator,obs_corepce,obs_nominalrate,obs_consumption,obs_investment,obs_BBBspread,obs_longinflation,obs_longrate,obs_tfp,obs_gdi,obs_AAAspread,obs_nominalrate1,obs_nominalrate2,obs_nominalrate3,obs_nominalrate4,obs_nominalrate5,obs_nominalrate6
0.4630666375160297,-45.552120208740234,0.4630666375160297,0.5328484065830601,0.49999999999998934,1.1679269715063834,0.4630666375160297,0.4630666375160297,0.4572925179450734,0.49999999999998934,1.1679269715063834,0.0,0.4630666375160297,0.1174310227768634,1.1679269715063834,1.1679269715063834,1.1679269715063834,1.1679269715063834,1.1679269715063834,1.1679269715063834
