obs_gdp,obs_hours,obs_wages,obs_gdpdeflator,obs_corepce,obs_nominalrate,obs_consumption,obs_investment,obs_BBBspread,obs_longinflation,obs_longrate,obs_tfp,obs_gdi,obs_AAAspread,obs_nominalrate1,obs_nominalrate2,obs_nominalrate3,obs_nominalrate4,obs_nominalrate5,obs_nominalrate6
0.4653690755367368,-45.473392486572266,0.4653690755367368,0.5363344550132645,0.49999999999998934,1.171850628896487,0.4653690755367368,0.4653690755367368,0.4576886780482069,0.49999999999998934,1.171850628896487,0.0,0.4653690755367368,0.1174310227768634,1.171850628896487,1.171850628896487,1.171850628896487,1.171850628896487,1.171850628896487,1.171850628896487
