obs_gdp,obs_hours,obs_wages,obs_gdpdeflator,obs_corepce,obs_nominalrate,obs_consumption,obs_investment,obs_BBBspread,obs_longinflation,obs_longrate,obs_tfp,obs_gdi,obs_AAAspread,obs_nominalrate1,obs_nominalrate2,obs_nominalrate3,obs_nominalrate4,obs_nominalrate5,obs_nominalrate6
0.44600715351252873,-46.635580545803016,0.44600715351252873,0.49575064877793573,0.49999999999998934,0.923292353141103,0.44600715351252873,0.44600715351252873,0.473058433386714,0.49999999999998934,0.923292353141103,0.0,0.44600715351252873,0.1174310227768634,0.923292353141103,0.923292353141103,0.923292353141103,0.923292353141103,0.923292353141103,0.923292353141103
