obs_gdp,obs_hours,obs_wages,obs_gdpdeflator,obs_corepce,obs_nominalrate,obs_consumption,obs_investment,obs_BBBspread,obs_longinflation,obs_longrate,obs_tfp,obs_gdi,obs_AAAspread,obs_nominalrate1,obs_nominalrate2,obs_nominalrate3,obs_nominalrate4,obs_nominalrate5,obs_nominalrate6
0.4456202989012503,-46.657877969100596,0.4456202989012503,0.49562137505961423,0.49999999999998934,0.9234117366611283,0.4456202989012503,0.4456202989012503,0.4735682268132083,0.49999999999998934,0.9234117366611283,0.0,0.4456202989012503,0.1174310227768634,0.9234117366611283,0.9234117366611283,0.9234117366611283,0.9234117366611283,0.9234117366611283,0.9234117366611283
