obs_gdp,obs_hours,obs_wages,obs_gdpdeflator,obs_corepce,obs_nominalrate,obs_consumption,obs_investment,obs_BBBspread,obs_longinflation,obs_longrate,obs_tfp,obs_gdi,obs_AAAspread,obs_nominalrate1,obs_nominalrate2,obs_nominalrate3,obs_nominalrate4,obs_nominalrate5,obs_nominalrate6
0.45079592297201376,-46.30270986762313,0.45079592297201376,0.4958084818809006,0.49999999999998934,0.9284176378090647,0.45079592297201376,0.45079592297201376,0.47390428326363987,0.49999999999998934,0.9284176378090647,0.0,0.45079592297201376,0.1174310227768634,0.9284176378090647,0.9284176378090647,0.9284176378090647,0.9284176378090647,0.9284176378090647,0.9284176378090647
