obs_gdp,obs_hours,obs_wages,obs_gdpdeflator,obs_corepce,obs_nominalrate,obs_consumption,obs_investment,obs_BBBspread,obs_longinflation,obs_longrate,obs_tfp,obs_gdi,obs_AAAspread,obs_nominalrate1,obs_nominalrate2,obs_nominalrate3,obs_nominalrate4,obs_nominalrate5,obs_nominalrate6
0.3948675096034915,-47.152488708496094,0.3948675096034915,0.5100882686674488,0.49999999999998934,0.8797556865084433,0.3948675096034915,0.3948675096034915,0.47077891598046584,0.49999999999998934,0.8797556865084433,0.0,0.3948675096034915,0.1174310227768634,0.8797556865084433,0.8797556865084433,0.8797556865084433,0.8797556865084433,0.8797556865084433,0.8797556865084433
