obs_gdp,obs_hours,obs_wages,obs_gdpdeflator,obs_corepce,obs_nominalrate,obs_consumption,obs_investment,obs_BBBspread,obs_longinflation,obs_longrate,obs_tfp,obs_gdi,obs_AAAspread,obs_nominalrate1,obs_nominalrate2,obs_nominalrate3,obs_nominalrate4,obs_nominalrate5,obs_nominalrate6
0.41819600734023243,-47.73397477964724,0.41819600734023243,0.49404351272874003,0.49999999999998934,0.913765651113696,0.41819600734023243,0.41819600734023243,0.46841858001706194,0.49999999999998934,0.913765651113696,0.0,0.41819600734023243,0.1174310227768634,0.913765651113696,0.913765651113696,0.913765651113696,0.913765651113696,0.913765651113696,0.913765651113696
