obs_gdp,obs_hours,obs_wages,obs_gdpdeflator,obs_corepce,obs_nominalrate,obs_consumption,obs_investment,obs_BBBspread,obs_longinflation,obs_longrate,obs_tfp,obs_gdi,obs_AAAspread,obs_nominalrate1,obs_nominalrate2,obs_nominalrate3,obs_nominalrate4,obs_nominalrate5,obs_nominalrate6
0.4437606872598865,-46.77806720293265,0.4437606872598865,0.4955100547574135,0.49999999999998934,0.9229630999701977,0.4437606872598865,0.4437606872598865,0.47492103622076515,0.49999999999998934,0.9229630999701977,0.0,0.4437606872598865,0.1174310227768634,0.9229630999701977,0.9229630999701977,0.9229630999701977,0.9229630999701977,0.9229630999701977,0.9229630999701977
