obs_gdp,obs_hours,obs_wages,obs_gdpdeflator,obs_corepce,obs_nominalrate,obs_consumption,obs_investment,obs_BBBspread,obs_longinflation,obs_longrate,obs_tfp,obs_gdi,obs_AAAspread,obs_nominalrate1,obs_nominalrate2,obs_nominalrate3,obs_nominalrate4,obs_nominalrate5,obs_nominalrate6
0.45498565704615856,-45.813611711557655,0.45498565704615856,0.4956755768004393,0.49999999999998934,0.936063786797825,0.45498565704615856,0.45498565704615856,0.4738537710518062,0.49999999999998934,0.936063786797825,0.0,0.45498565704615856,0.1174310227768634,0.936063786797825,0.936063786797825,0.936063786797825,0.936063786797825,0.936063786797825,0.936063786797825
