obs_gdp,obs_hours,obs_wages,obs_gdpdeflator,obs_corepce,obs_nominalrate,obs_consumption,obs_investment,obs_BBBspread,obs_longinflation,obs_longrate,obs_tfp,obs_gdi,obs_AAAspread,obs_nominalrate1,obs_nominalrate2,obs_nominalrate3,obs_nominalrate4,obs_nominalrate5,obs_nominalrate6
0.4129272401332873,-47.215633392333984,0.4129272401332873,0.5265953838825119,0.49999999999998934,1.1182915688025208,0.4129272401332873,0.4129272401332873,0.444110041961401,0.49999999999998934,1.1182915688025208,0.0,0.4129272401332873,0.1174310227768634,1.1182915688025208,1.1182915688025208,1.1182915688025208,1.1182915688025208,1.1182915688025208,1.1182915688025208
