obs_gdp,obs_hours,obs_wages,obs_gdpdeflator,obs_corepce,obs_nominalrate,obs_consumption,obs_investment,obs_BBBspread,obs_longinflation,obs_longrate,obs_tfp,obs_gdi,obs_AAAspread,obs_nominalrate1,obs_nominalrate2,obs_nominalrate3,obs_nominalrate4,obs_nominalrate5,obs_nominalrate6
0.456912685072397,-45.67840799673529,0.456912685072397,0.4953741487810132,0.49999999999998934,0.9401795989347761,0.456912685072397,0.456912685072397,0.47351639058591827,0.49999999999998934,0.9401795989347761,0.0,0.456912685072397,0.1174310227768634,0.9401795989347761,0.9401795989347761,0.9401795989347761,0.9401795989347761,0.9401795989347761,0.9401795989347761
