obs_gdp,obs_hours,obs_wages,obs_gdpdeflator,obs_corepce,obs_nominalrate,obs_consumption,obs_investment,obs_BBBspread,obs_longinflation,obs_longrate,obs_tfp,obs_gdi,obs_AAAspread,obs_nominalrate1,obs_nominalrate2,obs_nominalrate3,obs_nominalrate4,obs_nominalrate5,obs_nominalrate6
0.4502615199838633,-46.188944016515016,0.4502615199838633,0.4955438155292238,0.49999999999998934,0.9315544712203749,0.4502615199838633,0.4502615199838633,0.4743045166258064,0.49999999999998934,0.9315544712203749,0.0,0.4502615199838633,0.1174310227768634,0.9315544712203749,0.9315544712203749,0.9315544712203749,0.9315544712203749,0.9315544712203749,0.9315544712203749
