obs_gdp,obs_hours,obs_wages,obs_gdpdeflator,obs_corepce,obs_nominalrate,obs_consumption,obs_investment,obs_BBBspread,obs_longinflation,obs_longrate,obs_tfp,obs_gdi,obs_AAAspread,obs_nominalrate1,obs_nominalrate2,obs_nominalrate3,obs_nominalrate4,obs_nominalrate5,obs_nominalrate6
0.4051669836044214,-46.941246032714844,0.4051669836044214,0.5288212113082302,0.49999999999998934,1.1144395643069904,0.4051669836044214,0.4051669836044214,0.43881528774204726,0.49999999999998934,1.1144395643069904,0.0,0.4051669836044214,0.1174310227768634,1.1144395643069904,1.1144395643069904,1.1144395643069904,1.1144395643069904,1.1144395643069904,1.1144395643069904
