obs_gdp,obs_hours,obs_wages,obs_gdpdeflator,obs_corepce,obs_nominalrate,obs_consumption,obs_investment,obs_BBBspread,obs_longinflation,obs_longrate,obs_tfp,obs_gdi,obs_AAAspread,obs_nominalrate1,obs_nominalrate2,obs_nominalrate3,obs_nominalrate4,obs_nominalrate5,obs_nominalrate6
0.4445167933813998,-46.54603461378607,0.4445167933813998,0.4951041247371646,0.49999999999998934,0.9227106976060329,0.4445167933813998,0.4445167933813998,0.4756033981193288,0.49999999999998934,0.9227106976060329,0.0,0.4445167933813998,0.1174310227768634,0.9227106976060329,0.9227106976060329,0.9227106976060329,0.9227106976060329,0.9227106976060329,0.9227106976060329
