obs_gdp,obs_hours,obs_wages,obs_gdpdeflator,obs_corepce,obs_nominalrate,obs_consumption,obs_investment,obs_BBBspread,obs_longinflation,obs_longrate,obs_tfp,obs_gdi,obs_AAAspread,obs_nominalrate1,obs_nominalrate2,obs_nominalrate3,obs_nominalrate4,obs_nominalrate5,obs_nominalrate6
0.41922130122205026,-47.67188262049047,0.41922130122205026,0.494022801511048,0.49999999999998934,0.9151746771007163,0.41922130122205026,0.41922130122205026,0.46842244770447766,0.49999999999998934,0.9151746771007163,0.0,0.41922130122205026,0.1174310227768634,0.9151746771007163,0.9151746771007163,0.9151746771007163,0.9151746771007163,0.9151746771007163,0.9151746771007163
