obs_gdp,obs_hours,obs_wages,obs_gdpdeflator,obs_corepce,obs_nominalrate,obs_consumption,obs_investment,obs_BBBspread,obs_longinflation,obs_longrate,obs_tfp,obs_gdi,obs_AAAspread,obs_nominalrate1,obs_nominalrate2,obs_nominalrate3,obs_nominalrate4,obs_nominalrate5,obs_nominalrate6
0.4436321502780949,-46.59399728045621,0.4436321502780949,0.49510760023038775,0.49999999999998934,0.9209239227784272,0.4436321502780949,0.4436321502780949,0.4761521687604053,0.49999999999998934,0.9209239227784272,0.0,0.4436321502780949,0.1174310227768634,0.9209239227784272,0.9209239227784272,0.9209239227784272,0.9209239227784272,0.9209239227784272,0.9209239227784272
