obs_gdp,obs_hours,obs_wages,obs_gdpdeflator,obs_corepce,obs_nominalrate,obs_consumption,obs_investment,obs_BBBspread,obs_longinflation,obs_longrate,obs_tfp,obs_gdi,obs_AAAspread,obs_nominalrate1,obs_nominalrate2,obs_nominalrate3,obs_nominalrate4,obs_nominalrate5,obs_nominalrate6
0.43484774231909995,-47.02330017089844,0.43484774231909995,0.5215427540242565,0.49999999999998934,1.1205292586049964,0.43484774231909995,0.43484774231909995,0.4485868478785293,0.49999999999998934,1.1205292586049964,0.0,0.43484774231909995,0.1174310227768634,1.1205292586049964,1.1205292586049964,1.1205292586049964,1.1205292586049964,1.1205292586049964,1.1205292586049964
