obs_gdp,obs_hours,obs_wages,obs_gdpdeflator,obs_corepce,obs_nominalrate,obs_consumption,obs_investment,obs_BBBspread,obs_longinflation,obs_longrate,obs_tfp,obs_gdi,obs_AAAspread,obs_nominalrate1,obs_nominalrate2,obs_nominalrate3,obs_nominalrate4,obs_nominalrate5,obs_nominalrate6
0.4469723687404059,-46.460741210824835,0.4469723687404059,0.4954645228458634,0.49999999999998934,0.9249832687971304,0.4469723687404059,0.4469723687404059,0.4754341622178416,0.49999999999998934,0.9249832687971304,0.0,0.4469723687404059,0.1174310227768634,0.9249832687971304,0.9249832687971304,0.9249832687971304,0.9249832687971304,0.9249832687971304,0.9249832687971304
