obs_gdp,obs_hours,obs_wages,obs_gdpdeflator,obs_corepce,obs_nominalrate,obs_consumption,obs_investment,obs_BBBspread,obs_longinflation,obs_longrate,obs_tfp,obs_gdi,obs_AAAspread,obs_nominalrate1,obs_nominalrate2,obs_nominalrate3,obs_nominalrate4,obs_nominalrate5,obs_nominalrate6
0.44255400848915993,-46.788660694437134,0.44255400848915993,0.49558087988334487,0.49999999999998934,0.9201873800391391,0.44255400848915993,0.44255400848915993,0.4754359626498271,0.49999999999998934,0.9201873800391391,0.0,0.44255400848915993,0.1174310227768634,0.9201873800391391,0.9201873800391391,0.9201873800391391,0.9201873800391391,0.9201873800391391,0.9201873800391391
