obs_gdp,obs_hours,obs_wages,obs_gdpdeflator,obs_corepce,obs_nominalrate,obs_consumption,obs_investment,obs_BBBspread,obs_longinflation,obs_longrate,obs_tfp,obs_gdi,obs_AAAspread,obs_nominalrate1,obs_nominalrate2,obs_nominalrate3,obs_nominalrate4,obs_nominalrate5,obs_nominalrate6
0.44193006732766715,-46.795579308600686,0.44193006732766715,0.4956261263491008,0.49999999999998934,0.9207931679848569,0.44193006732766715,0.44193006732766715,0.4749822978316782,0.49999999999998934,0.9207931679848569,0.0,0.44193006732766715,0.1174310227768634,0.9207931679848569,0.9207931679848569,0.9207931679848569,0.9207931679848569,0.9207931679848569,0.9207931679848569
