obs_gdp,obs_hours,obs_wages,obs_gdpdeflator,obs_corepce,obs_nominalrate,obs_consumption,obs_investment,obs_BBBspread,obs_longinflation,obs_longrate,obs_tfp,obs_gdi,obs_AAAspread,obs_nominalrate1,obs_nominalrate2,obs_nominalrate3,obs_nominalrate4,obs_nominalrate5,obs_nominalrate6
0.4409161210060075,-46.8826789855957,0.4409161210060075,0.5221519265323771,0.49999999999998934,1.117518033928877,0.4409161210060075,0.4409161210060075,0.45444743825639466,0.49999999999998934,1.117518033928877,0.0,0.4409161210060075,0.1174310227768634,1.117518033928877,1.117518033928877,1.117518033928877,1.117518033928877,1.117518033928877,1.117518033928877
