obs_gdp,obs_hours,obs_wages,obs_gdpdeflator,obs_corepce,obs_nominalrate,obs_consumption,obs_investment,obs_BBBspread,obs_longinflation,obs_longrate,obs_tfp,obs_gdi,obs_AAAspread,obs_nominalrate1,obs_nominalrate2,obs_nominalrate3,obs_nominalrate4,obs_nominalrate5,obs_nominalrate6
0.4349712692231167,-47.28927674996471,0.4349712692231167,0.4956286728207829,0.49999999999998934,0.913459092555291,0.4349712692231167,0.4349712692231167,0.47523713463680717,0.49999999999998934,0.913459092555291,0.0,0.4349712692231167,0.1174310227768634,0.913459092555291,0.913459092555291,0.913459092555291,0.913459092555291,0.913459092555291,0.913459092555291
