obs_gdp,obs_hours,obs_wages,obs_gdpdeflator,obs_corepce,obs_nominalrate,obs_consumption,obs_investment,obs_BBBspread,obs_longinflation,obs_longrate,obs_tfp,obs_gdi,obs_AAAspread,obs_nominalrate1,obs_nominalrate2,obs_nominalrate3,obs_nominalrate4,obs_nominalrate5,obs_nominalrate6
0.43858084082604165,-46.91539001464844,0.43858084082604165,0.5235302671790016,0.49999999999998934,1.1198127817367842,0.43858084082604165,0.43858084082604165,0.45609164875286795,0.49999999999998934,1.1198127817367842,0.0,0.43858084082604165,0.1174310227768634,1.1198127817367842,1.1198127817367842,1.1198127817367842,1.1198127817367842,1.1198127817367842,1.1198127817367842
