obs_gdp,obs_hours,obs_wages,obs_gdpdeflator,obs_corepce,obs_nominalrate,obs_consumption,obs_investment,obs_BBBspread,obs_longinflation,obs_longrate,obs_tfp,obs_gdi,obs_AAAspread,obs_nominalrate1,obs_nominalrate2,obs_nominalrate3,obs_nominalrate4,obs_nominalrate5,obs_nominalrate6
0.4285263121128091,-47.25425338745117,0.4285263121128091,0.5263418909162176,0.49999999999998934,1.0828991535771548,0.4285263121128091,0.4285263121128091,0.458544055907463,0.49999999999998934,1.0828991535771548,0.0,0.4285263121128091,0.1174310227768634,1.0828991535771548,1.0828991535771548,1.0828991535771548,1.0828991535771548,1.0828991535771548,1.0828991535771548
