obs_gdp,obs_hours,obs_wages,obs_gdpdeflator,obs_corepce,obs_nominalrate,obs_consumption,obs_investment,obs_BBBspread,obs_longinflation,obs_longrate,obs_tfp,obs_gdi,obs_AAAspread,obs_nominalrate1,obs_nominalrate2,obs_nominalrate3,obs_nominalrate4,obs_nominalrate5,obs_nominalrate6
0.42621710862469353,-47.19354033330636,0.42621710862469353,0.4941184091110644,0.49999999999998934,0.9230766699837689,0.42621710862469353,0.42621710862469353,0.4674610219579784,0.49999999999998934,0.9230766699837689,0.0,0.42621710862469353,0.1174310227768634,0.9230766699837689,0.9230766699837689,0.9230766699837689,0.9230766699837689,0.9230766699837689,0.9230766699837689
