obs_gdp,obs_hours,obs_wages,obs_gdpdeflator,obs_corepce,obs_nominalrate,obs_consumption,obs_investment,obs_BBBspread,obs_longinflation,obs_longrate,obs_tfp,obs_gdi,obs_AAAspread,obs_nominalrate1,obs_nominalrate2,obs_nominalrate3,obs_nominalrate4,obs_nominalrate5,obs_nominalrate6
0.41601401567459284,-47.51224136352539,0.41601401567459284,0.5289484951645029,0.49999999999998934,1.0599846120267653,0.41601401567459284,0.41601401567459284,0.45614562263362457,0.49999999999998934,1.0599846120267653,0.0,0.41601401567459284,0.1174310227768634,1.0599846120267653,1.0599846120267653,1.0599846120267653,1.0599846120267653,1.0599846120267653,1.0599846120267653
