obs_gdp,obs_hours,obs_wages,obs_gdpdeflator,obs_corepce,obs_nominalrate,obs_consumption,obs_investment,obs_BBBspread,obs_longinflation,obs_longrate,obs_tfp,obs_gdi,obs_AAAspread,obs_nominalrate1,obs_nominalrate2,obs_nominalrate3,obs_nominalrate4,obs_nominalrate5,obs_nominalrate6
0.4223826883373416,-48.31342473715918,0.4223826883373416,0.4957317760782048,0.49999999999998934,0.9018730812008213,0.4223826883373416,0.4223826883373416,0.47553765809449555,0.49999999999998934,0.9018730812008213,0.0,0.4223826883373416,0.1174310227768634,0.9018730812008213,0.9018730812008213,0.9018730812008213,0.9018730812008213,0.9018730812008213,0.9018730812008213
