obs_gdp,obs_hours,obs_wages,obs_gdpdeflator,obs_corepce,obs_nominalrate,obs_consumption,obs_investment,obs_BBBspread,obs_longinflation,obs_longrate,obs_tfp,obs_gdi,obs_AAAspread,obs_nominalrate1,obs_nominalrate2,obs_nominalrate3,obs_nominalrate4,obs_nominalrate5,obs_nominalrate6
0.3986291289329591,-47.644351959228516,0.3986291289329591,0.5268755163997305,0.49999999999998934,1.0567920917216256,0.3986291289329591,0.3986291289329591,0.44910734165271393,0.49999999999998934,1.0567920917216256,0.0,0.3986291289329591,0.1174310227768634,1.0567920917216256,1.0567920917216256,1.0567920917216256,1.0567920917216256,1.0567920917216256,1.0567920917216256
