obs_gdp,obs_hours,obs_wages,obs_gdpdeflator,obs_corepce,obs_nominalrate,obs_consumption,obs_investment,obs_BBBspread,obs_longinflation,obs_longrate,obs_tfp,obs_gdi,obs_AAAspread,obs_nominalrate1,obs_nominalrate2,obs_nominalrate3,obs_nominalrate4,obs_nominalrate5,obs_nominalrate6
0.42695995074546467,-48.03110398094493,0.42695995074546467,0.495670440515864,0.49999999999998934,0.9091490539173241,0.42695995074546467,0.42695995074546467,0.4752160826096795,0.49999999999998934,0.9091490539173241,0.0,0.42695995074546467,0.1174310227768634,0.9091490539173241,0.9091490539173241,0.9091490539173241,0.9091490539173241,0.9091490539173241,0.9091490539173241
