obs_gdp,obs_hours,obs_wages,obs_gdpdeflator,obs_corepce,obs_nominalrate,obs_consumption,obs_investment,obs_BBBspread,obs_longinflation,obs_longrate,obs_tfp,obs_gdi,obs_AAAspread,obs_nominalrate1,obs_nominalrate2,obs_nominalrate3,obs_nominalrate4,obs_nominalrate5,obs_nominalrate6
0.4013142585754359,-47.16405487060547,0.4013142585754359,0.5112268319353355,0.49999999999998934,1.0662404059528452,0.4013142585754359,0.4013142585754359,0.4459311348082851,0.49999999999998934,1.0662404059528452,0.0,0.4013142585754359,0.1174310227768634,1.0662404059528452,1.0662404059528452,1.0662404059528452,1.0662404059528452,1.0662404059528452,1.0662404059528452
