obs_gdp,obs_hours,obs_wages,obs_gdpdeflator,obs_corepce,obs_nominalrate,obs_consumption,obs_investment,obs_BBBspread,obs_longinflation,obs_longrate,obs_tfp,obs_gdi,obs_AAAspread,obs_nominalrate1,obs_nominalrate2,obs_nominalrate3,obs_nominalrate4,obs_nominalrate5,obs_nominalrate6
0.4239098839494915,-48.22517101058358,0.4239098839494915,0.49587061567398544,0.49999999999998934,0.9047781626155826,0.4239098839494915,0.4239098839494915,0.4750199186465293,0.49999999999998934,0.9047781626155826,0.0,0.4239098839494915,0.1174310227768634,0.9047781626155826,0.9047781626155826,0.9047781626155826,0.9047781626155826,0.9047781626155826,0.9047781626155826
