obs_gdp,obs_hours,obs_wages,obs_gdpdeflator,obs_corepce,obs_nominalrate,obs_consumption,obs_investment,obs_BBBspread,obs_longinflation,obs_longrate,obs_tfp,obs_gdi,obs_AAAspread,obs_nominalrate1,obs_nominalrate2,obs_nominalrate3,obs_nominalrate4,obs_nominalrate5,obs_nominalrate6
0.4250474861078546,-48.120042513401856,0.4250474861078546,0.4960132516685662,0.49999999999998934,0.9057830775224929,0.4250474861078546,0.4250474861078546,0.4750974195670713,0.49999999999998934,0.9057830775224929,0.0,0.4250474861078546,0.1174310227768634,0.9057830775224929,0.9057830775224929,0.9057830775224929,0.9057830775224929,0.9057830775224929,0.9057830775224929
