obs_gdp,obs_hours,obs_wages,obs_gdpdeflator,obs_corepce,obs_nominalrate,obs_consumption,obs_investment,obs_BBBspread,obs_longinflation,obs_longrate,obs_tfp,obs_gdi,obs_AAAspread,obs_nominalrate1,obs_nominalrate2,obs_nominalrate3,obs_nominalrate4,obs_nominalrate5,obs_nominalrate6
0.4236748575355609,-48.203235807092604,0.4236748575355609,0.4960011691658938,0.49999999999998934,0.9045050925991172,0.4236748575355609,0.4236748575355609,0.47544032967973393,0.49999999999998934,0.9045050925991172,0.0,0.4236748575355609,0.1174310227768634,0.9045050925991172,0.9045050925991172,0.9045050925991172,0.9045050925991172,0.9045050925991172,0.9045050925991172
