obs_gdp,obs_hours,obs_wages,obs_gdpdeflator,obs_corepce,obs_nominalrate,obs_consumption,obs_investment,obs_BBBspread,obs_longinflation,obs_longrate,obs_tfp,obs_gdi,obs_AAAspread,obs_nominalrate1,obs_nominalrate2,obs_nominalrate3,obs_nominalrate4,obs_nominalrate5,obs_nominalrate6
0.40988355875015703,-46.58750534057617,0.40988355875015703,0.5072187045588983,0.49999999999998934,1.0678696988286829,0.40988355875015703,0.40988355875015703,0.4448078714217662,0.49999999999998934,1.0678696988286829,0.0,0.40988355875015703,0.1174310227768634,1.0678696988286829,1.0678696988286829,1.0678696988286829,1.0678696988286829,1.0678696988286829,1.0678696988286829
