obs_gdp,obs_hours,obs_wages,obs_gdpdeflator,obs_corepce,obs_nominalrate,obs_consumption,obs_investment,obs_BBBspread,obs_longinflation,obs_longrate,obs_tfp,obs_gdi,obs_AAAspread,obs_nominalrate1,obs_nominalrate2,obs_nominalrate3,obs_nominalrate4,obs_nominalrate5,obs_nominalrate6
0.4250159568391032,-48.01695847610935,0.4250159568391032,0.4961420072169733,0.49999999999998934,0.9062323797212724,0.4250159568391032,0.4250159568391032,0.4752138075436185,0.49999999999998934,0.9062323797212724,0.0,0.4250159568391032,0.1174310227768634,0.9062323797212724,0.9062323797212724,0.9062323797212724,0.9062323797212724,0.9062323797212724,0.9062323797212724
