obs_gdp,obs_hours,obs_wages,obs_gdpdeflator,obs_corepce,obs_nominalrate,obs_consumption,obs_investment,obs_BBBspread,obs_longinflation,obs_longrate,obs_tfp,obs_gdi,obs_AAAspread,obs_nominalrate1,obs_nominalrate2,obs_nominalrate3,obs_nominalrate4,obs_nominalrate5,obs_nominalrate6
0.42730421528984763,-47.85538337343594,0.42730421528984763,0.4960766442731548,0.49999999999998934,0.9071698754558266,0.42730421528984763,0.42730421528984763,0.4759718263277362,0.49999999999998934,0.9071698754558266,0.0,0.42730421528984763,0.1174310227768634,0.9071698754558266,0.9071698754558266,0.9071698754558266,0.9071698754558266,0.9071698754558266,0.9071698754558266
