obs_gdp,obs_hours,obs_wages,obs_gdpdeflator,obs_corepce,obs_nominalrate,obs_consumption,obs_investment,obs_BBBspread,obs_longinflation,obs_longrate,obs_tfp,obs_gdi,obs_AAAspread,obs_nominalrate1,obs_nominalrate2,obs_nominalrate3,obs_nominalrate4,obs_nominalrate5,obs_nominalrate6
0.42569561517655785,-48.03849011091115,0.42569561517655785,0.496353434436406,0.49999999999998934,0.9055730792390415,0.42569561517655785,0.42569561517655785,0.4767927863407246,0.49999999999998934,0.9055730792390415,0.0,0.42569561517655785,0.1174310227768634,0.9055730792390415,0.9055730792390415,0.9055730792390415,0.9055730792390415,0.9055730792390415,0.9055730792390415
