obs_gdp,obs_hours,obs_wages,obs_gdpdeflator,obs_corepce,obs_nominalrate,obs_consumption,obs_investment,obs_BBBspread,obs_longinflation,obs_longrate,obs_tfp,obs_gdi,obs_AAAspread,obs_nominalrate1,obs_nominalrate2,obs_nominalrate3,obs_nominalrate4,obs_nominalrate5,obs_nominalrate6
0.4173647165298444,-46.42405319213867,0.4173647165298444,0.5008473747293358,0.49999999999998934,1.1032657133047241,0.4173647165298444,0.4173647165298444,0.4403914167384478,0.49999999999998934,1.1032657133047241,0.0,0.4173647165298444,0.1174310227768634,1.1032657133047241,1.1032657133047241,1.1032657133047241,1.1032657133047241,1.1032657133047241,1.1032657133047241
