obs_gdp,obs_hours,obs_wages,obs_gdpdeflator,obs_corepce,obs_nominalrate,obs_consumption,obs_investment,obs_BBBspread,obs_longinflation,obs_longrate,obs_tfp,obs_gdi,obs_AAAspread,obs_nominalrate1,obs_nominalrate2,obs_nominalrate3,obs_nominalrate4,obs_nominalrate5,obs_nominalrate6
0.3968703448772537,-47.43772888183594,0.3968703448772537,0.5196969863027228,0.49999999999998934,0.853274058610376,0.3968703448772537,0.3968703448772537,0.49014869402066796,0.49999999999998934,0.853274058610376,0.0,0.3968703448772537,0.1174310227768634,0.853274058610376,0.853274058610376,0.853274058610376,0.853274058610376,0.853274058610376,0.853274058610376
