obs_gdp,obs_hours,obs_wages,obs_gdpdeflator,obs_corepce,obs_nominalrate,obs_consumption,obs_investment,obs_BBBspread,obs_longinflation,obs_longrate,obs_tfp,obs_gdi,obs_AAAspread,obs_nominalrate1,obs_nominalrate2,obs_nominalrate3,obs_nominalrate4,obs_nominalrate5,obs_nominalrate6
0.41835318857137427,-48.58589532473593,0.41835318857137427,0.4963070372245872,0.49999999999998934,0.9012076966683047,0.41835318857137427,0.41835318857137427,0.47666130057253686,0.49999999999998934,0.9012076966683047,0.0,0.41835318857137427,0.1174310227768634,0.9012076966683047,0.9012076966683047,0.9012076966683047,0.9012076966683047,0.9012076966683047,0.9012076966683047
