obs_gdp,obs_hours,obs_wages,obs_gdpdeflator,obs_corepce,obs_nominalrate,obs_consumption,obs_investment,obs_BBBspread,obs_longinflation,obs_longrate,obs_tfp,obs_gdi,obs_AAAspread,obs_nominalrate1,obs_nominalrate2,obs_nominalrate3,obs_nominalrate4,obs_nominalrate5,obs_nominalrate6
0.42345336079596674,-46.766273498535156,0.42345336079596674,0.5017563588917149,0.49999999999998934,1.0921426148090552,0.42345336079596674,0.42345336079596674,0.43836903460442694,0.49999999999998934,1.0921426148090552,0.0,0.42345336079596674,0.1174310227768634,1.0921426148090552,1.0921426148090552,1.0921426148090552,1.0921426148090552,1.0921426148090552,1.0921426148090552
