obs_gdp,obs_hours,obs_wages,obs_gdpdeflator,obs_corepce,obs_nominalrate,obs_consumption,obs_investment,obs_BBBspread,obs_longinflation,obs_longrate,obs_tfp,obs_gdi,obs_AAAspread,obs_nominalrate1,obs_nominalrate2,obs_nominalrate3,obs_nominalrate4,obs_nominalrate5,obs_nominalrate6
0.42049422860146457,-46.91652297973633,0.42049422860146457,0.5023510388564212,0.49999999999998934,1.1084629230885934,0.42049422860146457,0.42049422860146457,0.4399807354642292,0.49999999999998934,1.1084629230885934,0.0,0.42049422860146457,0.1174310227768634,1.1084629230885934,1.1084629230885934,1.1084629230885934,1.1084629230885934,1.1084629230885934,1.1084629230885934
