obs_gdp,obs_hours,obs_wages,obs_gdpdeflator,obs_corepce,obs_nominalrate,obs_consumption,obs_investment,obs_BBBspread,obs_longinflation,obs_longrate,obs_tfp,obs_gdi,obs_AAAspread,obs_nominalrate1,obs_nominalrate2,obs_nominalrate3,obs_nominalrate4,obs_nominalrate5,obs_nominalrate6
0.4226592621207059,-48.31003751951711,0.4226592621207059,0.4964624934461576,0.49999999999998934,0.9072051042950058,0.4226592621207059,0.4226592621207059,0.4763097670961385,0.49999999999998934,0.9072051042950058,0.0,0.4226592621207059,0.1174310227768634,0.9072051042950058,0.9072051042950058,0.9072051042950058,0.9072051042950058,0.9072051042950058,0.9072051042950058
