obs_gdp,obs_hours,obs_wages,obs_gdpdeflator,obs_corepce,obs_nominalrate,obs_consumption,obs_investment,obs_BBBspread,obs_longinflation,obs_longrate,obs_tfp,obs_gdi,obs_AAAspread,obs_nominalrate1,obs_nominalrate2,obs_nominalrate3,obs_nominalrate4,obs_nominalrate5,obs_nominalrate6
0.4195260754879415,-48.53219154495446,0.4195260754879415,0.4963679222235698,0.49999999999998934,0.9048403742498934,0.4195260754879415,0.4195260754879415,0.47664328640409537,0.49999999999998934,0.9048403742498934,0.0,0.4195260754879415,0.1174310227768634,0.9048403742498934,0.9048403742498934,0.9048403742498934,0.9048403742498934,0.9048403742498934,0.9048403742498934
