obs_gdp,obs_hours,obs_wages,obs_gdpdeflator,obs_corepce,obs_nominalrate,obs_consumption,obs_investment,obs_BBBspread,obs_longinflation,obs_longrate,obs_tfp,obs_gdi,obs_AAAspread,obs_nominalrate1,obs_nominalrate2,obs_nominalrate3,obs_nominalrate4,obs_nominalrate5,obs_nominalrate6
0.42232578992844605,-46.92518615722656,0.42232578992844605,0.49905436625703103,0.49999999999998934,1.09631349698196,0.42232578992844605,0.42232578992844605,0.4369154413410789,0.49999999999998934,1.09631349698196,0.0,0.42232578992844605,0.1174310227768634,1.09631349698196,1.09631349698196,1.09631349698196,1.09631349698196,1.09631349698196,1.09631349698196
