obs_gdp,obs_hours,obs_wages,obs_gdpdeflator,obs_corepce,obs_nominalrate,obs_consumption,obs_investment,obs_BBBspread,obs_longinflation,obs_longrate,obs_tfp,obs_gdi,obs_AAAspread,obs_nominalrate1,obs_nominalrate2,obs_nominalrate3,obs_nominalrate4,obs_nominalrate5,obs_nominalrate6
0.4296208031038029,-47.75503313301866,0.4296208031038029,0.4962924452997875,0.49999999999998934,0.9154665273603646,0.4296208031038029,0.4296208031038029,0.47568971014633726,0.49999999999998934,0.9154665273603646,0.0,0.4296208031038029,0.1174310227768634,0.9154665273603646,0.9154665273603646,0.9154665273603646,0.9154665273603646,0.9154665273603646,0.9154665273603646
