obs_gdp,obs_hours,obs_wages,obs_gdpdeflator,obs_corepce,obs_nominalrate,obs_consumption,obs_investment,obs_BBBspread,obs_longinflation,obs_longrate,obs_tfp,obs_gdi,obs_AAAspread,obs_nominalrate1,obs_nominalrate2,obs_nominalrate3,obs_nominalrate4,obs_nominalrate5,obs_nominalrate6
0.42938265828600386,-47.72585137002067,0.42938265828600386,0.4967029274331084,0.49999999999998934,0.9142486525796079,0.42938265828600386,0.42938265828600386,0.47613248445388545,0.49999999999998934,0.9142486525796079,0.0,0.42938265828600386,0.1174310227768634,0.9142486525796079,0.9142486525796079,0.9142486525796079,0.9142486525796079,0.9142486525796079,0.9142486525796079
