obs_gdp,obs_hours,obs_wages,obs_gdpdeflator,obs_corepce,obs_nominalrate,obs_consumption,obs_investment,obs_BBBspread,obs_longinflation,obs_longrate,obs_tfp,obs_gdi,obs_AAAspread,obs_nominalrate1,obs_nominalrate2,obs_nominalrate3,obs_nominalrate4,obs_nominalrate5,obs_nominalrate6
0.42473940618743544,-48.02798056430681,0.42473940618743544,0.4968267190739085,0.49999999999998934,0.909583941640113,0.42473940618743544,0.42473940618743544,0.476612796006637,0.49999999999998934,0.909583941640113,0.0,0.42473940618743544,0.1174310227768634,0.909583941640113,0.909583941640113,0.909583941640113,0.909583941640113,0.909583941640113,0.909583941640113
