obs_gdp,obs_hours,obs_wages,obs_gdpdeflator,obs_corepce,obs_nominalrate,obs_consumption,obs_investment,obs_BBBspread,obs_longinflation,obs_longrate,obs_tfp,obs_gdi,obs_AAAspread,obs_nominalrate1,obs_nominalrate2,obs_nominalrate3,obs_nominalrate4,obs_nominalrate5,obs_nominalrate6
0.45592209696769803,-46.419921875,0.45592209696769803,0.5153976464643968,0.49999999999998934,1.147580204436327,0.45592209696769803,0.45592209696769803,0.4458692945573336,0.49999999999998934,1.147580204436327,0.0,0.45592209696769803,0.1174310227768634,1.147580204436327,1.147580204436327,1.147580204436327,1.147580204436327,1.147580204436327,1.147580204436327
