obs_gdp,obs_hours,obs_wages,obs_gdpdeflator,obs_corepce,obs_nominalrate,obs_consumption,obs_investment,obs_BBBspread,obs_longinflation,obs_longrate,obs_tfp,obs_gdi,obs_AAAspread,obs_nominalrate1,obs_nominalrate2,obs_nominalrate3,obs_nominalrate4,obs_nominalrate5,obs_nominalrate6
0.41573328233019957,-48.685277272895696,0.41573328233019957,0.4969072610477984,0.49999999999998934,0.9019958545488205,0.41573328233019957,0.41573328233019957,0.47628331985839845,0.49999999999998934,0.9019958545488205,0.0,0.41573328233019957,0.1174310227768634,0.9019958545488205,0.9019958545488205,0.9019958545488205,0.9019958545488205,0.9019958545488205,0.9019958545488205
