obs_gdp,obs_hours,obs_wages,obs_gdpdeflator,obs_corepce,obs_nominalrate,obs_consumption,obs_investment,obs_BBBspread,obs_longinflation,obs_longrate,obs_tfp,obs_gdi,obs_AAAspread,obs_nominalrate1,obs_nominalrate2,obs_nominalrate3,obs_nominalrate4,obs_nominalrate5,obs_nominalrate6
0.4116444288811971,-48.97714771613334,0.4116444288811971,0.4970198477992779,0.49999999999998934,0.8977150230745856,0.4116444288811971,0.4116444288811971,0.47778201356859495,0.49999999999998934,0.8977150230745856,0.0,0.4116444288811971,0.1174310227768634,0.8977150230745856,0.8977150230745856,0.8977150230745856,0.8977150230745856,0.8977150230745856,0.8977150230745856
