obs_gdp,obs_hours,obs_wages,obs_gdpdeflator,obs_corepce,obs_nominalrate,obs_consumption,obs_investment,obs_BBBspread,obs_longinflation,obs_longrate,obs_tfp,obs_gdi,obs_AAAspread,obs_nominalrate1,obs_nominalrate2,obs_nominalrate3,obs_nominalrate4,obs_nominalrate5,obs_nominalrate6
0.387972712516782,-46.94075012207031,0.387972712516782,0.49731053877620823,0.49999999999998934,0.8381501233296174,0.387972712516782,0.387972712516782,0.515459350057077,0.49999999999998934,0.8381501233296174,0.0,0.387972712516782,0.1174310227768634,0.8381501233296174,0.8381501233296174,0.8381501233296174,0.8381501233296174,0.8381501233296174,0.8381501233296174
