obs_gdp,obs_hours,obs_wages,obs_gdpdeflator,obs_corepce,obs_nominalrate,obs_consumption,obs_investment,obs_BBBspread,obs_longinflation,obs_longrate,obs_tfp,obs_gdi,obs_AAAspread,obs_nominalrate1,obs_nominalrate2,obs_nominalrate3,obs_nominalrate4,obs_nominalrate5,obs_nominalrate6
0.4274903955399978,-47.52405764450284,0.4274903955399978,0.4943543133678394,0.49999999999998934,0.9265337104150451,0.4274903955399978,0.4274903955399978,0.46575076887433764,0.49999999999998934,0.9265337104150451,0.0,0.4274903955399978,0.1174310227768634,0.9265337104150451,0.9265337104150451,0.9265337104150451,0.9265337104150451,0.9265337104150451,0.9265337104150451
