obs_gdp,obs_hours,obs_wages,obs_gdpdeflator,obs_corepce,obs_nominalrate,obs_consumption,obs_investment,obs_BBBspread,obs_longinflation,obs_longrate,obs_tfp,obs_gdi,obs_AAAspread,obs_nominalrate1,obs_nominalrate2,obs_nominalrate3,obs_nominalrate4,obs_nominalrate5,obs_nominalrate6
0.41591475071134365,-48.6633364916949,0.41591475071134365,0.4973702081541498,0.49999999999998934,0.9020696791233407,0.41591475071134365,0.41591475071134365,0.4774442117911027,0.49999999999998934,0.9020696791233407,0.0,0.41591475071134365,0.1174310227768634,0.9020696791233407,0.9020696791233407,0.9020696791233407,0.9020696791233407,0.9020696791233407,0.9020696791233407
