obs_gdp,obs_hours,obs_wages,obs_gdpdeflator,obs_corepce,obs_nominalrate,obs_consumption,obs_investment,obs_BBBspread,obs_longinflation,obs_longrate,obs_tfp,obs_gdi,obs_AAAspread,obs_nominalrate1,obs_nominalrate2,obs_nominalrate3,obs_nominalrate4,obs_nominalrate5,obs_nominalrate6
0.4158179028559639,-48.7206752476345,0.4158179028559639,0.4973009258992436,0.49999999999998934,0.9009218521966789,0.4158179028559639,0.4158179028559639,0.4784994229030915,0.49999999999998934,0.9009218521966789,0.0,0.4158179028559639,0.1174310227768634,0.9009218521966789,0.9009218521966789,0.9009218521966789,0.9009218521966789,0.9009218521966789,0.9009218521966789
