obs_gdp,obs_hours,obs_wages,obs_gdpdeflator,obs_corepce,obs_nominalrate,obs_consumption,obs_investment,obs_BBBspread,obs_longinflation,obs_longrate,obs_tfp,obs_gdi,obs_AAAspread,obs_nominalrate1,obs_nominalrate2,obs_nominalrate3,obs_nominalrate4,obs_nominalrate5,obs_nominalrate6
0.45063731074332924,-47.16782760620117,0.45063731074332924,0.5183643735945118,0.49999999999998934,1.1243909011044328,0.45063731074332924,0.45063731074332924,0.43543208434213365,0.49999999999998934,1.1243909011044328,0.0,0.45063731074332924,0.1174310227768634,1.1243909011044328,1.1243909011044328,1.1243909011044328,1.1243909011044328,1.1243909011044328,1.1243909011044328
