obs_gdp,obs_hours,obs_wages,obs_gdpdeflator,obs_corepce,obs_nominalrate,obs_consumption,obs_investment,obs_BBBspread,obs_longinflation,obs_longrate,obs_tfp,obs_gdi,obs_AAAspread,obs_nominalrate1,obs_nominalrate2,obs_nominalrate3,obs_nominalrate4,obs_nominalrate5,obs_nominalrate6
0.4143224198682294,-48.80808695181795,0.4143224198682294,0.49741372060988237,0.49999999999998934,0.8988153285421463,0.4143224198682294,0.4143224198682294,0.47812074241853475,0.49999999999998934,0.8988153285421463,0.0,0.4143224198682294,0.1174310227768634,0.8988153285421463,0.8988153285421463,0.8988153285421463,0.8988153285421463,0.8988153285421463,0.8988153285421463
