obs_gdp,obs_hours,obs_wages,obs_gdpdeflator,obs_corepce,obs_nominalrate,obs_consumption,obs_investment,obs_BBBspread,obs_longinflation,obs_longrate,obs_tfp,obs_gdi,obs_AAAspread,obs_nominalrate1,obs_nominalrate2,obs_nominalrate3,obs_nominalrate4,obs_nominalrate5,obs_nominalrate6
0.45771801471710116,-46.94766616821289,0.45771801471710116,0.5169652998447312,0.49999999999998934,1.1298435284909925,0.45771801471710116,0.45771801471710116,0.4388292993951856,0.49999999999998934,1.1298435284909925,0.0,0.45771801471710116,0.1174310227768634,1.1298435284909925,1.1298435284909925,1.1298435284909925,1.1298435284909925,1.1298435284909925,1.1298435284909925
