obs_gdp,obs_hours,obs_wages,obs_gdpdeflator,obs_corepce,obs_nominalrate,obs_consumption,obs_investment,obs_BBBspread,obs_longinflation,obs_longrate,obs_tfp,obs_gdi,obs_AAAspread,obs_nominalrate1,obs_nominalrate2,obs_nominalrate3,obs_nominalrate4,obs_nominalrate5,obs_nominalrate6
0.4610247611999574,-47.17193603515625,0.4610247611999574,0.5131876701488984,0.49999999999998934,1.1270946410294247,0.4610247611999574,0.4610247611999574,0.44168509386987626,0.49999999999998934,1.1270946410294247,0.0,0.4610247611999574,0.1174310227768634,1.1270946410294247,1.1270946410294247,1.1270946410294247,1.1270946410294247,1.1270946410294247,1.1270946410294247
