obs_gdp,obs_hours,obs_wages,obs_gdpdeflator,obs_corepce,obs_nominalrate,obs_consumption,obs_investment,obs_BBBspread,obs_longinflation,obs_longrate,obs_tfp,obs_gdi,obs_AAAspread,obs_nominalrate1,obs_nominalrate2,obs_nominalrate3,obs_nominalrate4,obs_nominalrate5,obs_nominalrate6
0.46846729516982766,-47.19767761230469,0.46846729516982766,0.5139856114983452,0.49999999999998934,1.1215339201738672,0.46846729516982766,0.46846729516982766,0.4479823042873664,0.49999999999998934,1.1215339201738672,0.0,0.46846729516982766,0.1174310227768634,1.1215339201738672,1.1215339201738672,1.1215339201738672,1.1215339201738672,1.1215339201738672,1.1215339201738672
