obs_gdp,obs_hours,obs_wages,obs_gdpdeflator,obs_corepce,obs_nominalrate,obs_consumption,obs_investment,obs_BBBspread,obs_longinflation,obs_longrate,obs_tfp,obs_gdi,obs_AAAspread,obs_nominalrate1,obs_nominalrate2,obs_nominalrate3,obs_nominalrate4,obs_nominalrate5,obs_nominalrate6
0.4237204042876419,-48.031656984266036,0.4237204042876419,0.4976080290079336,0.49999999999998934,0.9092561136397226,0.4237204042876419,0.4237204042876419,0.4772952867386154,0.49999999999998934,0.9092561136397226,0.0,0.4237204042876419,0.1174310227768634,0.9092561136397226,0.9092561136397226,0.9092561136397226,0.9092561136397226,0.9092561136397226,0.9092561136397226
