obs_gdp,obs_hours,obs_wages,obs_gdpdeflator,obs_corepce,obs_nominalrate,obs_consumption,obs_investment,obs_BBBspread,obs_longinflation,obs_longrate,obs_tfp,obs_gdi,obs_AAAspread,obs_nominalrate1,obs_nominalrate2,obs_nominalrate3,obs_nominalrate4,obs_nominalrate5,obs_nominalrate6
0.4693636000156376,-47.14558029174805,0.4693636000156376,0.5187354739755285,0.49999999999998934,1.1666746881450418,0.4693636000156376,0.4693636000156376,0.4467450113911752,0.49999999999998934,1.1666746881450418,0.0,0.4693636000156376,0.1174310227768634,1.1666746881450418,1.1666746881450418,1.1666746881450418,1.1666746881450418,1.1666746881450418,1.1666746881450418
