obs_gdp,obs_hours,obs_wages,obs_gdpdeflator,obs_corepce,obs_nominalrate,obs_consumption,obs_investment,obs_BBBspread,obs_longinflation,obs_longrate,obs_tfp,obs_gdi,obs_AAAspread,obs_nominalrate1,obs_nominalrate2,obs_nominalrate3,obs_nominalrate4,obs_nominalrate5,obs_nominalrate6
0.4312087706753953,-47.50578385856633,0.4312087706753953,0.4977373716385942,0.49999999999998934,0.9166507511742861,0.4312087706753953,0.4312087706753953,0.4773448359822756,0.49999999999998934,0.9166507511742861,0.0,0.4312087706753953,0.1174310227768634,0.9166507511742861,0.9166507511742861,0.9166507511742861,0.9166507511742861,0.9166507511742861,0.9166507511742861
