obs_gdp,obs_hours,obs_wages,obs_gdpdeflator,obs_corepce,obs_nominalrate,obs_consumption,obs_investment,obs_BBBspread,obs_longinflation,obs_longrate,obs_tfp,obs_gdi,obs_AAAspread,obs_nominalrate1,obs_nominalrate2,obs_nominalrate3,obs_nominalrate4,obs_nominalrate5,obs_nominalrate6
0.4319668931924925,-47.4713584026201,0.4319668931924925,0.49778770463165956,0.49999999999998934,0.9189925158820333,0.4319668931924925,0.4319668931924925,0.4763259019259702,0.49999999999998934,0.9189925158820333,0.0,0.4319668931924925,0.1174310227768634,0.9189925158820333,0.9189925158820333,0.9189925158820333,0.9189925158820333,0.9189925158820333,0.9189925158820333
