obs_gdp,obs_hours,obs_wages,obs_gdpdeflator,obs_corepce,obs_nominalrate,obs_consumption,obs_investment,obs_BBBspread,obs_longinflation,obs_longrate,obs_tfp,obs_gdi,obs_AAAspread,obs_nominalrate1,obs_nominalrate2,obs_nominalrate3,obs_nominalrate4,obs_nominalrate5,obs_nominalrate6
0.46651554107666193,-47.15357971191406,0.46651554107666193,0.5083056362345708,0.49999999999998934,1.1842301171605785,0.46651554107666193,0.46651554107666193,0.4486526621017374,0.49999999999998934,1.1842301171605785,0.0,0.46651554107666193,0.1174310227768634,1.1842301171605785,1.1842301171605785,1.1842301171605785,1.1842301171605785,1.1842301171605785,1.1842301171605785
