obs_gdp,obs_hours,obs_wages,obs_gdpdeflator,obs_corepce,obs_nominalrate,obs_consumption,obs_investment,obs_BBBspread,obs_longinflation,obs_longrate,obs_tfp,obs_gdi,obs_AAAspread,obs_nominalrate1,obs_nominalrate2,obs_nominalrate3,obs_nominalrate4,obs_nominalrate5,obs_nominalrate6
0.4258575330291281,-47.9340164726214,0.4258575330291281,0.49769881154395484,0.49999999999998934,0.9117376612137074,0.4258575330291281,0.4258575330291281,0.47666525148152666,0.49999999999998934,0.9117376612137074,0.0,0.4258575330291281,0.1174310227768634,0.9117376612137074,0.9117376612137074,0.9117376612137074,0.9117376612137074,0.9117376612137074,0.9117376612137074
