obs_gdp,obs_hours,obs_wages,obs_gdpdeflator,obs_corepce,obs_nominalrate,obs_consumption,obs_investment,obs_BBBspread,obs_longinflation,obs_longrate,obs_tfp,obs_gdi,obs_AAAspread,obs_nominalrate1,obs_nominalrate2,obs_nominalrate3,obs_nominalrate4,obs_nominalrate5,obs_nominalrate6
0.40999659895897267,-47.16717529296875,0.40999659895897267,0.524735011160363,0.49999999999998934,0.8698434668295008,0.40999659895897267,0.40999659895897267,0.49400985903195377,0.49999999999998934,0.8698434668295008,0.0,0.40999659895897267,0.1174310227768634,0.8698434668295008,0.8698434668295008,0.8698434668295008,0.8698434668295008,0.8698434668295008,0.8698434668295008
