obs_gdp,obs_hours,obs_wages,obs_gdpdeflator,obs_corepce,obs_nominalrate,obs_consumption,obs_investment,obs_BBBspread,obs_longinflation,obs_longrate,obs_tfp,obs_gdi,obs_AAAspread,obs_nominalrate1,obs_nominalrate2,obs_nominalrate3,obs_nominalrate4,obs_nominalrate5,obs_nominalrate6
0.473309487104423,-46.861480712890625,0.473309487104423,0.5189177636057032,0.49999999999998934,1.1806432019516144,0.473309487104423,0.473309487104423,0.43821115678513556,0.49999999999998934,1.1806432019516144,0.0,0.473309487104423,0.1174310227768634,1.1806432019516144,1.1806432019516144,1.1806432019516144,1.1806432019516144,1.1806432019516144,1.1806432019516144
