obs_gdp,obs_hours,obs_wages,obs_gdpdeflator,obs_corepce,obs_nominalrate,obs_consumption,obs_investment,obs_BBBspread,obs_longinflation,obs_longrate,obs_tfp,obs_gdi,obs_AAAspread,obs_nominalrate1,obs_nominalrate2,obs_nominalrate3,obs_nominalrate4,obs_nominalrate5,obs_nominalrate6
0.4311553919338573,-47.50500303293339,0.4311553919338573,0.4977235928412912,0.49999999999998934,0.9162522232117221,0.4311553919338573,0.4311553919338573,0.4769802251260485,0.49999999999998934,0.9162522232117221,0.0,0.4311553919338573,0.1174310227768634,0.9162522232117221,0.9162522232117221,0.9162522232117221,0.9162522232117221,0.9162522232117221,0.9162522232117221
