obs_gdp,obs_hours,obs_wages,obs_gdpdeflator,obs_corepce,obs_nominalrate,obs_consumption,obs_investment,obs_BBBspread,obs_longinflation,obs_longrate,obs_tfp,obs_gdi,obs_AAAspread,obs_nominalrate1,obs_nominalrate2,obs_nominalrate3,obs_nominalrate4,obs_nominalrate5,obs_nominalrate6
0.4309949275050018,-47.482237049644574,0.4309949275050018,0.49758633266866154,0.49999999999998934,0.9162912334297335,0.4309949275050018,0.4309949275050018,0.47729537311237186,0.49999999999998934,0.9162912334297335,0.0,0.4309949275050018,0.1174310227768634,0.9162912334297335,0.9162912334297335,0.9162912334297335,0.9162912334297335,0.9162912334297335,0.9162912334297335
