obs_gdp,obs_hours,obs_wages,obs_gdpdeflator,obs_corepce,obs_nominalrate,obs_consumption,obs_investment,obs_BBBspread,obs_longinflation,obs_longrate,obs_tfp,obs_gdi,obs_AAAspread,obs_nominalrate1,obs_nominalrate2,obs_nominalrate3,obs_nominalrate4,obs_nominalrate5,obs_nominalrate6
0.4835880100727108,-46.54237365722656,0.4835880100727108,0.5117341214790834,0.49999999999998934,1.1775670215644851,0.4835880100727108,0.4835880100727108,0.44345085805530077,0.49999999999998934,1.1775670215644851,0.0,0.4835880100727108,0.1174310227768634,1.1775670215644851,1.1775670215644851,1.1775670215644851,1.1775670215644851,1.1775670215644851,1.1775670215644851
