obs_gdp,obs_hours,obs_wages,obs_gdpdeflator,obs_corepce,obs_nominalrate,obs_consumption,obs_investment,obs_BBBspread,obs_longinflation,obs_longrate,obs_tfp,obs_gdi,obs_AAAspread,obs_nominalrate1,obs_nominalrate2,obs_nominalrate3,obs_nominalrate4,obs_nominalrate5,obs_nominalrate6
0.43316963251489593,-47.33739513422234,0.43316963251489593,0.4972761235025651,0.49999999999998934,0.9174455145452676,0.43316963251489593,0.43316963251489593,0.47735921951503196,0.49999999999998934,0.9174455145452676,0.0,0.43316963251489593,0.1174310227768634,0.9174455145452676,0.9174455145452676,0.9174455145452676,0.9174455145452676,0.9174455145452676,0.9174455145452676
