obs_gdp,obs_hours,obs_wages,obs_gdpdeflator,obs_corepce,obs_nominalrate,obs_consumption,obs_investment,obs_BBBspread,obs_longinflation,obs_longrate,obs_tfp,obs_gdi,obs_AAAspread,obs_nominalrate1,obs_nominalrate2,obs_nominalrate3,obs_nominalrate4,obs_nominalrate5,obs_nominalrate6
0.430477037108945,-47.52176435682749,0.430477037108945,0.4972944901032525,0.49999999999998934,0.9141200473835154,0.430477037108945,0.430477037108945,0.4776979598221914,0.49999999999998934,0.9141200473835154,0.0,0.430477037108945,0.1174310227768634,0.9141200473835154,0.9141200473835154,0.9141200473835154,0.9141200473835154,0.9141200473835154,0.9141200473835154
