obs_gdp,obs_hours,obs_wages,obs_gdpdeflator,obs_corepce,obs_nominalrate,obs_consumption,obs_investment,obs_BBBspread,obs_longinflation,obs_longrate,obs_tfp,obs_gdi,obs_AAAspread,obs_nominalrate1,obs_nominalrate2,obs_nominalrate3,obs_nominalrate4,obs_nominalrate5,obs_nominalrate6
0.48097285628319053,-46.51180648803711,0.48097285628319053,0.5145215410739077,0.49999999999998934,1.174805621319308,0.48097285628319053,0.48097285628319053,0.4432740188629404,0.49999999999998934,1.174805621319308,0.0,0.48097285628319053,0.1174310227768634,1.174805621319308,1.174805621319308,1.174805621319308,1.174805621319308,1.174805621319308,1.174805621319308
