obs_gdp,obs_hours,obs_wages,obs_gdpdeflator,obs_corepce,obs_nominalrate,obs_consumption,obs_investment,obs_BBBspread,obs_longinflation,obs_longrate,obs_tfp,obs_gdi,obs_AAAspread,obs_nominalrate1,obs_nominalrate2,obs_nominalrate3,obs_nominalrate4,obs_nominalrate5,obs_nominalrate6
0.47401919960976535,-46.629676818847656,0.47401919960976535,0.5188299212604655,0.49999999999998934,1.1495969860023436,0.47401919960976535,0.47401919960976535,0.45111753358668116,0.49999999999998934,1.1495969860023436,0.0,0.47401919960976535,0.1174310227768634,1.1495969860023436,1.1495969860023436,1.1495969860023436,1.1495969860023436,1.1495969860023436,1.1495969860023436
