obs_gdp,obs_hours,obs_wages,obs_gdpdeflator,obs_corepce,obs_nominalrate,obs_consumption,obs_investment,obs_BBBspread,obs_longinflation,obs_longrate,obs_tfp,obs_gdi,obs_AAAspread,obs_nominalrate1,obs_nominalrate2,obs_nominalrate3,obs_nominalrate4,obs_nominalrate5,obs_nominalrate6
0.43234107351215467,-47.390441961615515,0.43234107351215467,0.4973966993543735,0.49999999999998934,0.9134246853918171,0.43234107351215467,0.43234107351215467,0.4784491972433454,0.49999999999998934,0.9134246853918171,0.0,0.43234107351215467,0.1174310227768634,0.9134246853918171,0.9134246853918171,0.9134246853918171,0.9134246853918171,0.9134246853918171,0.9134246853918171
