obs_gdp,obs_hours,obs_wages,obs_gdpdeflator,obs_corepce,obs_nominalrate,obs_consumption,obs_investment,obs_BBBspread,obs_longinflation,obs_longrate,obs_tfp,obs_gdi,obs_AAAspread,obs_nominalrate1,obs_nominalrate2,obs_nominalrate3,obs_nominalrate4,obs_nominalrate5,obs_nominalrate6
0.43459881765912645,-47.23132597403524,0.43459881765912645,0.49735654897797577,0.49999999999998934,0.915883719300159,0.43459881765912645,0.43459881765912645,0.4784573981327424,0.49999999999998934,0.915883719300159,0.0,0.43459881765912645,0.1174310227768634,0.915883719300159,0.915883719300159,0.915883719300159,0.915883719300159,0.915883719300159,0.915883719300159
