obs_gdp,obs_hours,obs_wages,obs_gdpdeflator,obs_corepce,obs_nominalrate,obs_consumption,obs_investment,obs_BBBspread,obs_longinflation,obs_longrate,obs_tfp,obs_gdi,obs_AAAspread,obs_nominalrate1,obs_nominalrate2,obs_nominalrate3,obs_nominalrate4,obs_nominalrate5,obs_nominalrate6
0.43286154022135204,-46.72555462682366,0.43286154022135204,0.4940521527825363,0.49999999999998934,0.9297403217915612,0.43286154022135204,0.43286154022135204,0.4686542317451729,0.49999999999998934,0.9297403217915612,0.0,0.43286154022135204,0.1174310227768634,0.9297403217915612,0.9297403217915612,0.9297403217915612,0.9297403217915612,0.9297403217915612,0.9297403217915612
