obs_gdp,obs_hours,obs_wages,obs_gdpdeflator,obs_corepce,obs_nominalrate,obs_consumption,obs_investment,obs_BBBspread,obs_longinflation,obs_longrate,obs_tfp,obs_gdi,obs_AAAspread,obs_nominalrate1,obs_nominalrate2,obs_nominalrate3,obs_nominalrate4,obs_nominalrate5,obs_nominalrate6
0.43332259445638677,-47.37201695095375,0.43332259445638677,0.4974951032347644,0.49999999999998934,0.917236927287135,0.43332259445638677,0.43332259445638677,0.4777318333091634,0.49999999999998934,0.917236927287135,0.0,0.43332259445638677,0.1174310227768634,0.917236927287135,0.917236927287135,0.917236927287135,0.917236927287135,0.917236927287135,0.917236927287135
