obs_gdp,obs_hours,obs_wages,obs_gdpdeflator,obs_corepce,obs_nominalrate,obs_consumption,obs_investment,obs_BBBspread,obs_longinflation,obs_longrate,obs_tfp,obs_gdi,obs_AAAspread,obs_nominalrate1,obs_nominalrate2,obs_nominalrate3,obs_nominalrate4,obs_nominalrate5,obs_nominalrate6
0.43248518475245135,-47.430118599539206,0.43248518475245135,0.4975013283998181,0.49999999999998934,0.9157355350702723,0.43248518475245135,0.43248518475245135,0.47830557979741317,0.49999999999998934,0.9157355350702723,0.0,0.43248518475245135,0.1174310227768634,0.9157355350702723,0.9157355350702723,0.9157355350702723,0.9157355350702723,0.9157355350702723,0.9157355350702723
