obs_gdp,obs_hours,obs_wages,obs_gdpdeflator,obs_corepce,obs_nominalrate,obs_consumption,obs_investment,obs_BBBspread,obs_longinflation,obs_longrate,obs_tfp,obs_gdi,obs_AAAspread,obs_nominalrate1,obs_nominalrate2,obs_nominalrate3,obs_nominalrate4,obs_nominalrate5,obs_nominalrate6
0.48360604047774647,-46.41763687133789,0.48360604047774647,0.49551728786899574,0.49999999999998934,1.160087125456366,0.48360604047774647,0.48360604047774647,0.46586969024156194,0.49999999999998934,1.160087125456366,0.0,0.48360604047774647,0.1174310227768634,1.160087125456366,1.160087125456366,1.160087125456366,1.160087125456366,1.160087125456366,1.160087125456366
