obs_gdp,obs_hours,obs_wages,obs_gdpdeflator,obs_corepce,obs_nominalrate,obs_consumption,obs_investment,obs_BBBspread,obs_longinflation,obs_longrate,obs_tfp,obs_gdi,obs_AAAspread,obs_nominalrate1,obs_nominalrate2,obs_nominalrate3,obs_nominalrate4,obs_nominalrate5,obs_nominalrate6
0.4906426072120773,-46.10158157348633,0.4906426072120773,0.4971635590772969,0.49999999999998934,1.1705462961604907,0.4906426072120773,0.4906426072120773,0.46882563568299823,0.49999999999998934,1.1705462961604907,0.0,0.4906426072120773,0.1174310227768634,1.1705462961604907,1.1705462961604907,1.1705462961604907,1.1705462961604907,1.1705462961604907,1.1705462961604907
