obs_gdp,obs_hours,obs_wages,obs_gdpdeflator,obs_corepce,obs_nominalrate,obs_consumption,obs_investment,obs_BBBspread,obs_longinflation,obs_longrate,obs_tfp,obs_gdi,obs_AAAspread,obs_nominalrate1,obs_nominalrate2,obs_nominalrate3,obs_nominalrate4,obs_nominalrate5,obs_nominalrate6
0.4300332542108487,-47.64007750380651,0.4300332542108487,0.49708958960281735,0.49999999999998934,0.9139027670566069,0.4300332542108487,0.4300332542108487,0.47847335383398815,0.49999999999998934,0.9139027670566069,0.0,0.4300332542108487,0.1174310227768634,0.9139027670566069,0.9139027670566069,0.9139027670566069,0.9139027670566069,0.9139027670566069,0.9139027670566069
