obs_gdp,obs_hours,obs_wages,obs_gdpdeflator,obs_corepce,obs_nominalrate,obs_consumption,obs_investment,obs_BBBspread,obs_longinflation,obs_longrate,obs_tfp,obs_gdi,obs_AAAspread,obs_nominalrate1,obs_nominalrate2,obs_nominalrate3,obs_nominalrate4,obs_nominalrate5,obs_nominalrate6
0.43444781165606905,-47.2456098762775,0.43444781165606905,0.4969259313274102,0.49999999999998934,0.9194895556884575,0.43444781165606905,0.43444781165606905,0.4770417982689796,0.49999999999998934,0.9194895556884575,0.0,0.43444781165606905,0.1174310227768634,0.9194895556884575,0.9194895556884575,0.9194895556884575,0.9194895556884575,0.9194895556884575,0.9194895556884575
