obs_gdp,obs_hours,obs_wages,obs_gdpdeflator,obs_corepce,obs_nominalrate,obs_consumption,obs_investment,obs_BBBspread,obs_longinflation,obs_longrate,obs_tfp,obs_gdi,obs_AAAspread,obs_nominalrate1,obs_nominalrate2,obs_nominalrate3,obs_nominalrate4,obs_nominalrate5,obs_nominalrate6
0.49685347080230535,-46.422996520996094,0.49685347080230535,0.4943052916787458,0.49999999999998934,1.1608021332625285,0.49685347080230535,0.49685347080230535,0.4602171458045429,0.49999999999998934,1.1608021332625285,0.0,0.49685347080230535,0.1174310227768634,1.1608021332625285,1.1608021332625285,1.1608021332625285,1.1608021332625285,1.1608021332625285,1.1608021332625285
