obs_gdp,obs_hours,obs_wages,obs_gdpdeflator,obs_corepce,obs_nominalrate,obs_consumption,obs_investment,obs_BBBspread,obs_longinflation,obs_longrate,obs_tfp,obs_gdi,obs_AAAspread,obs_nominalrate1,obs_nominalrate2,obs_nominalrate3,obs_nominalrate4,obs_nominalrate5,obs_nominalrate6
0.4831497669219864,-46.598487854003906,0.4831497669219864,0.5003404098388167,0.49999999999998934,1.1597268770630942,0.4831497669219864,0.4831497669219864,0.4662647420785725,0.49999999999998934,1.1597268770630942,0.0,0.4831497669219864,0.1174310227768634,1.1597268770630942,1.1597268770630942,1.1597268770630942,1.1597268770630942,1.1597268770630942,1.1597268770630942
