obs_gdp,obs_hours,obs_wages,obs_gdpdeflator,obs_corepce,obs_nominalrate,obs_consumption,obs_investment,obs_BBBspread,obs_longinflation,obs_longrate,obs_tfp,obs_gdi,obs_AAAspread,obs_nominalrate1,obs_nominalrate2,obs_nominalrate3,obs_nominalrate4,obs_nominalrate5,obs_nominalrate6
0.4731703996658343,-46.63690185546875,0.4731703996658343,0.5084659140556944,0.49999999999998934,1.1506652998102496,0.4731703996658343,0.4731703996658343,0.4734377056955057,0.49999999999998934,1.1506652998102496,0.0,0.4731703996658343,0.1174310227768634,1.1506652998102496,1.1506652998102496,1.1506652998102496,1.1506652998102496,1.1506652998102496,1.1506652998102496
