obs_gdp,obs_hours,obs_wages,obs_gdpdeflator,obs_corepce,obs_nominalrate,obs_consumption,obs_investment,obs_BBBspread,obs_longinflation,obs_longrate,obs_tfp,obs_gdi,obs_AAAspread,obs_nominalrate1,obs_nominalrate2,obs_nominalrate3,obs_nominalrate4,obs_nominalrate5,obs_nominalrate6
0.4020654261112311,-47.222713470458984,0.4020654261112311,0.5384450219571484,0.49999999999998934,0.8893252078371772,0.4020654261112311,0.4020654261112311,0.48672576568834225,0.49999999999998934,0.8893252078371772,0.0,0.4020654261112311,0.1174310227768634,0.8893252078371772,0.8893252078371772,0.8893252078371772,0.8893252078371772,0.8893252078371772,0.8893252078371772
