obs_gdp,obs_hours,obs_wages,obs_gdpdeflator,obs_corepce,obs_nominalrate,obs_consumption,obs_investment,obs_BBBspread,obs_longinflation,obs_longrate,obs_tfp,obs_gdi,obs_AAAspread,obs_nominalrate1,obs_nominalrate2,obs_nominalrate3,obs_nominalrate4,obs_nominalrate5,obs_nominalrate6
0.42658865118117006,-47.121728717608434,0.42658865118117006,0.49433002389816927,0.49999999999998934,0.9238193778196013,0.42658865118117006,0.42658865118117006,0.4679676563612211,0.49999999999998934,0.9238193778196013,0.0,0.42658865118117006,0.1174310227768634,0.9238193778196013,0.9238193778196013,0.9238193778196013,0.9238193778196013,0.9238193778196013,0.9238193778196013
