obs_gdp,obs_hours,obs_wages,obs_gdpdeflator,obs_corepce,obs_nominalrate,obs_consumption,obs_investment,obs_BBBspread,obs_longinflation,obs_longrate,obs_tfp,obs_gdi,obs_AAAspread,obs_nominalrate1,obs_nominalrate2,obs_nominalrate3,obs_nominalrate4,obs_nominalrate5,obs_nominalrate6
0.4418093398160128,-46.733955998957676,0.4418093398160128,0.49660927040625813,0.49999999999998934,0.927856651232517,0.4418093398160128,0.4418093398160128,0.4783803452436172,0.49999999999998934,0.927856651232517,0.0,0.4418093398160128,0.1174310227768634,0.927856651232517,0.927856651232517,0.927856651232517,0.927856651232517,0.927856651232517,0.927856651232517
