obs_gdp,obs_hours,obs_wages,obs_gdpdeflator,obs_corepce,obs_nominalrate,obs_consumption,obs_investment,obs_BBBspread,obs_longinflation,obs_longrate,obs_tfp,obs_gdi,obs_AAAspread,obs_nominalrate1,obs_nominalrate2,obs_nominalrate3,obs_nominalrate4,obs_nominalrate5,obs_nominalrate6
0.48044300079346236,-46.00251007080078,0.48044300079346236,0.5133219324052227,0.49999999999998934,1.161375699845979,0.48044300079346236,0.48044300079346236,0.4716522288188958,0.49999999999998934,1.161375699845979,0.0,0.48044300079346236,0.1174310227768634,1.161375699845979,1.161375699845979,1.161375699845979,1.161375699845979,1.161375699845979,1.161375699845979
