obs_gdp,obs_hours,obs_wages,obs_gdpdeflator,obs_corepce,obs_nominalrate,obs_consumption,obs_investment,obs_BBBspread,obs_longinflation,obs_longrate,obs_tfp,obs_gdi,obs_AAAspread,obs_nominalrate1,obs_nominalrate2,obs_nominalrate3,obs_nominalrate4,obs_nominalrate5,obs_nominalrate6
0.4490930763440648,-46.25964434733022,0.4490930763440648,0.4968114212057502,0.49999999999998934,0.9366803173370464,0.4490930763440648,0.4490930763440648,0.4791653239641093,0.49999999999998934,0.9366803173370464,0.0,0.4490930763440648,0.1174310227768634,0.9366803173370464,0.9366803173370464,0.9366803173370464,0.9366803173370464,0.9366803173370464,0.9366803173370464
