obs_gdp,obs_hours,obs_wages,obs_gdpdeflator,obs_corepce,obs_nominalrate,obs_consumption,obs_investment,obs_BBBspread,obs_longinflation,obs_longrate,obs_tfp,obs_gdi,obs_AAAspread,obs_nominalrate1,obs_nominalrate2,obs_nominalrate3,obs_nominalrate4,obs_nominalrate5,obs_nominalrate6
0.4467825335061626,-46.43602043989321,0.4467825335061626,0.49681045427127024,0.49999999999998934,0.9332701991442427,0.4467825335061626,0.4467825335061626,0.47956571682188026,0.49999999999998934,0.9332701991442427,0.0,0.4467825335061626,0.1174310227768634,0.9332701991442427,0.9332701991442427,0.9332701991442427,0.9332701991442427,0.9332701991442427,0.9332701991442427
