obs_gdp,obs_hours,obs_wages,obs_gdpdeflator,obs_corepce,obs_nominalrate,obs_consumption,obs_investment,obs_BBBspread,obs_longinflation,obs_longrate,obs_tfp,obs_gdi,obs_AAAspread,obs_nominalrate1,obs_nominalrate2,obs_nominalrate3,obs_nominalrate4,obs_nominalrate5,obs_nominalrate6
0.49602723121642267,-45.62482452392578,0.49602723121642267,0.5223031695932043,0.49999999999998934,1.2078580162607322,0.49602723121642267,0.49602723121642267,0.4645503303959718,0.49999999999998934,1.2078580162607322,0.0,0.49602723121642267,0.1174310227768634,1.2078580162607322,1.2078580162607322,1.2078580162607322,1.2078580162607322,1.2078580162607322,1.2078580162607322
