obs_gdp,obs_hours,obs_wages,obs_gdpdeflator,obs_corepce,obs_nominalrate,obs_consumption,obs_investment,obs_BBBspread,obs_longinflation,obs_longrate,obs_tfp,obs_gdi,obs_AAAspread,obs_nominalrate1,obs_nominalrate2,obs_nominalrate3,obs_nominalrate4,obs_nominalrate5,obs_nominalrate6
0.4452679294785433,-46.538328225438974,0.4452679294785433,0.4965227695735395,0.49999999999998934,0.9302512477933345,0.4452679294785433,0.4452679294785433,0.4804942973299631,0.49999999999998934,0.9302512477933345,0.0,0.4452679294785433,0.1174310227768634,0.9302512477933345,0.9302512477933345,0.9302512477933345,0.9302512477933345,0.9302512477933345,0.9302512477933345
