obs_gdp,obs_hours,obs_wages,obs_gdpdeflator,obs_corepce,obs_nominalrate,obs_consumption,obs_investment,obs_BBBspread,obs_longinflation,obs_longrate,obs_tfp,obs_gdi,obs_AAAspread,obs_nominalrate1,obs_nominalrate2,obs_nominalrate3,obs_nominalrate4,obs_nominalrate5,obs_nominalrate6
0.44987171374366586,-46.18938733658624,0.44987171374366586,0.4966108205320672,0.49999999999998934,0.9345195986848465,0.44987171374366586,0.44987171374366586,0.47986699432768415,0.49999999999998934,0.9345195986848465,0.0,0.44987171374366586,0.1174310227768634,0.9345195986848465,0.9345195986848465,0.9345195986848465,0.9345195986848465,0.9345195986848465,0.9345195986848465
