obs_gdp,obs_hours,obs_wages,obs_gdpdeflator,obs_corepce,obs_nominalrate,obs_consumption,obs_investment,obs_BBBspread,obs_longinflation,obs_longrate,obs_tfp,obs_gdi,obs_AAAspread,obs_nominalrate1,obs_nominalrate2,obs_nominalrate3,obs_nominalrate4,obs_nominalrate5,obs_nominalrate6
0.5115633010864151,-45.50104904174805,0.5115633010864151,0.5123129822313679,0.49999999999998934,1.2329877900557173,0.5115633010864151,0.5115633010864151,0.4546559479160734,0.49999999999998934,1.2329877900557173,0.0,0.5115633010864151,0.1174310227768634,1.2329877900557173,1.2329877900557173,1.2329877900557173,1.2329877900557173,1.2329877900557173,1.2329877900557173
