obs_gdp,obs_hours,obs_wages,obs_gdpdeflator,obs_corepce,obs_nominalrate,obs_consumption,obs_investment,obs_BBBspread,obs_longinflation,obs_longrate,obs_tfp,obs_gdi,obs_AAAspread,obs_nominalrate1,obs_nominalrate2,obs_nominalrate3,obs_nominalrate4,obs_nominalrate5,obs_nominalrate6
0.44848358811535594,-46.223495361448094,0.44848358811535594,0.4963481544972521,0.49999999999998934,0.9323210593122022,0.44848358811535594,0.44848358811535594,0.4795880649494715,0.49999999999998934,0.9323210593122022,0.0,0.44848358811535594,0.1174310227768634,0.9323210593122022,0.9323210593122022,0.9323210593122022,0.9323210593122022,0.9323210593122022,0.9323210593122022
