obs_gdp,obs_hours,obs_wages,obs_gdpdeflator,obs_corepce,obs_nominalrate,obs_consumption,obs_investment,obs_BBBspread,obs_longinflation,obs_longrate,obs_tfp,obs_gdi,obs_AAAspread,obs_nominalrate1,obs_nominalrate2,obs_nominalrate3,obs_nominalrate4,obs_nominalrate5,obs_nominalrate6
0.5128642916679471,-45.50674819946289,0.5128642916679471,0.5129117984324587,0.49999999999998934,1.2310283216793394,0.5128642916679471,0.5128642916679471,0.45306565300217416,0.49999999999998934,1.2310283216793394,0.0,0.5128642916679471,0.1174310227768634,1.2310283216793394,1.2310283216793394,1.2310283216793394,1.2310283216793394,1.2310283216793394,1.2310283216793394
