obs_gdp,obs_hours,obs_wages,obs_gdpdeflator,obs_corepce,obs_nominalrate,obs_consumption,obs_investment,obs_BBBspread,obs_longinflation,obs_longrate,obs_tfp,obs_gdi,obs_AAAspread,obs_nominalrate1,obs_nominalrate2,obs_nominalrate3,obs_nominalrate4,obs_nominalrate5,obs_nominalrate6
0.40506666898727506,-46.927940368652344,0.40506666898727506,0.5370726846158398,0.49999999999998934,0.8979282619190565,0.40506666898727506,0.40506666898727506,0.48981551571011617,0.49999999999998934,0.8979282619190565,0.0,0.40506666898727506,0.1174310227768634,0.8979282619190565,0.8979282619190565,0.8979282619190565,0.8979282619190565,0.8979282619190565,0.8979282619190565
