obs_gdp,obs_hours,obs_wages,obs_gdpdeflator,obs_corepce,obs_nominalrate,obs_consumption,obs_investment,obs_BBBspread,obs_longinflation,obs_longrate,obs_tfp,obs_gdi,obs_AAAspread,obs_nominalrate1,obs_nominalrate2,obs_nominalrate3,obs_nominalrate4,obs_nominalrate5,obs_nominalrate6
0.5225094556808418,-45.32883071899414,0.5225094556808418,0.5044123441912127,0.49999999999998934,1.2578989241551541,0.5225094556808418,0.5225094556808418,0.45277422750805396,0.49999999999998934,1.2578989241551541,0.0,0.5225094556808418,0.1174310227768634,1.2578989241551541,1.2578989241551541,1.2578989241551541,1.2578989241551541,1.2578989241551541,1.2578989241551541
