obs_gdp,obs_hours,obs_wages,obs_gdpdeflator,obs_corepce,obs_nominalrate,obs_consumption,obs_investment,obs_BBBspread,obs_longinflation,obs_longrate,obs_tfp,obs_gdi,obs_AAAspread,obs_nominalrate1,obs_nominalrate2,obs_nominalrate3,obs_nominalrate4,obs_nominalrate5,obs_nominalrate6
0.4460693045746478,-46.41958504782491,0.4460693045746478,0.49642489622984737,0.49999999999998934,0.9269176955363223,0.4460693045746478,0.4460693045746478,0.4795425578548946,0.49999999999998934,0.9269176955363223,0.0,0.4460693045746478,0.1174310227768634,0.9269176955363223,0.9269176955363223,0.9269176955363223,0.9269176955363223,0.9269176955363223,0.9269176955363223
