obs_gdp,obs_hours,obs_wages,obs_gdpdeflator,obs_corepce,obs_nominalrate,obs_consumption,obs_investment,obs_BBBspread,obs_longinflation,obs_longrate,obs_tfp,obs_gdi,obs_AAAspread,obs_nominalrate1,obs_nominalrate2,obs_nominalrate3,obs_nominalrate4,obs_nominalrate5,obs_nominalrate6
0.516808569431304,-45.3806266784668,0.516808569431304,0.5053894571028543,0.49999999999998934,1.2650237501494743,0.516808569431304,0.516808569431304,0.44895772881447854,0.49999999999998934,1.2650237501494743,0.0,0.516808569431304,0.1174310227768634,1.2650237501494743,1.2650237501494743,1.2650237501494743,1.2650237501494743,1.2650237501494743,1.2650237501494743
