obs_gdp,obs_hours,obs_wages,obs_gdpdeflator,obs_corepce,obs_nominalrate,obs_consumption,obs_investment,obs_BBBspread,obs_longinflation,obs_longrate,obs_tfp,obs_gdi,obs_AAAspread,obs_nominalrate1,obs_nominalrate2,obs_nominalrate3,obs_nominalrate4,obs_nominalrate5,obs_nominalrate6
0.5103175640106095,-45.451656341552734,0.5103175640106095,0.5010797866852847,0.49999999999998934,1.266516863749323,0.5103175640106095,0.5103175640106095,0.44498251743450956,0.49999999999998934,1.266516863749323,0.0,0.5103175640106095,0.1174310227768634,1.266516863749323,1.266516863749323,1.266516863749323,1.266516863749323,1.266516863749323,1.266516863749323
