obs_gdp,obs_hours,obs_wages,obs_gdpdeflator,obs_corepce,obs_nominalrate,obs_consumption,obs_investment,obs_BBBspread,obs_longinflation,obs_longrate,obs_tfp,obs_gdi,obs_AAAspread,obs_nominalrate1,obs_nominalrate2,obs_nominalrate3,obs_nominalrate4,obs_nominalrate5,obs_nominalrate6
0.43250921036763756,-47.30904480148375,0.43250921036763756,0.49659038809446693,0.49999999999998934,0.909135308157305,0.43250921036763756,0.43250921036763756,0.4793334426015127,0.49999999999998934,0.909135308157305,0.0,0.43250921036763756,0.1174310227768634,0.909135308157305,0.909135308157305,0.909135308157305,0.909135308157305,0.909135308157305,0.909135308157305
