obs_gdp,obs_hours,obs_wages,obs_gdpdeflator,obs_corepce,obs_nominalrate,obs_consumption,obs_investment,obs_BBBspread,obs_longinflation,obs_longrate,obs_tfp,obs_gdi,obs_AAAspread,obs_nominalrate1,obs_nominalrate2,obs_nominalrate3,obs_nominalrate4,obs_nominalrate5,obs_nominalrate6
0.5054242014884913,-45.39750671386719,0.5054242014884913,0.5010005270596487,0.49999999999998934,1.2640824361679126,0.5054242014884913,0.5054242014884913,0.44665704593591,0.49999999999998934,1.2640824361679126,0.0,0.5054242014884913,0.1174310227768634,1.2640824361679126,1.2640824361679126,1.2640824361679126,1.2640824361679126,1.2640824361679126,1.2640824361679126
