obs_gdp,obs_hours,obs_wages,obs_gdpdeflator,obs_corepce,obs_nominalrate,obs_consumption,obs_investment,obs_BBBspread,obs_longinflation,obs_longrate,obs_tfp,obs_gdi,obs_AAAspread,obs_nominalrate1,obs_nominalrate2,obs_nominalrate3,obs_nominalrate4,obs_nominalrate5,obs_nominalrate6
0.42130266467335087,-48.07776464631456,0.42130266467335087,0.49599259120636835,0.49999999999998934,0.8984094517512364,0.42130266467335087,0.42130266467335087,0.47861169725876285,0.49999999999998934,0.8984094517512364,0.0,0.42130266467335087,0.1174310227768634,0.8984094517512364,0.8984094517512364,0.8984094517512364,0.8984094517512364,0.8984094517512364,0.8984094517512364
