obs_gdp,obs_hours,obs_wages,obs_gdpdeflator,obs_corepce,obs_nominalrate,obs_consumption,obs_investment,obs_BBBspread,obs_longinflation,obs_longrate,obs_tfp,obs_gdi,obs_AAAspread,obs_nominalrate1,obs_nominalrate2,obs_nominalrate3,obs_nominalrate4,obs_nominalrate5,obs_nominalrate6
0.4180177481133418,-48.334883415225754,0.4180177481133418,0.49597030733310554,0.49999999999998934,0.8946041425244022,0.4180177481133418,0.4180177481133418,0.47707304683372576,0.49999999999998934,0.8946041425244022,0.0,0.4180177481133418,0.1174310227768634,0.8946041425244022,0.8946041425244022,0.8946041425244022,0.8946041425244022,0.8946041425244022,0.8946041425244022
