obs_gdp,obs_hours,obs_wages,obs_gdpdeflator,obs_corepce,obs_nominalrate,obs_consumption,obs_investment,obs_BBBspread,obs_longinflation,obs_longrate,obs_tfp,obs_gdi,obs_AAAspread,obs_nominalrate1,obs_nominalrate2,obs_nominalrate3,obs_nominalrate4,obs_nominalrate5,obs_nominalrate6
0.4201774895191246,-46.54286193847656,0.4201774895191246,0.5290480460971487,0.49999999999998934,0.9166283453299506,0.4201774895191246,0.4201774895191246,0.48648925900287193,0.49999999999998934,0.9166283453299506,0.0,0.4201774895191246,0.1174310227768634,0.9166283453299506,0.9166283453299506,0.9166283453299506,0.9166283453299506,0.9166283453299506,0.9166283453299506
