obs_gdp,obs_hours,obs_wages,obs_gdpdeflator,obs_corepce,obs_nominalrate,obs_consumption,obs_investment,obs_BBBspread,obs_longinflation,obs_longrate,obs_tfp,obs_gdi,obs_AAAspread,obs_nominalrate1,obs_nominalrate2,obs_nominalrate3,obs_nominalrate4,obs_nominalrate5,obs_nominalrate6
0.4219039366984756,-48.03052974179886,0.4219039366984756,0.4959847100411511,0.49999999999998934,0.8990838082761909,0.4219039366984756,0.4219039366984756,0.4772325370767693,0.49999999999998934,0.8990838082761909,0.0,0.4219039366984756,0.1174310227768634,0.8990838082761909,0.8990838082761909,0.8990838082761909,0.8990838082761909,0.8990838082761909,0.8990838082761909
