obs_gdp,obs_hours,obs_wages,obs_gdpdeflator,obs_corepce,obs_nominalrate,obs_consumption,obs_investment,obs_BBBspread,obs_longinflation,obs_longrate,obs_tfp,obs_gdi,obs_AAAspread,obs_nominalrate1,obs_nominalrate2,obs_nominalrate3,obs_nominalrate4,obs_nominalrate5,obs_nominalrate6
0.4848830699920592,-45.9873046875,0.4848830699920592,0.504508487414558,0.49999999999998934,1.1886268410961964,0.4848830699920592,0.4848830699920592,0.4367284371798671,0.49999999999998934,1.1886268410961964,0.0,0.4848830699920592,0.1174310227768634,1.1886268410961964,1.1886268410961964,1.1886268410961964,1.1886268410961964,1.1886268410961964,1.1886268410961964
