obs_gdp,obs_hours,obs_wages,obs_gdpdeflator,obs_corepce,obs_nominalrate,obs_consumption,obs_investment,obs_BBBspread,obs_longinflation,obs_longrate,obs_tfp,obs_gdi,obs_AAAspread,obs_nominalrate1,obs_nominalrate2,obs_nominalrate3,obs_nominalrate4,obs_nominalrate5,obs_nominalrate6
0.48767796158790677,-46.04495620727539,0.48767796158790677,0.5030766017734898,0.49999999999998934,1.2083310615873533,0.48767796158790677,0.48767796158790677,0.4316526530973592,0.49999999999998934,1.2083310615873533,0.0,0.48767796158790677,0.1174310227768634,1.2083310615873533,1.2083310615873533,1.2083310615873533,1.2083310615873533,1.2083310615873533,1.2083310615873533
