obs_gdp,obs_hours,obs_wages,obs_gdpdeflator,obs_corepce,obs_nominalrate,obs_consumption,obs_investment,obs_BBBspread,obs_longinflation,obs_longrate,obs_tfp,obs_gdi,obs_AAAspread,obs_nominalrate1,obs_nominalrate2,obs_nominalrate3,obs_nominalrate4,obs_nominalrate5,obs_nominalrate6
0.4130797432087219,-48.71465391922363,0.4130797432087219,0.49618445224753005,0.49999999999998934,0.8890615379326006,0.4130797432087219,0.4130797432087219,0.47848007113501745,0.49999999999998934,0.8890615379326006,0.0,0.4130797432087219,0.1174310227768634,0.8890615379326006,0.8890615379326006,0.8890615379326006,0.8890615379326006,0.8890615379326006,0.8890615379326006
