obs_gdp,obs_hours,obs_wages,obs_gdpdeflator,obs_corepce,obs_nominalrate,obs_consumption,obs_investment,obs_BBBspread,obs_longinflation,obs_longrate,obs_tfp,obs_gdi,obs_AAAspread,obs_nominalrate1,obs_nominalrate2,obs_nominalrate3,obs_nominalrate4,obs_nominalrate5,obs_nominalrate6
0.47907641530036127,-46.082149505615234,0.47907641530036127,0.5043885675258828,0.49999999999998934,1.2145377421115766,0.47907641530036127,0.47907641530036127,0.42972619113608934,0.49999999999998934,1.2145377421115766,0.0,0.47907641530036127,0.1174310227768634,1.2145377421115766,1.2145377421115766,1.2145377421115766,1.2145377421115766,1.2145377421115766,1.2145377421115766
