obs_gdp,obs_hours,obs_wages,obs_gdpdeflator,obs_corepce,obs_nominalrate,obs_consumption,obs_investment,obs_BBBspread,obs_longinflation,obs_longrate,obs_tfp,obs_gdi,obs_AAAspread,obs_nominalrate1,obs_nominalrate2,obs_nominalrate3,obs_nominalrate4,obs_nominalrate5,obs_nominalrate6
0.41598798045410224,-48.451762625190675,0.41598798045410224,0.4964060421134291,0.49999999999998934,0.8932997018284761,0.41598798045410224,0.41598798045410224,0.4787038754151375,0.49999999999998934,0.8932997018284761,0.0,0.41598798045410224,0.1174310227768634,0.8932997018284761,0.8932997018284761,0.8932997018284761,0.8932997018284761,0.8932997018284761,0.8932997018284761
