obs_gdp,obs_hours,obs_wages,obs_gdpdeflator,obs_corepce,obs_nominalrate,obs_consumption,obs_investment,obs_BBBspread,obs_longinflation,obs_longrate,obs_tfp,obs_gdi,obs_AAAspread,obs_nominalrate1,obs_nominalrate2,obs_nominalrate3,obs_nominalrate4,obs_nominalrate5,obs_nominalrate6
0.41215492523563046,-48.71437679072797,0.41215492523563046,0.4964054620971931,0.49999999999998934,0.8901525795248943,0.41215492523563046,0.41215492523563046,0.4785220819429141,0.49999999999998934,0.8901525795248943,0.0,0.41215492523563046,0.1174310227768634,0.8901525795248943,0.8901525795248943,0.8901525795248943,0.8901525795248943,0.8901525795248943,0.8901525795248943
