obs_gdp,obs_hours,obs_wages,obs_gdpdeflator,obs_corepce,obs_nominalrate,obs_consumption,obs_investment,obs_BBBspread,obs_longinflation,obs_longrate,obs_tfp,obs_gdi,obs_AAAspread,obs_nominalrate1,obs_nominalrate2,obs_nominalrate3,obs_nominalrate4,obs_nominalrate5,obs_nominalrate6
0.4793106317520168,-45.81660842895508,0.4793106317520168,0.49466965580358035,0.49999999999998934,1.2144031596528215,0.4793106317520168,0.4793106317520168,0.43154206182333527,0.49999999999998934,1.2144031596528215,0.0,0.4793106317520168,0.1174310227768634,1.2144031596528215,1.2144031596528215,1.2144031596528215,1.2144031596528215,1.2144031596528215,1.2144031596528215
