obs_gdp,obs_hours,obs_wages,obs_gdpdeflator,obs_corepce,obs_nominalrate,obs_consumption,obs_investment,obs_BBBspread,obs_longinflation,obs_longrate,obs_tfp,obs_gdi,obs_AAAspread,obs_nominalrate1,obs_nominalrate2,obs_nominalrate3,obs_nominalrate4,obs_nominalrate5,obs_nominalrate6
0.415451015761259,-48.45271635993774,0.415451015761259,0.49650669206770387,0.49999999999998934,0.893327603707883,0.415451015761259,0.415451015761259,0.47883021396706926,0.49999999999998934,0.893327603707883,0.0,0.415451015761259,0.1174310227768634,0.893327603707883,0.893327603707883,0.893327603707883,0.893327603707883,0.893327603707883,0.893327603707883
