obs_gdp,obs_hours,obs_wages,obs_gdpdeflator,obs_corepce,obs_nominalrate,obs_consumption,obs_investment,obs_BBBspread,obs_longinflation,obs_longrate,obs_tfp,obs_gdi,obs_AAAspread,obs_nominalrate1,obs_nominalrate2,obs_nominalrate3,obs_nominalrate4,obs_nominalrate5,obs_nominalrate6
0.48382264375685935,-45.79204559326172,0.48382264375685935,0.49730301531961985,0.49999999999998934,1.2327275737257004,0.48382264375685935,0.48382264375685935,0.42930215865570975,0.49999999999998934,1.2327275737257004,0.0,0.48382264375685935,0.1174310227768634,1.2327275737257004,1.2327275737257004,1.2327275737257004,1.2327275737257004,1.2327275737257004,1.2327275737257004
