obs_gdp,obs_hours,obs_wages,obs_gdpdeflator,obs_corepce,obs_nominalrate,obs_consumption,obs_investment,obs_BBBspread,obs_longinflation,obs_longrate,obs_tfp,obs_gdi,obs_AAAspread,obs_nominalrate1,obs_nominalrate2,obs_nominalrate3,obs_nominalrate4,obs_nominalrate5,obs_nominalrate6
0.413007424816203,-48.61400202875157,0.413007424816203,0.49647750841276306,0.49999999999998934,0.8891369762885848,0.413007424816203,0.413007424816203,0.4788258767472085,0.49999999999998934,0.8891369762885848,0.0,0.413007424816203,0.1174310227768634,0.8891369762885848,0.8891369762885848,0.8891369762885848,0.8891369762885848,0.8891369762885848,0.8891369762885848
