obs_gdp,obs_hours,obs_wages,obs_gdpdeflator,obs_corepce,obs_nominalrate,obs_consumption,obs_investment,obs_BBBspread,obs_longinflation,obs_longrate,obs_tfp,obs_gdi,obs_AAAspread,obs_nominalrate1,obs_nominalrate2,obs_nominalrate3,obs_nominalrate4,obs_nominalrate5,obs_nominalrate6
0.4120349678520263,-48.69079203980758,0.4120349678520263,0.4967019910877019,0.49999999999998934,0.8874432300213009,0.4120349678520263,0.4120349678520263,0.47852189791771427,0.49999999999998934,0.8874432300213009,0.0,0.4120349678520263,0.1174310227768634,0.8874432300213009,0.8874432300213009,0.8874432300213009,0.8874432300213009,0.8874432300213009,0.8874432300213009
