obs_gdp,obs_hours,obs_wages,obs_gdpdeflator,obs_corepce,obs_nominalrate,obs_consumption,obs_investment,obs_BBBspread,obs_longinflation,obs_longrate,obs_tfp,obs_gdi,obs_AAAspread,obs_nominalrate1,obs_nominalrate2,obs_nominalrate3,obs_nominalrate4,obs_nominalrate5,obs_nominalrate6
0.41460719806727386,-48.50182925761393,0.41460719806727386,0.4969358614560446,0.49999999999998934,0.8908084572628372,0.41460719806727386,0.41460719806727386,0.4789693066343294,0.49999999999998934,0.8908084572628372,0.0,0.41460719806727386,0.1174310227768634,0.8908084572628372,0.8908084572628372,0.8908084572628372,0.8908084572628372,0.8908084572628372,0.8908084572628372
