obs_gdp,obs_hours,obs_wages,obs_gdpdeflator,obs_corepce,obs_nominalrate,obs_consumption,obs_investment,obs_BBBspread,obs_longinflation,obs_longrate,obs_tfp,obs_gdi,obs_AAAspread,obs_nominalrate1,obs_nominalrate2,obs_nominalrate3,obs_nominalrate4,obs_nominalrate5,obs_nominalrate6
0.4178566491560787,-47.76802137089797,0.4178566491560787,0.4940418856644217,0.49999999999998934,0.9152032677004929,0.4178566491560787,0.4178566491560787,0.4679501297509757,0.49999999999998934,0.9152032677004929,0.0,0.4178566491560787,0.1174310227768634,0.9152032677004929,0.9152032677004929,0.9152032677004929,0.9152032677004929,0.9152032677004929,0.9152032677004929
