obs_gdp,obs_hours,obs_wages,obs_gdpdeflator,obs_corepce,obs_nominalrate,obs_consumption,obs_investment,obs_BBBspread,obs_longinflation,obs_longrate,obs_tfp,obs_gdi,obs_AAAspread,obs_nominalrate1,obs_nominalrate2,obs_nominalrate3,obs_nominalrate4,obs_nominalrate5,obs_nominalrate6
0.4153097973619069,-48.54332796028422,0.4153097973619069,0.4968617211142254,0.49999999999998934,0.8892912809236098,0.4153097973619069,0.4153097973619069,0.479542221921318,0.49999999999998934,0.8892912809236098,0.0,0.4153097973619069,0.1174310227768634,0.8892912809236098,0.8892912809236098,0.8892912809236098,0.8892912809236098,0.8892912809236098,0.8892912809236098
