obs_gdp,obs_hours,obs_wages,obs_gdpdeflator,obs_corepce,obs_nominalrate,obs_consumption,obs_investment,obs_BBBspread,obs_longinflation,obs_longrate,obs_tfp,obs_gdi,obs_AAAspread,obs_nominalrate1,obs_nominalrate2,obs_nominalrate3,obs_nominalrate4,obs_nominalrate5,obs_nominalrate6
0.47535386681556435,-45.752437591552734,0.47535386681556435,0.49343143822624214,0.49999999999998934,1.223733521513659,0.47535386681556435,0.47535386681556435,0.4274399838372257,0.49999999999998934,1.223733521513659,0.0,0.47535386681556435,0.1174310227768634,1.223733521513659,1.223733521513659,1.223733521513659,1.223733521513659,1.223733521513659,1.223733521513659
