obs_gdp,obs_hours,obs_wages,obs_gdpdeflator,obs_corepce,obs_nominalrate,obs_consumption,obs_investment,obs_BBBspread,obs_longinflation,obs_longrate,obs_tfp,obs_gdi,obs_AAAspread,obs_nominalrate1,obs_nominalrate2,obs_nominalrate3,obs_nominalrate4,obs_nominalrate5,obs_nominalrate6
0.41653576991933505,-48.45211118217155,0.41653576991933505,0.49659329694019977,0.49999999999998934,0.8887514879960312,0.41653576991933505,0.41653576991933505,0.47944039197359256,0.49999999999998934,0.8887514879960312,0.0,0.41653576991933505,0.1174310227768634,0.8887514879960312,0.8887514879960312,0.8887514879960312,0.8887514879960312,0.8887514879960312,0.8887514879960312
