obs_gdp,obs_hours,obs_wages,obs_gdpdeflator,obs_corepce,obs_nominalrate,obs_consumption,obs_investment,obs_BBBspread,obs_longinflation,obs_longrate,obs_tfp,obs_gdi,obs_AAAspread,obs_nominalrate1,obs_nominalrate2,obs_nominalrate3,obs_nominalrate4,obs_nominalrate5,obs_nominalrate6
0.46570044755935847,-46.190399169921875,0.46570044755935847,0.494430216494937,0.49999999999998934,1.2236293234709095,0.46570044755935847,0.46570044755935847,0.4221948887212524,0.49999999999998934,1.2236293234709095,0.0,0.46570044755935847,0.1174310227768634,1.2236293234709095,1.2236293234709095,1.2236293234709095,1.2236293234709095,1.2236293234709095,1.2236293234709095
