obs_gdp,obs_hours,obs_wages,obs_gdpdeflator,obs_corepce,obs_nominalrate,obs_consumption,obs_investment,obs_BBBspread,obs_longinflation,obs_longrate,obs_tfp,obs_gdi,obs_AAAspread,obs_nominalrate1,obs_nominalrate2,obs_nominalrate3,obs_nominalrate4,obs_nominalrate5,obs_nominalrate6
0.46316906809806824,-46.06747817993164,0.46316906809806824,0.4956455933861328,0.49999999999998934,1.2130927262101077,0.46316906809806824,0.46316906809806824,0.4172208440323569,0.49999999999998934,1.2130927262101077,0.0,0.46316906809806824,0.1174310227768634,1.2130927262101077,1.2130927262101077,1.2130927262101077,1.2130927262101077,1.2130927262101077,1.2130927262101077
