obs_gdp,obs_hours,obs_wages,obs_gdpdeflator,obs_corepce,obs_nominalrate,obs_consumption,obs_investment,obs_BBBspread,obs_longinflation,obs_longrate,obs_tfp,obs_gdi,obs_AAAspread,obs_nominalrate1,obs_nominalrate2,obs_nominalrate3,obs_nominalrate4,obs_nominalrate5,obs_nominalrate6
0.4058544105302486,-49.203037787765005,0.4058544105302486,0.4966012152489997,0.49999999999998934,0.8762789350756028,0.4058544105302486,0.4058544105302486,0.4797435892203738,0.49999999999998934,0.8762789350756028,0.0,0.4058544105302486,0.1174310227768634,0.8762789350756028,0.8762789350756028,0.8762789350756028,0.8762789350756028,0.8762789350756028,0.8762789350756028
