obs_gdp,obs_hours,obs_wages,obs_gdpdeflator,obs_corepce,obs_nominalrate,obs_consumption,obs_investment,obs_BBBspread,obs_longinflation,obs_longrate,obs_tfp,obs_gdi,obs_AAAspread,obs_nominalrate1,obs_nominalrate2,obs_nominalrate3,obs_nominalrate4,obs_nominalrate5,obs_nominalrate6
0.41137923021674627,-48.85026815148732,0.41137923021674627,0.4970220749257453,0.49999999999998934,0.8836983663993214,0.41137923021674627,0.41137923021674627,0.47932499289297953,0.49999999999998934,0.8836983663993214,0.0,0.41137923021674627,0.1174310227768634,0.8836983663993214,0.8836983663993214,0.8836983663993214,0.8836983663993214,0.8836983663993214,0.8836983663993214
