obs_gdp,obs_hours,obs_wages,obs_gdpdeflator,obs_corepce,obs_nominalrate,obs_consumption,obs_investment,obs_BBBspread,obs_longinflation,obs_longrate,obs_tfp,obs_gdi,obs_AAAspread,obs_nominalrate1,obs_nominalrate2,obs_nominalrate3,obs_nominalrate4,obs_nominalrate5,obs_nominalrate6
0.41600387379745474,-48.553735235565064,0.41600387379745474,0.49695361849469194,0.49999999999998934,0.8895298484063785,0.41600387379745474,0.41600387379745474,0.47954126769057237,0.49999999999998934,0.8895298484063785,0.0,0.41600387379745474,0.1174310227768634,0.8895298484063785,0.8895298484063785,0.8895298484063785,0.8895298484063785,0.8895298484063785,0.8895298484063785
