obs_gdp,obs_hours,obs_wages,obs_gdpdeflator,obs_corepce,obs_nominalrate,obs_consumption,obs_investment,obs_BBBspread,obs_longinflation,obs_longrate,obs_tfp,obs_gdi,obs_AAAspread,obs_nominalrate1,obs_nominalrate2,obs_nominalrate3,obs_nominalrate4,obs_nominalrate5,obs_nominalrate6
0.42042141633491514,-48.14136506238917,0.42042141633491514,0.497125804934804,0.49999999999998934,0.8940337986526492,0.42042141633491514,0.42042141633491514,0.47859534889148575,0.49999999999998934,0.8940337986526492,0.0,0.42042141633491514,0.1174310227768634,0.8940337986526492,0.8940337986526492,0.8940337986526492,0.8940337986526492,0.8940337986526492,0.8940337986526492
