obs_gdp,obs_hours,obs_wages,obs_gdpdeflator,obs_corepce,obs_nominalrate,obs_consumption,obs_investment,obs_BBBspread,obs_longinflation,obs_longrate,obs_tfp,obs_gdi,obs_AAAspread,obs_nominalrate1,obs_nominalrate2,obs_nominalrate3,obs_nominalrate4,obs_nominalrate5,obs_nominalrate6
0.4224495714372001,-47.97858177513733,0.4224495714372001,0.4971499503193041,0.49999999999998934,0.8972672526839087,0.4224495714372001,0.4224495714372001,0.4788593934913497,0.49999999999998934,0.8972672526839087,0.0,0.4224495714372001,0.1174310227768634,0.8972672526839087,0.8972672526839087,0.8972672526839087,0.8972672526839087,0.8972672526839087,0.8972672526839087
