obs_gdp,obs_hours,obs_wages,obs_gdpdeflator,obs_corepce,obs_nominalrate,obs_consumption,obs_investment,obs_BBBspread,obs_longinflation,obs_longrate,obs_tfp,obs_gdi,obs_AAAspread,obs_nominalrate1,obs_nominalrate2,obs_nominalrate3,obs_nominalrate4,obs_nominalrate5,obs_nominalrate6
0.4196715852587962,-47.6388740494802,0.4196715852587962,0.4941832607808245,0.49999999999998934,0.9141942059949226,0.4196715852587962,0.4196715852587962,0.46881293012746955,0.49999999999998934,0.9141942059949226,0.0,0.4196715852587962,0.1174310227768634,0.9141942059949226,0.9141942059949226,0.9141942059949226,0.9141942059949226,0.9141942059949226,0.9141942059949226
