obs_gdp,obs_hours,obs_wages,obs_gdpdeflator,obs_corepce,obs_nominalrate,obs_consumption,obs_investment,obs_BBBspread,obs_longinflation,obs_longrate,obs_tfp,obs_gdi,obs_AAAspread,obs_nominalrate1,obs_nominalrate2,obs_nominalrate3,obs_nominalrate4,obs_nominalrate5,obs_nominalrate6
0.4210573923156824,-48.06008644889943,0.4210573923156824,0.49686170506039706,0.49999999999998934,0.8978269884565515,0.4210573923156824,0.4210573923156824,0.47820305479220526,0.49999999999998934,0.8978269884565515,0.0,0.4210573923156824,0.1174310227768634,0.8978269884565515,0.8978269884565515,0.8978269884565515,0.8978269884565515,0.8978269884565515,0.8978269884565515
