obs_gdp,obs_hours,obs_wages,obs_gdpdeflator,obs_corepce,obs_nominalrate,obs_consumption,obs_investment,obs_BBBspread,obs_longinflation,obs_longrate,obs_tfp,obs_gdi,obs_AAAspread,obs_nominalrate1,obs_nominalrate2,obs_nominalrate3,obs_nominalrate4,obs_nominalrate5,obs_nominalrate6
0.41113546490669783,-47.29511260986328,0.41113546490669783,0.49498526938258536,0.49999999999998934,1.132726557888697,0.41113546490669783,0.41113546490669783,0.42594158816752953,0.49999999999998934,1.132726557888697,0.0,0.41113546490669783,0.1174310227768634,1.132726557888697,1.132726557888697,1.132726557888697,1.132726557888697,1.132726557888697,1.132726557888697
