obs_gdp,obs_hours,obs_wages,obs_gdpdeflator,obs_corepce,obs_nominalrate,obs_consumption,obs_investment,obs_BBBspread,obs_longinflation,obs_longrate,obs_tfp,obs_gdi,obs_AAAspread,obs_nominalrate1,obs_nominalrate2,obs_nominalrate3,obs_nominalrate4,obs_nominalrate5,obs_nominalrate6
0.41108891367911404,-47.32019805908203,0.41108891367911404,0.48540175985543854,0.49999999999998934,1.144043285646812,0.41108891367911404,0.41108891367911404,0.4230146005380425,0.49999999999998934,1.144043285646812,0.0,0.41108891367911404,0.1174310227768634,1.144043285646812,1.144043285646812,1.144043285646812,1.144043285646812,1.144043285646812,1.144043285646812
