obs_gdp,obs_hours,obs_wages,obs_gdpdeflator,obs_corepce,obs_nominalrate,obs_consumption,obs_investment,obs_BBBspread,obs_longinflation,obs_longrate,obs_tfp,obs_gdi,obs_AAAspread,obs_nominalrate1,obs_nominalrate2,obs_nominalrate3,obs_nominalrate4,obs_nominalrate5,obs_nominalrate6
0.4290292148088515,-47.4353346799056,0.4290292148088515,0.49698129701630894,0.49999999999998934,0.90538460127918,0.4290292148088515,0.4290292148088515,0.4767527775912138,0.49999999999998934,0.90538460127918,0.0,0.4290292148088515,0.1174310227768634,0.90538460127918,0.90538460127918,0.90538460127918,0.90538460127918,0.90538460127918,0.90538460127918
