obs_gdp,obs_hours,obs_wages,obs_gdpdeflator,obs_corepce,obs_nominalrate,obs_consumption,obs_investment,obs_BBBspread,obs_longinflation,obs_longrate,obs_tfp,obs_gdi,obs_AAAspread,obs_nominalrate1,obs_nominalrate2,obs_nominalrate3,obs_nominalrate4,obs_nominalrate5,obs_nominalrate6
0.4303156154953358,-47.38329117920723,0.4303156154953358,0.4970215796190938,0.49999999999998934,0.9068425109660438,0.4303156154953358,0.4303156154953358,0.4766161939966383,0.49999999999998934,0.9068425109660438,0.0,0.4303156154953358,0.1174310227768634,0.9068425109660438,0.9068425109660438,0.9068425109660438,0.9068425109660438,0.9068425109660438,0.9068425109660438
