obs_gdp,obs_hours,obs_wages,obs_gdpdeflator,obs_corepce,obs_nominalrate,obs_consumption,obs_investment,obs_BBBspread,obs_longinflation,obs_longrate,obs_tfp,obs_gdi,obs_AAAspread,obs_nominalrate1,obs_nominalrate2,obs_nominalrate3,obs_nominalrate4,obs_nominalrate5,obs_nominalrate6
0.4371949805845432,-46.96635052429108,0.4371949805845432,0.4972769409543622,0.49999999999998934,0.9178598956157913,0.4371949805845432,0.4371949805845432,0.47513648205496806,0.49999999999998934,0.9178598956157913,0.0,0.4371949805845432,0.1174310227768634,0.9178598956157913,0.9178598956157913,0.9178598956157913,0.9178598956157913,0.9178598956157913,0.9178598956157913
