obs_gdp,obs_hours,obs_wages,obs_gdpdeflator,obs_corepce,obs_nominalrate,obs_consumption,obs_investment,obs_BBBspread,obs_longinflation,obs_longrate,obs_tfp,obs_gdi,obs_AAAspread,obs_nominalrate1,obs_nominalrate2,obs_nominalrate3,obs_nominalrate4,obs_nominalrate5,obs_nominalrate6
0.40889683365821217,-47.58689880371094,0.40889683365821217,0.48256592825054057,0.49999999999998934,1.148563693789173,0.40889683365821217,0.40889683365821217,0.42169375928018993,0.49999999999998934,1.148563693789173,0.0,0.40889683365821217,0.1174310227768634,1.148563693789173,1.148563693789173,1.148563693789173,1.148563693789173,1.148563693789173,1.148563693789173
