obs_gdp,obs_hours,obs_wages,obs_gdpdeflator,obs_corepce,obs_nominalrate,obs_consumption,obs_investment,obs_BBBspread,obs_longinflation,obs_longrate,obs_tfp,obs_gdi,obs_AAAspread,obs_nominalrate1,obs_nominalrate2,obs_nominalrate3,obs_nominalrate4,obs_nominalrate5,obs_nominalrate6
0.4069218337535929,-47.338775634765625,0.4069218337535929,0.4771708641201151,0.49999999999998934,1.1491492023079752,0.4069218337535929,0.4069218337535929,0.42866794821475723,0.49999999999998934,1.1491492023079752,0.0,0.4069218337535929,0.1174310227768634,1.1491492023079752,1.1491492023079752,1.1491492023079752,1.1491492023079752,1.1491492023079752,1.1491492023079752
