obs_gdp,obs_hours,obs_wages,obs_gdpdeflator,obs_corepce,obs_nominalrate,obs_consumption,obs_investment,obs_BBBspread,obs_longinflation,obs_longrate,obs_tfp,obs_gdi,obs_AAAspread,obs_nominalrate1,obs_nominalrate2,obs_nominalrate3,obs_nominalrate4,obs_nominalrate5,obs_nominalrate6
0.41612949967384516,-47.04642105102539,0.41612949967384516,0.480825470760454,0.49999999999998934,1.1752459268501214,0.41612949967384516,0.41612949967384516,0.4250781729293821,0.49999999999998934,1.1752459268501214,0.0,0.41612949967384516,0.1174310227768634,1.1752459268501214,1.1752459268501214,1.1752459268501214,1.1752459268501214,1.1752459268501214,1.1752459268501214
