obs_gdp,obs_hours,obs_wages,obs_gdpdeflator,obs_corepce,obs_nominalrate,obs_consumption,obs_investment,obs_BBBspread,obs_longinflation,obs_longrate,obs_tfp,obs_gdi,obs_AAAspread,obs_nominalrate1,obs_nominalrate2,obs_nominalrate3,obs_nominalrate4,obs_nominalrate5,obs_nominalrate6
0.43437376647681436,-47.14460705801013,0.43437376647681436,0.49661813568067853,0.49999999999998934,0.9138082507904599,0.43437376647681436,0.43437376647681436,0.47271731555696633,0.49999999999998934,0.9138082507904599,0.0,0.43437376647681436,0.1174310227768634,0.9138082507904599,0.9138082507904599,0.9138082507904599,0.9138082507904599,0.9138082507904599,0.9138082507904599
