obs_gdp,obs_hours,obs_wages,obs_gdpdeflator,obs_corepce,obs_nominalrate,obs_consumption,obs_investment,obs_BBBspread,obs_longinflation,obs_longrate,obs_tfp,obs_gdi,obs_AAAspread,obs_nominalrate1,obs_nominalrate2,obs_nominalrate3,obs_nominalrate4,obs_nominalrate5,obs_nominalrate6
0.4329599073068513,-47.225312672719355,0.4329599073068513,0.49686956703691076,0.49999999999998934,0.9118102530595751,0.4329599073068513,0.4329599073068513,0.4731598110137534,0.49999999999998934,0.9118102530595751,0.0,0.4329599073068513,0.1174310227768634,0.9118102530595751,0.9118102530595751,0.9118102530595751,0.9118102530595751,0.9118102530595751,0.9118102530595751
