obs_gdp,obs_hours,obs_wages,obs_gdpdeflator,obs_corepce,obs_nominalrate,obs_consumption,obs_investment,obs_BBBspread,obs_longinflation,obs_longrate,obs_tfp,obs_gdi,obs_AAAspread,obs_nominalrate1,obs_nominalrate2,obs_nominalrate3,obs_nominalrate4,obs_nominalrate5,obs_nominalrate6
0.42432808936223587,-47.83040767764911,0.42432808936223587,0.4970256418418489,0.49999999999998934,0.9010173674638855,0.42432808936223587,0.42432808936223587,0.47362038466637457,0.49999999999998934,0.9010173674638855,0.0,0.42432808936223587,0.1174310227768634,0.9010173674638855,0.9010173674638855,0.9010173674638855,0.9010173674638855,0.9010173674638855,0.9010173674638855
