obs_gdp,obs_hours,obs_wages,obs_gdpdeflator,obs_corepce,obs_nominalrate,obs_consumption,obs_investment,obs_BBBspread,obs_longinflation,obs_longrate,obs_tfp,obs_gdi,obs_AAAspread,obs_nominalrate1,obs_nominalrate2,obs_nominalrate3,obs_nominalrate4,obs_nominalrate5,obs_nominalrate6
0.40365934371948686,-47.14667892456055,0.40365934371948686,0.4833171367645157,0.49999999999998934,1.1924411976703242,0.40365934371948686,0.40365934371948686,0.43061142926555324,0.49999999999998934,1.1924411976703242,0.0,0.40365934371948686,0.1174310227768634,1.1924411976703242,1.1924411976703242,1.1924411976703242,1.1924411976703242,1.1924411976703242,1.1924411976703242
