obs_gdp,obs_hours,obs_wages,obs_gdpdeflator,obs_corepce,obs_nominalrate,obs_consumption,obs_investment,obs_BBBspread,obs_longinflation,obs_longrate,obs_tfp,obs_gdi,obs_AAAspread,obs_nominalrate1,obs_nominalrate2,obs_nominalrate3,obs_nominalrate4,obs_nominalrate5,obs_nominalrate6
0.39921313524247104,-47.20836639404297,0.39921313524247104,0.4858062164857877,0.49999999999998934,1.155207523783841,0.39921313524247104,0.39921313524247104,0.43148585128975714,0.49999999999998934,1.155207523783841,0.0,0.39921313524247104,0.1174310227768634,1.155207523783841,1.155207523783841,1.155207523783841,1.155207523783841,1.155207523783841,1.155207523783841
