obs_gdp,obs_hours,obs_wages,obs_gdpdeflator,obs_corepce,obs_nominalrate,obs_consumption,obs_investment,obs_BBBspread,obs_longinflation,obs_longrate,obs_tfp,obs_gdi,obs_AAAspread,obs_nominalrate1,obs_nominalrate2,obs_nominalrate3,obs_nominalrate4,obs_nominalrate5,obs_nominalrate6
0.4202320664010717,-48.1000580694907,0.4202320664010717,0.4968833290311003,0.49999999999998934,0.8961242209119202,0.4202320664010717,0.4202320664010717,0.4754215109777588,0.49999999999998934,0.8961242209119202,0.0,0.4202320664010717,0.1174310227768634,0.8961242209119202,0.8961242209119202,0.8961242209119202,0.8961242209119202,0.8961242209119202,0.8961242209119202
