obs_gdp,obs_hours,obs_wages,obs_gdpdeflator,obs_corepce,obs_nominalrate,obs_consumption,obs_investment,obs_BBBspread,obs_longinflation,obs_longrate,obs_tfp,obs_gdi,obs_AAAspread,obs_nominalrate1,obs_nominalrate2,obs_nominalrate3,obs_nominalrate4,obs_nominalrate5,obs_nominalrate6
0.4228100206329799,-48.032011095364766,0.4228100206329799,0.49699181857195035,0.49999999999998934,0.8993834938573864,0.4228100206329799,0.4228100206329799,0.4760854003317343,0.49999999999998934,0.8993834938573864,0.0,0.4228100206329799,0.1174310227768634,0.8993834938573864,0.8993834938573864,0.8993834938573864,0.8993834938573864,0.8993834938573864,0.8993834938573864
