obs_gdp,obs_hours,obs_wages,obs_gdpdeflator,obs_corepce,obs_nominalrate,obs_consumption,obs_investment,obs_BBBspread,obs_longinflation,obs_longrate,obs_tfp,obs_gdi,obs_AAAspread,obs_nominalrate1,obs_nominalrate2,obs_nominalrate3,obs_nominalrate4,obs_nominalrate5,obs_nominalrate6
0.4216838777065357,-47.0794792175293,0.4216838777065357,0.4933818290009988,0.49999999999998934,1.1774931909951825,0.4216838777065357,0.4216838777065357,0.4305194677041793,0.49999999999998934,1.1774931909951825,0.0,0.4216838777065357,0.1174310227768634,1.1774931909951825,1.1774931909951825,1.1774931909951825,1.1774931909951825,1.1774931909951825,1.1774931909951825
