obs_gdp,obs_hours,obs_wages,obs_gdpdeflator,obs_corepce,obs_nominalrate,obs_consumption,obs_investment,obs_BBBspread,obs_longinflation,obs_longrate,obs_tfp,obs_gdi,obs_AAAspread,obs_nominalrate1,obs_nominalrate2,obs_nominalrate3,obs_nominalrate4,obs_nominalrate5,obs_nominalrate6
0.42102307440119446,-48.188412677235384,0.42102307440119446,0.49709966430760816,0.49999999999998934,0.8959031814629093,0.42102307440119446,0.42102307440119446,0.47620617117780956,0.49999999999998934,0.8959031814629093,0.0,0.42102307440119446,0.1174310227768634,0.8959031814629093,0.8959031814629093,0.8959031814629093,0.8959031814629093,0.8959031814629093,0.8959031814629093
