obs_gdp,obs_hours,obs_wages,obs_gdpdeflator,obs_corepce,obs_nominalrate,obs_consumption,obs_investment,obs_BBBspread,obs_longinflation,obs_longrate,obs_tfp,obs_gdi,obs_AAAspread,obs_nominalrate1,obs_nominalrate2,obs_nominalrate3,obs_nominalrate4,obs_nominalrate5,obs_nominalrate6
0.43899461627006087,-46.73308563232422,0.43899461627006087,0.4999295249945028,0.49999999999998934,1.1867301866715696,0.43899461627006087,0.43899461627006087,0.4359305193409344,0.49999999999998934,1.1867301866715696,0.0,0.43899461627006087,0.1174310227768634,1.1867301866715696,1.1867301866715696,1.1867301866715696,1.1867301866715696,1.1867301866715696,1.1867301866715696
