obs_gdp,obs_hours,obs_wages,obs_gdpdeflator,obs_corepce,obs_nominalrate,obs_consumption,obs_investment,obs_BBBspread,obs_longinflation,obs_longrate,obs_tfp,obs_gdi,obs_AAAspread,obs_nominalrate1,obs_nominalrate2,obs_nominalrate3,obs_nominalrate4,obs_nominalrate5,obs_nominalrate6
0.4170453463251844,-47.944097974605455,0.4170453463251844,0.4938610026687201,0.49999999999998934,0.9078863064876153,0.4170453463251844,0.4170453463251844,0.4689914216844797,0.49999999999998934,0.9078863064876153,0.0,0.4170453463251844,0.1174310227768634,0.9078863064876153,0.9078863064876153,0.9078863064876153,0.9078863064876153,0.9078863064876153,0.9078863064876153
