obs_gdp,obs_hours,obs_wages,obs_gdpdeflator,obs_corepce,obs_nominalrate,obs_consumption,obs_investment,obs_BBBspread,obs_longinflation,obs_longrate,obs_tfp,obs_gdi,obs_AAAspread,obs_nominalrate1,obs_nominalrate2,obs_nominalrate3,obs_nominalrate4,obs_nominalrate5,obs_nominalrate6
0.4496077001094889,-46.630714416503906,0.4496077001094889,0.5120102269574893,0.49999999999998934,1.2054714879032868,0.4496077001094889,0.4496077001094889,0.4414066905297928,0.49999999999998934,1.2054714879032868,0.0,0.4496077001094889,0.1174310227768634,1.2054714879032868,1.2054714879032868,1.2054714879032868,1.2054714879032868,1.2054714879032868,1.2054714879032868
