obs_gdp,obs_hours,obs_wages,obs_gdpdeflator,obs_corepce,obs_nominalrate,obs_consumption,obs_investment,obs_BBBspread,obs_longinflation,obs_longrate,obs_tfp,obs_gdi,obs_AAAspread,obs_nominalrate1,obs_nominalrate2,obs_nominalrate3,obs_nominalrate4,obs_nominalrate5,obs_nominalrate6
0.4211208237695496,-48.22001264574835,0.4211208237695496,0.4975470795860635,0.49999999999998934,0.8996161903771505,0.4211208237695496,0.4211208237695496,0.47428782487932436,0.49999999999998934,0.8996161903771505,0.0,0.4211208237695496,0.1174310227768634,0.8996161903771505,0.8996161903771505,0.8996161903771505,0.8996161903771505,0.8996161903771505,0.8996161903771505
