obs_gdp,obs_hours,obs_wages,obs_gdpdeflator,obs_corepce,obs_nominalrate,obs_consumption,obs_investment,obs_BBBspread,obs_longinflation,obs_longrate,obs_tfp,obs_gdi,obs_AAAspread,obs_nominalrate1,obs_nominalrate2,obs_nominalrate3,obs_nominalrate4,obs_nominalrate5,obs_nominalrate6
0.44870668649672485,-46.86614227294922,0.44870668649672485,0.5122900623828066,0.49999999999998934,1.1934227706061007,0.44870668649672485,0.44870668649672485,0.4404573410290762,0.49999999999998934,1.1934227706061007,0.0,0.44870668649672485,0.1174310227768634,1.1934227706061007,1.1934227706061007,1.1934227706061007,1.1934227706061007,1.1934227706061007,1.1934227706061007
