obs_gdp,obs_hours,obs_wages,obs_gdpdeflator,obs_corepce,obs_nominalrate,obs_consumption,obs_investment,obs_BBBspread,obs_longinflation,obs_longrate,obs_tfp,obs_gdi,obs_AAAspread,obs_nominalrate1,obs_nominalrate2,obs_nominalrate3,obs_nominalrate4,obs_nominalrate5,obs_nominalrate6
0.4464459121227282,-46.8917236328125,0.4464459121227282,0.5080870613455666,0.49999999999998934,1.1956778492704156,0.4464459121227282,0.4464459121227282,0.4396818715901301,0.49999999999998934,1.1956778492704156,0.0,0.4464459121227282,0.1174310227768634,1.1956778492704156,1.1956778492704156,1.1956778492704156,1.1956778492704156,1.1956778492704156,1.1956778492704156
