obs_gdp,obs_hours,obs_wages,obs_gdpdeflator,obs_corepce,obs_nominalrate,obs_consumption,obs_investment,obs_BBBspread,obs_longinflation,obs_longrate,obs_tfp,obs_gdi,obs_AAAspread,obs_nominalrate1,obs_nominalrate2,obs_nominalrate3,obs_nominalrate4,obs_nominalrate5,obs_nominalrate6
0.4200458548274,-48.36993279365414,0.4200458548274,0.49742031659244146,0.49999999999998934,0.9012505660662251,0.4200458548274,0.4200458548274,0.4730144434050252,0.49999999999998934,0.9012505660662251,0.0,0.4200458548274,0.1174310227768634,0.9012505660662251,0.9012505660662251,0.9012505660662251,0.9012505660662251,0.9012505660662251,0.9012505660662251
