obs_gdp,obs_hours,obs_wages,obs_gdpdeflator,obs_corepce,obs_nominalrate,obs_consumption,obs_investment,obs_BBBspread,obs_longinflation,obs_longrate,obs_tfp,obs_gdi,obs_AAAspread,obs_nominalrate1,obs_nominalrate2,obs_nominalrate3,obs_nominalrate4,obs_nominalrate5,obs_nominalrate6
0.42189747015255463,-48.230981709425514,0.42189747015255463,0.4976780374849763,0.49999999999998934,0.9056238525686711,0.42189747015255463,0.42189747015255463,0.4730275550766113,0.49999999999998934,0.9056238525686711,0.0,0.42189747015255463,0.1174310227768634,0.9056238525686711,0.9056238525686711,0.9056238525686711,0.9056238525686711,0.9056238525686711,0.9056238525686711
