obs_gdp,obs_hours,obs_wages,obs_gdpdeflator,obs_corepce,obs_nominalrate,obs_consumption,obs_investment,obs_BBBspread,obs_longinflation,obs_longrate,obs_tfp,obs_gdi,obs_AAAspread,obs_nominalrate1,obs_nominalrate2,obs_nominalrate3,obs_nominalrate4,obs_nominalrate5,obs_nominalrate6
0.44149184226989213,-47.0678825378418,0.44149184226989213,0.5122369443997634,0.49999999999998934,1.1877596416911995,0.44149184226989213,0.44149184226989213,0.43873750080045326,0.49999999999998934,1.1877596416911995,0.0,0.44149184226989213,0.1174310227768634,1.1877596416911995,1.1877596416911995,1.1877596416911995,1.1877596416911995,1.1877596416911995,1.1877596416911995
