obs_gdp,obs_hours,obs_wages,obs_gdpdeflator,obs_corepce,obs_nominalrate,obs_consumption,obs_investment,obs_BBBspread,obs_longinflation,obs_longrate,obs_tfp,obs_gdi,obs_AAAspread,obs_nominalrate1,obs_nominalrate2,obs_nominalrate3,obs_nominalrate4,obs_nominalrate5,obs_nominalrate6
0.4207140398895248,-48.30710842923986,0.4207140398895248,0.4975312809179732,0.49999999999998934,0.9056315547294247,0.4207140398895248,0.4207140398895248,0.47283870142865597,0.49999999999998934,0.9056315547294247,0.0,0.4207140398895248,0.1174310227768634,0.9056315547294247,0.9056315547294247,0.9056315547294247,0.9056315547294247,0.9056315547294247,0.9056315547294247
