obs_gdp,obs_hours,obs_wages,obs_gdpdeflator,obs_corepce,obs_nominalrate,obs_consumption,obs_investment,obs_BBBspread,obs_longinflation,obs_longrate,obs_tfp,obs_gdi,obs_AAAspread,obs_nominalrate1,obs_nominalrate2,obs_nominalrate3,obs_nominalrate4,obs_nominalrate5,obs_nominalrate6
0.4379007220268294,-47.33951187133789,0.4379007220268294,0.5109765389934076,0.49999999999998934,1.175664486268646,0.4379007220268294,0.4379007220268294,0.44373708361695585,0.49999999999998934,1.175664486268646,0.0,0.4379007220268294,0.1174310227768634,1.175664486268646,1.175664486268646,1.175664486268646,1.175664486268646,1.175664486268646,1.175664486268646
