obs_gdp,obs_hours,obs_wages,obs_gdpdeflator,obs_corepce,obs_nominalrate,obs_consumption,obs_investment,obs_BBBspread,obs_longinflation,obs_longrate,obs_tfp,obs_gdi,obs_AAAspread,obs_nominalrate1,obs_nominalrate2,obs_nominalrate3,obs_nominalrate4,obs_nominalrate5,obs_nominalrate6
0.4229282194488926,-48.14402204835245,0.4229282194488926,0.4973872665177807,0.49999999999998934,0.9071609803638081,0.4229282194488926,0.4229282194488926,0.47236064395444105,0.49999999999998934,0.9071609803638081,0.0,0.4229282194488926,0.1174310227768634,0.9071609803638081,0.9071609803638081,0.9071609803638081,0.9071609803638081,0.9071609803638081,0.9071609803638081
