obs_gdp,obs_hours,obs_wages,obs_gdpdeflator,obs_corepce,obs_nominalrate,obs_consumption,obs_investment,obs_BBBspread,obs_longinflation,obs_longrate,obs_tfp,obs_gdi,obs_AAAspread,obs_nominalrate1,obs_nominalrate2,obs_nominalrate3,obs_nominalrate4,obs_nominalrate5,obs_nominalrate6
0.42379584908485146,-47.38254928588867,0.42379584908485146,0.5029753996059192,0.49999999999998934,1.1813708246938948,0.42379584908485146,0.42379584908485146,0.4404329770833309,0.49999999999998934,1.1813708246938948,0.0,0.42379584908485146,0.1174310227768634,1.1813708246938948,1.1813708246938948,1.1813708246938948,1.1813708246938948,1.1813708246938948,1.1813708246938948
