obs_gdp,obs_hours,obs_wages,obs_gdpdeflator,obs_corepce,obs_nominalrate,obs_consumption,obs_investment,obs_BBBspread,obs_longinflation,obs_longrate,obs_tfp,obs_gdi,obs_AAAspread,obs_nominalrate1,obs_nominalrate2,obs_nominalrate3,obs_nominalrate4,obs_nominalrate5,obs_nominalrate6
0.4253707230090997,-47.265174865722656,0.4253707230090997,0.5009576422162247,0.49999999999998934,1.1966335429091313,0.4253707230090997,0.4253707230090997,0.44911082101040173,0.49999999999998934,1.1966335429091313,0.0,0.4253707230090997,0.1174310227768634,1.1966335429091313,1.1966335429091313,1.1966335429091313,1.1966335429091313,1.1966335429091313,1.1966335429091313
