obs_gdp,obs_hours,obs_wages,obs_gdpdeflator,obs_corepce,obs_nominalrate,obs_consumption,obs_investment,obs_BBBspread,obs_longinflation,obs_longrate,obs_tfp,obs_gdi,obs_AAAspread,obs_nominalrate1,obs_nominalrate2,obs_nominalrate3,obs_nominalrate4,obs_nominalrate5,obs_nominalrate6
0.4211966425697211,-47.623412627682406,0.4211966425697211,0.4940037644026639,0.49999999999998934,0.9127144087546446,0.4211966425697211,0.4211966425697211,0.4695606552074473,0.49999999999998934,0.9127144087546446,0.0,0.4211966425697211,0.1174310227768634,0.9127144087546446,0.9127144087546446,0.9127144087546446,0.9127144087546446,0.9127144087546446,0.9127144087546446
