obs_gdp,obs_hours,obs_wages,obs_gdpdeflator,obs_corepce,obs_nominalrate,obs_consumption,obs_investment,obs_BBBspread,obs_longinflation,obs_longrate,obs_tfp,obs_gdi,obs_AAAspread,obs_nominalrate1,obs_nominalrate2,obs_nominalrate3,obs_nominalrate4,obs_nominalrate5,obs_nominalrate6
0.42568910121918435,-47.231632232666016,0.42568910121918435,0.5346521437168015,0.49999999999998934,0.8820423582436288,0.42568910121918435,0.42568910121918435,0.4747436654904712,0.49999999999998934,0.8820423582436288,0.0,0.42568910121918435,0.1174310227768634,0.8820423582436288,0.8820423582436288,0.8820423582436288,0.8820423582436288,0.8820423582436288,0.8820423582436288
