obs_gdp,obs_hours,obs_wages,obs_gdpdeflator,obs_corepce,obs_nominalrate,obs_consumption,obs_investment,obs_BBBspread,obs_longinflation,obs_longrate,obs_tfp,obs_gdi,obs_AAAspread,obs_nominalrate1,obs_nominalrate2,obs_nominalrate3,obs_nominalrate4,obs_nominalrate5,obs_nominalrate6
0.42749087795408425,-47.497189765216625,0.42749087795408425,0.494457853184672,0.49999999999998934,0.9263645454387293,0.42749087795408425,0.42749087795408425,0.46532348018423597,0.49999999999998934,0.9263645454387293,0.0,0.42749087795408425,0.1174310227768634,0.9263645454387293,0.9263645454387293,0.9263645454387293,0.9263645454387293,0.9263645454387293,0.9263645454387293
