obs_gdp,obs_hours,obs_wages,obs_gdpdeflator,obs_corepce,obs_nominalrate,obs_consumption,obs_investment,obs_BBBspread,obs_longinflation,obs_longrate,obs_tfp,obs_gdi,obs_AAAspread,obs_nominalrate1,obs_nominalrate2,obs_nominalrate3,obs_nominalrate4,obs_nominalrate5,obs_nominalrate6
0.39395403861999245,-46.902706146240234,0.39395403861999245,0.4988631929736478,0.49999999999998934,0.8456126305794953,0.39395403861999245,0.39395403861999245,0.5206497518711416,0.49999999999998934,0.8456126305794953,0.0,0.39395403861999245,0.1174310227768634,0.8456126305794953,0.8456126305794953,0.8456126305794953,0.8456126305794953,0.8456126305794953,0.8456126305794953
