obs_gdp,obs_hours,obs_wages,obs_gdpdeflator,obs_corepce,obs_nominalrate,obs_consumption,obs_investment,obs_BBBspread,obs_longinflation,obs_longrate,obs_tfp,obs_gdi,obs_AAAspread,obs_nominalrate1,obs_nominalrate2,obs_nominalrate3,obs_nominalrate4,obs_nominalrate5,obs_nominalrate6
0.4290620684623825,-47.300682067871094,0.4290620684623825,0.5054478161036862,0.49999999999998934,1.1906660388433243,0.4290620684623825,0.4290620684623825,0.4495998133782503,0.49999999999998934,1.1906660388433243,0.0,0.4290620684623825,0.1174310227768634,1.1906660388433243,1.1906660388433243,1.1906660388433243,1.1906660388433243,1.1906660388433243,1.1906660388433243
