obs_gdp,obs_hours,obs_wages,obs_gdpdeflator,obs_corepce,obs_nominalrate,obs_consumption,obs_investment,obs_BBBspread,obs_longinflation,obs_longrate,obs_tfp,obs_gdi,obs_AAAspread,obs_nominalrate1,obs_nominalrate2,obs_nominalrate3,obs_nominalrate4,obs_nominalrate5,obs_nominalrate6
0.41853697596985207,-48.420075417659625,0.41853697596985207,0.49736439131184024,0.49999999999998934,0.8969250829436781,0.41853697596985207,0.41853697596985207,0.472301132038393,0.49999999999998934,0.8969250829436781,0.0,0.41853697596985207,0.1174310227768634,0.8969250829436781,0.8969250829436781,0.8969250829436781,0.8969250829436781,0.8969250829436781,0.8969250829436781
