obs_gdp,obs_hours,obs_wages,obs_gdpdeflator,obs_corepce,obs_nominalrate,obs_consumption,obs_investment,obs_BBBspread,obs_longinflation,obs_longrate,obs_tfp,obs_gdi,obs_AAAspread,obs_nominalrate1,obs_nominalrate2,obs_nominalrate3,obs_nominalrate4,obs_nominalrate5,obs_nominalrate6
0.4310995638370452,-47.46839904785156,0.4310995638370452,0.5101186009123815,0.49999999999998934,1.1686145873892606,0.4310995638370452,0.4310995638370452,0.442723290662534,0.49999999999998934,1.1686145873892606,0.0,0.4310995638370452,0.1174310227768634,1.1686145873892606,1.1686145873892606,1.1686145873892606,1.1686145873892606,1.1686145873892606,1.1686145873892606
