obs_gdp,obs_hours,obs_wages,obs_gdpdeflator,obs_corepce,obs_nominalrate,obs_consumption,obs_investment,obs_BBBspread,obs_longinflation,obs_longrate,obs_tfp,obs_gdi,obs_AAAspread,obs_nominalrate1,obs_nominalrate2,obs_nominalrate3,obs_nominalrate4,obs_nominalrate5,obs_nominalrate6
0.42289886941706545,-48.14742948852277,0.42289886941706545,0.49710258591421985,0.49999999999998934,0.9049287921172322,0.42289886941706545,0.42289886941706545,0.47257002671169696,0.49999999999998934,0.9049287921172322,0.0,0.42289886941706545,0.1174310227768634,0.9049287921172322,0.9049287921172322,0.9049287921172322,0.9049287921172322,0.9049287921172322,0.9049287921172322
