obs_gdp,obs_hours,obs_wages,obs_gdpdeflator,obs_corepce,obs_nominalrate,obs_consumption,obs_investment,obs_BBBspread,obs_longinflation,obs_longrate,obs_tfp,obs_gdi,obs_AAAspread,obs_nominalrate1,obs_nominalrate2,obs_nominalrate3,obs_nominalrate4,obs_nominalrate5,obs_nominalrate6
0.4340341985225704,-47.74253463745117,0.4340341985225704,0.5087121957912935,0.49999999999998934,1.1802269304455493,0.4340341985225704,0.4340341985225704,0.4405522009113986,0.49999999999998934,1.1802269304455493,0.0,0.4340341985225704,0.1174310227768634,1.1802269304455493,1.1802269304455493,1.1802269304455493,1.1802269304455493,1.1802269304455493,1.1802269304455493
