obs_gdp,obs_hours,obs_wages,obs_gdpdeflator,obs_corepce,obs_nominalrate,obs_consumption,obs_investment,obs_BBBspread,obs_longinflation,obs_longrate,obs_tfp,obs_gdi,obs_AAAspread,obs_nominalrate1,obs_nominalrate2,obs_nominalrate3,obs_nominalrate4,obs_nominalrate5,obs_nominalrate6
0.4264842867851337,-47.8322639465332,0.4264842867851337,0.5086129885166777,0.49999999999998934,1.1807964704979579,0.4264842867851337,0.4264842867851337,0.44057862947121534,0.49999999999998934,1.1807964704979579,0.0,0.4264842867851337,0.1174310227768634,1.1807964704979579,1.1807964704979579,1.1807964704979579,1.1807964704979579,1.1807964704979579,1.1807964704979579
