obs_gdp,obs_hours,obs_wages,obs_gdpdeflator,obs_corepce,obs_nominalrate,obs_consumption,obs_investment,obs_BBBspread,obs_longinflation,obs_longrate,obs_tfp,obs_gdi,obs_AAAspread,obs_nominalrate1,obs_nominalrate2,obs_nominalrate3,obs_nominalrate4,obs_nominalrate5,obs_nominalrate6
0.428336501121529,-47.36396789550781,0.428336501121529,0.5120735894888533,0.49999999999998934,1.1622676055883963,0.428336501121529,0.428336501121529,0.4335699825269993,0.49999999999998934,1.1622676055883963,0.0,0.428336501121529,0.1174310227768634,1.1622676055883963,1.1622676055883963,1.1622676055883963,1.1622676055883963,1.1622676055883963,1.1622676055883963
