obs_gdp,obs_hours,obs_wages,obs_gdpdeflator,obs_corepce,obs_nominalrate,obs_consumption,obs_investment,obs_BBBspread,obs_longinflation,obs_longrate,obs_tfp,obs_gdi,obs_AAAspread,obs_nominalrate1,obs_nominalrate2,obs_nominalrate3,obs_nominalrate4,obs_nominalrate5,obs_nominalrate6
0.4294512226453051,-47.65658439953658,0.4294512226453051,0.49748061282122247,0.49999999999998934,0.9148652173700977,0.4294512226453051,0.4294512226453051,0.47069614915553604,0.49999999999998934,0.9148652173700977,0.0,0.4294512226453051,0.1174310227768634,0.9148652173700977,0.9148652173700977,0.9148652173700977,0.9148652173700977,0.9148652173700977,0.9148652173700977
