obs_gdp,obs_hours,obs_wages,obs_gdpdeflator,obs_corepce,obs_nominalrate,obs_consumption,obs_investment,obs_BBBspread,obs_longinflation,obs_longrate,obs_tfp,obs_gdi,obs_AAAspread,obs_nominalrate1,obs_nominalrate2,obs_nominalrate3,obs_nominalrate4,obs_nominalrate5,obs_nominalrate6
0.42846634984017307,-47.53696060180664,0.42846634984017307,0.5066880737431241,0.49999999999998934,1.1641805697113483,0.42846634984017307,0.42846634984017307,0.43630621976931977,0.49999999999998934,1.1641805697113483,0.0,0.42846634984017307,0.1174310227768634,1.1641805697113483,1.1641805697113483,1.1641805697113483,1.1641805697113483,1.1641805697113483,1.1641805697113483
