obs_gdp,obs_hours,obs_wages,obs_gdpdeflator,obs_corepce,obs_nominalrate,obs_consumption,obs_investment,obs_BBBspread,obs_longinflation,obs_longrate,obs_tfp,obs_gdi,obs_AAAspread,obs_nominalrate1,obs_nominalrate2,obs_nominalrate3,obs_nominalrate4,obs_nominalrate5,obs_nominalrate6
0.42462828755378546,-47.64665603637695,0.42462828755378546,0.5059763067401839,0.49999999999998934,1.1503697266056268,0.42462828755378546,0.42462828755378546,0.4314145035643102,0.49999999999998934,1.1503697266056268,0.0,0.42462828755378546,0.1174310227768634,1.1503697266056268,1.1503697266056268,1.1503697266056268,1.1503697266056268,1.1503697266056268,1.1503697266056268
