obs_gdp,obs_hours,obs_wages,obs_gdpdeflator,obs_corepce,obs_nominalrate,obs_consumption,obs_investment,obs_BBBspread,obs_longinflation,obs_longrate,obs_tfp,obs_gdi,obs_AAAspread,obs_nominalrate1,obs_nominalrate2,obs_nominalrate3,obs_nominalrate4,obs_nominalrate5,obs_nominalrate6
0.4254410694994659,-47.9914435733876,0.4254410694994659,0.4971009386390416,0.49999999999998934,0.9126331980978897,0.4254410694994659,0.4254410694994659,0.46995145304887737,0.49999999999998934,0.9126331980978897,0.0,0.4254410694994659,0.1174310227768634,0.9126331980978897,0.9126331980978897,0.9126331980978897,0.9126331980978897,0.9126331980978897,0.9126331980978897
