obs_gdp,obs_hours,obs_wages,obs_gdpdeflator,obs_corepce,obs_nominalrate,obs_consumption,obs_investment,obs_BBBspread,obs_longinflation,obs_longrate,obs_tfp,obs_gdi,obs_AAAspread,obs_nominalrate1,obs_nominalrate2,obs_nominalrate3,obs_nominalrate4,obs_nominalrate5,obs_nominalrate6
0.4168365001678387,-47.57426071166992,0.4168365001678387,0.4981741475639758,0.49999999999998934,1.1332648570909987,0.4168365001678387,0.4168365001678387,0.434610168549231,0.49999999999998934,1.1332648570909987,0.0,0.4168365001678387,0.1174310227768634,1.1332648570909987,1.1332648570909987,1.1332648570909987,1.1332648570909987,1.1332648570909987,1.1332648570909987
