obs_gdp,obs_hours,obs_wages,obs_gdpdeflator,obs_corepce,obs_nominalrate,obs_consumption,obs_investment,obs_BBBspread,obs_longinflation,obs_longrate,obs_tfp,obs_gdi,obs_AAAspread,obs_nominalrate1,obs_nominalrate2,obs_nominalrate3,obs_nominalrate4,obs_nominalrate5,obs_nominalrate6
0.42013555684934367,-47.69500029411953,0.42013555684934367,0.49426806111770977,0.49999999999998934,0.9121654106478916,0.42013555684934367,0.42013555684934367,0.4691188455101471,0.49999999999998934,0.9121654106478916,0.0,0.42013555684934367,0.1174310227768634,0.9121654106478916,0.9121654106478916,0.9121654106478916,0.9121654106478916,0.9121654106478916,0.9121654106478916
