obs_gdp,obs_hours,obs_wages,obs_gdpdeflator,obs_corepce,obs_nominalrate,obs_consumption,obs_investment,obs_BBBspread,obs_longinflation,obs_longrate,obs_tfp,obs_gdi,obs_AAAspread,obs_nominalrate1,obs_nominalrate2,obs_nominalrate3,obs_nominalrate4,obs_nominalrate5,obs_nominalrate6
0.4004962742328644,-47.94967269897461,0.4004962742328644,0.5010932583827419,0.49999999999998934,1.115758502907327,0.4004962742328644,0.4004962742328644,0.4402745518640074,0.49999999999998934,1.115758502907327,0.0,0.4004962742328644,0.1174310227768634,1.115758502907327,1.115758502907327,1.115758502907327,1.115758502907327,1.115758502907327,1.115758502907327
