obs_gdp,obs_hours,obs_wages,obs_gdpdeflator,obs_corepce,obs_nominalrate,obs_consumption,obs_investment,obs_BBBspread,obs_longinflation,obs_longrate,obs_tfp,obs_gdi,obs_AAAspread,obs_nominalrate1,obs_nominalrate2,obs_nominalrate3,obs_nominalrate4,obs_nominalrate5,obs_nominalrate6
0.4116272677368693,-49.0009611118343,0.4116272677368693,0.4970547569764248,0.49999999999998934,0.8974180489222716,0.4116272677368693,0.4116272677368693,0.47078948185147984,0.49999999999998934,0.8974180489222716,0.0,0.4116272677368693,0.1174310227768634,0.8974180489222716,0.8974180489222716,0.8974180489222716,0.8974180489222716,0.8974180489222716,0.8974180489222716
