obs_gdp,obs_hours,obs_wages,obs_gdpdeflator,obs_corepce,obs_nominalrate,obs_consumption,obs_investment,obs_BBBspread,obs_longinflation,obs_longrate,obs_tfp,obs_gdi,obs_AAAspread,obs_nominalrate1,obs_nominalrate2,obs_nominalrate3,obs_nominalrate4,obs_nominalrate5,obs_nominalrate6
0.41337914107852924,-48.86190514476751,0.41337914107852924,0.4970937101892465,0.49999999999998934,0.8989807249494497,0.41337914107852924,0.41337914107852924,0.4712971230682374,0.49999999999998934,0.8989807249494497,0.0,0.41337914107852924,0.1174310227768634,0.8989807249494497,0.8989807249494497,0.8989807249494497,0.8989807249494497,0.8989807249494497,0.8989807249494497
