obs_gdp,obs_hours,obs_wages,obs_gdpdeflator,obs_corepce,obs_nominalrate,obs_consumption,obs_investment,obs_BBBspread,obs_longinflation,obs_longrate,obs_tfp,obs_gdi,obs_AAAspread,obs_nominalrate1,obs_nominalrate2,obs_nominalrate3,obs_nominalrate4,obs_nominalrate5,obs_nominalrate6
0.4148101806640714,-47.72315979003906,0.4148101806640714,0.5002808771387102,0.49999999999998934,1.095926271938752,0.4148101806640714,0.4148101806640714,0.44447683100967045,0.49999999999998934,1.095926271938752,0.0,0.4148101806640714,0.1174310227768634,1.095926271938752,1.095926271938752,1.095926271938752,1.095926271938752,1.095926271938752,1.095926271938752
