obs_gdp,obs_hours,obs_wages,obs_gdpdeflator,obs_corepce,obs_nominalrate,obs_consumption,obs_investment,obs_BBBspread,obs_longinflation,obs_longrate,obs_tfp,obs_gdi,obs_AAAspread,obs_nominalrate1,obs_nominalrate2,obs_nominalrate3,obs_nominalrate4,obs_nominalrate5,obs_nominalrate6
0.4074304103851345,-48.127811431884766,0.4074304103851345,0.5013577775098277,0.49999999999998934,1.0878063435095342,0.4074304103851345,0.4074304103851345,0.4322563524416294,0.49999999999998934,1.0878063435095342,0.0,0.4074304103851345,0.1174310227768634,1.0878063435095342,1.0878063435095342,1.0878063435095342,1.0878063435095342,1.0878063435095342,1.0878063435095342
