obs_gdp,obs_hours,obs_wages,obs_gdpdeflator,obs_corepce,obs_nominalrate,obs_consumption,obs_investment,obs_BBBspread,obs_longinflation,obs_longrate,obs_tfp,obs_gdi,obs_AAAspread,obs_nominalrate1,obs_nominalrate2,obs_nominalrate3,obs_nominalrate4,obs_nominalrate5,obs_nominalrate6
0.4190789110423143,-48.4902209091147,0.4190789110423143,0.49670431516779384,0.49999999999998934,0.9055921029102354,0.4190789110423143,0.4190789110423143,0.4722726493162844,0.49999999999998934,0.9055921029102354,0.0,0.4190789110423143,0.1174310227768634,0.9055921029102354,0.9055921029102354,0.9055921029102354,0.9055921029102354,0.9055921029102354,0.9055921029102354
