obs_gdp,obs_hours,obs_wages,obs_gdpdeflator,obs_corepce,obs_nominalrate,obs_consumption,obs_investment,obs_BBBspread,obs_longinflation,obs_longrate,obs_tfp,obs_gdi,obs_AAAspread,obs_nominalrate1,obs_nominalrate2,obs_nominalrate3,obs_nominalrate4,obs_nominalrate5,obs_nominalrate6
0.4012444615363986,-48.80739974975586,0.4012444615363986,0.5010946551337732,0.49999999999998934,1.0954271528955672,0.4012444615363986,0.4012444615363986,0.4352254204531449,0.49999999999998934,1.0954271528955672,0.0,0.4012444615363986,0.1174310227768634,1.0954271528955672,1.0954271528955672,1.0954271528955672,1.0954271528955672,1.0954271528955672,1.0954271528955672
