obs_gdp,obs_hours,obs_wages,obs_gdpdeflator,obs_corepce,obs_nominalrate,obs_consumption,obs_investment,obs_BBBspread,obs_longinflation,obs_longrate,obs_tfp,obs_gdi,obs_AAAspread,obs_nominalrate1,obs_nominalrate2,obs_nominalrate3,obs_nominalrate4,obs_nominalrate5,obs_nominalrate6
0.3962852358817992,-48.930458068847656,0.3962852358817992,0.5063107712194217,0.49999999999998934,1.0922730478433618,0.3962852358817992,0.3962852358817992,0.43592140333575,0.49999999999998934,1.0922730478433618,0.0,0.3962852358817992,0.1174310227768634,1.0922730478433618,1.0922730478433618,1.0922730478433618,1.0922730478433618,1.0922730478433618,1.0922730478433618
