obs_gdp,obs_hours,obs_wages,obs_gdpdeflator,obs_corepce,obs_nominalrate,obs_consumption,obs_investment,obs_BBBspread,obs_longinflation,obs_longrate,obs_tfp,obs_gdi,obs_AAAspread,obs_nominalrate1,obs_nominalrate2,obs_nominalrate3,obs_nominalrate4,obs_nominalrate5,obs_nominalrate6
0.3921617269516009,-49.290775299072266,0.3921617269516009,0.5112800374627007,0.49999999999998934,1.0760069428950247,0.3921617269516009,0.3921617269516009,0.4378243047151427,0.49999999999998934,1.0760069428950247,0.0,0.3921617269516009,0.1174310227768634,1.0760069428950247,1.0760069428950247,1.0760069428950247,1.0760069428950247,1.0760069428950247,1.0760069428950247
