obs_gdp,obs_hours,obs_wages,obs_gdpdeflator,obs_corepce,obs_nominalrate,obs_consumption,obs_investment,obs_BBBspread,obs_longinflation,obs_longrate,obs_tfp,obs_gdi,obs_AAAspread,obs_nominalrate1,obs_nominalrate2,obs_nominalrate3,obs_nominalrate4,obs_nominalrate5,obs_nominalrate6
0.39389318227767145,-49.270225524902344,0.39389318227767145,0.5199200082570208,0.49999999999998934,1.075535617243073,0.39389318227767145,0.39389318227767145,0.44458131933879713,0.49999999999998934,1.075535617243073,0.0,0.39389318227767145,0.1174310227768634,1.075535617243073,1.075535617243073,1.075535617243073,1.075535617243073,1.075535617243073,1.075535617243073
