obs_gdp,obs_hours,obs_wages,obs_gdpdeflator,obs_corepce,obs_nominalrate,obs_consumption,obs_investment,obs_BBBspread,obs_longinflation,obs_longrate,obs_tfp,obs_gdi,obs_AAAspread,obs_nominalrate1,obs_nominalrate2,obs_nominalrate3,obs_nominalrate4,obs_nominalrate5,obs_nominalrate6
0.41933898701833616,-47.75212947404753,0.41933898701833616,0.4943297358291297,0.49999999999998934,0.9110198089925525,0.41933898701833616,0.41933898701833616,0.4691897281173548,0.49999999999998934,0.9110198089925525,0.0,0.41933898701833616,0.1174310227768634,0.9110198089925525,0.9110198089925525,0.9110198089925525,0.9110198089925525,0.9110198089925525,0.9110198089925525
