obs_gdp,obs_hours,obs_wages,obs_gdpdeflator,obs_corepce,obs_nominalrate,obs_consumption,obs_investment,obs_BBBspread,obs_longinflation,obs_longrate,obs_tfp,obs_gdi,obs_AAAspread,obs_nominalrate1,obs_nominalrate2,obs_nominalrate3,obs_nominalrate4,obs_nominalrate5,obs_nominalrate6
0.418068051338194,-47.57091522216797,0.418068051338194,0.5354906991124047,0.49999999999998934,0.8850707340980257,0.418068051338194,0.418068051338194,0.47859675508767446,0.49999999999998934,0.8850707340980257,0.0,0.418068051338194,0.1174310227768634,0.8850707340980257,0.8850707340980257,0.8850707340980257,0.8850707340980257,0.8850707340980257,0.8850707340980257
