obs_gdp,obs_hours,obs_wages,obs_gdpdeflator,obs_corepce,obs_nominalrate,obs_consumption,obs_investment,obs_BBBspread,obs_longinflation,obs_longrate,obs_tfp,obs_gdi,obs_AAAspread,obs_nominalrate1,obs_nominalrate2,obs_nominalrate3,obs_nominalrate4,obs_nominalrate5,obs_nominalrate6
0.4294391474917614,-47.84407791465249,0.4294391474917614,0.49693825268104064,0.49999999999998934,0.9225483781998056,0.4294391474917614,0.4294391474917614,0.4708365161489951,0.49999999999998934,0.9225483781998056,0.0,0.4294391474917614,0.1174310227768634,0.9225483781998056,0.9225483781998056,0.9225483781998056,0.9225483781998056,0.9225483781998056,0.9225483781998056
