obs_gdp,obs_hours,obs_wages,obs_gdpdeflator,obs_corepce,obs_nominalrate,obs_consumption,obs_investment,obs_BBBspread,obs_longinflation,obs_longrate,obs_tfp,obs_gdi,obs_AAAspread,obs_nominalrate1,obs_nominalrate2,obs_nominalrate3,obs_nominalrate4,obs_nominalrate5,obs_nominalrate6
0.40659698843956704,-49.240848541259766,0.40659698843956704,0.527630660682906,0.49999999999998934,1.0835263673951712,0.40659698843956704,0.40659698843956704,0.45625333422425346,0.49999999999998934,1.0835263673951712,0.0,0.40659698843956704,0.1174310227768634,1.0835263673951712,1.0835263673951712,1.0835263673951712,1.0835263673951712,1.0835263673951712,1.0835263673951712
