obs_gdp,obs_hours,obs_wages,obs_gdpdeflator,obs_corepce,obs_nominalrate,obs_consumption,obs_investment,obs_BBBspread,obs_longinflation,obs_longrate,obs_tfp,obs_gdi,obs_AAAspread,obs_nominalrate1,obs_nominalrate2,obs_nominalrate3,obs_nominalrate4,obs_nominalrate5,obs_nominalrate6
0.426373987749451,-48.07815733787016,0.426373987749451,0.4968831718079011,0.49999999999998934,0.9183056045675375,0.426373987749451,0.426373987749451,0.4710832954787059,0.49999999999998934,0.9183056045675375,0.0,0.426373987749451,0.1174310227768634,0.9183056045675375,0.9183056045675375,0.9183056045675375,0.9183056045675375,0.9183056045675375,0.9183056045675375
