obs_gdp,obs_hours,obs_wages,obs_gdpdeflator,obs_corepce,obs_nominalrate,obs_consumption,obs_investment,obs_BBBspread,obs_longinflation,obs_longrate,obs_tfp,obs_gdi,obs_AAAspread,obs_nominalrate1,obs_nominalrate2,obs_nominalrate3,obs_nominalrate4,obs_nominalrate5,obs_nominalrate6
0.40249872207640536,-49.263671875,0.40249872207640536,0.5309696607291592,0.49999999999998934,1.0677115508835655,0.40249872207640536,0.40249872207640536,0.4600648584344795,0.49999999999998934,1.0677115508835655,0.0,0.40249872207640536,0.1174310227768634,1.0677115508835655,1.0677115508835655,1.0677115508835655,1.0677115508835655,1.0677115508835655,1.0677115508835655
