obs_gdp,obs_hours,obs_wages,obs_gdpdeflator,obs_corepce,obs_nominalrate,obs_consumption,obs_investment,obs_BBBspread,obs_longinflation,obs_longrate,obs_tfp,obs_gdi,obs_AAAspread,obs_nominalrate1,obs_nominalrate2,obs_nominalrate3,obs_nominalrate4,obs_nominalrate5,obs_nominalrate6
0.4274967677267094,-47.99869163788618,0.4274967677267094,0.49705985844229433,0.49999999999998934,0.9199522032574015,0.4274967677267094,0.4274967677267094,0.47036161943538185,0.49999999999998934,0.9199522032574015,0.0,0.4274967677267094,0.1174310227768634,0.9199522032574015,0.9199522032574015,0.9199522032574015,0.9199522032574015,0.9199522032574015,0.9199522032574015
