obs_gdp,obs_hours,obs_wages,obs_gdpdeflator,obs_corepce,obs_nominalrate,obs_consumption,obs_investment,obs_BBBspread,obs_longinflation,obs_longrate,obs_tfp,obs_gdi,obs_AAAspread,obs_nominalrate1,obs_nominalrate2,obs_nominalrate3,obs_nominalrate4,obs_nominalrate5,obs_nominalrate6
0.4330784344960481,-47.577028824550844,0.4330784344960481,0.4969710902338661,0.49999999999998934,0.927245861704229,0.4330784344960481,0.4330784344960481,0.4699308101587503,0.49999999999998934,0.927245861704229,0.0,0.4330784344960481,0.1174310227768634,0.927245861704229,0.927245861704229,0.927245861704229,0.927245861704229,0.927245861704229,0.927245861704229
