obs_gdp,obs_hours,obs_wages,obs_gdpdeflator,obs_corepce,obs_nominalrate,obs_consumption,obs_investment,obs_BBBspread,obs_longinflation,obs_longrate,obs_tfp,obs_gdi,obs_AAAspread,obs_nominalrate1,obs_nominalrate2,obs_nominalrate3,obs_nominalrate4,obs_nominalrate5,obs_nominalrate6
0.4303795755305151,-47.779677705297125,0.4303795755305151,0.49685072478477244,0.49999999999998934,0.9225720692793926,0.4303795755305151,0.4303795755305151,0.4698369100793664,0.49999999999998934,0.9225720692793926,0.0,0.4303795755305151,0.1174310227768634,0.9225720692793926,0.9225720692793926,0.9225720692793926,0.9225720692793926,0.9225720692793926,0.9225720692793926
