obs_gdp,obs_hours,obs_wages,obs_gdpdeflator,obs_corepce,obs_nominalrate,obs_consumption,obs_investment,obs_BBBspread,obs_longinflation,obs_longrate,obs_tfp,obs_gdi,obs_AAAspread,obs_nominalrate1,obs_nominalrate2,obs_nominalrate3,obs_nominalrate4,obs_nominalrate5,obs_nominalrate6
0.4018806517124274,-48.860958099365234,0.4018806517124274,0.5365707464516056,0.49999999999998934,1.0548297635287973,0.4018806517124274,0.4018806517124274,0.45798661932302687,0.49999999999998934,1.0548297635287973,0.0,0.4018806517124274,0.1174310227768634,1.0548297635287973,1.0548297635287973,1.0548297635287973,1.0548297635287973,1.0548297635287973,1.0548297635287973
