obs_gdp,obs_hours,obs_wages,obs_gdpdeflator,obs_corepce,obs_nominalrate,obs_consumption,obs_investment,obs_BBBspread,obs_longinflation,obs_longrate,obs_tfp,obs_gdi,obs_AAAspread,obs_nominalrate1,obs_nominalrate2,obs_nominalrate3,obs_nominalrate4,obs_nominalrate5,obs_nominalrate6
0.3950864970684087,-48.998939514160156,0.3950864970684087,0.5364450924098385,0.49999999999998934,1.073096832698739,0.3950864970684087,0.3950864970684087,0.4659527556609286,0.49999999999998934,1.073096832698739,0.0,0.3950864970684087,0.1174310227768634,1.073096832698739,1.073096832698739,1.073096832698739,1.073096832698739,1.073096832698739,1.073096832698739
