obs_gdp,obs_hours,obs_wages,obs_gdpdeflator,obs_corepce,obs_nominalrate,obs_consumption,obs_investment,obs_BBBspread,obs_longinflation,obs_longrate,obs_tfp,obs_gdi,obs_AAAspread,obs_nominalrate1,obs_nominalrate2,obs_nominalrate3,obs_nominalrate4,obs_nominalrate5,obs_nominalrate6
0.42563026650559443,-48.18546210781472,0.42563026650559443,0.4966250525616903,0.49999999999998934,0.9166627358206725,0.42563026650559443,0.42563026650559443,0.46974897847488856,0.49999999999998934,0.9166627358206725,0.0,0.42563026650559443,0.1174310227768634,0.9166627358206725,0.9166627358206725,0.9166627358206725,0.9166627358206725,0.9166627358206725,0.9166627358206725
