obs_gdp,obs_hours,obs_wages,obs_gdpdeflator,obs_corepce,obs_nominalrate,obs_consumption,obs_investment,obs_BBBspread,obs_longinflation,obs_longrate,obs_tfp,obs_gdi,obs_AAAspread,obs_nominalrate1,obs_nominalrate2,obs_nominalrate3,obs_nominalrate4,obs_nominalrate5,obs_nominalrate6
0.3932141959667179,-48.94063186645508,0.3932141959667179,0.5362921208143128,0.49999999999998934,1.0767161083141907,0.3932141959667179,0.3932141959667179,0.4662563148426553,0.49999999999998934,1.0767161083141907,0.0,0.3932141959667179,0.1174310227768634,1.0767161083141907,1.0767161083141907,1.0767161083141907,1.0767161083141907,1.0767161083141907,1.0767161083141907
