obs_gdp,obs_hours,obs_wages,obs_gdpdeflator,obs_corepce,obs_nominalrate,obs_consumption,obs_investment,obs_BBBspread,obs_longinflation,obs_longrate,obs_tfp,obs_gdi,obs_AAAspread,obs_nominalrate1,obs_nominalrate2,obs_nominalrate3,obs_nominalrate4,obs_nominalrate5,obs_nominalrate6
0.4167872966245101,-47.96085515763403,0.4167872966245101,0.494257266002077,0.49999999999998934,0.9079920290686161,0.4167872966245101,0.4167872966245101,0.4693092934103004,0.49999999999998934,0.9079920290686161,0.0,0.4167872966245101,0.1174310227768634,0.9079920290686161,0.9079920290686161,0.9079920290686161,0.9079920290686161,0.9079920290686161,0.9079920290686161
