obs_gdp,obs_hours,obs_wages,obs_gdpdeflator,obs_corepce,obs_nominalrate,obs_consumption,obs_investment,obs_BBBspread,obs_longinflation,obs_longrate,obs_tfp,obs_gdi,obs_AAAspread,obs_nominalrate1,obs_nominalrate2,obs_nominalrate3,obs_nominalrate4,obs_nominalrate5,obs_nominalrate6
0.3985332846641487,-48.76652526855469,0.3985332846641487,0.5419027805328263,0.49999999999998934,1.0696200263078603,0.3985332846641487,0.3985332846641487,0.4654109248891315,0.49999999999998934,1.0696200263078603,0.0,0.3985332846641487,0.1174310227768634,1.0696200263078603,1.0696200263078603,1.0696200263078603,1.0696200263078603,1.0696200263078603,1.0696200263078603
