obs_gdp,obs_hours,obs_wages,obs_gdpdeflator,obs_corepce,obs_nominalrate,obs_consumption,obs_investment,obs_BBBspread,obs_longinflation,obs_longrate,obs_tfp,obs_gdi,obs_AAAspread,obs_nominalrate1,obs_nominalrate2,obs_nominalrate3,obs_nominalrate4,obs_nominalrate5,obs_nominalrate6
0.43317339980468716,-47.73942942796222,0.43317339980468716,0.4967185875121549,0.49999999999998934,0.9264597203579195,0.43317339980468716,0.43317339980468716,0.4704362594889085,0.49999999999998934,0.9264597203579195,0.0,0.43317339980468716,0.1174310227768634,0.9264597203579195,0.9264597203579195,0.9264597203579195,0.9264597203579195,0.9264597203579195,0.9264597203579195
