obs_gdp,obs_hours,obs_wages,obs_gdpdeflator,obs_corepce,obs_nominalrate,obs_consumption,obs_investment,obs_BBBspread,obs_longinflation,obs_longrate,obs_tfp,obs_gdi,obs_AAAspread,obs_nominalrate1,obs_nominalrate2,obs_nominalrate3,obs_nominalrate4,obs_nominalrate5,obs_nominalrate6
0.3883730471134106,-48.88807678222656,0.3883730471134106,0.5361813157796753,0.49999999999998934,1.0379249291810222,0.3883730471134106,0.3883730471134106,0.465623085389401,0.49999999999998934,1.0379249291810222,0.0,0.3883730471134106,0.1174310227768634,1.0379249291810222,1.0379249291810222,1.0379249291810222,1.0379249291810222,1.0379249291810222,1.0379249291810222
