obs_gdp,obs_hours,obs_wages,obs_gdpdeflator,obs_corepce,obs_nominalrate,obs_consumption,obs_investment,obs_BBBspread,obs_longinflation,obs_longrate,obs_tfp,obs_gdi,obs_AAAspread,obs_nominalrate1,obs_nominalrate2,obs_nominalrate3,obs_nominalrate4,obs_nominalrate5,obs_nominalrate6
0.4359553441666941,-47.61176267236993,0.4359553441666941,0.49650580517339465,0.49999999999998934,0.933793610159972,0.4359553441666941,0.4359553441666941,0.46862454516749,0.49999999999998934,0.933793610159972,0.0,0.4359553441666941,0.1174310227768634,0.933793610159972,0.933793610159972,0.933793610159972,0.933793610159972,0.933793610159972,0.933793610159972
