obs_gdp,obs_hours,obs_wages,obs_gdpdeflator,obs_corepce,obs_nominalrate,obs_consumption,obs_investment,obs_BBBspread,obs_longinflation,obs_longrate,obs_tfp,obs_gdi,obs_AAAspread,obs_nominalrate1,obs_nominalrate2,obs_nominalrate3,obs_nominalrate4,obs_nominalrate5,obs_nominalrate6
0.43109484834626954,-47.993582031336466,0.43109484834626954,0.4965535939830757,0.49999999999998934,0.9274754638758376,0.43109484834626954,0.43109484834626954,0.4688598517269765,0.49999999999998934,0.9274754638758376,0.0,0.43109484834626954,0.1174310227768634,0.9274754638758376,0.9274754638758376,0.9274754638758376,0.9274754638758376,0.9274754638758376,0.9274754638758376
