obs_gdp,obs_hours,obs_wages,obs_gdpdeflator,obs_corepce,obs_nominalrate,obs_consumption,obs_investment,obs_BBBspread,obs_longinflation,obs_longrate,obs_tfp,obs_gdi,obs_AAAspread,obs_nominalrate1,obs_nominalrate2,obs_nominalrate3,obs_nominalrate4,obs_nominalrate5,obs_nominalrate6
0.3966391384601531,-48.72896957397461,0.3966391384601531,0.5479942075908077,0.49999999999998934,0.9853470782481999,0.3966391384601531,0.3966391384601531,0.46900476908791205,0.49999999999998934,0.9853470782481999,0.0,0.3966391384601531,0.1174310227768634,0.9853470782481999,0.9853470782481999,0.9853470782481999,0.9853470782481999,0.9853470782481999,0.9853470782481999
