obs_gdp,obs_hours,obs_wages,obs_gdpdeflator,obs_corepce,obs_nominalrate,obs_consumption,obs_investment,obs_BBBspread,obs_longinflation,obs_longrate,obs_tfp,obs_gdi,obs_AAAspread,obs_nominalrate1,obs_nominalrate2,obs_nominalrate3,obs_nominalrate4,obs_nominalrate5,obs_nominalrate6
0.4262960758145029,-48.206933349449926,0.4262960758145029,0.49623805511838287,0.49999999999998934,0.921457240874668,0.4262960758145029,0.4262960758145029,0.4680303403043947,0.49999999999998934,0.921457240874668,0.0,0.4262960758145029,0.1174310227768634,0.921457240874668,0.921457240874668,0.921457240874668,0.921457240874668,0.921457240874668,0.921457240874668
