obs_gdp,obs_hours,obs_wages,obs_gdpdeflator,obs_corepce,obs_nominalrate,obs_consumption,obs_investment,obs_BBBspread,obs_longinflation,obs_longrate,obs_tfp,obs_gdi,obs_AAAspread,obs_nominalrate1,obs_nominalrate2,obs_nominalrate3,obs_nominalrate4,obs_nominalrate5,obs_nominalrate6
0.40123188495635453,-48.45280075073242,0.40123188495635453,0.5456663891672981,0.49999999999998934,0.9716214942392609,0.40123188495635453,0.40123188495635453,0.4733740776267603,0.49999999999998934,0.9716214942392609,0.0,0.40123188495635453,0.1174310227768634,0.9716214942392609,0.9716214942392609,0.9716214942392609,0.9716214942392609,0.9716214942392609,0.9716214942392609
