obs_gdp,obs_hours,obs_wages,obs_gdpdeflator,obs_corepce,obs_nominalrate,obs_consumption,obs_investment,obs_BBBspread,obs_longinflation,obs_longrate,obs_tfp,obs_gdi,obs_AAAspread,obs_nominalrate1,obs_nominalrate2,obs_nominalrate3,obs_nominalrate4,obs_nominalrate5,obs_nominalrate6
0.42704420906218843,-48.16638534175274,0.42704420906218843,0.49640255046265486,0.49999999999998934,0.9232891400662968,0.42704420906218843,0.42704420906218843,0.46722159669193897,0.49999999999998934,0.9232891400662968,0.0,0.42704420906218843,0.1174310227768634,0.9232891400662968,0.9232891400662968,0.9232891400662968,0.9232891400662968,0.9232891400662968,0.9232891400662968
