obs_gdp,obs_hours,obs_wages,obs_gdpdeflator,obs_corepce,obs_nominalrate,obs_consumption,obs_investment,obs_BBBspread,obs_longinflation,obs_longrate,obs_tfp,obs_gdi,obs_AAAspread,obs_nominalrate1,obs_nominalrate2,obs_nominalrate3,obs_nominalrate4,obs_nominalrate5,obs_nominalrate6
0.39576652646065025,-48.61076354980469,0.39576652646065025,0.5384294986724747,0.49999999999998934,0.9580859945396591,0.39576652646065025,0.39576652646065025,0.4920751418003588,0.49999999999998934,0.9580859945396591,0.0,0.39576652646065025,0.1174310227768634,0.9580859945396591,0.9580859945396591,0.9580859945396591,0.9580859945396591,0.9580859945396591,0.9580859945396591
