obs_gdp,obs_hours,obs_wages,obs_gdpdeflator,obs_corepce,obs_nominalrate,obs_consumption,obs_investment,obs_BBBspread,obs_longinflation,obs_longrate,obs_tfp,obs_gdi,obs_AAAspread,obs_nominalrate1,obs_nominalrate2,obs_nominalrate3,obs_nominalrate4,obs_nominalrate5,obs_nominalrate6
0.4254544363835322,-48.29246370863037,0.4254544363835322,0.49638765375726857,0.49999999999998934,0.9203882054353629,0.4254544363835322,0.4254544363835322,0.46620391597422034,0.49999999999998934,0.9203882054353629,0.0,0.4254544363835322,0.1174310227768634,0.9203882054353629,0.9203882054353629,0.9203882054353629,0.9203882054353629,0.9203882054353629,0.9203882054353629
