obs_gdp,obs_hours,obs_wages,obs_gdpdeflator,obs_corepce,obs_nominalrate,obs_consumption,obs_investment,obs_BBBspread,obs_longinflation,obs_longrate,obs_tfp,obs_gdi,obs_AAAspread,obs_nominalrate1,obs_nominalrate2,obs_nominalrate3,obs_nominalrate4,obs_nominalrate5,obs_nominalrate6
0.4262818614367614,-48.25740784084845,0.4262818614367614,0.4966413023745695,0.49999999999998934,0.922504261288104,0.4262818614367614,0.4262818614367614,0.4666183745364666,0.49999999999998934,0.922504261288104,0.0,0.4262818614367614,0.1174310227768634,0.922504261288104,0.922504261288104,0.922504261288104,0.922504261288104,0.922504261288104,0.922504261288104
