obs_gdp,obs_hours,obs_wages,obs_gdpdeflator,obs_corepce,obs_nominalrate,obs_consumption,obs_investment,obs_BBBspread,obs_longinflation,obs_longrate,obs_tfp,obs_gdi,obs_AAAspread,obs_nominalrate1,obs_nominalrate2,obs_nominalrate3,obs_nominalrate4,obs_nominalrate5,obs_nominalrate6
0.3695946633815783,-49.130916595458984,0.3695946633815783,0.5396101176738632,0.49999999999998934,0.9556048965602582,0.3695946633815783,0.3695946633815783,0.49255802568597257,0.49999999999998934,0.9556048965602582,0.0,0.3695946633815783,0.1174310227768634,0.9556048965602582,0.9556048965602582,0.9556048965602582,0.9556048965602582,0.9556048965602582,0.9556048965602582
