obs_gdp,obs_hours,obs_wages,obs_gdpdeflator,obs_corepce,obs_nominalrate,obs_consumption,obs_investment,obs_BBBspread,obs_longinflation,obs_longrate,obs_tfp,obs_gdi,obs_AAAspread,obs_nominalrate1,obs_nominalrate2,obs_nominalrate3,obs_nominalrate4,obs_nominalrate5,obs_nominalrate6
0.42516436506012667,-48.34856120603894,0.42516436506012667,0.49679315445775835,0.49999999999998934,0.9206742541264745,0.42516436506012667,0.42516436506012667,0.46728009465446435,0.49999999999998934,0.9206742541264745,0.0,0.42516436506012667,0.1174310227768634,0.9206742541264745,0.9206742541264745,0.9206742541264745,0.9206742541264745,0.9206742541264745,0.9206742541264745
