obs_gdp,obs_hours,obs_wages,obs_gdpdeflator,obs_corepce,obs_nominalrate,obs_consumption,obs_investment,obs_BBBspread,obs_longinflation,obs_longrate,obs_tfp,obs_gdi,obs_AAAspread,obs_nominalrate1,obs_nominalrate2,obs_nominalrate3,obs_nominalrate4,obs_nominalrate5,obs_nominalrate6
0.3750870823860275,-49.10272979736328,0.3750870823860275,0.546348471194495,0.49999999999998934,0.9425632477287893,0.3750870823860275,0.3750870823860275,0.49471077075537084,0.49999999999998934,0.9425632477287893,0.0,0.3750870823860275,0.1174310227768634,0.9425632477287893,0.9425632477287893,0.9425632477287893,0.9425632477287893,0.9425632477287893,0.9425632477287893
