obs_gdp,obs_hours,obs_wages,obs_gdpdeflator,obs_corepce,obs_nominalrate,obs_consumption,obs_investment,obs_BBBspread,obs_longinflation,obs_longrate,obs_tfp,obs_gdi,obs_AAAspread,obs_nominalrate1,obs_nominalrate2,obs_nominalrate3,obs_nominalrate4,obs_nominalrate5,obs_nominalrate6
0.42306009432291347,-48.506238937785774,0.42306009432291347,0.4970090202675574,0.49999999999998934,0.9183416028100355,0.42306009432291347,0.42306009432291347,0.4666445913608165,0.49999999999998934,0.9183416028100355,0.0,0.42306009432291347,0.1174310227768634,0.9183416028100355,0.9183416028100355,0.9183416028100355,0.9183416028100355,0.9183416028100355,0.9183416028100355
