obs_gdp,obs_hours,obs_wages,obs_gdpdeflator,obs_corepce,obs_nominalrate,obs_consumption,obs_investment,obs_BBBspread,obs_longinflation,obs_longrate,obs_tfp,obs_gdi,obs_AAAspread,obs_nominalrate1,obs_nominalrate2,obs_nominalrate3,obs_nominalrate4,obs_nominalrate5,obs_nominalrate6
0.42451399474414675,-48.440622275156144,0.42451399474414675,0.49708405361531716,0.49999999999998934,0.9196341162741595,0.42451399474414675,0.42451399474414675,0.46733462115293634,0.49999999999998934,0.9196341162741595,0.0,0.42451399474414675,0.1174310227768634,0.9196341162741595,0.9196341162741595,0.9196341162741595,0.9196341162741595,0.9196341162741595,0.9196341162741595
