obs_gdp,obs_hours,obs_wages,obs_gdpdeflator,obs_corepce,obs_nominalrate,obs_consumption,obs_investment,obs_BBBspread,obs_longinflation,obs_longrate,obs_tfp,obs_gdi,obs_AAAspread,obs_nominalrate1,obs_nominalrate2,obs_nominalrate3,obs_nominalrate4,obs_nominalrate5,obs_nominalrate6
0.38104659318924927,-49.129417419433594,0.38104659318924927,0.547740247100581,0.49999999999998934,0.9428332276662621,0.38104659318924927,0.38104659318924927,0.4943614652276271,0.49999999999998934,0.9428332276662621,0.0,0.38104659318924927,0.1174310227768634,0.9428332276662621,0.9428332276662621,0.9428332276662621,0.9428332276662621,0.9428332276662621,0.9428332276662621
