obs_gdp,obs_hours,obs_wages,obs_gdpdeflator,obs_corepce,obs_nominalrate,obs_consumption,obs_investment,obs_BBBspread,obs_longinflation,obs_longrate,obs_tfp,obs_gdi,obs_AAAspread,obs_nominalrate1,obs_nominalrate2,obs_nominalrate3,obs_nominalrate4,obs_nominalrate5,obs_nominalrate6
0.3808299899101364,-49.282737731933594,0.3808299899101364,0.5420293249189747,0.49999999999998934,0.9720179801132378,0.3808299899101364,0.3808299899101364,0.48884674761128477,0.49999999999998934,0.9720179801132378,0.0,0.3808299899101364,0.1174310227768634,0.9720179801132378,0.9720179801132378,0.9720179801132378,0.9720179801132378,0.9720179801132378,0.9720179801132378
