obs_gdp,obs_hours,obs_wages,obs_gdpdeflator,obs_corepce,obs_nominalrate,obs_consumption,obs_investment,obs_BBBspread,obs_longinflation,obs_longrate,obs_tfp,obs_gdi,obs_AAAspread,obs_nominalrate1,obs_nominalrate2,obs_nominalrate3,obs_nominalrate4,obs_nominalrate5,obs_nominalrate6
0.4244084930390635,-48.45818948191052,0.4244084930390635,0.4972619895990644,0.49999999999998934,0.9226586319390107,0.4244084930390635,0.4244084930390635,0.4657522561067577,0.49999999999998934,0.9226586319390107,0.0,0.4244084930390635,0.1174310227768634,0.9226586319390107,0.9226586319390107,0.9226586319390107,0.9226586319390107,0.9226586319390107,0.9226586319390107
