obs_gdp,obs_hours,obs_wages,obs_gdpdeflator,obs_corepce,obs_nominalrate,obs_consumption,obs_investment,obs_BBBspread,obs_longinflation,obs_longrate,obs_tfp,obs_gdi,obs_AAAspread,obs_nominalrate1,obs_nominalrate2,obs_nominalrate3,obs_nominalrate4,obs_nominalrate5,obs_nominalrate6
0.40735495090484797,-48.46078872680664,0.40735495090484797,0.5479271821677578,0.49999999999998934,0.9914665823939073,0.40735495090484797,0.40735495090484797,0.4808875802265176,0.49999999999998934,0.9914665823939073,0.0,0.40735495090484797,0.1174310227768634,0.9914665823939073,0.9914665823939073,0.9914665823939073,0.9914665823939073,0.9914665823939073,0.9914665823939073
