obs_gdp,obs_hours,obs_wages,obs_gdpdeflator,obs_corepce,obs_nominalrate,obs_consumption,obs_investment,obs_BBBspread,obs_longinflation,obs_longrate,obs_tfp,obs_gdi,obs_AAAspread,obs_nominalrate1,obs_nominalrate2,obs_nominalrate3,obs_nominalrate4,obs_nominalrate5,obs_nominalrate6
0.4094538688659721,-48.24174499511719,0.4094538688659721,0.5384804233908547,0.49999999999998934,1.012608289064687,0.4094538688659721,0.4094538688659721,0.48552268800822057,0.49999999999998934,1.012608289064687,0.0,0.4094538688659721,0.1174310227768634,1.012608289064687,1.012608289064687,1.012608289064687,1.012608289064687,1.012608289064687,1.012608289064687
