obs_gdp,obs_hours,obs_wages,obs_gdpdeflator,obs_corepce,obs_nominalrate,obs_consumption,obs_investment,obs_BBBspread,obs_longinflation,obs_longrate,obs_tfp,obs_gdi,obs_AAAspread,obs_nominalrate1,obs_nominalrate2,obs_nominalrate3,obs_nominalrate4,obs_nominalrate5,obs_nominalrate6
0.41380414366722906,-47.572479248046875,0.41380414366722906,0.5352309420704735,0.49999999999998934,0.8978323183617132,0.41380414366722906,0.41380414366722906,0.48156491887178937,0.49999999999998934,0.8978323183617132,0.0,0.41380414366722906,0.1174310227768634,0.8978323183617132,0.8978323183617132,0.8978323183617132,0.8978323183617132,0.8978323183617132,0.8978323183617132
