obs_gdp,obs_hours,obs_wages,obs_gdpdeflator,obs_corepce,obs_nominalrate,obs_consumption,obs_investment,obs_BBBspread,obs_longinflation,obs_longrate,obs_tfp,obs_gdi,obs_AAAspread,obs_nominalrate1,obs_nominalrate2,obs_nominalrate3,obs_nominalrate4,obs_nominalrate5,obs_nominalrate6
0.4036578536033675,-48.39113235473633,0.4036578536033675,0.5286586135625733,0.49999999999998934,0.9998872707128514,0.4036578536033675,0.4036578536033675,0.4761784488589834,0.49999999999998934,0.9998872707128514,0.0,0.4036578536033675,0.1174310227768634,0.9998872707128514,0.9998872707128514,0.9998872707128514,0.9998872707128514,0.9998872707128514,0.9998872707128514
