obs_gdp,obs_hours,obs_wages,obs_gdpdeflator,obs_corepce,obs_nominalrate,obs_consumption,obs_investment,obs_BBBspread,obs_longinflation,obs_longrate,obs_tfp,obs_gdi,obs_AAAspread,obs_nominalrate1,obs_nominalrate2,obs_nominalrate3,obs_nominalrate4,obs_nominalrate5,obs_nominalrate6
0.42891989992792645,-48.05157357357193,0.42891989992792645,0.4971371646338948,0.49999999999998934,0.9227740004338569,0.42891989992792645,0.42891989992792645,0.4661518347476437,0.49999999999998934,0.9227740004338569,0.0,0.42891989992792645,0.1174310227768634,0.9227740004338569,0.9227740004338569,0.9227740004338569,0.9227740004338569,0.9227740004338569,0.9227740004338569
