obs_gdp,obs_hours,obs_wages,obs_gdpdeflator,obs_corepce,obs_nominalrate,obs_consumption,obs_investment,obs_BBBspread,obs_longinflation,obs_longrate,obs_tfp,obs_gdi,obs_AAAspread,obs_nominalrate1,obs_nominalrate2,obs_nominalrate3,obs_nominalrate4,obs_nominalrate5,obs_nominalrate6
0.3973605632781929,-48.261756896972656,0.3973605632781929,0.5240273978561056,0.49999999999998934,1.0221556185564529,0.3973605632781929,0.3973605632781929,0.4738775597488567,0.49999999999998934,1.0221556185564529,0.0,0.3973605632781929,0.1174310227768634,1.0221556185564529,1.0221556185564529,1.0221556185564529,1.0221556185564529,1.0221556185564529,1.0221556185564529
