obs_gdp,obs_hours,obs_wages,obs_gdpdeflator,obs_corepce,obs_nominalrate,obs_consumption,obs_investment,obs_BBBspread,obs_longinflation,obs_longrate,obs_tfp,obs_gdi,obs_AAAspread,obs_nominalrate1,obs_nominalrate2,obs_nominalrate3,obs_nominalrate4,obs_nominalrate5,obs_nominalrate6
0.43387268733061646,-47.74647101604649,0.43387268733061646,0.4973426976714078,0.49999999999998934,0.9300442211353843,0.43387268733061646,0.43387268733061646,0.46507551273246106,0.49999999999998934,0.9300442211353843,0.0,0.43387268733061646,0.1174310227768634,0.9300442211353843,0.9300442211353843,0.9300442211353843,0.9300442211353843,0.9300442211353843,0.9300442211353843
