obs_gdp,obs_hours,obs_wages,obs_gdpdeflator,obs_corepce,obs_nominalrate,obs_consumption,obs_investment,obs_BBBspread,obs_longinflation,obs_longrate,obs_tfp,obs_gdi,obs_AAAspread,obs_nominalrate1,obs_nominalrate2,obs_nominalrate3,obs_nominalrate4,obs_nominalrate5,obs_nominalrate6
0.40833345055579784,-48.20673751831055,0.40833345055579784,0.5223255306482208,0.49999999999998934,0.9995650597246053,0.40833345055579784,0.40833345055579784,0.4756374287642559,0.49999999999998934,0.9995650597246053,0.0,0.40833345055579784,0.1174310227768634,0.9995650597246053,0.9995650597246053,0.9995650597246053,0.9995650597246053,0.9995650597246053,0.9995650597246053
