obs_gdp,obs_hours,obs_wages,obs_gdpdeflator,obs_corepce,obs_nominalrate,obs_consumption,obs_investment,obs_BBBspread,obs_longinflation,obs_longrate,obs_tfp,obs_gdi,obs_AAAspread,obs_nominalrate1,obs_nominalrate2,obs_nominalrate3,obs_nominalrate4,obs_nominalrate5,obs_nominalrate6
0.4331226216766071,-47.83835616474206,0.4331226216766071,0.4973553817263702,0.49999999999998934,0.9302267033166389,0.4331226216766071,0.4331226216766071,0.46422985106925096,0.49999999999998934,0.9302267033166389,0.0,0.4331226216766071,0.1174310227768634,0.9302267033166389,0.9302267033166389,0.9302267033166389,0.9302267033166389,0.9302267033166389,0.9302267033166389
