obs_gdp,obs_hours,obs_wages,obs_gdpdeflator,obs_corepce,obs_nominalrate,obs_consumption,obs_investment,obs_BBBspread,obs_longinflation,obs_longrate,obs_tfp,obs_gdi,obs_AAAspread,obs_nominalrate1,obs_nominalrate2,obs_nominalrate3,obs_nominalrate4,obs_nominalrate5,obs_nominalrate6
0.4338086750925063,-47.787297238551105,0.4338086750925063,0.4972847182264978,0.49999999999998934,0.9311197160686957,0.4338086750925063,0.4338086750925063,0.46389086622266207,0.49999999999998934,0.9311197160686957,0.0,0.4338086750925063,0.1174310227768634,0.9311197160686957,0.9311197160686957,0.9311197160686957,0.9311197160686957,0.9311197160686957,0.9311197160686957
