obs_gdp,obs_hours,obs_wages,obs_gdpdeflator,obs_corepce,obs_nominalrate,obs_consumption,obs_investment,obs_BBBspread,obs_longinflation,obs_longrate,obs_tfp,obs_gdi,obs_AAAspread,obs_nominalrate1,obs_nominalrate2,obs_nominalrate3,obs_nominalrate4,obs_nominalrate5,obs_nominalrate6
0.4272999294920199,-48.32215524830372,0.4272999294920199,0.4973777127458099,0.49999999999998934,0.9252679586779111,0.4272999294920199,0.4272999294920199,0.4639127761953433,0.49999999999998934,0.9252679586779111,0.0,0.4272999294920199,0.1174310227768634,0.9252679586779111,0.9252679586779111,0.9252679586779111,0.9252679586779111,0.9252679586779111,0.9252679586779111
