obs_gdp,obs_hours,obs_wages,obs_gdpdeflator,obs_corepce,obs_nominalrate,obs_consumption,obs_investment,obs_BBBspread,obs_longinflation,obs_longrate,obs_tfp,obs_gdi,obs_AAAspread,obs_nominalrate1,obs_nominalrate2,obs_nominalrate3,obs_nominalrate4,obs_nominalrate5,obs_nominalrate6
0.4257658769201811,-48.40167804290709,0.4257658769201811,0.4976032741006148,0.49999999999998934,0.9238621753018705,0.4257658769201811,0.4257658769201811,0.46486400420325585,0.49999999999998934,0.9238621753018705,0.0,0.4257658769201811,0.1174310227768634,0.9238621753018705,0.9238621753018705,0.9238621753018705,0.9238621753018705,0.9238621753018705,0.9238621753018705
