obs_gdp,obs_hours,obs_wages,obs_gdpdeflator,obs_corepce,obs_nominalrate,obs_consumption,obs_investment,obs_BBBspread,obs_longinflation,obs_longrate,obs_tfp,obs_gdi,obs_AAAspread,obs_nominalrate1,obs_nominalrate2,obs_nominalrate3,obs_nominalrate4,obs_nominalrate5,obs_nominalrate6
0.39979013800621743,-47.903926849365234,0.39979013800621743,0.5186262521892679,0.49999999999998934,1.00605327527028,0.39979013800621743,0.39979013800621743,0.48342660007370775,0.49999999999998934,1.00605327527028,0.0,0.39979013800621743,0.1174310227768634,1.00605327527028,1.00605327527028,1.00605327527028,1.00605327527028,1.00605327527028,1.00605327527028
