obs_gdp,obs_hours,obs_wages,obs_gdpdeflator,obs_corepce,obs_nominalrate,obs_consumption,obs_investment,obs_BBBspread,obs_longinflation,obs_longrate,obs_tfp,obs_gdi,obs_AAAspread,obs_nominalrate1,obs_nominalrate2,obs_nominalrate3,obs_nominalrate4,obs_nominalrate5,obs_nominalrate6
0.41319464959901353,-48.25385263280301,0.41319464959901353,0.49484216307391204,0.49999999999998934,0.9033402150378622,0.41319464959901353,0.41319464959901353,0.46947696588661386,0.49999999999998934,0.9033402150378622,0.0,0.41319464959901353,0.1174310227768634,0.9033402150378622,0.9033402150378622,0.9033402150378622,0.9033402150378622,0.9033402150378622,0.9033402150378622
