obs_gdp,obs_hours,obs_wages,obs_gdpdeflator,obs_corepce,obs_nominalrate,obs_consumption,obs_investment,obs_BBBspread,obs_longinflation,obs_longrate,obs_tfp,obs_gdi,obs_AAAspread,obs_nominalrate1,obs_nominalrate2,obs_nominalrate3,obs_nominalrate4,obs_nominalrate5,obs_nominalrate6
0.4102582931518661,-47.83388900756836,0.4102582931518661,0.5338541157543553,0.49999999999998934,0.8904686305745368,0.4102582931518661,0.4102582931518661,0.4803602970372917,0.49999999999998934,0.8904686305745368,0.0,0.4102582931518661,0.1174310227768634,0.8904686305745368,0.8904686305745368,0.8904686305745368,0.8904686305745368,0.8904686305745368,0.8904686305745368
