obs_gdp,obs_hours,obs_wages,obs_gdpdeflator,obs_corepce,obs_nominalrate,obs_consumption,obs_investment,obs_BBBspread,obs_longinflation,obs_longrate,obs_tfp,obs_gdi,obs_AAAspread,obs_nominalrate1,obs_nominalrate2,obs_nominalrate3,obs_nominalrate4,obs_nominalrate5,obs_nominalrate6
0.41069847345351906,-47.57771682739258,0.41069847345351906,0.5205644704401386,0.49999999999998934,0.9861054697529292,0.41069847345351906,0.41069847345351906,0.4836322180918818,0.49999999999998934,0.9861054697529292,0.0,0.41069847345351906,0.1174310227768634,0.9861054697529292,0.9861054697529292,0.9861054697529292,0.9861054697529292,0.9861054697529292,0.9861054697529292
