obs_gdp,obs_hours,obs_wages,obs_gdpdeflator,obs_corepce,obs_nominalrate,obs_consumption,obs_investment,obs_BBBspread,obs_longinflation,obs_longrate,obs_tfp,obs_gdi,obs_AAAspread,obs_nominalrate1,obs_nominalrate2,obs_nominalrate3,obs_nominalrate4,obs_nominalrate5,obs_nominalrate6
0.42341313994895824,-48.5083442657699,0.42341313994895824,0.49801951696483626,0.49999999999998934,0.921972103501556,0.42341313994895824,0.42341313994895824,0.46598973449278475,0.49999999999998934,0.921972103501556,0.0,0.42341313994895824,0.1174310227768634,0.921972103501556,0.921972103501556,0.921972103501556,0.921972103501556,0.921972103501556,0.921972103501556
