obs_gdp,obs_hours,obs_wages,obs_gdpdeflator,obs_corepce,obs_nominalrate,obs_consumption,obs_investment,obs_BBBspread,obs_longinflation,obs_longrate,obs_tfp,obs_gdi,obs_AAAspread,obs_nominalrate1,obs_nominalrate2,obs_nominalrate3,obs_nominalrate4,obs_nominalrate5,obs_nominalrate6
0.41689908504485285,-47.401187896728516,0.41689908504485285,0.5170243587344778,0.49999999999998934,0.9610935720380853,0.41689908504485285,0.41689908504485285,0.49189711556786536,0.49999999999998934,0.9610935720380853,0.0,0.41689908504485285,0.1174310227768634,0.9610935720380853,0.9610935720380853,0.9610935720380853,0.9610935720380853,0.9610935720380853,0.9610935720380853
