obs_gdp,obs_hours,obs_wages,obs_gdpdeflator,obs_corepce,obs_nominalrate,obs_consumption,obs_investment,obs_BBBspread,obs_longinflation,obs_longrate,obs_tfp,obs_gdi,obs_AAAspread,obs_nominalrate1,obs_nominalrate2,obs_nominalrate3,obs_nominalrate4,obs_nominalrate5,obs_nominalrate6
0.42330239297394545,-48.5094592427527,0.42330239297394545,0.49789505738018863,0.49999999999998934,0.9214461209759994,0.42330239297394545,0.42330239297394545,0.46616321160339574,0.49999999999998934,0.9214461209759994,0.0,0.42330239297394545,0.1174310227768634,0.9214461209759994,0.9214461209759994,0.9214461209759994,0.9214461209759994,0.9214461209759994,0.9214461209759994
