obs_gdp,obs_hours,obs_wages,obs_gdpdeflator,obs_corepce,obs_nominalrate,obs_consumption,obs_investment,obs_BBBspread,obs_longinflation,obs_longrate,obs_tfp,obs_gdi,obs_AAAspread,obs_nominalrate1,obs_nominalrate2,obs_nominalrate3,obs_nominalrate4,obs_nominalrate5,obs_nominalrate6
0.42068969149726687,-48.68937716413984,0.42068969149726687,0.4977584836884368,0.49999999999998934,0.9171588394100594,0.42068969149726687,0.42068969149726687,0.46672029289531586,0.49999999999998934,0.9171588394100594,0.0,0.42068969149726687,0.1174310227768634,0.9171588394100594,0.9171588394100594,0.9171588394100594,0.9171588394100594,0.9171588394100594,0.9171588394100594
