obs_gdp,obs_hours,obs_wages,obs_gdpdeflator,obs_corepce,obs_nominalrate,obs_consumption,obs_investment,obs_BBBspread,obs_longinflation,obs_longrate,obs_tfp,obs_gdi,obs_AAAspread,obs_nominalrate1,obs_nominalrate2,obs_nominalrate3,obs_nominalrate4,obs_nominalrate5,obs_nominalrate6
0.4160330891609165,-47.3513069152832,0.4160330891609165,0.5143339727073801,0.49999999999998934,0.9694342076050688,0.4160330891609165,0.4160330891609165,0.48817440495790276,0.49999999999998934,0.9694342076050688,0.0,0.4160330891609165,0.1174310227768634,0.9694342076050688,0.9694342076050688,0.9694342076050688,0.9694342076050688,0.9694342076050688,0.9694342076050688
