obs_gdp,obs_hours,obs_wages,obs_gdpdeflator,obs_corepce,obs_nominalrate,obs_consumption,obs_investment,obs_BBBspread,obs_longinflation,obs_longrate,obs_tfp,obs_gdi,obs_AAAspread,obs_nominalrate1,obs_nominalrate2,obs_nominalrate3,obs_nominalrate4,obs_nominalrate5,obs_nominalrate6
0.4293011057300067,-48.07307407405488,0.4293011057300067,0.4979535596409106,0.49999999999998934,0.9241595487111454,0.4293011057300067,0.4293011057300067,0.46671710330645905,0.49999999999998934,0.9241595487111454,0.0,0.4293011057300067,0.1174310227768634,0.9241595487111454,0.9241595487111454,0.9241595487111454,0.9241595487111454,0.9241595487111454,0.9241595487111454
