obs_gdp,obs_hours,obs_wages,obs_gdpdeflator,obs_corepce,obs_nominalrate,obs_consumption,obs_investment,obs_BBBspread,obs_longinflation,obs_longrate,obs_tfp,obs_gdi,obs_AAAspread,obs_nominalrate1,obs_nominalrate2,obs_nominalrate3,obs_nominalrate4,obs_nominalrate5,obs_nominalrate6
0.42462661862372464,-47.06312561035156,0.42462661862372464,0.5115924635901941,0.49999999999998934,0.970261589265764,0.42462661862372464,0.42462661862372464,0.48872825434551115,0.49999999999998934,0.970261589265764,0.0,0.42462661862372464,0.1174310227768634,0.970261589265764,0.970261589265764,0.970261589265764,0.970261589265764,0.970261589265764,0.970261589265764
