obs_gdp,obs_hours,obs_wages,obs_gdpdeflator,obs_corepce,obs_nominalrate,obs_consumption,obs_investment,obs_BBBspread,obs_longinflation,obs_longrate,obs_tfp,obs_gdi,obs_AAAspread,obs_nominalrate1,obs_nominalrate2,obs_nominalrate3,obs_nominalrate4,obs_nominalrate5,obs_nominalrate6
0.4216001743726272,-48.664243428923015,0.4216001743726272,0.49803884193068526,0.49999999999998934,0.9163254183269354,0.4216001743726272,0.4216001743726272,0.46756836226441184,0.49999999999998934,0.9163254183269354,0.0,0.4216001743726272,0.1174310227768634,0.9163254183269354,0.9163254183269354,0.9163254183269354,0.9163254183269354,0.9163254183269354,0.9163254183269354
