obs_gdp,obs_hours,obs_wages,obs_gdpdeflator,obs_corepce,obs_nominalrate,obs_consumption,obs_investment,obs_BBBspread,obs_longinflation,obs_longrate,obs_tfp,obs_gdi,obs_AAAspread,obs_nominalrate1,obs_nominalrate2,obs_nominalrate3,obs_nominalrate4,obs_nominalrate5,obs_nominalrate6
0.4308760663075395,-48.00128312171247,0.4308760663075395,0.4982224275849559,0.49999999999998934,0.9260540427057373,0.4308760663075395,0.4308760663075395,0.46829378755710693,0.49999999999998934,0.9260540427057373,0.0,0.4308760663075395,0.1174310227768634,0.9260540427057373,0.9260540427057373,0.9260540427057373,0.9260540427057373,0.9260540427057373,0.9260540427057373
