obs_gdp,obs_hours,obs_wages,obs_gdpdeflator,obs_corepce,obs_nominalrate,obs_consumption,obs_investment,obs_BBBspread,obs_longinflation,obs_longrate,obs_tfp,obs_gdi,obs_AAAspread,obs_nominalrate1,obs_nominalrate2,obs_nominalrate3,obs_nominalrate4,obs_nominalrate5,obs_nominalrate6
0.42547270655632907,-46.81980514526367,0.42547270655632907,0.5109908971935404,0.49999999999998934,0.9839254802881614,0.42547270655632907,0.42547270655632907,0.4902528738870148,0.49999999999998934,0.9839254802881614,0.0,0.42547270655632907,0.1174310227768634,0.9839254802881614,0.9839254802881614,0.9839254802881614,0.9839254802881614,0.9839254802881614,0.9839254802881614
