obs_gdp,obs_hours,obs_wages,obs_gdpdeflator,obs_corepce,obs_nominalrate,obs_consumption,obs_investment,obs_BBBspread,obs_longinflation,obs_longrate,obs_tfp,obs_gdi,obs_AAAspread,obs_nominalrate1,obs_nominalrate2,obs_nominalrate3,obs_nominalrate4,obs_nominalrate5,obs_nominalrate6
0.4093864274790304,-48.470725816281075,0.4093864274790304,0.49467632538347633,0.49999999999998934,0.8976392803556887,0.4093864274790304,0.4093864274790304,0.46973821644893654,0.49999999999998934,0.8976392803556887,0.0,0.4093864274790304,0.1174310227768634,0.8976392803556887,0.8976392803556887,0.8976392803556887,0.8976392803556887,0.8976392803556887,0.8976392803556887
