obs_gdp,obs_hours,obs_wages,obs_gdpdeflator,obs_corepce,obs_nominalrate,obs_consumption,obs_investment,obs_BBBspread,obs_longinflation,obs_longrate,obs_tfp,obs_gdi,obs_AAAspread,obs_nominalrate1,obs_nominalrate2,obs_nominalrate3,obs_nominalrate4,obs_nominalrate5,obs_nominalrate6
0.40081426501274997,-47.74435806274414,0.40081426501274997,0.533494055271138,0.49999999999998934,0.8758323186527139,0.40081426501274997,0.40081426501274997,0.4823624710972774,0.49999999999998934,0.8758323186527139,0.0,0.40081426501274997,0.1174310227768634,0.8758323186527139,0.8758323186527139,0.8758323186527139,0.8758323186527139,0.8758323186527139,0.8758323186527139
