obs_gdp,obs_hours,obs_wages,obs_gdpdeflator,obs_corepce,obs_nominalrate,obs_consumption,obs_investment,obs_BBBspread,obs_longinflation,obs_longrate,obs_tfp,obs_gdi,obs_AAAspread,obs_nominalrate1,obs_nominalrate2,obs_nominalrate3,obs_nominalrate4,obs_nominalrate5,obs_nominalrate6
0.42808416485786704,-46.538658142089844,0.42808416485786704,0.5094524957239521,0.49999999999998934,0.9711913654834259,0.42808416485786704,0.42808416485786704,0.4868912866511768,0.49999999999998934,0.9711913654834259,0.0,0.42808416485786704,0.1174310227768634,0.9711913654834259,0.9711913654834259,0.9711913654834259,0.9711913654834259,0.9711913654834259,0.9711913654834259
