obs_gdp,obs_hours,obs_wages,obs_gdpdeflator,obs_corepce,obs_nominalrate,obs_consumption,obs_investment,obs_BBBspread,obs_longinflation,obs_longrate,obs_tfp,obs_gdi,obs_AAAspread,obs_nominalrate1,obs_nominalrate2,obs_nominalrate3,obs_nominalrate4,obs_nominalrate5,obs_nominalrate6
0.4207139701009277,-48.818430491045845,0.4207139701009277,0.4974459840258451,0.49999999999998934,0.9134246344577601,0.4207139701009277,0.4207139701009277,0.46965353372558605,0.49999999999998934,0.9134246344577601,0.0,0.4207139701009277,0.1174310227768634,0.9134246344577601,0.9134246344577601,0.9134246344577601,0.9134246344577601,0.9134246344577601,0.9134246344577601
