obs_gdp,obs_hours,obs_wages,obs_gdpdeflator,obs_corepce,obs_nominalrate,obs_consumption,obs_investment,obs_BBBspread,obs_longinflation,obs_longrate,obs_tfp,obs_gdi,obs_AAAspread,obs_nominalrate1,obs_nominalrate2,obs_nominalrate3,obs_nominalrate4,obs_nominalrate5,obs_nominalrate6
0.42042352375066816,-48.853021392221876,0.42042352375066816,0.4973688670343437,0.49999999999998934,0.915235177966256,0.42042352375066816,0.42042352375066816,0.46931021864915184,0.49999999999998934,0.915235177966256,0.0,0.42042352375066816,0.1174310227768634,0.915235177966256,0.915235177966256,0.915235177966256,0.915235177966256,0.915235177966256,0.915235177966256
