obs_gdp,obs_hours,obs_wages,obs_gdpdeflator,obs_corepce,obs_nominalrate,obs_consumption,obs_investment,obs_BBBspread,obs_longinflation,obs_longrate,obs_tfp,obs_gdi,obs_AAAspread,obs_nominalrate1,obs_nominalrate2,obs_nominalrate3,obs_nominalrate4,obs_nominalrate5,obs_nominalrate6
0.4230697849890941,-48.69623166760718,0.4230697849890941,0.49717471215743236,0.49999999999998934,0.9186340197238962,0.4230697849890941,0.4230697849890941,0.4695376550994245,0.49999999999998934,0.9186340197238962,0.0,0.4230697849890941,0.1174310227768634,0.9186340197238962,0.9186340197238962,0.9186340197238962,0.9186340197238962,0.9186340197238962,0.9186340197238962
