obs_gdp,obs_hours,obs_wages,obs_gdpdeflator,obs_corepce,obs_nominalrate,obs_consumption,obs_investment,obs_BBBspread,obs_longinflation,obs_longrate,obs_tfp,obs_gdi,obs_AAAspread,obs_nominalrate1,obs_nominalrate2,obs_nominalrate3,obs_nominalrate4,obs_nominalrate5,obs_nominalrate6
0.42823895812034163,-46.77043914794922,0.42823895812034163,0.5226220972835911,0.49999999999998934,0.949491189238616,0.42823895812034163,0.42823895812034163,0.48165199594468255,0.49999999999998934,0.949491189238616,0.0,0.42823895812034163,0.1174310227768634,0.949491189238616,0.949491189238616,0.949491189238616,0.949491189238616,0.949491189238616,0.949491189238616
