obs_gdp,obs_hours,obs_wages,obs_gdpdeflator,obs_corepce,obs_nominalrate,obs_consumption,obs_investment,obs_BBBspread,obs_longinflation,obs_longrate,obs_tfp,obs_gdi,obs_AAAspread,obs_nominalrate1,obs_nominalrate2,obs_nominalrate3,obs_nominalrate4,obs_nominalrate5,obs_nominalrate6
0.4235246209655097,-48.66585665597584,0.4235246209655097,0.4973006455115088,0.49999999999998934,0.918540357951203,0.4235246209655097,0.4235246209655097,0.4697680793258865,0.49999999999998934,0.918540357951203,0.0,0.4235246209655097,0.1174310227768634,0.918540357951203,0.918540357951203,0.918540357951203,0.918540357951203,0.918540357951203,0.918540357951203
