obs_gdp,obs_hours,obs_wages,obs_gdpdeflator,obs_corepce,obs_nominalrate,obs_consumption,obs_investment,obs_BBBspread,obs_longinflation,obs_longrate,obs_tfp,obs_gdi,obs_AAAspread,obs_nominalrate1,obs_nominalrate2,obs_nominalrate3,obs_nominalrate4,obs_nominalrate5,obs_nominalrate6
0.431493759155277,-46.50907516479492,0.431493759155277,0.5201330054551256,0.49999999999998934,0.9597830816158615,0.431493759155277,0.431493759155277,0.4858006593883201,0.49999999999998934,0.9597830816158615,0.0,0.431493759155277,0.1174310227768634,0.9597830816158615,0.9597830816158615,0.9597830816158615,0.9597830816158615,0.9597830816158615,0.9597830816158615
