obs_gdp,obs_hours,obs_wages,obs_gdpdeflator,obs_corepce,obs_nominalrate,obs_consumption,obs_investment,obs_BBBspread,obs_longinflation,obs_longrate,obs_tfp,obs_gdi,obs_AAAspread,obs_nominalrate1,obs_nominalrate2,obs_nominalrate3,obs_nominalrate4,obs_nominalrate5,obs_nominalrate6
0.4233493770777086,-48.67974595676623,0.4233493770777086,0.49756758967784886,0.49999999999998934,0.9186005443824641,0.4233493770777086,0.4233493770777086,0.46952165582110134,0.49999999999998934,0.9186005443824641,0.0,0.4233493770777086,0.1174310227768634,0.9186005443824641,0.9186005443824641,0.9186005443824641,0.9186005443824641,0.9186005443824641,0.9186005443824641
