obs_gdp,obs_hours,obs_wages,obs_gdpdeflator,obs_corepce,obs_nominalrate,obs_consumption,obs_investment,obs_BBBspread,obs_longinflation,obs_longrate,obs_tfp,obs_gdi,obs_AAAspread,obs_nominalrate1,obs_nominalrate2,obs_nominalrate3,obs_nominalrate4,obs_nominalrate5,obs_nominalrate6
0.41409474611282526,-46.79338073730469,0.41409474611282526,0.5179367326199902,0.49999999999998934,0.9261568146467614,0.41409474611282526,0.41409474611282526,0.4845506324449686,0.49999999999998934,0.9261568146467614,0.0,0.41409474611282526,0.1174310227768634,0.9261568146467614,0.9261568146467614,0.9261568146467614,0.9261568146467614,0.9261568146467614,0.9261568146467614
