obs_gdp,obs_hours,obs_wages,obs_gdpdeflator,obs_corepce,obs_nominalrate,obs_consumption,obs_investment,obs_BBBspread,obs_longinflation,obs_longrate,obs_tfp,obs_gdi,obs_AAAspread,obs_nominalrate1,obs_nominalrate2,obs_nominalrate3,obs_nominalrate4,obs_nominalrate5,obs_nominalrate6
0.41927793622016374,-46.83070373535156,0.41927793622016374,0.5119483992457283,0.49999999999998934,0.9489191818318643,0.41927793622016374,0.41927793622016374,0.48550525764819485,0.49999999999998934,0.9489191818318643,0.0,0.41927793622016374,0.1174310227768634,0.9489191818318643,0.9489191818318643,0.9489191818318643,0.9489191818318643,0.9489191818318643,0.9489191818318643
