obs_gdp,obs_hours,obs_wages,obs_gdpdeflator,obs_corepce,obs_nominalrate,obs_consumption,obs_investment,obs_BBBspread,obs_longinflation,obs_longrate,obs_tfp,obs_gdi,obs_AAAspread,obs_nominalrate1,obs_nominalrate2,obs_nominalrate3,obs_nominalrate4,obs_nominalrate5,obs_nominalrate6
0.4021467864513406,-47.749263763427734,0.4021467864513406,0.5334078967571152,0.49999999999998934,0.8753268185527574,0.4021467864513406,0.4021467864513406,0.479450917230588,0.49999999999998934,0.8753268185527574,0.0,0.4021467864513406,0.1174310227768634,0.8753268185527574,0.8753268185527574,0.8753268185527574,0.8753268185527574,0.8753268185527574,0.8753268185527574
