obs_gdp,obs_hours,obs_wages,obs_gdpdeflator,obs_corepce,obs_nominalrate,obs_consumption,obs_investment,obs_BBBspread,obs_longinflation,obs_longrate,obs_tfp,obs_gdi,obs_AAAspread,obs_nominalrate1,obs_nominalrate2,obs_nominalrate3,obs_nominalrate4,obs_nominalrate5,obs_nominalrate6
0.4055772384151002,-48.72425330678431,0.4055772384151002,0.4945185497513234,0.49999999999998934,0.8959886857505817,0.4055772384151002,0.4055772384151002,0.4704393324314994,0.49999999999998934,0.8959886857505817,0.0,0.4055772384151002,0.1174310227768634,0.8959886857505817,0.8959886857505817,0.8959886857505817,0.8959886857505817,0.8959886857505817,0.8959886857505817
