obs_gdp,obs_hours,obs_wages,obs_gdpdeflator,obs_corepce,obs_nominalrate,obs_consumption,obs_investment,obs_BBBspread,obs_longinflation,obs_longrate,obs_tfp,obs_gdi,obs_AAAspread,obs_nominalrate1,obs_nominalrate2,obs_nominalrate3,obs_nominalrate4,obs_nominalrate5,obs_nominalrate6
0.4097576737403852,-46.99261474609375,0.4097576737403852,0.5061181304044915,0.49999999999998934,0.9474429487896785,0.4097576737403852,0.4097576737403852,0.46208345282692814,0.49999999999998934,0.9474429487896785,0.0,0.4097576737403852,0.1174310227768634,0.9474429487896785,0.9474429487896785,0.9474429487896785,0.9474429487896785,0.9474429487896785,0.9474429487896785
