obs_gdp,obs_hours,obs_wages,obs_gdpdeflator,obs_corepce,obs_nominalrate,obs_consumption,obs_investment,obs_BBBspread,obs_longinflation,obs_longrate,obs_tfp,obs_gdi,obs_AAAspread,obs_nominalrate1,obs_nominalrate2,obs_nominalrate3,obs_nominalrate4,obs_nominalrate5,obs_nominalrate6
0.43180201460162326,-48.15447783993349,0.43180201460162326,0.4975558976502882,0.49999999999998934,0.9265483109233141,0.43180201460162326,0.43180201460162326,0.46891018374455795,0.49999999999998934,0.9265483109233141,0.0,0.43180201460162326,0.1174310227768634,0.9265483109233141,0.9265483109233141,0.9265483109233141,0.9265483109233141,0.9265483109233141,0.9265483109233141
