obs_gdp,obs_hours,obs_wages,obs_gdpdeflator,obs_corepce,obs_nominalrate,obs_consumption,obs_investment,obs_BBBspread,obs_longinflation,obs_longrate,obs_tfp,obs_gdi,obs_AAAspread,obs_nominalrate1,obs_nominalrate2,obs_nominalrate3,obs_nominalrate4,obs_nominalrate5,obs_nominalrate6
0.43745733260749375,-47.798890357666,0.43745733260749375,0.49766425709348594,0.49999999999998934,0.9320614630049961,0.43745733260749375,0.43745733260749375,0.46851026193096956,0.49999999999998934,0.9320614630049961,0.0,0.43745733260749375,0.1174310227768634,0.9320614630049961,0.9320614630049961,0.9320614630049961,0.9320614630049961,0.9320614630049961,0.9320614630049961
