obs_gdp,obs_hours,obs_wages,obs_gdpdeflator,obs_corepce,obs_nominalrate,obs_consumption,obs_investment,obs_BBBspread,obs_longinflation,obs_longrate,obs_tfp,obs_gdi,obs_AAAspread,obs_nominalrate1,obs_nominalrate2,obs_nominalrate3,obs_nominalrate4,obs_nominalrate5,obs_nominalrate6
0.4026690125465304,-47.288177490234375,0.4026690125465304,0.5039078476838661,0.49999999999998934,0.9201410630545803,0.4026690125465304,0.4026690125465304,0.45537494357036884,0.49999999999998934,0.9201410630545803,0.0,0.4026690125465304,0.1174310227768634,0.9201410630545803,0.9201410630545803,0.9201410630545803,0.9201410630545803,0.9201410630545803,0.9201410630545803
