obs_gdp,obs_hours,obs_wages,obs_gdpdeflator,obs_corepce,obs_nominalrate,obs_consumption,obs_investment,obs_BBBspread,obs_longinflation,obs_longrate,obs_tfp,obs_gdi,obs_AAAspread,obs_nominalrate1,obs_nominalrate2,obs_nominalrate3,obs_nominalrate4,obs_nominalrate5,obs_nominalrate6
0.4380627185269548,-47.74022248237161,0.4380627185269548,0.49793257891793336,0.49999999999998934,0.9307277619235776,0.4380627185269548,0.4380627185269548,0.4694396697143088,0.49999999999998934,0.9307277619235776,0.0,0.4380627185269548,0.1174310227768634,0.9307277619235776,0.9307277619235776,0.9307277619235776,0.9307277619235776,0.9307277619235776,0.9307277619235776
