obs_gdp,obs_hours,obs_wages,obs_gdpdeflator,obs_corepce,obs_nominalrate,obs_consumption,obs_investment,obs_BBBspread,obs_longinflation,obs_longrate,obs_tfp,obs_gdi,obs_AAAspread,obs_nominalrate1,obs_nominalrate2,obs_nominalrate3,obs_nominalrate4,obs_nominalrate5,obs_nominalrate6
0.4063858985900781,-47.17426681518555,0.4063858985900781,0.5018762078834591,0.49999999999998934,0.9383320448747678,0.4063858985900781,0.4063858985900781,0.45812615648708477,0.49999999999998934,0.9383320448747678,0.0,0.4063858985900781,0.1174310227768634,0.9383320448747678,0.9383320448747678,0.9383320448747678,0.9383320448747678,0.9383320448747678,0.9383320448747678
