obs_gdp,obs_hours,obs_wages,obs_gdpdeflator,obs_corepce,obs_nominalrate,obs_consumption,obs_investment,obs_BBBspread,obs_longinflation,obs_longrate,obs_tfp,obs_gdi,obs_AAAspread,obs_nominalrate1,obs_nominalrate2,obs_nominalrate3,obs_nominalrate4,obs_nominalrate5,obs_nominalrate6
0.41478598117827836,-46.81441879272461,0.41478598117827836,0.5062954491004241,0.49999999999998934,0.9339808228390645,0.41478598117827836,0.41478598117827836,0.45514085217555517,0.49999999999998934,0.9339808228390645,0.0,0.41478598117827836,0.1174310227768634,0.9339808228390645,0.9339808228390645,0.9339808228390645,0.9339808228390645,0.9339808228390645,0.9339808228390645
