obs_gdp,obs_hours,obs_wages,obs_gdpdeflator,obs_corepce,obs_nominalrate,obs_consumption,obs_investment,obs_BBBspread,obs_longinflation,obs_longrate,obs_tfp,obs_gdi,obs_AAAspread,obs_nominalrate1,obs_nominalrate2,obs_nominalrate3,obs_nominalrate4,obs_nominalrate5,obs_nominalrate6
0.42376843117784,-48.789294512249434,0.42376843117784,0.49799890152809734,0.49999999999998934,0.9156827903830544,0.42376843117784,0.42376843117784,0.47029247232558935,0.49999999999998934,0.9156827903830544,0.0,0.42376843117784,0.1174310227768634,0.9156827903830544,0.9156827903830544,0.9156827903830544,0.9156827903830544,0.9156827903830544,0.9156827903830544
