obs_gdp,obs_hours,obs_wages,obs_gdpdeflator,obs_corepce,obs_nominalrate,obs_consumption,obs_investment,obs_BBBspread,obs_longinflation,obs_longrate,obs_tfp,obs_gdi,obs_AAAspread,obs_nominalrate1,obs_nominalrate2,obs_nominalrate3,obs_nominalrate4,obs_nominalrate5,obs_nominalrate6
0.4232604801654771,-46.63728332519531,0.4232604801654771,0.5154937300830973,0.49999999999998934,0.9640131857383993,0.4232604801654771,0.4232604801654771,0.4407709730922918,0.49999999999998934,0.9640131857383993,0.0,0.4232604801654771,0.1174310227768634,0.9640131857383993,0.9640131857383993,0.9640131857383993,0.9640131857383993,0.9640131857383993,0.9640131857383993
