obs_gdp,obs_hours,obs_wages,obs_gdpdeflator,obs_corepce,obs_nominalrate,obs_consumption,obs_investment,obs_BBBspread,obs_longinflation,obs_longrate,obs_tfp,obs_gdi,obs_AAAspread,obs_nominalrate1,obs_nominalrate2,obs_nominalrate3,obs_nominalrate4,obs_nominalrate5,obs_nominalrate6
0.4128533932568512,-49.54839747205576,0.4128533932568512,0.4986000193173516,0.49999999999998934,0.9018300599736628,0.4128533932568512,0.4128533932568512,0.4726147814135591,0.49999999999998934,0.9018300599736628,0.0,0.4128533932568512,0.1174310227768634,0.9018300599736628,0.9018300599736628,0.9018300599736628,0.9018300599736628,0.9018300599736628,0.9018300599736628
