obs_gdp,obs_hours,obs_wages,obs_gdpdeflator,obs_corepce,obs_nominalrate,obs_consumption,obs_investment,obs_BBBspread,obs_longinflation,obs_longrate,obs_tfp,obs_gdi,obs_AAAspread,obs_nominalrate1,obs_nominalrate2,obs_nominalrate3,obs_nominalrate4,obs_nominalrate5,obs_nominalrate6
0.4196867048740449,-46.60050582885742,0.4196867048740449,0.5163057427853239,0.49999999999998934,0.9603248614547866,0.4196867048740449,0.4196867048740449,0.4391351054568378,0.49999999999998934,0.9603248614547866,0.0,0.4196867048740449,0.1174310227768634,0.9603248614547866,0.9603248614547866,0.9603248614547866,0.9603248614547866,0.9603248614547866,0.9603248614547866
