obs_gdp,obs_hours,obs_wages,obs_gdpdeflator,obs_corepce,obs_nominalrate,obs_consumption,obs_investment,obs_BBBspread,obs_longinflation,obs_longrate,obs_tfp,obs_gdi,obs_AAAspread,obs_nominalrate1,obs_nominalrate2,obs_nominalrate3,obs_nominalrate4,obs_nominalrate5,obs_nominalrate6
0.4149797528004928,-49.39627377198532,0.4149797528004928,0.49857058753443473,0.49999999999998934,0.9042286221982554,0.4149797528004928,0.4149797528004928,0.4725780415391652,0.49999999999998934,0.9042286221982554,0.0,0.4149797528004928,0.1174310227768634,0.9042286221982554,0.9042286221982554,0.9042286221982554,0.9042286221982554,0.9042286221982554,0.9042286221982554
