obs_gdp,obs_hours,obs_wages,obs_gdpdeflator,obs_corepce,obs_nominalrate,obs_consumption,obs_investment,obs_BBBspread,obs_longinflation,obs_longrate,obs_tfp,obs_gdi,obs_AAAspread,obs_nominalrate1,obs_nominalrate2,obs_nominalrate3,obs_nominalrate4,obs_nominalrate5,obs_nominalrate6
0.4254974026310254,-48.64487707854049,0.4254974026310254,0.4979878981117239,0.49999999999998934,0.9131083665762096,0.4254974026310254,0.4254974026310254,0.47132583801547,0.49999999999998934,0.9131083665762096,0.0,0.4254974026310254,0.1174310227768634,0.9131083665762096,0.9131083665762096,0.9131083665762096,0.9131083665762096,0.9131083665762096,0.9131083665762096
