obs_gdp,obs_hours,obs_wages,obs_gdpdeflator,obs_corepce,obs_nominalrate,obs_consumption,obs_investment,obs_BBBspread,obs_longinflation,obs_longrate,obs_tfp,obs_gdi,obs_AAAspread,obs_nominalrate1,obs_nominalrate2,obs_nominalrate3,obs_nominalrate4,obs_nominalrate5,obs_nominalrate6
0.42441664357615316,-48.7068541282872,0.42441664357615316,0.4978953174048562,0.49999999999998934,0.9120887195152694,0.42441664357615316,0.42441664357615316,0.47140197015104873,0.49999999999998934,0.9120887195152694,0.0,0.42441664357615316,0.1174310227768634,0.9120887195152694,0.9120887195152694,0.9120887195152694,0.9120887195152694,0.9120887195152694,0.9120887195152694
