obs_gdp,obs_hours,obs_wages,obs_gdpdeflator,obs_corepce,obs_nominalrate,obs_consumption,obs_investment,obs_BBBspread,obs_longinflation,obs_longrate,obs_tfp,obs_gdi,obs_AAAspread,obs_nominalrate1,obs_nominalrate2,obs_nominalrate3,obs_nominalrate4,obs_nominalrate5,obs_nominalrate6
0.41560345888138617,-46.919227600097656,0.41560345888138617,0.520047036930908,0.49999999999998934,0.9876487568456049,0.41560345888138617,0.41560345888138617,0.43285838491389056,0.49999999999998934,0.9876487568456049,0.0,0.41560345888138617,0.1174310227768634,0.9876487568456049,0.9876487568456049,0.9876487568456049,0.9876487568456049,0.9876487568456049,0.9876487568456049
