obs_gdp,obs_hours,obs_wages,obs_gdpdeflator,obs_corepce,obs_nominalrate,obs_consumption,obs_investment,obs_BBBspread,obs_longinflation,obs_longrate,obs_tfp,obs_gdi,obs_AAAspread,obs_nominalrate1,obs_nominalrate2,obs_nominalrate3,obs_nominalrate4,obs_nominalrate5,obs_nominalrate6
0.42306461930274875,-46.884971618652344,0.42306461930274875,0.5275687407702101,0.49999999999998934,0.972922121275599,0.42306461930274875,0.42306461930274875,0.43954417826745035,0.49999999999998934,0.972922121275599,0.0,0.42306461930274875,0.1174310227768634,0.972922121275599,0.972922121275599,0.972922121275599,0.972922121275599,0.972922121275599,0.972922121275599
