obs_gdp,obs_hours,obs_wages,obs_gdpdeflator,obs_corepce,obs_nominalrate,obs_consumption,obs_investment,obs_BBBspread,obs_longinflation,obs_longrate,obs_tfp,obs_gdi,obs_AAAspread,obs_nominalrate1,obs_nominalrate2,obs_nominalrate3,obs_nominalrate4,obs_nominalrate5,obs_nominalrate6
0.4139623641967738,-46.8364372253418,0.4139623641967738,0.5298986788838995,0.49999999999998934,0.9539500276836366,0.4139623641967738,0.4139623641967738,0.43979065703800374,0.49999999999998934,0.9539500276836366,0.0,0.4139623641967738,0.1174310227768634,0.9539500276836366,0.9539500276836366,0.9539500276836366,0.9539500276836366,0.9539500276836366,0.9539500276836366
