obs_gdp,obs_hours,obs_wages,obs_gdpdeflator,obs_corepce,obs_nominalrate,obs_consumption,obs_investment,obs_BBBspread,obs_longinflation,obs_longrate,obs_tfp,obs_gdi,obs_AAAspread,obs_nominalrate1,obs_nominalrate2,obs_nominalrate3,obs_nominalrate4,obs_nominalrate5,obs_nominalrate6
0.4413818701565875,-47.398070550137895,0.4413818701565875,0.49829451271516084,0.49999999999998934,0.9280259675946256,0.4413818701565875,0.4413818701565875,0.47135994897406036,0.49999999999998934,0.9280259675946256,0.0,0.4413818701565875,0.1174310227768634,0.9280259675946256,0.9280259675946256,0.9280259675946256,0.9280259675946256,0.9280259675946256,0.9280259675946256
