obs_gdp,obs_hours,obs_wages,obs_gdpdeflator,obs_corepce,obs_nominalrate,obs_consumption,obs_investment,obs_BBBspread,obs_longinflation,obs_longrate,obs_tfp,obs_gdi,obs_AAAspread,obs_nominalrate1,obs_nominalrate2,obs_nominalrate3,obs_nominalrate4,obs_nominalrate5,obs_nominalrate6
0.4116423428058624,-46.79924011230469,0.4116423428058624,0.5226961784064663,0.49999999999998934,0.9503616683311344,0.4116423428058624,0.4116423428058624,0.44318303290052435,0.49999999999998934,0.9503616683311344,0.0,0.4116423428058624,0.1174310227768634,0.9503616683311344,0.9503616683311344,0.9503616683311344,0.9503616683311344,0.9503616683311344,0.9503616683311344
