obs_gdp,obs_hours,obs_wages,obs_gdpdeflator,obs_corepce,obs_nominalrate,obs_consumption,obs_investment,obs_BBBspread,obs_longinflation,obs_longrate,obs_tfp,obs_gdi,obs_AAAspread,obs_nominalrate1,obs_nominalrate2,obs_nominalrate3,obs_nominalrate4,obs_nominalrate5,obs_nominalrate6
0.41350248456000216,-46.671268463134766,0.41350248456000216,0.5258179865777386,0.49999999999998934,0.9830638498351085,0.41350248456000216,0.41350248456000216,0.44334285534837653,0.49999999999998934,0.9830638498351085,0.0,0.41350248456000216,0.1174310227768634,0.9830638498351085,0.9830638498351085,0.9830638498351085,0.9830638498351085,0.9830638498351085,0.9830638498351085
