obs_gdp,obs_hours,obs_wages,obs_gdpdeflator,obs_corepce,obs_nominalrate,obs_consumption,obs_investment,obs_BBBspread,obs_longinflation,obs_longrate,obs_tfp,obs_gdi,obs_AAAspread,obs_nominalrate1,obs_nominalrate2,obs_nominalrate3,obs_nominalrate4,obs_nominalrate5,obs_nominalrate6
0.39775111092739124,-49.34303372766477,0.39775111092739124,0.4941397854708715,0.49999999999998934,0.8853938621471658,0.39775111092739124,0.39775111092739124,0.47133536663920117,0.49999999999998934,0.8853938621471658,0.0,0.39775111092739124,0.1174310227768634,0.8853938621471658,0.8853938621471658,0.8853938621471658,0.8853938621471658,0.8853938621471658,0.8853938621471658
