obs_gdp,obs_hours,obs_wages,obs_gdpdeflator,obs_corepce,obs_nominalrate,obs_consumption,obs_investment,obs_BBBspread,obs_longinflation,obs_longrate,obs_tfp,obs_gdi,obs_AAAspread,obs_nominalrate1,obs_nominalrate2,obs_nominalrate3,obs_nominalrate4,obs_nominalrate5,obs_nominalrate6
0.3783977329731014,-47.80661392211914,0.3783977329731014,0.5351179242133988,0.49999999999998934,0.8755198425295374,0.3783977329731014,0.3783977329731014,0.48432641301631146,0.49999999999998934,0.8755198425295374,0.0,0.3783977329731014,0.1174310227768634,0.8755198425295374,0.8755198425295374,0.8755198425295374,0.8755198425295374,0.8755198425295374,0.8755198425295374
