obs_gdp,obs_hours,obs_wages,obs_gdpdeflator,obs_corepce,obs_nominalrate,obs_consumption,obs_investment,obs_BBBspread,obs_longinflation,obs_longrate,obs_tfp,obs_gdi,obs_AAAspread,obs_nominalrate1,obs_nominalrate2,obs_nominalrate3,obs_nominalrate4,obs_nominalrate5,obs_nominalrate6
0.429055472021167,-47.33786426783558,0.429055472021167,0.4943431076920624,0.49999999999998934,0.9262196709147741,0.429055472021167,0.429055472021167,0.4652624450888401,0.49999999999998934,0.9262196709147741,0.0,0.429055472021167,0.1174310227768634,0.9262196709147741,0.9262196709147741,0.9262196709147741,0.9262196709147741,0.9262196709147741,0.9262196709147741
