variable,mean,min,median,max,nmissing,eltype
b_liqp_sh,0.990609463013902,0.9636067832954721,0.9916690145164584,0.9987484011344889,0,Float64
