variable,mean,min,median,max,nmissing,eltype
π_star_sh,-0.036460027333842925,-0.9899873905584211,-0.13141338088814236,0.9877985279307041,0,Float64
