variable,mean,min,median,max,nmissing,eltype
σ_ω_sh,0.6322016169362298,0.15366798230054116,0.6433167639710956,0.8853438575050044,0,Float64
