variable,mean,min,median,max,nmissing,eltype
rm_shl1,0.005809138679324124,-0.5609328304131549,-0.09425009239646048,0.554599538647235,0,Float64
