variable,mean,min,median,max,nmissing,eltype
rm_shl3,-0.009059842171776,-0.4713565849674268,-0.010608356709424449,0.31106016372437867,0,Float64
