variable,mean,min,median,max,nmissing,eltype
b_safep_sh,0.9888703694923988,0.9505563120002292,0.9901756796895634,0.9985723477573033,0,Float64
