variable,mean,min,median,max,nmissing,eltype
rm_sh,-0.0003543752554209988,-0.8320200223440901,0.04865560778887004,0.872497003837886,0,Float64
