variable,mean,min,median,max,nmissing,eltype
λ_w_sh,0.0029812605412374523,-0.9936137747125163,0.08210826516661729,0.9962251024225827,0,Float64
