variable,mean,min,median,max,nmissing,eltype
rm_shl2,0.021405590121145842,-0.4235008836754295,0.04646612826557962,0.396782266047283,0,Float64
