variable,mean,min,median,max,nmissing,eltype
rm_shl3,0.02922305299479287,-0.37815892537013496,0.02662430880618728,0.4386927353532821,0,Float64
