variable,mean,min,median,max,nmissing,eltype
rm_shl5,-0.01062647683779758,-0.46104682437697747,-0.008950790812429974,0.40731452763501946,0,Float64
