variable,mean,min,median,max,nmissing,eltype
rm_shl1,0.012138451152234709,-0.6204326263025747,0.05878809700808432,0.5997604242219936,0,Float64
