variable,mean,min,median,max,nmissing,eltype
rm_shl5,0.030687052053908447,-0.4562100044873211,0.018814010215801376,0.6799476742271944,0,Float64
