variable,mean,min,median,max,nmissing,eltype
b_safetil_sh,0.905240173757997,0.8900689649271909,0.9055174535473962,0.9257789169065445,0,Float64
