variable,mean,min,median,max,nmissing,eltype
z_sh,0.7585262845271603,0.6341372681859918,0.7568509847139251,0.9082323241041003,0,Float64
