variable,mean,min,median,max,nmissing,eltype
π_star_sh,0.026955597201827976,-0.9961752970423879,0.17661210652200307,0.9884406395670421,0,Float64
