variable,mean,min,median,max,nmissing,eltype
λ_f_sh,-0.005802046241211969,-0.9696120473204061,-0.024947775602466596,0.9903763831463221,0,Float64
