variable,mean,min,median,max,nmissing,eltype
rm_shl4,-0.009881693992050612,-0.4554644381085308,-0.007997050275029751,0.3575156991578777,0,Float64
