variable,mean,min,median,max,nmissing,eltype
rm_shl4,0.031881541679086516,-0.4170128632140802,0.01836574590551896,0.5865288855004637,0,Float64
