variable,mean,min,median,max,nmissing,eltype
λ_w_sh,0.0750639764688077,-0.9842860628921403,0.32683225272574756,0.9940303780192259,0,Float64
