variable,mean,min,median,max,nmissing,eltype
zp_sh,-0.8736220472791992,-0.9883430881547691,-0.8907849819233278,-0.2705242581740782,0,Float64
