variable,mean,min,median,max,nmissing,eltype
b_safetil_sh,0.7353238105968708,0.3942037219132866,0.7428443201476741,0.8827289467283649,0,Float64
