variable,mean,min,median,max,nmissing,eltype
b_liqtil_sh,0.9522148342577964,0.9193925776818482,0.9526897720746466,0.9797499608507381,0,Float64
