variable,mean,min,median,max,nmissing,eltype
μ_sh,-0.642944185580904,-0.8655199238226573,-0.6661889893736621,0.7010963405746968,0,Float64
