variable,mean,min,median,max,nmissing,eltype
b_safep_sh,0.9905872541839712,0.9537813420571476,0.9915885057774465,0.9988373959548669,0,Float64
