variable,mean,min,median,max,nmissing,eltype
z_sh,0.8367685383546497,0.4942058627857353,0.841210510192439,0.9401230959266821,0,Float64
