variable,mean,min,median,max,nmissing,eltype
b_liqtil_sh,0.9450167863220984,0.90651212262381,0.9452949006918356,0.9737839486714336,0,Float64
