variable,mean,min,median,max,nmissing,eltype
μ_sh,-0.6554203124460479,-0.831159652133481,-0.6539662853982229,-0.5109371651479347,0,Float64
